timestamp_unix,topic,value
1779724803.896,/benchmark/inference_ms,32.785957
1779724803.953,/benchmark/inference_ms,32.839428
1779724804.011,/benchmark/inference_ms,36.596195
1779724804.067,/benchmark/inference_ms,34.722916
1779724804.121,/benchmark/inference_ms,32.409973
1779724804.175,/benchmark/inference_ms,32.746696
1779724804.229,/benchmark/inference_ms,32.777863
1779724804.283,/benchmark/inference_ms,32.240986
1779724804.338,/benchmark/inference_ms,33.213943
1779724804.389,/benchmark/inference_ms,30.748718
1779724804.441,/benchmark/inference_ms,31.422680
1779724804.494,/benchmark/inference_ms,31.088484
1779724804.545,/benchmark/inference_ms,32.562832
1779724804.596,/benchmark/inference_ms,30.794893
1779724804.648,/benchmark/inference_ms,31.523924
1779724804.701,/benchmark/inference_ms,32.724682
1779724804.755,/benchmark/inference_ms,32.149181
1779724804.807,/benchmark/inference_ms,32.335896
1779724804.858,/benchmark/inference_ms,31.416662
1779724804.913,/benchmark/inference_ms,32.809383
1779724804.965,/benchmark/inference_ms,32.207355
1779724805.018,/benchmark/inference_ms,31.547316
1779724805.070,/benchmark/inference_ms,32.501968
1779724805.124,/benchmark/inference_ms,32.549358
1779724805.174,/benchmark/inference_ms,30.864426
1779724805.224,/benchmark/inference_ms,32.263546
1779724805.276,/benchmark/inference_ms,30.965767
1779724805.329,/benchmark/inference_ms,32.690571
1779724805.381,/benchmark/inference_ms,32.375286
1779724805.431,/benchmark/inference_ms,31.900421
1779724805.481,/benchmark/inference_ms,32.006435
1779724805.534,/benchmark/inference_ms,32.084896
1779724805.583,/benchmark/inference_ms,30.915497
1779724805.637,/benchmark/inference_ms,33.040894
1779724805.691,/benchmark/inference_ms,32.640171
1779724805.745,/benchmark/inference_ms,32.759850
1779724805.799,/benchmark/inference_ms,32.369045
1779724805.852,/benchmark/inference_ms,32.342007
1779724805.904,/benchmark/inference_ms,32.717739
1779724805.957,/benchmark/inference_ms,30.916008
1779724806.009,/benchmark/inference_ms,32.263096
1779724806.061,/benchmark/inference_ms,31.379448
1779724806.114,/benchmark/inference_ms,31.388922
1779724806.167,/benchmark/inference_ms,31.252893
1779724806.220,/benchmark/inference_ms,32.251003
1779724806.273,/benchmark/inference_ms,32.796295
1779724806.327,/benchmark/inference_ms,32.494675
1779724806.380,/benchmark/inference_ms,32.401237
1779724806.432,/benchmark/inference_ms,32.131039
1779724806.484,/benchmark/inference_ms,33.057758
1779724806.533,/benchmark/inference_ms,28.679831
1779724806.585,/benchmark/inference_ms,30.857067
1779724806.635,/benchmark/inference_ms,32.029602
1779724806.686,/benchmark/inference_ms,32.080318
1779724806.739,/benchmark/inference_ms,31.490454
1779724806.791,/benchmark/inference_ms,31.007910
1779724806.840,/benchmark/inference_ms,31.819208
1779724806.893,/benchmark/inference_ms,31.652943
1779724806.943,/benchmark/inference_ms,32.013924
1779724806.991,/benchmark/inference_ms,29.045866
1779724807.045,/benchmark/inference_ms,31.784140
1779724807.094,/benchmark/inference_ms,31.966404
1779724807.149,/benchmark/inference_ms,32.732681
1779724807.201,/benchmark/inference_ms,32.132416
1779724807.253,/benchmark/inference_ms,32.027779
1779724807.307,/benchmark/inference_ms,32.416660
1779724807.358,/benchmark/inference_ms,32.490993
1779724807.409,/benchmark/inference_ms,32.092861
1779724807.463,/benchmark/inference_ms,32.565006
1779724807.513,/benchmark/inference_ms,31.321211
1779724807.565,/benchmark/inference_ms,31.092291
1779724807.620,/benchmark/inference_ms,30.905737
1779724807.661,/benchmark/inference_ms,25.033142
1779724807.714,/benchmark/inference_ms,31.484982
1779724807.765,/benchmark/inference_ms,30.836941
1779724807.820,/benchmark/inference_ms,32.742283
1779724807.872,/benchmark/inference_ms,32.982819
1779724807.925,/benchmark/inference_ms,32.025124
1779724807.978,/benchmark/inference_ms,32.368183
1779724808.031,/benchmark/inference_ms,32.159775
1779724808.084,/benchmark/inference_ms,31.851591
1779724808.131,/benchmark/inference_ms,28.190281
1779724808.182,/benchmark/inference_ms,31.936260
1779724808.235,/benchmark/inference_ms,31.889734
1779724808.287,/benchmark/inference_ms,32.066849
1779724808.336,/benchmark/inference_ms,31.880550
1779724808.390,/benchmark/inference_ms,31.236094
1779724808.438,/benchmark/inference_ms,31.818026
1779724808.490,/benchmark/inference_ms,31.517427
1779724808.543,/benchmark/inference_ms,31.706989
1779724808.589,/benchmark/inference_ms,28.044876
1779724808.641,/benchmark/inference_ms,32.119774
1779724808.695,/benchmark/inference_ms,32.118401
1779724808.743,/benchmark/inference_ms,31.946373
1779724808.797,/benchmark/inference_ms,32.909603
1779724808.851,/benchmark/inference_ms,32.248665
1779724808.902,/benchmark/inference_ms,32.438450
1779724808.955,/benchmark/inference_ms,32.498096
1779724809.008,/benchmark/inference_ms,33.078716
1779724809.062,/benchmark/inference_ms,31.546835
1779724809.110,/benchmark/inference_ms,31.992163
1779724809.162,/benchmark/inference_ms,32.028770
1779724809.213,/benchmark/inference_ms,31.653934
1779724809.261,/benchmark/inference_ms,28.551258
1779724809.314,/benchmark/inference_ms,31.075426
1779724809.363,/benchmark/inference_ms,32.151676
1779724809.414,/benchmark/inference_ms,31.791115
1779724809.468,/benchmark/inference_ms,32.647469
1779724809.522,/benchmark/inference_ms,32.216026
1779724809.576,/benchmark/inference_ms,32.378487
1779724809.629,/benchmark/inference_ms,32.642029
1779724809.680,/benchmark/inference_ms,32.873638
1779724809.731,/benchmark/inference_ms,29.654036
1779724809.784,/benchmark/inference_ms,32.565903
1779724809.834,/benchmark/inference_ms,30.884233
1779724809.885,/benchmark/inference_ms,32.017410
1779724809.939,/benchmark/inference_ms,32.043457
1779724809.992,/benchmark/inference_ms,32.827301
1779724810.045,/benchmark/inference_ms,32.733097
1779724810.097,/benchmark/inference_ms,32.544304
1779724810.153,/benchmark/inference_ms,32.001060
1779724810.202,/benchmark/inference_ms,32.787655
1779724810.268,/benchmark/inference_ms,31.459829
1779724810.309,/benchmark/inference_ms,32.674572
1779724810.361,/benchmark/inference_ms,31.083490
1779724810.412,/benchmark/inference_ms,29.530041
1779724810.464,/benchmark/inference_ms,32.241341
1779724810.516,/benchmark/inference_ms,33.097851
1779724810.571,/benchmark/inference_ms,32.549774
1779724810.623,/benchmark/inference_ms,31.692719
1779724810.674,/benchmark/inference_ms,32.512882
1779724810.728,/benchmark/inference_ms,32.795143
1779724810.782,/benchmark/inference_ms,32.646767
1779724810.835,/benchmark/inference_ms,31.322939
1779724810.889,/benchmark/inference_ms,31.666351
1779724810.939,/benchmark/inference_ms,33.358837
1779724810.990,/benchmark/inference_ms,31.015909
1779724811.043,/benchmark/inference_ms,31.635984
1779724811.093,/benchmark/inference_ms,30.807629
1779724811.147,/benchmark/inference_ms,30.871531
1779724811.195,/benchmark/inference_ms,31.304827
1779724811.250,/benchmark/inference_ms,31.751757
1779724811.298,/benchmark/inference_ms,31.204384
1779724811.351,/benchmark/inference_ms,32.624844
1779724811.404,/benchmark/inference_ms,32.986145
1779724811.458,/benchmark/inference_ms,31.016678
1779724811.511,/benchmark/inference_ms,32.918499
1779724811.556,/benchmark/inference_ms,28.728117
1779724811.607,/benchmark/inference_ms,31.831017
1779724811.661,/benchmark/inference_ms,32.042435
1779724811.711,/benchmark/inference_ms,31.784681
1779724811.764,/benchmark/inference_ms,33.178680
1779724811.818,/benchmark/inference_ms,32.888420
1779724811.871,/benchmark/inference_ms,32.635117
1779724811.922,/benchmark/inference_ms,31.668365
1779724811.977,/benchmark/inference_ms,32.847687
1779724812.028,/benchmark/inference_ms,30.762798
1779724812.081,/benchmark/inference_ms,31.073380
1779724812.130,/benchmark/inference_ms,32.092930
1779724812.183,/benchmark/inference_ms,32.356758
1779724812.228,/benchmark/inference_ms,25.285997
1779724812.280,/benchmark/inference_ms,32.502544
1779724812.331,/benchmark/inference_ms,31.648207
1779724812.382,/benchmark/inference_ms,31.504662
1779724812.433,/benchmark/inference_ms,31.264477
1779724812.487,/benchmark/inference_ms,33.126717
1779724812.540,/benchmark/inference_ms,32.731243
1779724812.592,/benchmark/inference_ms,31.550226
1779724812.644,/benchmark/inference_ms,31.842089
1779724812.685,/benchmark/inference_ms,24.914459
1779724812.740,/benchmark/inference_ms,32.707657
1779724812.793,/benchmark/inference_ms,31.196129
1779724812.845,/benchmark/inference_ms,31.388056
1779724812.901,/benchmark/inference_ms,32.495186
1779724812.949,/benchmark/inference_ms,31.309435
1779724813.002,/benchmark/inference_ms,32.365910
1779724813.056,/benchmark/inference_ms,32.858311
1779724813.109,/benchmark/inference_ms,31.848871
1779724813.160,/benchmark/inference_ms,31.404408
1779724813.212,/benchmark/inference_ms,32.634796
1779724813.266,/benchmark/inference_ms,33.014786
1779724813.317,/benchmark/inference_ms,31.738604
1779724813.369,/benchmark/inference_ms,31.605743
1779724813.422,/benchmark/inference_ms,32.276119
1779724813.476,/benchmark/inference_ms,32.388695
1779724813.531,/benchmark/inference_ms,32.683849
1779724813.582,/benchmark/inference_ms,32.464241
1779724813.635,/benchmark/inference_ms,31.204351
1779724813.689,/benchmark/inference_ms,32.032036
1779724813.739,/benchmark/inference_ms,31.027493
1779724813.790,/benchmark/inference_ms,31.659246
1779724813.837,/benchmark/inference_ms,27.837139
1779724813.889,/benchmark/inference_ms,31.657583
1779724813.943,/benchmark/inference_ms,32.996735
1779724813.995,/benchmark/inference_ms,32.878212
1779724814.050,/benchmark/inference_ms,32.829189
1779724814.103,/benchmark/inference_ms,32.833702
1779724814.155,/benchmark/inference_ms,31.881384
1779724814.208,/benchmark/inference_ms,33.089180
1779724814.261,/benchmark/inference_ms,32.269787
1779724814.315,/benchmark/inference_ms,32.539089
1779724814.365,/benchmark/inference_ms,31.696430
1779724814.418,/benchmark/inference_ms,32.462002
1779724814.472,/benchmark/inference_ms,32.249596
1779724814.518,/benchmark/inference_ms,27.381092
1779724814.571,/benchmark/inference_ms,32.057442
1779724814.625,/benchmark/inference_ms,32.598541
1779724814.678,/benchmark/inference_ms,32.318329
1779724814.732,/benchmark/inference_ms,32.272251
1779724814.783,/benchmark/inference_ms,31.768715
1779724814.836,/benchmark/inference_ms,32.859428
1779724814.890,/benchmark/inference_ms,31.813801
1779724814.941,/benchmark/inference_ms,31.819050
1779724814.991,/benchmark/inference_ms,30.512440
1779724815.045,/benchmark/inference_ms,32.050690
1779724815.097,/benchmark/inference_ms,31.028805
1779724815.147,/benchmark/inference_ms,31.171265
1779724815.200,/benchmark/inference_ms,31.534195
1779724815.253,/benchmark/inference_ms,31.496693
1779724815.306,/benchmark/inference_ms,32.990593
1779724815.358,/benchmark/inference_ms,32.552975
1779724815.409,/benchmark/inference_ms,31.642416
1779724815.462,/benchmark/inference_ms,31.558929
1779724815.515,/benchmark/inference_ms,31.394840
1779724815.567,/benchmark/inference_ms,32.668842
1779724815.619,/benchmark/inference_ms,33.259510
1779724815.666,/benchmark/inference_ms,26.139025
1779724815.720,/benchmark/inference_ms,32.988289
1779724815.771,/benchmark/inference_ms,32.715881
1779724815.826,/benchmark/inference_ms,32.983746
1779724815.880,/benchmark/inference_ms,32.772362
1779724815.930,/benchmark/inference_ms,30.980871
1779724815.981,/benchmark/inference_ms,31.402905
1779724816.034,/benchmark/inference_ms,31.710733
1779724816.084,/benchmark/inference_ms,31.994627
1779724816.133,/benchmark/inference_ms,28.941294
1779724816.185,/benchmark/inference_ms,32.057186
1779724816.238,/benchmark/inference_ms,32.074207
1779724816.286,/benchmark/inference_ms,31.826921
1779724816.339,/benchmark/inference_ms,32.239708
1779724816.391,/benchmark/inference_ms,32.452309
1779724816.442,/benchmark/inference_ms,32.971104
1779724816.495,/benchmark/inference_ms,32.982529
1779724816.550,/benchmark/inference_ms,32.698826
1779724816.594,/benchmark/inference_ms,24.658564
1779724816.649,/benchmark/inference_ms,32.662251
1779724816.701,/benchmark/inference_ms,32.155388
1779724816.752,/benchmark/inference_ms,31.487989
1779724816.803,/benchmark/inference_ms,31.525555
1779724816.857,/benchmark/inference_ms,32.566990
1779724816.906,/benchmark/inference_ms,31.206270
1779724816.958,/benchmark/inference_ms,31.324602
1779724817.010,/benchmark/inference_ms,31.205887
1779724817.057,/benchmark/inference_ms,27.055183
1779724817.109,/benchmark/inference_ms,31.886278
1779724817.162,/benchmark/inference_ms,31.982115
1779724817.215,/benchmark/inference_ms,31.580786
1779724817.268,/benchmark/inference_ms,33.118683
1779724817.320,/benchmark/inference_ms,31.855688
1779724817.372,/benchmark/inference_ms,32.090942
1779724817.425,/benchmark/inference_ms,32.013409
1779724817.478,/benchmark/inference_ms,32.429588
1779724817.528,/benchmark/inference_ms,28.981260
1779724817.582,/benchmark/inference_ms,32.710922
1779724817.635,/benchmark/inference_ms,31.712524
1779724817.684,/benchmark/inference_ms,31.932133
1779724817.737,/benchmark/inference_ms,32.583183
1779724817.788,/benchmark/inference_ms,31.327803
1779724817.843,/benchmark/inference_ms,32.465427
1779724817.902,/benchmark/inference_ms,32.343830
1779724817.947,/benchmark/inference_ms,31.353626
1779724818.002,/benchmark/inference_ms,33.589516
1779724818.057,/benchmark/inference_ms,33.228729
1779724818.110,/benchmark/inference_ms,32.692684
1779724818.164,/benchmark/inference_ms,31.730476
1779724818.206,/benchmark/inference_ms,23.997723
1779724818.258,/benchmark/inference_ms,32.235256
1779724818.311,/benchmark/inference_ms,31.926182
1779724818.361,/benchmark/inference_ms,31.760237
1779724818.413,/benchmark/inference_ms,33.079582
1779724818.467,/benchmark/inference_ms,31.767851
1779724818.521,/benchmark/inference_ms,32.435379
1779724818.575,/benchmark/inference_ms,32.420502
1779724818.625,/benchmark/inference_ms,31.868839
1779724818.674,/benchmark/inference_ms,28.689430
1779724818.729,/benchmark/inference_ms,31.965252
1779724818.781,/benchmark/inference_ms,32.611790
1779724818.832,/benchmark/inference_ms,31.932999
1779724818.885,/benchmark/inference_ms,33.016514
1779724818.939,/benchmark/inference_ms,32.843719
1779724818.994,/benchmark/inference_ms,32.550640
1779724819.047,/benchmark/inference_ms,33.145245
1779724819.099,/benchmark/inference_ms,32.770889
1779724819.151,/benchmark/inference_ms,31.593809
1779724819.202,/benchmark/inference_ms,31.695534
1779724819.254,/benchmark/inference_ms,30.954344
1779724819.307,/benchmark/inference_ms,31.535988
1779724819.356,/benchmark/inference_ms,32.052132
1779724819.409,/benchmark/inference_ms,32.211868
1779724819.462,/benchmark/inference_ms,32.663918
1779724819.514,/benchmark/inference_ms,31.638449
1779724819.566,/benchmark/inference_ms,32.615662
1779724819.619,/benchmark/inference_ms,31.868231
1779724819.672,/benchmark/inference_ms,32.845253
1779724819.726,/benchmark/inference_ms,32.424595
1779724819.780,/benchmark/inference_ms,32.322105
1779724819.827,/benchmark/inference_ms,26.044371
1779724819.878,/benchmark/inference_ms,31.550386
1779724819.930,/benchmark/inference_ms,31.965317
1779724819.981,/benchmark/inference_ms,31.860296
1779724820.035,/benchmark/inference_ms,33.107132
1779724820.088,/benchmark/inference_ms,32.505234
1779724820.141,/benchmark/inference_ms,30.995335
1779724820.193,/benchmark/inference_ms,31.944164
1779724820.259,/benchmark/inference_ms,31.905830
1779724820.291,/benchmark/inference_ms,27.022961
1779724820.343,/benchmark/inference_ms,32.798855
1779724820.401,/benchmark/inference_ms,31.857512
1779724820.449,/benchmark/inference_ms,32.002819
1779724820.501,/benchmark/inference_ms,32.071617
1779724820.555,/benchmark/inference_ms,31.901255
1779724820.608,/benchmark/inference_ms,30.936359
1779724820.657,/benchmark/inference_ms,31.194494
1779724820.711,/benchmark/inference_ms,32.938946
1779724820.760,/benchmark/inference_ms,29.515705
1779724820.813,/benchmark/inference_ms,32.431221
1779724820.867,/benchmark/inference_ms,32.251705
1779724820.918,/benchmark/inference_ms,31.938404
1779724820.971,/benchmark/inference_ms,32.163742
1779724821.022,/benchmark/inference_ms,32.056961
1779724821.077,/benchmark/inference_ms,31.232670
1779724821.129,/benchmark/inference_ms,32.469460
1779724821.177,/benchmark/inference_ms,32.721416
1779724821.225,/benchmark/inference_ms,28.606234
1779724821.279,/benchmark/inference_ms,32.772648
1779724821.332,/benchmark/inference_ms,32.669483
1779724821.385,/benchmark/inference_ms,32.309399
1779724821.437,/benchmark/inference_ms,30.903593
1779724821.491,/benchmark/inference_ms,32.035362
1779724821.545,/benchmark/inference_ms,32.893314
1779724821.596,/benchmark/inference_ms,32.443058
1779724821.651,/benchmark/inference_ms,32.529678
1779724821.703,/benchmark/inference_ms,32.709129
1779724821.756,/benchmark/inference_ms,32.905411
1779724821.809,/benchmark/inference_ms,32.170525
1779724821.862,/benchmark/inference_ms,32.036003
1779724821.913,/benchmark/inference_ms,28.831249
1779724821.964,/benchmark/inference_ms,32.427284
1779724822.019,/benchmark/inference_ms,32.994656
1779724822.071,/benchmark/inference_ms,32.810856
1779724822.125,/benchmark/inference_ms,32.020481
1779724822.174,/benchmark/inference_ms,32.484722
1779724822.227,/benchmark/inference_ms,32.401493
1779724822.280,/benchmark/inference_ms,31.592529
1779724822.332,/benchmark/inference_ms,32.476498
1779724822.379,/benchmark/inference_ms,28.042572
1779724822.432,/benchmark/inference_ms,32.846020
1779724822.485,/benchmark/inference_ms,32.569328
1779724822.540,/benchmark/inference_ms,32.690445
1779724822.592,/benchmark/inference_ms,31.130945
1779724822.643,/benchmark/inference_ms,32.110142
1779724822.697,/benchmark/inference_ms,31.856169
1779724822.748,/benchmark/inference_ms,32.786247
1779724822.802,/benchmark/inference_ms,32.669613
1779724822.854,/benchmark/inference_ms,32.060993
1779724822.905,/benchmark/inference_ms,31.224350
1779724822.958,/benchmark/inference_ms,32.684586
1779724823.012,/benchmark/inference_ms,32.061123
1779724823.059,/benchmark/inference_ms,27.864084
1779724823.113,/benchmark/inference_ms,32.554066
1779724823.163,/benchmark/inference_ms,31.218880
1779724823.215,/benchmark/inference_ms,31.168896
1779724823.266,/benchmark/inference_ms,31.737707
1779724823.320,/benchmark/inference_ms,31.484278
1779724823.373,/benchmark/inference_ms,32.629612
1779724823.427,/benchmark/inference_ms,32.120670
1779724823.479,/benchmark/inference_ms,31.892038
1779724823.523,/benchmark/inference_ms,25.017654
1779724823.577,/benchmark/inference_ms,32.203323
1779724823.629,/benchmark/inference_ms,32.109085
1779724823.683,/benchmark/inference_ms,32.586765
1779724823.737,/benchmark/inference_ms,32.008514
1779724823.790,/benchmark/inference_ms,31.752075
1779724823.843,/benchmark/inference_ms,32.952961
1779724823.895,/benchmark/inference_ms,31.815689
1779724823.949,/benchmark/inference_ms,32.687595
1779724823.995,/benchmark/inference_ms,27.053904
1779724824.048,/benchmark/inference_ms,32.367191
1779724824.101,/benchmark/inference_ms,32.677643
1779724824.155,/benchmark/inference_ms,32.077248
1779724824.208,/benchmark/inference_ms,32.162971
1779724824.260,/benchmark/inference_ms,32.314522
1779724824.311,/benchmark/inference_ms,30.962376
1779724824.364,/benchmark/inference_ms,31.362139
1779724824.414,/benchmark/inference_ms,31.257469
1779724824.461,/benchmark/inference_ms,27.841845
1779724824.513,/benchmark/inference_ms,31.690510
1779724824.563,/benchmark/inference_ms,31.935749
1779724824.617,/benchmark/inference_ms,33.321461
1779724824.672,/benchmark/inference_ms,32.653034
1779724824.724,/benchmark/inference_ms,32.661259
1779724824.777,/benchmark/inference_ms,32.417431
1779724824.830,/benchmark/inference_ms,32.069504
1779724824.880,/benchmark/inference_ms,32.191708
1779724824.930,/benchmark/inference_ms,28.765076
1779724824.982,/benchmark/inference_ms,32.332825
1779724825.036,/benchmark/inference_ms,31.208511
1779724825.088,/benchmark/inference_ms,32.233597
1779724825.140,/benchmark/inference_ms,31.962532
1779724825.191,/benchmark/inference_ms,31.350393
1779724825.243,/benchmark/inference_ms,30.808846
1779724825.294,/benchmark/inference_ms,32.387608
1779724825.349,/benchmark/inference_ms,32.676365
1779724825.401,/benchmark/inference_ms,30.769135
1779724825.453,/benchmark/inference_ms,31.088419
1779724825.505,/benchmark/inference_ms,30.883562
1779724825.556,/benchmark/inference_ms,32.421238
1779724825.607,/benchmark/inference_ms,31.563154
1779724825.659,/benchmark/inference_ms,31.319708
1779724825.710,/benchmark/inference_ms,30.798574
1779724825.763,/benchmark/inference_ms,32.742088
1779724825.817,/benchmark/inference_ms,32.648846
1779724825.870,/benchmark/inference_ms,31.232990
1779724825.920,/benchmark/inference_ms,30.975655
1779724825.973,/benchmark/inference_ms,32.704330
1779724826.027,/benchmark/inference_ms,32.874500
1779724826.075,/benchmark/inference_ms,28.624504
1779724826.128,/benchmark/inference_ms,32.382584
1779724826.178,/benchmark/inference_ms,31.802345
1779724826.232,/benchmark/inference_ms,32.869511
1779724826.286,/benchmark/inference_ms,32.725418
1779724826.339,/benchmark/inference_ms,31.904230
1779724826.388,/benchmark/inference_ms,31.964260
1779724826.440,/benchmark/inference_ms,32.404949
1779724826.493,/benchmark/inference_ms,32.352310
1779724826.542,/benchmark/inference_ms,31.477814
1779724826.596,/benchmark/inference_ms,31.781675
1779724826.648,/benchmark/inference_ms,31.265757
1779724826.697,/benchmark/inference_ms,31.375130
1779724826.750,/benchmark/inference_ms,32.453812
1779724826.803,/benchmark/inference_ms,31.310301
1779724826.856,/benchmark/inference_ms,32.196507
1779724826.907,/benchmark/inference_ms,31.139330
1779724826.960,/benchmark/inference_ms,33.189083
1779724827.012,/benchmark/inference_ms,29.581944
1779724827.061,/benchmark/inference_ms,31.936773
1779724827.113,/benchmark/inference_ms,31.786732
1779724827.164,/benchmark/inference_ms,31.756748
1779724827.215,/benchmark/inference_ms,31.814474
1779724827.263,/benchmark/inference_ms,28.346596
1779724827.316,/benchmark/inference_ms,32.412437
1779724827.367,/benchmark/inference_ms,32.235065
1779724827.419,/benchmark/inference_ms,31.811754
1779724827.472,/benchmark/inference_ms,31.338234
1779724827.524,/benchmark/inference_ms,32.538319
1779724827.578,/benchmark/inference_ms,32.916164
1779724827.631,/benchmark/inference_ms,32.117439
1779724827.684,/benchmark/inference_ms,31.991524
1779724827.736,/benchmark/inference_ms,31.317019
1779724827.789,/benchmark/inference_ms,31.739532
1779724827.838,/benchmark/inference_ms,31.669615
1779724827.893,/benchmark/inference_ms,33.242744
1779724827.943,/benchmark/inference_ms,29.795889
1779724827.995,/benchmark/inference_ms,31.734316
1779724828.049,/benchmark/inference_ms,32.688107
1779724828.104,/benchmark/inference_ms,33.015423
1779724828.157,/benchmark/inference_ms,31.664207
1779724828.209,/benchmark/inference_ms,32.550289
1779724828.262,/benchmark/inference_ms,32.400917
1779724828.315,/benchmark/inference_ms,32.289177
1779724828.367,/benchmark/inference_ms,32.690411
1779724828.412,/benchmark/inference_ms,24.290545
1779724828.465,/benchmark/inference_ms,32.249401
1779724828.517,/benchmark/inference_ms,31.602194
1779724828.569,/benchmark/inference_ms,31.243166
1779724828.622,/benchmark/inference_ms,33.166553
1779724828.675,/benchmark/inference_ms,32.126686
1779724828.727,/benchmark/inference_ms,32.817413
1779724828.781,/benchmark/inference_ms,32.857159
1779724828.833,/benchmark/inference_ms,31.685486
1779724828.877,/benchmark/inference_ms,24.537319
1779724828.928,/benchmark/inference_ms,32.117630
1779724828.983,/benchmark/inference_ms,31.121922
1779724829.034,/benchmark/inference_ms,32.505936
1779724829.085,/benchmark/inference_ms,31.761930
1779724829.137,/benchmark/inference_ms,31.138882
1779724829.187,/benchmark/inference_ms,31.650959
1779724829.238,/benchmark/inference_ms,31.129250
1779724829.289,/benchmark/inference_ms,31.696077
1779724829.343,/benchmark/inference_ms,32.492435
1779724829.401,/benchmark/inference_ms,31.344315
1779724829.452,/benchmark/inference_ms,32.862598
1779724829.504,/benchmark/inference_ms,31.971077
1779724829.556,/benchmark/inference_ms,32.696140
1779724829.609,/benchmark/inference_ms,31.377817
1779724829.660,/benchmark/inference_ms,32.698891
1779724829.714,/benchmark/inference_ms,32.382774
1779724829.766,/benchmark/inference_ms,31.654831
1779724829.812,/benchmark/inference_ms,26.750042
1779724829.864,/benchmark/inference_ms,31.651152
1779724829.917,/benchmark/inference_ms,32.920738
1779724829.970,/benchmark/inference_ms,31.771692
1779724830.022,/benchmark/inference_ms,33.422737
1779724830.077,/benchmark/inference_ms,32.406231
1779724830.127,/benchmark/inference_ms,31.833130
1779724830.179,/benchmark/inference_ms,31.761196
1779724830.232,/benchmark/inference_ms,33.215290
1779724830.279,/benchmark/inference_ms,27.805397
1779724830.332,/benchmark/inference_ms,31.828777
1779724830.384,/benchmark/inference_ms,32.440853
1779724830.438,/benchmark/inference_ms,33.054337
1779724830.491,/benchmark/inference_ms,32.750313
1779724830.544,/benchmark/inference_ms,32.225693
1779724830.598,/benchmark/inference_ms,32.382935
1779724830.648,/benchmark/inference_ms,31.670958
1779724830.700,/benchmark/inference_ms,31.376570
1779724830.747,/benchmark/inference_ms,26.819416
1779724830.798,/benchmark/inference_ms,31.467638
1779724830.849,/benchmark/inference_ms,31.514196
1779724830.903,/benchmark/inference_ms,31.968227
1779724830.955,/benchmark/inference_ms,32.972065
1779724831.008,/benchmark/inference_ms,32.329784
1779724831.064,/benchmark/inference_ms,32.335735
1779724831.114,/benchmark/inference_ms,32.027328
1779724831.170,/benchmark/inference_ms,32.556145
1779724831.216,/benchmark/inference_ms,29.157829
1779724831.269,/benchmark/inference_ms,32.512817
1779724831.323,/benchmark/inference_ms,32.014019
1779724831.375,/benchmark/inference_ms,31.453014
1779724831.426,/benchmark/inference_ms,31.823914
1779724831.476,/benchmark/inference_ms,31.285980
1779724831.530,/benchmark/inference_ms,32.144894
1779724831.582,/benchmark/inference_ms,31.587986
1779724831.634,/benchmark/inference_ms,32.974850
1779724831.687,/benchmark/inference_ms,28.909296
1779724831.739,/benchmark/inference_ms,31.150913
1779724831.792,/benchmark/inference_ms,32.751656
1779724831.845,/benchmark/inference_ms,32.392918
1779724831.898,/benchmark/inference_ms,31.866535
1779724831.946,/benchmark/inference_ms,31.690542
1779724831.999,/benchmark/inference_ms,32.425812
1779724832.053,/benchmark/inference_ms,32.399860
1779724832.103,/benchmark/inference_ms,31.802986
1779724832.153,/benchmark/inference_ms,29.704979
1779724832.207,/benchmark/inference_ms,32.910275
1779724832.259,/benchmark/inference_ms,32.408020
1779724832.310,/benchmark/inference_ms,31.137409
1779724832.364,/benchmark/inference_ms,32.751144
1779724832.414,/benchmark/inference_ms,31.106882
1779724832.467,/benchmark/inference_ms,31.547251
1779724832.519,/benchmark/inference_ms,32.240124
1779724832.574,/benchmark/inference_ms,32.610798
1779724832.622,/benchmark/inference_ms,30.249121
1779724832.674,/benchmark/inference_ms,31.487989
1779724832.728,/benchmark/inference_ms,32.371094
1779724832.779,/benchmark/inference_ms,32.064224
1779724832.833,/benchmark/inference_ms,33.025887
1779724832.886,/benchmark/inference_ms,32.284023
1779724832.939,/benchmark/inference_ms,32.127903
1779724832.991,/benchmark/inference_ms,32.020100
1779724833.043,/benchmark/inference_ms,31.977093
1779724833.092,/benchmark/inference_ms,30.277184
1779724833.144,/benchmark/inference_ms,31.758156
1779724833.198,/benchmark/inference_ms,32.312859
1779724833.251,/benchmark/inference_ms,32.625038
1779724833.305,/benchmark/inference_ms,32.594158
1779724833.355,/benchmark/inference_ms,31.701838
1779724833.407,/benchmark/inference_ms,30.855820
1779724833.460,/benchmark/inference_ms,32.190620
1779724833.513,/benchmark/inference_ms,31.409624
1779724833.561,/benchmark/inference_ms,30.155619
1779724833.613,/benchmark/inference_ms,31.798698
1779724833.666,/benchmark/inference_ms,30.825771
1779724833.719,/benchmark/inference_ms,32.628525
1779724833.772,/benchmark/inference_ms,32.471313
1779724833.826,/benchmark/inference_ms,32.569839
1779724833.879,/benchmark/inference_ms,31.561459
1779724833.931,/benchmark/inference_ms,32.123425
1779724833.982,/benchmark/inference_ms,31.753740
1779724834.031,/benchmark/inference_ms,29.567320
1779724834.085,/benchmark/inference_ms,32.819271
1779724834.140,/benchmark/inference_ms,31.568338
1779724834.192,/benchmark/inference_ms,32.943619
1779724834.247,/benchmark/inference_ms,32.644684
1779724834.297,/benchmark/inference_ms,31.174368
1779724834.348,/benchmark/inference_ms,31.961637
1779724834.402,/benchmark/inference_ms,33.083359
1779724834.455,/benchmark/inference_ms,32.954468
1779724834.500,/benchmark/inference_ms,24.662531
1779724834.551,/benchmark/inference_ms,30.711536
1779724834.604,/benchmark/inference_ms,31.534035
1779724834.654,/benchmark/inference_ms,31.739372
1779724834.708,/benchmark/inference_ms,32.678635
1779724834.761,/benchmark/inference_ms,31.149696
1779724834.814,/benchmark/inference_ms,32.122849
1779724834.867,/benchmark/inference_ms,32.470963
1779724834.917,/benchmark/inference_ms,31.611696
1779724834.970,/benchmark/inference_ms,31.424088
1779724835.020,/benchmark/inference_ms,31.478230
1779724835.074,/benchmark/inference_ms,32.619984
1779724835.127,/benchmark/inference_ms,32.146687
1779724835.180,/benchmark/inference_ms,32.175453
1779724835.234,/benchmark/inference_ms,32.002884
1779724835.283,/benchmark/inference_ms,31.947845
1779724835.336,/benchmark/inference_ms,32.156479
1779724835.388,/benchmark/inference_ms,31.634960
1779724835.439,/benchmark/inference_ms,29.540089
1779724835.491,/benchmark/inference_ms,31.493750
1779724835.545,/benchmark/inference_ms,32.598064
1779724835.598,/benchmark/inference_ms,32.341400
1779724835.649,/benchmark/inference_ms,31.999365
1779724835.701,/benchmark/inference_ms,31.439032
1779724835.756,/benchmark/inference_ms,32.712200
1779724835.806,/benchmark/inference_ms,31.995779
1779724835.860,/benchmark/inference_ms,32.282043
1779724835.909,/benchmark/inference_ms,30.339806
1779724835.964,/benchmark/inference_ms,32.769993
1779724836.018,/benchmark/inference_ms,32.069698
1779724836.071,/benchmark/inference_ms,32.293179
1779724836.121,/benchmark/inference_ms,31.494549
1779724836.175,/benchmark/inference_ms,31.540243
1779724836.228,/benchmark/inference_ms,32.425907
1779724836.280,/benchmark/inference_ms,32.394871
1779724836.332,/benchmark/inference_ms,31.602322
1779724836.381,/benchmark/inference_ms,29.462139
1779724836.433,/benchmark/inference_ms,32.424053
1779724836.488,/benchmark/inference_ms,31.833994
1779724836.540,/benchmark/inference_ms,32.057602
1779724836.593,/benchmark/inference_ms,31.304443
1779724836.645,/benchmark/inference_ms,32.350967
1779724836.695,/benchmark/inference_ms,31.491606
1779724836.750,/benchmark/inference_ms,32.833096
1779724836.803,/benchmark/inference_ms,32.737705
1779724836.853,/benchmark/inference_ms,30.270817
1779724836.905,/benchmark/inference_ms,31.868073
1779724836.959,/benchmark/inference_ms,32.933636
1779724837.012,/benchmark/inference_ms,32.691692
1779724837.065,/benchmark/inference_ms,31.904902
1779724837.118,/benchmark/inference_ms,31.615921
1779724837.171,/benchmark/inference_ms,32.170719
1779724837.220,/benchmark/inference_ms,32.075233
1779724837.271,/benchmark/inference_ms,31.984804
1779724837.325,/benchmark/inference_ms,33.031967
1779724837.378,/benchmark/inference_ms,31.155394
1779724837.429,/benchmark/inference_ms,31.881672
1779724837.483,/benchmark/inference_ms,33.103039
1779724837.536,/benchmark/inference_ms,31.812490
1779724837.582,/benchmark/inference_ms,28.687031
1779724837.635,/benchmark/inference_ms,32.785927
1779724837.690,/benchmark/inference_ms,32.807049
1779724837.742,/benchmark/inference_ms,31.512564
1779724837.796,/benchmark/inference_ms,32.716393
1779724837.847,/benchmark/inference_ms,31.489750
1779724837.901,/benchmark/inference_ms,31.474455
1779724837.951,/benchmark/inference_ms,33.036224
1779724838.005,/benchmark/inference_ms,32.775658
1779724838.054,/benchmark/inference_ms,29.639990
1779724838.108,/benchmark/inference_ms,32.989441
1779724838.160,/benchmark/inference_ms,32.873798
1779724838.213,/benchmark/inference_ms,31.896744
1779724838.265,/benchmark/inference_ms,32.900196
1779724838.318,/benchmark/inference_ms,30.984583
1779724838.371,/benchmark/inference_ms,32.970592
1779724838.423,/benchmark/inference_ms,32.138271
1779724838.477,/benchmark/inference_ms,32.587791
1779724838.525,/benchmark/inference_ms,28.402145
1779724838.578,/benchmark/inference_ms,32.014820
1779724838.631,/benchmark/inference_ms,32.137886
1779724838.685,/benchmark/inference_ms,32.314522
1779724838.736,/benchmark/inference_ms,31.724653
1779724838.789,/benchmark/inference_ms,31.448278
1779724838.842,/benchmark/inference_ms,32.934498
1779724838.897,/benchmark/inference_ms,32.866150
1779724838.947,/benchmark/inference_ms,30.705841
1779724838.995,/benchmark/inference_ms,28.519709
1779724839.049,/benchmark/inference_ms,32.415859
1779724839.103,/benchmark/inference_ms,32.784649
1779724839.156,/benchmark/inference_ms,32.432533
1779724839.209,/benchmark/inference_ms,31.909637
1779724839.261,/benchmark/inference_ms,31.307421
1779724839.313,/benchmark/inference_ms,32.409077
1779724839.367,/benchmark/inference_ms,31.964037
1779724839.419,/benchmark/inference_ms,31.205791
1779724839.471,/benchmark/inference_ms,31.342266
1779724839.524,/benchmark/inference_ms,31.849545
1779724839.574,/benchmark/inference_ms,31.652304
1779724839.627,/benchmark/inference_ms,32.897381
1779724839.680,/benchmark/inference_ms,32.521328
1779724839.733,/benchmark/inference_ms,32.583790
1779724839.788,/benchmark/inference_ms,32.235035
1779724839.838,/benchmark/inference_ms,31.655054
1779724839.892,/benchmark/inference_ms,32.905090
1779724839.944,/benchmark/inference_ms,31.632463
1779724839.997,/benchmark/inference_ms,32.269497
1779724840.050,/benchmark/inference_ms,32.325912
1779724840.104,/benchmark/inference_ms,32.746696
1779724840.153,/benchmark/inference_ms,29.996777
1779724840.207,/benchmark/inference_ms,32.516178
1779724840.258,/benchmark/inference_ms,32.739563
1779724840.311,/benchmark/inference_ms,32.723785
1779724840.363,/benchmark/inference_ms,31.931013
1779724840.405,/benchmark/inference_ms,21.756937
1779724840.446,/benchmark/inference_ms,21.617805
1779724840.489,/benchmark/inference_ms,22.013857
1779724840.531,/benchmark/inference_ms,21.585102
1779724840.572,/benchmark/inference_ms,21.744808
1779724840.612,/benchmark/inference_ms,21.607759
1779724840.655,/benchmark/inference_ms,21.596207
1779724840.695,/benchmark/inference_ms,21.981249
1779724840.738,/benchmark/inference_ms,21.598989
1779724840.780,/benchmark/inference_ms,21.943842
1779724840.822,/benchmark/inference_ms,21.513456
1779724840.861,/benchmark/inference_ms,21.755785
1779724840.905,/benchmark/inference_ms,21.635981
1779724840.945,/benchmark/inference_ms,21.880774
1779724840.986,/benchmark/inference_ms,22.035744
1779724841.027,/benchmark/inference_ms,21.628717
1779724841.068,/benchmark/inference_ms,22.118940
1779724841.109,/benchmark/inference_ms,22.163868
1779724841.150,/benchmark/inference_ms,21.902180
1779724841.194,/benchmark/inference_ms,23.008892
1779724841.239,/benchmark/inference_ms,23.242613
1779724841.284,/benchmark/inference_ms,23.993690
1779724841.331,/benchmark/inference_ms,23.601896
1779724841.376,/benchmark/inference_ms,23.740675
1779724841.421,/benchmark/inference_ms,24.186516
1779724841.467,/benchmark/inference_ms,24.054169
1779724841.513,/benchmark/inference_ms,24.166868
1779724841.558,/benchmark/inference_ms,24.386223
1779724841.605,/benchmark/inference_ms,24.220627
1779724841.649,/benchmark/inference_ms,24.018330
1779724841.697,/benchmark/inference_ms,24.203476
1779724841.742,/benchmark/inference_ms,24.112375
1779724841.787,/benchmark/inference_ms,23.939388
1779724841.832,/benchmark/inference_ms,24.030489
1779724841.878,/benchmark/inference_ms,24.152983
1779724841.922,/benchmark/inference_ms,24.504202
1779724841.968,/benchmark/inference_ms,24.087128
1779724842.014,/benchmark/inference_ms,24.116470
1779724842.060,/benchmark/inference_ms,24.568422
1779724842.105,/benchmark/inference_ms,24.122486
1779724842.151,/benchmark/inference_ms,23.943933
1779724842.198,/benchmark/inference_ms,23.997690
1779724842.243,/benchmark/inference_ms,24.327248
1779724842.288,/benchmark/inference_ms,24.052088
1779724842.335,/benchmark/inference_ms,24.120375
1779724842.381,/benchmark/inference_ms,24.563368
1779724842.427,/benchmark/inference_ms,24.124247
1779724842.471,/benchmark/inference_ms,23.952156
1779724842.515,/benchmark/inference_ms,23.996218
1779724842.562,/benchmark/inference_ms,24.409740
1779724842.608,/benchmark/inference_ms,23.934525
1779724842.654,/benchmark/inference_ms,23.960669
1779724842.699,/benchmark/inference_ms,24.315088
1779724842.745,/benchmark/inference_ms,24.015835
1779724842.790,/benchmark/inference_ms,23.947741
1779724842.837,/benchmark/inference_ms,24.121527
1779724842.882,/benchmark/inference_ms,24.407085
1779724842.928,/benchmark/inference_ms,24.203411
1779724842.973,/benchmark/inference_ms,23.926973
1779724843.020,/benchmark/inference_ms,25.203953
1779724843.066,/benchmark/inference_ms,24.050840
1779724843.110,/benchmark/inference_ms,24.281105
1779724843.157,/benchmark/inference_ms,24.177397
1779724843.204,/benchmark/inference_ms,24.544552
1779724843.249,/benchmark/inference_ms,24.045721
1779724843.293,/benchmark/inference_ms,23.937597
1779724843.340,/benchmark/inference_ms,24.505930
1779724843.386,/benchmark/inference_ms,24.304367
1779724843.432,/benchmark/inference_ms,23.966908
1779724843.476,/benchmark/inference_ms,24.293745
1779724843.523,/benchmark/inference_ms,23.927549
1779724843.569,/benchmark/inference_ms,24.118807
1779724843.614,/benchmark/inference_ms,24.024858
1779724843.660,/benchmark/inference_ms,24.212500
1779724843.705,/benchmark/inference_ms,24.453867
1779724843.751,/benchmark/inference_ms,24.334831
1779724843.795,/benchmark/inference_ms,23.916349
1779724843.842,/benchmark/inference_ms,24.020058
1779724843.888,/benchmark/inference_ms,24.480106
1779724843.933,/benchmark/inference_ms,24.142805
1779724843.979,/benchmark/inference_ms,24.015036
1779724844.023,/benchmark/inference_ms,23.964731
1779724844.069,/benchmark/inference_ms,24.558950
1779724844.115,/benchmark/inference_ms,24.208084
1779724844.160,/benchmark/inference_ms,23.985308
1779724844.205,/benchmark/inference_ms,24.027416
1779724844.250,/benchmark/inference_ms,24.451756
1779724844.296,/benchmark/inference_ms,23.865536
1779724844.340,/benchmark/inference_ms,23.784771
1779724844.385,/benchmark/inference_ms,24.120182
1779724844.432,/benchmark/inference_ms,24.344975
1779724844.479,/benchmark/inference_ms,24.084600
1779724844.524,/benchmark/inference_ms,24.087511
1779724844.570,/benchmark/inference_ms,24.653124
1779724844.617,/benchmark/inference_ms,24.221043
1779724844.662,/benchmark/inference_ms,23.917599
1779724844.706,/benchmark/inference_ms,23.959003
1779724844.754,/benchmark/inference_ms,24.354542
1779724844.799,/benchmark/inference_ms,24.161589
1779724844.845,/benchmark/inference_ms,24.078039
1779724844.891,/benchmark/inference_ms,24.604805
1779724844.936,/benchmark/inference_ms,24.212051
1779724844.981,/benchmark/inference_ms,23.943035
1779724845.026,/benchmark/inference_ms,23.998747
1779724845.074,/benchmark/inference_ms,24.124022
1779724845.119,/benchmark/inference_ms,24.006746
1779724845.165,/benchmark/inference_ms,24.407757
1779724845.211,/benchmark/inference_ms,24.549864
1779724845.256,/benchmark/inference_ms,24.135477
1779724845.302,/benchmark/inference_ms,24.056313
1779724845.347,/benchmark/inference_ms,23.922941
1779724845.393,/benchmark/inference_ms,24.632740
1779724845.441,/benchmark/inference_ms,23.937342
1779724845.485,/benchmark/inference_ms,23.998972
1779724845.530,/benchmark/inference_ms,24.230803
1779724845.575,/benchmark/inference_ms,24.280752
1779724845.621,/benchmark/inference_ms,23.987740
1779724845.667,/benchmark/inference_ms,24.058872
1779724845.714,/benchmark/inference_ms,24.113718
1779724845.759,/benchmark/inference_ms,24.105656
1779724845.806,/benchmark/inference_ms,24.206514
1779724845.853,/benchmark/inference_ms,24.287186
1779724845.903,/benchmark/inference_ms,23.953917
1779724845.946,/benchmark/inference_ms,24.058329
1779724845.991,/benchmark/inference_ms,24.108631
1779724846.036,/benchmark/inference_ms,24.011770
1779724846.083,/benchmark/inference_ms,24.136086
1779724846.128,/benchmark/inference_ms,24.555910
1779724846.173,/benchmark/inference_ms,24.231890
1779724846.218,/benchmark/inference_ms,24.047289
1779724846.265,/benchmark/inference_ms,24.156757
1779724846.311,/benchmark/inference_ms,24.522089
1779724846.356,/benchmark/inference_ms,24.327536
1779724846.402,/benchmark/inference_ms,24.774239
1779724846.449,/benchmark/inference_ms,24.440300
1779724846.493,/benchmark/inference_ms,24.265457
1779724846.540,/benchmark/inference_ms,24.038971
1779724846.587,/benchmark/inference_ms,24.655107
1779724846.634,/benchmark/inference_ms,24.639172
1779724846.680,/benchmark/inference_ms,23.935804
1779724846.725,/benchmark/inference_ms,23.648422
1779724846.771,/benchmark/inference_ms,24.145460
1779724846.817,/benchmark/inference_ms,23.822496
1779724846.862,/benchmark/inference_ms,24.201267
1779724846.907,/benchmark/inference_ms,23.674534
1779724846.953,/benchmark/inference_ms,23.976635
1779724846.999,/benchmark/inference_ms,24.211571
1779724847.045,/benchmark/inference_ms,24.085016
1779724847.090,/benchmark/inference_ms,23.872959
1779724847.137,/benchmark/inference_ms,24.714882
1779724847.182,/benchmark/inference_ms,23.946684
1779724847.228,/benchmark/inference_ms,23.910109
1779724847.274,/benchmark/inference_ms,24.883516
1779724847.320,/benchmark/inference_ms,24.062649
1779724847.367,/benchmark/inference_ms,23.949213
1779724847.415,/benchmark/inference_ms,24.498632
1779724847.458,/benchmark/inference_ms,23.826721
1779724847.505,/benchmark/inference_ms,24.202484
1779724847.551,/benchmark/inference_ms,24.837118
1779724847.598,/benchmark/inference_ms,24.031546
1779724847.646,/benchmark/inference_ms,24.566792
1779724847.691,/benchmark/inference_ms,24.189939
1779724847.738,/benchmark/inference_ms,24.006075
1779724847.783,/benchmark/inference_ms,24.680643
1779724847.829,/benchmark/inference_ms,24.146549
1779724847.876,/benchmark/inference_ms,24.071417
1779724847.921,/benchmark/inference_ms,24.510633
1779724847.967,/benchmark/inference_ms,23.861441
1779724848.013,/benchmark/inference_ms,24.174517
1779724848.059,/benchmark/inference_ms,24.439692
1779724848.105,/benchmark/inference_ms,24.292976
1779724848.154,/benchmark/inference_ms,24.221107
1779724848.199,/benchmark/inference_ms,23.975004
1779724848.246,/benchmark/inference_ms,24.174324
1779724848.292,/benchmark/inference_ms,24.549192
1779724848.337,/benchmark/inference_ms,24.254129
1779724848.384,/benchmark/inference_ms,24.043512
1779724848.428,/benchmark/inference_ms,24.262226
1779724848.476,/benchmark/inference_ms,24.599207
1779724848.521,/benchmark/inference_ms,24.250355
1779724848.566,/benchmark/inference_ms,24.657860
1779724848.612,/benchmark/inference_ms,23.883165
1779724848.657,/benchmark/inference_ms,23.765186
1779724848.702,/benchmark/inference_ms,24.336462
1779724848.747,/benchmark/inference_ms,24.017914
1779724848.792,/benchmark/inference_ms,23.899807
1779724848.837,/benchmark/inference_ms,24.081816
1779724848.882,/benchmark/inference_ms,24.618532
1779724848.928,/benchmark/inference_ms,24.064344
1779724848.975,/benchmark/inference_ms,23.916124
1779724849.021,/benchmark/inference_ms,24.140854
1779724849.068,/benchmark/inference_ms,23.892382
1779724849.114,/benchmark/inference_ms,24.746529
1779724849.160,/benchmark/inference_ms,23.949564
1779724849.207,/benchmark/inference_ms,24.233650
1779724849.253,/benchmark/inference_ms,24.290096
1779724849.298,/benchmark/inference_ms,23.954683
1779724849.343,/benchmark/inference_ms,24.216722
1779724849.390,/benchmark/inference_ms,24.340527
1779724849.437,/benchmark/inference_ms,24.578438
1779724849.482,/benchmark/inference_ms,24.153589
1779724849.527,/benchmark/inference_ms,23.972635
1779724849.574,/benchmark/inference_ms,23.967995
1779724849.619,/benchmark/inference_ms,24.419661
1779724849.665,/benchmark/inference_ms,24.208658
1779724849.712,/benchmark/inference_ms,24.064600
1779724849.757,/benchmark/inference_ms,24.750080
1779724849.803,/benchmark/inference_ms,24.067257
1779724849.850,/benchmark/inference_ms,24.084663
1779724849.896,/benchmark/inference_ms,24.107384
1779724849.941,/benchmark/inference_ms,24.070009
1779724849.988,/benchmark/inference_ms,24.519049
1779724850.033,/benchmark/inference_ms,24.092567
1779724850.080,/benchmark/inference_ms,24.010939
1779724850.126,/benchmark/inference_ms,24.619972
1779724850.171,/benchmark/inference_ms,23.867201
1779724850.217,/benchmark/inference_ms,24.038939
1779724850.264,/benchmark/inference_ms,24.321873
1779724850.309,/benchmark/inference_ms,24.107286
1779724850.356,/benchmark/inference_ms,24.151508
1779724850.404,/benchmark/inference_ms,23.913662
1779724850.450,/benchmark/inference_ms,24.090328
1779724850.496,/benchmark/inference_ms,24.777887
1779724850.541,/benchmark/inference_ms,24.048313
1779724850.588,/benchmark/inference_ms,23.807459
1779724850.633,/benchmark/inference_ms,24.377871
1779724850.679,/benchmark/inference_ms,24.352654
1779724850.724,/benchmark/inference_ms,23.942492
1779724850.770,/benchmark/inference_ms,24.416204
1779724850.816,/benchmark/inference_ms,24.060568
1779724850.860,/benchmark/inference_ms,24.009689
1779724850.908,/benchmark/inference_ms,24.334478
1779724850.953,/benchmark/inference_ms,24.300528
1779724851.000,/benchmark/inference_ms,23.892382
1779724851.045,/benchmark/inference_ms,24.210962
1779724851.090,/benchmark/inference_ms,23.906334
1779724851.135,/benchmark/inference_ms,23.953053
1779724851.180,/benchmark/inference_ms,24.547335
1779724851.225,/benchmark/inference_ms,24.017914
1779724851.272,/benchmark/inference_ms,24.094135
1779724851.318,/benchmark/inference_ms,24.467306
1779724851.364,/benchmark/inference_ms,23.890366
1779724851.409,/benchmark/inference_ms,23.928541
1779724851.455,/benchmark/inference_ms,24.589352
1779724851.500,/benchmark/inference_ms,23.962685
1779724851.547,/benchmark/inference_ms,23.734659
1779724851.592,/benchmark/inference_ms,24.207253
1779724851.637,/benchmark/inference_ms,24.109528
1779724851.684,/benchmark/inference_ms,23.962044
1779724851.729,/benchmark/inference_ms,24.137686
1779724851.776,/benchmark/inference_ms,24.357199
1779724851.821,/benchmark/inference_ms,23.897886
1779724851.868,/benchmark/inference_ms,24.324881
1779724851.913,/benchmark/inference_ms,23.856064
1779724851.959,/benchmark/inference_ms,23.930141
1779724852.003,/benchmark/inference_ms,23.974684
1779724852.047,/benchmark/inference_ms,24.501289
1779724852.092,/benchmark/inference_ms,23.861279
1779724852.140,/benchmark/inference_ms,23.977404
1779724852.185,/benchmark/inference_ms,24.457195
1779724852.231,/benchmark/inference_ms,23.833023
1779724852.277,/benchmark/inference_ms,23.874943
1779724852.323,/benchmark/inference_ms,24.547079
1779724852.368,/benchmark/inference_ms,23.943581
1779724852.415,/benchmark/inference_ms,23.949469
1779724852.459,/benchmark/inference_ms,23.849537
1779724852.504,/benchmark/inference_ms,23.909662
1779724852.552,/benchmark/inference_ms,24.222290
1779724852.598,/benchmark/inference_ms,24.201492
1779724852.644,/benchmark/inference_ms,24.068920
1779724852.689,/benchmark/inference_ms,23.977306
1779724852.737,/benchmark/inference_ms,24.055897
1779724852.784,/benchmark/inference_ms,23.893471
1779724852.830,/benchmark/inference_ms,24.488682
1779724852.876,/benchmark/inference_ms,23.963324
1779724852.922,/benchmark/inference_ms,24.021017
1779724852.968,/benchmark/inference_ms,24.831293
1779724853.013,/benchmark/inference_ms,23.923710
1779724853.062,/benchmark/inference_ms,25.011927
1779724853.107,/benchmark/inference_ms,24.736225
1779724853.156,/benchmark/inference_ms,24.303185
1779724853.199,/benchmark/inference_ms,24.650852
1779724853.246,/benchmark/inference_ms,24.308369
1779724853.294,/benchmark/inference_ms,25.075956
1779724853.341,/benchmark/inference_ms,25.029846
1779724853.387,/benchmark/inference_ms,24.394766
1779724853.432,/benchmark/inference_ms,24.982616
1779724853.478,/benchmark/inference_ms,24.286160
1779724853.527,/benchmark/inference_ms,24.957273
1779724853.572,/benchmark/inference_ms,24.756895
1779724853.618,/benchmark/inference_ms,24.643333
1779724853.664,/benchmark/inference_ms,24.720865
1779724853.711,/benchmark/inference_ms,24.575142
1779724853.759,/benchmark/inference_ms,25.003384
1779724853.804,/benchmark/inference_ms,25.007160
1779724853.851,/benchmark/inference_ms,24.487049
1779724853.900,/benchmark/inference_ms,24.628645
1779724853.945,/benchmark/inference_ms,24.764864
1779724853.990,/benchmark/inference_ms,24.361486
1779724854.037,/benchmark/inference_ms,25.083189
1779724854.083,/benchmark/inference_ms,24.448460
1779724854.133,/benchmark/inference_ms,24.695169
1779724854.178,/benchmark/inference_ms,25.246544
1779724854.223,/benchmark/inference_ms,24.587877
1779724854.271,/benchmark/inference_ms,25.269648
1779724854.318,/benchmark/inference_ms,24.454826
1779724854.364,/benchmark/inference_ms,24.646437
1779724854.411,/benchmark/inference_ms,24.987192
1779724854.460,/benchmark/inference_ms,25.407497
1779724854.506,/benchmark/inference_ms,24.920540
1779724854.552,/benchmark/inference_ms,24.706562
1779724854.597,/benchmark/inference_ms,24.566023
1779724854.645,/benchmark/inference_ms,24.355949
1779724854.693,/benchmark/inference_ms,24.991865
1779724854.740,/benchmark/inference_ms,25.033335
1779724854.788,/benchmark/inference_ms,24.707842
1779724854.834,/benchmark/inference_ms,25.069620
1779724854.880,/benchmark/inference_ms,24.509226
1779724854.928,/benchmark/inference_ms,24.721313
1779724854.974,/benchmark/inference_ms,24.516232
1779724855.020,/benchmark/inference_ms,24.786655
1779724855.068,/benchmark/inference_ms,24.779423
1779724855.113,/benchmark/inference_ms,24.335375
1779724855.160,/benchmark/inference_ms,25.048309
1779724855.206,/benchmark/inference_ms,24.527176
1779724855.253,/benchmark/inference_ms,24.787680
1779724855.300,/benchmark/inference_ms,24.788193
1779724855.345,/benchmark/inference_ms,24.582214
1779724855.393,/benchmark/inference_ms,24.413549
1779724855.442,/benchmark/inference_ms,24.282257
1779724855.487,/benchmark/inference_ms,24.748896
1779724855.534,/benchmark/inference_ms,24.398540
1779724855.584,/benchmark/inference_ms,24.621988
1779724855.629,/benchmark/inference_ms,24.617702
1779724855.676,/benchmark/inference_ms,25.283886
1779724855.723,/benchmark/inference_ms,25.844187
1779724855.769,/benchmark/inference_ms,24.584070
1779724855.817,/benchmark/inference_ms,25.406538
1779724855.864,/benchmark/inference_ms,24.507816
1779724855.911,/benchmark/inference_ms,24.722466
1779724855.957,/benchmark/inference_ms,24.314640
1779724856.004,/benchmark/inference_ms,24.662243
1779724856.050,/benchmark/inference_ms,24.995607
1779724856.095,/benchmark/inference_ms,24.353552
1779724856.142,/benchmark/inference_ms,24.686852
1779724856.188,/benchmark/inference_ms,24.843838
1779724856.233,/benchmark/inference_ms,24.397038
1779724856.280,/benchmark/inference_ms,24.982456
1779724856.327,/benchmark/inference_ms,24.232754
1779724856.372,/benchmark/inference_ms,24.449484
1779724856.420,/benchmark/inference_ms,24.565191
1779724856.467,/benchmark/inference_ms,24.248369
1779724856.514,/benchmark/inference_ms,24.687075
1779724856.559,/benchmark/inference_ms,24.424492
1779724856.605,/benchmark/inference_ms,23.998587
1779724856.652,/benchmark/inference_ms,24.755938
1779724856.698,/benchmark/inference_ms,23.981979
1779724856.743,/benchmark/inference_ms,24.367886
1779724856.789,/benchmark/inference_ms,24.831038
1779724856.837,/benchmark/inference_ms,24.664036
1779724856.884,/benchmark/inference_ms,24.969561
1779724856.930,/benchmark/inference_ms,24.449707
1779724856.976,/benchmark/inference_ms,23.762051
1779724857.021,/benchmark/inference_ms,23.669317
1779724857.066,/benchmark/inference_ms,24.066681
1779724857.112,/benchmark/inference_ms,23.723587
1779724857.156,/benchmark/inference_ms,23.547434
1779724857.201,/benchmark/inference_ms,23.477198
1779724857.246,/benchmark/inference_ms,24.005754
1779724857.293,/benchmark/inference_ms,24.018139
1779724857.338,/benchmark/inference_ms,24.119511
1779724857.385,/benchmark/inference_ms,24.397388
1779724857.431,/benchmark/inference_ms,24.027418
1779724857.476,/benchmark/inference_ms,23.965628
1779724857.521,/benchmark/inference_ms,24.035257
1779724857.566,/benchmark/inference_ms,24.012283
1779724857.611,/benchmark/inference_ms,23.874687
1779724857.655,/benchmark/inference_ms,24.027449
1779724857.701,/benchmark/inference_ms,24.488649
1779724857.746,/benchmark/inference_ms,24.029144
1779724857.792,/benchmark/inference_ms,23.786945
1779724857.837,/benchmark/inference_ms,23.965981
1779724857.882,/benchmark/inference_ms,24.377455
1779724857.929,/benchmark/inference_ms,24.306736
1779724857.975,/benchmark/inference_ms,24.292881
1779724858.021,/benchmark/inference_ms,24.248850
1779724858.067,/benchmark/inference_ms,23.933405
1779724858.112,/benchmark/inference_ms,24.183125
1779724858.158,/benchmark/inference_ms,24.169012
1779724858.203,/benchmark/inference_ms,24.056313
1779724858.248,/benchmark/inference_ms,24.028538
1779724858.295,/benchmark/inference_ms,24.843710
1779724858.339,/benchmark/inference_ms,24.285521
1779724858.386,/benchmark/inference_ms,24.086584
1779724858.430,/benchmark/inference_ms,24.233938
1779724858.478,/benchmark/inference_ms,24.542185
1779724858.523,/benchmark/inference_ms,24.002684
1779724858.568,/benchmark/inference_ms,24.628420
1779724858.614,/benchmark/inference_ms,24.012474
1779724858.659,/benchmark/inference_ms,23.803810
1779724858.705,/benchmark/inference_ms,24.422155
1779724858.750,/benchmark/inference_ms,23.987389
1779724858.801,/benchmark/inference_ms,23.971483
1779724858.843,/benchmark/inference_ms,24.514568
1779724858.888,/benchmark/inference_ms,24.025179
1779724858.934,/benchmark/inference_ms,24.011227
1779724858.979,/benchmark/inference_ms,24.323280
1779724859.025,/benchmark/inference_ms,24.128790
1779724859.072,/benchmark/inference_ms,24.057114
1779724859.117,/benchmark/inference_ms,24.220146
1779724859.162,/benchmark/inference_ms,24.265137
1779724859.209,/benchmark/inference_ms,24.173332
1779724859.256,/benchmark/inference_ms,24.048569
1779724859.303,/benchmark/inference_ms,23.880383
1779724859.348,/benchmark/inference_ms,24.543049
1779724859.394,/benchmark/inference_ms,24.012732
1779724859.442,/benchmark/inference_ms,23.957661
1779724859.487,/benchmark/inference_ms,24.619108
1779724859.532,/benchmark/inference_ms,24.151060
1779724859.579,/benchmark/inference_ms,24.239155
1779724859.624,/benchmark/inference_ms,24.448557
1779724859.671,/benchmark/inference_ms,24.020729
1779724859.718,/benchmark/inference_ms,24.647459
1779724859.763,/benchmark/inference_ms,23.872639
1779724859.810,/benchmark/inference_ms,24.000635
1779724859.855,/benchmark/inference_ms,24.628773
1779724859.900,/benchmark/inference_ms,23.971994
1779724859.948,/benchmark/inference_ms,24.077848
1779724859.993,/benchmark/inference_ms,24.481354
1779724860.040,/benchmark/inference_ms,24.361902
1779724860.085,/benchmark/inference_ms,24.146582
1779724860.131,/benchmark/inference_ms,24.254866
1779724860.178,/benchmark/inference_ms,23.901152
1779724860.225,/benchmark/inference_ms,24.925114
1779724860.270,/benchmark/inference_ms,23.958109
1779724860.317,/benchmark/inference_ms,23.941244
1779724860.362,/benchmark/inference_ms,24.340879
1779724860.408,/benchmark/inference_ms,24.218130
1779724860.453,/benchmark/inference_ms,24.161461
1779724860.499,/benchmark/inference_ms,24.955931
1779724860.546,/benchmark/inference_ms,23.995739
1779724860.593,/benchmark/inference_ms,24.359278
1779724860.638,/benchmark/inference_ms,23.988123
1779724860.684,/benchmark/inference_ms,24.155828
1779724860.729,/benchmark/inference_ms,24.059799
1779724860.774,/benchmark/inference_ms,24.230450
1779724860.820,/benchmark/inference_ms,24.107384
1779724860.865,/benchmark/inference_ms,24.310352
1779724860.911,/benchmark/inference_ms,24.310127
1779724860.956,/benchmark/inference_ms,24.154230
1779724861.001,/benchmark/inference_ms,23.882814
1779724861.049,/benchmark/inference_ms,24.049658
1779724861.096,/benchmark/inference_ms,24.020441
1779724861.141,/benchmark/inference_ms,24.663139
1779724861.187,/benchmark/inference_ms,24.021049
1779724861.233,/benchmark/inference_ms,24.048634
1779724861.278,/benchmark/inference_ms,24.590502
1779724861.324,/benchmark/inference_ms,24.054585
1779724861.368,/benchmark/inference_ms,23.674629
1779724861.416,/benchmark/inference_ms,24.660484
1779724861.461,/benchmark/inference_ms,24.033850
1779724861.506,/benchmark/inference_ms,24.174421
1779724861.552,/benchmark/inference_ms,24.587336
1779724861.604,/benchmark/inference_ms,24.378670
1779724861.644,/benchmark/inference_ms,23.926365
1779724861.691,/benchmark/inference_ms,24.764160
1779724861.737,/benchmark/inference_ms,24.052633
1779724861.783,/benchmark/inference_ms,23.966364
1779724861.827,/benchmark/inference_ms,24.743040
1779724861.875,/benchmark/inference_ms,24.584358
1779724861.921,/benchmark/inference_ms,24.618439
1779724861.967,/benchmark/inference_ms,24.338255
1779724862.015,/benchmark/inference_ms,24.539112
1779724862.061,/benchmark/inference_ms,25.156115
1779724862.106,/benchmark/inference_ms,24.034233
1779724862.153,/benchmark/inference_ms,24.731682
1779724862.199,/benchmark/inference_ms,25.034391
1779724862.245,/benchmark/inference_ms,24.662596
1779724862.293,/benchmark/inference_ms,24.997944
1779724862.339,/benchmark/inference_ms,24.198612
1779724862.386,/benchmark/inference_ms,24.397614
1779724862.433,/benchmark/inference_ms,24.732033
1779724862.480,/benchmark/inference_ms,24.898268
1779724862.526,/benchmark/inference_ms,25.109043
1779724862.572,/benchmark/inference_ms,24.480490
1779724862.620,/benchmark/inference_ms,24.799423
1779724862.666,/benchmark/inference_ms,24.236084
1779724862.713,/benchmark/inference_ms,24.976826
1779724862.759,/benchmark/inference_ms,25.037016
1779724862.806,/benchmark/inference_ms,24.392046
1779724862.853,/benchmark/inference_ms,24.802782
1779724862.902,/benchmark/inference_ms,24.305328
1779724862.944,/benchmark/inference_ms,24.516617
1779724862.989,/benchmark/inference_ms,24.821215
1779724863.035,/benchmark/inference_ms,24.906204
1779724863.084,/benchmark/inference_ms,25.237007
1779724863.131,/benchmark/inference_ms,24.688099
1779724863.177,/benchmark/inference_ms,24.508968
1779724863.225,/benchmark/inference_ms,25.487909
1779724863.271,/benchmark/inference_ms,24.377934
1779724863.319,/benchmark/inference_ms,24.575144
1779724863.363,/benchmark/inference_ms,24.481514
1779724863.410,/benchmark/inference_ms,24.459435
1779724863.456,/benchmark/inference_ms,24.717442
1779724863.506,/benchmark/inference_ms,24.415373
1779724863.551,/benchmark/inference_ms,24.594341
1779724863.597,/benchmark/inference_ms,25.490213
1779724863.670,/benchmark/inference_ms,52.752335
1779724863.724,/benchmark/inference_ms,33.239609
1779724863.779,/benchmark/inference_ms,30.260962
1779724863.832,/benchmark/inference_ms,32.403221
1779724863.885,/benchmark/inference_ms,32.806313
1779724863.941,/benchmark/inference_ms,32.815880
1779724863.997,/benchmark/inference_ms,33.687752
1779724864.054,/benchmark/inference_ms,36.840122
1779724864.111,/benchmark/inference_ms,35.012444
1779724864.165,/benchmark/inference_ms,32.273243
1779724864.219,/benchmark/inference_ms,33.302486
1779724864.273,/benchmark/inference_ms,32.965122
1779724864.326,/benchmark/inference_ms,32.808681
1779724864.377,/benchmark/inference_ms,32.420662
1779724864.428,/benchmark/inference_ms,31.119139
1779724864.479,/benchmark/inference_ms,31.674992
1779724864.531,/benchmark/inference_ms,31.064899
1779724864.583,/benchmark/inference_ms,32.165756
1779724864.633,/benchmark/inference_ms,30.925064
1779724864.687,/benchmark/inference_ms,32.450356
1779724864.738,/benchmark/inference_ms,31.941957
1779724864.805,/benchmark/inference_ms,32.894215
1779724864.846,/benchmark/inference_ms,32.955490
1779724864.899,/benchmark/inference_ms,32.774471
1779724864.953,/benchmark/inference_ms,32.457939
1779724865.003,/benchmark/inference_ms,31.175137
1779724865.056,/benchmark/inference_ms,33.098206
1779724865.107,/benchmark/inference_ms,30.841036
1779724865.158,/benchmark/inference_ms,31.663441
1779724865.210,/benchmark/inference_ms,31.761229
1779724865.261,/benchmark/inference_ms,32.973793
1779724865.316,/benchmark/inference_ms,32.450420
1779724865.369,/benchmark/inference_ms,32.062466
1779724865.421,/benchmark/inference_ms,32.971107
1779724865.474,/benchmark/inference_ms,32.676971
1779724865.528,/benchmark/inference_ms,32.876163
1779724865.580,/benchmark/inference_ms,32.454262
1779724865.631,/benchmark/inference_ms,31.789227
1779724865.684,/benchmark/inference_ms,31.288349
1779724865.737,/benchmark/inference_ms,32.513683
1779724865.790,/benchmark/inference_ms,31.938694
1779724865.838,/benchmark/inference_ms,31.897545
1779724865.893,/benchmark/inference_ms,31.809513
1779724865.945,/benchmark/inference_ms,32.401623
1779724865.997,/benchmark/inference_ms,32.279484
1779724866.050,/benchmark/inference_ms,33.113918
1779724866.103,/benchmark/inference_ms,32.351032
1779724866.154,/benchmark/inference_ms,32.591824
1779724866.207,/benchmark/inference_ms,32.717995
1779724866.261,/benchmark/inference_ms,32.604652
1779724866.313,/benchmark/inference_ms,32.200798
1779724866.360,/benchmark/inference_ms,28.693878
1779724866.414,/benchmark/inference_ms,32.004547
1779724866.465,/benchmark/inference_ms,31.531700
1779724866.518,/benchmark/inference_ms,33.000065
1779724866.568,/benchmark/inference_ms,29.448477
1779724866.622,/benchmark/inference_ms,32.884453
1779724866.674,/benchmark/inference_ms,31.786795
1779724866.728,/benchmark/inference_ms,31.772139
1779724866.781,/benchmark/inference_ms,32.035233
1779724866.834,/benchmark/inference_ms,31.056740
1779724866.887,/benchmark/inference_ms,32.380470
1779724866.941,/benchmark/inference_ms,32.644238
1779724866.994,/benchmark/inference_ms,32.614124
1779724867.048,/benchmark/inference_ms,32.826729
1779724867.098,/benchmark/inference_ms,31.628338
1779724867.149,/benchmark/inference_ms,31.173473
1779724867.202,/benchmark/inference_ms,33.032738
1779724867.250,/benchmark/inference_ms,26.786522
1779724867.303,/benchmark/inference_ms,32.904293
1779724867.356,/benchmark/inference_ms,30.953735
1779724867.408,/benchmark/inference_ms,32.691692
1779724867.461,/benchmark/inference_ms,32.464340
1779724867.513,/benchmark/inference_ms,32.295834
1779724867.565,/benchmark/inference_ms,32.631660
1779724867.619,/benchmark/inference_ms,32.842052
1779724867.672,/benchmark/inference_ms,32.745449
1779724867.721,/benchmark/inference_ms,28.008558
1779724867.774,/benchmark/inference_ms,32.919491
1779724867.828,/benchmark/inference_ms,32.883686
1779724867.881,/benchmark/inference_ms,32.799526
1779724867.931,/benchmark/inference_ms,28.671448
1779724867.985,/benchmark/inference_ms,32.354424
1779724868.035,/benchmark/inference_ms,31.307005
1779724868.088,/benchmark/inference_ms,33.061249
1779724868.142,/benchmark/inference_ms,32.821861
1779724868.192,/benchmark/inference_ms,31.141314
1779724868.243,/benchmark/inference_ms,32.458035
1779724868.296,/benchmark/inference_ms,30.958023
1779724868.345,/benchmark/inference_ms,31.542995
1779724868.388,/benchmark/inference_ms,24.463531
1779724868.440,/benchmark/inference_ms,31.195456
1779724868.492,/benchmark/inference_ms,31.434008
1779724868.545,/benchmark/inference_ms,31.709709
1779724868.596,/benchmark/inference_ms,32.694218
1779724868.650,/benchmark/inference_ms,32.643341
1779724868.704,/benchmark/inference_ms,32.716908
1779724868.756,/benchmark/inference_ms,31.806858
1779724868.805,/benchmark/inference_ms,31.893543
1779724868.853,/benchmark/inference_ms,27.032112
1779724868.906,/benchmark/inference_ms,32.514706
1779724868.958,/benchmark/inference_ms,32.162685
1779724869.008,/benchmark/inference_ms,31.801418
1779724869.062,/benchmark/inference_ms,31.698063
1779724869.111,/benchmark/inference_ms,31.078436
1779724869.163,/benchmark/inference_ms,31.597811
1779724869.213,/benchmark/inference_ms,31.555250
1779724869.263,/benchmark/inference_ms,31.666672
1779724869.314,/benchmark/inference_ms,30.234465
1779724869.368,/benchmark/inference_ms,32.947491
1779724869.422,/benchmark/inference_ms,32.303097
1779724869.476,/benchmark/inference_ms,32.910530
1779724869.526,/benchmark/inference_ms,29.369503
1779724869.592,/benchmark/inference_ms,32.299515
1779724869.632,/benchmark/inference_ms,31.592882
1779724869.685,/benchmark/inference_ms,33.045090
1779724869.738,/benchmark/inference_ms,33.159004
1779724869.788,/benchmark/inference_ms,31.139938
1779724869.838,/benchmark/inference_ms,31.675280
1779724869.892,/benchmark/inference_ms,32.968418
1779724869.945,/benchmark/inference_ms,30.964041
1779724869.993,/benchmark/inference_ms,28.179562
1779724870.044,/benchmark/inference_ms,30.692945
1779724870.098,/benchmark/inference_ms,32.877220
1779724870.150,/benchmark/inference_ms,32.110657
1779724870.200,/benchmark/inference_ms,31.134722
1779724870.269,/benchmark/inference_ms,32.836231
1779724870.309,/benchmark/inference_ms,32.681133
1779724870.362,/benchmark/inference_ms,33.012386
1779724870.412,/benchmark/inference_ms,31.786058
1779724870.463,/benchmark/inference_ms,31.946533
1779724870.516,/benchmark/inference_ms,31.795628
1779724870.565,/benchmark/inference_ms,31.770315
1779724870.616,/benchmark/inference_ms,32.099201
1779724870.666,/benchmark/inference_ms,30.211170
1779724870.719,/benchmark/inference_ms,31.270460
1779724870.768,/benchmark/inference_ms,31.841675
1779724870.819,/benchmark/inference_ms,31.947622
1779724870.873,/benchmark/inference_ms,31.913416
1779724870.924,/benchmark/inference_ms,32.400822
1779724870.978,/benchmark/inference_ms,33.210487
1779724871.031,/benchmark/inference_ms,31.004997
1779724871.080,/benchmark/inference_ms,30.964424
1779724871.129,/benchmark/inference_ms,27.291018
1779724871.181,/benchmark/inference_ms,31.749580
1779724871.230,/benchmark/inference_ms,31.652880
1779724871.283,/benchmark/inference_ms,31.540115
1779724871.335,/benchmark/inference_ms,32.860870
1779724871.388,/benchmark/inference_ms,32.726475
1779724871.442,/benchmark/inference_ms,32.748203
1779724871.493,/benchmark/inference_ms,31.236799
1779724871.547,/benchmark/inference_ms,32.501331
1779724871.597,/benchmark/inference_ms,29.055691
1779724871.648,/benchmark/inference_ms,32.864677
1779724871.703,/benchmark/inference_ms,32.535313
1779724871.756,/benchmark/inference_ms,32.213791
1779724871.808,/benchmark/inference_ms,32.050243
1779724871.857,/benchmark/inference_ms,30.807884
1779724871.910,/benchmark/inference_ms,32.790600
1779724871.964,/benchmark/inference_ms,32.902630
1779724872.016,/benchmark/inference_ms,32.225082
1779724872.063,/benchmark/inference_ms,28.648346
1779724872.114,/benchmark/inference_ms,31.084995
1779724872.165,/benchmark/inference_ms,30.996872
1779724872.220,/benchmark/inference_ms,31.699471
1779724872.272,/benchmark/inference_ms,31.965572
1779724872.323,/benchmark/inference_ms,31.616241
1779724872.375,/benchmark/inference_ms,32.195419
1779724872.427,/benchmark/inference_ms,32.316120
1779724872.478,/benchmark/inference_ms,32.079010
1779724872.531,/benchmark/inference_ms,30.919146
1779724872.582,/benchmark/inference_ms,31.873096
1779724872.635,/benchmark/inference_ms,32.698189
1779724872.688,/benchmark/inference_ms,32.706825
1779724872.734,/benchmark/inference_ms,26.594208
1779724872.786,/benchmark/inference_ms,32.471764
1779724872.837,/benchmark/inference_ms,32.559986
1779724872.895,/benchmark/inference_ms,31.253372
1779724872.942,/benchmark/inference_ms,32.120193
1779724872.996,/benchmark/inference_ms,32.664589
1779724873.045,/benchmark/inference_ms,31.881544
1779724873.098,/benchmark/inference_ms,32.335640
1779724873.147,/benchmark/inference_ms,31.686159
1779724873.196,/benchmark/inference_ms,29.293123
1779724873.248,/benchmark/inference_ms,32.903587
1779724873.302,/benchmark/inference_ms,32.821289
1779724873.355,/benchmark/inference_ms,32.385429
1779724873.407,/benchmark/inference_ms,31.778637
1779724873.460,/benchmark/inference_ms,32.335354
1779724873.514,/benchmark/inference_ms,32.880611
1779724873.567,/benchmark/inference_ms,32.686317
1779724873.619,/benchmark/inference_ms,32.049763
1779724873.667,/benchmark/inference_ms,28.366499
1779724873.721,/benchmark/inference_ms,32.416019
1779724873.771,/benchmark/inference_ms,31.883560
1779724873.824,/benchmark/inference_ms,31.772268
1779724873.876,/benchmark/inference_ms,33.027935
1779724873.929,/benchmark/inference_ms,32.378712
1779724873.979,/benchmark/inference_ms,32.426743
1779724874.033,/benchmark/inference_ms,32.246681
1779724874.087,/benchmark/inference_ms,32.346359
1779724874.133,/benchmark/inference_ms,28.518749
1779724874.188,/benchmark/inference_ms,32.349209
1779724874.240,/benchmark/inference_ms,32.288696
1779724874.292,/benchmark/inference_ms,32.237469
1779724874.344,/benchmark/inference_ms,29.795120
1779724874.395,/benchmark/inference_ms,31.326653
1779724874.449,/benchmark/inference_ms,32.916805
1779724874.503,/benchmark/inference_ms,32.593777
1779724874.556,/benchmark/inference_ms,33.123451
1779724874.608,/benchmark/inference_ms,31.214878
1779724874.659,/benchmark/inference_ms,31.889288
1779724874.712,/benchmark/inference_ms,32.389912
1779724874.766,/benchmark/inference_ms,31.950886
1779724874.815,/benchmark/inference_ms,28.752052
1779724874.868,/benchmark/inference_ms,32.818855
1779724874.922,/benchmark/inference_ms,32.459442
1779724874.976,/benchmark/inference_ms,32.894501
1779724875.029,/benchmark/inference_ms,32.092354
1779724875.081,/benchmark/inference_ms,32.036034
1779724875.134,/benchmark/inference_ms,31.690254
1779724875.184,/benchmark/inference_ms,32.103809
1779724875.238,/benchmark/inference_ms,32.802151
1779724875.288,/benchmark/inference_ms,30.862509
1779724875.342,/benchmark/inference_ms,32.637390
1779724875.393,/benchmark/inference_ms,31.937222
1779724875.447,/benchmark/inference_ms,32.487827
1779724875.492,/benchmark/inference_ms,24.239986
1779724875.545,/benchmark/inference_ms,31.451990
1779724875.594,/benchmark/inference_ms,31.491095
1779724875.647,/benchmark/inference_ms,31.538708
1779724875.699,/benchmark/inference_ms,32.431190
1779724875.751,/benchmark/inference_ms,31.871626
1779724875.804,/benchmark/inference_ms,32.448627
1779724875.860,/benchmark/inference_ms,34.119930
1779724875.914,/benchmark/inference_ms,32.110081
1779724875.962,/benchmark/inference_ms,28.709623
1779724876.014,/benchmark/inference_ms,31.389145
1779724876.068,/benchmark/inference_ms,33.074593
1779724876.121,/benchmark/inference_ms,32.502258
1779724876.175,/benchmark/inference_ms,31.049381
1779724876.227,/benchmark/inference_ms,32.619373
1779724876.275,/benchmark/inference_ms,31.375546
1779724876.327,/benchmark/inference_ms,31.673840
1779724876.381,/benchmark/inference_ms,31.577074
1779724876.432,/benchmark/inference_ms,30.759760
1779724876.481,/benchmark/inference_ms,31.201408
1779724876.535,/benchmark/inference_ms,31.973541
1779724876.587,/benchmark/inference_ms,31.490902
1779724876.637,/benchmark/inference_ms,30.143909
1779724876.690,/benchmark/inference_ms,32.692684
1779724876.744,/benchmark/inference_ms,31.921638
1779724876.797,/benchmark/inference_ms,32.275963
1779724876.851,/benchmark/inference_ms,32.419445
1779724876.906,/benchmark/inference_ms,32.896900
1779724876.959,/benchmark/inference_ms,32.118305
1779724877.013,/benchmark/inference_ms,31.356890
1779724877.064,/benchmark/inference_ms,32.707722
1779724877.114,/benchmark/inference_ms,29.788147
1779724877.170,/benchmark/inference_ms,31.085123
1779724877.219,/benchmark/inference_ms,32.372887
1779724877.270,/benchmark/inference_ms,32.100323
1779724877.325,/benchmark/inference_ms,30.924841
1779724877.378,/benchmark/inference_ms,31.564051
1779724877.432,/benchmark/inference_ms,32.982113
1779724877.484,/benchmark/inference_ms,31.616945
1779724877.534,/benchmark/inference_ms,30.900650
1779724877.586,/benchmark/inference_ms,31.839050
1779724877.639,/benchmark/inference_ms,31.747276
1779724877.693,/benchmark/inference_ms,31.469143
1779724877.745,/benchmark/inference_ms,33.003105
1779724877.790,/benchmark/inference_ms,24.218706
1779724877.843,/benchmark/inference_ms,32.237755
1779724877.897,/benchmark/inference_ms,31.857128
1779724877.950,/benchmark/inference_ms,33.054783
1779724878.004,/benchmark/inference_ms,32.260826
1779724878.057,/benchmark/inference_ms,31.688398
1779724878.107,/benchmark/inference_ms,32.267673
1779724878.158,/benchmark/inference_ms,31.679119
1779724878.211,/benchmark/inference_ms,31.665039
1779724878.264,/benchmark/inference_ms,31.244320
1779724878.316,/benchmark/inference_ms,31.494581
1779724878.369,/benchmark/inference_ms,31.878601
1779724878.418,/benchmark/inference_ms,31.546387
1779724878.472,/benchmark/inference_ms,32.081921
1779724878.528,/benchmark/inference_ms,32.712811
1779724878.577,/benchmark/inference_ms,31.673872
1779724878.630,/benchmark/inference_ms,32.295418
1779724878.683,/benchmark/inference_ms,31.126499
1779724878.735,/benchmark/inference_ms,31.988676
1779724878.788,/benchmark/inference_ms,32.187294
1779724878.839,/benchmark/inference_ms,31.586226
1779724878.892,/benchmark/inference_ms,32.031265
1779724878.939,/benchmark/inference_ms,26.935574
1779724878.990,/benchmark/inference_ms,31.490934
1779724879.041,/benchmark/inference_ms,31.277054
1779724879.094,/benchmark/inference_ms,31.876265
1779724879.147,/benchmark/inference_ms,32.429302
1779724879.200,/benchmark/inference_ms,31.909351
1779724879.254,/benchmark/inference_ms,32.418163
1779724879.307,/benchmark/inference_ms,32.772522
1779724879.359,/benchmark/inference_ms,32.173119
1779724879.403,/benchmark/inference_ms,23.014717
1779724879.455,/benchmark/inference_ms,32.740715
1779724879.506,/benchmark/inference_ms,31.768429
1779724879.559,/benchmark/inference_ms,32.798664
1779724879.611,/benchmark/inference_ms,32.919525
1779724879.664,/benchmark/inference_ms,32.751625
1779724879.718,/benchmark/inference_ms,32.039845
1779724879.772,/benchmark/inference_ms,32.267899
1779724879.825,/benchmark/inference_ms,31.388218
1779724879.871,/benchmark/inference_ms,27.733591
1779724879.925,/benchmark/inference_ms,32.471157
1779724879.978,/benchmark/inference_ms,32.001862
1779724880.034,/benchmark/inference_ms,33.447411
1779724880.087,/benchmark/inference_ms,32.540913
1779724880.140,/benchmark/inference_ms,32.024963
1779724880.195,/benchmark/inference_ms,32.409653
1779724880.248,/benchmark/inference_ms,32.947781
1779724880.300,/benchmark/inference_ms,31.103523
1779724880.353,/benchmark/inference_ms,31.158529
1779724880.404,/benchmark/inference_ms,31.163874
1779724880.456,/benchmark/inference_ms,32.735245
1779724880.510,/benchmark/inference_ms,32.509331
1779724880.555,/benchmark/inference_ms,25.103603
1779724880.607,/benchmark/inference_ms,32.564144
1779724880.675,/benchmark/inference_ms,32.359928
1779724880.715,/benchmark/inference_ms,32.737770
1779724880.780,/benchmark/inference_ms,31.794090
1779724880.820,/benchmark/inference_ms,33.006687
1779724880.874,/benchmark/inference_ms,32.333050
1779724880.923,/benchmark/inference_ms,32.382168
1779724880.976,/benchmark/inference_ms,32.216732
1779724881.023,/benchmark/inference_ms,27.019344
1779724881.077,/benchmark/inference_ms,32.187069
1779724881.129,/benchmark/inference_ms,31.681040
1779724881.182,/benchmark/inference_ms,32.485714
1779724881.235,/benchmark/inference_ms,31.986692
1779724881.288,/benchmark/inference_ms,32.404343
1779724881.340,/benchmark/inference_ms,31.708782
1779724881.391,/benchmark/inference_ms,32.004642
1779724881.442,/benchmark/inference_ms,31.788940
1779724881.495,/benchmark/inference_ms,30.766064
1779724881.547,/benchmark/inference_ms,32.149216
1779724881.598,/benchmark/inference_ms,32.430229
1779724881.651,/benchmark/inference_ms,32.778919
1779724881.704,/benchmark/inference_ms,33.143356
1779724881.759,/benchmark/inference_ms,32.650414
1779724881.813,/benchmark/inference_ms,32.385429
1779724881.866,/benchmark/inference_ms,31.833067
1779724881.916,/benchmark/inference_ms,32.902725
1779724881.969,/benchmark/inference_ms,30.901449
1779724882.023,/benchmark/inference_ms,32.360790
1779724882.076,/benchmark/inference_ms,32.411732
1779724882.128,/benchmark/inference_ms,31.944870
1779724882.174,/benchmark/inference_ms,27.709337
1779724882.226,/benchmark/inference_ms,31.693199
1779724882.279,/benchmark/inference_ms,31.188608
1779724882.332,/benchmark/inference_ms,32.977219
1779724882.385,/benchmark/inference_ms,32.650734
1779724882.436,/benchmark/inference_ms,31.940742
1779724882.489,/benchmark/inference_ms,31.422520
1779724882.539,/benchmark/inference_ms,31.573748
1779724882.592,/benchmark/inference_ms,32.871204
1779724882.638,/benchmark/inference_ms,23.937630
1779724882.691,/benchmark/inference_ms,32.190044
1779724882.743,/benchmark/inference_ms,31.679054
1779724882.800,/benchmark/inference_ms,32.968929
1779724882.846,/benchmark/inference_ms,31.278429
1779724882.898,/benchmark/inference_ms,31.361177
1779724882.952,/benchmark/inference_ms,32.527763
1779724883.005,/benchmark/inference_ms,32.856548
1779724883.056,/benchmark/inference_ms,31.932806
1779724883.102,/benchmark/inference_ms,26.200302
1779724883.155,/benchmark/inference_ms,31.889704
1779724883.209,/benchmark/inference_ms,32.272156
1779724883.260,/benchmark/inference_ms,33.200409
1779724883.314,/benchmark/inference_ms,32.433971
1779724883.367,/benchmark/inference_ms,32.916676
1779724883.418,/benchmark/inference_ms,31.615793
1779724883.470,/benchmark/inference_ms,31.477045
1779724883.522,/benchmark/inference_ms,32.934177
1779724883.566,/benchmark/inference_ms,24.348175
1779724883.620,/benchmark/inference_ms,32.202747
1779724883.673,/benchmark/inference_ms,32.916290
1779724883.724,/benchmark/inference_ms,32.132896
1779724883.776,/benchmark/inference_ms,31.497940
1779724883.827,/benchmark/inference_ms,31.616497
1779724883.880,/benchmark/inference_ms,30.997831
1779724883.930,/benchmark/inference_ms,31.038086
1779724883.981,/benchmark/inference_ms,31.289597
1779724884.031,/benchmark/inference_ms,29.167591
1779724884.082,/benchmark/inference_ms,31.063173
1779724884.135,/benchmark/inference_ms,30.797102
1779724884.188,/benchmark/inference_ms,32.416855
1779724884.237,/benchmark/inference_ms,32.177631
1779724884.285,/benchmark/inference_ms,28.491550
1779724884.336,/benchmark/inference_ms,31.776108
1779724884.390,/benchmark/inference_ms,32.299992
1779724884.438,/benchmark/inference_ms,31.683502
1779724884.490,/benchmark/inference_ms,32.015972
1779724884.541,/benchmark/inference_ms,32.186878
1779724884.595,/benchmark/inference_ms,32.123199
1779724884.648,/benchmark/inference_ms,32.612206
1779724884.701,/benchmark/inference_ms,32.857445
1779724884.750,/benchmark/inference_ms,29.541178
1779724884.816,/benchmark/inference_ms,33.267895
1779724884.857,/benchmark/inference_ms,31.562899
1779724884.905,/benchmark/inference_ms,31.841322
1779724884.957,/benchmark/inference_ms,31.245663
1779724885.011,/benchmark/inference_ms,31.629745
1779724885.062,/benchmark/inference_ms,32.590385
1779724885.116,/benchmark/inference_ms,32.933380
1779724885.169,/benchmark/inference_ms,32.542290
1779724885.223,/benchmark/inference_ms,31.085987
1779724885.275,/benchmark/inference_ms,31.429913
1779724885.328,/benchmark/inference_ms,31.656303
1779724885.377,/benchmark/inference_ms,31.478294
1779724885.427,/benchmark/inference_ms,29.448669
1779724885.484,/benchmark/inference_ms,32.758026
1779724885.537,/benchmark/inference_ms,32.967396
1779724885.586,/benchmark/inference_ms,31.006760
1779724885.637,/benchmark/inference_ms,31.804714
1779724885.691,/benchmark/inference_ms,32.759689
1779724885.742,/benchmark/inference_ms,31.534067
1779724885.791,/benchmark/inference_ms,32.220219
1779724885.844,/benchmark/inference_ms,31.945190
1779724885.894,/benchmark/inference_ms,31.263550
1779724885.946,/benchmark/inference_ms,31.600145
1779724885.998,/benchmark/inference_ms,31.180033
1779724886.048,/benchmark/inference_ms,30.972073
1779724886.102,/benchmark/inference_ms,31.496534
1779724886.149,/benchmark/inference_ms,28.645882
1779724886.202,/benchmark/inference_ms,31.304092
1779724886.251,/benchmark/inference_ms,31.147938
1779724886.305,/benchmark/inference_ms,31.508884
1779724886.354,/benchmark/inference_ms,31.500727
1779724886.406,/benchmark/inference_ms,32.393398
1779724886.463,/benchmark/inference_ms,32.538288
1779724886.517,/benchmark/inference_ms,32.400566
1779724886.570,/benchmark/inference_ms,33.039360
1779724886.624,/benchmark/inference_ms,31.809355
1779724886.675,/benchmark/inference_ms,32.282269
1779724886.727,/benchmark/inference_ms,31.755213
1779724886.779,/benchmark/inference_ms,31.833994
1779724886.831,/benchmark/inference_ms,29.980843
1779724886.882,/benchmark/inference_ms,33.207100
1779724886.936,/benchmark/inference_ms,32.816040
1779724886.990,/benchmark/inference_ms,33.189178
1779724887.042,/benchmark/inference_ms,32.214878
1779724887.095,/benchmark/inference_ms,31.853226
1779724887.146,/benchmark/inference_ms,31.219488
1779724887.198,/benchmark/inference_ms,31.456823
1779724887.248,/benchmark/inference_ms,31.284573
1779724887.296,/benchmark/inference_ms,28.212168
1779724887.349,/benchmark/inference_ms,32.626255
1779724887.403,/benchmark/inference_ms,31.709679
1779724887.452,/benchmark/inference_ms,31.798698
1779724887.504,/benchmark/inference_ms,32.069443
1779724887.557,/benchmark/inference_ms,32.306393
1779724887.611,/benchmark/inference_ms,33.226040
1779724887.662,/benchmark/inference_ms,32.206043
1779724887.716,/benchmark/inference_ms,32.440468
1779724887.762,/benchmark/inference_ms,26.721052
1779724887.815,/benchmark/inference_ms,31.233536
1779724887.865,/benchmark/inference_ms,31.571379
1779724887.918,/benchmark/inference_ms,31.507893
1779724887.970,/benchmark/inference_ms,31.692047
1779724888.016,/benchmark/inference_ms,28.471392
1779724888.067,/benchmark/inference_ms,31.452150
1779724888.120,/benchmark/inference_ms,31.803244
1779724888.169,/benchmark/inference_ms,31.442104
1779724888.222,/benchmark/inference_ms,32.201340
1779724888.273,/benchmark/inference_ms,32.845833
1779724888.327,/benchmark/inference_ms,32.036419
1779724888.380,/benchmark/inference_ms,32.696907
1779724888.430,/benchmark/inference_ms,31.627474
1779724888.483,/benchmark/inference_ms,30.112198
1779724888.538,/benchmark/inference_ms,33.183834
1779724888.586,/benchmark/inference_ms,31.037926
1779724888.637,/benchmark/inference_ms,30.879435
1779724888.690,/benchmark/inference_ms,31.462168
1779724888.742,/benchmark/inference_ms,32.531826
1779724888.792,/benchmark/inference_ms,32.062851
1779724888.845,/benchmark/inference_ms,32.869221
1779724888.897,/benchmark/inference_ms,31.279388
1779724888.945,/benchmark/inference_ms,27.801399
1779724888.995,/benchmark/inference_ms,32.104801
1779724889.047,/benchmark/inference_ms,31.986086
1779724889.097,/benchmark/inference_ms,32.178398
1779724889.149,/benchmark/inference_ms,31.445879
1779724889.203,/benchmark/inference_ms,33.079166
1779724889.253,/benchmark/inference_ms,31.069445
1779724889.305,/benchmark/inference_ms,30.837645
1779724889.356,/benchmark/inference_ms,32.357368
1779724889.406,/benchmark/inference_ms,25.904600
1779724889.453,/benchmark/inference_ms,33.062462
1779724889.505,/benchmark/inference_ms,31.977060
1779724889.556,/benchmark/inference_ms,31.938599
1779724889.607,/benchmark/inference_ms,31.831081
1779724889.659,/benchmark/inference_ms,32.708714
1779724889.710,/benchmark/inference_ms,31.569588
1779724889.763,/benchmark/inference_ms,31.676943
1779724889.815,/benchmark/inference_ms,31.969093
1779724889.867,/benchmark/inference_ms,32.035908
1779724889.918,/benchmark/inference_ms,30.921738
1779724889.967,/benchmark/inference_ms,31.618961
1779724890.020,/benchmark/inference_ms,31.711502
1779724890.074,/benchmark/inference_ms,31.951494
1779724890.121,/benchmark/inference_ms,30.206499
1779724890.176,/benchmark/inference_ms,32.706985
1779724890.227,/benchmark/inference_ms,32.931747
1779724890.282,/benchmark/inference_ms,32.413494
1779724890.334,/benchmark/inference_ms,32.417301
1779724890.388,/benchmark/inference_ms,32.070244
1779724890.438,/benchmark/inference_ms,31.753740
1779724890.494,/benchmark/inference_ms,32.670284
1779724890.546,/benchmark/inference_ms,33.055008
1779724890.599,/benchmark/inference_ms,32.433876
1779724890.652,/benchmark/inference_ms,32.490131
1779724890.704,/benchmark/inference_ms,31.711214
1779724890.754,/benchmark/inference_ms,32.093121
1779724890.803,/benchmark/inference_ms,29.830736
1779724890.853,/benchmark/inference_ms,31.437241
1779724890.904,/benchmark/inference_ms,32.319000
1779724890.956,/benchmark/inference_ms,32.439445
1779724891.009,/benchmark/inference_ms,32.510674
1779724891.057,/benchmark/inference_ms,28.864531
1779724891.111,/benchmark/inference_ms,32.436916
1779724891.161,/benchmark/inference_ms,31.198721
1779724891.216,/benchmark/inference_ms,33.126686
1779724891.268,/benchmark/inference_ms,32.735050
1779724891.321,/benchmark/inference_ms,31.697775
1779724891.371,/benchmark/inference_ms,31.863209
1779724891.424,/benchmark/inference_ms,31.937574
1779724891.477,/benchmark/inference_ms,32.925701
1779724891.526,/benchmark/inference_ms,28.681208
1779724891.589,/benchmark/inference_ms,31.747917
1779724891.641,/benchmark/inference_ms,32.131969
1779724891.693,/benchmark/inference_ms,32.344471
1779724891.740,/benchmark/inference_ms,28.750454
1779724891.793,/benchmark/inference_ms,32.312634
1779724891.845,/benchmark/inference_ms,32.008484
1779724891.894,/benchmark/inference_ms,31.944550
1779724891.947,/benchmark/inference_ms,32.765736
1779724891.998,/benchmark/inference_ms,30.697746
1779724892.052,/benchmark/inference_ms,32.484787
1779724892.105,/benchmark/inference_ms,32.560177
1779724892.160,/benchmark/inference_ms,32.704109
1779724892.208,/benchmark/inference_ms,30.232353
1779724892.260,/benchmark/inference_ms,31.699631
1779724892.313,/benchmark/inference_ms,31.762508
1779724892.363,/benchmark/inference_ms,31.608049
1779724892.414,/benchmark/inference_ms,31.899273
1779724892.464,/benchmark/inference_ms,28.595387
1779724892.514,/benchmark/inference_ms,31.466423
1779724892.568,/benchmark/inference_ms,31.815468
1779724892.619,/benchmark/inference_ms,32.071396
1779724892.668,/benchmark/inference_ms,32.073952
1779724892.720,/benchmark/inference_ms,31.238302
1779724892.773,/benchmark/inference_ms,31.850569
1779724892.822,/benchmark/inference_ms,31.975430
1779724892.873,/benchmark/inference_ms,31.592754
1779724892.918,/benchmark/inference_ms,24.584007
1779724892.971,/benchmark/inference_ms,31.584146
1779724893.025,/benchmark/inference_ms,31.961637
1779724893.074,/benchmark/inference_ms,32.162910
1779724893.125,/benchmark/inference_ms,31.872585
1779724893.180,/benchmark/inference_ms,32.627663
1779724893.229,/benchmark/inference_ms,30.798925
1779724893.281,/benchmark/inference_ms,31.028997
1779724893.331,/benchmark/inference_ms,30.962313
1779724893.383,/benchmark/inference_ms,31.417433
1779724893.436,/benchmark/inference_ms,32.076160
1779724893.489,/benchmark/inference_ms,32.086147
1779724893.543,/benchmark/inference_ms,32.765896
1779724893.595,/benchmark/inference_ms,31.552980
1779724893.645,/benchmark/inference_ms,31.443735
1779724893.698,/benchmark/inference_ms,31.964518
1779724893.747,/benchmark/inference_ms,31.764524
1779724893.801,/benchmark/inference_ms,31.290876
1779724893.854,/benchmark/inference_ms,32.773609
1779724893.903,/benchmark/inference_ms,31.630384
1779724893.955,/benchmark/inference_ms,30.987272
1779724894.008,/benchmark/inference_ms,31.212320
1779724894.061,/benchmark/inference_ms,35.801601
1779724894.109,/benchmark/inference_ms,28.598459
1779724894.163,/benchmark/inference_ms,31.890535
1779724894.214,/benchmark/inference_ms,31.647280
1779724894.270,/benchmark/inference_ms,32.133568
1779724894.323,/benchmark/inference_ms,32.314713
1779724894.376,/benchmark/inference_ms,32.961475
1779724894.428,/benchmark/inference_ms,33.082172
1779724894.481,/benchmark/inference_ms,32.607021
1779724894.535,/benchmark/inference_ms,32.939205
1779724894.587,/benchmark/inference_ms,32.083778
1779724894.638,/benchmark/inference_ms,31.690639
1779724894.691,/benchmark/inference_ms,31.669935
1779724894.741,/benchmark/inference_ms,32.209274
1779724894.795,/benchmark/inference_ms,31.933094
1779724894.847,/benchmark/inference_ms,31.758221
1779724894.897,/benchmark/inference_ms,31.807276
1779724894.948,/benchmark/inference_ms,31.919880
1779724895.000,/benchmark/inference_ms,32.044834
1779724895.048,/benchmark/inference_ms,28.627802
1779724895.101,/benchmark/inference_ms,31.731405
1779724895.150,/benchmark/inference_ms,31.977701
1779724895.201,/benchmark/inference_ms,31.984804
1779724895.252,/benchmark/inference_ms,32.165054
1779724895.305,/benchmark/inference_ms,32.481812
1779724895.355,/benchmark/inference_ms,31.982500
1779724895.407,/benchmark/inference_ms,32.006310
1779724895.458,/benchmark/inference_ms,31.668848
1779724895.504,/benchmark/inference_ms,27.614429
1779724895.557,/benchmark/inference_ms,32.650349
1779724895.614,/benchmark/inference_ms,32.307098
1779724895.661,/benchmark/inference_ms,32.281467
1779724895.713,/benchmark/inference_ms,32.383671
1779724895.761,/benchmark/inference_ms,28.754103
1779724895.812,/benchmark/inference_ms,31.754732
1779724895.864,/benchmark/inference_ms,31.823690
1779724895.914,/benchmark/inference_ms,31.970789
1779724895.965,/benchmark/inference_ms,32.192543
1779724896.017,/benchmark/inference_ms,32.915619
1779724896.068,/benchmark/inference_ms,32.026947
1779724896.120,/benchmark/inference_ms,32.032516
1779724896.171,/benchmark/inference_ms,32.134209
1779724896.215,/benchmark/inference_ms,25.084724
1779724896.268,/benchmark/inference_ms,31.003016
1779724896.318,/benchmark/inference_ms,31.539349
1779724896.371,/benchmark/inference_ms,32.227676
1779724896.424,/benchmark/inference_ms,32.680397
1779724896.476,/benchmark/inference_ms,32.702667
1779724896.527,/benchmark/inference_ms,31.628145
1779724896.579,/benchmark/inference_ms,31.951975
1779724896.633,/benchmark/inference_ms,31.824202
1779724896.681,/benchmark/inference_ms,31.782219
1779724896.732,/benchmark/inference_ms,31.112642
1779724896.783,/benchmark/inference_ms,31.713966
1779724896.836,/benchmark/inference_ms,31.553940
1779724896.888,/benchmark/inference_ms,31.903816
1779724896.930,/benchmark/inference_ms,23.483852
1779724896.982,/benchmark/inference_ms,32.780331
1779724897.035,/benchmark/inference_ms,32.045059
1779724897.088,/benchmark/inference_ms,32.961025
1779724897.140,/benchmark/inference_ms,32.183357
1779724897.195,/benchmark/inference_ms,31.846218
1779724897.243,/benchmark/inference_ms,32.106689
1779724897.296,/benchmark/inference_ms,32.206268
1779724897.346,/benchmark/inference_ms,32.551762
1779724897.398,/benchmark/inference_ms,31.589521
1779724897.447,/benchmark/inference_ms,31.217249
1779724897.504,/benchmark/inference_ms,32.322872
1779724897.550,/benchmark/inference_ms,31.779053
1779724897.602,/benchmark/inference_ms,32.481686
1779724897.651,/benchmark/inference_ms,30.806414
1779724897.704,/benchmark/inference_ms,32.222782
1779724897.756,/benchmark/inference_ms,31.755501
1779724897.806,/benchmark/inference_ms,32.008644
1779724897.858,/benchmark/inference_ms,31.513845
1779724897.907,/benchmark/inference_ms,31.802668
1779724897.960,/benchmark/inference_ms,32.035522
1779724898.009,/benchmark/inference_ms,32.325336
1779724898.062,/benchmark/inference_ms,32.555283
1779724898.110,/benchmark/inference_ms,28.902672
1779724898.163,/benchmark/inference_ms,32.724682
1779724898.214,/benchmark/inference_ms,32.096451
1779724898.266,/benchmark/inference_ms,31.963493
1779724898.315,/benchmark/inference_ms,32.134815
1779724898.363,/benchmark/inference_ms,28.207657
1779724898.414,/benchmark/inference_ms,31.069475
1779724898.467,/benchmark/inference_ms,31.797579
1779724898.522,/benchmark/inference_ms,33.073025
1779724898.573,/benchmark/inference_ms,31.519924
1779724898.624,/benchmark/inference_ms,31.171938
1779724898.677,/benchmark/inference_ms,31.026215
1779724898.728,/benchmark/inference_ms,32.031841
1779724898.783,/benchmark/inference_ms,32.353046
1779724898.829,/benchmark/inference_ms,28.016975
1779724898.880,/benchmark/inference_ms,31.779789
1779724898.934,/benchmark/inference_ms,32.634701
1779724898.987,/benchmark/inference_ms,32.776299
1779724899.039,/benchmark/inference_ms,32.386742
1779724899.092,/benchmark/inference_ms,32.824745
1779724899.145,/benchmark/inference_ms,31.899912
1779724899.193,/benchmark/inference_ms,31.719023
1779724899.244,/benchmark/inference_ms,32.088352
1779724899.291,/benchmark/inference_ms,27.594301
1779724899.344,/benchmark/inference_ms,30.978825
1779724899.392,/benchmark/inference_ms,31.652369
1779724899.444,/benchmark/inference_ms,31.809835
1779724899.499,/benchmark/inference_ms,34.243767
1779724899.549,/benchmark/inference_ms,28.986605
1779724899.601,/benchmark/inference_ms,32.569103
1779724899.652,/benchmark/inference_ms,31.307549
1779724899.707,/benchmark/inference_ms,33.274681
1779724899.760,/benchmark/inference_ms,32.871971
1779724899.814,/benchmark/inference_ms,31.399899
1779724899.863,/benchmark/inference_ms,30.906763
1779724899.917,/benchmark/inference_ms,32.912579
1779724899.970,/benchmark/inference_ms,30.897547
1779724900.016,/benchmark/inference_ms,28.559259
1779724900.069,/benchmark/inference_ms,32.026882
1779724900.119,/benchmark/inference_ms,31.624689
1779724900.172,/benchmark/inference_ms,32.302715
1779724900.221,/benchmark/inference_ms,31.571156
1779724900.274,/benchmark/inference_ms,31.744717
1779724900.323,/benchmark/inference_ms,32.094978
1779724900.376,/benchmark/inference_ms,31.080870
1779724900.426,/benchmark/inference_ms,31.171906
1779724900.475,/benchmark/inference_ms,29.085962
1779724900.518,/benchmark/inference_ms,21.644205
1779724900.558,/benchmark/inference_ms,21.804775
1779724900.600,/benchmark/inference_ms,21.762154
1779724900.643,/benchmark/inference_ms,21.852934
1779724900.683,/benchmark/inference_ms,21.717579
1779724900.725,/benchmark/inference_ms,21.506769
1779724900.764,/benchmark/inference_ms,21.333466
1779724900.806,/benchmark/inference_ms,21.690987
1779724900.847,/benchmark/inference_ms,21.808489
1779724900.889,/benchmark/inference_ms,21.402102
1779724900.931,/benchmark/inference_ms,21.766857
1779724900.973,/benchmark/inference_ms,21.783497
1779724901.014,/benchmark/inference_ms,21.968002
1779724901.056,/benchmark/inference_ms,21.678221
1779724901.096,/benchmark/inference_ms,21.900291
1779724901.137,/benchmark/inference_ms,21.706762
1779724901.178,/benchmark/inference_ms,21.886757
1779724901.219,/benchmark/inference_ms,22.010178
1779724901.260,/benchmark/inference_ms,23.227766
1779724901.305,/benchmark/inference_ms,23.488716
1779724901.350,/benchmark/inference_ms,23.362640
1779724901.395,/benchmark/inference_ms,23.103899
1779724901.441,/benchmark/inference_ms,23.258356
1779724901.483,/benchmark/inference_ms,23.490637
1779724901.528,/benchmark/inference_ms,24.175508
1779724901.573,/benchmark/inference_ms,23.860640
1779724901.618,/benchmark/inference_ms,23.906559
1779724901.662,/benchmark/inference_ms,23.890270
1779724901.705,/benchmark/inference_ms,23.927742
1779724901.750,/benchmark/inference_ms,23.814178
1779724901.796,/benchmark/inference_ms,24.079449
1779724901.842,/benchmark/inference_ms,24.254259
1779724901.888,/benchmark/inference_ms,24.585798
1779724901.933,/benchmark/inference_ms,24.031162
1779724901.978,/benchmark/inference_ms,23.688007
1779724902.024,/benchmark/inference_ms,23.989435
1779724902.069,/benchmark/inference_ms,23.888447
1779724902.114,/benchmark/inference_ms,23.891262
1779724902.160,/benchmark/inference_ms,24.043289
1779724902.205,/benchmark/inference_ms,23.898207
1779724902.250,/benchmark/inference_ms,23.833345
1779724902.295,/benchmark/inference_ms,23.981756
1779724902.340,/benchmark/inference_ms,23.889568
1779724902.385,/benchmark/inference_ms,24.187380
1779724902.431,/benchmark/inference_ms,23.867710
1779724902.475,/benchmark/inference_ms,24.288946
1779724902.520,/benchmark/inference_ms,24.298098
1779724902.565,/benchmark/inference_ms,23.907230
1779724902.611,/benchmark/inference_ms,24.064632
1779724902.656,/benchmark/inference_ms,24.214516
1779724902.701,/benchmark/inference_ms,24.000795
1779724902.746,/benchmark/inference_ms,24.008890
1779724902.791,/benchmark/inference_ms,23.805155
1779724902.852,/benchmark/inference_ms,24.141335
1779724902.883,/benchmark/inference_ms,23.819714
1779724902.927,/benchmark/inference_ms,23.902685
1779724902.971,/benchmark/inference_ms,23.712805
1779724903.017,/benchmark/inference_ms,24.011898
1779724903.063,/benchmark/inference_ms,24.694115
1779724903.110,/benchmark/inference_ms,23.916414
1779724903.155,/benchmark/inference_ms,24.039001
1779724903.201,/benchmark/inference_ms,23.943485
1779724903.246,/benchmark/inference_ms,23.794468
1779724903.292,/benchmark/inference_ms,24.092695
1779724903.337,/benchmark/inference_ms,24.105656
1779724903.381,/benchmark/inference_ms,23.869888
1779724903.426,/benchmark/inference_ms,23.939709
1779724903.471,/benchmark/inference_ms,23.852608
1779724903.516,/benchmark/inference_ms,23.958908
1779724903.561,/benchmark/inference_ms,23.856224
1779724903.606,/benchmark/inference_ms,23.951101
1779724903.651,/benchmark/inference_ms,24.376654
1779724903.696,/benchmark/inference_ms,24.147638
1779724903.742,/benchmark/inference_ms,23.882303
1779724903.787,/benchmark/inference_ms,23.959293
1779724903.833,/benchmark/inference_ms,23.861248
1779724903.879,/benchmark/inference_ms,23.887838
1779724903.923,/benchmark/inference_ms,23.915485
1779724903.969,/benchmark/inference_ms,23.883518
1779724904.014,/benchmark/inference_ms,23.977852
1779724904.059,/benchmark/inference_ms,23.697094
1779724904.106,/benchmark/inference_ms,24.540968
1779724904.151,/benchmark/inference_ms,24.117815
1779724904.197,/benchmark/inference_ms,23.700743
1779724904.241,/benchmark/inference_ms,23.650663
1779724904.287,/benchmark/inference_ms,24.051035
1779724904.332,/benchmark/inference_ms,24.177109
1779724904.379,/benchmark/inference_ms,24.296785
1779724904.424,/benchmark/inference_ms,23.909983
1779724904.468,/benchmark/inference_ms,24.038776
1779724904.512,/benchmark/inference_ms,23.919773
1779724904.557,/benchmark/inference_ms,23.990044
1779724904.602,/benchmark/inference_ms,23.821472
1779724904.647,/benchmark/inference_ms,24.102230
1779724904.691,/benchmark/inference_ms,23.680391
1779724904.735,/benchmark/inference_ms,23.825249
1779724904.780,/benchmark/inference_ms,23.987932
1779724904.824,/benchmark/inference_ms,23.953949
1779724904.868,/benchmark/inference_ms,23.864737
1779724904.914,/benchmark/inference_ms,24.129368
1779724904.958,/benchmark/inference_ms,24.118679
1779724905.003,/benchmark/inference_ms,24.586920
1779724905.049,/benchmark/inference_ms,24.127768
1779724905.097,/benchmark/inference_ms,24.004763
1779724905.144,/benchmark/inference_ms,23.916126
1779724905.188,/benchmark/inference_ms,24.068249
1779724905.233,/benchmark/inference_ms,24.003771
1779724905.279,/benchmark/inference_ms,24.045626
1779724905.324,/benchmark/inference_ms,24.292528
1779724905.369,/benchmark/inference_ms,24.004955
1779724905.414,/benchmark/inference_ms,23.924829
1779724905.459,/benchmark/inference_ms,23.941021
1779724905.504,/benchmark/inference_ms,23.886944
1779724905.549,/benchmark/inference_ms,24.137718
1779724905.593,/benchmark/inference_ms,23.780451
1779724905.638,/benchmark/inference_ms,23.815138
1779724905.683,/benchmark/inference_ms,23.792545
1779724905.729,/benchmark/inference_ms,23.840353
1779724905.774,/benchmark/inference_ms,23.929277
1779724905.818,/benchmark/inference_ms,23.949245
1779724905.862,/benchmark/inference_ms,23.828833
1779724905.907,/benchmark/inference_ms,23.944702
1779724905.953,/benchmark/inference_ms,24.407469
1779724905.997,/benchmark/inference_ms,24.398989
1779724906.043,/benchmark/inference_ms,23.896479
1779724906.088,/benchmark/inference_ms,23.954685
1779724906.133,/benchmark/inference_ms,24.009979
1779724906.180,/benchmark/inference_ms,23.769604
1779724906.224,/benchmark/inference_ms,24.007355
1779724906.270,/benchmark/inference_ms,23.949724
1779724906.317,/benchmark/inference_ms,24.802368
1779724906.365,/benchmark/inference_ms,24.586504
1779724906.411,/benchmark/inference_ms,25.063927
1779724906.459,/benchmark/inference_ms,24.849375
1779724906.511,/benchmark/inference_ms,32.099201
1779724906.557,/benchmark/inference_ms,24.658501
1779724906.602,/benchmark/inference_ms,24.677092
1779724906.650,/benchmark/inference_ms,24.298161
1779724906.695,/benchmark/inference_ms,24.326639
1779724906.744,/benchmark/inference_ms,24.975641
1779724906.788,/benchmark/inference_ms,24.195700
1779724906.833,/benchmark/inference_ms,23.984955
1779724906.878,/benchmark/inference_ms,24.088440
1779724906.923,/benchmark/inference_ms,24.201653
1779724906.969,/benchmark/inference_ms,24.227123
1779724907.014,/benchmark/inference_ms,24.210068
1779724907.060,/benchmark/inference_ms,24.689892
1779724907.107,/benchmark/inference_ms,24.962202
1779724907.152,/benchmark/inference_ms,24.343439
1779724907.197,/benchmark/inference_ms,24.449709
1779724907.243,/benchmark/inference_ms,24.952026
1779724907.289,/benchmark/inference_ms,24.422956
1779724907.335,/benchmark/inference_ms,24.306545
1779724907.383,/benchmark/inference_ms,24.595270
1779724907.430,/benchmark/inference_ms,24.581095
1779724907.476,/benchmark/inference_ms,24.885757
1779724907.522,/benchmark/inference_ms,24.754498
1779724907.567,/benchmark/inference_ms,24.491081
1779724907.613,/benchmark/inference_ms,24.232210
1779724907.659,/benchmark/inference_ms,24.401901
1779724907.707,/benchmark/inference_ms,24.967867
1779724907.752,/benchmark/inference_ms,24.515432
1779724907.797,/benchmark/inference_ms,24.717026
1779724907.843,/benchmark/inference_ms,25.070293
1779724907.889,/benchmark/inference_ms,24.392845
1779724907.935,/benchmark/inference_ms,24.381390
1779724907.981,/benchmark/inference_ms,24.395918
1779724908.026,/benchmark/inference_ms,24.478315
1779724908.071,/benchmark/inference_ms,24.587399
1779724908.116,/benchmark/inference_ms,24.744738
1779724908.161,/benchmark/inference_ms,24.571463
1779724908.207,/benchmark/inference_ms,24.984665
1779724908.252,/benchmark/inference_ms,24.939674
1779724908.298,/benchmark/inference_ms,24.367855
1779724908.345,/benchmark/inference_ms,24.435724
1779724908.391,/benchmark/inference_ms,24.629892
1779724908.437,/benchmark/inference_ms,24.851837
1779724908.483,/benchmark/inference_ms,24.516233
1779724908.528,/benchmark/inference_ms,24.893660
1779724908.574,/benchmark/inference_ms,24.876123
1779724908.620,/benchmark/inference_ms,24.432364
1779724908.666,/benchmark/inference_ms,24.178068
1779724908.712,/benchmark/inference_ms,24.325520
1779724908.759,/benchmark/inference_ms,24.874395
1779724908.804,/benchmark/inference_ms,24.423565
1779724908.850,/benchmark/inference_ms,24.826557
1779724908.896,/benchmark/inference_ms,25.181458
1779724908.943,/benchmark/inference_ms,24.660357
1779724908.988,/benchmark/inference_ms,24.261106
1779724909.034,/benchmark/inference_ms,24.403532
1779724909.081,/benchmark/inference_ms,24.603685
1779724909.126,/benchmark/inference_ms,24.663843
1779724909.171,/benchmark/inference_ms,24.643782
1779724909.217,/benchmark/inference_ms,24.686020
1779724909.262,/benchmark/inference_ms,25.017176
1779724909.308,/benchmark/inference_ms,24.556841
1779724909.354,/benchmark/inference_ms,24.302128
1779724909.404,/benchmark/inference_ms,24.766176
1779724909.448,/benchmark/inference_ms,24.787777
1779724909.493,/benchmark/inference_ms,24.578470
1779724909.538,/benchmark/inference_ms,24.301361
1779724909.583,/benchmark/inference_ms,24.508139
1779724909.629,/benchmark/inference_ms,24.558214
1779724909.675,/benchmark/inference_ms,24.776930
1779724909.721,/benchmark/inference_ms,24.523594
1779724909.767,/benchmark/inference_ms,24.498379
1779724909.812,/benchmark/inference_ms,24.264593
1779724909.860,/benchmark/inference_ms,24.740513
1779724909.909,/benchmark/inference_ms,24.353487
1779724909.950,/benchmark/inference_ms,24.601702
1779724909.996,/benchmark/inference_ms,24.640293
1779724910.042,/benchmark/inference_ms,24.863453
1779724910.088,/benchmark/inference_ms,24.324272
1779724910.134,/benchmark/inference_ms,24.443213
1779724910.181,/benchmark/inference_ms,24.710306
1779724910.227,/benchmark/inference_ms,24.598566
1779724910.271,/benchmark/inference_ms,24.353968
1779724910.317,/benchmark/inference_ms,24.515593
1779724910.363,/benchmark/inference_ms,25.109653
1779724910.410,/benchmark/inference_ms,24.608006
1779724910.455,/benchmark/inference_ms,24.477644
1779724910.501,/benchmark/inference_ms,24.386351
1779724910.548,/benchmark/inference_ms,24.428844
1779724910.594,/benchmark/inference_ms,24.821440
1779724910.639,/benchmark/inference_ms,24.266962
1779724910.685,/benchmark/inference_ms,24.946075
1779724910.730,/benchmark/inference_ms,24.756386
1779724910.776,/benchmark/inference_ms,24.396236
1779724910.822,/benchmark/inference_ms,24.301041
1779724910.867,/benchmark/inference_ms,24.308464
1779724910.914,/benchmark/inference_ms,24.635332
1779724910.959,/benchmark/inference_ms,24.646822
1779724911.005,/benchmark/inference_ms,24.600487
1779724911.050,/benchmark/inference_ms,24.549641
1779724911.095,/benchmark/inference_ms,24.950043
1779724911.142,/benchmark/inference_ms,24.977465
1779724911.188,/benchmark/inference_ms,24.385902
1779724911.234,/benchmark/inference_ms,24.483753
1779724911.281,/benchmark/inference_ms,24.756577
1779724911.326,/benchmark/inference_ms,24.568262
1779724911.371,/benchmark/inference_ms,24.431597
1779724911.416,/benchmark/inference_ms,24.468140
1779724911.463,/benchmark/inference_ms,25.199888
1779724911.511,/benchmark/inference_ms,24.541033
1779724911.557,/benchmark/inference_ms,24.313360
1779724911.604,/benchmark/inference_ms,24.956985
1779724911.650,/benchmark/inference_ms,24.574152
1779724911.694,/benchmark/inference_ms,24.535049
1779724911.739,/benchmark/inference_ms,24.495562
1779724911.785,/benchmark/inference_ms,24.665859
1779724911.830,/benchmark/inference_ms,24.473740
1779724911.875,/benchmark/inference_ms,25.089973
1779724911.921,/benchmark/inference_ms,24.505514
1779724911.969,/benchmark/inference_ms,24.385838
1779724912.015,/benchmark/inference_ms,24.764065
1779724912.061,/benchmark/inference_ms,24.555304
1779724912.106,/benchmark/inference_ms,24.597128
1779724912.151,/benchmark/inference_ms,24.599655
1779724912.196,/benchmark/inference_ms,24.273361
1779724912.241,/benchmark/inference_ms,24.626917
1779724912.286,/benchmark/inference_ms,25.131315
1779724912.332,/benchmark/inference_ms,24.561192
1779724912.378,/benchmark/inference_ms,24.345263
1779724912.423,/benchmark/inference_ms,24.546152
1779724912.471,/benchmark/inference_ms,24.556520
1779724912.518,/benchmark/inference_ms,24.757473
1779724912.564,/benchmark/inference_ms,24.355663
1779724912.609,/benchmark/inference_ms,24.947739
1779724912.656,/benchmark/inference_ms,24.562759
1779724912.701,/benchmark/inference_ms,24.222933
1779724912.747,/benchmark/inference_ms,24.253460
1779724912.793,/benchmark/inference_ms,24.477161
1779724912.839,/benchmark/inference_ms,24.542025
1779724912.884,/benchmark/inference_ms,24.574600
1779724912.932,/benchmark/inference_ms,24.519657
1779724912.974,/benchmark/inference_ms,24.494602
1779724913.020,/benchmark/inference_ms,24.648741
1779724913.066,/benchmark/inference_ms,24.992634
1779724913.112,/benchmark/inference_ms,24.502634
1779724913.159,/benchmark/inference_ms,24.565319
1779724913.204,/benchmark/inference_ms,24.361549
1779724913.252,/benchmark/inference_ms,24.439756
1779724913.297,/benchmark/inference_ms,24.524458
1779724913.342,/benchmark/inference_ms,24.366543
1779724913.388,/benchmark/inference_ms,24.701859
1779724913.433,/benchmark/inference_ms,25.221071
1779724913.481,/benchmark/inference_ms,24.728226
1779724913.525,/benchmark/inference_ms,24.232723
1779724913.571,/benchmark/inference_ms,24.298225
1779724913.616,/benchmark/inference_ms,24.329166
1779724913.661,/benchmark/inference_ms,24.352335
1779724913.706,/benchmark/inference_ms,24.391565
1779724913.751,/benchmark/inference_ms,24.774017
1779724913.796,/benchmark/inference_ms,24.464458
1779724913.841,/benchmark/inference_ms,24.668612
1779724913.886,/benchmark/inference_ms,24.582502
1779724913.931,/benchmark/inference_ms,24.763391
1779724913.977,/benchmark/inference_ms,24.861629
1779724914.022,/benchmark/inference_ms,24.521257
1779724914.068,/benchmark/inference_ms,24.495977
1779724914.114,/benchmark/inference_ms,24.139830
1779724914.161,/benchmark/inference_ms,24.577927
1779724914.206,/benchmark/inference_ms,24.627205
1779724914.253,/benchmark/inference_ms,24.918299
1779724914.300,/benchmark/inference_ms,24.922363
1779724914.345,/benchmark/inference_ms,24.494507
1779724914.391,/benchmark/inference_ms,24.353455
1779724914.437,/benchmark/inference_ms,24.453035
1779724914.485,/benchmark/inference_ms,24.575815
1779724914.530,/benchmark/inference_ms,24.485739
1779724914.575,/benchmark/inference_ms,24.363440
1779724914.620,/benchmark/inference_ms,24.894749
1779724914.666,/benchmark/inference_ms,24.717634
1779724914.712,/benchmark/inference_ms,24.432173
1779724914.758,/benchmark/inference_ms,24.232019
1779724914.804,/benchmark/inference_ms,24.378958
1779724914.850,/benchmark/inference_ms,24.493898
1779724914.895,/benchmark/inference_ms,24.508074
1779724914.940,/benchmark/inference_ms,24.471626
1779724914.985,/benchmark/inference_ms,24.485611
1779724915.030,/benchmark/inference_ms,24.584007
1779724915.075,/benchmark/inference_ms,24.694180
1779724915.121,/benchmark/inference_ms,24.901499
1779724915.167,/benchmark/inference_ms,24.533735
1779724915.212,/benchmark/inference_ms,24.371279
1779724915.258,/benchmark/inference_ms,24.242769
1779724915.305,/benchmark/inference_ms,24.574408
1779724915.350,/benchmark/inference_ms,24.586983
1779724915.395,/benchmark/inference_ms,24.355951
1779724915.440,/benchmark/inference_ms,24.579432
1779724915.488,/benchmark/inference_ms,25.153074
1779724915.534,/benchmark/inference_ms,24.283154
1779724915.580,/benchmark/inference_ms,24.347534
1779724915.625,/benchmark/inference_ms,24.265842
1779724915.670,/benchmark/inference_ms,24.418701
1779724915.715,/benchmark/inference_ms,24.595528
1779724915.761,/benchmark/inference_ms,24.815552
1779724915.805,/benchmark/inference_ms,24.402828
1779724915.850,/benchmark/inference_ms,24.534601
1779724915.896,/benchmark/inference_ms,25.239729
1779724915.943,/benchmark/inference_ms,24.550728
1779724915.988,/benchmark/inference_ms,24.291153
1779724916.032,/benchmark/inference_ms,24.343056
1779724916.078,/benchmark/inference_ms,24.382063
1779724916.123,/benchmark/inference_ms,24.619366
1779724916.168,/benchmark/inference_ms,24.370766
1779724916.212,/benchmark/inference_ms,24.613703
1779724916.257,/benchmark/inference_ms,24.584263
1779724916.301,/benchmark/inference_ms,24.342192
1779724916.349,/benchmark/inference_ms,24.370733
1779724916.394,/benchmark/inference_ms,24.689795
1779724916.442,/benchmark/inference_ms,24.437613
1779724916.489,/benchmark/inference_ms,24.828320
1779724916.535,/benchmark/inference_ms,24.239891
1779724916.581,/benchmark/inference_ms,24.461323
1779724916.627,/benchmark/inference_ms,24.403917
1779724916.672,/benchmark/inference_ms,24.458059
1779724916.717,/benchmark/inference_ms,24.396366
1779724916.762,/benchmark/inference_ms,24.045305
1779724916.807,/benchmark/inference_ms,24.327280
1779724916.852,/benchmark/inference_ms,24.527081
1779724916.897,/benchmark/inference_ms,23.956606
1779724916.941,/benchmark/inference_ms,24.081049
1779724916.988,/benchmark/inference_ms,24.169813
1779724917.032,/benchmark/inference_ms,24.175541
1779724917.076,/benchmark/inference_ms,23.919647
1779724917.121,/benchmark/inference_ms,23.898783
1779724917.168,/benchmark/inference_ms,23.820482
1779724917.212,/benchmark/inference_ms,23.974396
1779724917.257,/benchmark/inference_ms,24.150103
1779724917.303,/benchmark/inference_ms,24.487274
1779724917.349,/benchmark/inference_ms,24.006491
1779724917.394,/benchmark/inference_ms,23.930750
1779724917.439,/benchmark/inference_ms,23.365906
1779724917.485,/benchmark/inference_ms,23.952126
1779724917.532,/benchmark/inference_ms,24.080503
1779724917.576,/benchmark/inference_ms,24.185396
1779724917.620,/benchmark/inference_ms,23.945471
1779724917.665,/benchmark/inference_ms,23.955101
1779724917.712,/benchmark/inference_ms,24.980728
1779724917.758,/benchmark/inference_ms,24.203445
1779724917.803,/benchmark/inference_ms,24.505226
1779724917.849,/benchmark/inference_ms,23.898655
1779724917.895,/benchmark/inference_ms,23.990396
1779724917.941,/benchmark/inference_ms,24.070778
1779724917.986,/benchmark/inference_ms,23.816961
1779724918.031,/benchmark/inference_ms,24.085880
1779724918.076,/benchmark/inference_ms,23.855618
1779724918.120,/benchmark/inference_ms,23.988413
1779724918.165,/benchmark/inference_ms,23.836321
1779724918.209,/benchmark/inference_ms,23.774435
1779724918.254,/benchmark/inference_ms,23.764740
1779724918.299,/benchmark/inference_ms,24.247665
1779724918.344,/benchmark/inference_ms,24.612614
1779724918.389,/benchmark/inference_ms,23.944284
1779724918.435,/benchmark/inference_ms,24.080791
1779724918.480,/benchmark/inference_ms,24.018682
1779724918.526,/benchmark/inference_ms,24.003099
1779724918.571,/benchmark/inference_ms,24.076794
1779724918.616,/benchmark/inference_ms,24.098520
1779724918.661,/benchmark/inference_ms,24.412685
1779724918.706,/benchmark/inference_ms,23.877377
1779724918.752,/benchmark/inference_ms,24.079224
1779724918.799,/benchmark/inference_ms,24.174261
1779724918.843,/benchmark/inference_ms,23.919645
1779724918.888,/benchmark/inference_ms,23.925055
1779724918.933,/benchmark/inference_ms,23.861759
1779724918.978,/benchmark/inference_ms,24.094040
1779724919.025,/benchmark/inference_ms,24.190645
1779724919.069,/benchmark/inference_ms,23.909534
1779724919.114,/benchmark/inference_ms,24.156374
1779724919.159,/benchmark/inference_ms,24.003803
1779724919.203,/benchmark/inference_ms,24.125975
1779724919.248,/benchmark/inference_ms,23.874912
1779724919.292,/benchmark/inference_ms,23.887808
1779724919.337,/benchmark/inference_ms,24.005499
1779724919.382,/benchmark/inference_ms,24.112215
1779724919.427,/benchmark/inference_ms,24.128439
1779724919.472,/benchmark/inference_ms,24.396141
1779724919.518,/benchmark/inference_ms,24.272051
1779724919.563,/benchmark/inference_ms,24.197653
1779724919.608,/benchmark/inference_ms,24.236755
1779724919.654,/benchmark/inference_ms,23.983644
1779724919.700,/benchmark/inference_ms,23.847744
1779724919.746,/benchmark/inference_ms,23.819651
1779724919.791,/benchmark/inference_ms,23.869951
1779724919.836,/benchmark/inference_ms,23.890142
1779724919.881,/benchmark/inference_ms,24.243122
1779724919.926,/benchmark/inference_ms,24.390446
1779724919.972,/benchmark/inference_ms,24.298258
1779724920.017,/benchmark/inference_ms,24.004955
1779724920.062,/benchmark/inference_ms,24.157303
1779724920.108,/benchmark/inference_ms,24.092728
1779724920.153,/benchmark/inference_ms,24.005371
1779724920.199,/benchmark/inference_ms,24.029179
1779724920.243,/benchmark/inference_ms,23.967293
1779724920.288,/benchmark/inference_ms,24.079674
1779724920.333,/benchmark/inference_ms,23.798691
1779724920.377,/benchmark/inference_ms,23.760612
1779724920.422,/benchmark/inference_ms,23.906366
1779724920.467,/benchmark/inference_ms,23.931679
1779724920.512,/benchmark/inference_ms,24.440876
1779724920.557,/benchmark/inference_ms,24.200212
1779724920.603,/benchmark/inference_ms,24.209972
1779724920.649,/benchmark/inference_ms,24.005436
1779724920.694,/benchmark/inference_ms,23.986555
1779724920.741,/benchmark/inference_ms,24.208820
1779724920.786,/benchmark/inference_ms,23.917215
1779724920.830,/benchmark/inference_ms,23.743813
1779724920.874,/benchmark/inference_ms,23.937437
1779724920.922,/benchmark/inference_ms,24.134583
1779724920.964,/benchmark/inference_ms,23.948477
1779724921.008,/benchmark/inference_ms,23.839266
1779724921.054,/benchmark/inference_ms,23.991772
1779724921.098,/benchmark/inference_ms,23.930334
1779724921.145,/benchmark/inference_ms,24.206964
1779724921.190,/benchmark/inference_ms,23.893438
1779724921.236,/benchmark/inference_ms,24.047066
1779724921.282,/benchmark/inference_ms,24.060698
1779724921.328,/benchmark/inference_ms,23.949724
1779724921.373,/benchmark/inference_ms,24.118488
1779724921.419,/benchmark/inference_ms,24.151670
1779724921.462,/benchmark/inference_ms,23.991291
1779724921.506,/benchmark/inference_ms,24.238323
1779724921.551,/benchmark/inference_ms,24.305456
1779724921.597,/benchmark/inference_ms,24.286835
1779724921.641,/benchmark/inference_ms,23.764675
1779724921.684,/benchmark/inference_ms,24.007132
1779724921.731,/benchmark/inference_ms,24.310513
1779724921.777,/benchmark/inference_ms,23.981085
1779724921.824,/benchmark/inference_ms,23.975037
1779724921.869,/benchmark/inference_ms,23.905312
1779724921.916,/benchmark/inference_ms,23.998907
1779724921.961,/benchmark/inference_ms,23.927998
1779724922.007,/benchmark/inference_ms,24.504778
1779724922.052,/benchmark/inference_ms,24.485964
1779724922.098,/benchmark/inference_ms,24.191381
1779724922.143,/benchmark/inference_ms,24.107096
1779724922.188,/benchmark/inference_ms,24.079288
1779724922.234,/benchmark/inference_ms,24.129911
1779724922.279,/benchmark/inference_ms,24.032730
1779724922.324,/benchmark/inference_ms,23.795362
1779724922.370,/benchmark/inference_ms,23.976252
1779724922.414,/benchmark/inference_ms,24.050362
1779724922.459,/benchmark/inference_ms,24.046457
1779724922.504,/benchmark/inference_ms,24.732674
1779724922.549,/benchmark/inference_ms,24.306032
1779724922.594,/benchmark/inference_ms,23.943645
1779724922.639,/benchmark/inference_ms,24.082872
1779724922.684,/benchmark/inference_ms,24.009884
1779724922.728,/benchmark/inference_ms,24.018873
1779724922.773,/benchmark/inference_ms,23.976795
1779724922.818,/benchmark/inference_ms,24.197077
1779724922.863,/benchmark/inference_ms,24.167990
1779724922.907,/benchmark/inference_ms,24.144758
1779724922.952,/benchmark/inference_ms,23.906301
1779724922.998,/benchmark/inference_ms,23.788067
1779724923.043,/benchmark/inference_ms,24.538441
1779724923.088,/benchmark/inference_ms,23.796419
1779724923.132,/benchmark/inference_ms,23.848417
1779724923.178,/benchmark/inference_ms,24.302288
1779724923.223,/benchmark/inference_ms,24.373198
1779724923.269,/benchmark/inference_ms,23.936478
1779724923.315,/benchmark/inference_ms,23.968603
1779724923.361,/benchmark/inference_ms,23.905279
1779724923.407,/benchmark/inference_ms,24.117975
1779724923.451,/benchmark/inference_ms,23.813442
1779724923.497,/benchmark/inference_ms,24.317808
1779724923.541,/benchmark/inference_ms,24.189941
1779724923.586,/benchmark/inference_ms,24.052090
1779724923.632,/benchmark/inference_ms,24.402157
1779724923.687,/benchmark/inference_ms,33.842403
1779724923.743,/benchmark/inference_ms,33.221691
1779724923.797,/benchmark/inference_ms,32.404758
1779724923.852,/benchmark/inference_ms,33.793541
1779724923.908,/benchmark/inference_ms,33.501072
1779724923.962,/benchmark/inference_ms,32.821415
1779724924.016,/benchmark/inference_ms,32.083584
1779724924.075,/benchmark/inference_ms,37.338314
1779724924.132,/benchmark/inference_ms,33.544270
1779724924.188,/benchmark/inference_ms,33.460720
1779724924.244,/benchmark/inference_ms,33.319351
1779724924.297,/benchmark/inference_ms,32.360985
1779724924.350,/benchmark/inference_ms,31.319357
1779724924.399,/benchmark/inference_ms,31.280766
1779724924.451,/benchmark/inference_ms,31.369307
1779724924.502,/benchmark/inference_ms,30.614868
1779724924.553,/benchmark/inference_ms,30.936937
1779724924.606,/benchmark/inference_ms,30.740849
1779724924.655,/benchmark/inference_ms,30.785168
1779724924.707,/benchmark/inference_ms,30.873421
1779724924.759,/benchmark/inference_ms,32.736137
1779724924.811,/benchmark/inference_ms,31.226368
1779724924.864,/benchmark/inference_ms,32.750313
1779724924.917,/benchmark/inference_ms,32.581329
1779724924.970,/benchmark/inference_ms,32.157246
1779724925.024,/benchmark/inference_ms,32.500820
1779724925.076,/benchmark/inference_ms,31.625170
1779724925.129,/benchmark/inference_ms,31.637009
1779724925.178,/benchmark/inference_ms,31.814507
1779724925.229,/benchmark/inference_ms,31.384954
1779724925.281,/benchmark/inference_ms,31.266813
1779724925.332,/benchmark/inference_ms,31.067078
1779724925.385,/benchmark/inference_ms,31.911367
1779724925.433,/benchmark/inference_ms,31.822889
1779724925.485,/benchmark/inference_ms,32.148384
1779724925.536,/benchmark/inference_ms,32.152672
1779724925.589,/benchmark/inference_ms,32.082657
1779724925.639,/benchmark/inference_ms,32.075424
1779724925.689,/benchmark/inference_ms,31.844873
1779724925.743,/benchmark/inference_ms,32.029572
1779724925.796,/benchmark/inference_ms,31.932678
1779724925.842,/benchmark/inference_ms,32.012421
1779724925.896,/benchmark/inference_ms,31.524405
1779724925.949,/benchmark/inference_ms,31.936232
1779724926.002,/benchmark/inference_ms,30.936424
1779724926.055,/benchmark/inference_ms,32.915462
1779724926.105,/benchmark/inference_ms,31.387161
1779724926.154,/benchmark/inference_ms,28.474560
1779724926.206,/benchmark/inference_ms,30.902987
1779724926.257,/benchmark/inference_ms,30.790222
1779724926.309,/benchmark/inference_ms,32.769066
1779724926.362,/benchmark/inference_ms,31.403225
1779724926.413,/benchmark/inference_ms,31.215616
1779724926.467,/benchmark/inference_ms,32.771210
1779724926.519,/benchmark/inference_ms,31.546965
1779724926.573,/benchmark/inference_ms,32.932835
1779724926.619,/benchmark/inference_ms,28.688663
1779724926.670,/benchmark/inference_ms,31.978149
1779724926.723,/benchmark/inference_ms,31.898344
1779724926.775,/benchmark/inference_ms,31.231422
1779724926.826,/benchmark/inference_ms,31.624018
1779724926.875,/benchmark/inference_ms,31.301245
1779724926.926,/benchmark/inference_ms,31.459991
1779724926.976,/benchmark/inference_ms,31.930950
1779724927.027,/benchmark/inference_ms,31.434458
1779724927.074,/benchmark/inference_ms,27.492994
1779724927.126,/benchmark/inference_ms,32.243965
1779724927.178,/benchmark/inference_ms,32.254173
1779724927.229,/benchmark/inference_ms,32.380154
1779724927.281,/benchmark/inference_ms,32.363831
1779724927.334,/benchmark/inference_ms,32.347385
1779724927.384,/benchmark/inference_ms,32.002308
1779724927.438,/benchmark/inference_ms,31.826889
1779724927.491,/benchmark/inference_ms,33.172253
1779724927.543,/benchmark/inference_ms,29.704147
1779724927.595,/benchmark/inference_ms,32.650959
1779724927.647,/benchmark/inference_ms,32.778698
1779724927.701,/benchmark/inference_ms,32.771946
1779724927.748,/benchmark/inference_ms,26.562180
1779724927.802,/benchmark/inference_ms,31.425497
1779724927.855,/benchmark/inference_ms,32.571026
1779724927.908,/benchmark/inference_ms,32.740715
1779724927.962,/benchmark/inference_ms,31.641682
1779724928.017,/benchmark/inference_ms,32.393112
1779724928.063,/benchmark/inference_ms,31.616594
1779724928.115,/benchmark/inference_ms,31.494486
1779724928.168,/benchmark/inference_ms,31.965031
1779724928.212,/benchmark/inference_ms,27.574463
1779724928.264,/benchmark/inference_ms,31.760204
1779724928.315,/benchmark/inference_ms,32.040195
1779724928.367,/benchmark/inference_ms,32.136478
1779724928.418,/benchmark/inference_ms,32.200253
1779724928.471,/benchmark/inference_ms,31.822090
1779724928.522,/benchmark/inference_ms,32.022789
1779724928.575,/benchmark/inference_ms,31.843561
1779724928.625,/benchmark/inference_ms,32.017509
1779724928.673,/benchmark/inference_ms,28.366148
1779724928.724,/benchmark/inference_ms,31.464920
1779724928.778,/benchmark/inference_ms,32.498035
1779724928.831,/benchmark/inference_ms,32.960514
1779724928.882,/benchmark/inference_ms,31.053637
1779724928.934,/benchmark/inference_ms,31.927624
1779724928.987,/benchmark/inference_ms,31.369690
1779724929.037,/benchmark/inference_ms,31.318428
1779724929.089,/benchmark/inference_ms,31.692591
1779724929.143,/benchmark/inference_ms,32.213947
1779724929.196,/benchmark/inference_ms,32.959396
1779724929.249,/benchmark/inference_ms,32.524052
1779724929.302,/benchmark/inference_ms,32.327099
1779724929.352,/benchmark/inference_ms,28.722647
1779724929.405,/benchmark/inference_ms,32.246395
1779724929.458,/benchmark/inference_ms,31.954758
1779724929.510,/benchmark/inference_ms,30.836365
1779724929.563,/benchmark/inference_ms,33.135487
1779724929.618,/benchmark/inference_ms,31.887913
1779724929.667,/benchmark/inference_ms,31.456152
1779724929.720,/benchmark/inference_ms,32.661007
1779724929.772,/benchmark/inference_ms,31.274302
1779724929.824,/benchmark/inference_ms,32.598896
1779724929.878,/benchmark/inference_ms,31.199009
1779724929.930,/benchmark/inference_ms,33.039394
1779724929.983,/benchmark/inference_ms,32.874565
1779724930.026,/benchmark/inference_ms,23.610762
1779724930.078,/benchmark/inference_ms,32.629421
1779724930.129,/benchmark/inference_ms,31.794924
1779724930.182,/benchmark/inference_ms,32.207039
1779724930.232,/benchmark/inference_ms,32.027428
1779724930.284,/benchmark/inference_ms,31.513142
1779724930.333,/benchmark/inference_ms,31.644850
1779724930.387,/benchmark/inference_ms,32.702923
1779724930.440,/benchmark/inference_ms,32.624046
1779724930.483,/benchmark/inference_ms,24.402925
1779724930.537,/benchmark/inference_ms,31.086758
1779724930.590,/benchmark/inference_ms,32.057507
1779724930.642,/benchmark/inference_ms,32.730988
1779724930.695,/benchmark/inference_ms,32.777451
1779724930.748,/benchmark/inference_ms,31.759949
1779724930.801,/benchmark/inference_ms,32.862213
1779724930.854,/benchmark/inference_ms,32.894180
1779724930.905,/benchmark/inference_ms,31.068708
1779724930.954,/benchmark/inference_ms,28.804531
1779724931.006,/benchmark/inference_ms,31.420216
1779724931.059,/benchmark/inference_ms,32.207836
1779724931.112,/benchmark/inference_ms,32.220318
1779724931.162,/benchmark/inference_ms,31.998083
1779724931.213,/benchmark/inference_ms,31.518196
1779724931.263,/benchmark/inference_ms,31.493141
1779724931.315,/benchmark/inference_ms,32.344376
1779724931.369,/benchmark/inference_ms,32.275162
1779724931.418,/benchmark/inference_ms,30.696657
1779724931.471,/benchmark/inference_ms,32.197212
1779724931.523,/benchmark/inference_ms,30.807215
1779724931.572,/benchmark/inference_ms,31.879368
1779724931.624,/benchmark/inference_ms,31.680719
1779724931.676,/benchmark/inference_ms,31.963463
1779724931.726,/benchmark/inference_ms,31.660240
1779724931.776,/benchmark/inference_ms,31.555252
1779724931.829,/benchmark/inference_ms,31.830507
1779724931.876,/benchmark/inference_ms,28.446239
1779724931.928,/benchmark/inference_ms,32.115906
1779724931.979,/benchmark/inference_ms,32.215870
1779724932.032,/benchmark/inference_ms,32.392056
1779724932.082,/benchmark/inference_ms,32.302971
1779724932.135,/benchmark/inference_ms,32.107265
1779724932.187,/benchmark/inference_ms,31.370714
1779724932.236,/benchmark/inference_ms,31.725294
1779724932.290,/benchmark/inference_ms,31.588820
1779724932.335,/benchmark/inference_ms,27.839605
1779724932.390,/benchmark/inference_ms,31.893513
1779724932.443,/benchmark/inference_ms,32.267899
1779724932.495,/benchmark/inference_ms,32.823784
1779724932.545,/benchmark/inference_ms,30.316158
1779724932.597,/benchmark/inference_ms,32.210365
1779724932.649,/benchmark/inference_ms,31.635473
1779724932.699,/benchmark/inference_ms,31.539221
1779724932.751,/benchmark/inference_ms,31.930311
1779724932.806,/benchmark/inference_ms,32.306202
1779724932.855,/benchmark/inference_ms,31.301277
1779724932.905,/benchmark/inference_ms,31.461494
1779724932.957,/benchmark/inference_ms,31.694702
1779724933.007,/benchmark/inference_ms,30.754480
1779724933.057,/benchmark/inference_ms,31.232862
1779724933.111,/benchmark/inference_ms,32.101315
1779724933.163,/benchmark/inference_ms,31.878696
1779724933.212,/benchmark/inference_ms,31.943623
1779724933.259,/benchmark/inference_ms,28.543964
1779724933.312,/benchmark/inference_ms,32.436821
1779724933.367,/benchmark/inference_ms,32.470196
1779724933.418,/benchmark/inference_ms,32.090080
1779724933.468,/benchmark/inference_ms,30.610292
1779724933.518,/benchmark/inference_ms,30.947882
1779724933.571,/benchmark/inference_ms,32.288666
1779724933.624,/benchmark/inference_ms,30.936874
1779724933.676,/benchmark/inference_ms,31.960295
1779724933.725,/benchmark/inference_ms,32.684364
1779724933.777,/benchmark/inference_ms,31.820555
1779724933.828,/benchmark/inference_ms,32.079842
1779724933.879,/benchmark/inference_ms,32.014851
1779724933.929,/benchmark/inference_ms,31.095078
1779724933.982,/benchmark/inference_ms,32.821255
1779724934.037,/benchmark/inference_ms,31.826380
1779724934.085,/benchmark/inference_ms,31.706896
1779724934.137,/benchmark/inference_ms,32.131935
1779724934.190,/benchmark/inference_ms,32.598801
1779724934.239,/benchmark/inference_ms,31.960838
1779724934.292,/benchmark/inference_ms,31.113604
1779724934.342,/benchmark/inference_ms,32.019779
1779724934.392,/benchmark/inference_ms,31.371866
1779724934.442,/benchmark/inference_ms,31.675152
1779724934.495,/benchmark/inference_ms,32.203838
1779724934.545,/benchmark/inference_ms,32.146816
1779724934.598,/benchmark/inference_ms,32.080482
1779724934.644,/benchmark/inference_ms,28.465281
1779724934.701,/benchmark/inference_ms,32.298203
1779724934.749,/benchmark/inference_ms,31.746094
1779724934.800,/benchmark/inference_ms,31.554996
1779724934.852,/benchmark/inference_ms,31.968742
1779724934.904,/benchmark/inference_ms,32.348953
1779724934.956,/benchmark/inference_ms,31.503670
1779724935.007,/benchmark/inference_ms,31.537685
1779724935.058,/benchmark/inference_ms,32.141857
1779724935.110,/benchmark/inference_ms,28.371202
1779724935.157,/benchmark/inference_ms,31.675472
1779724935.210,/benchmark/inference_ms,31.611603
1779724935.260,/benchmark/inference_ms,32.489716
1779724935.310,/benchmark/inference_ms,32.250877
1779724935.364,/benchmark/inference_ms,32.628143
1779724935.414,/benchmark/inference_ms,31.942984
1779724935.466,/benchmark/inference_ms,32.093922
1779724935.517,/benchmark/inference_ms,31.685040
1779724935.565,/benchmark/inference_ms,28.127724
1779724935.618,/benchmark/inference_ms,32.430840
1779724935.671,/benchmark/inference_ms,31.523415
1779724935.723,/benchmark/inference_ms,32.674831
1779724935.774,/benchmark/inference_ms,31.754606
1779724935.827,/benchmark/inference_ms,32.722763
1779724935.880,/benchmark/inference_ms,31.989573
1779724935.931,/benchmark/inference_ms,34.545357
1779724935.985,/benchmark/inference_ms,31.781164
1779724936.036,/benchmark/inference_ms,32.835880
1779724936.086,/benchmark/inference_ms,31.074085
1779724936.139,/benchmark/inference_ms,32.342968
1779724936.188,/benchmark/inference_ms,31.452951
1779724936.241,/benchmark/inference_ms,32.216156
1779724936.290,/benchmark/inference_ms,31.874313
1779724936.344,/benchmark/inference_ms,32.344887
1779724936.396,/benchmark/inference_ms,31.879976
1779724936.446,/benchmark/inference_ms,32.602543
1779724936.497,/benchmark/inference_ms,32.643982
1779724936.549,/benchmark/inference_ms,31.084166
1779724936.606,/benchmark/inference_ms,31.588339
1779724936.652,/benchmark/inference_ms,31.982758
1779724936.703,/benchmark/inference_ms,31.010695
1779724936.755,/benchmark/inference_ms,31.358938
1779724936.809,/benchmark/inference_ms,32.943459
1779724936.860,/benchmark/inference_ms,33.253689
1779724936.913,/benchmark/inference_ms,32.051971
1779724936.965,/benchmark/inference_ms,31.639282
1779724937.016,/benchmark/inference_ms,31.781515
1779724937.067,/benchmark/inference_ms,31.980581
1779724937.118,/benchmark/inference_ms,31.803274
1779724937.167,/benchmark/inference_ms,29.943436
1779724937.217,/benchmark/inference_ms,31.096741
1779724937.271,/benchmark/inference_ms,32.181759
1779724937.320,/benchmark/inference_ms,31.866409
1779724937.374,/benchmark/inference_ms,32.784904
1779724937.434,/benchmark/inference_ms,39.819923
1779724937.489,/benchmark/inference_ms,31.741934
1779724937.542,/benchmark/inference_ms,32.854183
1779724937.591,/benchmark/inference_ms,31.526358
1779724937.638,/benchmark/inference_ms,26.472197
1779724937.690,/benchmark/inference_ms,32.281338
1779724937.741,/benchmark/inference_ms,31.079845
1779724937.793,/benchmark/inference_ms,31.874889
1779724937.844,/benchmark/inference_ms,31.745134
1779724937.895,/benchmark/inference_ms,31.504789
1779724937.946,/benchmark/inference_ms,31.806988
1779724937.997,/benchmark/inference_ms,32.305882
1779724938.050,/benchmark/inference_ms,32.276413
1779724938.093,/benchmark/inference_ms,25.482311
1779724938.146,/benchmark/inference_ms,31.296158
1779724938.199,/benchmark/inference_ms,32.541428
1779724938.251,/benchmark/inference_ms,31.679600
1779724938.302,/benchmark/inference_ms,31.700144
1779724938.355,/benchmark/inference_ms,30.938793
1779724938.404,/benchmark/inference_ms,31.261278
1779724938.456,/benchmark/inference_ms,31.255646
1779724938.506,/benchmark/inference_ms,31.729582
1779724938.554,/benchmark/inference_ms,29.558138
1779724938.608,/benchmark/inference_ms,33.099838
1779724938.659,/benchmark/inference_ms,32.023716
1779724938.710,/benchmark/inference_ms,31.563700
1779724938.763,/benchmark/inference_ms,32.343800
1779724938.815,/benchmark/inference_ms,31.887144
1779724938.868,/benchmark/inference_ms,32.050594
1779724938.919,/benchmark/inference_ms,32.047588
1779724938.968,/benchmark/inference_ms,32.186974
1779724939.020,/benchmark/inference_ms,30.206051
1779724939.070,/benchmark/inference_ms,31.497175
1779724939.121,/benchmark/inference_ms,31.787533
1779724939.172,/benchmark/inference_ms,31.967237
1779724939.224,/benchmark/inference_ms,32.152222
1779724939.273,/benchmark/inference_ms,28.715446
1779724939.323,/benchmark/inference_ms,32.158878
1779724939.376,/benchmark/inference_ms,31.681456
1779724939.426,/benchmark/inference_ms,31.922760
1779724939.479,/benchmark/inference_ms,31.831051
1779724939.528,/benchmark/inference_ms,31.857962
1779724939.581,/benchmark/inference_ms,31.568691
1779724939.631,/benchmark/inference_ms,31.696079
1779724939.681,/benchmark/inference_ms,31.928040
1779724939.730,/benchmark/inference_ms,29.105066
1779724939.782,/benchmark/inference_ms,32.068611
1779724939.833,/benchmark/inference_ms,32.188316
1779724939.885,/benchmark/inference_ms,32.216030
1779724939.936,/benchmark/inference_ms,31.954311
1779724939.987,/benchmark/inference_ms,31.323708
1779724940.039,/benchmark/inference_ms,32.170238
1779724940.091,/benchmark/inference_ms,31.866377
1779724940.143,/benchmark/inference_ms,32.009541
1779724940.184,/benchmark/inference_ms,23.498989
1779724940.235,/benchmark/inference_ms,32.606319
1779724940.289,/benchmark/inference_ms,31.560499
1779724940.339,/benchmark/inference_ms,31.806955
1779724940.390,/benchmark/inference_ms,31.774923
1779724940.442,/benchmark/inference_ms,32.033508
1779724940.492,/benchmark/inference_ms,32.066177
1779724940.545,/benchmark/inference_ms,32.079872
1779724940.597,/benchmark/inference_ms,32.147007
1779724940.646,/benchmark/inference_ms,31.789324
1779724940.700,/benchmark/inference_ms,31.747213
1779724940.749,/benchmark/inference_ms,31.952293
1779724940.802,/benchmark/inference_ms,32.337368
1779724940.851,/benchmark/inference_ms,32.241661
1779724940.900,/benchmark/inference_ms,28.156778
1779724940.950,/benchmark/inference_ms,32.718636
1779724941.002,/benchmark/inference_ms,32.441494
1779724941.056,/benchmark/inference_ms,32.000805
1779724941.106,/benchmark/inference_ms,32.149506
1779724941.156,/benchmark/inference_ms,32.192989
1779724941.209,/benchmark/inference_ms,31.904713
1779724941.259,/benchmark/inference_ms,31.868042
1779724941.312,/benchmark/inference_ms,33.026337
1779724941.359,/benchmark/inference_ms,27.231691
1779724941.410,/benchmark/inference_ms,32.041954
1779724941.462,/benchmark/inference_ms,32.206528
1779724941.515,/benchmark/inference_ms,31.832586
1779724941.565,/benchmark/inference_ms,32.056580
1779724941.618,/benchmark/inference_ms,32.684685
1779724941.671,/benchmark/inference_ms,31.902216
1779724941.718,/benchmark/inference_ms,31.460760
1779724941.769,/benchmark/inference_ms,31.161825
1779724941.816,/benchmark/inference_ms,26.640671
1779724941.867,/benchmark/inference_ms,31.686001
1779724941.918,/benchmark/inference_ms,31.957766
1779724941.972,/benchmark/inference_ms,31.795820
1779724942.021,/benchmark/inference_ms,31.831306
1779724942.069,/benchmark/inference_ms,28.588602
1779724942.122,/benchmark/inference_ms,32.490036
1779724942.176,/benchmark/inference_ms,32.667885
1779724942.229,/benchmark/inference_ms,32.577362
1779724942.279,/benchmark/inference_ms,28.798004
1779724942.332,/benchmark/inference_ms,30.866734
1779724942.385,/benchmark/inference_ms,32.343544
1779724942.438,/benchmark/inference_ms,32.470005
1779724942.491,/benchmark/inference_ms,32.423191
1779724942.543,/benchmark/inference_ms,31.020199
1779724942.596,/benchmark/inference_ms,30.833742
1779724942.648,/benchmark/inference_ms,32.787849
1779724942.701,/benchmark/inference_ms,33.007458
1779724942.750,/benchmark/inference_ms,28.080717
1779724942.803,/benchmark/inference_ms,32.368248
1779724942.857,/benchmark/inference_ms,32.644367
1779724942.910,/benchmark/inference_ms,32.475124
1779724942.963,/benchmark/inference_ms,31.898855
1779724943.017,/benchmark/inference_ms,32.199486
1779724943.070,/benchmark/inference_ms,31.754957
1779724943.123,/benchmark/inference_ms,32.630383
1779724943.176,/benchmark/inference_ms,32.280666
1779724943.228,/benchmark/inference_ms,32.485748
1779724943.281,/benchmark/inference_ms,32.284508
1779724943.332,/benchmark/inference_ms,32.083714
1779724943.383,/benchmark/inference_ms,31.971525
1779724943.434,/benchmark/inference_ms,31.991941
1779724943.488,/benchmark/inference_ms,32.293434
1779724943.537,/benchmark/inference_ms,32.087330
1779724943.591,/benchmark/inference_ms,31.893002
1779724943.640,/benchmark/inference_ms,31.744078
1779724943.687,/benchmark/inference_ms,27.823544
1779724943.740,/benchmark/inference_ms,31.623667
1779724943.790,/benchmark/inference_ms,31.730095
1779724943.842,/benchmark/inference_ms,31.767277
1779724943.895,/benchmark/inference_ms,32.811111
1779724943.947,/benchmark/inference_ms,31.056805
1779724944.000,/benchmark/inference_ms,31.777229
1779724944.048,/benchmark/inference_ms,31.431866
1779724944.100,/benchmark/inference_ms,32.393909
1779724944.149,/benchmark/inference_ms,29.853136
1779724944.202,/benchmark/inference_ms,31.816202
1779724944.252,/benchmark/inference_ms,31.749422
1779724944.306,/benchmark/inference_ms,32.261723
1779724944.356,/benchmark/inference_ms,31.342749
1779724944.406,/benchmark/inference_ms,32.353432
1779724944.458,/benchmark/inference_ms,31.582899
1779724944.513,/benchmark/inference_ms,31.988230
1779724944.560,/benchmark/inference_ms,31.337244
1779724944.606,/benchmark/inference_ms,23.861856
1779724944.659,/benchmark/inference_ms,31.609907
1779724944.712,/benchmark/inference_ms,32.479027
1779724944.761,/benchmark/inference_ms,31.504374
1779724944.813,/benchmark/inference_ms,32.038788
1779724944.864,/benchmark/inference_ms,30.996103
1779724944.917,/benchmark/inference_ms,32.313019
1779724944.971,/benchmark/inference_ms,32.426357
1779724945.023,/benchmark/inference_ms,32.619858
1779724945.069,/benchmark/inference_ms,25.376011
1779724945.121,/benchmark/inference_ms,31.986565
1779724945.174,/benchmark/inference_ms,33.139324
1779724945.225,/benchmark/inference_ms,31.454296
1779724945.279,/benchmark/inference_ms,32.872711
1779724945.334,/benchmark/inference_ms,32.436405
1779724945.388,/benchmark/inference_ms,32.796295
1779724945.438,/benchmark/inference_ms,32.498421
1779724945.491,/benchmark/inference_ms,31.016296
1779724945.539,/benchmark/inference_ms,29.037292
1779724945.593,/benchmark/inference_ms,33.012096
1779724945.647,/benchmark/inference_ms,32.437141
1779724945.700,/benchmark/inference_ms,32.251804
1779724945.753,/benchmark/inference_ms,31.758413
1779724945.807,/benchmark/inference_ms,31.744526
1779724945.858,/benchmark/inference_ms,32.290394
1779724945.909,/benchmark/inference_ms,31.721840
1779724945.962,/benchmark/inference_ms,31.943750
1779724946.008,/benchmark/inference_ms,27.905396
1779724946.060,/benchmark/inference_ms,31.628563
1779724946.112,/benchmark/inference_ms,32.149120
1779724946.165,/benchmark/inference_ms,31.563572
1779724946.213,/benchmark/inference_ms,32.010563
1779724946.267,/benchmark/inference_ms,32.396664
1779724946.317,/benchmark/inference_ms,32.015621
1779724946.370,/benchmark/inference_ms,32.188030
1779724946.423,/benchmark/inference_ms,33.114494
1779724946.473,/benchmark/inference_ms,27.942289
1779724946.525,/benchmark/inference_ms,31.912359
1779724946.577,/benchmark/inference_ms,31.526197
1779724946.627,/benchmark/inference_ms,31.957127
1779724946.680,/benchmark/inference_ms,32.127232
1779724946.734,/benchmark/inference_ms,32.080482
1779724946.785,/benchmark/inference_ms,31.813164
1779724946.838,/benchmark/inference_ms,32.482643
1779724946.891,/benchmark/inference_ms,31.902376
1779724946.940,/benchmark/inference_ms,27.527584
1779724946.993,/benchmark/inference_ms,31.753422
1779724947.046,/benchmark/inference_ms,32.201759
1779724947.099,/benchmark/inference_ms,31.311485
1779724947.152,/benchmark/inference_ms,32.378201
1779724947.203,/benchmark/inference_ms,31.285151
1779724947.257,/benchmark/inference_ms,32.373016
1779724947.310,/benchmark/inference_ms,31.539381
1779724947.360,/benchmark/inference_ms,31.250336
1779724947.407,/benchmark/inference_ms,28.703192
1779724947.458,/benchmark/inference_ms,31.827562
1779724947.510,/benchmark/inference_ms,31.067268
1779724947.563,/benchmark/inference_ms,32.496658
1779724947.614,/benchmark/inference_ms,31.198528
1779724947.667,/benchmark/inference_ms,31.146563
1779724947.718,/benchmark/inference_ms,31.366171
1779724947.772,/benchmark/inference_ms,32.667534
1779724947.826,/benchmark/inference_ms,32.509651
1779724947.877,/benchmark/inference_ms,30.792526
1779724947.930,/benchmark/inference_ms,32.519985
1779724947.985,/benchmark/inference_ms,32.402519
1779724948.037,/benchmark/inference_ms,32.939365
1779724948.086,/benchmark/inference_ms,29.685719
1779724948.139,/benchmark/inference_ms,31.329500
1779724948.191,/benchmark/inference_ms,32.638351
1779724948.244,/benchmark/inference_ms,32.911110
1779724948.298,/benchmark/inference_ms,32.020390
1779724948.350,/benchmark/inference_ms,32.272667
1779724948.404,/benchmark/inference_ms,32.633327
1779724948.455,/benchmark/inference_ms,32.774956
1779724948.507,/benchmark/inference_ms,32.218460
1779724948.553,/benchmark/inference_ms,26.349033
1779724948.607,/benchmark/inference_ms,32.176189
1779724948.656,/benchmark/inference_ms,31.200607
1779724948.710,/benchmark/inference_ms,31.223423
1779724948.761,/benchmark/inference_ms,32.987392
1779724948.814,/benchmark/inference_ms,32.355354
1779724948.867,/benchmark/inference_ms,33.157726
1779724948.919,/benchmark/inference_ms,32.663277
1779724948.974,/benchmark/inference_ms,32.679821
1779724949.020,/benchmark/inference_ms,25.274544
1779724949.072,/benchmark/inference_ms,31.051846
1779724949.124,/benchmark/inference_ms,31.718287
1779724949.175,/benchmark/inference_ms,31.695728
1779724949.226,/benchmark/inference_ms,31.228704
1779724949.279,/benchmark/inference_ms,32.553905
1779724949.332,/benchmark/inference_ms,32.057827
1779724949.387,/benchmark/inference_ms,32.125057
1779724949.441,/benchmark/inference_ms,32.923588
1779724949.487,/benchmark/inference_ms,27.648701
1779724949.539,/benchmark/inference_ms,32.677261
1779724949.592,/benchmark/inference_ms,31.314493
1779724949.644,/benchmark/inference_ms,32.544724
1779724949.696,/benchmark/inference_ms,32.382038
1779724949.748,/benchmark/inference_ms,32.288570
1779724949.803,/benchmark/inference_ms,32.584431
1779724949.855,/benchmark/inference_ms,32.477333
1779724949.907,/benchmark/inference_ms,31.119171
1779724949.954,/benchmark/inference_ms,28.028366
1779724950.007,/benchmark/inference_ms,32.576080
1779724950.060,/benchmark/inference_ms,32.716843
1779724950.115,/benchmark/inference_ms,32.779755
1779724950.165,/benchmark/inference_ms,32.188480
1779724950.220,/benchmark/inference_ms,31.819180
1779724950.271,/benchmark/inference_ms,32.560783
1779724950.326,/benchmark/inference_ms,32.262043
1779724950.378,/benchmark/inference_ms,32.232956
1779724950.427,/benchmark/inference_ms,29.029646
1779724950.481,/benchmark/inference_ms,32.604527
1779724950.535,/benchmark/inference_ms,32.545937
1779724950.585,/benchmark/inference_ms,32.019814
1779724950.639,/benchmark/inference_ms,32.661453
1779724950.692,/benchmark/inference_ms,31.974277
1779724950.747,/benchmark/inference_ms,32.349113
1779724950.799,/benchmark/inference_ms,32.001221
1779724950.852,/benchmark/inference_ms,32.881096
1779724950.901,/benchmark/inference_ms,29.789232
1779724950.955,/benchmark/inference_ms,32.030182
1779724951.006,/benchmark/inference_ms,31.622545
1779724951.059,/benchmark/inference_ms,31.749708
1779724951.110,/benchmark/inference_ms,32.556335
1779724951.167,/benchmark/inference_ms,31.477142
1779724951.217,/benchmark/inference_ms,32.378616
1779724951.271,/benchmark/inference_ms,32.562737
1779724951.326,/benchmark/inference_ms,32.589073
1779724951.379,/benchmark/inference_ms,34.417873
1779724951.431,/benchmark/inference_ms,31.268415
1779724951.480,/benchmark/inference_ms,32.407734
1779724951.532,/benchmark/inference_ms,31.440664
1779724951.582,/benchmark/inference_ms,30.076168
1779724951.634,/benchmark/inference_ms,32.494259
1779724951.688,/benchmark/inference_ms,31.434521
1779724951.741,/benchmark/inference_ms,32.502388
1779724951.796,/benchmark/inference_ms,32.684013
1779724951.848,/benchmark/inference_ms,31.180897
1779724951.896,/benchmark/inference_ms,31.064100
1779724951.950,/benchmark/inference_ms,32.632366
1779724952.004,/benchmark/inference_ms,31.918760
1779724952.051,/benchmark/inference_ms,27.540129
1779724952.102,/benchmark/inference_ms,31.512693
1779724952.154,/benchmark/inference_ms,31.434904
1779724952.207,/benchmark/inference_ms,32.622128
1779724952.260,/benchmark/inference_ms,31.465912
1779724952.313,/benchmark/inference_ms,31.999813
1779724952.362,/benchmark/inference_ms,30.932329
1779724952.413,/benchmark/inference_ms,31.791723
1779724952.466,/benchmark/inference_ms,31.855818
1779724952.519,/benchmark/inference_ms,32.822441
1779724952.571,/benchmark/inference_ms,31.696880
1779724952.628,/benchmark/inference_ms,32.152000
1779724952.676,/benchmark/inference_ms,32.153023
1779724952.729,/benchmark/inference_ms,32.624752
1779724952.783,/benchmark/inference_ms,32.734413
1779724952.835,/benchmark/inference_ms,31.306940
1779724952.887,/benchmark/inference_ms,31.346395
1779724952.938,/benchmark/inference_ms,32.869381
1779724952.991,/benchmark/inference_ms,29.131081
1779724953.042,/benchmark/inference_ms,32.254429
1779724953.096,/benchmark/inference_ms,32.398903
1779724953.149,/benchmark/inference_ms,32.616272
1779724953.201,/benchmark/inference_ms,32.506260
1779724953.255,/benchmark/inference_ms,32.711147
1779724953.308,/benchmark/inference_ms,31.117285
1779724953.360,/benchmark/inference_ms,32.658638
1779724953.413,/benchmark/inference_ms,32.444340
1779724953.456,/benchmark/inference_ms,23.169624
1779724953.508,/benchmark/inference_ms,32.566994
1779724953.561,/benchmark/inference_ms,31.723598
1779724953.613,/benchmark/inference_ms,31.721069
1779724953.663,/benchmark/inference_ms,32.265884
1779724953.718,/benchmark/inference_ms,32.086914
1779724953.770,/benchmark/inference_ms,32.791656
1779724953.822,/benchmark/inference_ms,32.346008
1779724953.875,/benchmark/inference_ms,31.841547
1779724953.924,/benchmark/inference_ms,28.426243
1779724953.978,/benchmark/inference_ms,32.828808
1779724954.031,/benchmark/inference_ms,32.740170
1779724954.086,/benchmark/inference_ms,35.011677
1779724954.142,/benchmark/inference_ms,34.236343
1779724954.197,/benchmark/inference_ms,31.702896
1779724954.248,/benchmark/inference_ms,33.947456
1779724954.301,/benchmark/inference_ms,32.434902
1779724954.355,/benchmark/inference_ms,32.946438
1779724954.404,/benchmark/inference_ms,28.206184
1779724954.455,/benchmark/inference_ms,30.806158
1779724954.506,/benchmark/inference_ms,32.288410
1779724954.557,/benchmark/inference_ms,30.946730
1779724954.610,/benchmark/inference_ms,31.217377
1779724954.661,/benchmark/inference_ms,31.565012
1779724954.715,/benchmark/inference_ms,32.422806
1779724954.769,/benchmark/inference_ms,32.681324
1779724954.823,/benchmark/inference_ms,32.900932
1779724954.875,/benchmark/inference_ms,31.160194
1779724954.926,/benchmark/inference_ms,32.172287
1779724954.979,/benchmark/inference_ms,32.080387
1779724955.031,/benchmark/inference_ms,32.556976
1779724955.084,/benchmark/inference_ms,32.972771
1779724955.136,/benchmark/inference_ms,31.055462
1779724955.190,/benchmark/inference_ms,32.850822
1779724955.240,/benchmark/inference_ms,31.189154
1779724955.293,/benchmark/inference_ms,32.840359
1779724955.346,/benchmark/inference_ms,29.513052
1779724955.397,/benchmark/inference_ms,32.165821
1779724955.449,/benchmark/inference_ms,32.375000
1779724955.502,/benchmark/inference_ms,32.095203
1779724955.555,/benchmark/inference_ms,32.900711
1779724955.606,/benchmark/inference_ms,31.129124
1779724955.661,/benchmark/inference_ms,32.116287
1779724955.712,/benchmark/inference_ms,32.061378
1779724955.764,/benchmark/inference_ms,32.444950
1779724955.813,/benchmark/inference_ms,28.497536
1779724955.867,/benchmark/inference_ms,32.520912
1779724955.920,/benchmark/inference_ms,32.156895
1779724955.971,/benchmark/inference_ms,31.674288
1779724956.024,/benchmark/inference_ms,31.162306
1779724956.074,/benchmark/inference_ms,30.959978
1779724956.128,/benchmark/inference_ms,32.396214
1779724956.181,/benchmark/inference_ms,31.713551
1779724956.230,/benchmark/inference_ms,31.984037
1779724956.278,/benchmark/inference_ms,27.445765
1779724956.329,/benchmark/inference_ms,31.692080
1779724956.382,/benchmark/inference_ms,31.562996
1779724956.432,/benchmark/inference_ms,31.954184
1779724956.486,/benchmark/inference_ms,32.798599
1779724956.539,/benchmark/inference_ms,31.355612
1779724956.591,/benchmark/inference_ms,32.310555
1779724956.642,/benchmark/inference_ms,31.278143
1779724956.694,/benchmark/inference_ms,31.123173
1779724956.737,/benchmark/inference_ms,24.478090
1779724956.792,/benchmark/inference_ms,32.276539
1779724956.843,/benchmark/inference_ms,32.487667
1779724956.896,/benchmark/inference_ms,32.786346
1779724956.947,/benchmark/inference_ms,31.761133
1779724957.002,/benchmark/inference_ms,32.157375
1779724957.052,/benchmark/inference_ms,31.946280
1779724957.103,/benchmark/inference_ms,31.879688
1779724957.153,/benchmark/inference_ms,32.448051
1779724957.204,/benchmark/inference_ms,31.846571
1779724957.254,/benchmark/inference_ms,30.698994
1779724957.307,/benchmark/inference_ms,31.990116
1779724957.357,/benchmark/inference_ms,31.656944
1779724957.408,/benchmark/inference_ms,31.970373
1779724957.455,/benchmark/inference_ms,27.375494
1779724957.506,/benchmark/inference_ms,32.099651
1779724957.559,/benchmark/inference_ms,31.919720
1779724957.610,/benchmark/inference_ms,32.082787
1779724957.665,/benchmark/inference_ms,31.890121
1779724957.711,/benchmark/inference_ms,30.825806
1779724957.764,/benchmark/inference_ms,31.845898
1779724957.814,/benchmark/inference_ms,31.747789
1779724957.865,/benchmark/inference_ms,31.906569
1779724957.916,/benchmark/inference_ms,31.662001
1779724957.969,/benchmark/inference_ms,30.720306
1779724958.018,/benchmark/inference_ms,31.698000
1779724958.069,/benchmark/inference_ms,31.560852
1779724958.122,/benchmark/inference_ms,31.592882
1779724958.167,/benchmark/inference_ms,27.385670
1779724958.219,/benchmark/inference_ms,31.819530
1779724958.270,/benchmark/inference_ms,31.997093
1779724958.323,/benchmark/inference_ms,31.512375
1779724958.373,/benchmark/inference_ms,31.457848
1779724958.422,/benchmark/inference_ms,30.872652
1779724958.475,/benchmark/inference_ms,31.574709
1779724958.528,/benchmark/inference_ms,31.559507
1779724958.577,/benchmark/inference_ms,31.589298
1779724958.630,/benchmark/inference_ms,31.587572
1779724958.678,/benchmark/inference_ms,30.748241
1779724958.731,/benchmark/inference_ms,31.915432
1779724958.781,/benchmark/inference_ms,31.727951
1779724958.834,/benchmark/inference_ms,31.184546
1779724958.885,/benchmark/inference_ms,30.565687
1779724958.934,/benchmark/inference_ms,31.211552
1779724958.985,/benchmark/inference_ms,30.963530
1779724959.036,/benchmark/inference_ms,31.342203
1779724959.089,/benchmark/inference_ms,31.585554
1779724959.138,/benchmark/inference_ms,31.856842
1779724959.192,/benchmark/inference_ms,31.652336
1779724959.240,/benchmark/inference_ms,31.479671
1779724959.293,/benchmark/inference_ms,31.795149
1779724959.344,/benchmark/inference_ms,30.501722
1779724959.395,/benchmark/inference_ms,32.690731
1779724959.448,/benchmark/inference_ms,31.170753
1779724959.502,/benchmark/inference_ms,32.715946
1779724959.556,/benchmark/inference_ms,32.349880
1779724959.608,/benchmark/inference_ms,32.682190
1779724959.662,/benchmark/inference_ms,32.223869
1779724959.712,/benchmark/inference_ms,31.446327
1779724959.764,/benchmark/inference_ms,31.622257
1779724959.815,/benchmark/inference_ms,31.523287
1779724959.868,/benchmark/inference_ms,32.928802
1779724959.919,/benchmark/inference_ms,31.650705
1779724959.970,/benchmark/inference_ms,32.084450
1779724960.023,/benchmark/inference_ms,32.877575
1779724960.075,/benchmark/inference_ms,28.659864
1779724960.127,/benchmark/inference_ms,32.844360
1779724960.179,/benchmark/inference_ms,33.117374
1779724960.232,/benchmark/inference_ms,32.462261
1779724960.286,/benchmark/inference_ms,31.213728
1779724960.338,/benchmark/inference_ms,32.577873
1779724960.391,/benchmark/inference_ms,32.734219
1779724960.443,/benchmark/inference_ms,31.953320
1779724960.498,/benchmark/inference_ms,31.388250
1779724960.536,/benchmark/inference_ms,20.601202
1779724960.576,/benchmark/inference_ms,21.781321
1779724960.617,/benchmark/inference_ms,21.710699
1779724960.660,/benchmark/inference_ms,22.305399
1779724960.702,/benchmark/inference_ms,22.501232
1779724960.744,/benchmark/inference_ms,22.134398
1779724960.786,/benchmark/inference_ms,22.266136
1779724960.828,/benchmark/inference_ms,22.313431
1779724960.871,/benchmark/inference_ms,22.506224
1779724960.913,/benchmark/inference_ms,22.247993
1779724960.955,/benchmark/inference_ms,22.235994
1779724960.998,/benchmark/inference_ms,22.632812
1779724961.042,/benchmark/inference_ms,22.461426
1779724961.084,/benchmark/inference_ms,22.418034
1779724961.126,/benchmark/inference_ms,22.382484
1779724961.167,/benchmark/inference_ms,21.952612
1779724961.209,/benchmark/inference_ms,22.368179
1779724961.250,/benchmark/inference_ms,22.366613
1779724961.294,/benchmark/inference_ms,23.408720
1779724961.341,/benchmark/inference_ms,24.196819
1779724961.387,/benchmark/inference_ms,24.751266
1779724961.432,/benchmark/inference_ms,24.634565
1779724961.478,/benchmark/inference_ms,24.212149
1779724961.524,/benchmark/inference_ms,24.405708
1779724961.570,/benchmark/inference_ms,24.524776
1779724961.618,/benchmark/inference_ms,24.669828
1779724961.663,/benchmark/inference_ms,25.291534
1779724961.710,/benchmark/inference_ms,24.525482
1779724961.756,/benchmark/inference_ms,24.679461
1779724961.808,/benchmark/inference_ms,25.549477
1779724961.852,/benchmark/inference_ms,24.674116
1779724961.903,/benchmark/inference_ms,24.702723
1779724961.947,/benchmark/inference_ms,25.100117
1779724961.991,/benchmark/inference_ms,24.415854
1779724962.038,/benchmark/inference_ms,24.521706
1779724962.084,/benchmark/inference_ms,25.176851
1779724962.132,/benchmark/inference_ms,25.320173
1779724962.177,/benchmark/inference_ms,24.287634
1779724962.225,/benchmark/inference_ms,24.927708
1779724962.272,/benchmark/inference_ms,25.520935
1779724962.318,/benchmark/inference_ms,24.366192
1779724962.364,/benchmark/inference_ms,24.522602
1779724962.411,/benchmark/inference_ms,24.976185
1779724962.457,/benchmark/inference_ms,24.796576
1779724962.503,/benchmark/inference_ms,24.752256
1779724962.551,/benchmark/inference_ms,24.689476
1779724962.599,/benchmark/inference_ms,24.939611
1779724962.645,/benchmark/inference_ms,25.050200
1779724962.692,/benchmark/inference_ms,24.418188
1779724962.739,/benchmark/inference_ms,24.541481
1779724962.783,/benchmark/inference_ms,24.443724
1779724962.830,/benchmark/inference_ms,25.089079
1779724962.876,/benchmark/inference_ms,24.502506
1779724962.922,/benchmark/inference_ms,25.110708
1779724962.968,/benchmark/inference_ms,24.804672
1779724963.014,/benchmark/inference_ms,24.738529
1779724963.060,/benchmark/inference_ms,24.677444
1779724963.105,/benchmark/inference_ms,24.359217
1779724963.153,/benchmark/inference_ms,24.808512
1779724963.199,/benchmark/inference_ms,24.563047
1779724963.245,/benchmark/inference_ms,24.844542
1779724963.292,/benchmark/inference_ms,24.506506
1779724963.338,/benchmark/inference_ms,24.435373
1779724963.384,/benchmark/inference_ms,25.255760
1779724963.432,/benchmark/inference_ms,24.793793
1779724963.475,/benchmark/inference_ms,24.893534
1779724963.522,/benchmark/inference_ms,24.356400
1779724963.568,/benchmark/inference_ms,24.801184
1779724963.615,/benchmark/inference_ms,24.902781
1779724963.662,/benchmark/inference_ms,24.563112
1779724963.708,/benchmark/inference_ms,24.386000
1779724963.755,/benchmark/inference_ms,24.714626
1779724963.802,/benchmark/inference_ms,25.097878
1779724963.848,/benchmark/inference_ms,24.556681
1779724963.894,/benchmark/inference_ms,24.617702
1779724963.941,/benchmark/inference_ms,24.491817
1779724963.984,/benchmark/inference_ms,24.585480
1779724964.030,/benchmark/inference_ms,25.247503
1779724964.076,/benchmark/inference_ms,24.314993
1779724964.125,/benchmark/inference_ms,25.010040
1779724964.171,/benchmark/inference_ms,25.145908
1779724964.217,/benchmark/inference_ms,24.557192
1779724964.265,/benchmark/inference_ms,24.608679
1779724964.313,/benchmark/inference_ms,24.802784
1779724964.358,/benchmark/inference_ms,25.161203
1779724964.405,/benchmark/inference_ms,24.315825
1779724964.450,/benchmark/inference_ms,24.361647
1779724964.497,/benchmark/inference_ms,24.508329
1779724964.542,/benchmark/inference_ms,24.632198
1779724964.588,/benchmark/inference_ms,25.066647
1779724964.634,/benchmark/inference_ms,24.377554
1779724964.681,/benchmark/inference_ms,24.373043
1779724964.726,/benchmark/inference_ms,24.692902
1779724964.772,/benchmark/inference_ms,25.003513
1779724964.818,/benchmark/inference_ms,24.296663
1779724964.863,/benchmark/inference_ms,24.426418
1779724964.909,/benchmark/inference_ms,24.465551
1779724964.955,/benchmark/inference_ms,24.583500
1779724965.002,/benchmark/inference_ms,25.178959
1779724965.048,/benchmark/inference_ms,24.420441
1779724965.093,/benchmark/inference_ms,24.426586
1779724965.141,/benchmark/inference_ms,24.728830
1779724965.186,/benchmark/inference_ms,24.752731
1779724965.235,/benchmark/inference_ms,24.686176
1779724965.281,/benchmark/inference_ms,24.436825
1779724965.326,/benchmark/inference_ms,24.850578
1779724965.372,/benchmark/inference_ms,24.819540
1779724965.420,/benchmark/inference_ms,24.493938
1779724965.464,/benchmark/inference_ms,24.514641
1779724965.513,/benchmark/inference_ms,25.051136
1779724965.558,/benchmark/inference_ms,24.617352
1779724965.603,/benchmark/inference_ms,24.159410
1779724965.649,/benchmark/inference_ms,24.345247
1779724965.696,/benchmark/inference_ms,24.585354
1779724965.741,/benchmark/inference_ms,24.688866
1779724965.788,/benchmark/inference_ms,25.007011
1779724965.834,/benchmark/inference_ms,24.599051
1779724965.880,/benchmark/inference_ms,24.540302
1779724965.928,/benchmark/inference_ms,24.934540
1779724965.973,/benchmark/inference_ms,24.672321
1779724966.019,/benchmark/inference_ms,25.047268
1779724966.065,/benchmark/inference_ms,24.188913
1779724966.111,/benchmark/inference_ms,24.356482
1779724966.156,/benchmark/inference_ms,24.607723
1779724966.203,/benchmark/inference_ms,24.687140
1779724966.249,/benchmark/inference_ms,24.812281
1779724966.296,/benchmark/inference_ms,24.994919
1779724966.341,/benchmark/inference_ms,24.346914
1779724966.387,/benchmark/inference_ms,24.367777
1779724966.434,/benchmark/inference_ms,24.709347
1779724966.480,/benchmark/inference_ms,24.591982
1779724966.526,/benchmark/inference_ms,24.176914
1779724966.571,/benchmark/inference_ms,24.269674
1779724966.618,/benchmark/inference_ms,24.091291
1779724966.662,/benchmark/inference_ms,23.880718
1779724966.709,/benchmark/inference_ms,24.098042
1779724966.755,/benchmark/inference_ms,23.959368
1779724966.801,/benchmark/inference_ms,24.361250
1779724966.849,/benchmark/inference_ms,25.960976
1779724966.896,/benchmark/inference_ms,25.599344
1779724966.944,/benchmark/inference_ms,25.641483
1779724966.989,/benchmark/inference_ms,24.890738
1779724967.034,/benchmark/inference_ms,24.007524
1779724967.079,/benchmark/inference_ms,24.232559
1779724967.125,/benchmark/inference_ms,23.705408
1779724967.171,/benchmark/inference_ms,24.318953
1779724967.216,/benchmark/inference_ms,23.922636
1779724967.262,/benchmark/inference_ms,24.072384
1779724967.307,/benchmark/inference_ms,24.080925
1779724967.354,/benchmark/inference_ms,23.979912
1779724967.402,/benchmark/inference_ms,24.201748
1779724967.446,/benchmark/inference_ms,23.931116
1779724967.490,/benchmark/inference_ms,23.832981
1779724967.535,/benchmark/inference_ms,24.345253
1779724967.581,/benchmark/inference_ms,24.361412
1779724967.627,/benchmark/inference_ms,24.099483
1779724967.672,/benchmark/inference_ms,24.326534
1779724967.717,/benchmark/inference_ms,23.884527
1779724967.762,/benchmark/inference_ms,24.181973
1779724967.807,/benchmark/inference_ms,23.969831
1779724967.853,/benchmark/inference_ms,24.048321
1779724967.898,/benchmark/inference_ms,23.986341
1779724967.944,/benchmark/inference_ms,23.865042
1779724967.987,/benchmark/inference_ms,23.598635
1779724968.032,/benchmark/inference_ms,24.453503
1779724968.078,/benchmark/inference_ms,24.665867
1779724968.124,/benchmark/inference_ms,24.168312
1779724968.170,/benchmark/inference_ms,24.101406
1779724968.215,/benchmark/inference_ms,23.982952
1779724968.261,/benchmark/inference_ms,24.191126
1779724968.306,/benchmark/inference_ms,24.022598
1779724968.351,/benchmark/inference_ms,23.066141
1779724968.396,/benchmark/inference_ms,23.879763
1779724968.440,/benchmark/inference_ms,24.012455
1779724968.488,/benchmark/inference_ms,25.228535
1779724968.536,/benchmark/inference_ms,24.801086
1779724968.583,/benchmark/inference_ms,24.620750
1779724968.629,/benchmark/inference_ms,24.886551
1779724968.676,/benchmark/inference_ms,24.464125
1779724968.725,/benchmark/inference_ms,25.027849
1779724968.770,/benchmark/inference_ms,25.053127
1779724968.816,/benchmark/inference_ms,24.327881
1779724968.863,/benchmark/inference_ms,24.402754
1779724968.910,/benchmark/inference_ms,24.805086
1779724968.956,/benchmark/inference_ms,24.828411
1779724969.001,/benchmark/inference_ms,24.767553
1779724969.047,/benchmark/inference_ms,24.334026
1779724969.095,/benchmark/inference_ms,24.776228
1779724969.140,/benchmark/inference_ms,24.725063
1779724969.186,/benchmark/inference_ms,24.807360
1779724969.232,/benchmark/inference_ms,24.672045
1779724969.279,/benchmark/inference_ms,24.616755
1779724969.325,/benchmark/inference_ms,24.419716
1779724969.370,/benchmark/inference_ms,25.152449
1779724969.419,/benchmark/inference_ms,24.895449
1779724969.462,/benchmark/inference_ms,24.244341
1779724969.507,/benchmark/inference_ms,23.944624
1779724969.553,/benchmark/inference_ms,23.984875
1779724969.598,/benchmark/inference_ms,24.584469
1779724969.644,/benchmark/inference_ms,24.481438
1779724969.688,/benchmark/inference_ms,24.225943
1779724969.733,/benchmark/inference_ms,24.166170
1779724969.781,/benchmark/inference_ms,23.955536
1779724969.825,/benchmark/inference_ms,24.135775
1779724969.871,/benchmark/inference_ms,24.436163
1779724969.919,/benchmark/inference_ms,24.046852
1779724969.965,/benchmark/inference_ms,24.061283
1779724970.009,/benchmark/inference_ms,24.263058
1779724970.055,/benchmark/inference_ms,24.067493
1779724970.100,/benchmark/inference_ms,24.703371
1779724970.145,/benchmark/inference_ms,24.237240
1779724970.192,/benchmark/inference_ms,24.615988
1779724970.239,/benchmark/inference_ms,23.943281
1779724970.283,/benchmark/inference_ms,24.046503
1779724970.329,/benchmark/inference_ms,24.913593
1779724970.375,/benchmark/inference_ms,23.932051
1779724970.420,/benchmark/inference_ms,24.520317
1779724970.468,/benchmark/inference_ms,24.136225
1779724970.513,/benchmark/inference_ms,24.429220
1779724970.558,/benchmark/inference_ms,24.155615
1779724970.604,/benchmark/inference_ms,24.311249
1779724970.648,/benchmark/inference_ms,24.412870
1779724970.694,/benchmark/inference_ms,24.800835
1779724970.742,/benchmark/inference_ms,24.123074
1779724970.787,/benchmark/inference_ms,24.282579
1779724970.833,/benchmark/inference_ms,24.181149
1779724970.880,/benchmark/inference_ms,23.729797
1779724970.925,/benchmark/inference_ms,24.181564
1779724970.971,/benchmark/inference_ms,24.629650
1779724971.018,/benchmark/inference_ms,23.903864
1779724971.063,/benchmark/inference_ms,24.179422
1779724971.108,/benchmark/inference_ms,23.925335
1779724971.154,/benchmark/inference_ms,24.158720
1779724971.198,/benchmark/inference_ms,24.041771
1779724971.244,/benchmark/inference_ms,24.651922
1779724971.291,/benchmark/inference_ms,24.086887
1779724971.338,/benchmark/inference_ms,24.065193
1779724971.383,/benchmark/inference_ms,24.467651
1779724971.432,/benchmark/inference_ms,24.588409
1779724971.475,/benchmark/inference_ms,24.089031
1779724971.521,/benchmark/inference_ms,24.134787
1779724971.568,/benchmark/inference_ms,24.045835
1779724971.613,/benchmark/inference_ms,24.276501
1779724971.659,/benchmark/inference_ms,25.271322
1779724971.705,/benchmark/inference_ms,24.509825
1779724971.750,/benchmark/inference_ms,24.310675
1779724971.799,/benchmark/inference_ms,25.165829
1779724971.843,/benchmark/inference_ms,24.067049
1779724971.889,/benchmark/inference_ms,24.586681
1779724971.934,/benchmark/inference_ms,23.945747
1779724971.979,/benchmark/inference_ms,23.984079
1779724972.026,/benchmark/inference_ms,23.983379
1779724972.071,/benchmark/inference_ms,23.862526
1779724972.116,/benchmark/inference_ms,24.650551
1779724972.163,/benchmark/inference_ms,24.446247
1779724972.209,/benchmark/inference_ms,24.543137
1779724972.256,/benchmark/inference_ms,24.285784
1779724972.301,/benchmark/inference_ms,23.998064
1779724972.347,/benchmark/inference_ms,24.652407
1779724972.392,/benchmark/inference_ms,24.298454
1779724972.438,/benchmark/inference_ms,24.639927
1779724972.483,/benchmark/inference_ms,24.020496
1779724972.528,/benchmark/inference_ms,23.947382
1779724972.573,/benchmark/inference_ms,23.871901
1779724972.618,/benchmark/inference_ms,24.612282
1779724972.664,/benchmark/inference_ms,24.219646
1779724972.710,/benchmark/inference_ms,24.163523
1779724972.758,/benchmark/inference_ms,24.678226
1779724972.803,/benchmark/inference_ms,24.426378
1779724972.849,/benchmark/inference_ms,24.568413
1779724972.896,/benchmark/inference_ms,23.992722
1779724972.942,/benchmark/inference_ms,24.661524
1779724972.988,/benchmark/inference_ms,24.292694
1779724973.036,/benchmark/inference_ms,24.719057
1779724973.081,/benchmark/inference_ms,23.897949
1779724973.127,/benchmark/inference_ms,24.278906
1779724973.172,/benchmark/inference_ms,24.197186
1779724973.217,/benchmark/inference_ms,24.276154
1779724973.263,/benchmark/inference_ms,24.591484
1779724973.314,/benchmark/inference_ms,24.283321
1779724973.361,/benchmark/inference_ms,24.197699
1779724973.409,/benchmark/inference_ms,24.064877
1779724973.454,/benchmark/inference_ms,24.139111
1779724973.500,/benchmark/inference_ms,24.227005
1779724973.548,/benchmark/inference_ms,24.070093
1779724973.591,/benchmark/inference_ms,23.928762
1779724973.636,/benchmark/inference_ms,23.904284
1779724973.682,/benchmark/inference_ms,24.873732
1779724973.727,/benchmark/inference_ms,24.025618
1779724973.774,/benchmark/inference_ms,24.468744
1779724973.820,/benchmark/inference_ms,24.101482
1779724973.866,/benchmark/inference_ms,24.075691
1779724973.910,/benchmark/inference_ms,24.508644
1779724973.956,/benchmark/inference_ms,24.178692
1779724974.002,/benchmark/inference_ms,24.337206
1779724974.046,/benchmark/inference_ms,24.034163
1779724974.091,/benchmark/inference_ms,23.898750
1779724974.135,/benchmark/inference_ms,23.932699
1779724974.181,/benchmark/inference_ms,24.265886
1779724974.226,/benchmark/inference_ms,24.266781
1779724974.274,/benchmark/inference_ms,23.962841
1779724974.319,/benchmark/inference_ms,23.453993
1779724974.363,/benchmark/inference_ms,23.483397
1779724974.407,/benchmark/inference_ms,23.701298
1779724974.451,/benchmark/inference_ms,23.614841
1779724974.495,/benchmark/inference_ms,23.687313
1779724974.539,/benchmark/inference_ms,23.785385
1779724974.584,/benchmark/inference_ms,24.557444
1779724974.630,/benchmark/inference_ms,23.826855
1779724974.673,/benchmark/inference_ms,24.443789
1779724974.718,/benchmark/inference_ms,24.309914
1779724974.764,/benchmark/inference_ms,23.958010
1779724974.811,/benchmark/inference_ms,24.031954
1779724974.855,/benchmark/inference_ms,24.230112
1779724974.904,/benchmark/inference_ms,23.916735
1779724974.947,/benchmark/inference_ms,24.489225
1779724974.992,/benchmark/inference_ms,23.979128
1779724975.037,/benchmark/inference_ms,24.413074
1779724975.082,/benchmark/inference_ms,24.153194
1779724975.129,/benchmark/inference_ms,24.084623
1779724975.174,/benchmark/inference_ms,24.352921
1779724975.222,/benchmark/inference_ms,24.097584
1779724975.269,/benchmark/inference_ms,24.133516
1779724975.315,/benchmark/inference_ms,24.732725
1779724975.361,/benchmark/inference_ms,24.182535
1779724975.406,/benchmark/inference_ms,23.752367
1779724975.455,/benchmark/inference_ms,24.153803
1779724975.500,/benchmark/inference_ms,24.270720
1779724975.546,/benchmark/inference_ms,24.456909
1779724975.594,/benchmark/inference_ms,24.958689
1779724975.641,/benchmark/inference_ms,24.161289
1779724975.687,/benchmark/inference_ms,25.656771
1779724975.733,/benchmark/inference_ms,24.525192
1779724975.778,/benchmark/inference_ms,24.019480
1779724975.828,/benchmark/inference_ms,24.219652
1779724975.871,/benchmark/inference_ms,24.630112
1779724975.917,/benchmark/inference_ms,24.180231
1779724975.963,/benchmark/inference_ms,23.884226
1779724976.008,/benchmark/inference_ms,24.218790
1779724976.053,/benchmark/inference_ms,24.004217
1779724976.098,/benchmark/inference_ms,24.424948
1779724976.144,/benchmark/inference_ms,24.557447
1779724976.191,/benchmark/inference_ms,24.028728
1779724976.236,/benchmark/inference_ms,24.074451
1779724976.281,/benchmark/inference_ms,24.181290
1779724976.328,/benchmark/inference_ms,24.405462
1779724976.373,/benchmark/inference_ms,24.812208
1779724976.420,/benchmark/inference_ms,24.118095
1779724976.467,/benchmark/inference_ms,24.237381
1779724976.513,/benchmark/inference_ms,24.496141
1779724976.558,/benchmark/inference_ms,24.677374
1779724976.604,/benchmark/inference_ms,24.316158
1779724976.650,/benchmark/inference_ms,24.072628
1779724976.696,/benchmark/inference_ms,24.049559
1779724976.743,/benchmark/inference_ms,24.322973
1779724976.788,/benchmark/inference_ms,25.001759
1779724976.839,/benchmark/inference_ms,28.458277
1779724976.886,/benchmark/inference_ms,24.470512
1779724976.934,/benchmark/inference_ms,25.016798
1779724976.978,/benchmark/inference_ms,24.306143
1779724977.024,/benchmark/inference_ms,24.418966
1779724977.069,/benchmark/inference_ms,24.327904
1779724977.115,/benchmark/inference_ms,24.146191
1779724977.161,/benchmark/inference_ms,24.495089
1779724977.207,/benchmark/inference_ms,23.996925
1779724977.252,/benchmark/inference_ms,24.031578
1779724977.299,/benchmark/inference_ms,24.233831
1779724977.344,/benchmark/inference_ms,24.042458
1779724977.392,/benchmark/inference_ms,24.272261
1779724977.437,/benchmark/inference_ms,24.486546
1779724977.484,/benchmark/inference_ms,24.654978
1779724977.531,/benchmark/inference_ms,24.713308
1779724977.577,/benchmark/inference_ms,24.957991
1779724977.623,/benchmark/inference_ms,24.370811
1779724977.670,/benchmark/inference_ms,24.446325
1779724977.718,/benchmark/inference_ms,24.880493
1779724977.763,/benchmark/inference_ms,24.585863
1779724977.808,/benchmark/inference_ms,24.520397
1779724977.854,/benchmark/inference_ms,24.177773
1779724977.903,/benchmark/inference_ms,23.969408
1779724977.947,/benchmark/inference_ms,24.633316
1779724977.992,/benchmark/inference_ms,24.431734
1779724978.038,/benchmark/inference_ms,24.560589
1779724978.086,/benchmark/inference_ms,24.241419
1779724978.132,/benchmark/inference_ms,24.168495
1779724978.177,/benchmark/inference_ms,24.344736
1779724978.223,/benchmark/inference_ms,23.935238
1779724978.268,/benchmark/inference_ms,24.063578
1779724978.315,/benchmark/inference_ms,24.101942
1779724978.361,/benchmark/inference_ms,24.436024
1779724978.407,/benchmark/inference_ms,24.334112
1779724978.451,/benchmark/inference_ms,24.202349
1779724978.497,/benchmark/inference_ms,24.052635
1779724978.544,/benchmark/inference_ms,23.961699
1779724978.589,/benchmark/inference_ms,23.818993
1779724978.634,/benchmark/inference_ms,24.399483
1779724978.681,/benchmark/inference_ms,23.927462
1779724978.726,/benchmark/inference_ms,24.026909
1779724978.773,/benchmark/inference_ms,24.044060
1779724978.817,/benchmark/inference_ms,23.838446
1779724978.863,/benchmark/inference_ms,24.981928
1779724978.907,/benchmark/inference_ms,24.381723
1779724978.953,/benchmark/inference_ms,24.086296
1779724978.999,/benchmark/inference_ms,24.294565
1779724979.045,/benchmark/inference_ms,23.872524
1779724979.091,/benchmark/inference_ms,24.281576
1779724979.137,/benchmark/inference_ms,24.143829
1779724979.182,/benchmark/inference_ms,24.141493
1779724979.230,/benchmark/inference_ms,23.901035
1779724979.274,/benchmark/inference_ms,23.966406
1779724979.319,/benchmark/inference_ms,23.919945
1779724979.364,/benchmark/inference_ms,24.599211
1779724979.410,/benchmark/inference_ms,24.166676
1779724979.456,/benchmark/inference_ms,23.987267
1779724979.503,/benchmark/inference_ms,24.105305
1779724979.547,/benchmark/inference_ms,23.982691
1779724979.593,/benchmark/inference_ms,24.288233
1779724979.639,/benchmark/inference_ms,24.405533
1779724979.683,/benchmark/inference_ms,24.166002
1779724979.730,/benchmark/inference_ms,24.060892
1779724979.775,/benchmark/inference_ms,24.022367
1779724979.820,/benchmark/inference_ms,23.987394
1779724979.865,/benchmark/inference_ms,24.483221
1779724979.910,/benchmark/inference_ms,24.205902
1779724979.955,/benchmark/inference_ms,23.919817
1779724980.001,/benchmark/inference_ms,23.858351
1779724980.047,/benchmark/inference_ms,24.016932
1779724980.094,/benchmark/inference_ms,24.701187
1779724980.139,/benchmark/inference_ms,24.021730
1779724980.186,/benchmark/inference_ms,24.329670
1779724980.231,/benchmark/inference_ms,23.971304
1779724980.277,/benchmark/inference_ms,23.819860
1779724980.323,/benchmark/inference_ms,24.556849
1779724980.369,/benchmark/inference_ms,24.242477
1779724980.414,/benchmark/inference_ms,24.234350
1779724980.461,/benchmark/inference_ms,24.091389
1779724980.506,/benchmark/inference_ms,24.008291
1779724980.552,/benchmark/inference_ms,24.779228
1779724980.597,/benchmark/inference_ms,24.098106
1779724980.643,/benchmark/inference_ms,23.803862
1779724980.690,/benchmark/inference_ms,24.104668
1779724980.735,/benchmark/inference_ms,24.043009
1779724980.780,/benchmark/inference_ms,24.389696
1779724980.826,/benchmark/inference_ms,24.177908
1779724980.872,/benchmark/inference_ms,24.068157
1779724980.919,/benchmark/inference_ms,24.200306
1779724980.964,/benchmark/inference_ms,24.025953
1779724981.009,/benchmark/inference_ms,24.473946
1779724981.054,/benchmark/inference_ms,24.176886
1779724981.100,/benchmark/inference_ms,23.973898
1779724981.146,/benchmark/inference_ms,23.828405
1779724981.191,/benchmark/inference_ms,24.047010
1779724981.238,/benchmark/inference_ms,24.482651
1779724981.284,/benchmark/inference_ms,24.435518
1779724981.329,/benchmark/inference_ms,23.837046
1779724981.375,/benchmark/inference_ms,23.504467
1779724981.420,/benchmark/inference_ms,23.892944
1779724981.465,/benchmark/inference_ms,24.485020
1779724981.513,/benchmark/inference_ms,25.078245
1779724981.559,/benchmark/inference_ms,24.328392
1779724981.606,/benchmark/inference_ms,24.642284
1779724981.652,/benchmark/inference_ms,25.134624
1779724981.699,/benchmark/inference_ms,24.490971
1779724981.743,/benchmark/inference_ms,24.289196
1779724981.792,/benchmark/inference_ms,24.533558
1779724981.838,/benchmark/inference_ms,24.883125
1779724981.884,/benchmark/inference_ms,24.646795
1779724981.932,/benchmark/inference_ms,24.766850
1779724981.978,/benchmark/inference_ms,24.906099
1779724982.023,/benchmark/inference_ms,24.669868
1779724982.069,/benchmark/inference_ms,24.914198
1779724982.116,/benchmark/inference_ms,24.416994
1779724982.164,/benchmark/inference_ms,24.878616
1779724982.211,/benchmark/inference_ms,25.150721
1779724982.258,/benchmark/inference_ms,24.552727
1779724982.303,/benchmark/inference_ms,24.473406
1779724982.349,/benchmark/inference_ms,24.526649
1779724982.393,/benchmark/inference_ms,24.278864
1779724982.438,/benchmark/inference_ms,24.888441
1779724982.485,/benchmark/inference_ms,24.390598
1779724982.532,/benchmark/inference_ms,24.416067
1779724982.576,/benchmark/inference_ms,24.668140
1779724982.622,/benchmark/inference_ms,24.457888
1779724982.669,/benchmark/inference_ms,25.134241
1779724982.715,/benchmark/inference_ms,24.451296
1779724982.759,/benchmark/inference_ms,24.314253
1779724982.806,/benchmark/inference_ms,24.620399
1779724982.851,/benchmark/inference_ms,24.500540
1779724982.897,/benchmark/inference_ms,24.872475
1779724982.944,/benchmark/inference_ms,24.416964
1779724982.989,/benchmark/inference_ms,24.494877
1779724983.036,/benchmark/inference_ms,24.742599
1779724983.081,/benchmark/inference_ms,24.708395
1779724983.127,/benchmark/inference_ms,24.914648
1779724983.175,/benchmark/inference_ms,24.936535
1779724983.221,/benchmark/inference_ms,24.630098
1779724983.266,/benchmark/inference_ms,24.518557
1779724983.314,/benchmark/inference_ms,24.560154
1779724983.360,/benchmark/inference_ms,24.400614
1779724983.409,/benchmark/inference_ms,24.701355
1779724983.455,/benchmark/inference_ms,25.042732
1779724983.501,/benchmark/inference_ms,24.403111
1779724983.547,/benchmark/inference_ms,24.356907
1779724983.593,/benchmark/inference_ms,24.655600
1779724983.639,/benchmark/inference_ms,24.895641
1779724983.685,/benchmark/inference_ms,24.709578
1779724983.735,/benchmark/inference_ms,27.337757
1779724983.802,/benchmark/inference_ms,45.587856
1779724983.855,/benchmark/inference_ms,32.226822
1779724983.910,/benchmark/inference_ms,33.280647
1779724983.965,/benchmark/inference_ms,33.227917
1779724803.898,/benchmark/latency_ms,60.124237
1779724803.965,/benchmark/latency_ms,72.740913
1779724804.012,/benchmark/latency_ms,72.706230
1779724804.068,/benchmark/latency_ms,71.653534
1779724804.122,/benchmark/latency_ms,66.896255
1779724804.188,/benchmark/latency_ms,64.510101
1779724804.241,/benchmark/latency_ms,61.394627
1779724804.284,/benchmark/latency_ms,86.608589
1779724804.350,/benchmark/latency_ms,70.882584
1779724804.392,/benchmark/latency_ms,65.488243
1779724804.442,/benchmark/latency_ms,66.972221
1779724804.496,/benchmark/latency_ms,57.443180
1779724804.546,/benchmark/latency_ms,61.032269
1779724804.599,/benchmark/latency_ms,63.916744
1779724804.649,/benchmark/latency_ms,65.830086
1779724804.702,/benchmark/latency_ms,58.049431
1779724804.755,/benchmark/latency_ms,62.117321
1779724804.820,/benchmark/latency_ms,65.860641
1779724804.861,/benchmark/latency_ms,55.506893
1779724804.915,/benchmark/latency_ms,59.623390
1779724804.977,/benchmark/latency_ms,63.850346
1779724805.019,/benchmark/latency_ms,65.924644
1779724805.073,/benchmark/latency_ms,58.113747
1779724805.138,/benchmark/latency_ms,61.468349
1779724805.187,/benchmark/latency_ms,63.877995
1779724805.226,/benchmark/latency_ms,66.230042
1779724805.277,/benchmark/latency_ms,55.938976
1779724805.330,/benchmark/latency_ms,58.356236
1779724805.383,/benchmark/latency_ms,60.546368
1779724805.433,/benchmark/latency_ms,62.762161
1779724805.483,/benchmark/latency_ms,65.018181
1779724805.537,/benchmark/latency_ms,66.472397
1779724805.583,/benchmark/latency_ms,56.676613
1779724805.637,/benchmark/latency_ms,60.869076
1779724805.703,/benchmark/latency_ms,65.433777
1779724805.747,/benchmark/latency_ms,57.607430
1779724805.801,/benchmark/latency_ms,61.876049
1779724805.853,/benchmark/latency_ms,66.655815
1779724805.905,/benchmark/latency_ms,57.542313
1779724805.958,/benchmark/latency_ms,59.602238
1779724806.010,/benchmark/latency_ms,63.400986
1779724806.073,/benchmark/latency_ms,66.266998
1779724806.115,/benchmark/latency_ms,57.278831
1779724806.168,/benchmark/latency_ms,59.510593
1779724806.222,/benchmark/latency_ms,63.247551
1779724806.286,/benchmark/latency_ms,67.669319
1779724806.328,/benchmark/latency_ms,58.345642
1779724806.382,/benchmark/latency_ms,61.680279
1779724806.433,/benchmark/latency_ms,65.184540
1779724806.485,/benchmark/latency_ms,68.670372
1779724806.534,/benchmark/latency_ms,54.793896
1779724806.587,/benchmark/latency_ms,55.938976
1779724806.636,/benchmark/latency_ms,57.219028
1779724806.689,/benchmark/latency_ms,58.302315
1779724806.740,/benchmark/latency_ms,60.388229
1779724806.792,/benchmark/latency_ms,61.662296
1779724806.841,/benchmark/latency_ms,62.040108
1779724806.894,/benchmark/latency_ms,63.119942
1779724806.944,/benchmark/latency_ms,65.679657
1779724806.994,/benchmark/latency_ms,64.000099
1779724807.047,/benchmark/latency_ms,65.470612
1779724807.097,/benchmark/latency_ms,66.292664
1779724807.150,/benchmark/latency_ms,57.422092
1779724807.203,/benchmark/latency_ms,60.664890
1779724807.256,/benchmark/latency_ms,64.135010
1779724807.307,/benchmark/latency_ms,66.335320
1779724807.361,/benchmark/latency_ms,67.852287
1779724807.412,/benchmark/latency_ms,56.886047
1779724807.465,/benchmark/latency_ms,60.277767
1779724807.514,/benchmark/latency_ms,61.329060
1779724807.567,/benchmark/latency_ms,62.548248
1779724807.616,/benchmark/latency_ms,63.917355
1779724807.664,/benchmark/latency_ms,59.986004
1779724807.717,/benchmark/latency_ms,62.459995
1779724807.766,/benchmark/latency_ms,63.070118
1779724807.818,/benchmark/latency_ms,66.759651
1779724807.873,/benchmark/latency_ms,58.558533
1779724807.926,/benchmark/latency_ms,61.727859
1779724807.979,/benchmark/latency_ms,64.511284
1779724808.032,/benchmark/latency_ms,67.587814
1779724808.086,/benchmark/latency_ms,56.688419
1779724808.132,/benchmark/latency_ms,55.606186
1779724808.194,/benchmark/latency_ms,57.421131
1779724808.236,/benchmark/latency_ms,57.992374
1779724808.289,/benchmark/latency_ms,59.136303
1779724808.339,/benchmark/latency_ms,61.387264
1779724808.391,/benchmark/latency_ms,62.552761
1779724808.439,/benchmark/latency_ms,63.280704
1779724808.493,/benchmark/latency_ms,64.553841
1779724808.546,/benchmark/latency_ms,66.109116
1779724808.590,/benchmark/latency_ms,53.181664
1779724808.642,/benchmark/latency_ms,66.784615
1779724808.696,/benchmark/latency_ms,67.540009
1779724808.744,/benchmark/latency_ms,56.091961
1779724808.798,/benchmark/latency_ms,60.115662
1779724808.851,/benchmark/latency_ms,64.191261
1779724808.904,/benchmark/latency_ms,66.695557
1779724808.956,/benchmark/latency_ms,55.961918
1779724809.011,/benchmark/latency_ms,60.241577
1779724809.063,/benchmark/latency_ms,61.289028
1779724809.113,/benchmark/latency_ms,61.724758
1779724809.163,/benchmark/latency_ms,63.194691
1779724809.214,/benchmark/latency_ms,64.384056
1779724809.262,/benchmark/latency_ms,63.148708
1779724809.315,/benchmark/latency_ms,64.301819
1779724809.375,/benchmark/latency_ms,65.469360
1779724809.415,/benchmark/latency_ms,66.887619
1779724809.470,/benchmark/latency_ms,57.983418
1779724809.524,/benchmark/latency_ms,61.458622
1779724809.577,/benchmark/latency_ms,64.786537
1779724809.630,/benchmark/latency_ms,68.197144
1779724809.683,/benchmark/latency_ms,59.697308
1779724809.731,/benchmark/latency_ms,60.290470
1779724809.785,/benchmark/latency_ms,63.699505
1779724809.836,/benchmark/latency_ms,65.089439
1779724809.887,/benchmark/latency_ms,66.725380
1779724809.940,/benchmark/latency_ms,56.801250
1779724809.993,/benchmark/latency_ms,60.583614
1779724810.046,/benchmark/latency_ms,63.126564
1779724810.100,/benchmark/latency_ms,65.902534
1779724810.149,/benchmark/latency_ms,56.321201
1779724810.203,/benchmark/latency_ms,60.115566
1779724810.255,/benchmark/latency_ms,63.455929
1779724810.310,/benchmark/latency_ms,66.308281
1779724810.361,/benchmark/latency_ms,55.874657
1779724810.424,/benchmark/latency_ms,56.576904
1779724810.464,/benchmark/latency_ms,59.376423
1779724810.518,/benchmark/latency_ms,61.444256
1779724810.571,/benchmark/latency_ms,64.694862
1779724810.635,/benchmark/latency_ms,67.054970
1779724810.677,/benchmark/latency_ms,58.713982
1779724810.729,/benchmark/latency_ms,61.410751
1779724810.783,/benchmark/latency_ms,64.997154
1779724810.836,/benchmark/latency_ms,67.221909
1779724810.885,/benchmark/latency_ms,58.062645
1779724810.951,/benchmark/latency_ms,60.862514
1779724810.991,/benchmark/latency_ms,61.680374
1779724811.044,/benchmark/latency_ms,62.237797
1779724811.094,/benchmark/latency_ms,64.520081
1779724811.148,/benchmark/latency_ms,66.422417
1779724811.198,/benchmark/latency_ms,66.699371
1779724811.251,/benchmark/latency_ms,68.176758
1779724811.299,/benchmark/latency_ms,57.030170
1779724811.352,/benchmark/latency_ms,60.397827
1779724811.405,/benchmark/latency_ms,62.727570
1779724811.459,/benchmark/latency_ms,64.450134
1779724811.512,/benchmark/latency_ms,67.758629
1779724811.558,/benchmark/latency_ms,53.807018
1779724811.608,/benchmark/latency_ms,67.199257
1779724811.663,/benchmark/latency_ms,67.896347
1779724811.712,/benchmark/latency_ms,56.543720
1779724811.765,/benchmark/latency_ms,60.705368
1779724811.819,/benchmark/latency_ms,65.200958
1779724811.885,/benchmark/latency_ms,68.372299
1779724811.925,/benchmark/latency_ms,56.366192
1779724811.978,/benchmark/latency_ms,60.526207
1779724812.029,/benchmark/latency_ms,62.774319
1779724812.082,/benchmark/latency_ms,63.541718
1779724812.131,/benchmark/latency_ms,64.985123
1779724812.184,/benchmark/latency_ms,66.798599
1779724812.228,/benchmark/latency_ms,51.761520
1779724812.281,/benchmark/latency_ms,66.644485
1779724812.334,/benchmark/latency_ms,67.534859
1779724812.383,/benchmark/latency_ms,55.949821
1779724812.445,/benchmark/latency_ms,57.971256
1779724812.487,/benchmark/latency_ms,62.035820
1779724812.552,/benchmark/latency_ms,65.236824
1779724812.593,/benchmark/latency_ms,66.256660
1779724812.647,/benchmark/latency_ms,67.943321
1779724812.687,/benchmark/latency_ms,50.241894
1779724812.742,/benchmark/latency_ms,65.911652
1779724812.795,/benchmark/latency_ms,65.941666
1779724812.847,/benchmark/latency_ms,56.669605
1779724812.904,/benchmark/latency_ms,59.738201
1779724812.962,/benchmark/latency_ms,62.569912
1779724813.003,/benchmark/latency_ms,65.379829
1779724813.057,/benchmark/latency_ms,68.697632
1779724813.109,/benchmark/latency_ms,57.618084
1779724813.161,/benchmark/latency_ms,59.837048
1779724813.213,/benchmark/latency_ms,63.544983
1779724813.267,/benchmark/latency_ms,66.393204
1779724813.320,/benchmark/latency_ms,67.912575
1779724813.372,/benchmark/latency_ms,57.985592
1779724813.425,/benchmark/latency_ms,61.533531
1779724813.479,/benchmark/latency_ms,63.599766
1779724813.532,/benchmark/latency_ms,67.330673
1779724813.584,/benchmark/latency_ms,58.758686
1779724813.637,/benchmark/latency_ms,61.619034
1779724813.690,/benchmark/latency_ms,63.885036
1779724813.740,/benchmark/latency_ms,65.464371
1779724813.793,/benchmark/latency_ms,66.507149
1779724813.839,/benchmark/latency_ms,51.759857
1779724813.890,/benchmark/latency_ms,65.606445
1779724813.945,/benchmark/latency_ms,68.642883
1779724813.998,/benchmark/latency_ms,59.011860
1779724814.051,/benchmark/latency_ms,63.493080
1779724814.115,/benchmark/latency_ms,68.055222
1779724814.156,/benchmark/latency_ms,56.666855
1779724814.209,/benchmark/latency_ms,60.083660
1779724814.262,/benchmark/latency_ms,63.367996
1779724814.327,/benchmark/latency_ms,78.045662
1779724814.365,/benchmark/latency_ms,66.839264
1779724814.420,/benchmark/latency_ms,58.747135
1779724814.473,/benchmark/latency_ms,63.697426
1779724814.530,/benchmark/latency_ms,61.950542
1779724814.572,/benchmark/latency_ms,65.981056
1779724814.627,/benchmark/latency_ms,57.926235
1779724814.679,/benchmark/latency_ms,61.877392
1779724814.733,/benchmark/latency_ms,66.507500
1779724814.784,/benchmark/latency_ms,56.790432
1779724814.851,/benchmark/latency_ms,60.875538
1779724814.892,/benchmark/latency_ms,64.525208
1779724814.942,/benchmark/latency_ms,67.009338
1779724814.992,/benchmark/latency_ms,55.947487
1779724815.045,/benchmark/latency_ms,60.418884
1779724815.098,/benchmark/latency_ms,62.375488
1779724815.148,/benchmark/latency_ms,64.715088
1779724815.201,/benchmark/latency_ms,66.212540
1779724815.267,/benchmark/latency_ms,57.972504
1779724815.307,/benchmark/latency_ms,60.616634
1779724815.359,/benchmark/latency_ms,63.972424
1779724815.421,/benchmark/latency_ms,66.164856
1779724815.463,/benchmark/latency_ms,56.457516
1779724815.515,/benchmark/latency_ms,58.520805
1779724815.568,/benchmark/latency_ms,60.010227
1779724815.631,/benchmark/latency_ms,61.844082
1779724815.668,/benchmark/latency_ms,57.018299
1779724815.721,/benchmark/latency_ms,71.737877
1779724815.774,/benchmark/latency_ms,61.557980
1779724815.828,/benchmark/latency_ms,63.311134
1779724815.881,/benchmark/latency_ms,63.880650
1779724815.943,/benchmark/latency_ms,63.880650
1779724815.982,/benchmark/latency_ms,63.656723
1779724816.036,/benchmark/latency_ms,63.560886
1779724816.086,/benchmark/latency_ms,64.416756
1779724816.145,/benchmark/latency_ms,61.890896
1779724816.186,/benchmark/latency_ms,61.891247
1779724816.240,/benchmark/latency_ms,61.954254
1779724816.287,/benchmark/latency_ms,60.507584
1779724816.340,/benchmark/latency_ms,61.523388
1779724816.392,/benchmark/latency_ms,64.113762
1779724816.444,/benchmark/latency_ms,66.803909
1779724816.497,/benchmark/latency_ms,67.657700
1779724816.562,/benchmark/latency_ms,59.788185
1779724816.597,/benchmark/latency_ms,55.170685
1779724816.650,/benchmark/latency_ms,57.986263
1779724816.703,/benchmark/latency_ms,62.623158
1779724816.764,/benchmark/latency_ms,64.473427
1779724816.806,/benchmark/latency_ms,66.433006
1779724816.858,/benchmark/latency_ms,69.433868
1779724816.909,/benchmark/latency_ms,60.630909
1779724816.959,/benchmark/latency_ms,62.358688
1779724817.011,/benchmark/latency_ms,64.692780
1779724817.057,/benchmark/latency_ms,62.599575
1779724817.110,/benchmark/latency_ms,64.078400
1779724817.163,/benchmark/latency_ms,67.635468
1779724817.216,/benchmark/latency_ms,66.320755
1779724817.281,/benchmark/latency_ms,67.427826
1779724817.321,/benchmark/latency_ms,56.965885
1779724817.374,/benchmark/latency_ms,60.520672
1779724817.427,/benchmark/latency_ms,64.504051
1779724817.480,/benchmark/latency_ms,68.048759
1779724817.530,/benchmark/latency_ms,56.976154
1779724817.583,/benchmark/latency_ms,63.261215
1779724817.636,/benchmark/latency_ms,66.026047
1779724817.686,/benchmark/latency_ms,57.370094
1779724817.740,/benchmark/latency_ms,64.167778
1779724817.791,/benchmark/latency_ms,55.956287
1779724817.844,/benchmark/latency_ms,60.118992
1779724817.905,/benchmark/latency_ms,65.898148
1779724817.948,/benchmark/latency_ms,57.851326
1779724818.003,/benchmark/latency_ms,65.875206
1779724818.057,/benchmark/latency_ms,61.172520
1779724818.113,/benchmark/latency_ms,66.831940
1779724818.165,/benchmark/latency_ms,58.872185
1779724818.209,/benchmark/latency_ms,56.510796
1779724818.259,/benchmark/latency_ms,60.471935
1779724818.312,/benchmark/latency_ms,63.174084
1779724818.362,/benchmark/latency_ms,66.555145
1779724818.415,/benchmark/latency_ms,60.269352
1779724818.468,/benchmark/latency_ms,65.810089
1779724818.524,/benchmark/latency_ms,59.402920
1779724818.578,/benchmark/latency_ms,64.273819
1779724818.626,/benchmark/latency_ms,55.495247
1779724818.677,/benchmark/latency_ms,57.685539
1779724818.730,/benchmark/latency_ms,62.998344
1779724818.784,/benchmark/latency_ms,67.459946
1779724818.833,/benchmark/latency_ms,58.405128
1779724818.893,/benchmark/latency_ms,64.668236
1779724818.942,/benchmark/latency_ms,59.452934
1779724818.995,/benchmark/latency_ms,64.290428
1779724819.048,/benchmark/latency_ms,56.976124
1779724819.100,/benchmark/latency_ms,61.878223
1779724819.153,/benchmark/latency_ms,65.691116
1779724819.203,/benchmark/latency_ms,55.902977
1779724819.256,/benchmark/latency_ms,59.097363
1779724819.309,/benchmark/latency_ms,62.006477
1779724819.357,/benchmark/latency_ms,66.690826
1779724819.410,/benchmark/latency_ms,60.208298
1779724819.463,/benchmark/latency_ms,65.150238
1779724819.516,/benchmark/latency_ms,55.986652
1779724819.567,/benchmark/latency_ms,61.983982
1779724819.620,/benchmark/latency_ms,67.015610
1779724819.672,/benchmark/latency_ms,60.526943
1779724819.726,/benchmark/latency_ms,66.001221
1779724819.781,/benchmark/latency_ms,59.101746
1779724819.829,/benchmark/latency_ms,58.438442
1779724819.879,/benchmark/latency_ms,62.068874
1779724819.932,/benchmark/latency_ms,64.555504
1779724819.982,/benchmark/latency_ms,66.942940
1779724820.036,/benchmark/latency_ms,61.237190
1779724820.090,/benchmark/latency_ms,67.300949
1779724820.142,/benchmark/latency_ms,58.657825
1779724820.205,/benchmark/latency_ms,63.522423
1779724820.244,/benchmark/latency_ms,66.889214
1779724820.291,/benchmark/latency_ms,54.039619
1779724820.346,/benchmark/latency_ms,59.438629
1779724820.401,/benchmark/latency_ms,64.051842
1779724820.450,/benchmark/latency_ms,67.226326
1779724820.502,/benchmark/latency_ms,59.099377
1779724820.555,/benchmark/latency_ms,64.665070
1779724820.604,/benchmark/latency_ms,55.624332
1779724820.658,/benchmark/latency_ms,60.584412
1779724820.713,/benchmark/latency_ms,66.493134
1779724820.761,/benchmark/latency_ms,56.512268
1779724820.825,/benchmark/latency_ms,61.870415
1779724820.869,/benchmark/latency_ms,67.209305
1779724820.921,/benchmark/latency_ms,59.022900
1779724820.974,/benchmark/latency_ms,65.072708
1779724821.025,/benchmark/latency_ms,56.808800
1779724821.088,/benchmark/latency_ms,59.336906
1779724821.125,/benchmark/latency_ms,62.308033
1779724821.177,/benchmark/latency_ms,66.242874
1779724821.228,/benchmark/latency_ms,56.368690
1779724821.280,/benchmark/latency_ms,61.550045
1779724821.344,/benchmark/latency_ms,65.987076
1779724821.386,/benchmark/latency_ms,57.668419
1779724821.440,/benchmark/latency_ms,61.926350
1779724821.493,/benchmark/latency_ms,67.675812
1779724821.546,/benchmark/latency_ms,60.620445
1779724821.598,/benchmark/latency_ms,66.150520
1779724821.651,/benchmark/latency_ms,59.675549
1779724821.703,/benchmark/latency_ms,65.063202
1779724821.757,/benchmark/latency_ms,58.390793
1779724821.822,/benchmark/latency_ms,63.774509
1779724821.863,/benchmark/latency_ms,55.781254
1779724821.914,/benchmark/latency_ms,57.618595
1779724821.967,/benchmark/latency_ms,63.508087
1779724822.020,/benchmark/latency_ms,67.982811
1779724822.074,/benchmark/latency_ms,62.017738
1779724822.127,/benchmark/latency_ms,66.209885
1779724822.175,/benchmark/latency_ms,59.051506
1779724822.239,/benchmark/latency_ms,63.423386
1779724822.281,/benchmark/latency_ms,66.072250
1779724822.334,/benchmark/latency_ms,58.255886
1779724822.380,/benchmark/latency_ms,59.330475
1779724822.434,/benchmark/latency_ms,65.293945
1779724822.487,/benchmark/latency_ms,58.497478
1779724822.540,/benchmark/latency_ms,64.446938
1779724822.604,/benchmark/latency_ms,57.334030
1779724822.645,/benchmark/latency_ms,62.502300
1779724822.698,/benchmark/latency_ms,64.704018
1779724822.751,/benchmark/latency_ms,57.918427
1779724822.805,/benchmark/latency_ms,64.230400
1779724822.855,/benchmark/latency_ms,56.659527
1779724822.906,/benchmark/latency_ms,59.468262
1779724822.961,/benchmark/latency_ms,64.799309
1779724823.013,/benchmark/latency_ms,56.754498
1779724823.061,/benchmark/latency_ms,57.703552
1779724823.114,/benchmark/latency_ms,63.500919
1779724823.164,/benchmark/latency_ms,65.931938
1779724823.215,/benchmark/latency_ms,57.678658
1779724823.268,/benchmark/latency_ms,63.626003
1779724823.323,/benchmark/latency_ms,56.330002
1779724823.376,/benchmark/latency_ms,61.976173
1779724823.428,/benchmark/latency_ms,66.825539
1779724823.480,/benchmark/latency_ms,57.208179
1779724823.526,/benchmark/latency_ms,53.938599
1779724823.577,/benchmark/latency_ms,57.856636
1779724823.632,/benchmark/latency_ms,60.494560
1779724823.684,/benchmark/latency_ms,65.430260
1779724823.738,/benchmark/latency_ms,58.018360
1779724823.791,/benchmark/latency_ms,62.541756
1779724823.844,/benchmark/latency_ms,66.947937
1779724823.896,/benchmark/latency_ms,57.318317
1779724823.950,/benchmark/latency_ms,62.994091
1779724823.996,/benchmark/latency_ms,62.271809
1779724824.049,/benchmark/latency_ms,67.907135
1779724824.113,/benchmark/latency_ms,59.715134
1779724824.156,/benchmark/latency_ms,64.040901
1779724824.209,/benchmark/latency_ms,67.293526
1779724824.263,/benchmark/latency_ms,59.604637
1779724824.312,/benchmark/latency_ms,61.220936
1779724824.365,/benchmark/latency_ms,63.397564
1779724824.415,/benchmark/latency_ms,63.140354
1779724824.462,/benchmark/latency_ms,62.809040
1779724824.515,/benchmark/latency_ms,66.006401
1779724824.564,/benchmark/latency_ms,56.012093
1779724824.630,/benchmark/latency_ms,60.840054
1779724824.683,/benchmark/latency_ms,65.910950
1779724824.725,/benchmark/latency_ms,58.008503
1779724824.778,/benchmark/latency_ms,61.798164
1779724824.832,/benchmark/latency_ms,65.375481
1779724824.882,/benchmark/latency_ms,67.805122
1779724824.931,/benchmark/latency_ms,56.174679
1779724824.997,/benchmark/latency_ms,59.024052
1779724825.037,/benchmark/latency_ms,60.753593
1779724825.090,/benchmark/latency_ms,64.370552
1779724825.143,/benchmark/latency_ms,67.171768
1779724825.192,/benchmark/latency_ms,58.080662
1779724825.245,/benchmark/latency_ms,58.785404
1779724825.294,/benchmark/latency_ms,62.638519
1779724825.350,/benchmark/latency_ms,66.826721
1779724825.401,/benchmark/latency_ms,57.117111
1779724825.454,/benchmark/latency_ms,58.630692
1779724825.507,/benchmark/latency_ms,59.640575
1779724825.556,/benchmark/latency_ms,63.832813
1779724825.610,/benchmark/latency_ms,67.251732
1779724825.672,/benchmark/latency_ms,56.736961
1779724825.711,/benchmark/latency_ms,57.560104
1779724825.764,/benchmark/latency_ms,61.580090
1779724825.818,/benchmark/latency_ms,66.022781
1779724825.871,/benchmark/latency_ms,56.825089
1779724825.921,/benchmark/latency_ms,57.917885
1779724825.973,/benchmark/latency_ms,61.376930
1779724826.040,/benchmark/latency_ms,65.412468
1779724826.077,/benchmark/latency_ms,52.164997
1779724826.130,/benchmark/latency_ms,68.031868
1779724826.179,/benchmark/latency_ms,68.074455
1779724826.234,/benchmark/latency_ms,59.888920
1779724826.287,/benchmark/latency_ms,63.406715
1779724826.340,/benchmark/latency_ms,66.853699
1779724826.391,/benchmark/latency_ms,67.753029
1779724826.441,/benchmark/latency_ms,81.195343
1779724826.494,/benchmark/latency_ms,58.676384
1779724826.543,/benchmark/latency_ms,60.520161
1779724826.596,/benchmark/latency_ms,65.351830
1779724826.661,/benchmark/latency_ms,66.249435
1779724826.700,/benchmark/latency_ms,67.724388
1779724826.751,/benchmark/latency_ms,58.950836
1779724826.804,/benchmark/latency_ms,61.501984
1779724826.857,/benchmark/latency_ms,64.869064
1779724826.908,/benchmark/latency_ms,66.624268
1779724826.961,/benchmark/latency_ms,58.559460
1779724827.025,/benchmark/latency_ms,58.916889
1779724827.062,/benchmark/latency_ms,62.536697
1779724827.114,/benchmark/latency_ms,67.424622
1779724827.167,/benchmark/latency_ms,58.598019
1779724827.227,/benchmark/latency_ms,62.267426
1779724827.264,/benchmark/latency_ms,62.299843
1779724827.328,/benchmark/latency_ms,65.506577
1779724827.381,/benchmark/latency_ms,80.134865
1779724827.422,/benchmark/latency_ms,58.409451
1779724827.475,/benchmark/latency_ms,60.084751
1779724827.525,/benchmark/latency_ms,63.907051
1779724827.579,/benchmark/latency_ms,66.500114
1779724827.632,/benchmark/latency_ms,57.977848
1779724827.685,/benchmark/latency_ms,61.962765
1779724827.737,/benchmark/latency_ms,64.760078
1779724827.790,/benchmark/latency_ms,66.618027
1779724827.841,/benchmark/latency_ms,55.895683
1779724827.894,/benchmark/latency_ms,60.818039
1779724827.944,/benchmark/latency_ms,61.953518
1779724827.998,/benchmark/latency_ms,66.421906
1779724828.052,/benchmark/latency_ms,59.235630
1779724828.105,/benchmark/latency_ms,64.834152
1779724828.157,/benchmark/latency_ms,55.289749
1779724828.210,/benchmark/latency_ms,59.963539
1779724828.263,/benchmark/latency_ms,64.887909
1779724828.316,/benchmark/latency_ms,58.132595
1779724828.368,/benchmark/latency_ms,63.351707
1779724828.414,/benchmark/latency_ms,59.906837
1779724828.468,/benchmark/latency_ms,63.845036
1779724828.518,/benchmark/latency_ms,66.562157
1779724828.570,/benchmark/latency_ms,57.610565
1779724828.623,/benchmark/latency_ms,62.290627
1779724828.676,/benchmark/latency_ms,66.953087
1779724828.730,/benchmark/latency_ms,59.491653
1779724828.782,/benchmark/latency_ms,64.813034
1779724828.846,/benchmark/latency_ms,55.615723
1779724828.878,/benchmark/latency_ms,52.375259
1779724828.931,/benchmark/latency_ms,67.325043
1779724828.985,/benchmark/latency_ms,58.194000
1779724829.034,/benchmark/latency_ms,62.790161
1779724829.086,/benchmark/latency_ms,66.100990
1779724829.139,/benchmark/latency_ms,56.325874
1779724829.189,/benchmark/latency_ms,59.057396
1779724829.251,/benchmark/latency_ms,61.974380
1779724829.290,/benchmark/latency_ms,66.007362
1779724829.345,/benchmark/latency_ms,58.668259
1779724829.401,/benchmark/latency_ms,64.341148
1779724829.453,/benchmark/latency_ms,68.696129
1779724829.507,/benchmark/latency_ms,58.753792
1779724829.558,/benchmark/latency_ms,64.546997
1779724829.611,/benchmark/latency_ms,54.728012
1779724829.660,/benchmark/latency_ms,59.724445
1779724829.714,/benchmark/latency_ms,65.051430
1779724829.767,/benchmark/latency_ms,55.831875
1779724829.813,/benchmark/latency_ms,54.884899
1779724829.867,/benchmark/latency_ms,58.349068
1779724829.918,/benchmark/latency_ms,63.378109
1779724829.971,/benchmark/latency_ms,66.033409
1779724830.036,/benchmark/latency_ms,59.250412
1779724830.078,/benchmark/latency_ms,63.763374
1779724830.128,/benchmark/latency_ms,67.007294
1779724830.180,/benchmark/latency_ms,57.190292
1779724830.233,/benchmark/latency_ms,62.570713
1779724830.281,/benchmark/latency_ms,61.176071
1779724830.333,/benchmark/latency_ms,65.417526
1779724830.385,/benchmark/latency_ms,58.165459
1779724830.440,/benchmark/latency_ms,62.770836
1779724830.492,/benchmark/latency_ms,66.949310
1779724830.545,/benchmark/latency_ms,59.962036
1779724830.600,/benchmark/latency_ms,65.135361
1779724830.649,/benchmark/latency_ms,54.980160
1779724830.701,/benchmark/latency_ms,58.796349
1779724830.748,/benchmark/latency_ms,57.784927
1779724830.813,/benchmark/latency_ms,61.359619
1779724830.852,/benchmark/latency_ms,64.406555
1779724830.903,/benchmark/latency_ms,67.370415
1779724830.956,/benchmark/latency_ms,60.744953
1779724831.021,/benchmark/latency_ms,65.582764
1779724831.061,/benchmark/latency_ms,57.879707
1779724831.117,/benchmark/latency_ms,62.496475
1779724831.171,/benchmark/latency_ms,66.848160
1779724831.217,/benchmark/latency_ms,54.811241
1779724831.270,/benchmark/latency_ms,60.121391
1779724831.324,/benchmark/latency_ms,64.495445
1779724831.376,/benchmark/latency_ms,66.937920
1779724831.426,/benchmark/latency_ms,56.667526
1779724831.477,/benchmark/latency_ms,60.169834
1779724831.531,/benchmark/latency_ms,65.223358
1779724831.583,/benchmark/latency_ms,55.828548
1779724831.635,/benchmark/latency_ms,60.521919
1779724831.688,/benchmark/latency_ms,61.798901
1779724831.751,/benchmark/latency_ms,65.565742
1779724831.793,/benchmark/latency_ms,58.837112
1779724831.846,/benchmark/latency_ms,63.964775
1779724831.899,/benchmark/latency_ms,66.921280
1779724831.947,/benchmark/latency_ms,57.633541
1779724832.011,/benchmark/latency_ms,62.509308
1779724832.054,/benchmark/latency_ms,66.929123
1779724832.104,/benchmark/latency_ms,56.277203
1779724832.154,/benchmark/latency_ms,57.619076
1779724832.208,/benchmark/latency_ms,62.745682
1779724832.261,/benchmark/latency_ms,66.607918
1779724832.310,/benchmark/latency_ms,58.220657
1779724832.364,/benchmark/latency_ms,63.390877
1779724832.415,/benchmark/latency_ms,65.759720
1779724832.468,/benchmark/latency_ms,56.656166
1779724832.522,/benchmark/latency_ms,62.046059
1779724832.575,/benchmark/latency_ms,67.456429
1779724832.623,/benchmark/latency_ms,56.964859
1779724832.677,/benchmark/latency_ms,61.739254
1779724832.731,/benchmark/latency_ms,66.774345
1779724832.780,/benchmark/latency_ms,57.623623
1779724832.846,/benchmark/latency_ms,63.179138
1779724832.887,/benchmark/latency_ms,68.505165
1779724832.942,/benchmark/latency_ms,59.652702
1779724832.991,/benchmark/latency_ms,64.195267
1779724833.044,/benchmark/latency_ms,67.668198
1779724833.093,/benchmark/latency_ms,56.840446
1779724833.157,/benchmark/latency_ms,61.078030
1779724833.200,/benchmark/latency_ms,66.153183
1779724833.265,/benchmark/latency_ms,59.501762
1779724833.306,/benchmark/latency_ms,64.914627
1779724833.356,/benchmark/latency_ms,55.529518
1779724833.408,/benchmark/latency_ms,58.848507
1779724833.461,/benchmark/latency_ms,63.423515
1779724833.514,/benchmark/latency_ms,66.834465
1779724833.561,/benchmark/latency_ms,55.620777
1779724833.614,/benchmark/latency_ms,60.027023
1779724833.668,/benchmark/latency_ms,64.623634
1779724833.731,/benchmark/latency_ms,57.615143
1779724833.775,/benchmark/latency_ms,62.349506
1779724833.827,/benchmark/latency_ms,67.489456
1779724833.892,/benchmark/latency_ms,58.640385
1779724833.932,/benchmark/latency_ms,63.609398
1779724833.983,/benchmark/latency_ms,66.965729
1779724834.032,/benchmark/latency_ms,55.176411
1779724834.088,/benchmark/latency_ms,60.142605
1779724834.141,/benchmark/latency_ms,62.679157
1779724834.195,/benchmark/latency_ms,67.586731
1779724834.248,/benchmark/latency_ms,60.390308
1779724834.300,/benchmark/latency_ms,63.987366
1779724834.349,/benchmark/latency_ms,66.857887
1779724834.403,/benchmark/latency_ms,59.167503
1779724834.456,/benchmark/latency_ms,64.143234
1779724834.502,/benchmark/latency_ms,60.379719
1779724834.552,/benchmark/latency_ms,63.565495
1779724834.605,/benchmark/latency_ms,66.854240
1779724834.655,/benchmark/latency_ms,57.163349
1779724834.709,/benchmark/latency_ms,62.232227
1779724834.762,/benchmark/latency_ms,66.357681
1779724834.815,/benchmark/latency_ms,58.818810
1779724834.868,/benchmark/latency_ms,64.272766
1779724834.918,/benchmark/latency_ms,66.709579
1779724834.971,/benchmark/latency_ms,57.158260
1779724835.021,/benchmark/latency_ms,60.847923
1779724835.075,/benchmark/latency_ms,66.230873
1779724835.128,/benchmark/latency_ms,59.109169
1779724835.181,/benchmark/latency_ms,63.710419
1779724835.234,/benchmark/latency_ms,67.441071
1779724835.283,/benchmark/latency_ms,58.384426
1779724835.338,/benchmark/latency_ms,63.219521
1779724835.390,/benchmark/latency_ms,66.151352
1779724835.440,/benchmark/latency_ms,55.551182
1779724835.491,/benchmark/latency_ms,58.513573
1779724835.545,/benchmark/latency_ms,63.431995
1779724835.600,/benchmark/latency_ms,67.999802
1779724835.650,/benchmark/latency_ms,59.045845
1779724835.704,/benchmark/latency_ms,62.199238
1779724835.757,/benchmark/latency_ms,67.110489
1779724835.807,/benchmark/latency_ms,57.711651
1779724835.862,/benchmark/latency_ms,63.414875
1779724835.912,/benchmark/latency_ms,65.240601
1779724835.978,/benchmark/latency_ms,69.156082
1779724836.019,/benchmark/latency_ms,61.447647
1779724836.073,/benchmark/latency_ms,66.700424
1779724836.123,/benchmark/latency_ms,55.898018
1779724836.188,/benchmark/latency_ms,59.548225
1779724836.229,/benchmark/latency_ms,64.868614
1779724836.281,/benchmark/latency_ms,57.433453
1779724836.332,/benchmark/latency_ms,60.262634
1779724836.382,/benchmark/latency_ms,62.178696
1779724836.436,/benchmark/latency_ms,66.025635
1779724836.489,/benchmark/latency_ms,58.595684
1779724836.543,/benchmark/latency_ms,64.572273
1779724836.591,/benchmark/latency_ms,55.557293
1779724836.646,/benchmark/latency_ms,59.726524
1779724836.696,/benchmark/latency_ms,74.297539
1779724836.751,/benchmark/latency_ms,68.251862
1779724836.804,/benchmark/latency_ms,61.249737
1779724836.866,/benchmark/latency_ms,63.387070
1779724836.917,/benchmark/latency_ms,66.993660
1779724836.961,/benchmark/latency_ms,59.497253
1779724837.024,/benchmark/latency_ms,65.204346
1779724837.066,/benchmark/latency_ms,55.593262
1779724837.132,/benchmark/latency_ms,59.122673
1779724837.172,/benchmark/latency_ms,63.877739
1779724837.232,/benchmark/latency_ms,66.698280
1779724837.283,/benchmark/latency_ms,57.833374
1779724837.326,/benchmark/latency_ms,63.059498
1779724837.379,/benchmark/latency_ms,66.001122
1779724837.430,/benchmark/latency_ms,57.510120
1779724837.484,/benchmark/latency_ms,63.118820
1779724837.537,/benchmark/latency_ms,65.987808
1779724837.585,/benchmark/latency_ms,54.635311
1779724837.638,/benchmark/latency_ms,59.046356
1779724837.691,/benchmark/latency_ms,64.661041
1779724837.745,/benchmark/latency_ms,55.961342
1779724837.797,/benchmark/latency_ms,60.712826
1779724837.850,/benchmark/latency_ms,65.271736
1779724837.902,/benchmark/latency_ms,55.784931
1779724837.952,/benchmark/latency_ms,60.772152
1779724838.006,/benchmark/latency_ms,65.540466
1779724838.056,/benchmark/latency_ms,53.511669
1779724838.109,/benchmark/latency_ms,57.756191
1779724838.163,/benchmark/latency_ms,63.183460
1779724838.213,/benchmark/latency_ms,65.920929
1779724838.266,/benchmark/latency_ms,59.217838
1779724838.319,/benchmark/latency_ms,63.115845
1779724838.372,/benchmark/latency_ms,68.408394
1779724838.425,/benchmark/latency_ms,58.809883
1779724838.477,/benchmark/latency_ms,62.585495
1779724838.537,/benchmark/latency_ms,62.891373
1779724838.579,/benchmark/latency_ms,67.463051
1779724838.645,/benchmark/latency_ms,60.376488
1779724838.686,/benchmark/latency_ms,65.959427
1779724838.737,/benchmark/latency_ms,56.200310
1779724838.790,/benchmark/latency_ms,59.643135
1779724838.855,/benchmark/latency_ms,65.697769
1779724838.899,/benchmark/latency_ms,59.119282
1779724838.960,/benchmark/latency_ms,62.437405
1779724838.997,/benchmark/latency_ms,62.113159
1779724839.051,/benchmark/latency_ms,67.303345
1779724839.105,/benchmark/latency_ms,59.987152
1779724839.157,/benchmark/latency_ms,65.432594
1779724839.222,/benchmark/latency_ms,57.412109
1779724839.262,/benchmark/latency_ms,61.538078
1779724839.315,/benchmark/latency_ms,66.575470
1779724839.369,/benchmark/latency_ms,58.112755
1779724839.420,/benchmark/latency_ms,61.300198
1779724839.472,/benchmark/latency_ms,64.665039
1779724839.525,/benchmark/latency_ms,67.738693
1779724839.575,/benchmark/latency_ms,56.758434
1779724839.628,/benchmark/latency_ms,61.645752
1779724839.681,/benchmark/latency_ms,66.332085
1779724839.747,/benchmark/latency_ms,58.613857
1779724839.788,/benchmark/latency_ms,63.291424
1779724839.852,/benchmark/latency_ms,66.765732
1779724839.893,/benchmark/latency_ms,59.383690
1779724839.946,/benchmark/latency_ms,63.468410
1779724839.999,/benchmark/latency_ms,68.557739
1779724840.052,/benchmark/latency_ms,58.768188
1779724840.105,/benchmark/latency_ms,63.176834
1779724840.155,/benchmark/latency_ms,65.092575
1779724840.208,/benchmark/latency_ms,56.603786
1779724840.259,/benchmark/latency_ms,60.319527
1779724840.314,/benchmark/latency_ms,64.944580
1779724840.365,/benchmark/latency_ms,55.452175
1779724840.406,/benchmark/latency_ms,50.084332
1779724840.447,/benchmark/latency_ms,53.728207
1779724840.491,/benchmark/latency_ms,47.828667
1779724840.544,/benchmark/latency_ms,52.025768
1779724840.575,/benchmark/latency_ms,57.167446
1779724840.614,/benchmark/latency_ms,48.964085
1779724840.656,/benchmark/latency_ms,53.634258
1779724840.696,/benchmark/latency_ms,47.394123
1779724840.738,/benchmark/latency_ms,53.301147
1779724840.794,/benchmark/latency_ms,47.201553
1779724840.823,/benchmark/latency_ms,51.713749
1779724840.864,/benchmark/latency_ms,56.894112
1779724840.905,/benchmark/latency_ms,49.488098
1779724840.947,/benchmark/latency_ms,54.004196
1779724840.988,/benchmark/latency_ms,47.791901
1779724841.039,/benchmark/latency_ms,52.232288
1779724841.069,/benchmark/latency_ms,46.430061
1779724841.111,/benchmark/latency_ms,50.898289
1779724841.151,/benchmark/latency_ms,56.037598
1779724841.195,/benchmark/latency_ms,51.247013
1779724841.241,/benchmark/latency_ms,56.799267
1779724841.285,/benchmark/latency_ms,61.619865
1779724841.345,/benchmark/latency_ms,52.060360
1779724841.378,/benchmark/latency_ms,54.581490
1779724841.422,/benchmark/latency_ms,58.859322
1779724841.479,/benchmark/latency_ms,61.622555
1779724841.514,/benchmark/latency_ms,52.679443
1779724841.559,/benchmark/latency_ms,54.769768
1779724841.603,/benchmark/latency_ms,59.503174
1779724841.649,/benchmark/latency_ms,62.209316
1779724841.699,/benchmark/latency_ms,53.820396
1779724841.743,/benchmark/latency_ms,57.037083
1779724841.800,/benchmark/latency_ms,59.598625
1779724841.834,/benchmark/latency_ms,63.061096
1779724841.891,/benchmark/latency_ms,52.132835
1779724841.923,/benchmark/latency_ms,56.260468
1779724841.969,/benchmark/latency_ms,60.243626
1779724842.026,/benchmark/latency_ms,51.289089
1779724842.061,/benchmark/latency_ms,55.382835
1779724842.119,/benchmark/latency_ms,59.473316
1779724842.152,/benchmark/latency_ms,62.745140
1779724842.200,/benchmark/latency_ms,53.491413
1779724842.256,/benchmark/latency_ms,56.976955
1779724842.289,/benchmark/latency_ms,60.699612
1779724842.338,/benchmark/latency_ms,52.257919
1779724842.381,/benchmark/latency_ms,56.300114
1779724842.428,/benchmark/latency_ms,60.335625
1779724842.474,/benchmark/latency_ms,63.231937
1779724842.517,/benchmark/latency_ms,52.702450
1779724842.562,/benchmark/latency_ms,57.591782
1779724842.607,/benchmark/latency_ms,61.074734
1779724842.655,/benchmark/latency_ms,51.300385
1779724842.700,/benchmark/latency_ms,54.578190
1779724842.746,/benchmark/latency_ms,57.852959
1779724842.791,/benchmark/latency_ms,60.915764
1779724842.838,/benchmark/latency_ms,52.262463
1779724842.883,/benchmark/latency_ms,55.006592
1779724842.941,/benchmark/latency_ms,59.353386
1779724842.974,/benchmark/latency_ms,63.009319
1779724843.023,/benchmark/latency_ms,54.928226
1779724843.067,/benchmark/latency_ms,57.872639
1779724843.111,/benchmark/latency_ms,61.086605
1779724843.157,/benchmark/latency_ms,52.503990
1779724843.206,/benchmark/latency_ms,55.697319
1779724843.250,/benchmark/latency_ms,59.363850
1779724843.293,/benchmark/latency_ms,62.453854
1779724843.340,/benchmark/latency_ms,53.191231
1779724843.387,/benchmark/latency_ms,56.584522
1779724843.432,/benchmark/latency_ms,61.039181
1779724843.478,/benchmark/latency_ms,63.266560
1779724843.525,/benchmark/latency_ms,53.680782
1779724843.571,/benchmark/latency_ms,57.955833
1779724843.616,/benchmark/latency_ms,61.047085
1779724843.661,/benchmark/latency_ms,51.731346
1779724843.717,/benchmark/latency_ms,55.542095
1779724843.752,/benchmark/latency_ms,59.025238
1779724843.798,/benchmark/latency_ms,62.044235
1779724843.855,/benchmark/latency_ms,52.534935
1779724843.890,/benchmark/latency_ms,55.745445
1779724843.934,/benchmark/latency_ms,59.698975
1779724843.979,/benchmark/latency_ms,63.140198
1779724844.024,/benchmark/latency_ms,52.392475
1779724844.070,/benchmark/latency_ms,56.319283
1779724844.117,/benchmark/latency_ms,60.196041
1779724844.162,/benchmark/latency_ms,63.249794
1779724844.207,/benchmark/latency_ms,52.483002
1779724844.251,/benchmark/latency_ms,56.251156
1779724844.298,/benchmark/latency_ms,59.953266
1779724844.353,/benchmark/latency_ms,63.134117
1779724844.394,/benchmark/latency_ms,52.537048
1779724844.444,/benchmark/latency_ms,57.805153
1779724844.480,/benchmark/latency_ms,61.429539
1779724844.525,/benchmark/latency_ms,51.362110
1779724844.584,/benchmark/latency_ms,55.782436
1779724844.618,/benchmark/latency_ms,61.049580
1779724844.664,/benchmark/latency_ms,50.277191
1779724844.707,/benchmark/latency_ms,53.074181
1779724844.756,/benchmark/latency_ms,58.955769
1779724844.801,/benchmark/latency_ms,62.520508
1779724844.846,/benchmark/latency_ms,53.115841
1779724844.893,/benchmark/latency_ms,55.974304
1779724844.937,/benchmark/latency_ms,59.898006
1779724844.982,/benchmark/latency_ms,63.245697
1779724845.027,/benchmark/latency_ms,51.971561
1779724845.074,/benchmark/latency_ms,58.844059
1779724845.119,/benchmark/latency_ms,61.298470
1779724845.166,/benchmark/latency_ms,52.789932
1779724845.213,/benchmark/latency_ms,56.347027
1779724845.257,/benchmark/latency_ms,59.471844
1779724845.304,/benchmark/latency_ms,62.885357
1779724845.348,/benchmark/latency_ms,52.883469
1779724845.395,/benchmark/latency_ms,56.099293
1779724845.443,/benchmark/latency_ms,60.523361
1779724845.486,/benchmark/latency_ms,51.502621
1779724845.531,/benchmark/latency_ms,54.490452
1779724845.576,/benchmark/latency_ms,58.446247
1779724845.621,/benchmark/latency_ms,61.959373
1779724845.668,/benchmark/latency_ms,52.951530
1779724845.728,/benchmark/latency_ms,58.178932
1779724845.760,/benchmark/latency_ms,61.790325
1779724845.807,/benchmark/latency_ms,52.947273
1779724845.854,/benchmark/latency_ms,58.102581
1779724845.904,/benchmark/latency_ms,62.526234
1779724845.947,/benchmark/latency_ms,53.636047
1779724845.992,/benchmark/latency_ms,57.300655
1779724846.037,/benchmark/latency_ms,60.555550
1779724846.085,/benchmark/latency_ms,51.827152
1779724846.129,/benchmark/latency_ms,55.291351
1779724846.174,/benchmark/latency_ms,58.506855
1779724846.219,/benchmark/latency_ms,61.956879
1779724846.267,/benchmark/latency_ms,52.355965
1779724846.312,/benchmark/latency_ms,55.935806
1779724846.357,/benchmark/latency_ms,59.954067
1779724846.403,/benchmark/latency_ms,63.348286
1779724846.450,/benchmark/latency_ms,54.951874
1779724846.494,/benchmark/latency_ms,58.522823
1779724846.542,/benchmark/latency_ms,63.229282
1779724846.589,/benchmark/latency_ms,52.308800
1779724846.635,/benchmark/latency_ms,57.501575
1779724846.682,/benchmark/latency_ms,60.113647
1779724846.725,/benchmark/latency_ms,49.265610
1779724846.772,/benchmark/latency_ms,54.499763
1779724846.817,/benchmark/latency_ms,57.191509
1779724846.862,/benchmark/latency_ms,60.568577
1779724846.910,/benchmark/latency_ms,51.063465
1779724846.955,/benchmark/latency_ms,53.817097
1779724847.002,/benchmark/latency_ms,58.395691
1779724847.047,/benchmark/latency_ms,63.025417
1779724847.091,/benchmark/latency_ms,51.545017
1779724847.137,/benchmark/latency_ms,56.606121
1779724847.183,/benchmark/latency_ms,60.375877
1779724847.231,/benchmark/latency_ms,52.469978
1779724847.277,/benchmark/latency_ms,57.437069
1779724847.321,/benchmark/latency_ms,61.525051
1779724847.369,/benchmark/latency_ms,52.796909
1779724847.416,/benchmark/latency_ms,57.549446
1779724847.459,/benchmark/latency_ms,60.498211
1779724847.506,/benchmark/latency_ms,51.982956
1779724847.552,/benchmark/latency_ms,56.982109
1779724847.599,/benchmark/latency_ms,63.208546
1779724847.658,/benchmark/latency_ms,55.769733
1779724847.692,/benchmark/latency_ms,60.716763
1779724847.752,/benchmark/latency_ms,52.657780
1779724847.784,/benchmark/latency_ms,56.385616
1779724847.830,/benchmark/latency_ms,60.990448
1779724847.878,/benchmark/latency_ms,53.037445
1779724847.924,/benchmark/latency_ms,57.460682
1779724847.969,/benchmark/latency_ms,61.525532
1779724848.014,/benchmark/latency_ms,53.021641
1779724848.060,/benchmark/latency_ms,57.765697
1779724848.106,/benchmark/latency_ms,62.813137
1779724848.154,/benchmark/latency_ms,55.402996
1779724848.200,/benchmark/latency_ms,59.047955
1779724848.247,/benchmark/latency_ms,51.642197
1779724848.293,/benchmark/latency_ms,56.595562
1779724848.338,/benchmark/latency_ms,61.259109
1779724848.386,/benchmark/latency_ms,53.214973
1779724848.430,/benchmark/latency_ms,57.831997
1779724848.478,/benchmark/latency_ms,62.660213
1779724848.534,/benchmark/latency_ms,52.197731
1779724848.567,/benchmark/latency_ms,56.428112
1779724848.612,/benchmark/latency_ms,60.360870
1779724848.658,/benchmark/latency_ms,51.569275
1779724848.703,/benchmark/latency_ms,55.162971
1779724848.748,/benchmark/latency_ms,58.771935
1779724848.806,/benchmark/latency_ms,62.672245
1779724848.839,/benchmark/latency_ms,52.573334
1779724848.894,/benchmark/latency_ms,56.186073
1779724848.928,/benchmark/latency_ms,61.112011
1779724848.975,/benchmark/latency_ms,53.210014
1779724849.024,/benchmark/latency_ms,59.656895
1779724849.071,/benchmark/latency_ms,51.826256
1779724849.115,/benchmark/latency_ms,56.558666
1779724849.160,/benchmark/latency_ms,60.818966
1779724849.209,/benchmark/latency_ms,52.630260
1779724849.255,/benchmark/latency_ms,58.300301
1779724849.299,/benchmark/latency_ms,63.133671
1779724849.356,/benchmark/latency_ms,53.736717
1779724849.392,/benchmark/latency_ms,59.643105
1779724849.438,/benchmark/latency_ms,51.395615
1779724849.484,/benchmark/latency_ms,54.603565
1779724849.528,/benchmark/latency_ms,59.306667
1779724849.576,/benchmark/latency_ms,51.708565
1779724849.620,/benchmark/latency_ms,55.323544
1779724849.678,/benchmark/latency_ms,60.066929
1779724849.714,/benchmark/latency_ms,51.599194
1779724849.758,/benchmark/latency_ms,56.585995
1779724849.804,/benchmark/latency_ms,61.454754
1779724849.851,/benchmark/latency_ms,53.860489
1779724849.898,/benchmark/latency_ms,58.951321
1779724849.942,/benchmark/latency_ms,63.274494
1779724849.990,/benchmark/latency_ms,55.181595
1779724850.034,/benchmark/latency_ms,59.627743
1779724850.093,/benchmark/latency_ms,52.280193
1779724850.128,/benchmark/latency_ms,57.246227
1779724850.173,/benchmark/latency_ms,60.632572
1779724850.218,/benchmark/latency_ms,52.965321
1779724850.266,/benchmark/latency_ms,57.903740
1779724850.310,/benchmark/latency_ms,62.335392
1779724850.358,/benchmark/latency_ms,53.922756
1779724850.404,/benchmark/latency_ms,58.738014
1779724850.452,/benchmark/latency_ms,52.821709
1779724850.508,/benchmark/latency_ms,56.868671
1779724850.555,/benchmark/latency_ms,61.339043
1779724850.600,/benchmark/latency_ms,53.590485
1779724850.634,/benchmark/latency_ms,58.421803
1779724850.680,/benchmark/latency_ms,63.458233
1779724850.725,/benchmark/latency_ms,53.222015
1779724850.771,/benchmark/latency_ms,57.642307
1779724850.816,/benchmark/latency_ms,62.614902
1779724850.861,/benchmark/latency_ms,52.392410
1779724850.909,/benchmark/latency_ms,58.597122
1779724850.954,/benchmark/latency_ms,62.653687
1779724851.014,/benchmark/latency_ms,54.242683
1779724851.048,/benchmark/latency_ms,58.213360
1779724851.091,/benchmark/latency_ms,62.381374
1779724851.149,/benchmark/latency_ms,52.525558
1779724851.181,/benchmark/latency_ms,56.073563
1779724851.226,/benchmark/latency_ms,60.389317
1779724851.284,/benchmark/latency_ms,52.504089
1779724851.319,/benchmark/latency_ms,57.381199
1779724851.378,/benchmark/latency_ms,62.025101
1779724851.412,/benchmark/latency_ms,52.763725
1779724851.456,/benchmark/latency_ms,56.505070
1779724851.503,/benchmark/latency_ms,60.807701
1779724851.559,/benchmark/latency_ms,51.950317
1779724851.595,/benchmark/latency_ms,55.270966
1779724851.638,/benchmark/latency_ms,59.010387
1779724851.684,/benchmark/latency_ms,51.054474
1779724851.730,/benchmark/latency_ms,54.406136
1779724851.778,/benchmark/latency_ms,59.245007
1779724851.822,/benchmark/latency_ms,62.602169
1779724851.869,/benchmark/latency_ms,54.718506
1779724851.914,/benchmark/latency_ms,59.116497
1779724851.960,/benchmark/latency_ms,62.531643
1779724852.014,/benchmark/latency_ms,51.982922
1779724852.050,/benchmark/latency_ms,56.360115
1779724852.095,/benchmark/latency_ms,60.302055
1779724852.142,/benchmark/latency_ms,52.234051
1779724852.186,/benchmark/latency_ms,55.897507
1779724852.231,/benchmark/latency_ms,60.008690
1779724852.279,/benchmark/latency_ms,51.738483
1779724852.334,/benchmark/latency_ms,56.957981
1779724852.369,/benchmark/latency_ms,61.329189
1779724852.417,/benchmark/latency_ms,53.298523
1779724852.460,/benchmark/latency_ms,56.945148
1779724852.516,/benchmark/latency_ms,60.464993
1779724852.553,/benchmark/latency_ms,53.224350
1779724852.599,/benchmark/latency_ms,58.387020
1779724852.645,/benchmark/latency_ms,63.105896
1779724852.690,/benchmark/latency_ms,52.935593
1779724852.740,/benchmark/latency_ms,60.213036
1779724852.797,/benchmark/latency_ms,52.618710
1779724852.843,/benchmark/latency_ms,56.561707
1779724852.878,/benchmark/latency_ms,61.258759
1779724852.935,/benchmark/latency_ms,53.390522
1779724852.969,/benchmark/latency_ms,57.517448
1779724853.016,/benchmark/latency_ms,61.144333
1779724853.062,/benchmark/latency_ms,53.742508
1779724853.121,/benchmark/latency_ms,59.116562
1779724853.154,/benchmark/latency_ms,64.236992
1779724853.202,/benchmark/latency_ms,55.569775
1779724853.259,/benchmark/latency_ms,60.187435
1779724853.295,/benchmark/latency_ms,53.405304
1779724853.354,/benchmark/latency_ms,58.723583
1779724853.389,/benchmark/latency_ms,63.475002
1779724853.435,/benchmark/latency_ms,54.895683
1779724853.481,/benchmark/latency_ms,59.874645
1779724853.528,/benchmark/latency_ms,53.093220
1779724853.575,/benchmark/latency_ms,57.840767
1779724853.619,/benchmark/latency_ms,62.728085
1779724853.664,/benchmark/latency_ms,53.029606
1779724853.713,/benchmark/latency_ms,59.326859
1779724853.759,/benchmark/latency_ms,52.632595
1779724853.807,/benchmark/latency_ms,57.096058
1779724853.852,/benchmark/latency_ms,61.540031
1779724853.900,/benchmark/latency_ms,54.791977
1779724853.945,/benchmark/latency_ms,58.584324
1779724853.990,/benchmark/latency_ms,63.083847
1779724854.038,/benchmark/latency_ms,55.882370
1779724854.086,/benchmark/latency_ms,60.958897
1779724854.131,/benchmark/latency_ms,53.805931
1779724854.180,/benchmark/latency_ms,58.432327
1779724854.226,/benchmark/latency_ms,63.675507
1779724854.272,/benchmark/latency_ms,56.279892
1779724854.318,/benchmark/latency_ms,61.543804
1779724854.365,/benchmark/latency_ms,53.611954
1779724854.425,/benchmark/latency_ms,58.953209
1779724854.460,/benchmark/latency_ms,53.465717
1779724854.508,/benchmark/latency_ms,58.376492
1779724854.553,/benchmark/latency_ms,63.945992
1779724854.598,/benchmark/latency_ms,53.797546
1779724854.657,/benchmark/latency_ms,60.024658
1779724854.694,/benchmark/latency_ms,53.334621
1779724854.741,/benchmark/latency_ms,58.855705
1779724854.790,/benchmark/latency_ms,52.508663
1779724854.836,/benchmark/latency_ms,57.272499
1779724854.882,/benchmark/latency_ms,62.050797
1779724854.941,/benchmark/latency_ms,55.155132
1779724854.974,/benchmark/latency_ms,60.167500
1779724855.021,/benchmark/latency_ms,52.951111
1779724855.069,/benchmark/latency_ms,59.579521
1779724855.116,/benchmark/latency_ms,64.122948
1779724855.174,/benchmark/latency_ms,55.382294
1779724855.204,/benchmark/latency_ms,60.807064
1779724855.265,/benchmark/latency_ms,53.435703
1779724855.302,/benchmark/latency_ms,58.133106
1779724855.348,/benchmark/latency_ms,62.773491
1779724855.393,/benchmark/latency_ms,55.408051
1779724855.443,/benchmark/latency_ms,59.964725
1779724855.488,/benchmark/latency_ms,53.720814
1779724855.547,/benchmark/latency_ms,60.460129
1779724855.585,/benchmark/latency_ms,53.801674
1779724855.630,/benchmark/latency_ms,59.080563
1779724855.689,/benchmark/latency_ms,52.515896
1779724855.735,/benchmark/latency_ms,58.598915
1779724855.772,/benchmark/latency_ms,63.398365
1779724855.820,/benchmark/latency_ms,56.935165
1779724855.866,/benchmark/latency_ms,61.862514
1779724855.913,/benchmark/latency_ms,54.365177
1779724855.958,/benchmark/latency_ms,59.714237
1779724856.017,/benchmark/latency_ms,52.701008
1779724856.052,/benchmark/latency_ms,57.197174
1779724856.098,/benchmark/latency_ms,61.617275
1779724856.143,/benchmark/latency_ms,53.769516
1779724856.189,/benchmark/latency_ms,57.785313
1779724856.234,/benchmark/latency_ms,62.065353
1779724856.283,/benchmark/latency_ms,55.084637
1779724856.340,/benchmark/latency_ms,60.467491
1779724856.373,/benchmark/latency_ms,64.770958
1779724856.432,/benchmark/latency_ms,59.013908
1779724856.479,/benchmark/latency_ms,51.711315
1779724856.514,/benchmark/latency_ms,56.290836
1779724856.560,/benchmark/latency_ms,61.106670
1779724856.608,/benchmark/latency_ms,52.820011
1779724856.666,/benchmark/latency_ms,57.508362
1779724856.698,/benchmark/latency_ms,61.508511
1779724856.744,/benchmark/latency_ms,65.644684
1779724856.801,/benchmark/latency_ms,56.475342
1779724856.850,/benchmark/latency_ms,63.596245
1779724856.884,/benchmark/latency_ms,55.522861
1779724856.933,/benchmark/latency_ms,62.174217
1779724856.977,/benchmark/latency_ms,50.509022
1779724857.021,/benchmark/latency_ms,52.717552
1779724857.068,/benchmark/latency_ms,55.613228
1779724857.113,/benchmark/latency_ms,60.181610
1779724857.157,/benchmark/latency_ms,62.063019
1779724857.201,/benchmark/latency_ms,52.595734
1779724857.248,/benchmark/latency_ms,54.941700
1779724857.295,/benchmark/latency_ms,58.575588
1779724857.339,/benchmark/latency_ms,62.253155
1779724857.387,/benchmark/latency_ms,54.506931
1779724857.431,/benchmark/latency_ms,59.118450
1779724857.478,/benchmark/latency_ms,63.274879
1779724857.523,/benchmark/latency_ms,53.759308
1779724857.580,/benchmark/latency_ms,58.281071
1779724857.625,/benchmark/latency_ms,62.506908
1779724857.668,/benchmark/latency_ms,52.081257
1779724857.714,/benchmark/latency_ms,56.477039
1779724857.747,/benchmark/latency_ms,60.797047
1779724857.794,/benchmark/latency_ms,50.928078
1779724857.839,/benchmark/latency_ms,53.353661
1779724857.883,/benchmark/latency_ms,56.761444
1779724857.932,/benchmark/latency_ms,62.077740
1779724857.977,/benchmark/latency_ms,54.500561
1779724858.023,/benchmark/latency_ms,59.314636
1779724858.080,/benchmark/latency_ms,50.653625
1779724858.113,/benchmark/latency_ms,54.358360
1779724858.160,/benchmark/latency_ms,59.077557
1779724858.204,/benchmark/latency_ms,62.664436
1779724858.249,/benchmark/latency_ms,52.923752
1779724858.295,/benchmark/latency_ms,57.766659
1779724858.342,/benchmark/latency_ms,62.166664
1779724858.387,/benchmark/latency_ms,53.693584
1779724858.432,/benchmark/latency_ms,58.042423
1779724858.480,/benchmark/latency_ms,62.569241
1779724858.524,/benchmark/latency_ms,65.500656
1779724858.570,/benchmark/latency_ms,55.839012
1779724858.615,/benchmark/latency_ms,61.155628
1779724858.660,/benchmark/latency_ms,50.602875
1779724858.706,/benchmark/latency_ms,55.989983
1779724858.762,/benchmark/latency_ms,59.661438
1779724858.801,/benchmark/latency_ms,52.029800
1779724858.845,/benchmark/latency_ms,56.273045
1779724858.889,/benchmark/latency_ms,60.620350
1779724858.937,/benchmark/latency_ms,52.409885
1779724858.982,/benchmark/latency_ms,56.317749
1779724859.028,/benchmark/latency_ms,61.627705
1779724859.073,/benchmark/latency_ms,53.407833
1779724859.118,/benchmark/latency_ms,57.327793
1779724859.175,/benchmark/latency_ms,61.893715
1779724859.211,/benchmark/latency_ms,54.022469
1779724859.257,/benchmark/latency_ms,60.101200
1779724859.305,/benchmark/latency_ms,52.018795
1779724859.349,/benchmark/latency_ms,55.909729
1779724859.395,/benchmark/latency_ms,60.305992
1779724859.443,/benchmark/latency_ms,52.376701
1779724859.487,/benchmark/latency_ms,57.350544
1779724859.533,/benchmark/latency_ms,62.076363
1779724859.580,/benchmark/latency_ms,53.827976
1779724859.625,/benchmark/latency_ms,58.330284
1779724859.673,/benchmark/latency_ms,51.914223
1779724859.719,/benchmark/latency_ms,56.239670
1779724859.764,/benchmark/latency_ms,60.859829
1779724859.812,/benchmark/latency_ms,52.493145
1779724859.856,/benchmark/latency_ms,56.090397
1779724859.903,/benchmark/latency_ms,60.608253
1779724859.950,/benchmark/latency_ms,52.870636
1779724859.994,/benchmark/latency_ms,57.659462
1779724860.040,/benchmark/latency_ms,62.018669
1779724860.086,/benchmark/latency_ms,54.103489
1779724860.132,/benchmark/latency_ms,58.594437
1779724860.178,/benchmark/latency_ms,64.191742
1779724860.226,/benchmark/latency_ms,56.681736
1779724860.271,/benchmark/latency_ms,60.997967
1779724860.318,/benchmark/latency_ms,52.962406
1779724860.365,/benchmark/latency_ms,57.204628
1779724860.409,/benchmark/latency_ms,61.948013
1779724860.454,/benchmark/latency_ms,66.004288
1779724860.500,/benchmark/latency_ms,57.227989
1779724860.549,/benchmark/latency_ms,63.220451
1779724860.594,/benchmark/latency_ms,54.914726
1779724860.641,/benchmark/latency_ms,59.777561
1779724860.685,/benchmark/latency_ms,63.353405
1779724860.731,/benchmark/latency_ms,53.061062
1779724860.775,/benchmark/latency_ms,57.768097
1779724860.833,/benchmark/latency_ms,62.804657
1779724860.866,/benchmark/latency_ms,53.293659
1779724860.912,/benchmark/latency_ms,57.961529
1779724860.959,/benchmark/latency_ms,76.764107
1779724861.002,/benchmark/latency_ms,53.181728
1779724861.050,/benchmark/latency_ms,59.846775
1779724861.097,/benchmark/latency_ms,52.223457
1779724861.144,/benchmark/latency_ms,56.654728
1779724861.189,/benchmark/latency_ms,61.171467
1779724861.235,/benchmark/latency_ms,53.060005
1779724861.292,/benchmark/latency_ms,56.962364
1779724861.324,/benchmark/latency_ms,61.481022
1779724861.380,/benchmark/latency_ms,51.760113
1779724861.417,/benchmark/latency_ms,56.941246
1779724861.461,/benchmark/latency_ms,60.949394
1779724861.509,/benchmark/latency_ms,52.796013
1779724861.565,/benchmark/latency_ms,55.802853
1779724861.600,/benchmark/latency_ms,62.631672
1779724861.646,/benchmark/latency_ms,52.614742
1779724861.692,/benchmark/latency_ms,57.198708
1779724861.737,/benchmark/latency_ms,61.461761
1779724861.783,/benchmark/latency_ms,52.642036
1779724861.828,/benchmark/latency_ms,56.574921
1779724861.873,/benchmark/latency_ms,61.333412
1779724861.921,/benchmark/latency_ms,53.788490
1779724861.970,/benchmark/latency_ms,60.165195
1779724862.016,/benchmark/latency_ms,52.854763
1779724862.061,/benchmark/latency_ms,57.359470
1779724862.107,/benchmark/latency_ms,61.170120
1779724862.154,/benchmark/latency_ms,53.445656
1779724862.200,/benchmark/latency_ms,57.861694
1779724862.259,/benchmark/latency_ms,62.779251
1779724862.295,/benchmark/latency_ms,56.238998
1779724862.340,/benchmark/latency_ms,61.676983
1779724862.394,/benchmark/latency_ms,54.234428
1779724862.433,/benchmark/latency_ms,59.146931
1779724862.492,/benchmark/latency_ms,52.096325
1779724862.527,/benchmark/latency_ms,56.877472
1779724862.574,/benchmark/latency_ms,61.656731
1779724862.621,/benchmark/latency_ms,54.574959
1779724862.667,/benchmark/latency_ms,59.721725
1779724862.714,/benchmark/latency_ms,52.456348
1779724862.762,/benchmark/latency_ms,57.220245
1779724862.808,/benchmark/latency_ms,62.565914
1779724862.854,/benchmark/latency_ms,55.129471
1779724862.915,/benchmark/latency_ms,59.288074
1779724862.957,/benchmark/latency_ms,63.696499
1779724862.990,/benchmark/latency_ms,54.999619
1779724863.037,/benchmark/latency_ms,60.265800
1779724863.085,/benchmark/latency_ms,53.380604
1779724863.132,/benchmark/latency_ms,58.646915
1779724863.179,/benchmark/latency_ms,64.579796
1779724863.226,/benchmark/latency_ms,57.605095
1779724863.284,/benchmark/latency_ms,62.499771
1779724863.319,/benchmark/latency_ms,54.829449
1779724863.366,/benchmark/latency_ms,58.850010
1779724863.412,/benchmark/latency_ms,63.681011
1779724863.456,/benchmark/latency_ms,53.447193
1779724863.502,/benchmark/latency_ms,73.503036
1779724863.551,/benchmark/latency_ms,54.346935
1779724863.598,/benchmark/latency_ms,60.196907
1779724863.682,/benchmark/latency_ms,78.936256
1779724863.727,/benchmark/latency_ms,63.973320
1779724863.780,/benchmark/latency_ms,60.173454
1779724863.833,/benchmark/latency_ms,71.894547
1779724863.887,/benchmark/latency_ms,70.070389
1779724863.942,/benchmark/latency_ms,69.641953
1779724863.998,/benchmark/latency_ms,69.597672
1779724864.057,/benchmark/latency_ms,71.682137
1779724864.123,/benchmark/latency_ms,70.935638
1779724864.167,/benchmark/latency_ms,66.128700
1779724864.221,/benchmark/latency_ms,63.401886
1779724864.274,/benchmark/latency_ms,60.489090
1779724864.328,/benchmark/latency_ms,71.890549
1779724864.378,/benchmark/latency_ms,58.139957
1779724864.431,/benchmark/latency_ms,61.129166
1779724864.480,/benchmark/latency_ms,63.355518
1779724864.533,/benchmark/latency_ms,66.433327
1779724864.586,/benchmark/latency_ms,56.381809
1779724864.634,/benchmark/latency_ms,59.289036
1779724864.687,/benchmark/latency_ms,64.414742
1779724864.739,/benchmark/latency_ms,55.100925
1779724864.791,/benchmark/latency_ms,60.007538
1779724864.848,/benchmark/latency_ms,65.608559
1779724864.899,/benchmark/latency_ms,58.804638
1779724864.954,/benchmark/latency_ms,63.293217
1779724865.004,/benchmark/latency_ms,66.337654
1779724865.057,/benchmark/latency_ms,59.472675
1779724865.108,/benchmark/latency_ms,62.544060
1779724865.159,/benchmark/latency_ms,65.838341
1779724865.210,/benchmark/latency_ms,56.680359
1779724865.263,/benchmark/latency_ms,61.559036
1779724865.317,/benchmark/latency_ms,66.828293
1779724865.370,/benchmark/latency_ms,57.779808
1779724865.422,/benchmark/latency_ms,63.033993
1779724865.475,/benchmark/latency_ms,67.299927
1779724865.528,/benchmark/latency_ms,60.439842
1779724865.583,/benchmark/latency_ms,65.473175
1779724865.644,/benchmark/latency_ms,56.101147
1779724865.685,/benchmark/latency_ms,58.737057
1779724865.739,/benchmark/latency_ms,63.823277
1779724865.792,/benchmark/latency_ms,67.048988
1779724865.841,/benchmark/latency_ms,57.730179
1779724865.894,/benchmark/latency_ms,61.733528
1779724865.957,/benchmark/latency_ms,66.713638
1779724866.010,/benchmark/latency_ms,57.111992
1779724866.051,/benchmark/latency_ms,62.147079
1779724866.104,/benchmark/latency_ms,65.841606
1779724866.155,/benchmark/latency_ms,58.098228
1779724866.208,/benchmark/latency_ms,62.538811
1779724866.273,/benchmark/latency_ms,67.626694
1779724866.314,/benchmark/latency_ms,58.051960
1779724866.361,/benchmark/latency_ms,58.329742
1779724866.418,/benchmark/latency_ms,62.823120
1779724866.466,/benchmark/latency_ms,65.778984
1779724866.519,/benchmark/latency_ms,58.107830
1779724866.580,/benchmark/latency_ms,56.764835
1779724866.622,/benchmark/latency_ms,60.260105
1779724866.686,/benchmark/latency_ms,63.885578
1779724866.729,/benchmark/latency_ms,68.409615
1779724866.782,/benchmark/latency_ms,60.411270
1779724866.835,/benchmark/latency_ms,63.393948
1779724866.888,/benchmark/latency_ms,68.299599
1779724866.942,/benchmark/latency_ms,59.859608
1779724866.996,/benchmark/latency_ms,63.345791
1779724867.049,/benchmark/latency_ms,67.857216
1779724867.099,/benchmark/latency_ms,56.102875
1779724867.161,/benchmark/latency_ms,57.194008
1779724867.203,/benchmark/latency_ms,60.239883
1779724867.251,/benchmark/latency_ms,58.382538
1779724867.304,/benchmark/latency_ms,62.292068
1779724867.357,/benchmark/latency_ms,63.427101
1779724867.409,/benchmark/latency_ms,67.098587
1779724867.462,/benchmark/latency_ms,57.040314
1779724867.513,/benchmark/latency_ms,60.360199
1779724867.566,/benchmark/latency_ms,63.330334
1779724867.620,/benchmark/latency_ms,66.783813
1779724867.673,/benchmark/latency_ms,58.507751
1779724867.722,/benchmark/latency_ms,57.958012
1779724867.775,/benchmark/latency_ms,61.224838
1779724867.829,/benchmark/latency_ms,64.540665
1779724867.884,/benchmark/latency_ms,68.052666
1779724867.933,/benchmark/latency_ms,55.105438
1779724867.987,/benchmark/latency_ms,57.998329
1779724868.036,/benchmark/latency_ms,58.919609
1779724868.089,/benchmark/latency_ms,61.962223
1779724868.142,/benchmark/latency_ms,66.203262
1779724868.195,/benchmark/latency_ms,54.775242
1779724868.244,/benchmark/latency_ms,68.029243
1779724868.297,/benchmark/latency_ms,56.628521
1779724868.346,/benchmark/latency_ms,58.136726
1779724868.389,/benchmark/latency_ms,51.561752
1779724868.441,/benchmark/latency_ms,66.862755
1779724868.492,/benchmark/latency_ms,67.360336
1779724868.545,/benchmark/latency_ms,56.303314
1779724868.598,/benchmark/latency_ms,59.600994
1779724868.652,/benchmark/latency_ms,63.525272
1779724868.717,/benchmark/latency_ms,66.555565
1779724868.757,/benchmark/latency_ms,67.892319
1779724868.806,/benchmark/latency_ms,56.933887
1779724868.853,/benchmark/latency_ms,55.196442
1779724868.906,/benchmark/latency_ms,58.198929
1779724868.959,/benchmark/latency_ms,59.197487
1779724869.009,/benchmark/latency_ms,60.795063
1779724869.063,/benchmark/latency_ms,62.680855
1779724869.111,/benchmark/latency_ms,64.023018
1779724869.164,/benchmark/latency_ms,64.780785
1779724869.214,/benchmark/latency_ms,66.242332
1779724869.264,/benchmark/latency_ms,67.613708
1779724869.315,/benchmark/latency_ms,56.829601
1779724869.369,/benchmark/latency_ms,59.917397
1779724869.424,/benchmark/latency_ms,62.676151
1779724869.477,/benchmark/latency_ms,66.970467
1779724869.526,/benchmark/latency_ms,55.354614
1779724869.578,/benchmark/latency_ms,58.894779
1779724869.635,/benchmark/latency_ms,61.218987
1779724869.688,/benchmark/latency_ms,64.966248
1779724869.739,/benchmark/latency_ms,68.879997
1779724869.800,/benchmark/latency_ms,58.166035
1779724869.840,/benchmark/latency_ms,58.815422
1779724869.895,/benchmark/latency_ms,61.776566
1779724869.947,/benchmark/latency_ms,63.373470
1779724869.994,/benchmark/latency_ms,62.255302
1779724870.045,/benchmark/latency_ms,63.282272
1779724870.098,/benchmark/latency_ms,66.147102
1779724870.151,/benchmark/latency_ms,67.615913
1779724870.201,/benchmark/latency_ms,57.319122
1779724870.254,/benchmark/latency_ms,61.337189
1779724870.310,/benchmark/latency_ms,63.765392
1779724870.376,/benchmark/latency_ms,67.072250
1779724870.413,/benchmark/latency_ms,56.486507
1779724870.464,/benchmark/latency_ms,58.528839
1779724870.517,/benchmark/latency_ms,59.040661
1779724870.566,/benchmark/latency_ms,59.976917
1779724870.617,/benchmark/latency_ms,61.346947
1779724870.667,/benchmark/latency_ms,61.695450
1779724870.724,/benchmark/latency_ms,63.551350
1779724870.770,/benchmark/latency_ms,64.086273
1779724870.821,/benchmark/latency_ms,65.555252
1779724870.874,/benchmark/latency_ms,67.588654
1779724870.938,/benchmark/latency_ms,58.199539
1779724870.979,/benchmark/latency_ms,61.232166
1779724871.033,/benchmark/latency_ms,62.525562
1779724871.082,/benchmark/latency_ms,62.640057
1779724871.127,/benchmark/latency_ms,61.030193
1779724871.195,/benchmark/latency_ms,63.040874
1779724871.242,/benchmark/latency_ms,65.078949
1779724871.283,/benchmark/latency_ms,66.501076
1779724871.336,/benchmark/latency_ms,58.560326
1779724871.390,/benchmark/latency_ms,62.096012
1779724871.444,/benchmark/latency_ms,66.615433
1779724871.494,/benchmark/latency_ms,56.309875
1779724871.547,/benchmark/latency_ms,59.207054
1779724871.598,/benchmark/latency_ms,58.241459
1779724871.649,/benchmark/latency_ms,61.466656
1779724871.705,/benchmark/latency_ms,64.229309
1779724871.757,/benchmark/latency_ms,66.887909
1779724871.821,/benchmark/latency_ms,67.722595
1779724871.858,/benchmark/latency_ms,54.528976
1779724871.922,/benchmark/latency_ms,58.576996
1779724871.966,/benchmark/latency_ms,63.483162
1779724872.019,/benchmark/latency_ms,66.621964
1779724872.066,/benchmark/latency_ms,54.454357
1779724872.115,/benchmark/latency_ms,56.500492
1779724872.177,/benchmark/latency_ms,58.632130
1779724872.220,/benchmark/latency_ms,64.891335
1779724872.274,/benchmark/latency_ms,55.597805
1779724872.323,/benchmark/latency_ms,60.014450
1779724872.387,/benchmark/latency_ms,64.243164
1779724872.441,/benchmark/latency_ms,67.715752
1779724872.479,/benchmark/latency_ms,58.857533
1779724872.533,/benchmark/latency_ms,62.984749
1779724872.582,/benchmark/latency_ms,65.202301
1779724872.636,/benchmark/latency_ms,57.565769
1779724872.690,/benchmark/latency_ms,61.771637
1779724872.735,/benchmark/latency_ms,60.249802
1779724872.789,/benchmark/latency_ms,63.919212
1779724872.838,/benchmark/latency_ms,66.172028
1779724872.889,/benchmark/latency_ms,57.920830
1779724872.956,/benchmark/latency_ms,62.822769
1779724872.997,/benchmark/latency_ms,67.209175
1779724873.046,/benchmark/latency_ms,57.178326
1779724873.100,/benchmark/latency_ms,59.699261
1779724873.150,/benchmark/latency_ms,61.971500
1779724873.197,/benchmark/latency_ms,62.904110
1779724873.249,/benchmark/latency_ms,66.913727
1779724873.303,/benchmark/latency_ms,59.176495
1779724873.356,/benchmark/latency_ms,63.551800
1779724873.408,/benchmark/latency_ms,66.690796
1779724873.474,/benchmark/latency_ms,58.193233
1779724873.527,/benchmark/latency_ms,62.403393
1779724873.568,/benchmark/latency_ms,67.179962
1779724873.621,/benchmark/latency_ms,58.197872
1779724873.669,/benchmark/latency_ms,59.523075
1779724873.723,/benchmark/latency_ms,64.237122
1779724873.772,/benchmark/latency_ms,66.545456
1779724873.825,/benchmark/latency_ms,56.459919
1779724873.888,/benchmark/latency_ms,61.767384
1779724873.930,/benchmark/latency_ms,65.146339
1779724873.981,/benchmark/latency_ms,67.089081
1779724874.046,/benchmark/latency_ms,58.834747
1779724874.087,/benchmark/latency_ms,63.566040
1779724874.135,/benchmark/latency_ms,63.438492
1779724874.188,/benchmark/latency_ms,68.096825
1779724874.240,/benchmark/latency_ms,57.747936
1779724874.293,/benchmark/latency_ms,62.347843
1779724874.345,/benchmark/latency_ms,64.925255
1779724874.396,/benchmark/latency_ms,57.100761
1779724874.451,/benchmark/latency_ms,61.223049
1779724874.504,/benchmark/latency_ms,65.832069
1779724874.557,/benchmark/latency_ms,59.973270
1779724874.610,/benchmark/latency_ms,63.627476
1779724874.660,/benchmark/latency_ms,66.299355
1779724874.713,/benchmark/latency_ms,58.324429
1779724874.778,/benchmark/latency_ms,63.618134
1779724874.828,/benchmark/latency_ms,53.333149
1779724874.880,/benchmark/latency_ms,57.802528
1779724874.936,/benchmark/latency_ms,61.799126
1779724874.976,/benchmark/latency_ms,66.567986
1779724875.041,/benchmark/latency_ms,59.486725
1779724875.082,/benchmark/latency_ms,64.532852
1779724875.135,/benchmark/latency_ms,79.175476
1779724875.186,/benchmark/latency_ms,56.270229
1779724875.240,/benchmark/latency_ms,60.541985
1779724875.289,/benchmark/latency_ms,63.302464
1779724875.343,/benchmark/latency_ms,67.788231
1779724875.394,/benchmark/latency_ms,57.616680
1779724875.461,/benchmark/latency_ms,62.119755
1779724875.492,/benchmark/latency_ms,58.814941
1779724875.545,/benchmark/latency_ms,61.809555
1779724875.596,/benchmark/latency_ms,64.025223
1779724875.649,/benchmark/latency_ms,66.529778
1779724875.699,/benchmark/latency_ms,57.594185
1779724875.752,/benchmark/latency_ms,60.658077
1779724875.805,/benchmark/latency_ms,63.100647
1779724875.862,/benchmark/latency_ms,66.727692
1779724875.914,/benchmark/latency_ms,59.135185
1779724875.963,/benchmark/latency_ms,58.040665
1779724876.015,/benchmark/latency_ms,57.971577
1779724876.080,/benchmark/latency_ms,59.408134
1779724876.122,/benchmark/latency_ms,61.731190
1779724876.176,/benchmark/latency_ms,61.407520
1779724876.228,/benchmark/latency_ms,64.077576
1779724876.276,/benchmark/latency_ms,64.206558
1779724876.329,/benchmark/latency_ms,64.730957
1779724876.382,/benchmark/latency_ms,67.456688
1779724876.433,/benchmark/latency_ms,66.971039
1779724876.482,/benchmark/latency_ms,66.544365
1779724876.535,/benchmark/latency_ms,66.268730
1779724876.588,/benchmark/latency_ms,67.037979
1779724876.639,/benchmark/latency_ms,56.444717
1779724876.691,/benchmark/latency_ms,61.091278
1779724876.745,/benchmark/latency_ms,63.671890
1779724876.810,/benchmark/latency_ms,66.379608
1779724876.853,/benchmark/latency_ms,58.269585
1779724876.909,/benchmark/latency_ms,65.185371
1779724876.962,/benchmark/latency_ms,67.837570
1779724877.015,/benchmark/latency_ms,55.259579
1779724877.066,/benchmark/latency_ms,60.037842
1779724877.115,/benchmark/latency_ms,62.307556
1779724877.171,/benchmark/latency_ms,66.630409
1779724877.220,/benchmark/latency_ms,59.225998
1779724877.271,/benchmark/latency_ms,63.230148
1779724877.326,/benchmark/latency_ms,69.446663
1779724877.380,/benchmark/latency_ms,55.665195
1779724877.432,/benchmark/latency_ms,60.895222
1779724877.486,/benchmark/latency_ms,63.685043
1779724877.534,/benchmark/latency_ms,66.631981
1779724877.587,/benchmark/latency_ms,58.767262
1779724877.651,/benchmark/latency_ms,63.632980
1779724877.695,/benchmark/latency_ms,66.725510
1779724877.745,/benchmark/latency_ms,59.790043
1779724877.790,/benchmark/latency_ms,56.527916
1779724877.857,/benchmark/latency_ms,61.570942
1779724877.900,/benchmark/latency_ms,66.247833
1779724877.951,/benchmark/latency_ms,59.812153
1779724878.005,/benchmark/latency_ms,65.615311
1779724878.058,/benchmark/latency_ms,56.485966
1779724878.109,/benchmark/latency_ms,59.787483
1779724878.159,/benchmark/latency_ms,63.080330
1779724878.212,/benchmark/latency_ms,65.805290
1779724878.265,/benchmark/latency_ms,58.093430
1779724878.318,/benchmark/latency_ms,62.279106
1779724878.370,/benchmark/latency_ms,67.189880
1779724878.420,/benchmark/latency_ms,57.779263
1779724878.475,/benchmark/latency_ms,63.001099
1779724878.530,/benchmark/latency_ms,67.470573
1779724878.578,/benchmark/latency_ms,58.365261
1779724878.631,/benchmark/latency_ms,62.173416
1779724878.685,/benchmark/latency_ms,65.756104
1779724878.735,/benchmark/latency_ms,58.130260
1779724878.790,/benchmark/latency_ms,63.252354
1779724878.840,/benchmark/latency_ms,65.754791
1779724878.893,/benchmark/latency_ms,57.216438
1779724878.941,/benchmark/latency_ms,56.304947
1779724878.992,/benchmark/latency_ms,59.178673
1779724879.042,/benchmark/latency_ms,61.783127
1779724879.095,/benchmark/latency_ms,65.086594
1779724879.148,/benchmark/latency_ms,57.665924
1779724879.202,/benchmark/latency_ms,62.307106
1779724879.256,/benchmark/latency_ms,66.717644
1779724879.307,/benchmark/latency_ms,59.711517
1779724879.360,/benchmark/latency_ms,64.531891
1779724879.404,/benchmark/latency_ms,46.992634
1779724879.469,/benchmark/latency_ms,62.948334
1779724879.506,/benchmark/latency_ms,65.642830
1779724879.559,/benchmark/latency_ms,57.245972
1779724879.612,/benchmark/latency_ms,62.263943
1779724879.665,/benchmark/latency_ms,67.920540
1779724879.718,/benchmark/latency_ms,60.932594
1779724879.772,/benchmark/latency_ms,66.347893
1779724879.838,/benchmark/latency_ms,56.658760
1779724879.872,/benchmark/latency_ms,56.935356
1779724879.926,/benchmark/latency_ms,62.560154
1779724879.980,/benchmark/latency_ms,66.876770
1779724880.036,/benchmark/latency_ms,62.703285
1779724880.088,/benchmark/latency_ms,67.465004
1779724880.143,/benchmark/latency_ms,60.137009
1779724880.195,/benchmark/latency_ms,64.631477
1779724880.248,/benchmark/latency_ms,58.525669
1779724880.301,/benchmark/latency_ms,62.528027
1779724880.354,/benchmark/latency_ms,65.649521
1779724880.405,/benchmark/latency_ms,56.184631
1779724880.469,/benchmark/latency_ms,61.088688
1779724880.510,/benchmark/latency_ms,66.105759
1779724880.555,/benchmark/latency_ms,51.570873
1779724880.608,/benchmark/latency_ms,68.011742
1779724880.660,/benchmark/latency_ms,60.686268
1779724880.716,/benchmark/latency_ms,66.137276
1779724880.765,/benchmark/latency_ms,56.833824
1779724880.821,/benchmark/latency_ms,62.240196
1779724880.874,/benchmark/latency_ms,66.673897
1779724880.936,/benchmark/latency_ms,58.375275
1779724880.979,/benchmark/latency_ms,63.651348
1779724881.024,/benchmark/latency_ms,61.610844
1779724881.077,/benchmark/latency_ms,66.863457
1779724881.130,/benchmark/latency_ms,57.589928
1779724881.183,/benchmark/latency_ms,63.001163
1779724881.236,/benchmark/latency_ms,66.212318
1779724881.290,/benchmark/latency_ms,59.600929
1779724881.341,/benchmark/latency_ms,64.066147
1779724881.392,/benchmark/latency_ms,67.308914
1779724881.443,/benchmark/latency_ms,58.083862
1779724881.509,/benchmark/latency_ms,61.730103
1779724881.550,/benchmark/latency_ms,66.066910
1779724881.599,/benchmark/latency_ms,57.615845
1779724881.651,/benchmark/latency_ms,62.181416
1779724881.705,/benchmark/latency_ms,67.259674
1779724881.771,/benchmark/latency_ms,60.839928
1779724881.813,/benchmark/latency_ms,66.293205
1779724881.866,/benchmark/latency_ms,57.222805
1779724881.917,/benchmark/latency_ms,61.840309
1779724881.982,/benchmark/latency_ms,65.798309
1779724882.023,/benchmark/latency_ms,58.512615
1779724882.076,/benchmark/latency_ms,64.153343
1779724882.129,/benchmark/latency_ms,66.722893
1779724882.174,/benchmark/latency_ms,53.581970
1779724882.227,/benchmark/latency_ms,58.388302
1779724882.280,/benchmark/latency_ms,58.503975
1779724882.333,/benchmark/latency_ms,61.731094
1779724882.386,/benchmark/latency_ms,64.922310
1779724882.437,/benchmark/latency_ms,66.463921
1779724882.502,/benchmark/latency_ms,67.371796
1779724882.553,/benchmark/latency_ms,67.607277
1779724882.593,/benchmark/latency_ms,58.009880
1779724882.639,/benchmark/latency_ms,53.277119
1779724882.692,/benchmark/latency_ms,67.526604
1779724882.745,/benchmark/latency_ms,55.913666
1779724882.795,/benchmark/latency_ms,58.833019
1779724882.847,/benchmark/latency_ms,59.987923
1779724882.900,/benchmark/latency_ms,61.660858
1779724882.953,/benchmark/latency_ms,64.424507
1779724883.007,/benchmark/latency_ms,67.901917
1779724883.057,/benchmark/latency_ms,56.041344
1779724883.103,/benchmark/latency_ms,51.233093
1779724883.157,/benchmark/latency_ms,64.708046
1779724883.210,/benchmark/latency_ms,67.614761
1779724883.261,/benchmark/latency_ms,58.391659
1779724883.314,/benchmark/latency_ms,61.339748
1779724883.368,/benchmark/latency_ms,65.344826
1779724883.419,/benchmark/latency_ms,66.005157
1779724883.469,/benchmark/latency_ms,67.442764
1779724883.523,/benchmark/latency_ms,57.814079
1779724883.566,/benchmark/latency_ms,52.217155
1779724883.620,/benchmark/latency_ms,66.166527
1779724883.675,/benchmark/latency_ms,68.881660
1779724883.727,/benchmark/latency_ms,56.878078
1779724883.778,/benchmark/latency_ms,57.947037
1779724883.828,/benchmark/latency_ms,59.149265
1779724883.882,/benchmark/latency_ms,59.608959
1779724883.932,/benchmark/latency_ms,60.426823
1779724883.982,/benchmark/latency_ms,61.654812
1779724884.032,/benchmark/latency_ms,61.092491
1779724884.083,/benchmark/latency_ms,62.355713
1779724884.136,/benchmark/latency_ms,63.444347
1779724884.189,/benchmark/latency_ms,65.133148
1779724884.238,/benchmark/latency_ms,65.647789
1779724884.287,/benchmark/latency_ms,62.962795
1779724884.338,/benchmark/latency_ms,63.354431
1779724884.391,/benchmark/latency_ms,64.563477
1779724884.439,/benchmark/latency_ms,64.646194
1779724884.492,/benchmark/latency_ms,65.498611
1779724884.543,/benchmark/latency_ms,66.580460
1779724884.596,/benchmark/latency_ms,68.003357
1779724884.650,/benchmark/latency_ms,59.200943
1779724884.702,/benchmark/latency_ms,62.258278
1779724884.751,/benchmark/latency_ms,61.490498
1779724884.803,/benchmark/latency_ms,64.176613
1779724884.857,/benchmark/latency_ms,65.011330
1779724884.917,/benchmark/latency_ms,66.260284
1779724884.970,/benchmark/latency_ms,66.922272
1779724885.012,/benchmark/latency_ms,67.421524
1779724885.063,/benchmark/latency_ms,57.610535
1779724885.116,/benchmark/latency_ms,60.794647
1779724885.171,/benchmark/latency_ms,63.662964
1779724885.224,/benchmark/latency_ms,66.696327
1779724885.277,/benchmark/latency_ms,67.107422
1779724885.330,/benchmark/latency_ms,68.223671
1779724885.377,/benchmark/latency_ms,55.800133
1779724885.429,/benchmark/latency_ms,55.782024
1779724885.484,/benchmark/latency_ms,59.159824
1779724885.537,/benchmark/latency_ms,61.115757
1779724885.586,/benchmark/latency_ms,62.285667
1779724885.638,/benchmark/latency_ms,63.102215
1779724885.692,/benchmark/latency_ms,64.803406
1779724885.744,/benchmark/latency_ms,64.821770
1779724885.792,/benchmark/latency_ms,66.383316
1779724885.845,/benchmark/latency_ms,66.258553
1779724885.896,/benchmark/latency_ms,67.093849
1779724885.946,/benchmark/latency_ms,56.088058
1779724886.012,/benchmark/latency_ms,57.120441
1779724886.062,/benchmark/latency_ms,57.429134
1779724886.103,/benchmark/latency_ms,58.327374
1779724886.161,/benchmark/latency_ms,56.327702
1779724886.202,/benchmark/latency_ms,57.256310
1779724886.253,/benchmark/latency_ms,58.496391
1779724886.306,/benchmark/latency_ms,58.910748
1779724886.356,/benchmark/latency_ms,59.441509
1779724886.409,/benchmark/latency_ms,62.189350
1779724886.465,/benchmark/latency_ms,67.755074
1779724886.518,/benchmark/latency_ms,57.396206
1779724886.572,/benchmark/latency_ms,60.780502
1779724886.638,/benchmark/latency_ms,62.656536
1779724886.676,/benchmark/latency_ms,65.366844
1779724886.728,/benchmark/latency_ms,65.907112
1779724886.780,/benchmark/latency_ms,66.770859
1779724886.832,/benchmark/latency_ms,54.775242
1779724886.883,/benchmark/latency_ms,58.536453
1779724886.938,/benchmark/latency_ms,60.037521
1779724886.991,/benchmark/latency_ms,62.012718
1779724887.054,/benchmark/latency_ms,63.935532
1779724887.109,/benchmark/latency_ms,65.344406
1779724887.147,/benchmark/latency_ms,65.288475
1779724887.200,/benchmark/latency_ms,65.201851
1779724887.249,/benchmark/latency_ms,64.742638
1779724887.296,/benchmark/latency_ms,61.605339
1779724887.352,/benchmark/latency_ms,64.559601
1779724887.404,/benchmark/latency_ms,65.397339
1779724887.452,/benchmark/latency_ms,65.876869
1779724887.505,/benchmark/latency_ms,67.297554
1779724887.559,/benchmark/latency_ms,56.331059
1779724887.625,/benchmark/latency_ms,59.970612
1779724887.664,/benchmark/latency_ms,62.619865
1779724887.717,/benchmark/latency_ms,65.731689
1779724887.763,/benchmark/latency_ms,62.218151
1779724887.817,/benchmark/latency_ms,64.036293
1779724887.866,/benchmark/latency_ms,64.709358
1779724887.919,/benchmark/latency_ms,65.556046
1779724887.970,/benchmark/latency_ms,65.745483
1779724888.017,/benchmark/latency_ms,63.200546
1779724888.068,/benchmark/latency_ms,63.855629
1779724888.122,/benchmark/latency_ms,65.309563
1779724888.170,/benchmark/latency_ms,65.416054
1779724888.236,/benchmark/latency_ms,66.344147
1779724888.274,/benchmark/latency_ms,68.445328
1779724888.328,/benchmark/latency_ms,58.958008
1779724888.382,/benchmark/latency_ms,61.887154
1779724888.432,/benchmark/latency_ms,61.711449
1779724888.485,/benchmark/latency_ms,61.403648
1779724888.538,/benchmark/latency_ms,62.979500
1779724888.600,/benchmark/latency_ms,62.923885
1779724888.638,/benchmark/latency_ms,62.714806
1779724888.692,/benchmark/latency_ms,63.855083
1779724888.742,/benchmark/latency_ms,66.533875
1779724888.793,/benchmark/latency_ms,66.640427
1779724888.846,/benchmark/latency_ms,68.343887
1779724888.899,/benchmark/latency_ms,56.018559
1779724888.959,/benchmark/latency_ms,53.718349
1779724888.995,/benchmark/latency_ms,66.943199
1779724889.060,/benchmark/latency_ms,67.729416
1779724889.098,/benchmark/latency_ms,56.010269
1779724889.151,/benchmark/latency_ms,57.052284
1779724889.204,/benchmark/latency_ms,59.584225
1779724889.254,/benchmark/latency_ms,60.565887
1779724889.319,/benchmark/latency_ms,61.064880
1779724889.370,/benchmark/latency_ms,62.211945
1779724889.406,/benchmark/latency_ms,56.897568
1779724889.454,/benchmark/latency_ms,58.165588
1779724889.507,/benchmark/latency_ms,58.503689
1779724889.557,/benchmark/latency_ms,59.573284
1779724889.608,/benchmark/latency_ms,59.873112
1779724889.660,/benchmark/latency_ms,62.145035
1779724889.711,/benchmark/latency_ms,62.984108
1779724889.765,/benchmark/latency_ms,63.641075
1779724889.815,/benchmark/latency_ms,64.209602
1779724889.881,/benchmark/latency_ms,65.173378
1779724889.919,/benchmark/latency_ms,65.296318
1779724889.968,/benchmark/latency_ms,66.389297
1779724890.021,/benchmark/latency_ms,66.853477
1779724890.071,/benchmark/latency_ms,68.371185
1779724890.135,/benchmark/latency_ms,55.717129
1779724890.188,/benchmark/latency_ms,57.997593
1779724890.228,/benchmark/latency_ms,60.482658
1779724890.282,/benchmark/latency_ms,62.974411
1779724890.336,/benchmark/latency_ms,65.257500
1779724890.389,/benchmark/latency_ms,68.016891
1779724890.451,/benchmark/latency_ms,55.770279
1779724890.491,/benchmark/latency_ms,58.420044
1779724890.547,/benchmark/latency_ms,61.605118
1779724890.600,/benchmark/latency_ms,63.680786
1779724890.653,/benchmark/latency_ms,66.928383
1779724890.706,/benchmark/latency_ms,67.208565
1779724890.755,/benchmark/latency_ms,68.294930
1779724890.817,/benchmark/latency_ms,53.606644
1779724890.854,/benchmark/latency_ms,66.076736
1779724890.905,/benchmark/latency_ms,66.602158
1779724890.957,/benchmark/latency_ms,67.692261
1779724891.011,/benchmark/latency_ms,55.940578
1779724891.059,/benchmark/latency_ms,55.219868
1779724891.112,/benchmark/latency_ms,57.387054
1779724891.174,/benchmark/latency_ms,58.734497
1779724891.214,/benchmark/latency_ms,61.360771
1779724891.269,/benchmark/latency_ms,64.649780
1779724891.323,/benchmark/latency_ms,78.034683
1779724891.373,/benchmark/latency_ms,65.367195
1779724891.426,/benchmark/latency_ms,65.308472
1779724891.476,/benchmark/latency_ms,66.048256
1779724891.527,/benchmark/latency_ms,63.704689
1779724891.590,/benchmark/latency_ms,58.352077
1779724891.641,/benchmark/latency_ms,57.221077
1779724891.693,/benchmark/latency_ms,58.035606
1779724891.740,/benchmark/latency_ms,55.136093
1779724891.794,/benchmark/latency_ms,56.155258
1779724891.845,/benchmark/latency_ms,56.427567
1779724891.895,/benchmark/latency_ms,57.151127
1779724891.948,/benchmark/latency_ms,59.198608
1779724892.000,/benchmark/latency_ms,59.548996
1779724892.053,/benchmark/latency_ms,61.995888
1779724892.119,/benchmark/latency_ms,64.357529
1779724892.160,/benchmark/latency_ms,67.241142
1779724892.208,/benchmark/latency_ms,65.771179
1779724892.261,/benchmark/latency_ms,67.592201
1779724892.314,/benchmark/latency_ms,67.606636
1779724892.365,/benchmark/latency_ms,67.838341
1779724892.415,/benchmark/latency_ms,55.455379
1779724892.465,/benchmark/latency_ms,54.096832
1779724892.515,/benchmark/latency_ms,66.197502
1779724892.568,/benchmark/latency_ms,66.484177
1779724892.621,/benchmark/latency_ms,67.225082
1779724892.669,/benchmark/latency_ms,67.678665
1779724892.720,/benchmark/latency_ms,55.432274
1779724892.773,/benchmark/latency_ms,68.400620
1779724892.825,/benchmark/latency_ms,56.393295
1779724892.875,/benchmark/latency_ms,56.336021
1779724892.932,/benchmark/latency_ms,49.463364
1779724892.972,/benchmark/latency_ms,65.014404
1779724893.025,/benchmark/latency_ms,65.953094
1779724893.074,/benchmark/latency_ms,91.809822
1779724893.139,/benchmark/latency_ms,67.536240
1779724893.180,/benchmark/latency_ms,56.884319
1779724893.229,/benchmark/latency_ms,57.668163
1779724893.295,/benchmark/latency_ms,58.299759
1779724893.332,/benchmark/latency_ms,58.515079
1779724893.383,/benchmark/latency_ms,59.604992
1779724893.448,/benchmark/latency_ms,61.853874
1779724893.501,/benchmark/latency_ms,64.275490
1779724893.544,/benchmark/latency_ms,67.108444
1779724893.595,/benchmark/latency_ms,67.610504
1779724893.645,/benchmark/latency_ms,54.715725
1779724893.698,/benchmark/latency_ms,67.845184
1779724893.748,/benchmark/latency_ms,55.113087
1779724893.801,/benchmark/latency_ms,55.805988
1779724893.854,/benchmark/latency_ms,57.554665
1779724893.904,/benchmark/latency_ms,58.922203
1779724893.956,/benchmark/latency_ms,59.187950
1779724894.009,/benchmark/latency_ms,60.345577
1779724894.075,/benchmark/latency_ms,64.555122
1779724894.122,/benchmark/latency_ms,62.134121
1779724894.163,/benchmark/latency_ms,76.791656
1779724894.215,/benchmark/latency_ms,64.892426
1779724894.270,/benchmark/latency_ms,68.812607
1779724894.323,/benchmark/latency_ms,56.689831
1779724894.388,/benchmark/latency_ms,59.353992
1779724894.429,/benchmark/latency_ms,62.282948
1779724894.482,/benchmark/latency_ms,64.243233
1779724894.536,/benchmark/latency_ms,67.274010
1779724894.589,/benchmark/latency_ms,67.635178
1779724894.639,/benchmark/latency_ms,68.103638
1779724894.692,/benchmark/latency_ms,67.325554
1779724894.743,/benchmark/latency_ms,55.919872
1779724894.796,/benchmark/latency_ms,57.089947
1779724894.849,/benchmark/latency_ms,58.995605
1779724894.897,/benchmark/latency_ms,59.171890
1779724894.962,/benchmark/latency_ms,59.618370
1779724895.000,/benchmark/latency_ms,60.154320
1779724895.048,/benchmark/latency_ms,57.720161
1779724895.101,/benchmark/latency_ms,57.423981
1779724895.152,/benchmark/latency_ms,57.828896
1779724895.203,/benchmark/latency_ms,57.594505
1779724895.253,/benchmark/latency_ms,58.060024
1779724895.306,/benchmark/latency_ms,58.983608
1779724895.356,/benchmark/latency_ms,59.323658
1779724895.409,/benchmark/latency_ms,59.563492
1779724895.460,/benchmark/latency_ms,59.654560
1779724895.505,/benchmark/latency_ms,55.352085
1779724895.558,/benchmark/latency_ms,57.225971
1779724895.614,/benchmark/latency_ms,57.530411
1779724895.665,/benchmark/latency_ms,57.841633
1779724895.713,/benchmark/latency_ms,58.548615
1779724895.761,/benchmark/latency_ms,55.707146
1779724895.812,/benchmark/latency_ms,55.835526
1779724895.865,/benchmark/latency_ms,56.562988
1779724895.914,/benchmark/latency_ms,57.098938
1779724895.966,/benchmark/latency_ms,57.200981
1779724896.017,/benchmark/latency_ms,58.824059
1779724896.069,/benchmark/latency_ms,59.003799
1779724896.122,/benchmark/latency_ms,59.440742
1779724896.185,/benchmark/latency_ms,60.190701
1779724896.216,/benchmark/latency_ms,53.451992
1779724896.270,/benchmark/latency_ms,67.517166
1779724896.319,/benchmark/latency_ms,67.091675
1779724896.372,/benchmark/latency_ms,68.345871
1779724896.426,/benchmark/latency_ms,57.404911
1779724896.478,/benchmark/latency_ms,58.357582
1779724896.528,/benchmark/latency_ms,58.562309
1779724896.581,/benchmark/latency_ms,58.991833
1779724896.645,/benchmark/latency_ms,58.226482
1779724896.695,/benchmark/latency_ms,58.155060
1779724896.733,/benchmark/latency_ms,57.832226
1779724896.784,/benchmark/latency_ms,56.735558
1779724896.837,/benchmark/latency_ms,56.087196
1779724896.896,/benchmark/latency_ms,55.715626
1779724896.930,/benchmark/latency_ms,48.130322
1779724896.983,/benchmark/latency_ms,63.317059
1779724897.036,/benchmark/latency_ms,61.505470
1779724897.088,/benchmark/latency_ms,63.304066
1779724897.141,/benchmark/latency_ms,64.564728
1779724897.192,/benchmark/latency_ms,66.312790
1779724897.244,/benchmark/latency_ms,65.747917
1779724897.296,/benchmark/latency_ms,65.048805
1779724897.346,/benchmark/latency_ms,64.745132
1779724897.400,/benchmark/latency_ms,64.975143
1779724897.461,/benchmark/latency_ms,64.502258
1779724897.499,/benchmark/latency_ms,63.528027
1779724897.551,/benchmark/latency_ms,62.351299
1779724897.603,/benchmark/latency_ms,62.946957
1779724897.652,/benchmark/latency_ms,62.168072
1779724897.705,/benchmark/latency_ms,62.303780
1779724897.757,/benchmark/latency_ms,60.722012
1779724897.807,/benchmark/latency_ms,60.623837
1779724897.859,/benchmark/latency_ms,60.099758
1779724897.909,/benchmark/latency_ms,59.927158
1779724897.962,/benchmark/latency_ms,58.836956
1779724898.010,/benchmark/latency_ms,58.566021
1779724898.074,/benchmark/latency_ms,58.578854
1779724898.111,/benchmark/latency_ms,56.720200
1779724898.164,/benchmark/latency_ms,57.061882
1779724898.214,/benchmark/latency_ms,55.638924
1779724898.267,/benchmark/latency_ms,67.970528
1779724898.316,/benchmark/latency_ms,67.906845
1779724898.363,/benchmark/latency_ms,51.290020
1779724898.416,/benchmark/latency_ms,64.965225
1779724898.468,/benchmark/latency_ms,65.022408
1779724898.525,/benchmark/latency_ms,67.374832
1779724898.575,/benchmark/latency_ms,67.085983
1779724898.625,/benchmark/latency_ms,67.582603
1779724898.691,/benchmark/latency_ms,66.106079
1779724898.729,/benchmark/latency_ms,66.837990
1779724898.783,/benchmark/latency_ms,68.436943
1779724898.843,/benchmark/latency_ms,52.055626
1779724898.881,/benchmark/latency_ms,64.631218
1779724898.936,/benchmark/latency_ms,65.563347
1779724898.988,/benchmark/latency_ms,66.866760
1779724899.040,/benchmark/latency_ms,67.561386
1779724899.092,/benchmark/latency_ms,68.509865
1779724899.145,/benchmark/latency_ms,67.764259
1779724899.195,/benchmark/latency_ms,65.610962
1779724899.245,/benchmark/latency_ms,64.978760
1779724899.292,/benchmark/latency_ms,59.820732
1779724899.346,/benchmark/latency_ms,58.541000
1779724899.393,/benchmark/latency_ms,57.067291
1779724899.458,/benchmark/latency_ms,68.877533
1779724899.512,/benchmark/latency_ms,71.515778
1779724899.549,/benchmark/latency_ms,56.709320
1779724899.602,/benchmark/latency_ms,58.042458
1779724899.653,/benchmark/latency_ms,58.293102
1779724899.707,/benchmark/latency_ms,59.950260
1779724899.762,/benchmark/latency_ms,62.211624
1779724899.815,/benchmark/latency_ms,62.772499
1779724899.864,/benchmark/latency_ms,63.240257
1779724899.918,/benchmark/latency_ms,65.470612
1779724899.972,/benchmark/latency_ms,65.433464
1779724900.017,/benchmark/latency_ms,61.436932
1779724900.071,/benchmark/latency_ms,61.661915
1779724900.121,/benchmark/latency_ms,61.114990
1779724900.186,/benchmark/latency_ms,61.793045
1779724900.222,/benchmark/latency_ms,60.943954
1779724900.275,/benchmark/latency_ms,60.713081
1779724900.324,/benchmark/latency_ms,74.248833
1779724900.377,/benchmark/latency_ms,62.048141
1779724900.427,/benchmark/latency_ms,61.221386
1779724900.476,/benchmark/latency_ms,59.062996
1779724900.518,/benchmark/latency_ms,49.542850
1779724900.560,/benchmark/latency_ms,52.626549
1779724900.601,/benchmark/latency_ms,56.005119
1779724900.643,/benchmark/latency_ms,48.226608
1779724900.697,/benchmark/latency_ms,50.347462
1779724900.726,/benchmark/latency_ms,52.924492
1779724900.765,/benchmark/latency_ms,55.597134
1779724900.807,/benchmark/latency_ms,46.778721
1779724900.861,/benchmark/latency_ms,49.487297
1779724900.890,/benchmark/latency_ms,53.355324
1779724900.933,/benchmark/latency_ms,57.222099
1779724900.974,/benchmark/latency_ms,48.913429
1779724901.016,/benchmark/latency_ms,51.598297
1779724901.058,/benchmark/latency_ms,54.276188
1779724901.097,/benchmark/latency_ms,57.219894
1779724901.151,/benchmark/latency_ms,46.981499
1779724901.180,/benchmark/latency_ms,49.741978
1779724901.221,/benchmark/latency_ms,52.538040
1779724901.261,/benchmark/latency_ms,58.129684
1779724901.305,/benchmark/latency_ms,62.022446
1779724901.351,/benchmark/latency_ms,62.672180
1779724901.395,/benchmark/latency_ms,63.080170
1779724901.443,/benchmark/latency_ms,63.301697
1779724901.484,/benchmark/latency_ms,49.157837
1779724901.529,/benchmark/latency_ms,50.324902
1779724901.576,/benchmark/latency_ms,51.179878
1779724901.618,/benchmark/latency_ms,51.592922
1779724901.661,/benchmark/latency_ms,51.608475
1779724901.705,/benchmark/latency_ms,52.198597
1779724901.752,/benchmark/latency_ms,52.799248
1779724901.796,/benchmark/latency_ms,53.481079
1779724901.843,/benchmark/latency_ms,56.142426
1779724901.889,/benchmark/latency_ms,57.886620
1779724901.934,/benchmark/latency_ms,59.185394
1779724901.979,/benchmark/latency_ms,60.429092
1779724902.026,/benchmark/latency_ms,61.270058
1779724902.070,/benchmark/latency_ms,62.057133
1779724902.127,/benchmark/latency_ms,63.717266
1779724902.161,/benchmark/latency_ms,51.223141
1779724902.206,/benchmark/latency_ms,51.605080
1779724902.251,/benchmark/latency_ms,52.445404
1779724902.309,/benchmark/latency_ms,52.942348
1779724902.341,/benchmark/latency_ms,53.743664
1779724902.385,/benchmark/latency_ms,54.579151
1779724902.432,/benchmark/latency_ms,55.408916
1779724902.477,/benchmark/latency_ms,56.925533
1779724902.522,/benchmark/latency_ms,58.182613
1779724902.579,/benchmark/latency_ms,60.114544
1779724902.611,/benchmark/latency_ms,61.981487
1779724902.657,/benchmark/latency_ms,63.117928
1779724902.702,/benchmark/latency_ms,63.278915
1779724902.747,/benchmark/latency_ms,64.060387
1779724902.793,/benchmark/latency_ms,50.460033
1779724902.837,/benchmark/latency_ms,52.854095
1779724902.885,/benchmark/latency_ms,54.725838
1779724902.928,/benchmark/latency_ms,54.874374
1779724902.984,/benchmark/latency_ms,55.034882
1779724903.017,/benchmark/latency_ms,55.606606
1779724903.062,/benchmark/latency_ms,58.372173
1779724903.110,/benchmark/latency_ms,61.005680
1779724903.156,/benchmark/latency_ms,62.478493
1779724903.215,/benchmark/latency_ms,63.885838
1779724903.247,/benchmark/latency_ms,50.417988
1779724903.292,/benchmark/latency_ms,51.626778
1779724903.337,/benchmark/latency_ms,51.453533
1779724903.382,/benchmark/latency_ms,51.979019
1779724903.427,/benchmark/latency_ms,52.378365
1779724903.473,/benchmark/latency_ms,52.857132
1779724903.530,/benchmark/latency_ms,53.673298
1779724903.563,/benchmark/latency_ms,54.739819
1779724903.608,/benchmark/latency_ms,56.202106
1779724903.652,/benchmark/latency_ms,57.871136
1779724903.697,/benchmark/latency_ms,59.085621
1779724903.744,/benchmark/latency_ms,59.968372
1779724903.800,/benchmark/latency_ms,61.639355
1779724903.833,/benchmark/latency_ms,62.921391
1779724903.880,/benchmark/latency_ms,64.635506
1779724903.924,/benchmark/latency_ms,51.502525
1779724903.970,/benchmark/latency_ms,52.409981
1779724904.014,/benchmark/latency_ms,52.798416
1779724904.062,/benchmark/latency_ms,54.635632
1779724904.108,/benchmark/latency_ms,57.690533
1779724904.152,/benchmark/latency_ms,59.636257
1779724904.197,/benchmark/latency_ms,60.955891
1779724904.242,/benchmark/latency_ms,61.027409
1779724904.287,/benchmark/latency_ms,61.366566
1779724904.334,/benchmark/latency_ms,63.325024
1779724904.393,/benchmark/latency_ms,52.168999
1779724904.436,/benchmark/latency_ms,51.769299
1779724904.469,/benchmark/latency_ms,52.676533
1779724904.513,/benchmark/latency_ms,52.657749
1779724904.558,/benchmark/latency_ms,51.772114
1779724904.604,/benchmark/latency_ms,52.051659
1779724904.647,/benchmark/latency_ms,52.967434
1779724904.693,/benchmark/latency_ms,52.934029
1779724904.736,/benchmark/latency_ms,52.888458
1779724904.782,/benchmark/latency_ms,53.396347
1779724904.825,/benchmark/latency_ms,53.631313
1779724904.881,/benchmark/latency_ms,54.378071
1779724904.914,/benchmark/latency_ms,55.016418
1779724904.959,/benchmark/latency_ms,56.067390
1779724905.004,/benchmark/latency_ms,57.761955
1779724905.050,/benchmark/latency_ms,59.843128
1779724905.098,/benchmark/latency_ms,64.601555
1779724905.146,/benchmark/latency_ms,52.868462
1779724905.189,/benchmark/latency_ms,54.104897
1779724905.235,/benchmark/latency_ms,54.368759
1779724905.279,/benchmark/latency_ms,55.591724
1779724905.324,/benchmark/latency_ms,56.840130
1779724905.371,/benchmark/latency_ms,58.631779
1779724905.428,/benchmark/latency_ms,60.247021
1779724905.459,/benchmark/latency_ms,60.721245
1779724905.504,/benchmark/latency_ms,61.974030
1779724905.563,/benchmark/latency_ms,64.099876
1779724905.606,/benchmark/latency_ms,50.232201
1779724905.639,/benchmark/latency_ms,65.731148
1779724905.697,/benchmark/latency_ms,51.773746
1779724905.730,/benchmark/latency_ms,54.244926
1779724905.775,/benchmark/latency_ms,54.973892
1779724905.820,/benchmark/latency_ms,54.969765
1779724905.864,/benchmark/latency_ms,55.124733
1779724905.907,/benchmark/latency_ms,55.403828
1779724905.953,/benchmark/latency_ms,57.017082
1779724905.998,/benchmark/latency_ms,58.293903
1779724906.043,/benchmark/latency_ms,59.762203
1779724906.088,/benchmark/latency_ms,60.972656
1779724906.136,/benchmark/latency_ms,63.026794
1779724906.180,/benchmark/latency_ms,51.844402
1779724906.225,/benchmark/latency_ms,53.096741
1779724906.283,/benchmark/latency_ms,55.014530
1779724906.318,/benchmark/latency_ms,58.227505
1779724906.366,/benchmark/latency_ms,76.958626
1779724906.412,/benchmark/latency_ms,65.276863
1779724906.459,/benchmark/latency_ms,53.815022
1779724906.511,/benchmark/latency_ms,62.403873
1779724906.557,/benchmark/latency_ms,64.249313
1779724906.603,/benchmark/latency_ms,51.054283
1779724906.650,/benchmark/latency_ms,53.856651
1779724906.695,/benchmark/latency_ms,55.504753
1779724906.745,/benchmark/latency_ms,58.493576
1779724906.800,/benchmark/latency_ms,59.103924
1779724906.847,/benchmark/latency_ms,60.653183
1779724906.878,/benchmark/latency_ms,61.248936
1779724906.937,/benchmark/latency_ms,62.671383
1779724906.969,/benchmark/latency_ms,63.653942
1779724907.028,/benchmark/latency_ms,64.654037
1779724907.062,/benchmark/latency_ms,81.100822
1779724907.109,/benchmark/latency_ms,54.566608
1779724907.154,/benchmark/latency_ms,54.790794
1779724907.198,/benchmark/latency_ms,56.217113
1779724907.244,/benchmark/latency_ms,58.162132
1779724907.290,/benchmark/latency_ms,60.512291
1779724907.336,/benchmark/latency_ms,62.717941
1779724907.396,/benchmark/latency_ms,53.167809
1779724907.431,/benchmark/latency_ms,55.939266
1779724907.477,/benchmark/latency_ms,57.404942
1779724907.523,/benchmark/latency_ms,59.521637
1779724907.568,/benchmark/latency_ms,61.322212
1779724907.614,/benchmark/latency_ms,62.958923
1779724907.660,/benchmark/latency_ms,64.332123
1779724907.709,/benchmark/latency_ms,53.908360
1779724907.753,/benchmark/latency_ms,55.309849
1779724907.798,/benchmark/latency_ms,56.716038
1779724907.844,/benchmark/latency_ms,58.884701
1779724907.890,/benchmark/latency_ms,61.039631
1779724907.949,/benchmark/latency_ms,63.288708
1779724907.982,/benchmark/latency_ms,64.907112
1779724908.027,/benchmark/latency_ms,51.768337
1779724908.072,/benchmark/latency_ms,52.915150
1779724908.117,/benchmark/latency_ms,54.221119
1779724908.162,/benchmark/latency_ms,55.159615
1779724908.208,/benchmark/latency_ms,56.943871
1779724908.253,/benchmark/latency_ms,58.671906
1779724908.300,/benchmark/latency_ms,60.698074
1779724908.345,/benchmark/latency_ms,63.166821
1779724908.393,/benchmark/latency_ms,52.043655
1779724908.438,/benchmark/latency_ms,54.387447
1779724908.485,/benchmark/latency_ms,55.592751
1779724908.529,/benchmark/latency_ms,57.355503
1779724908.575,/benchmark/latency_ms,59.134354
1779724908.621,/benchmark/latency_ms,61.490784
1779724908.679,/benchmark/latency_ms,63.563450
1779724908.713,/benchmark/latency_ms,65.096642
1779724908.760,/benchmark/latency_ms,53.440632
1779724908.805,/benchmark/latency_ms,54.801449
1779724908.852,/benchmark/latency_ms,56.284534
1779724908.899,/benchmark/latency_ms,58.659363
1779724908.945,/benchmark/latency_ms,60.664604
1779724909.000,/benchmark/latency_ms,62.018829
1779724909.035,/benchmark/latency_ms,64.089096
1779724909.083,/benchmark/latency_ms,52.676147
1779724909.127,/benchmark/latency_ms,54.180702
1779724909.172,/benchmark/latency_ms,55.292698
1779724909.229,/benchmark/latency_ms,56.225494
1779724909.263,/benchmark/latency_ms,58.522312
1779724909.321,/benchmark/latency_ms,60.444614
1779724909.355,/benchmark/latency_ms,62.194695
1779724909.405,/benchmark/latency_ms,64.848717
1779724909.449,/benchmark/latency_ms,53.214081
1779724909.494,/benchmark/latency_ms,53.608852
1779724909.539,/benchmark/latency_ms,54.601265
1779724909.584,/benchmark/latency_ms,55.758503
1779724909.629,/benchmark/latency_ms,56.869732
1779724909.677,/benchmark/latency_ms,59.472519
1779724909.721,/benchmark/latency_ms,60.616158
1779724909.779,/benchmark/latency_ms,62.473885
1779724909.826,/benchmark/latency_ms,63.803505
1779724909.860,/benchmark/latency_ms,53.056644
1779724909.922,/benchmark/latency_ms,54.248222
1779724909.951,/benchmark/latency_ms,56.298389
1779724909.998,/benchmark/latency_ms,57.947002
1779724910.044,/benchmark/latency_ms,59.460648
1779724910.089,/benchmark/latency_ms,61.602715
1779724910.148,/benchmark/latency_ms,63.518555
1779724910.195,/benchmark/latency_ms,52.065098
1779724910.228,/benchmark/latency_ms,53.687057
1779724910.272,/benchmark/latency_ms,54.587440
1779724910.320,/benchmark/latency_ms,56.036255
1779724910.365,/benchmark/latency_ms,58.389259
1779724910.412,/benchmark/latency_ms,61.819221
1779724910.468,/benchmark/latency_ms,62.967949
1779724910.502,/benchmark/latency_ms,64.517242
1779724910.549,/benchmark/latency_ms,52.385757
1779724910.596,/benchmark/latency_ms,54.229053
1779724910.640,/benchmark/latency_ms,55.704105
1779724910.686,/benchmark/latency_ms,57.668900
1779724910.731,/benchmark/latency_ms,58.902653
1779724910.777,/benchmark/latency_ms,60.242317
1779724910.824,/benchmark/latency_ms,61.793591
1779724910.868,/benchmark/latency_ms,63.604214
1779724910.916,/benchmark/latency_ms,53.110245
1779724910.960,/benchmark/latency_ms,53.769165
1779724911.007,/benchmark/latency_ms,54.201244
1779724911.064,/benchmark/latency_ms,55.302135
1779724911.096,/benchmark/latency_ms,57.093464
1779724911.144,/benchmark/latency_ms,59.842812
1779724911.189,/benchmark/latency_ms,61.919056
1779724911.236,/benchmark/latency_ms,64.266914
1779724911.295,/benchmark/latency_ms,53.256767
1779724911.327,/benchmark/latency_ms,53.785835
1779724911.373,/benchmark/latency_ms,55.257019
1779724911.417,/benchmark/latency_ms,55.594734
1779724911.464,/benchmark/latency_ms,58.056824
1779724911.525,/benchmark/latency_ms,61.975792
1779724911.558,/benchmark/latency_ms,63.860748
1779724911.606,/benchmark/latency_ms,52.559669
1779724911.650,/benchmark/latency_ms,53.134018
1779724911.695,/benchmark/latency_ms,54.186687
1779724911.740,/benchmark/latency_ms,55.533905
1779724911.786,/benchmark/latency_ms,56.568203
1779724911.842,/benchmark/latency_ms,56.469170
1779724911.876,/benchmark/latency_ms,58.724674
1779724911.923,/benchmark/latency_ms,60.137936
1779724911.969,/benchmark/latency_ms,63.275234
1779724912.016,/benchmark/latency_ms,52.136486
1779724912.061,/benchmark/latency_ms,52.774609
1779724912.106,/benchmark/latency_ms,53.923882
1779724912.151,/benchmark/latency_ms,53.918217
1779724912.196,/benchmark/latency_ms,55.067585
1779724912.253,/benchmark/latency_ms,56.187576
1779724912.288,/benchmark/latency_ms,58.012249
1779724912.333,/benchmark/latency_ms,60.050640
1779724912.378,/benchmark/latency_ms,61.592731
1779724912.437,/benchmark/latency_ms,62.969517
1779724912.473,/benchmark/latency_ms,65.624207
1779724912.519,/benchmark/latency_ms,54.530193
1779724912.576,/benchmark/latency_ms,55.903397
1779724912.610,/benchmark/latency_ms,57.924126
1779724912.656,/benchmark/latency_ms,60.397636
1779724912.702,/benchmark/latency_ms,62.488892
1779724912.749,/benchmark/latency_ms,63.407261
1779724912.795,/benchmark/latency_ms,65.247742
1779724912.841,/benchmark/latency_ms,52.102470
1779724912.885,/benchmark/latency_ms,53.774860
1779724912.944,/benchmark/latency_ms,54.650990
1779724912.975,/benchmark/latency_ms,55.237305
1779724913.021,/benchmark/latency_ms,56.864067
1779724913.067,/benchmark/latency_ms,58.538506
1779724913.113,/benchmark/latency_ms,60.157265
1779724913.159,/benchmark/latency_ms,61.930130
1779724913.205,/benchmark/latency_ms,63.691029
1779724913.252,/benchmark/latency_ms,51.872719
1779724913.311,/benchmark/latency_ms,53.184769
1779724913.343,/benchmark/latency_ms,54.542866
1779724913.388,/benchmark/latency_ms,55.959007
1779724913.436,/benchmark/latency_ms,57.300304
1779724913.481,/benchmark/latency_ms,60.720795
1779724913.526,/benchmark/latency_ms,61.651321
1779724913.574,/benchmark/latency_ms,63.263809
1779724913.618,/benchmark/latency_ms,64.322815
1779724913.664,/benchmark/latency_ms,51.090412
1779724913.708,/benchmark/latency_ms,52.020908
1779724913.752,/benchmark/latency_ms,53.005737
1779724913.798,/benchmark/latency_ms,53.346012
1779724913.844,/benchmark/latency_ms,54.495827
1779724913.888,/benchmark/latency_ms,55.291191
1779724913.932,/benchmark/latency_ms,56.448273
1779724913.979,/benchmark/latency_ms,58.380878
1779724914.023,/benchmark/latency_ms,60.416836
1779724914.082,/benchmark/latency_ms,61.880180
1779724914.114,/benchmark/latency_ms,63.233860
1779724914.175,/benchmark/latency_ms,52.257793
1779724914.207,/benchmark/latency_ms,53.582932
1779724914.254,/benchmark/latency_ms,56.784260
1779724914.300,/benchmark/latency_ms,58.655396
1779724914.346,/benchmark/latency_ms,60.905972
1779724914.392,/benchmark/latency_ms,63.136166
1779724914.438,/benchmark/latency_ms,65.047493
1779724914.497,/benchmark/latency_ms,53.273502
1779724914.532,/benchmark/latency_ms,54.561329
1779724914.576,/benchmark/latency_ms,55.463604
1779724914.621,/benchmark/latency_ms,56.722504
1779724914.667,/benchmark/latency_ms,59.391850
1779724914.713,/benchmark/latency_ms,61.756855
1779724914.759,/benchmark/latency_ms,63.164070
1779724914.818,/benchmark/latency_ms,64.634933
1779724914.850,/benchmark/latency_ms,51.481728
1779724914.896,/benchmark/latency_ms,52.544762
1779724914.942,/benchmark/latency_ms,53.448185
1779724914.987,/benchmark/latency_ms,54.240318
1779724915.044,/benchmark/latency_ms,55.079742
1779724915.077,/benchmark/latency_ms,56.249943
1779724915.123,/benchmark/latency_ms,58.154709
1779724915.167,/benchmark/latency_ms,60.237164
1779724915.213,/benchmark/latency_ms,62.258759
1779724915.260,/benchmark/latency_ms,64.272995
1779724915.306,/benchmark/latency_ms,51.698742
1779724915.363,/benchmark/latency_ms,53.130276
1779724915.397,/benchmark/latency_ms,54.412056
1779724915.441,/benchmark/latency_ms,55.887043
1779724915.502,/benchmark/latency_ms,59.726299
1779724915.535,/benchmark/latency_ms,61.446400
1779724915.580,/benchmark/latency_ms,63.738644
1779724915.627,/benchmark/latency_ms,64.743088
1779724915.684,/benchmark/latency_ms,51.622650
1779724915.716,/benchmark/latency_ms,52.825165
1779724915.773,/benchmark/latency_ms,54.072834
1779724915.807,/benchmark/latency_ms,54.673424
1779724915.851,/benchmark/latency_ms,55.920387
1779724915.897,/benchmark/latency_ms,57.915005
1779724915.957,/benchmark/latency_ms,60.051476
1779724915.988,/benchmark/latency_ms,61.585663
1779724916.045,/benchmark/latency_ms,63.194500
1779724916.079,/benchmark/latency_ms,64.713165
1779724916.124,/benchmark/latency_ms,51.212646
1779724916.169,/benchmark/latency_ms,51.411648
1779724916.213,/benchmark/latency_ms,52.657204
1779724916.258,/benchmark/latency_ms,53.637203
1779724916.314,/benchmark/latency_ms,54.880936
1779724916.349,/benchmark/latency_ms,57.525833
1779724916.395,/benchmark/latency_ms,59.809658
1779724916.443,/benchmark/latency_ms,62.113544
1779724916.491,/benchmark/latency_ms,64.903275
1779724916.536,/benchmark/latency_ms,52.500187
1779724916.581,/benchmark/latency_ms,53.335262
1779724916.629,/benchmark/latency_ms,54.749420
1779724916.674,/benchmark/latency_ms,54.488724
1779724916.718,/benchmark/latency_ms,53.980038
1779724916.762,/benchmark/latency_ms,52.865582
1779724916.808,/benchmark/latency_ms,53.086533
1779724916.852,/benchmark/latency_ms,52.940105
1779724916.899,/benchmark/latency_ms,52.413628
1779724916.942,/benchmark/latency_ms,52.395069
1779724917.002,/benchmark/latency_ms,53.303261
1779724917.045,/benchmark/latency_ms,52.540218
1779724917.077,/benchmark/latency_ms,51.434589
1779724917.122,/benchmark/latency_ms,51.854321
1779724917.170,/benchmark/latency_ms,54.579506
1779724917.213,/benchmark/latency_ms,54.908485
1779724917.258,/benchmark/latency_ms,56.513840
1779724917.317,/benchmark/latency_ms,58.372299
1779724917.349,/benchmark/latency_ms,60.145039
1779724917.395,/benchmark/latency_ms,62.206631
1779724917.442,/benchmark/latency_ms,62.528507
1779724917.498,/benchmark/latency_ms,51.193127
1779724917.532,/benchmark/latency_ms,52.653622
1779724917.576,/benchmark/latency_ms,53.800171
1779724917.621,/benchmark/latency_ms,54.138466
1779724917.666,/benchmark/latency_ms,54.395607
1779724917.713,/benchmark/latency_ms,58.079319
1779724917.761,/benchmark/latency_ms,58.949272
1779724917.804,/benchmark/latency_ms,60.424519
1779724917.849,/benchmark/latency_ms,60.311592
1779724917.896,/benchmark/latency_ms,62.762005
1779724917.955,/benchmark/latency_ms,64.214401
1779724917.987,/benchmark/latency_ms,50.878002
1779724918.033,/benchmark/latency_ms,51.562649
1779724918.076,/benchmark/latency_ms,51.995052
1779724918.121,/benchmark/latency_ms,52.915211
1779724918.179,/benchmark/latency_ms,54.143871
1779724918.210,/benchmark/latency_ms,54.352474
1779724918.256,/benchmark/latency_ms,54.769100
1779724918.313,/benchmark/latency_ms,56.193466
1779724918.357,/benchmark/latency_ms,58.504360
1779724918.390,/benchmark/latency_ms,59.597893
1779724918.437,/benchmark/latency_ms,61.261162
1779724918.481,/benchmark/latency_ms,62.479103
1779724918.527,/benchmark/latency_ms,64.059433
1779724918.572,/benchmark/latency_ms,51.291397
1779724918.630,/benchmark/latency_ms,51.976494
1779724918.662,/benchmark/latency_ms,53.135075
1779724918.706,/benchmark/latency_ms,53.716496
1779724918.753,/benchmark/latency_ms,56.582764
1779724918.801,/benchmark/latency_ms,58.900124
1779724918.844,/benchmark/latency_ms,59.439560
1779724918.889,/benchmark/latency_ms,60.358631
1779724918.934,/benchmark/latency_ms,61.795509
1779724918.979,/benchmark/latency_ms,62.880562
1779724919.026,/benchmark/latency_ms,51.411777
1779724919.070,/benchmark/latency_ms,51.731956
1779724919.115,/benchmark/latency_ms,52.653011
1779724919.173,/benchmark/latency_ms,53.283646
1779724919.205,/benchmark/latency_ms,53.639984
1779724919.250,/benchmark/latency_ms,53.990852
1779724919.293,/benchmark/latency_ms,54.578320
1779724919.338,/benchmark/latency_ms,54.725262
1779724919.396,/benchmark/latency_ms,56.003712
1779724919.429,/benchmark/latency_ms,56.426704
1779724919.473,/benchmark/latency_ms,57.423214
1779724919.519,/benchmark/latency_ms,59.181107
1779724919.565,/benchmark/latency_ms,60.445606
1779724919.609,/benchmark/latency_ms,61.461315
1779724919.654,/benchmark/latency_ms,62.669785
1779724919.701,/benchmark/latency_ms,51.543644
1779724919.747,/benchmark/latency_ms,53.773838
1779724919.803,/benchmark/latency_ms,54.306938
1779724919.836,/benchmark/latency_ms,55.377686
1779724919.881,/benchmark/latency_ms,56.819813
1779724919.927,/benchmark/latency_ms,58.363342
1779724919.974,/benchmark/latency_ms,59.085941
1779724920.019,/benchmark/latency_ms,59.519398
1779724920.075,/benchmark/latency_ms,60.811928
1779724920.122,/benchmark/latency_ms,62.695320
1779724920.154,/benchmark/latency_ms,63.882957
1779724920.199,/benchmark/latency_ms,50.746712
1779724920.245,/benchmark/latency_ms,51.619225
1779724920.290,/benchmark/latency_ms,52.815151
1779724920.345,/benchmark/latency_ms,54.079460
1779724920.379,/benchmark/latency_ms,53.713486
1779724920.422,/benchmark/latency_ms,54.874249
1779724920.467,/benchmark/latency_ms,55.664459
1779724920.513,/benchmark/latency_ms,57.190201
1779724920.560,/benchmark/latency_ms,59.084820
1779724920.605,/benchmark/latency_ms,60.660957
1779724920.661,/benchmark/latency_ms,62.321026
1779724920.695,/benchmark/latency_ms,64.296638
1779724920.742,/benchmark/latency_ms,52.949802
1779724920.788,/benchmark/latency_ms,52.859535
1779724920.832,/benchmark/latency_ms,52.120903
1779724920.875,/benchmark/latency_ms,52.716660
1779724920.934,/benchmark/latency_ms,53.080421
1779724920.964,/benchmark/latency_ms,52.291939
1779724921.009,/benchmark/latency_ms,52.978760
1779724921.055,/benchmark/latency_ms,69.581764
1779724921.101,/benchmark/latency_ms,55.228088
1779724921.146,/benchmark/latency_ms,58.558311
1779724921.192,/benchmark/latency_ms,60.233196
1779724921.248,/benchmark/latency_ms,62.030445
1779724921.284,/benchmark/latency_ms,63.449146
1779724921.329,/benchmark/latency_ms,52.253506
1779724921.387,/benchmark/latency_ms,53.175587
1779724921.433,/benchmark/latency_ms,53.976871
1779724921.463,/benchmark/latency_ms,54.264507
1779724921.507,/benchmark/latency_ms,55.014339
1779724921.553,/benchmark/latency_ms,54.798443
1779724921.597,/benchmark/latency_ms,55.352184
1779724921.643,/benchmark/latency_ms,55.542801
1779724921.685,/benchmark/latency_ms,55.844036
1779724921.731,/benchmark/latency_ms,56.804676
1779724921.778,/benchmark/latency_ms,59.967125
1779724921.838,/benchmark/latency_ms,62.662903
1779724921.871,/benchmark/latency_ms,64.093864
1779724921.930,/benchmark/latency_ms,53.124676
1779724921.961,/benchmark/latency_ms,53.853226
1779724922.008,/benchmark/latency_ms,56.998909
1779724922.053,/benchmark/latency_ms,58.562153
1779724922.100,/benchmark/latency_ms,60.487045
1779724922.143,/benchmark/latency_ms,60.854164
1779724922.189,/benchmark/latency_ms,62.528542
1779724922.235,/benchmark/latency_ms,50.578556
1779724922.280,/benchmark/latency_ms,66.365875
1779724922.338,/benchmark/latency_ms,52.501690
1779724922.370,/benchmark/latency_ms,54.668365
1779724922.415,/benchmark/latency_ms,56.038780
1779724922.461,/benchmark/latency_ms,56.642185
1779724922.505,/benchmark/latency_ms,57.850719
1779724922.563,/benchmark/latency_ms,58.745567
1779724922.606,/benchmark/latency_ms,59.562565
1779724922.651,/benchmark/latency_ms,60.877460
1779724922.696,/benchmark/latency_ms,62.340130
1779724922.729,/benchmark/latency_ms,63.253220
1779724922.774,/benchmark/latency_ms,64.334618
1779724922.820,/benchmark/latency_ms,49.653629
1779724922.865,/benchmark/latency_ms,50.930450
1779724922.908,/benchmark/latency_ms,51.314308
1779724922.954,/benchmark/latency_ms,51.279106
1779724923.000,/benchmark/latency_ms,53.042824
1779724923.044,/benchmark/latency_ms,55.012737
1779724923.091,/benchmark/latency_ms,54.881001
1779724923.145,/benchmark/latency_ms,55.562767
1779724923.180,/benchmark/latency_ms,57.013756
1779724923.237,/benchmark/latency_ms,58.768959
1779724923.269,/benchmark/latency_ms,60.491173
1779724923.329,/benchmark/latency_ms,62.633400
1779724923.361,/benchmark/latency_ms,63.999657
1779724923.407,/benchmark/latency_ms,50.474239
1779724923.453,/benchmark/latency_ms,51.344452
1779724923.497,/benchmark/latency_ms,52.619957
1779724923.542,/benchmark/latency_ms,52.730034
1779724923.587,/benchmark/latency_ms,53.370270
1779724923.632,/benchmark/latency_ms,54.344280
1779724923.689,/benchmark/latency_ms,65.927017
1779724923.745,/benchmark/latency_ms,63.545914
1779724923.797,/benchmark/latency_ms,72.236076
1779724923.853,/benchmark/latency_ms,68.098969
1779724923.911,/benchmark/latency_ms,64.041733
1779724923.963,/benchmark/latency_ms,72.700058
1779724924.028,/benchmark/latency_ms,66.535217
1779724924.075,/benchmark/latency_ms,65.081665
1779724924.132,/benchmark/latency_ms,76.069511
1779724924.189,/benchmark/latency_ms,70.857147
1779724924.245,/benchmark/latency_ms,66.206619
1779724924.298,/benchmark/latency_ms,59.775486
1779724924.351,/benchmark/latency_ms,57.718182
1779724924.402,/benchmark/latency_ms,57.881149
1779724924.453,/benchmark/latency_ms,58.083797
1779724924.504,/benchmark/latency_ms,57.605129
1779724924.556,/benchmark/latency_ms,57.462574
1779724924.609,/benchmark/latency_ms,57.466221
1779724924.657,/benchmark/latency_ms,57.175575
1779724924.707,/benchmark/latency_ms,57.990425
1779724924.760,/benchmark/latency_ms,59.333549
1779724924.812,/benchmark/latency_ms,58.776031
1779724924.866,/benchmark/latency_ms,60.747227
1779724924.918,/benchmark/latency_ms,62.755222
1779724924.971,/benchmark/latency_ms,65.135941
1779724925.038,/benchmark/latency_ms,67.511787
1779724925.076,/benchmark/latency_ms,67.530670
1779724925.130,/benchmark/latency_ms,67.629097
1779724925.180,/benchmark/latency_ms,68.268852
1779724925.230,/benchmark/latency_ms,67.421585
1779724925.283,/benchmark/latency_ms,66.979584
1779724925.332,/benchmark/latency_ms,66.513077
1779724925.397,/benchmark/latency_ms,66.511665
1779724925.446,/benchmark/latency_ms,66.829926
1779724925.487,/benchmark/latency_ms,67.007042
1779724925.537,/benchmark/latency_ms,66.839462
1779724925.592,/benchmark/latency_ms,66.803978
1779724925.637,/benchmark/latency_ms,66.765511
1779724925.691,/benchmark/latency_ms,66.998917
1779724925.744,/benchmark/latency_ms,67.387344
1779724925.792,/benchmark/latency_ms,67.548653
1779724925.844,/benchmark/latency_ms,67.366737
1779724925.897,/benchmark/latency_ms,56.834625
1779724925.950,/benchmark/latency_ms,58.058231
1779724926.003,/benchmark/latency_ms,57.570503
1779724926.056,/benchmark/latency_ms,59.563297
1779724926.107,/benchmark/latency_ms,58.643394
1779724926.157,/benchmark/latency_ms,56.301975
1779724926.206,/benchmark/latency_ms,56.693542
1779724926.258,/benchmark/latency_ms,56.390324
1779724926.310,/benchmark/latency_ms,57.690056
1779724926.363,/benchmark/latency_ms,57.873405
1779724926.414,/benchmark/latency_ms,57.566090
1779724926.467,/benchmark/latency_ms,58.917595
1779724926.521,/benchmark/latency_ms,58.322289
1779724926.574,/benchmark/latency_ms,59.300140
1779724926.631,/benchmark/latency_ms,55.433365
1779724926.672,/benchmark/latency_ms,67.907104
1779724926.724,/benchmark/latency_ms,67.676842
1779724926.775,/benchmark/latency_ms,67.715492
1779724926.827,/benchmark/latency_ms,66.528625
1779724926.877,/benchmark/latency_ms,66.246712
1779724926.928,/benchmark/latency_ms,65.526070
1779724926.977,/benchmark/latency_ms,65.066917
1779724927.029,/benchmark/latency_ms,65.082115
1779724927.074,/benchmark/latency_ms,60.065681
1779724927.127,/benchmark/latency_ms,60.173008
1779724927.178,/benchmark/latency_ms,59.784508
1779724927.230,/benchmark/latency_ms,59.437702
1779724927.283,/benchmark/latency_ms,59.211536
1779724927.337,/benchmark/latency_ms,58.740734
1779724927.386,/benchmark/latency_ms,57.703205
1779724927.450,/benchmark/latency_ms,59.475109
1779724927.492,/benchmark/latency_ms,61.147278
1779724927.544,/benchmark/latency_ms,60.081139
1779724927.607,/benchmark/latency_ms,61.858677
1779724927.649,/benchmark/latency_ms,63.971531
1779724927.702,/benchmark/latency_ms,65.675468
1779724927.749,/benchmark/latency_ms,61.086189
1779724927.802,/benchmark/latency_ms,61.445251
1779724927.855,/benchmark/latency_ms,63.763599
1779724927.911,/benchmark/latency_ms,66.032166
1779724927.962,/benchmark/latency_ms,66.009445
1779724928.012,/benchmark/latency_ms,66.671982
1779724928.064,/benchmark/latency_ms,65.463287
1779724928.116,/benchmark/latency_ms,64.996613
1779724928.170,/benchmark/latency_ms,64.667343
1779724928.213,/benchmark/latency_ms,60.177326
1779724928.265,/benchmark/latency_ms,59.785084
1779724928.329,/benchmark/latency_ms,59.618786
1779724928.369,/benchmark/latency_ms,60.001366
1779724928.420,/benchmark/latency_ms,59.908184
1779724928.473,/benchmark/latency_ms,61.322727
1779724928.523,/benchmark/latency_ms,60.632351
1779724928.577,/benchmark/latency_ms,60.701820
1779724928.626,/benchmark/latency_ms,60.763611
1779724928.687,/benchmark/latency_ms,56.817699
1779724928.725,/benchmark/latency_ms,56.339188
1779724928.778,/benchmark/latency_ms,58.473835
1779724928.833,/benchmark/latency_ms,59.888760
1779724928.883,/benchmark/latency_ms,59.651199
1779724928.935,/benchmark/latency_ms,59.699841
1779724928.989,/benchmark/latency_ms,59.260014
1779724929.038,/benchmark/latency_ms,59.022869
1779724929.091,/benchmark/latency_ms,59.223598
1779724929.144,/benchmark/latency_ms,61.400677
1779724929.197,/benchmark/latency_ms,63.099369
1779724929.261,/benchmark/latency_ms,65.264221
1779724929.303,/benchmark/latency_ms,67.303703
1779724929.352,/benchmark/latency_ms,64.825615
1779724929.406,/benchmark/latency_ms,67.077087
1779724929.459,/benchmark/latency_ms,67.322067
1779724929.510,/benchmark/latency_ms,66.418068
1779724929.566,/benchmark/latency_ms,68.897087
1779724929.619,/benchmark/latency_ms,56.752262
1779724929.666,/benchmark/latency_ms,57.038620
1779724929.720,/benchmark/latency_ms,59.025303
1779724929.784,/benchmark/latency_ms,59.083763
1779724929.825,/benchmark/latency_ms,59.500484
1779724929.878,/benchmark/latency_ms,59.757244
1779724929.930,/benchmark/latency_ms,61.622364
1779724929.986,/benchmark/latency_ms,64.370049
1779724930.026,/benchmark/latency_ms,55.731850
1779724930.080,/benchmark/latency_ms,56.529964
1779724930.129,/benchmark/latency_ms,55.913795
1779724930.182,/benchmark/latency_ms,56.131516
1779724930.233,/benchmark/latency_ms,55.702442
1779724930.284,/benchmark/latency_ms,67.846054
1779724930.334,/benchmark/latency_ms,66.995682
1779724930.388,/benchmark/latency_ms,69.421066
1779724930.440,/benchmark/latency_ms,58.108662
1779724930.485,/benchmark/latency_ms,50.462658
1779724930.537,/benchmark/latency_ms,62.796085
1779724930.591,/benchmark/latency_ms,64.505852
1779724930.644,/benchmark/latency_ms,66.438103
1779724930.696,/benchmark/latency_ms,68.622406
1779724930.749,/benchmark/latency_ms,56.967838
1779724930.802,/benchmark/latency_ms,58.595493
1779724930.868,/benchmark/latency_ms,59.837116
1779724930.907,/benchmark/latency_ms,59.858746
1779724930.955,/benchmark/latency_ms,56.987103
1779724931.007,/benchmark/latency_ms,57.919548
1779724931.060,/benchmark/latency_ms,57.819874
1779724931.113,/benchmark/latency_ms,58.183891
1779724931.162,/benchmark/latency_ms,57.846912
1779724931.215,/benchmark/latency_ms,57.321201
1779724931.262,/benchmark/latency_ms,55.990562
1779724931.316,/benchmark/latency_ms,55.771946
1779724931.369,/benchmark/latency_ms,68.674629
1779724931.418,/benchmark/latency_ms,54.993507
1779724931.471,/benchmark/latency_ms,67.002174
1779724931.524,/benchmark/latency_ms,66.321014
1779724931.584,/benchmark/latency_ms,65.450996
1779724931.625,/benchmark/latency_ms,64.749870
1779724931.678,/benchmark/latency_ms,64.344124
1779724931.727,/benchmark/latency_ms,63.692757
1779724931.777,/benchmark/latency_ms,63.409565
1779724931.830,/benchmark/latency_ms,63.250050
1779724931.877,/benchmark/latency_ms,60.004372
1779724931.942,/benchmark/latency_ms,59.536900
1779724931.980,/benchmark/latency_ms,58.986298
1779724932.034,/benchmark/latency_ms,58.395405
1779724932.083,/benchmark/latency_ms,58.180855
1779724932.136,/benchmark/latency_ms,57.567112
1779724932.201,/benchmark/latency_ms,56.314899
1779724932.237,/benchmark/latency_ms,55.796200
1779724932.291,/benchmark/latency_ms,68.031326
1779724932.349,/benchmark/latency_ms,63.717266
1779724932.391,/benchmark/latency_ms,65.228226
1779724932.443,/benchmark/latency_ms,66.755341
1779724932.509,/benchmark/latency_ms,68.441483
1779724932.557,/benchmark/latency_ms,65.482903
1779724932.598,/benchmark/latency_ms,67.012032
1779724932.650,/benchmark/latency_ms,66.531601
1779724932.700,/benchmark/latency_ms,65.834152
1779724932.753,/benchmark/latency_ms,64.945129
1779724932.807,/benchmark/latency_ms,65.007332
1779724932.858,/benchmark/latency_ms,63.261154
1779724932.906,/benchmark/latency_ms,62.366657
1779724932.959,/benchmark/latency_ms,61.750969
1779724933.009,/benchmark/latency_ms,59.688641
1779724933.058,/benchmark/latency_ms,58.540775
1779724933.108,/benchmark/latency_ms,57.443150
1779724933.163,/benchmark/latency_ms,57.326897
1779724933.213,/benchmark/latency_ms,56.878689
1779724933.260,/benchmark/latency_ms,53.446136
1779724933.314,/benchmark/latency_ms,67.776482
1779724933.367,/benchmark/latency_ms,69.227119
1779724933.418,/benchmark/latency_ms,56.239799
1779724933.468,/benchmark/latency_ms,66.819496
1779724933.532,/benchmark/latency_ms,65.477844
1779724933.572,/benchmark/latency_ms,66.027359
1779724933.625,/benchmark/latency_ms,66.146172
1779724933.677,/benchmark/latency_ms,65.039078
1779724933.726,/benchmark/latency_ms,65.568207
1779724933.779,/benchmark/latency_ms,65.044136
1779724933.829,/benchmark/latency_ms,64.554420
1779724933.893,/benchmark/latency_ms,64.237572
1779724933.942,/benchmark/latency_ms,62.883919
1779724933.983,/benchmark/latency_ms,63.111240
1779724934.037,/benchmark/latency_ms,63.446941
1779724934.085,/benchmark/latency_ms,62.671127
1779724934.138,/benchmark/latency_ms,62.615067
1779724934.192,/benchmark/latency_ms,62.533501
1779724934.240,/benchmark/latency_ms,61.956432
1779724934.293,/benchmark/latency_ms,61.359013
1779724934.342,/benchmark/latency_ms,60.768059
1779724934.393,/benchmark/latency_ms,59.421482
1779724934.443,/benchmark/latency_ms,58.712898
1779724934.509,/benchmark/latency_ms,57.809891
1779724934.546,/benchmark/latency_ms,57.420849
1779724934.599,/benchmark/latency_ms,56.473839
1779724934.645,/benchmark/latency_ms,65.673775
1779724934.697,/benchmark/latency_ms,66.973541
1779724934.751,/benchmark/latency_ms,67.234428
1779724934.801,/benchmark/latency_ms,66.370682
1779724934.853,/benchmark/latency_ms,65.840714
1779724934.905,/benchmark/latency_ms,66.279099
1779724934.958,/benchmark/latency_ms,65.947334
1779724935.009,/benchmark/latency_ms,64.763885
1779724935.060,/benchmark/latency_ms,64.885323
1779724935.106,/benchmark/latency_ms,60.787003
1779724935.160,/benchmark/latency_ms,60.537346
1779724935.212,/benchmark/latency_ms,59.915607
1779724935.261,/benchmark/latency_ms,60.013493
1779724935.312,/benchmark/latency_ms,58.799488
1779724935.364,/benchmark/latency_ms,58.444492
1779724935.415,/benchmark/latency_ms,57.562763
1779724935.469,/benchmark/latency_ms,56.807171
1779724935.518,/benchmark/latency_ms,56.588238
1779724935.577,/benchmark/latency_ms,52.091881
1779724935.619,/benchmark/latency_ms,66.572594
1779724935.671,/benchmark/latency_ms,65.863464
1779724935.725,/benchmark/latency_ms,67.697861
1779724935.777,/benchmark/latency_ms,66.900040
1779724935.828,/benchmark/latency_ms,66.059074
1779724935.881,/benchmark/latency_ms,63.071339
1779724935.933,/benchmark/latency_ms,62.710136
1779724935.985,/benchmark/latency_ms,60.660957
1779724936.050,/benchmark/latency_ms,57.590027
1779724936.087,/benchmark/latency_ms,67.416626
1779724936.139,/benchmark/latency_ms,63.942890
1779724936.189,/benchmark/latency_ms,60.939411
1779724936.255,/benchmark/latency_ms,58.186901
1779724936.291,/benchmark/latency_ms,68.460464
1779724936.344,/benchmark/latency_ms,66.877281
1779724936.398,/benchmark/latency_ms,62.972176
1779724936.448,/benchmark/latency_ms,59.619747
1779724936.498,/benchmark/latency_ms,69.432045
1779724936.550,/benchmark/latency_ms,67.054146
1779724936.601,/benchmark/latency_ms,65.837387
1779724936.654,/benchmark/latency_ms,65.012741
1779724936.704,/benchmark/latency_ms,63.109383
1779724936.756,/benchmark/latency_ms,61.683899
1779724936.809,/benchmark/latency_ms,63.007885
1779724936.861,/benchmark/latency_ms,64.961540
1779724936.914,/benchmark/latency_ms,65.457306
1779724936.967,/benchmark/latency_ms,65.096352
1779724937.017,/benchmark/latency_ms,65.008324
1779724937.070,/benchmark/latency_ms,63.337986
1779724937.118,/benchmark/latency_ms,62.194248
1779724937.168,/benchmark/latency_ms,59.942135
1779724937.218,/benchmark/latency_ms,58.371502
1779724937.272,/benchmark/latency_ms,57.493996
1779724937.321,/benchmark/latency_ms,69.082520
1779724937.375,/benchmark/latency_ms,68.604652
1779724937.448,/benchmark/latency_ms,74.957291
1779724937.489,/benchmark/latency_ms,59.647488
1779724937.542,/benchmark/latency_ms,60.129616
1779724937.592,/benchmark/latency_ms,59.374699
1779724937.641,/benchmark/latency_ms,54.197662
1779724937.691,/benchmark/latency_ms,66.486832
1779724937.742,/benchmark/latency_ms,64.872810
1779724937.794,/benchmark/latency_ms,64.235649
1779724937.856,/benchmark/latency_ms,63.319553
1779724937.897,/benchmark/latency_ms,62.309124
1779724937.948,/benchmark/latency_ms,60.897079
1779724937.998,/benchmark/latency_ms,59.732124
1779724938.051,/benchmark/latency_ms,58.979736
1779724938.107,/benchmark/latency_ms,51.559933
1779724938.147,/benchmark/latency_ms,65.151680
1779724938.201,/benchmark/latency_ms,66.016998
1779724938.253,/benchmark/latency_ms,64.887756
1779724938.303,/benchmark/latency_ms,64.445595
1779724938.355,/benchmark/latency_ms,63.265667
1779724938.405,/benchmark/latency_ms,63.085640
1779724938.456,/benchmark/latency_ms,63.135113
1779724938.518,/benchmark/latency_ms,63.965996
1779724938.555,/benchmark/latency_ms,62.411232
1779724938.609,/benchmark/latency_ms,63.415741
1779724938.659,/benchmark/latency_ms,63.760979
1779724938.711,/benchmark/latency_ms,63.833424
1779724938.764,/benchmark/latency_ms,66.726349
1779724938.816,/benchmark/latency_ms,56.501423
1779724938.870,/benchmark/latency_ms,56.254967
1779724938.920,/benchmark/latency_ms,56.864449
1779724938.970,/benchmark/latency_ms,58.034618
1779724939.022,/benchmark/latency_ms,56.988380
1779724939.072,/benchmark/latency_ms,57.498894
1779724939.123,/benchmark/latency_ms,56.923103
1779724939.186,/benchmark/latency_ms,57.804482
1779724939.238,/benchmark/latency_ms,59.539238
1779724939.284,/benchmark/latency_ms,57.598122
1779724939.324,/benchmark/latency_ms,58.163795
1779724939.377,/benchmark/latency_ms,57.926685
1779724939.427,/benchmark/latency_ms,58.394382
1779724939.480,/benchmark/latency_ms,59.241966
1779724939.529,/benchmark/latency_ms,60.239021
1779724939.595,/benchmark/latency_ms,59.572418
1779724939.631,/benchmark/latency_ms,59.374508
1779724939.682,/benchmark/latency_ms,60.078930
1779724939.731,/benchmark/latency_ms,58.242100
1779724939.782,/benchmark/latency_ms,58.671875
1779724939.847,/benchmark/latency_ms,58.961369
1779724939.885,/benchmark/latency_ms,59.284431
1779724939.938,/benchmark/latency_ms,59.822105
1779724939.988,/benchmark/latency_ms,60.208206
1779724940.052,/benchmark/latency_ms,59.849564
1779724940.092,/benchmark/latency_ms,60.394600
1779724940.144,/benchmark/latency_ms,61.338917
1779724940.186,/benchmark/latency_ms,54.293594
1779724940.237,/benchmark/latency_ms,68.853859
1779724940.291,/benchmark/latency_ms,55.269146
1779724940.339,/benchmark/latency_ms,55.579887
1779724940.391,/benchmark/latency_ms,56.791363
1779724940.445,/benchmark/latency_ms,57.699429
1779724940.493,/benchmark/latency_ms,57.808033
1779724940.546,/benchmark/latency_ms,58.703011
1779724940.599,/benchmark/latency_ms,59.757820
1779724940.647,/benchmark/latency_ms,60.269291
1779724940.700,/benchmark/latency_ms,60.952885
1779724940.761,/benchmark/latency_ms,59.810875
1779724940.814,/benchmark/latency_ms,60.436646
1779724940.852,/benchmark/latency_ms,60.467171
1779724940.901,/benchmark/latency_ms,57.656712
1779724940.952,/benchmark/latency_ms,58.013691
1779724941.003,/benchmark/latency_ms,57.651047
1779724941.057,/benchmark/latency_ms,57.370193
1779724941.107,/benchmark/latency_ms,58.189941
1779724941.157,/benchmark/latency_ms,58.861053
1779724941.209,/benchmark/latency_ms,58.220497
1779724941.260,/benchmark/latency_ms,58.190357
1779724941.314,/benchmark/latency_ms,61.530304
1779724941.361,/benchmark/latency_ms,57.620296
1779724941.411,/benchmark/latency_ms,58.266674
1779724941.463,/benchmark/latency_ms,58.500648
1779724941.515,/benchmark/latency_ms,57.663879
1779724941.565,/benchmark/latency_ms,58.546501
1779724941.618,/benchmark/latency_ms,59.975765
1779724941.671,/benchmark/latency_ms,59.645153
1779724941.718,/benchmark/latency_ms,58.866589
1779724941.771,/benchmark/latency_ms,59.742718
1779724941.830,/benchmark/latency_ms,55.557102
1779724941.868,/benchmark/latency_ms,56.093182
1779724941.920,/benchmark/latency_ms,55.730507
1779724941.972,/benchmark/latency_ms,55.527889
1779724942.022,/benchmark/latency_ms,56.768456
1779724942.070,/benchmark/latency_ms,54.011589
1779724942.123,/benchmark/latency_ms,69.355148
1779724942.179,/benchmark/latency_ms,58.472172
1779724942.232,/benchmark/latency_ms,61.110352
1779724942.280,/benchmark/latency_ms,61.091949
1779724942.333,/benchmark/latency_ms,62.936047
1779724942.397,/benchmark/latency_ms,64.899048
1779724942.439,/benchmark/latency_ms,67.702026
1779724942.492,/benchmark/latency_ms,58.166355
1779724942.544,/benchmark/latency_ms,58.209236
1779724942.598,/benchmark/latency_ms,58.560871
1779724942.648,/benchmark/latency_ms,60.453476
1779724942.703,/benchmark/latency_ms,63.921196
1779724942.752,/benchmark/latency_ms,62.896786
1779724942.817,/benchmark/latency_ms,67.014816
1779724942.858,/benchmark/latency_ms,57.473167
1779724942.912,/benchmark/latency_ms,60.920212
1779724942.965,/benchmark/latency_ms,63.399773
1779724943.018,/benchmark/latency_ms,67.504883
1779724943.071,/benchmark/latency_ms,58.150200
1779724943.124,/benchmark/latency_ms,61.615452
1779724943.177,/benchmark/latency_ms,64.926796
1779724943.230,/benchmark/latency_ms,66.746185
1779724943.283,/benchmark/latency_ms,68.103996
1779724943.332,/benchmark/latency_ms,69.923454
1779724943.395,/benchmark/latency_ms,57.730980
1779724943.436,/benchmark/latency_ms,58.598949
1779724943.488,/benchmark/latency_ms,60.832474
1779724943.539,/benchmark/latency_ms,60.783546
1779724943.591,/benchmark/latency_ms,62.350693
1779724943.642,/benchmark/latency_ms,63.845646
1779724943.688,/benchmark/latency_ms,61.571297
1779724943.741,/benchmark/latency_ms,62.298565
1779724943.792,/benchmark/latency_ms,63.109482
1779724943.842,/benchmark/latency_ms,63.658260
1779724943.898,/benchmark/latency_ms,67.254967
1779724943.959,/benchmark/latency_ms,57.074394
1779724944.000,/benchmark/latency_ms,57.140823
1779724944.049,/benchmark/latency_ms,57.484718
1779724944.102,/benchmark/latency_ms,59.079094
1779724944.150,/benchmark/latency_ms,58.104469
1779724944.203,/benchmark/latency_ms,59.077396
1779724944.254,/benchmark/latency_ms,59.251854
1779724944.307,/benchmark/latency_ms,61.307880
1779724944.356,/benchmark/latency_ms,62.441090
1779724944.408,/benchmark/latency_ms,64.964615
1779724944.461,/benchmark/latency_ms,65.101540
1779724944.511,/benchmark/latency_ms,66.096741
1779724944.561,/benchmark/latency_ms,66.591026
1779724944.618,/benchmark/latency_ms,49.116592
1779724944.660,/benchmark/latency_ms,62.509022
1779724944.712,/benchmark/latency_ms,65.599731
1779724944.775,/benchmark/latency_ms,66.926277
1779724944.816,/benchmark/latency_ms,68.359764
1779724944.867,/benchmark/latency_ms,58.151062
1779724944.918,/benchmark/latency_ms,58.996216
1779724944.971,/benchmark/latency_ms,61.768726
1779724945.024,/benchmark/latency_ms,66.000420
1779724945.069,/benchmark/latency_ms,50.210316
1779724945.134,/benchmark/latency_ms,65.317116
1779724945.175,/benchmark/latency_ms,68.355797
1779724945.226,/benchmark/latency_ms,56.443794
1779724945.281,/benchmark/latency_ms,60.475525
1779724945.336,/benchmark/latency_ms,64.264481
1779724945.389,/benchmark/latency_ms,67.040703
1779724945.440,/benchmark/latency_ms,57.205784
1779724945.492,/benchmark/latency_ms,58.176277
1779724945.540,/benchmark/latency_ms,58.176884
1779724945.595,/benchmark/latency_ms,62.166023
1779724945.649,/benchmark/latency_ms,64.312737
1779724945.702,/benchmark/latency_ms,67.411697
1779724945.756,/benchmark/latency_ms,58.221233
1779724945.809,/benchmark/latency_ms,60.181965
1779724945.861,/benchmark/latency_ms,61.859699
1779724945.910,/benchmark/latency_ms,62.680794
1779724945.963,/benchmark/latency_ms,64.171875
1779724946.020,/benchmark/latency_ms,61.905521
1779724946.061,/benchmark/latency_ms,62.360996
1779724946.113,/benchmark/latency_ms,63.755409
1779724946.161,/benchmark/latency_ms,63.935085
1779724946.215,/benchmark/latency_ms,65.551186
1779724946.270,/benchmark/latency_ms,67.418037
1779724946.317,/benchmark/latency_ms,68.145691
1779724946.370,/benchmark/latency_ms,57.547085
1779724946.424,/benchmark/latency_ms,61.343334
1779724946.475,/benchmark/latency_ms,62.398209
1779724946.537,/benchmark/latency_ms,63.519001
1779724946.579,/benchmark/latency_ms,63.677364
1779724946.628,/benchmark/latency_ms,65.351097
1779724946.683,/benchmark/latency_ms,68.160187
1779724946.735,/benchmark/latency_ms,71.073685
1779724946.786,/benchmark/latency_ms,59.280144
1779724946.838,/benchmark/latency_ms,62.353252
1779724946.893,/benchmark/latency_ms,63.908012
1779724946.952,/benchmark/latency_ms,61.975086
1779724946.995,/benchmark/latency_ms,64.363297
1779724947.047,/benchmark/latency_ms,66.854408
1779724947.101,/benchmark/latency_ms,67.822182
1779724947.154,/benchmark/latency_ms,58.413582
1779724947.204,/benchmark/latency_ms,61.300423
1779724947.257,/benchmark/latency_ms,65.008453
1779724947.308,/benchmark/latency_ms,67.195030
1779724947.362,/benchmark/latency_ms,56.649323
1779724947.420,/benchmark/latency_ms,56.153660
1779724947.459,/benchmark/latency_ms,57.406509
1779724947.511,/benchmark/latency_ms,59.686848
1779724947.563,/benchmark/latency_ms,63.689491
1779724947.616,/benchmark/latency_ms,66.388985
1779724947.667,/benchmark/latency_ms,56.160603
1779724947.720,/benchmark/latency_ms,58.326385
1779724947.774,/benchmark/latency_ms,62.220486
1779724947.829,/benchmark/latency_ms,66.675529
1779724947.880,/benchmark/latency_ms,56.705032
1779724947.932,/benchmark/latency_ms,60.904278
1779724947.985,/benchmark/latency_ms,65.111809
1779724948.039,/benchmark/latency_ms,68.683784
1779724948.088,/benchmark/latency_ms,56.298264
1779724948.141,/benchmark/latency_ms,58.866589
1779724948.192,/benchmark/latency_ms,62.517151
1779724948.246,/benchmark/latency_ms,66.692078
1779724948.298,/benchmark/latency_ms,55.786663
1779724948.352,/benchmark/latency_ms,58.575813
1779724948.404,/benchmark/latency_ms,61.893269
1779724948.455,/benchmark/latency_ms,65.632179
1779724948.507,/benchmark/latency_ms,67.661705
1779724948.555,/benchmark/latency_ms,52.521915
1779724948.608,/benchmark/latency_ms,67.358803
1779724948.658,/benchmark/latency_ms,56.039646
1779724948.712,/benchmark/latency_ms,57.835808
1779724948.764,/benchmark/latency_ms,61.349831
1779724948.815,/benchmark/latency_ms,65.380791
1779724948.868,/benchmark/latency_ms,68.632454
1779724948.922,/benchmark/latency_ms,58.269039
1779724948.974,/benchmark/latency_ms,62.614010
1779724949.032,/benchmark/latency_ms,59.595364
1779724949.072,/benchmark/latency_ms,62.168968
1779724949.127,/benchmark/latency_ms,64.030762
1779724949.176,/benchmark/latency_ms,66.111618
1779724949.228,/benchmark/latency_ms,55.623055
1779724949.281,/benchmark/latency_ms,59.253998
1779724949.335,/benchmark/latency_ms,62.965069
1779724949.387,/benchmark/latency_ms,66.811653
1779724949.443,/benchmark/latency_ms,57.303986
1779724949.488,/benchmark/latency_ms,55.347992
1779724949.540,/benchmark/latency_ms,59.038391
1779724949.604,/benchmark/latency_ms,61.138126
1779724949.645,/benchmark/latency_ms,64.627571
1779724949.696,/benchmark/latency_ms,67.254395
1779724949.750,/benchmark/latency_ms,58.427307
1779724949.803,/benchmark/latency_ms,62.234215
1779724949.856,/benchmark/latency_ms,66.075684
1779724949.905,/benchmark/latency_ms,55.623055
1779724949.966,/benchmark/latency_ms,53.694416
1779724950.019,/benchmark/latency_ms,57.644585
1779724950.063,/benchmark/latency_ms,61.387463
1779724950.127,/benchmark/latency_ms,65.104866
1779724950.168,/benchmark/latency_ms,67.715271
1779724950.232,/benchmark/latency_ms,58.411213
1779724950.273,/benchmark/latency_ms,62.501438
1779724950.326,/benchmark/latency_ms,66.309692
1779724950.378,/benchmark/latency_ms,57.618664
1779724950.429,/benchmark/latency_ms,57.594315
1779724950.483,/benchmark/latency_ms,61.776215
1779724950.536,/benchmark/latency_ms,65.524597
1779724950.586,/benchmark/latency_ms,67.563629
1779724950.640,/benchmark/latency_ms,58.580040
1779724950.694,/benchmark/latency_ms,62.525471
1779724950.747,/benchmark/latency_ms,66.067551
1779724950.801,/benchmark/latency_ms,55.616909
1779724950.853,/benchmark/latency_ms,59.639168
1779724950.902,/benchmark/latency_ms,60.824471
1779724950.957,/benchmark/latency_ms,64.574997
1779724951.008,/benchmark/latency_ms,66.423576
1779724951.060,/benchmark/latency_ms,56.029152
1779724951.111,/benchmark/latency_ms,60.279083
1779724951.163,/benchmark/latency_ms,63.400734
1779724951.219,/benchmark/latency_ms,67.418678
1779724951.274,/benchmark/latency_ms,59.337646
1779724951.326,/benchmark/latency_ms,62.832561
1779724951.379,/benchmark/latency_ms,68.882050
1779724951.431,/benchmark/latency_ms,58.410061
1779724951.481,/benchmark/latency_ms,60.607456
1779724951.533,/benchmark/latency_ms,62.327587
1779724951.583,/benchmark/latency_ms,62.733784
1779724951.635,/benchmark/latency_ms,65.757225
1779724951.690,/benchmark/latency_ms,57.349266
1779724951.742,/benchmark/latency_ms,61.105007
1779724951.796,/benchmark/latency_ms,65.679504
1779724951.848,/benchmark/latency_ms,67.277718
1779724951.897,/benchmark/latency_ms,56.180763
1779724951.952,/benchmark/latency_ms,60.385193
1779724952.006,/benchmark/latency_ms,64.179810
1779724952.051,/benchmark/latency_ms,62.160202
1779724952.104,/benchmark/latency_ms,64.650642
1779724952.166,/benchmark/latency_ms,66.439857
1779724952.208,/benchmark/latency_ms,57.071163
1779724952.272,/benchmark/latency_ms,59.705917
1779724952.314,/benchmark/latency_ms,63.070091
1779724952.365,/benchmark/latency_ms,65.289818
1779724952.414,/benchmark/latency_ms,66.987938
1779724952.467,/benchmark/latency_ms,56.170105
1779724952.522,/benchmark/latency_ms,60.158031
1779724952.574,/benchmark/latency_ms,63.800209
1779724952.624,/benchmark/latency_ms,67.280792
1779724952.678,/benchmark/latency_ms,56.716999
1779724952.732,/benchmark/latency_ms,60.402248
1779724952.783,/benchmark/latency_ms,64.760139
1779724952.836,/benchmark/latency_ms,66.491638
1779724952.889,/benchmark/latency_ms,55.352921
1779724952.939,/benchmark/latency_ms,59.378826
1779724952.993,/benchmark/latency_ms,60.120338
1779724953.044,/benchmark/latency_ms,64.693558
1779724953.097,/benchmark/latency_ms,68.170876
1779724953.150,/benchmark/latency_ms,59.416073
1779724953.214,/benchmark/latency_ms,62.547676
1779724953.256,/benchmark/latency_ms,67.456879
1779724953.309,/benchmark/latency_ms,56.218170
1779724953.363,/benchmark/latency_ms,59.999958
1779724953.415,/benchmark/latency_ms,63.528728
1779724953.457,/benchmark/latency_ms,58.144630
1779724953.510,/benchmark/latency_ms,60.773884
1779724953.562,/benchmark/latency_ms,62.885841
1779724953.616,/benchmark/latency_ms,64.004906
1779724953.665,/benchmark/latency_ms,66.446648
1779724953.730,/benchmark/latency_ms,57.357010
1779724953.771,/benchmark/latency_ms,61.250378
1779724953.823,/benchmark/latency_ms,65.057091
1779724953.876,/benchmark/latency_ms,67.213593
1779724953.926,/benchmark/latency_ms,55.042019
1779724953.979,/benchmark/latency_ms,59.432617
1779724954.032,/benchmark/latency_ms,63.092682
1779724954.087,/benchmark/latency_ms,68.834175
1779724954.144,/benchmark/latency_ms,62.533375
1779724954.198,/benchmark/latency_ms,65.130112
1779724954.249,/benchmark/latency_ms,69.251732
1779724954.315,/benchmark/latency_ms,60.010998
1779724954.356,/benchmark/latency_ms,64.021484
1779724954.406,/benchmark/latency_ms,63.039242
1779724954.457,/benchmark/latency_ms,64.594803
1779724954.507,/benchmark/latency_ms,65.924995
1779724954.559,/benchmark/latency_ms,55.361912
1779724954.612,/benchmark/latency_ms,56.958942
1779724954.663,/benchmark/latency_ms,59.762524
1779724954.718,/benchmark/latency_ms,63.379936
1779724954.771,/benchmark/latency_ms,67.317337
1779724954.823,/benchmark/latency_ms,59.276112
1779724954.878,/benchmark/latency_ms,61.449665
1779724954.928,/benchmark/latency_ms,65.076004
1779724954.991,/benchmark/latency_ms,66.949570
1779724955.031,/benchmark/latency_ms,58.449707
1779724955.085,/benchmark/latency_ms,61.984402
1779724955.139,/benchmark/latency_ms,64.800652
1779724955.191,/benchmark/latency_ms,68.091743
1779724955.241,/benchmark/latency_ms,57.578667
1779724955.294,/benchmark/latency_ms,61.289482
1779724955.347,/benchmark/latency_ms,62.162315
1779724955.398,/benchmark/latency_ms,65.389084
1779724955.449,/benchmark/latency_ms,67.473167
1779724955.502,/benchmark/latency_ms,56.656425
1779724955.555,/benchmark/latency_ms,60.524483
1779724955.608,/benchmark/latency_ms,63.114090
1779724955.661,/benchmark/latency_ms,66.653969
1779724955.724,/benchmark/latency_ms,68.289848
1779724955.766,/benchmark/latency_ms,59.969013
1779724955.815,/benchmark/latency_ms,60.008118
1779724955.867,/benchmark/latency_ms,63.778416
1779724955.922,/benchmark/latency_ms,67.575531
1779724955.972,/benchmark/latency_ms,56.489361
1779724956.026,/benchmark/latency_ms,58.330479
1779724956.075,/benchmark/latency_ms,61.021553
1779724956.131,/benchmark/latency_ms,64.939049
1779724956.182,/benchmark/latency_ms,66.218239
1779724956.231,/benchmark/latency_ms,55.556526
1779724956.280,/benchmark/latency_ms,53.660625
1779724956.330,/benchmark/latency_ms,66.163010
1779724956.384,/benchmark/latency_ms,66.720200
1779724956.434,/benchmark/latency_ms,56.387508
1779724956.487,/benchmark/latency_ms,58.599751
1779724956.540,/benchmark/latency_ms,59.598660
1779724956.591,/benchmark/latency_ms,61.464516
1779724956.642,/benchmark/latency_ms,63.632854
1779724956.697,/benchmark/latency_ms,65.240578
1779724956.739,/benchmark/latency_ms,59.835899
1779724956.792,/benchmark/latency_ms,62.624474
1779724956.845,/benchmark/latency_ms,65.226044
1779724956.899,/benchmark/latency_ms,67.771400
1779724956.948,/benchmark/latency_ms,68.240952
1779724957.002,/benchmark/latency_ms,68.747269
1779724957.056,/benchmark/latency_ms,56.811718
1779724957.104,/benchmark/latency_ms,57.025436
1779724957.155,/benchmark/latency_ms,58.166840
1779724957.206,/benchmark/latency_ms,59.258701
1779724957.255,/benchmark/latency_ms,59.548931
1779724957.310,/benchmark/latency_ms,58.987415
1779724957.359,/benchmark/latency_ms,59.589188
1779724957.409,/benchmark/latency_ms,60.616898
1779724957.456,/benchmark/latency_ms,57.435150
1779724957.507,/benchmark/latency_ms,58.213715
1779724957.560,/benchmark/latency_ms,58.016346
1779724957.612,/benchmark/latency_ms,59.016918
1779724957.661,/benchmark/latency_ms,59.850842
1779724957.712,/benchmark/latency_ms,60.055889
1779724957.765,/benchmark/latency_ms,60.102707
1779724957.815,/benchmark/latency_ms,60.831738
1779724957.867,/benchmark/latency_ms,61.415203
1779724957.917,/benchmark/latency_ms,62.469566
1779724957.972,/benchmark/latency_ms,63.136745
1779724958.021,/benchmark/latency_ms,63.072361
1779724958.070,/benchmark/latency_ms,63.341602
1779724958.123,/benchmark/latency_ms,63.847279
1779724958.168,/benchmark/latency_ms,61.028656
1779724958.221,/benchmark/latency_ms,61.601437
1779724958.271,/benchmark/latency_ms,61.506531
1779724958.324,/benchmark/latency_ms,61.823860
1779724958.373,/benchmark/latency_ms,62.955727
1779724958.424,/benchmark/latency_ms,63.349888
1779724958.477,/benchmark/latency_ms,63.510525
1779724958.531,/benchmark/latency_ms,63.524731
1779724958.579,/benchmark/latency_ms,64.072296
1779724958.631,/benchmark/latency_ms,65.191071
1779724958.679,/benchmark/latency_ms,65.297050
1779724958.733,/benchmark/latency_ms,65.329369
1779724958.782,/benchmark/latency_ms,65.877480
1779724958.846,/benchmark/latency_ms,66.301788
1779724958.887,/benchmark/latency_ms,64.124962
1779724958.946,/benchmark/latency_ms,63.648312
1779724958.986,/benchmark/latency_ms,64.004044
1779724959.037,/benchmark/latency_ms,63.862671
1779724959.092,/benchmark/latency_ms,64.478874
1779724959.140,/benchmark/latency_ms,64.745934
1779724959.193,/benchmark/latency_ms,64.746284
1779724959.241,/benchmark/latency_ms,65.229820
1779724959.293,/benchmark/latency_ms,66.139420
1779724959.345,/benchmark/latency_ms,65.647888
1779724959.396,/benchmark/latency_ms,66.777580
1779724959.451,/benchmark/latency_ms,56.618633
1779724959.502,/benchmark/latency_ms,59.061974
1779724959.556,/benchmark/latency_ms,60.884823
1779724959.610,/benchmark/latency_ms,63.427933
1779724959.662,/benchmark/latency_ms,65.956711
1779724959.712,/benchmark/latency_ms,65.859077
1779724959.766,/benchmark/latency_ms,65.976418
1779724959.817,/benchmark/latency_ms,65.669807
1779724959.871,/benchmark/latency_ms,66.636047
1779724959.920,/benchmark/latency_ms,66.309753
1779724959.971,/benchmark/latency_ms,67.186623
1779724960.024,/benchmark/latency_ms,58.073658
1779724960.087,/benchmark/latency_ms,57.644485
1779724960.128,/benchmark/latency_ms,59.934902
1779724960.182,/benchmark/latency_ms,63.045322
1779724960.233,/benchmark/latency_ms,65.772362
1779724960.286,/benchmark/latency_ms,56.026142
1779724960.341,/benchmark/latency_ms,59.455399
1779724960.391,/benchmark/latency_ms,61.627964
1779724960.445,/benchmark/latency_ms,64.625496
1779724960.495,/benchmark/latency_ms,66.153442
1779724960.536,/benchmark/latency_ms,45.442703
1779724960.577,/benchmark/latency_ms,49.097202
1779724960.620,/benchmark/latency_ms,53.045479
1779724960.661,/benchmark/latency_ms,47.279182
1779724960.704,/benchmark/latency_ms,52.110153
1779724960.745,/benchmark/latency_ms,56.838661
1779724960.787,/benchmark/latency_ms,50.216587
1779724960.831,/benchmark/latency_ms,55.033955
1779724960.872,/benchmark/latency_ms,48.948215
1779724960.914,/benchmark/latency_ms,54.196064
1779724960.957,/benchmark/latency_ms,46.912094
1779724960.999,/benchmark/latency_ms,53.550198
1779724961.043,/benchmark/latency_ms,47.712898
1779724961.087,/benchmark/latency_ms,52.624760
1779724961.129,/benchmark/latency_ms,58.025242
1779724961.168,/benchmark/latency_ms,50.192970
1779724961.221,/benchmark/latency_ms,55.157726
1779724961.251,/benchmark/latency_ms,47.946903
1779724961.295,/benchmark/latency_ms,55.602798
1779724961.341,/benchmark/latency_ms,62.334148
1779724961.388,/benchmark/latency_ms,52.919853
1779724961.433,/benchmark/latency_ms,55.260571
1779724961.481,/benchmark/latency_ms,57.653671
1779724961.527,/benchmark/latency_ms,61.461666
1779724961.570,/benchmark/latency_ms,64.444893
1779724961.616,/benchmark/latency_ms,55.477905
1779724961.664,/benchmark/latency_ms,59.736511
1779724961.711,/benchmark/latency_ms,63.566586
1779724961.756,/benchmark/latency_ms,53.811405
1779724961.808,/benchmark/latency_ms,59.324654
1779724961.864,/benchmark/latency_ms,62.901840
1779724961.905,/benchmark/latency_ms,53.961098
1779724961.948,/benchmark/latency_ms,57.764385
1779724961.992,/benchmark/latency_ms,60.872696
1779724962.050,/benchmark/latency_ms,64.620178
1779724962.085,/benchmark/latency_ms,54.111588
1779724962.132,/benchmark/latency_ms,57.696583
1779724962.190,/benchmark/latency_ms,62.274021
1779724962.228,/benchmark/latency_ms,53.298241
1779724962.273,/benchmark/latency_ms,56.996574
1779724962.319,/benchmark/latency_ms,60.399464
1779724962.376,/benchmark/latency_ms,63.249348
1779724962.413,/benchmark/latency_ms,54.352028
1779724962.460,/benchmark/latency_ms,57.295891
1779724962.504,/benchmark/latency_ms,59.606628
1779724962.552,/benchmark/latency_ms,64.707664
1779724962.611,/benchmark/latency_ms,54.988708
1779724962.647,/benchmark/latency_ms,58.569927
1779724962.692,/benchmark/latency_ms,62.167049
1779724962.739,/benchmark/latency_ms,52.254116
1779724962.784,/benchmark/latency_ms,53.957382
1779724962.830,/benchmark/latency_ms,57.619270
1779724962.887,/benchmark/latency_ms,60.783672
1779724962.923,/benchmark/latency_ms,65.209282
1779724962.968,/benchmark/latency_ms,53.916107
1779724963.026,/benchmark/latency_ms,55.844902
1779724963.061,/benchmark/latency_ms,59.357323
1779724963.106,/benchmark/latency_ms,62.305958
1779724963.154,/benchmark/latency_ms,52.414719
1779724963.201,/benchmark/latency_ms,55.142975
1779724963.245,/benchmark/latency_ms,57.659718
1779724963.292,/benchmark/latency_ms,61.159855
1779724963.338,/benchmark/latency_ms,64.008392
1779724963.386,/benchmark/latency_ms,54.160290
1779724963.432,/benchmark/latency_ms,56.907681
1779724963.477,/benchmark/latency_ms,59.329262
1779724963.523,/benchmark/latency_ms,63.882221
1779724963.569,/benchmark/latency_ms,53.246017
1779724963.615,/benchmark/latency_ms,56.345139
1779724963.664,/benchmark/latency_ms,61.171276
1779724963.709,/benchmark/latency_ms,63.680244
1779724963.756,/benchmark/latency_ms,54.395351
1779724963.802,/benchmark/latency_ms,57.992603
1779724963.851,/benchmark/latency_ms,61.772442
1779724963.894,/benchmark/latency_ms,64.788177
1779724963.943,/benchmark/latency_ms,53.128868
1779724963.986,/benchmark/latency_ms,55.160732
1779724964.033,/benchmark/latency_ms,58.507561
1779724964.078,/benchmark/latency_ms,61.665882
1779724964.127,/benchmark/latency_ms,53.382778
1779724964.171,/benchmark/latency_ms,56.500656
1779724964.219,/benchmark/latency_ms,59.973045
1779724964.277,/benchmark/latency_ms,64.853416
1779724964.314,/benchmark/latency_ms,54.926567
1779724964.359,/benchmark/latency_ms,58.221363
1779724964.407,/benchmark/latency_ms,61.164429
1779724964.453,/benchmark/latency_ms,64.284676
1779724964.497,/benchmark/latency_ms,52.875599
1779724964.542,/benchmark/latency_ms,55.835560
1779724964.588,/benchmark/latency_ms,59.093365
1779724964.635,/benchmark/latency_ms,62.558548
1779724964.681,/benchmark/latency_ms,52.266037
1779724964.738,/benchmark/latency_ms,54.484955
1779724964.784,/benchmark/latency_ms,57.483742
1779724964.820,/benchmark/latency_ms,60.488388
1779724964.864,/benchmark/latency_ms,63.546631
1779724964.909,/benchmark/latency_ms,52.253750
1779724964.955,/benchmark/latency_ms,54.090282
1779724965.002,/benchmark/latency_ms,57.749352
1779724965.048,/benchmark/latency_ms,60.600815
1779724965.094,/benchmark/latency_ms,63.440407
1779724965.141,/benchmark/latency_ms,54.253536
1779724965.187,/benchmark/latency_ms,55.990593
1779724965.237,/benchmark/latency_ms,61.436077
1779724965.283,/benchmark/latency_ms,64.791191
1779724965.328,/benchmark/latency_ms,53.306843
1779724965.373,/benchmark/latency_ms,56.325283
1779724965.432,/benchmark/latency_ms,59.132896
1779724965.466,/benchmark/latency_ms,62.715897
1779724965.513,/benchmark/latency_ms,53.011444
1779724965.558,/benchmark/latency_ms,55.775543
1779724965.605,/benchmark/latency_ms,58.391300
1779724965.651,/benchmark/latency_ms,61.281017
1779724965.696,/benchmark/latency_ms,65.146103
1779724965.742,/benchmark/latency_ms,53.850281
1779724965.788,/benchmark/latency_ms,56.734112
1779724965.835,/benchmark/latency_ms,59.801155
1779724965.882,/benchmark/latency_ms,62.880104
1779724965.928,/benchmark/latency_ms,53.591518
1779724965.976,/benchmark/latency_ms,55.636227
1779724966.020,/benchmark/latency_ms,59.120708
1779724966.066,/benchmark/latency_ms,62.139187
1779724966.111,/benchmark/latency_ms,64.516251
1779724966.158,/benchmark/latency_ms,52.715893
1779724966.203,/benchmark/latency_ms,56.405025
1779724966.251,/benchmark/latency_ms,59.339123
1779724966.298,/benchmark/latency_ms,63.385696
1779724966.342,/benchmark/latency_ms,50.629173
1779724966.389,/benchmark/latency_ms,52.583744
1779724966.437,/benchmark/latency_ms,56.820316
1779724966.480,/benchmark/latency_ms,59.781322
1779724966.527,/benchmark/latency_ms,62.132626
1779724966.572,/benchmark/latency_ms,49.430370
1779724966.618,/benchmark/latency_ms,52.823563
1779724966.662,/benchmark/latency_ms,54.372509
1779724966.711,/benchmark/latency_ms,72.906998
1779724966.756,/benchmark/latency_ms,63.254509
1779724966.801,/benchmark/latency_ms,51.543362
1779724966.852,/benchmark/latency_ms,56.760799
1779724966.897,/benchmark/latency_ms,59.901855
1779724966.947,/benchmark/latency_ms,62.559883
1779724966.991,/benchmark/latency_ms,50.194523
1779724967.036,/benchmark/latency_ms,50.565887
1779724967.081,/benchmark/latency_ms,52.321342
1779724967.128,/benchmark/latency_ms,68.948837
1779724967.174,/benchmark/latency_ms,57.222332
1779724967.217,/benchmark/latency_ms,58.829544
1779724967.262,/benchmark/latency_ms,59.750420
1779724967.310,/benchmark/latency_ms,61.728512
1779724967.354,/benchmark/latency_ms,64.197243
1779724967.403,/benchmark/latency_ms,52.149101
1779724967.448,/benchmark/latency_ms,53.693184
1779724967.502,/benchmark/latency_ms,54.368065
1779724967.536,/benchmark/latency_ms,56.106468
1779724967.583,/benchmark/latency_ms,57.889439
1779724967.628,/benchmark/latency_ms,59.403603
1779724967.672,/benchmark/latency_ms,60.764599
1779724967.720,/benchmark/latency_ms,62.514549
1779724967.763,/benchmark/latency_ms,64.192673
1779724967.809,/benchmark/latency_ms,50.999062
1779724967.853,/benchmark/latency_ms,51.649918
1779724967.898,/benchmark/latency_ms,52.476177
1779724967.946,/benchmark/latency_ms,53.814838
1779724967.987,/benchmark/latency_ms,53.933067
1779724968.033,/benchmark/latency_ms,56.006226
1779724968.080,/benchmark/latency_ms,57.593761
1779724968.125,/benchmark/latency_ms,59.762714
1779724968.171,/benchmark/latency_ms,61.885113
1779724968.215,/benchmark/latency_ms,63.287701
1779724968.262,/benchmark/latency_ms,52.151188
1779724968.318,/benchmark/latency_ms,52.306114
1779724968.354,/benchmark/latency_ms,54.430019
1779724968.395,/benchmark/latency_ms,55.058727
1779724968.441,/benchmark/latency_ms,56.546272
1779724968.488,/benchmark/latency_ms,59.379101
1779724968.536,/benchmark/latency_ms,64.900864
1779724968.585,/benchmark/latency_ms,55.710030
1779724968.630,/benchmark/latency_ms,59.118996
1779724968.676,/benchmark/latency_ms,63.011822
1779724968.726,/benchmark/latency_ms,54.650604
1779724968.772,/benchmark/latency_ms,57.193539
1779724968.819,/benchmark/latency_ms,60.850327
1779724968.863,/benchmark/latency_ms,64.406769
1779724968.911,/benchmark/latency_ms,53.810715
1779724968.956,/benchmark/latency_ms,56.785164
1779724969.003,/benchmark/latency_ms,59.266888
1779724969.047,/benchmark/latency_ms,62.470436
1779724969.095,/benchmark/latency_ms,52.913425
1779724969.142,/benchmark/latency_ms,55.650711
1779724969.187,/benchmark/latency_ms,58.776440
1779724969.234,/benchmark/latency_ms,61.968567
1779724969.281,/benchmark/latency_ms,52.042049
1779724969.327,/benchmark/latency_ms,54.264343
1779724969.372,/benchmark/latency_ms,57.280865
1779724969.419,/benchmark/latency_ms,60.814014
1779724969.464,/benchmark/latency_ms,62.599644
1779724969.509,/benchmark/latency_ms,50.917255
1779724969.553,/benchmark/latency_ms,53.916088
1779724969.599,/benchmark/latency_ms,55.977467
1779724969.644,/benchmark/latency_ms,58.377983
1779724969.688,/benchmark/latency_ms,60.343498
1779724969.734,/benchmark/latency_ms,62.844997
1779724969.781,/benchmark/latency_ms,52.788795
1779724969.826,/benchmark/latency_ms,55.275036
1779724969.872,/benchmark/latency_ms,58.875343
1779724969.920,/benchmark/latency_ms,61.515423
1779724969.965,/benchmark/latency_ms,51.331329
1779724970.011,/benchmark/latency_ms,53.575542
1779724970.055,/benchmark/latency_ms,55.310780
1779724970.102,/benchmark/latency_ms,58.510937
1779724970.148,/benchmark/latency_ms,60.497059
1779724970.192,/benchmark/latency_ms,63.950184
1779724970.239,/benchmark/latency_ms,53.191422
1779724970.295,/benchmark/latency_ms,55.009975
1779724970.332,/benchmark/latency_ms,58.317192
1779724970.376,/benchmark/latency_ms,60.505665
1779724970.421,/benchmark/latency_ms,63.756409
1779724970.468,/benchmark/latency_ms,53.902302
1779724970.511,/benchmark/latency_ms,55.872040
1779724970.561,/benchmark/latency_ms,59.053959
1779724970.602,/benchmark/latency_ms,61.605885
1779724970.650,/benchmark/latency_ms,64.376862
1779724970.695,/benchmark/latency_ms,52.746086
1779724970.744,/benchmark/latency_ms,56.526894
1779724970.789,/benchmark/latency_ms,59.162491
1779724970.836,/benchmark/latency_ms,61.830151
1779724970.883,/benchmark/latency_ms,51.570580
1779724970.926,/benchmark/latency_ms,54.073772
1779724970.973,/benchmark/latency_ms,56.759510
1779724971.019,/benchmark/latency_ms,61.130669
1779724971.065,/benchmark/latency_ms,62.885872
1779724971.109,/benchmark/latency_ms,51.525883
1779724971.154,/benchmark/latency_ms,53.425549
1779724971.199,/benchmark/latency_ms,54.919815
1779724971.246,/benchmark/latency_ms,57.425407
1779724971.292,/benchmark/latency_ms,61.979103
1779724971.341,/benchmark/latency_ms,51.528893
1779724971.384,/benchmark/latency_ms,54.374744
1779724971.432,/benchmark/latency_ms,57.046852
1779724971.477,/benchmark/latency_ms,59.686932
1779724971.522,/benchmark/latency_ms,62.360924
1779724971.570,/benchmark/latency_ms,52.550907
1779724971.616,/benchmark/latency_ms,54.884872
1779724971.660,/benchmark/latency_ms,57.779488
1779724971.706,/benchmark/latency_ms,61.134350
1779724971.749,/benchmark/latency_ms,63.060062
1779724971.801,/benchmark/latency_ms,53.885124
1779724971.846,/benchmark/latency_ms,55.793526
1779724971.890,/benchmark/latency_ms,58.108227
1779724971.936,/benchmark/latency_ms,60.453995
1779724971.981,/benchmark/latency_ms,61.883785
1779724972.028,/benchmark/latency_ms,52.225758
1779724972.074,/benchmark/latency_ms,54.394844
1779724972.117,/benchmark/latency_ms,57.098595
1779724972.165,/benchmark/latency_ms,60.457394
1779724972.210,/benchmark/latency_ms,62.945614
1779724972.256,/benchmark/latency_ms,52.894276
1779724972.301,/benchmark/latency_ms,55.245388
1779724972.347,/benchmark/latency_ms,57.622963
1779724972.393,/benchmark/latency_ms,60.423733
1779724972.438,/benchmark/latency_ms,62.588078
1779724972.486,/benchmark/latency_ms,51.413643
1779724972.530,/benchmark/latency_ms,53.276512
1779724972.574,/benchmark/latency_ms,54.881615
1779724972.619,/benchmark/latency_ms,57.829025
1779724972.665,/benchmark/latency_ms,60.248772
1779724972.711,/benchmark/latency_ms,63.244469
1779724972.761,/benchmark/latency_ms,54.504112
1779724972.804,/benchmark/latency_ms,55.552818
1779724972.852,/benchmark/latency_ms,58.690258
1779724972.898,/benchmark/latency_ms,62.589520
1779724972.945,/benchmark/latency_ms,51.315155
1779724972.989,/benchmark/latency_ms,53.634464
1779724973.038,/benchmark/latency_ms,58.519527
1779724973.082,/benchmark/latency_ms,61.118172
1779724973.129,/benchmark/latency_ms,63.536957
1779724973.173,/benchmark/latency_ms,51.763790
1779724973.218,/benchmark/latency_ms,53.288292
1779724973.265,/benchmark/latency_ms,57.112072
1779724973.315,/benchmark/latency_ms,63.285492
1779724973.373,/benchmark/latency_ms,52.823471
1779724973.409,/benchmark/latency_ms,57.165829
1779724973.455,/benchmark/latency_ms,60.146931
1779724973.501,/benchmark/latency_ms,62.693321
1779724973.548,/benchmark/latency_ms,52.078003
1779724973.592,/benchmark/latency_ms,53.561836
1779724973.637,/benchmark/latency_ms,55.193176
1779724973.684,/benchmark/latency_ms,58.334969
1779724973.729,/benchmark/latency_ms,60.517265
1779724973.775,/benchmark/latency_ms,63.819683
1779724973.821,/benchmark/latency_ms,53.136147
1779724973.866,/benchmark/latency_ms,55.325741
1779724973.911,/benchmark/latency_ms,58.290619
1779724973.958,/benchmark/latency_ms,60.880562
1779724974.002,/benchmark/latency_ms,63.830948
1779724974.047,/benchmark/latency_ms,51.367096
1779724974.094,/benchmark/latency_ms,52.206860
1779724974.137,/benchmark/latency_ms,54.230484
1779724974.181,/benchmark/latency_ms,55.820484
1779724974.227,/benchmark/latency_ms,58.603653
1779724974.274,/benchmark/latency_ms,62.383213
1779724974.319,/benchmark/latency_ms,51.509518
1779724974.365,/benchmark/latency_ms,52.125557
1779724974.408,/benchmark/latency_ms,52.651875
1779724974.452,/benchmark/latency_ms,52.792629
1779724974.495,/benchmark/latency_ms,52.229546
1779724974.539,/benchmark/latency_ms,52.287910
1779724974.584,/benchmark/latency_ms,53.312550
1779724974.630,/benchmark/latency_ms,53.745026
1779724974.674,/benchmark/latency_ms,56.138214
1779724974.719,/benchmark/latency_ms,58.900555
1779724974.776,/benchmark/latency_ms,61.522812
1779724974.811,/benchmark/latency_ms,51.688156
1779724974.856,/benchmark/latency_ms,53.609966
1779724974.905,/benchmark/latency_ms,55.158848
1779724974.948,/benchmark/latency_ms,57.864201
1779724974.992,/benchmark/latency_ms,73.984657
1779724975.039,/benchmark/latency_ms,63.242695
1779724975.085,/benchmark/latency_ms,51.353024
1779724975.130,/benchmark/latency_ms,54.925339
1779724975.175,/benchmark/latency_ms,58.111446
1779724975.224,/benchmark/latency_ms,62.576515
1779724975.271,/benchmark/latency_ms,53.351433
1779724975.315,/benchmark/latency_ms,55.927837
1779724975.361,/benchmark/latency_ms,58.232014
1779724975.408,/benchmark/latency_ms,62.849735
1779724975.455,/benchmark/latency_ms,52.733280
1779724975.501,/benchmark/latency_ms,55.740177
1779724975.546,/benchmark/latency_ms,58.634121
1779724975.596,/benchmark/latency_ms,63.649090
1779724975.641,/benchmark/latency_ms,53.665871
1779724975.690,/benchmark/latency_ms,58.085564
1779724975.734,/benchmark/latency_ms,60.634193
1779724975.780,/benchmark/latency_ms,63.559273
1779724975.826,/benchmark/latency_ms,53.798626
1779724975.874,/benchmark/latency_ms,55.991898
1779724975.918,/benchmark/latency_ms,58.424126
1779724975.963,/benchmark/latency_ms,61.410957
1779724976.011,/benchmark/latency_ms,64.498810
1779724976.056,/benchmark/latency_ms,52.130047
1779724976.101,/benchmark/latency_ms,54.040657
1779724976.156,/benchmark/latency_ms,56.957062
1779724976.192,/benchmark/latency_ms,61.138058
1779724976.237,/benchmark/latency_ms,63.433788
1779724976.282,/benchmark/latency_ms,51.244080
1779724976.328,/benchmark/latency_ms,54.041489
1779724976.374,/benchmark/latency_ms,57.287209
1779724976.421,/benchmark/latency_ms,59.910362
1779724976.467,/benchmark/latency_ms,64.716705
1779724976.516,/benchmark/latency_ms,54.272060
1779724976.559,/benchmark/latency_ms,56.667011
1779724976.605,/benchmark/latency_ms,59.363308
1779724976.651,/benchmark/latency_ms,62.801044
1779724976.697,/benchmark/latency_ms,50.800663
1779724976.744,/benchmark/latency_ms,55.137100
1779724976.789,/benchmark/latency_ms,57.505302
1779724976.839,/benchmark/latency_ms,64.769188
1779724976.886,/benchmark/latency_ms,54.117386
1779724976.935,/benchmark/latency_ms,57.612457
1779724976.980,/benchmark/latency_ms,61.149803
1779724977.026,/benchmark/latency_ms,63.927090
1779724977.070,/benchmark/latency_ms,51.213398
1779724977.115,/benchmark/latency_ms,53.447433
1779724977.162,/benchmark/latency_ms,56.572559
1779724977.208,/benchmark/latency_ms,61.133938
1779724977.266,/benchmark/latency_ms,62.502804
1779724977.302,/benchmark/latency_ms,52.487457
1779724977.345,/benchmark/latency_ms,54.976704
1779724977.392,/benchmark/latency_ms,57.290192
1779724977.437,/benchmark/latency_ms,60.998203
1779724977.485,/benchmark/latency_ms,65.288155
1779724977.533,/benchmark/latency_ms,55.144241
1779724977.579,/benchmark/latency_ms,58.408169
1779724977.624,/benchmark/latency_ms,61.811954
1779724977.670,/benchmark/latency_ms,64.668114
1779724977.718,/benchmark/latency_ms,55.173454
1779724977.763,/benchmark/latency_ms,57.322315
1779724977.810,/benchmark/latency_ms,60.581539
1779724977.855,/benchmark/latency_ms,63.430656
1779724977.903,/benchmark/latency_ms,52.385132
1779724977.949,/benchmark/latency_ms,56.350849
1779724977.994,/benchmark/latency_ms,58.439335
1779724978.039,/benchmark/latency_ms,61.680454
1779724978.087,/benchmark/latency_ms,52.073902
1779724978.134,/benchmark/latency_ms,55.427197
1779724978.179,/benchmark/latency_ms,58.162277
1779724978.223,/benchmark/latency_ms,60.531693
1779724978.271,/benchmark/latency_ms,63.449924
1779724978.316,/benchmark/latency_ms,53.248035
1779724978.362,/benchmark/latency_ms,55.698948
1779724978.409,/benchmark/latency_ms,57.791367
1779724978.451,/benchmark/latency_ms,60.642212
1779724978.500,/benchmark/latency_ms,63.386986
1779724978.544,/benchmark/latency_ms,53.082932
1779724978.591,/benchmark/latency_ms,54.692318
1779724978.637,/benchmark/latency_ms,57.420265
1779724978.681,/benchmark/latency_ms,59.847851
1779724978.726,/benchmark/latency_ms,62.948116
1779724978.773,/benchmark/latency_ms,52.718899
1779724978.818,/benchmark/latency_ms,54.490353
1779724978.863,/benchmark/latency_ms,56.992046
1779724978.908,/benchmark/latency_ms,58.460171
1779724978.954,/benchmark/latency_ms,61.034977
1779724979.002,/benchmark/latency_ms,63.583450
1779724979.045,/benchmark/latency_ms,51.844967
1779724979.092,/benchmark/latency_ms,55.745220
1779724979.138,/benchmark/latency_ms,58.491245
1779724979.184,/benchmark/latency_ms,61.715816
1779724979.230,/benchmark/latency_ms,51.498440
1779724979.275,/benchmark/latency_ms,52.773491
1779724979.320,/benchmark/latency_ms,54.617771
1779724979.365,/benchmark/latency_ms,56.998035
1779724979.413,/benchmark/latency_ms,59.845264
1779724979.458,/benchmark/latency_ms,62.343281
1779724979.504,/benchmark/latency_ms,52.354008
1779724979.550,/benchmark/latency_ms,53.862545
1779724979.593,/benchmark/latency_ms,55.890968
1779724979.639,/benchmark/latency_ms,59.025146
1779724979.684,/benchmark/latency_ms,61.489246
1779724979.731,/benchmark/latency_ms,51.767181
1779724979.778,/benchmark/latency_ms,52.896233
1779724979.821,/benchmark/latency_ms,54.156727
1779724979.866,/benchmark/latency_ms,56.219067
1779724979.911,/benchmark/latency_ms,58.629311
1779724979.956,/benchmark/latency_ms,61.511257
1779724980.002,/benchmark/latency_ms,50.764587
1779724980.048,/benchmark/latency_ms,52.767353
1779724980.094,/benchmark/latency_ms,57.456177
1779724980.142,/benchmark/latency_ms,59.598637
1779724980.189,/benchmark/latency_ms,63.941895
1779724980.231,/benchmark/latency_ms,51.071121
1779724980.280,/benchmark/latency_ms,54.313549
1779724980.324,/benchmark/latency_ms,57.235939
1779724980.369,/benchmark/latency_ms,59.548721
1779724980.415,/benchmark/latency_ms,62.647064
1779724980.462,/benchmark/latency_ms,52.496048
1779724980.506,/benchmark/latency_ms,54.257362
1779724980.554,/benchmark/latency_ms,57.595589
1779724980.598,/benchmark/latency_ms,60.027687
1779724980.644,/benchmark/latency_ms,62.837482
1779724980.691,/benchmark/latency_ms,52.318050
1779724980.736,/benchmark/latency_ms,54.134750
1779724980.783,/benchmark/latency_ms,56.727058
1779724980.828,/benchmark/latency_ms,59.231312
1779724980.873,/benchmark/latency_ms,62.413071
1779724980.920,/benchmark/latency_ms,52.233799
1779724980.965,/benchmark/latency_ms,54.151226
1779724981.021,/benchmark/latency_ms,56.947937
1779724981.055,/benchmark/latency_ms,59.623440
1779724981.101,/benchmark/latency_ms,61.831722
1779724981.147,/benchmark/latency_ms,50.672153
1779724981.194,/benchmark/latency_ms,52.816090
1779724981.241,/benchmark/latency_ms,57.553131
1779724981.286,/benchmark/latency_ms,60.060810
1779724981.330,/benchmark/latency_ms,63.085304
1779724981.376,/benchmark/latency_ms,51.891563
1779724981.421,/benchmark/latency_ms,54.239098
1779724981.466,/benchmark/latency_ms,57.558861
1779724981.516,/benchmark/latency_ms,61.193188
1779724981.560,/benchmark/latency_ms,64.131195
1779724981.607,/benchmark/latency_ms,53.625584
1779724981.653,/benchmark/latency_ms,56.802288
1779724981.711,/benchmark/latency_ms,60.409035
1779724981.745,/benchmark/latency_ms,63.458038
1779724981.794,/benchmark/latency_ms,53.764229
1779724981.839,/benchmark/latency_ms,56.165867
1779724981.884,/benchmark/latency_ms,58.993866
1779724981.932,/benchmark/latency_ms,62.752693
1779724981.978,/benchmark/latency_ms,53.370438
1779724982.026,/benchmark/latency_ms,55.902084
1779724982.070,/benchmark/latency_ms,59.349552
1779724982.117,/benchmark/latency_ms,62.739452
1779724982.164,/benchmark/latency_ms,53.293106
1779724982.213,/benchmark/latency_ms,58.442787
1779724982.258,/benchmark/latency_ms,61.599174
1779724982.305,/benchmark/latency_ms,64.383881
1779724982.349,/benchmark/latency_ms,52.622543
1779724982.394,/benchmark/latency_ms,53.767754
1779724982.441,/benchmark/latency_ms,56.777592
1779724982.486,/benchmark/latency_ms,61.018330
1779724982.532,/benchmark/latency_ms,63.993099
1779724982.579,/benchmark/latency_ms,52.836636
1779724982.622,/benchmark/latency_ms,54.699860
1779724982.669,/benchmark/latency_ms,57.909428
1779724982.715,/benchmark/latency_ms,61.209961
1779724982.760,/benchmark/latency_ms,63.665356
1779724982.806,/benchmark/latency_ms,52.549461
1779724982.851,/benchmark/latency_ms,53.828228
1779724982.897,/benchmark/latency_ms,56.912876
1779724982.946,/benchmark/latency_ms,60.085583
1779724982.989,/benchmark/latency_ms,63.396931
1779724983.036,/benchmark/latency_ms,53.995384
1779724983.083,/benchmark/latency_ms,55.940617
1779724983.128,/benchmark/latency_ms,58.904285
1779724983.176,/benchmark/latency_ms,64.460075
1779724983.223,/benchmark/latency_ms,52.982422
1779724983.268,/benchmark/latency_ms,55.374043
1779724983.316,/benchmark/latency_ms,60.166348
1779724983.361,/benchmark/latency_ms,63.896893
1779724983.409,/benchmark/latency_ms,54.636478
1779724983.467,/benchmark/latency_ms,57.358215
1779724983.502,/benchmark/latency_ms,61.187729
1779724983.549,/benchmark/latency_ms,64.035027
1779724983.593,/benchmark/latency_ms,53.046703
1779724983.640,/benchmark/latency_ms,56.167381
1779724983.687,/benchmark/latency_ms,59.563747
1779724983.747,/benchmark/latency_ms,66.786484
1779724983.802,/benchmark/latency_ms,76.058548
1779724983.856,/benchmark/latency_ms,72.755424
1779724983.913,/benchmark/latency_ms,69.862686
1779724983.977,/benchmark/latency_ms,65.783539
1779724803.899,/node/cpu_percent,37.185928
1779724804.394,/node/cpu_percent,44.000000
1779724804.892,/node/cpu_percent,40.609138
1779724805.392,/node/cpu_percent,28.282827
1779724805.892,/node/cpu_percent,31.077694
1779724806.392,/node/cpu_percent,40.404041
1779724806.895,/node/cpu_percent,48.743717
1779724807.392,/node/cpu_percent,37.878788
1779724807.892,/node/cpu_percent,35.516373
1779724808.393,/node/cpu_percent,36.523930
1779724808.894,/node/cpu_percent,34.693878
1779724809.392,/node/cpu_percent,36.708862
1779724809.891,/node/cpu_percent,35.353535
1779724810.392,/node/cpu_percent,34.860050
1779724810.892,/node/cpu_percent,36.683418
1779724811.392,/node/cpu_percent,36.616161
1779724811.892,/node/cpu_percent,35.353535
1779724812.394,/node/cpu_percent,34.771572
1779724812.894,/node/cpu_percent,34.183674
1779724813.392,/node/cpu_percent,36.683418
1779724813.892,/node/cpu_percent,35.949368
1779724814.392,/node/cpu_percent,36.294415
1779724814.895,/node/cpu_percent,36.363636
1779724815.393,/node/cpu_percent,36.500000
1779724815.893,/node/cpu_percent,40.954773
1779724816.394,/node/cpu_percent,42.025318
1779724816.892,/node/cpu_percent,50.757576
1779724817.393,/node/cpu_percent,44.191917
1779724817.895,/node/cpu_percent,35.175880
1779724818.392,/node/cpu_percent,35.443039
1779724818.893,/node/cpu_percent,34.271099
1779724819.393,/node/cpu_percent,35.641026
1779724819.894,/node/cpu_percent,35.114502
1779724820.393,/node/cpu_percent,36.090225
1779724820.893,/node/cpu_percent,35.427135
1779724821.393,/node/cpu_percent,34.351147
1779724821.893,/node/cpu_percent,34.358974
1779724822.395,/node/cpu_percent,36.724567
1779724822.895,/node/cpu_percent,35.623409
1779724823.393,/node/cpu_percent,36.294415
1779724823.897,/node/cpu_percent,36.272041
1779724824.392,/node/cpu_percent,35.606060
1779724824.893,/node/cpu_percent,34.673367
1779724825.393,/node/cpu_percent,35.696201
1779724825.893,/node/cpu_percent,36.020149
1779724826.393,/node/cpu_percent,39.847717
1779724826.894,/node/cpu_percent,49.874054
1779724827.392,/node/cpu_percent,39.798489
1779724827.895,/node/cpu_percent,36.020149
1779724828.393,/node/cpu_percent,35.877861
1779724828.893,/node/cpu_percent,35.696201
1779724829.393,/node/cpu_percent,37.531487
1779724829.893,/node/cpu_percent,36.040607
1779724830.393,/node/cpu_percent,35.204082
1779724830.893,/node/cpu_percent,35.910225
1779724831.393,/node/cpu_percent,35.443039
1779724831.894,/node/cpu_percent,36.340851
1779724832.393,/node/cpu_percent,36.591480
1779724832.893,/node/cpu_percent,35.279186
1779724833.395,/node/cpu_percent,36.040607
1779724833.896,/node/cpu_percent,35.696201
1779724834.393,/node/cpu_percent,37.500000
1779724834.895,/node/cpu_percent,35.025379
1779724835.393,/node/cpu_percent,35.750000
1779724835.893,/node/cpu_percent,35.101009
1779724836.395,/node/cpu_percent,41.206032
1779724836.895,/node/cpu_percent,49.363869
1779724837.393,/node/cpu_percent,39.698494
1779724837.894,/node/cpu_percent,36.159599
1779724838.393,/node/cpu_percent,35.353535
1779724838.894,/node/cpu_percent,35.949368
1779724839.393,/node/cpu_percent,36.111111
1779724839.895,/node/cpu_percent,34.517765
1779724840.394,/node/cpu_percent,35.949368
1779724840.894,/node/cpu_percent,34.328358
1779724841.394,/node/cpu_percent,33.078880
1779724841.895,/node/cpu_percent,33.919598
1779724842.396,/node/cpu_percent,33.248730
1779724842.892,/node/cpu_percent,34.000000
1779724843.394,/node/cpu_percent,35.353535
1779724843.894,/node/cpu_percent,33.501259
1779724844.394,/node/cpu_percent,33.750000
1779724844.895,/node/cpu_percent,33.753147
1779724845.398,/node/cpu_percent,34.750000
1779724845.895,/node/cpu_percent,34.085213
1779724846.396,/node/cpu_percent,37.783375
1779724846.894,/node/cpu_percent,49.250000
1779724847.397,/node/cpu_percent,39.042820
1779724847.895,/node/cpu_percent,32.911392
1779724848.393,/node/cpu_percent,33.333332
1779724848.895,/node/cpu_percent,34.335838
1779724849.394,/node/cpu_percent,34.673367
1779724849.894,/node/cpu_percent,34.090908
1779724850.396,/node/cpu_percent,33.080807
1779724850.895,/node/cpu_percent,33.080807
1779724851.396,/node/cpu_percent,32.741116
1779724851.896,/node/cpu_percent,33.333332
1779724852.397,/node/cpu_percent,33.333332
1779724852.895,/node/cpu_percent,33.583961
1779724853.394,/node/cpu_percent,34.090908
1779724853.895,/node/cpu_percent,34.335838
1779724854.395,/node/cpu_percent,33.585857
1779724854.897,/node/cpu_percent,34.517765
1779724855.395,/node/cpu_percent,33.333332
1779724855.895,/node/cpu_percent,33.670887
1779724856.395,/node/cpu_percent,38.790932
1779724856.895,/node/cpu_percent,47.607052
1779724857.394,/node/cpu_percent,39.185749
1779724857.895,/node/cpu_percent,34.760704
1779724858.394,/node/cpu_percent,32.911392
1779724858.895,/node/cpu_percent,34.422112
1779724859.396,/node/cpu_percent,33.417721
1779724859.896,/node/cpu_percent,32.487309
1779724860.395,/node/cpu_percent,33.249371
1779724860.895,/node/cpu_percent,32.824429
1779724861.396,/node/cpu_percent,33.919598
1779724861.895,/node/cpu_percent,34.090908
1779724862.395,/node/cpu_percent,33.670887
1779724862.895,/node/cpu_percent,33.163265
1779724863.395,/node/cpu_percent,34.010151
1779724863.895,/node/cpu_percent,37.027706
1779724864.395,/node/cpu_percent,42.346939
1779724864.895,/node/cpu_percent,41.250000
1779724865.395,/node/cpu_percent,29.367088
1779724865.896,/node/cpu_percent,29.081633
1779724866.395,/node/cpu_percent,40.554157
1779724866.895,/node/cpu_percent,50.500000
1779724867.396,/node/cpu_percent,39.949749
1779724867.895,/node/cpu_percent,35.264484
1779724868.394,/node/cpu_percent,35.606060
1779724868.895,/node/cpu_percent,36.708862
1779724869.396,/node/cpu_percent,36.734695
1779724869.895,/node/cpu_percent,35.516373
1779724870.395,/node/cpu_percent,35.516373
1779724870.896,/node/cpu_percent,35.279186
1779724871.395,/node/cpu_percent,36.934673
1779724871.898,/node/cpu_percent,38.345863
1779724872.395,/node/cpu_percent,36.250000
1779724872.895,/node/cpu_percent,34.837093
1779724873.396,/node/cpu_percent,35.443039
1779724873.895,/node/cpu_percent,36.159599
1779724874.398,/node/cpu_percent,36.111111
1779724874.897,/node/cpu_percent,35.532993
1779724875.396,/node/cpu_percent,34.860050
1779724875.897,/node/cpu_percent,39.042820
1779724876.397,/node/cpu_percent,42.713570
1779724876.895,/node/cpu_percent,51.139240
1779724877.395,/node/cpu_percent,43.181820
1779724877.895,/node/cpu_percent,36.090225
1779724878.395,/node/cpu_percent,35.338345
1779724878.895,/node/cpu_percent,34.693878
1779724879.396,/node/cpu_percent,36.000000
1779724879.896,/node/cpu_percent,35.189873
1779724880.397,/node/cpu_percent,35.858585
1779724880.896,/node/cpu_percent,36.159599
1779724881.395,/node/cpu_percent,34.760704
1779724881.896,/node/cpu_percent,34.430378
1779724882.397,/node/cpu_percent,35.839600
1779724882.901,/node/cpu_percent,35.025379
1779724883.396,/node/cpu_percent,35.696201
1779724883.897,/node/cpu_percent,35.353535
1779724884.396,/node/cpu_percent,35.175880
1779724884.897,/node/cpu_percent,33.587788
1779724885.396,/node/cpu_percent,35.264484
1779724885.896,/node/cpu_percent,35.012596
1779724886.396,/node/cpu_percent,40.554157
1779724886.898,/node/cpu_percent,50.000000
1779724887.396,/node/cpu_percent,39.746834
1779724887.896,/node/cpu_percent,36.000000
1779724888.395,/node/cpu_percent,34.263958
1779724888.901,/node/cpu_percent,35.786800
1779724889.398,/node/cpu_percent,36.111111
1779724889.896,/node/cpu_percent,35.516373
1779724890.397,/node/cpu_percent,34.693878
1779724890.897,/node/cpu_percent,35.189873
1779724891.397,/node/cpu_percent,35.427135
1779724891.897,/node/cpu_percent,35.025379
1779724892.396,/node/cpu_percent,34.924622
1779724892.898,/node/cpu_percent,34.760704
1779724893.399,/node/cpu_percent,36.363636
1779724893.896,/node/cpu_percent,34.936710
1779724894.397,/node/cpu_percent,38.403992
1779724894.898,/node/cpu_percent,35.101009
1779724895.396,/node/cpu_percent,34.673367
1779724895.897,/node/cpu_percent,34.912720
1779724896.397,/node/cpu_percent,38.888889
1779724896.897,/node/cpu_percent,47.193878
1779724897.401,/node/cpu_percent,38.987343
1779724897.899,/node/cpu_percent,35.175880
1779724898.395,/node/cpu_percent,34.351147
1779724898.898,/node/cpu_percent,36.591480
1779724899.396,/node/cpu_percent,35.786800
1779724899.897,/node/cpu_percent,35.101009
1779724900.397,/node/cpu_percent,35.175880
1779724900.897,/node/cpu_percent,32.914574
1779724901.397,/node/cpu_percent,32.745590
1779724901.897,/node/cpu_percent,32.832081
1779724902.397,/node/cpu_percent,31.979696
1779724902.896,/node/cpu_percent,32.745590
1779724903.397,/node/cpu_percent,33.165829
1779724903.898,/node/cpu_percent,32.493702
1779724904.398,/node/cpu_percent,33.668343
1779724904.897,/node/cpu_percent,32.832081
1779724905.397,/node/cpu_percent,32.745590
1779724905.897,/node/cpu_percent,33.000000
1779724906.397,/node/cpu_percent,37.150127
1779724906.898,/node/cpu_percent,48.614609
1779724907.399,/node/cpu_percent,38.578682
1779724907.897,/node/cpu_percent,32.911392
1779724908.396,/node/cpu_percent,32.828281
1779724908.900,/node/cpu_percent,33.585857
1779724909.397,/node/cpu_percent,34.595959
1779724909.900,/node/cpu_percent,33.753147
1779724910.398,/node/cpu_percent,32.911392
1779724910.897,/node/cpu_percent,33.417084
1779724911.398,/node/cpu_percent,33.501259
1779724911.898,/node/cpu_percent,33.249371
1779724912.398,/node/cpu_percent,33.080807
1779724912.900,/node/cpu_percent,33.249371
1779724913.398,/node/cpu_percent,33.078880
1779724913.898,/node/cpu_percent,32.828281
1779724914.398,/node/cpu_percent,32.487309
1779724914.898,/node/cpu_percent,34.005039
1779724915.399,/node/cpu_percent,33.583961
1779724915.899,/node/cpu_percent,32.914574
1779724916.399,/node/cpu_percent,38.095238
1779724916.899,/node/cpu_percent,47.088608
1779724917.398,/node/cpu_percent,38.676846
1779724917.898,/node/cpu_percent,34.595959
1779724918.397,/node/cpu_percent,33.082706
1779724918.898,/node/cpu_percent,34.085213
1779724919.399,/node/cpu_percent,32.142857
1779724919.898,/node/cpu_percent,33.167084
1779724920.398,/node/cpu_percent,32.493702
1779724920.898,/node/cpu_percent,32.914574
1779724921.398,/node/cpu_percent,33.250000
1779724921.899,/node/cpu_percent,34.500000
1779724922.398,/node/cpu_percent,32.487309
1779724922.898,/node/cpu_percent,32.493702
1779724923.398,/node/cpu_percent,33.583961
1779724923.898,/node/cpu_percent,34.517765
1779724924.397,/node/cpu_percent,42.964825
1779724924.898,/node/cpu_percent,41.457287
1779724925.400,/node/cpu_percent,28.934010
1779724925.901,/node/cpu_percent,28.140703
1779724926.397,/node/cpu_percent,39.694656
1779724926.898,/node/cpu_percent,49.494949
1779724927.398,/node/cpu_percent,39.195980
1779724927.898,/node/cpu_percent,34.673367
1779724928.396,/node/cpu_percent,33.670887
1779724928.898,/node/cpu_percent,36.455696
1779724929.398,/node/cpu_percent,37.027706
1779724929.898,/node/cpu_percent,36.842106
1779724930.398,/node/cpu_percent,34.335838
1779724930.897,/node/cpu_percent,34.605598
1779724931.398,/node/cpu_percent,35.025379
1779724931.898,/node/cpu_percent,34.860050
1779724932.398,/node/cpu_percent,35.516373
1779724932.897,/node/cpu_percent,34.936710
1779724933.397,/node/cpu_percent,34.848484
1779724933.897,/node/cpu_percent,34.343433
1779724934.397,/node/cpu_percent,35.012596
1779724934.897,/node/cpu_percent,35.768261
1779724935.397,/node/cpu_percent,35.443039
1779724935.897,/node/cpu_percent,36.842106
1779724936.401,/node/cpu_percent,44.274811
1779724936.897,/node/cpu_percent,50.251255
1779724937.402,/node/cpu_percent,41.396507
1779724937.898,/node/cpu_percent,35.459183
1779724938.396,/node/cpu_percent,35.012596
1779724938.898,/node/cpu_percent,35.949368
1779724939.397,/node/cpu_percent,34.912720
1779724939.897,/node/cpu_percent,34.005039
1779724940.397,/node/cpu_percent,34.256927
1779724940.897,/node/cpu_percent,35.175880
1779724941.397,/node/cpu_percent,34.517765
1779724941.897,/node/cpu_percent,34.936710
1779724942.397,/node/cpu_percent,35.012596
1779724942.898,/node/cpu_percent,36.683418
1779724943.399,/node/cpu_percent,35.204082
1779724943.900,/node/cpu_percent,34.177216
1779724944.397,/node/cpu_percent,35.264484
1779724944.897,/node/cpu_percent,36.340851
1779724945.396,/node/cpu_percent,36.180904
1779724945.899,/node/cpu_percent,35.175880
1779724946.398,/node/cpu_percent,38.931297
1779724946.897,/node/cpu_percent,49.246231
1779724947.397,/node/cpu_percent,42.065491
1779724947.897,/node/cpu_percent,36.616161
1779724948.396,/node/cpu_percent,36.591480
1779724948.897,/node/cpu_percent,36.868687
1779724949.397,/node/cpu_percent,36.202530
1779724949.897,/node/cpu_percent,34.683544
1779724950.397,/node/cpu_percent,35.087719
1779724950.897,/node/cpu_percent,36.340851
1779724951.397,/node/cpu_percent,36.934673
1779724951.899,/node/cpu_percent,36.523930
1779724952.398,/node/cpu_percent,35.949368
1779724952.898,/node/cpu_percent,35.750000
1779724953.397,/node/cpu_percent,35.443039
1779724953.898,/node/cpu_percent,35.353535
1779724954.396,/node/cpu_percent,37.531487
1779724954.898,/node/cpu_percent,35.279186
1779724955.400,/node/cpu_percent,35.768261
1779724955.898,/node/cpu_percent,35.929649
1779724956.399,/node/cpu_percent,39.240505
1779724956.901,/node/cpu_percent,48.477158
1779724957.398,/node/cpu_percent,38.227848
1779724957.898,/node/cpu_percent,34.673367
1779724958.397,/node/cpu_percent,34.430378
1779724958.898,/node/cpu_percent,36.455696
1779724959.398,/node/cpu_percent,36.523930
1779724959.898,/node/cpu_percent,35.786800
1779724960.398,/node/cpu_percent,35.606060
1779724960.898,/node/cpu_percent,32.405064
1779724961.396,/node/cpu_percent,33.078880
1779724961.898,/node/cpu_percent,34.250000
1779724962.398,/node/cpu_percent,33.164558
1779724962.897,/node/cpu_percent,33.164558
1779724963.399,/node/cpu_percent,33.670887
1779724963.897,/node/cpu_percent,33.668343
1779724964.399,/node/cpu_percent,33.585857
1779724964.898,/node/cpu_percent,33.249371
1779724965.400,/node/cpu_percent,33.919598
1779724965.899,/node/cpu_percent,33.583961
1779724966.398,/node/cpu_percent,38.250000
1779724966.899,/node/cpu_percent,48.492462
1779724967.398,/node/cpu_percent,38.790932
1779724967.901,/node/cpu_percent,33.165829
1779724968.398,/node/cpu_percent,33.417084
1779724968.899,/node/cpu_percent,34.090908
1779724969.399,/node/cpu_percent,34.683544
1779724969.899,/node/cpu_percent,33.249371
1779724970.399,/node/cpu_percent,32.745590
1779724970.899,/node/cpu_percent,32.828281
1779724971.399,/node/cpu_percent,33.249371
1779724971.900,/node/cpu_percent,33.080807
1779724972.399,/node/cpu_percent,32.914574
1779724972.901,/node/cpu_percent,33.333332
1779724973.401,/node/cpu_percent,33.333332
1779724973.899,/node/cpu_percent,32.997482
1779724974.401,/node/cpu_percent,32.997482
1779724974.899,/node/cpu_percent,33.248730
1779724975.400,/node/cpu_percent,33.080807
1779724975.900,/node/cpu_percent,33.417084
1779724976.401,/node/cpu_percent,37.783375
1779724976.901,/node/cpu_percent,46.969696
1779724977.399,/node/cpu_percent,39.898991
1779724977.899,/node/cpu_percent,35.606060
1779724978.399,/node/cpu_percent,33.417084
1779724978.900,/node/cpu_percent,33.248730
1779724979.399,/node/cpu_percent,33.665836
1779724979.899,/node/cpu_percent,32.658226
1779724980.400,/node/cpu_percent,33.500000
1779724980.899,/node/cpu_percent,32.487309
1779724981.400,/node/cpu_percent,32.997482
1779724981.899,/node/cpu_percent,34.335838
1779724982.400,/node/cpu_percent,34.000000
1779724982.900,/node/cpu_percent,33.249371
1779724983.401,/node/cpu_percent,34.422112
1779724983.900,/node/cpu_percent,34.090908
1779724803.901,/node/gpu_percent,99.199997
1779724804.396,/node/gpu_percent,99.099998
1779724804.895,/node/gpu_percent,99.400002
1779724805.394,/node/gpu_percent,99.800003
1779724805.894,/node/gpu_percent,99.000000
1779724806.395,/node/gpu_percent,99.400002
1779724806.896,/node/gpu_percent,98.900002
1779724807.395,/node/gpu_percent,99.000000
1779724807.897,/node/gpu_percent,99.400002
1779724808.394,/node/gpu_percent,99.199997
1779724808.894,/node/gpu_percent,98.800003
1779724809.394,/node/gpu_percent,99.400002
1779724809.894,/node/gpu_percent,99.300003
1779724810.395,/node/gpu_percent,98.699997
1779724810.894,/node/gpu_percent,99.300003
1779724811.394,/node/gpu_percent,98.800003
1779724811.897,/node/gpu_percent,99.400002
1779724812.394,/node/gpu_percent,99.400002
1779724812.894,/node/gpu_percent,99.199997
1779724813.394,/node/gpu_percent,99.400002
1779724813.898,/node/gpu_percent,99.400002
1779724814.395,/node/gpu_percent,99.400002
1779724814.897,/node/gpu_percent,99.300003
1779724815.397,/node/gpu_percent,98.800003
1779724815.896,/node/gpu_percent,88.300003
1779724816.395,/node/gpu_percent,99.400002
1779724816.896,/node/gpu_percent,99.099998
1779724817.396,/node/gpu_percent,99.500000
1779724817.897,/node/gpu_percent,98.800003
1779724818.394,/node/gpu_percent,99.300003
1779724818.896,/node/gpu_percent,79.000000
1779724819.396,/node/gpu_percent,99.199997
1779724819.895,/node/gpu_percent,99.400002
1779724820.396,/node/gpu_percent,98.800003
1779724820.896,/node/gpu_percent,99.400002
1779724821.396,/node/gpu_percent,99.400002
1779724821.895,/node/gpu_percent,99.400002
1779724822.396,/node/gpu_percent,99.500000
1779724822.895,/node/gpu_percent,99.099998
1779724823.396,/node/gpu_percent,99.400002
1779724823.899,/node/gpu_percent,99.300003
1779724824.396,/node/gpu_percent,99.400002
1779724824.897,/node/gpu_percent,99.500000
1779724825.397,/node/gpu_percent,98.300003
1779724825.896,/node/gpu_percent,99.400002
1779724826.396,/node/gpu_percent,99.400002
1779724826.896,/node/gpu_percent,99.000000
1779724827.395,/node/gpu_percent,99.199997
1779724827.898,/node/gpu_percent,98.800003
1779724828.394,/node/gpu_percent,99.400002
1779724828.896,/node/gpu_percent,99.500000
1779724829.396,/node/gpu_percent,98.900002
1779724829.896,/node/gpu_percent,99.199997
1779724830.397,/node/gpu_percent,99.199997
1779724830.895,/node/gpu_percent,98.800003
1779724831.395,/node/gpu_percent,99.400002
1779724831.900,/node/gpu_percent,99.000000
1779724832.395,/node/gpu_percent,96.400002
1779724832.899,/node/gpu_percent,99.199997
1779724833.396,/node/gpu_percent,98.800003
1779724833.897,/node/gpu_percent,99.400002
1779724834.395,/node/gpu_percent,98.800003
1779724834.896,/node/gpu_percent,99.199997
1779724835.395,/node/gpu_percent,99.099998
1779724835.897,/node/gpu_percent,99.000000
1779724836.395,/node/gpu_percent,99.400002
1779724836.896,/node/gpu_percent,98.900002
1779724837.398,/node/gpu_percent,99.400002
1779724837.897,/node/gpu_percent,98.800003
1779724838.393,/node/gpu_percent,99.400002
1779724838.899,/node/gpu_percent,99.300003
1779724839.399,/node/gpu_percent,99.400002
1779724839.896,/node/gpu_percent,99.400002
1779724840.397,/node/gpu_percent,59.900002
1779724840.898,/node/gpu_percent,57.599998
1779724841.396,/node/gpu_percent,6.400000
1779724841.899,/node/gpu_percent,0.000000
1779724842.397,/node/gpu_percent,0.000000
1779724842.894,/node/gpu_percent,24.900000
1779724843.396,/node/gpu_percent,2.700000
1779724843.897,/node/gpu_percent,64.000000
1779724844.396,/node/gpu_percent,14.100000
1779724844.898,/node/gpu_percent,3.300000
1779724845.398,/node/gpu_percent,65.300003
1779724845.898,/node/gpu_percent,62.099998
1779724846.397,/node/gpu_percent,69.099998
1779724846.898,/node/gpu_percent,73.500000
1779724847.397,/node/gpu_percent,0.000000
1779724847.897,/node/gpu_percent,0.000000
1779724848.394,/node/gpu_percent,0.000000
1779724848.898,/node/gpu_percent,14.000000
1779724849.396,/node/gpu_percent,11.500000
1779724849.898,/node/gpu_percent,93.500000
1779724850.397,/node/gpu_percent,84.800003
1779724850.899,/node/gpu_percent,23.500000
1779724851.397,/node/gpu_percent,51.099998
1779724851.898,/node/gpu_percent,72.599998
1779724852.397,/node/gpu_percent,10.000000
1779724852.898,/node/gpu_percent,6.800000
1779724853.399,/node/gpu_percent,48.500000
1779724853.903,/node/gpu_percent,70.400002
1779724854.399,/node/gpu_percent,7.100000
1779724854.898,/node/gpu_percent,0.000000
1779724855.398,/node/gpu_percent,17.299999
1779724855.899,/node/gpu_percent,30.900000
1779724856.398,/node/gpu_percent,22.100000
1779724856.897,/node/gpu_percent,35.599998
1779724857.398,/node/gpu_percent,2.700000
1779724857.899,/node/gpu_percent,40.599998
1779724858.395,/node/gpu_percent,26.400000
1779724858.897,/node/gpu_percent,1.600000
1779724859.399,/node/gpu_percent,76.000000
1779724859.904,/node/gpu_percent,74.000000
1779724860.398,/node/gpu_percent,30.000000
1779724860.897,/node/gpu_percent,55.900002
1779724861.397,/node/gpu_percent,70.000000
1779724861.898,/node/gpu_percent,0.000000
1779724862.397,/node/gpu_percent,0.000000
1779724862.898,/node/gpu_percent,89.699997
1779724863.399,/node/gpu_percent,71.699997
1779724863.897,/node/gpu_percent,99.400002
1779724864.398,/node/gpu_percent,99.800003
1779724864.900,/node/gpu_percent,99.599998
1779724865.397,/node/gpu_percent,99.800003
1779724865.898,/node/gpu_percent,99.300003
1779724866.398,/node/gpu_percent,99.400002
1779724866.897,/node/gpu_percent,99.400002
1779724867.397,/node/gpu_percent,98.900002
1779724867.898,/node/gpu_percent,99.400002
1779724868.395,/node/gpu_percent,98.099998
1779724868.898,/node/gpu_percent,99.000000
1779724869.397,/node/gpu_percent,99.400002
1779724869.896,/node/gpu_percent,99.400002
1779724870.401,/node/gpu_percent,99.199997
1779724870.899,/node/gpu_percent,78.300003
1779724871.400,/node/gpu_percent,99.199997
1779724871.900,/node/gpu_percent,98.900002
1779724872.397,/node/gpu_percent,99.300003
1779724872.897,/node/gpu_percent,99.300003
1779724873.399,/node/gpu_percent,98.800003
1779724873.897,/node/gpu_percent,79.099998
1779724874.399,/node/gpu_percent,99.199997
1779724874.897,/node/gpu_percent,99.099998
1779724875.397,/node/gpu_percent,99.099998
1779724875.898,/node/gpu_percent,98.800003
1779724876.399,/node/gpu_percent,99.400002
1779724876.900,/node/gpu_percent,98.800003
1779724877.398,/node/gpu_percent,99.400002
1779724877.901,/node/gpu_percent,99.000000
1779724878.398,/node/gpu_percent,99.099998
1779724878.899,/node/gpu_percent,99.099998
1779724879.405,/node/gpu_percent,98.699997
1779724879.899,/node/gpu_percent,99.099998
1779724880.397,/node/gpu_percent,98.699997
1779724880.899,/node/gpu_percent,99.199997
1779724881.398,/node/gpu_percent,99.199997
1779724881.899,/node/gpu_percent,99.099998
1779724882.397,/node/gpu_percent,99.199997
1779724882.902,/node/gpu_percent,99.000000
1779724883.400,/node/gpu_percent,99.000000
1779724883.898,/node/gpu_percent,99.400002
1779724884.400,/node/gpu_percent,99.500000
1779724884.901,/node/gpu_percent,99.099998
1779724885.400,/node/gpu_percent,99.500000
1779724885.901,/node/gpu_percent,81.199997
1779724886.399,/node/gpu_percent,99.000000
1779724886.901,/node/gpu_percent,99.400002
1779724887.398,/node/gpu_percent,98.800003
1779724887.899,/node/gpu_percent,99.199997
1779724888.397,/node/gpu_percent,99.500000
1779724888.901,/node/gpu_percent,99.000000
1779724889.400,/node/gpu_percent,95.000000
1779724889.899,/node/gpu_percent,99.400002
1779724890.399,/node/gpu_percent,99.400002
1779724890.900,/node/gpu_percent,99.000000
1779724891.399,/node/gpu_percent,99.400002
1779724891.898,/node/gpu_percent,99.400002
1779724892.401,/node/gpu_percent,99.400002
1779724892.899,/node/gpu_percent,99.400002
1779724893.399,/node/gpu_percent,99.500000
1779724893.898,/node/gpu_percent,98.800003
1779724894.402,/node/gpu_percent,99.400002
1779724894.901,/node/gpu_percent,98.699997
1779724895.398,/node/gpu_percent,98.800003
1779724895.902,/node/gpu_percent,98.800003
1779724896.400,/node/gpu_percent,99.500000
1779724896.900,/node/gpu_percent,99.500000
1779724897.404,/node/gpu_percent,98.800003
1779724897.902,/node/gpu_percent,98.800003
1779724898.397,/node/gpu_percent,98.800003
1779724898.898,/node/gpu_percent,99.500000
1779724899.398,/node/gpu_percent,99.400002
1779724899.902,/node/gpu_percent,99.400002
1779724900.400,/node/gpu_percent,99.500000
1779724900.900,/node/gpu_percent,0.800000
1779724901.400,/node/gpu_percent,43.099998
1779724901.900,/node/gpu_percent,1.600000
1779724902.401,/node/gpu_percent,23.500000
1779724902.897,/node/gpu_percent,0.000000
1779724903.401,/node/gpu_percent,19.700001
1779724903.900,/node/gpu_percent,0.000000
1779724904.399,/node/gpu_percent,32.099998
1779724904.899,/node/gpu_percent,32.099998
1779724905.400,/node/gpu_percent,67.900002
1779724905.900,/node/gpu_percent,52.500000
1779724906.401,/node/gpu_percent,71.099998
1779724906.903,/node/gpu_percent,3.300000
1779724907.400,/node/gpu_percent,0.000000
1779724907.899,/node/gpu_percent,0.000000
1779724908.398,/node/gpu_percent,42.700001
1779724908.903,/node/gpu_percent,32.900002
1779724909.399,/node/gpu_percent,86.599998
1779724909.902,/node/gpu_percent,90.800003
1779724910.401,/node/gpu_percent,27.000000
1779724910.900,/node/gpu_percent,39.299999
1779724911.404,/node/gpu_percent,70.599998
1779724911.903,/node/gpu_percent,0.000000
1779724912.403,/node/gpu_percent,21.200001
1779724912.901,/node/gpu_percent,25.400000
1779724913.401,/node/gpu_percent,2.800000
1779724913.901,/node/gpu_percent,4.500000
1779724914.402,/node/gpu_percent,35.599998
1779724914.901,/node/gpu_percent,13.200000
1779724915.402,/node/gpu_percent,69.400002
1779724915.900,/node/gpu_percent,36.400002
1779724916.399,/node/gpu_percent,80.900002
1779724916.900,/node/gpu_percent,51.900002
1779724917.401,/node/gpu_percent,2.300000
1779724917.903,/node/gpu_percent,59.400002
1779724918.398,/node/gpu_percent,0.000000
1779724918.900,/node/gpu_percent,38.400002
1779724919.401,/node/gpu_percent,0.000000
1779724919.902,/node/gpu_percent,13.700000
1779724920.401,/node/gpu_percent,4.500000
1779724920.902,/node/gpu_percent,62.299999
1779724921.400,/node/gpu_percent,10.800000
1779724921.901,/node/gpu_percent,63.900002
1779724922.400,/node/gpu_percent,16.600000
1779724922.901,/node/gpu_percent,91.400002
1779724923.402,/node/gpu_percent,51.700001
1779724923.903,/node/gpu_percent,98.500000
1779724924.403,/node/gpu_percent,99.699997
1779724924.901,/node/gpu_percent,99.500000
1779724925.401,/node/gpu_percent,99.800003
1779724925.903,/node/gpu_percent,99.099998
1779724926.399,/node/gpu_percent,99.000000
1779724926.903,/node/gpu_percent,99.099998
1779724927.399,/node/gpu_percent,99.400002
1779724927.900,/node/gpu_percent,98.800003
1779724928.398,/node/gpu_percent,99.400002
1779724928.903,/node/gpu_percent,84.699997
1779724929.401,/node/gpu_percent,99.199997
1779724929.903,/node/gpu_percent,99.400002
1779724930.402,/node/gpu_percent,99.500000
1779724930.900,/node/gpu_percent,99.000000
1779724931.399,/node/gpu_percent,78.599998
1779724931.902,/node/gpu_percent,99.199997
1779724932.401,/node/gpu_percent,99.300003
1779724932.900,/node/gpu_percent,98.900002
1779724933.399,/node/gpu_percent,99.400002
1779724933.899,/node/gpu_percent,99.400002
1779724934.401,/node/gpu_percent,83.199997
1779724934.901,/node/gpu_percent,98.800003
1779724935.399,/node/gpu_percent,98.800003
1779724935.901,/node/gpu_percent,99.400002
1779724936.403,/node/gpu_percent,99.300003
1779724936.899,/node/gpu_percent,99.400002
1779724937.402,/node/gpu_percent,78.400002
1779724937.899,/node/gpu_percent,99.400002
1779724938.398,/node/gpu_percent,98.800003
1779724938.901,/node/gpu_percent,99.099998
1779724939.400,/node/gpu_percent,99.500000
1779724939.900,/node/gpu_percent,99.500000
1779724940.400,/node/gpu_percent,94.099998
1779724940.902,/node/gpu_percent,98.900002
1779724941.401,/node/gpu_percent,98.800003
1779724941.900,/node/gpu_percent,99.500000
1779724942.401,/node/gpu_percent,99.400002
1779724942.901,/node/gpu_percent,98.900002
1779724943.400,/node/gpu_percent,99.500000
1779724943.902,/node/gpu_percent,78.800003
1779724944.400,/node/gpu_percent,99.000000
1779724944.900,/node/gpu_percent,99.000000
1779724945.398,/node/gpu_percent,99.400002
1779724945.901,/node/gpu_percent,99.000000
1779724946.401,/node/gpu_percent,99.199997
1779724946.901,/node/gpu_percent,99.300003
1779724947.399,/node/gpu_percent,98.800003
1779724947.900,/node/gpu_percent,99.400002
1779724948.399,/node/gpu_percent,98.800003
1779724948.900,/node/gpu_percent,99.000000
1779724949.401,/node/gpu_percent,99.300003
1779724949.899,/node/gpu_percent,98.699997
1779724950.401,/node/gpu_percent,99.500000
1779724950.902,/node/gpu_percent,98.900002
1779724951.400,/node/gpu_percent,99.400002
1779724951.900,/node/gpu_percent,99.000000
1779724952.401,/node/gpu_percent,98.900002
1779724952.901,/node/gpu_percent,99.300003
1779724953.400,/node/gpu_percent,99.000000
1779724953.901,/node/gpu_percent,99.400002
1779724954.398,/node/gpu_percent,98.800003
1779724954.901,/node/gpu_percent,99.400002
1779724955.401,/node/gpu_percent,98.800003
1779724955.900,/node/gpu_percent,99.199997
1779724956.400,/node/gpu_percent,99.500000
1779724956.903,/node/gpu_percent,99.000000
1779724957.399,/node/gpu_percent,98.800003
1779724957.901,/node/gpu_percent,99.400002
1779724958.398,/node/gpu_percent,77.800003
1779724958.900,/node/gpu_percent,99.400002
1779724959.400,/node/gpu_percent,99.099998
1779724959.903,/node/gpu_percent,99.000000
1779724960.401,/node/gpu_percent,99.199997
1779724960.900,/node/gpu_percent,26.600000
1779724961.398,/node/gpu_percent,1.200000
1779724961.906,/node/gpu_percent,79.699997
1779724962.403,/node/gpu_percent,88.000000
1779724962.898,/node/gpu_percent,0.000000
1779724963.400,/node/gpu_percent,0.000000
1779724963.900,/node/gpu_percent,80.599998
1779724964.401,/node/gpu_percent,92.800003
1779724964.903,/node/gpu_percent,83.199997
1779724965.401,/node/gpu_percent,13.700000
1779724965.900,/node/gpu_percent,4.500000
1779724966.400,/node/gpu_percent,34.000000
1779724966.900,/node/gpu_percent,39.200001
1779724967.404,/node/gpu_percent,76.500000
1779724967.901,/node/gpu_percent,64.099998
1779724968.400,/node/gpu_percent,16.900000
1779724968.901,/node/gpu_percent,56.900002
1779724969.402,/node/gpu_percent,58.799999
1779724969.901,/node/gpu_percent,4.000000
1779724970.402,/node/gpu_percent,26.299999
1779724970.901,/node/gpu_percent,40.200001
1779724971.402,/node/gpu_percent,0.000000
1779724971.902,/node/gpu_percent,0.000000
1779724972.401,/node/gpu_percent,46.500000
1779724972.903,/node/gpu_percent,32.799999
1779724973.403,/node/gpu_percent,60.000000
1779724973.903,/node/gpu_percent,73.800003
1779724974.401,/node/gpu_percent,68.000000
1779724974.906,/node/gpu_percent,85.800003
1779724975.402,/node/gpu_percent,80.800003
1779724975.903,/node/gpu_percent,11.500000
1779724976.402,/node/gpu_percent,42.000000
1779724976.903,/node/gpu_percent,32.799999
1779724977.401,/node/gpu_percent,20.900000
1779724977.905,/node/gpu_percent,34.400002
1779724978.400,/node/gpu_percent,76.000000
1779724978.902,/node/gpu_percent,89.500000
1779724979.401,/node/gpu_percent,42.000000
1779724979.901,/node/gpu_percent,79.800003
1779724980.403,/node/gpu_percent,94.000000
1779724980.902,/node/gpu_percent,18.600000
1779724981.403,/node/gpu_percent,48.700001
1779724981.901,/node/gpu_percent,4.200000
1779724982.403,/node/gpu_percent,19.299999
1779724982.903,/node/gpu_percent,84.000000
1779724983.402,/node/gpu_percent,82.900002
1779724983.905,/node/gpu_percent,98.699997
1779724803.901,/node/memory_percent,30.658567
1779724804.396,/node/memory_percent,30.673679
1779724804.895,/node/memory_percent,30.672312
1779724805.396,/node/memory_percent,30.642580
1779724805.895,/node/memory_percent,30.666468
1779724806.395,/node/memory_percent,30.638321
1779724806.897,/node/memory_percent,30.664255
1779724807.395,/node/memory_percent,30.669981
1779724807.893,/node/memory_percent,30.676277
1779724808.394,/node/memory_percent,30.653955
1779724808.895,/node/memory_percent,30.669775
1779724809.395,/node/memory_percent,30.678148
1779724809.894,/node/memory_percent,30.644520
1779724810.395,/node/memory_percent,30.656038
1779724810.895,/node/memory_percent,30.672565
1779724811.397,/node/memory_percent,30.661993
1779724811.895,/node/memory_percent,30.644638
1779724812.395,/node/memory_percent,30.656691
1779724812.895,/node/memory_percent,30.663820
1779724813.396,/node/memory_percent,30.652065
1779724813.895,/node/memory_percent,30.636053
1779724814.395,/node/memory_percent,30.658791
1779724814.900,/node/memory_percent,30.653843
1779724815.397,/node/memory_percent,30.661047
1779724815.894,/node/memory_percent,30.661396
1779724816.397,/node/memory_percent,30.654781
1779724816.894,/node/memory_percent,30.676476
1779724817.399,/node/memory_percent,30.665529
1779724817.898,/node/memory_percent,30.674593
1779724818.396,/node/memory_percent,30.676029
1779724818.894,/node/memory_percent,30.659164
1779724819.397,/node/memory_percent,30.672890
1779724819.896,/node/memory_percent,30.676651
1779724820.394,/node/memory_percent,30.657021
1779724820.894,/node/memory_percent,30.671696
1779724821.397,/node/memory_percent,30.662888
1779724821.896,/node/memory_percent,30.661407
1779724822.397,/node/memory_percent,30.654943
1779724822.896,/node/memory_percent,30.683352
1779724823.396,/node/memory_percent,30.676998
1779724823.899,/node/memory_percent,30.653557
1779724824.397,/node/memory_percent,30.685129
1779724824.894,/node/memory_percent,30.631844
1779724825.394,/node/memory_percent,30.667034
1779724825.896,/node/memory_percent,30.674007
1779724826.394,/node/memory_percent,30.683910
1779724826.894,/node/memory_percent,30.688522
1779724827.396,/node/memory_percent,30.674829
1779724827.896,/node/memory_percent,30.675947
1779724828.396,/node/memory_percent,30.666996
1779724828.894,/node/memory_percent,30.643282
1779724829.396,/node/memory_percent,30.682276
1779724829.894,/node/memory_percent,30.657698
1779724830.394,/node/memory_percent,30.633690
1779724830.898,/node/memory_percent,30.670988
1779724831.396,/node/memory_percent,30.641268
1779724831.896,/node/memory_percent,30.630371
1779724832.397,/node/memory_percent,30.663740
1779724832.896,/node/memory_percent,30.647696
1779724833.397,/node/memory_percent,30.663372
1779724833.898,/node/memory_percent,30.670584
1779724834.398,/node/memory_percent,30.662230
1779724834.897,/node/memory_percent,30.678429
1779724835.396,/node/memory_percent,30.673052
1779724835.898,/node/memory_percent,30.670887
1779724836.396,/node/memory_percent,30.659437
1779724836.897,/node/memory_percent,30.656193
1779724837.396,/node/memory_percent,30.658592
1779724837.895,/node/memory_percent,30.641623
1779724838.395,/node/memory_percent,30.663950
1779724838.900,/node/memory_percent,30.672970
1779724839.399,/node/memory_percent,30.676104
1779724839.897,/node/memory_percent,30.678949
1779724840.398,/node/memory_percent,30.654875
1779724840.896,/node/memory_percent,30.656485
1779724841.397,/node/memory_percent,30.652197
1779724841.897,/node/memory_percent,30.648106
1779724842.398,/node/memory_percent,30.665493
1779724842.895,/node/memory_percent,30.652842
1779724843.397,/node/memory_percent,30.646309
1779724843.897,/node/memory_percent,30.662409
1779724844.397,/node/memory_percent,30.654285
1779724844.899,/node/memory_percent,30.639826
1779724845.399,/node/memory_percent,30.665361
1779724845.897,/node/memory_percent,30.668234
1779724846.398,/node/memory_percent,30.657398
1779724846.899,/node/memory_percent,30.665443
1779724847.398,/node/memory_percent,30.672411
1779724847.895,/node/memory_percent,30.664343
1779724848.396,/node/memory_percent,30.652880
1779724848.896,/node/memory_percent,30.665697
1779724849.397,/node/memory_percent,30.680443
1779724849.899,/node/memory_percent,30.633640
1779724850.397,/node/memory_percent,30.636034
1779724850.897,/node/memory_percent,30.667009
1779724851.397,/node/memory_percent,30.649647
1779724851.899,/node/memory_percent,30.658237
1779724852.399,/node/memory_percent,30.670738
1779724852.901,/node/memory_percent,30.650959
1779724853.397,/node/memory_percent,30.639944
1779724853.899,/node/memory_percent,30.657536
1779724854.397,/node/memory_percent,30.667376
1779724854.899,/node/memory_percent,30.628021
1779724855.399,/node/memory_percent,30.651196
1779724855.899,/node/memory_percent,30.652321
1779724856.396,/node/memory_percent,30.659225
1779724856.898,/node/memory_percent,30.634754
1779724857.399,/node/memory_percent,30.676657
1779724857.902,/node/memory_percent,30.663479
1779724858.396,/node/memory_percent,30.649448
1779724858.898,/node/memory_percent,30.624304
1779724859.400,/node/memory_percent,30.629992
1779724859.898,/node/memory_percent,30.623514
1779724860.399,/node/memory_percent,30.662851
1779724860.898,/node/memory_percent,30.654049
1779724861.398,/node/memory_percent,30.613195
1779724861.898,/node/memory_percent,30.630850
1779724862.398,/node/memory_percent,30.656044
1779724862.898,/node/memory_percent,30.643425
1779724863.396,/node/memory_percent,30.628998
1779724863.900,/node/memory_percent,30.632652
1779724864.396,/node/memory_percent,30.645346
1779724864.896,/node/memory_percent,30.645271
1779724865.398,/node/memory_percent,30.652332
1779724865.898,/node/memory_percent,30.646862
1779724866.396,/node/memory_percent,30.654726
1779724866.898,/node/memory_percent,30.640242
1779724867.398,/node/memory_percent,30.662483
1779724867.898,/node/memory_percent,30.643829
1779724868.397,/node/memory_percent,30.616467
1779724868.896,/node/memory_percent,30.640995
1779724869.398,/node/memory_percent,30.669073
1779724869.897,/node/memory_percent,30.666847
1779724870.396,/node/memory_percent,30.652613
1779724870.896,/node/memory_percent,30.648348
1779724871.396,/node/memory_percent,30.610537
1779724871.901,/node/memory_percent,30.627823
1779724872.398,/node/memory_percent,30.640285
1779724872.899,/node/memory_percent,30.641287
1779724873.397,/node/memory_percent,30.661869
1779724873.900,/node/memory_percent,30.642033
1779724874.400,/node/memory_percent,30.652456
1779724874.898,/node/memory_percent,30.638172
1779724875.398,/node/memory_percent,30.658443
1779724875.899,/node/memory_percent,30.680586
1779724876.400,/node/memory_percent,30.658344
1779724876.898,/node/memory_percent,30.668768
1779724877.398,/node/memory_percent,30.653669
1779724877.902,/node/memory_percent,30.666399
1779724878.396,/node/memory_percent,30.669371
1779724878.900,/node/memory_percent,30.635344
1779724879.398,/node/memory_percent,30.624081
1779724879.897,/node/memory_percent,30.645054
1779724880.398,/node/memory_percent,30.640018
1779724880.897,/node/memory_percent,30.636799
1779724881.398,/node/memory_percent,30.630657
1779724881.897,/node/memory_percent,30.641350
1779724882.399,/node/memory_percent,30.640404
1779724882.903,/node/memory_percent,30.664822
1779724883.400,/node/memory_percent,30.678429
1779724883.899,/node/memory_percent,30.632988
1779724884.401,/node/memory_percent,30.629103
1779724884.903,/node/memory_percent,30.635748
1779724885.400,/node/memory_percent,30.634336
1779724885.897,/node/memory_percent,30.647255
1779724886.402,/node/memory_percent,30.656132
1779724886.901,/node/memory_percent,30.626865
1779724887.399,/node/memory_percent,30.650761
1779724887.897,/node/memory_percent,30.628637
1779724888.399,/node/memory_percent,30.651754
1779724888.902,/node/memory_percent,30.636438
1779724889.401,/node/memory_percent,30.652121
1779724889.897,/node/memory_percent,30.649057
1779724890.397,/node/memory_percent,30.614582
1779724890.897,/node/memory_percent,30.608616
1779724891.401,/node/memory_percent,30.657230
1779724891.899,/node/memory_percent,30.648882
1779724892.401,/node/memory_percent,30.632044
1779724892.898,/node/memory_percent,30.639080
1779724893.400,/node/memory_percent,30.640938
1779724893.899,/node/memory_percent,30.657921
1779724894.402,/node/memory_percent,30.646688
1779724894.901,/node/memory_percent,30.648479
1779724895.399,/node/memory_percent,30.654173
1779724895.899,/node/memory_percent,30.642778
1779724896.402,/node/memory_percent,30.654261
1779724896.898,/node/memory_percent,30.666121
1779724897.405,/node/memory_percent,30.678982
1779724897.902,/node/memory_percent,30.663366
1779724898.397,/node/memory_percent,30.650269
1779724898.900,/node/memory_percent,30.650393
1779724899.399,/node/memory_percent,30.662527
1779724899.902,/node/memory_percent,30.633959
1779724900.398,/node/memory_percent,30.644077
1779724900.898,/node/memory_percent,30.652767
1779724901.398,/node/memory_percent,30.651207
1779724901.898,/node/memory_percent,30.663801
1779724902.402,/node/memory_percent,30.661377
1779724902.897,/node/memory_percent,30.638557
1779724903.402,/node/memory_percent,30.622303
1779724903.900,/node/memory_percent,30.627499
1779724904.400,/node/memory_percent,30.650921
1779724904.900,/node/memory_percent,30.644171
1779724905.398,/node/memory_percent,30.639994
1779724905.899,/node/memory_percent,30.635593
1779724906.398,/node/memory_percent,30.641499
1779724906.900,/node/memory_percent,30.639229
1779724907.401,/node/memory_percent,30.630888
1779724907.900,/node/memory_percent,30.621048
1779724908.399,/node/memory_percent,30.652153
1779724908.904,/node/memory_percent,30.660761
1779724909.400,/node/memory_percent,30.671684
1779724909.903,/node/memory_percent,30.656063
1779724910.399,/node/memory_percent,30.672716
1779724910.900,/node/memory_percent,30.664864
1779724911.400,/node/memory_percent,30.648026
1779724911.900,/node/memory_percent,30.656256
1779724912.400,/node/memory_percent,30.653284
1779724912.902,/node/memory_percent,30.640833
1779724913.399,/node/memory_percent,30.646173
1779724913.899,/node/memory_percent,30.657728
1779724914.399,/node/memory_percent,30.660645
1779724914.903,/node/memory_percent,30.650232
1779724915.404,/node/memory_percent,30.643463
1779724915.901,/node/memory_percent,30.650673
1779724916.401,/node/memory_percent,30.656858
1779724916.904,/node/memory_percent,30.663490
1779724917.399,/node/memory_percent,30.660271
1779724917.901,/node/memory_percent,30.658438
1779724918.400,/node/memory_percent,30.639061
1779724918.901,/node/memory_percent,30.622950
1779724919.401,/node/memory_percent,30.622732
1779724919.904,/node/memory_percent,30.636469
1779724920.402,/node/memory_percent,30.638086
1779724920.905,/node/memory_percent,30.642506
1779724921.402,/node/memory_percent,30.617460
1779724921.903,/node/memory_percent,30.653009
1779724922.402,/node/memory_percent,30.641870
1779724922.899,/node/memory_percent,30.655796
1779724923.403,/node/memory_percent,30.643307
1779724923.901,/node/memory_percent,30.630905
1779724924.404,/node/memory_percent,30.671492
1779724924.900,/node/memory_percent,30.642076
1779724925.402,/node/memory_percent,30.646545
1779724925.904,/node/memory_percent,30.650169
1779724926.400,/node/memory_percent,30.646030
1779724926.900,/node/memory_percent,30.671192
1779724927.402,/node/memory_percent,30.658176
1779724927.902,/node/memory_percent,30.662689
1779724928.399,/node/memory_percent,30.666214
1779724928.902,/node/memory_percent,30.665579
1779724929.399,/node/memory_percent,30.697966
1779724929.900,/node/memory_percent,30.676775
1779724930.403,/node/memory_percent,30.668818
1779724930.900,/node/memory_percent,30.679808
1779724931.400,/node/memory_percent,30.683002
1779724931.900,/node/memory_percent,30.671844
1779724932.398,/node/memory_percent,30.675264
1779724932.898,/node/memory_percent,30.668669
1779724933.400,/node/memory_percent,30.670832
1779724933.900,/node/memory_percent,30.656933
1779724934.400,/node/memory_percent,30.665182
1779724934.898,/node/memory_percent,30.668674
1779724935.400,/node/memory_percent,30.648890
1779724935.902,/node/memory_percent,30.674351
1779724936.404,/node/memory_percent,30.663950
1779724936.900,/node/memory_percent,30.685465
1779724937.403,/node/memory_percent,30.673443
1779724937.900,/node/memory_percent,30.674139
1779724938.399,/node/memory_percent,30.663404
1779724938.903,/node/memory_percent,30.668724
1779724939.402,/node/memory_percent,30.625759
1779724939.898,/node/memory_percent,30.671957
1779724940.398,/node/memory_percent,30.654341
1779724940.898,/node/memory_percent,30.666431
1779724941.402,/node/memory_percent,30.670719
1779724941.898,/node/memory_percent,30.660749
1779724942.398,/node/memory_percent,30.652668
1779724942.899,/node/memory_percent,30.667824
1779724943.400,/node/memory_percent,30.660023
1779724943.903,/node/memory_percent,30.654253
1779724944.402,/node/memory_percent,30.632460
1779724944.898,/node/memory_percent,30.663155
1779724945.399,/node/memory_percent,30.648882
1779724945.902,/node/memory_percent,30.655863
1779724946.400,/node/memory_percent,30.668613
1779724946.902,/node/memory_percent,30.658144
1779724947.400,/node/memory_percent,30.674307
1779724947.898,/node/memory_percent,30.654440
1779724948.397,/node/memory_percent,30.663876
1779724948.901,/node/memory_percent,30.654806
1779724949.399,/node/memory_percent,30.690693
1779724949.900,/node/memory_percent,30.679802
1779724950.402,/node/memory_percent,30.679956
1779724950.898,/node/memory_percent,30.664032
1779724951.401,/node/memory_percent,30.654093
1779724951.901,/node/memory_percent,30.675644
1779724952.400,/node/memory_percent,30.659718
1779724952.900,/node/memory_percent,30.676214
1779724953.402,/node/memory_percent,30.687405
1779724953.901,/node/memory_percent,30.679174
1779724954.400,/node/memory_percent,30.680784
1779724954.900,/node/memory_percent,30.663118
1779724955.401,/node/memory_percent,30.674381
1779724955.898,/node/memory_percent,30.665081
1779724956.401,/node/memory_percent,30.663237
1779724956.904,/node/memory_percent,30.669184
1779724957.400,/node/memory_percent,30.637011
1779724957.900,/node/memory_percent,30.639589
1779724958.397,/node/memory_percent,30.636463
1779724958.902,/node/memory_percent,30.648174
1779724959.400,/node/memory_percent,30.670378
1779724959.900,/node/memory_percent,30.650711
1779724960.398,/node/memory_percent,30.670595
1779724960.900,/node/memory_percent,30.669800
1779724961.399,/node/memory_percent,30.670603
1779724961.900,/node/memory_percent,30.653370
1779724962.401,/node/memory_percent,30.669514
1779724962.899,/node/memory_percent,30.653421
1779724963.401,/node/memory_percent,30.653551
1779724963.900,/node/memory_percent,30.639832
1779724964.402,/node/memory_percent,30.639565
1779724964.901,/node/memory_percent,30.659718
1779724965.402,/node/memory_percent,30.631403
1779724965.901,/node/memory_percent,30.628239
1779724966.401,/node/memory_percent,30.645538
1779724966.902,/node/memory_percent,30.659126
1779724967.405,/node/memory_percent,30.650997
1779724967.902,/node/memory_percent,30.631056
1779724968.401,/node/memory_percent,30.643015
1779724968.902,/node/memory_percent,30.637856
1779724969.399,/node/memory_percent,30.668451
1779724969.902,/node/memory_percent,30.688723
1779724970.401,/node/memory_percent,30.676315
1779724970.902,/node/memory_percent,30.664181
1779724971.400,/node/memory_percent,30.679939
1779724971.900,/node/memory_percent,30.673933
1779724972.403,/node/memory_percent,30.658749
1779724972.905,/node/memory_percent,30.664646
1779724973.404,/node/memory_percent,30.650064
1779724973.904,/node/memory_percent,30.643425
1779724974.402,/node/memory_percent,30.657026
1779724974.902,/node/memory_percent,30.662813
1779724975.400,/node/memory_percent,30.635214
1779724975.900,/node/memory_percent,30.661129
1779724976.403,/node/memory_percent,30.662439
1779724976.904,/node/memory_percent,30.684252
1779724977.401,/node/memory_percent,30.672356
1779724977.905,/node/memory_percent,30.658350
1779724978.402,/node/memory_percent,30.663204
1779724978.903,/node/memory_percent,30.653675
1779724979.403,/node/memory_percent,30.657524
1779724979.902,/node/memory_percent,30.642027
1779724980.400,/node/memory_percent,30.667065
1779724980.902,/node/memory_percent,30.665510
1779724981.401,/node/memory_percent,30.647919
1779724981.902,/node/memory_percent,30.653719
1779724982.403,/node/memory_percent,30.640970
1779724982.902,/node/memory_percent,30.627419
1779724983.403,/node/memory_percent,30.651264
1779724983.902,/node/memory_percent,30.661520
1779724804.398,/node/io_read_mbs,0.000000
1779724804.896,/node/io_read_mbs,0.000000
1779724805.396,/node/io_read_mbs,0.000000
1779724805.897,/node/io_read_mbs,0.000000
1779724806.396,/node/io_read_mbs,0.000000
1779724806.899,/node/io_read_mbs,0.000000
1779724807.396,/node/io_read_mbs,0.000000
1779724807.898,/node/io_read_mbs,0.000000
1779724808.396,/node/io_read_mbs,0.000000
1779724808.898,/node/io_read_mbs,0.000000
1779724809.396,/node/io_read_mbs,0.000000
1779724809.896,/node/io_read_mbs,0.000000
1779724810.396,/node/io_read_mbs,0.000000
1779724810.896,/node/io_read_mbs,0.000000
1779724811.399,/node/io_read_mbs,0.000000
1779724811.900,/node/io_read_mbs,0.000000
1779724812.398,/node/io_read_mbs,0.031247
1779724812.898,/node/io_read_mbs,0.000000
1779724813.398,/node/io_read_mbs,0.000000
1779724813.898,/node/io_read_mbs,0.000000
1779724814.396,/node/io_read_mbs,0.000000
1779724814.900,/node/io_read_mbs,0.000000
1779724815.398,/node/io_read_mbs,0.000000
1779724815.897,/node/io_read_mbs,0.000000
1779724816.398,/node/io_read_mbs,0.000000
1779724816.897,/node/io_read_mbs,0.000000
1779724817.400,/node/io_read_mbs,0.000000
1779724817.900,/node/io_read_mbs,0.000000
1779724818.397,/node/io_read_mbs,0.000000
1779724818.899,/node/io_read_mbs,0.000000
1779724819.398,/node/io_read_mbs,0.000000
1779724819.898,/node/io_read_mbs,0.000000
1779724820.397,/node/io_read_mbs,0.000000
1779724820.897,/node/io_read_mbs,0.000000
1779724821.398,/node/io_read_mbs,0.000000
1779724821.897,/node/io_read_mbs,0.000000
1779724822.398,/node/io_read_mbs,0.000000
1779724822.899,/node/io_read_mbs,0.000000
1779724823.397,/node/io_read_mbs,0.000000
1779724823.900,/node/io_read_mbs,0.000000
1779724824.398,/node/io_read_mbs,0.000000
1779724824.897,/node/io_read_mbs,0.000000
1779724825.397,/node/io_read_mbs,0.000000
1779724825.898,/node/io_read_mbs,0.000000
1779724826.397,/node/io_read_mbs,0.000000
1779724826.899,/node/io_read_mbs,0.000000
1779724827.397,/node/io_read_mbs,0.000000
1779724827.900,/node/io_read_mbs,0.000000
1779724828.398,/node/io_read_mbs,0.000000
1779724828.897,/node/io_read_mbs,0.000000
1779724829.397,/node/io_read_mbs,0.000000
1779724829.897,/node/io_read_mbs,0.000000
1779724830.397,/node/io_read_mbs,0.000000
1779724830.899,/node/io_read_mbs,0.000000
1779724831.397,/node/io_read_mbs,0.000000
1779724831.901,/node/io_read_mbs,0.000000
1779724832.397,/node/io_read_mbs,0.000000
1779724832.899,/node/io_read_mbs,0.000000
1779724833.398,/node/io_read_mbs,0.000000
1779724833.899,/node/io_read_mbs,0.000000
1779724834.399,/node/io_read_mbs,0.000000
1779724834.898,/node/io_read_mbs,0.000000
1779724835.397,/node/io_read_mbs,0.000000
1779724835.899,/node/io_read_mbs,0.000000
1779724836.399,/node/io_read_mbs,0.000000
1779724836.898,/node/io_read_mbs,0.000000
1779724837.399,/node/io_read_mbs,0.000000
1779724837.898,/node/io_read_mbs,0.000000
1779724838.396,/node/io_read_mbs,0.000000
1779724838.901,/node/io_read_mbs,0.000000
1779724839.400,/node/io_read_mbs,0.000000
1779724839.898,/node/io_read_mbs,0.000000
1779724840.399,/node/io_read_mbs,0.000000
1779724840.901,/node/io_read_mbs,0.000000
1779724841.398,/node/io_read_mbs,0.000000
1779724841.900,/node/io_read_mbs,0.000000
1779724842.399,/node/io_read_mbs,0.000000
1779724842.897,/node/io_read_mbs,0.000000
1779724843.398,/node/io_read_mbs,0.000000
1779724843.898,/node/io_read_mbs,0.000000
1779724844.398,/node/io_read_mbs,0.000000
1779724844.900,/node/io_read_mbs,0.000000
1779724845.400,/node/io_read_mbs,0.000000
1779724845.898,/node/io_read_mbs,0.000000
1779724846.399,/node/io_read_mbs,0.000000
1779724846.900,/node/io_read_mbs,0.000000
1779724847.399,/node/io_read_mbs,0.000000
1779724847.900,/node/io_read_mbs,0.000000
1779724848.398,/node/io_read_mbs,0.000000
1779724848.899,/node/io_read_mbs,0.000000
1779724849.398,/node/io_read_mbs,0.000000
1779724849.900,/node/io_read_mbs,0.000000
1779724850.400,/node/io_read_mbs,0.000000
1779724850.900,/node/io_read_mbs,0.000000
1779724851.400,/node/io_read_mbs,0.000000
1779724851.901,/node/io_read_mbs,0.000000
1779724852.399,/node/io_read_mbs,0.000000
1779724852.902,/node/io_read_mbs,0.000000
1779724853.402,/node/io_read_mbs,0.000000
1779724853.904,/node/io_read_mbs,0.000000
1779724854.402,/node/io_read_mbs,0.000000
1779724854.900,/node/io_read_mbs,0.000000
1779724855.401,/node/io_read_mbs,0.000000
1779724855.901,/node/io_read_mbs,0.000000
1779724856.399,/node/io_read_mbs,0.000000
1779724856.899,/node/io_read_mbs,0.000000
1779724857.400,/node/io_read_mbs,0.000000
1779724857.902,/node/io_read_mbs,0.000000
1779724858.398,/node/io_read_mbs,0.000000
1779724858.899,/node/io_read_mbs,0.000000
1779724859.401,/node/io_read_mbs,0.000000
1779724859.905,/node/io_read_mbs,0.000000
1779724860.400,/node/io_read_mbs,0.000000
1779724860.899,/node/io_read_mbs,0.000000
1779724861.400,/node/io_read_mbs,0.000000
1779724861.899,/node/io_read_mbs,0.000000
1779724862.399,/node/io_read_mbs,0.000000
1779724862.899,/node/io_read_mbs,0.000000
1779724863.399,/node/io_read_mbs,0.000000
1779724863.901,/node/io_read_mbs,0.000000
1779724864.399,/node/io_read_mbs,0.000000
1779724864.901,/node/io_read_mbs,0.000000
1779724865.399,/node/io_read_mbs,0.000000
1779724865.899,/node/io_read_mbs,0.000000
1779724866.399,/node/io_read_mbs,0.000000
1779724866.899,/node/io_read_mbs,0.000000
1779724867.400,/node/io_read_mbs,0.000000
1779724867.900,/node/io_read_mbs,0.000000
1779724868.398,/node/io_read_mbs,0.000000
1779724868.899,/node/io_read_mbs,0.000000
1779724869.400,/node/io_read_mbs,0.000000
1779724869.900,/node/io_read_mbs,0.000000
1779724870.401,/node/io_read_mbs,0.000000
1779724870.901,/node/io_read_mbs,0.000000
1779724871.402,/node/io_read_mbs,0.000000
1779724871.902,/node/io_read_mbs,0.000000
1779724872.399,/node/io_read_mbs,0.000000
1779724872.899,/node/io_read_mbs,0.000000
1779724873.399,/node/io_read_mbs,0.000000
1779724873.901,/node/io_read_mbs,0.000000
1779724874.401,/node/io_read_mbs,0.000000
1779724874.901,/node/io_read_mbs,0.000000
1779724875.400,/node/io_read_mbs,0.000000
1779724875.901,/node/io_read_mbs,0.000000
1779724876.404,/node/io_read_mbs,0.000000
1779724876.903,/node/io_read_mbs,0.000000
1779724877.399,/node/io_read_mbs,0.000000
1779724877.903,/node/io_read_mbs,0.000000
1779724878.400,/node/io_read_mbs,0.000000
1779724878.901,/node/io_read_mbs,0.000000
1779724879.406,/node/io_read_mbs,0.000000
1779724879.900,/node/io_read_mbs,0.000000
1779724880.401,/node/io_read_mbs,0.000000
1779724880.900,/node/io_read_mbs,0.000000
1779724881.399,/node/io_read_mbs,0.000000
1779724881.900,/node/io_read_mbs,0.000000
1779724882.399,/node/io_read_mbs,0.000000
1779724882.904,/node/io_read_mbs,0.000000
1779724883.401,/node/io_read_mbs,0.000000
1779724883.902,/node/io_read_mbs,0.000000
1779724884.401,/node/io_read_mbs,0.000000
1779724884.904,/node/io_read_mbs,0.000000
1779724885.402,/node/io_read_mbs,0.000000
1779724885.904,/node/io_read_mbs,0.000000
1779724886.403,/node/io_read_mbs,0.000000
1779724886.903,/node/io_read_mbs,0.000000
1779724887.400,/node/io_read_mbs,0.000000
1779724887.902,/node/io_read_mbs,0.000000
1779724888.400,/node/io_read_mbs,0.000000
1779724888.905,/node/io_read_mbs,0.000000
1779724889.402,/node/io_read_mbs,0.000000
1779724889.902,/node/io_read_mbs,0.000000
1779724890.402,/node/io_read_mbs,0.000000
1779724890.900,/node/io_read_mbs,0.000000
1779724891.402,/node/io_read_mbs,0.000000
1779724891.901,/node/io_read_mbs,0.000000
1779724892.402,/node/io_read_mbs,0.000000
1779724892.902,/node/io_read_mbs,0.000000
1779724893.401,/node/io_read_mbs,0.000000
1779724893.900,/node/io_read_mbs,0.000000
1779724894.403,/node/io_read_mbs,0.000000
1779724894.903,/node/io_read_mbs,0.000000
1779724895.400,/node/io_read_mbs,0.000000
1779724895.904,/node/io_read_mbs,0.000000
1779724896.402,/node/io_read_mbs,0.000000
1779724896.901,/node/io_read_mbs,0.000000
1779724897.406,/node/io_read_mbs,0.000000
1779724897.904,/node/io_read_mbs,0.000000
1779724898.399,/node/io_read_mbs,0.000000
1779724898.900,/node/io_read_mbs,0.000000
1779724899.400,/node/io_read_mbs,0.000000
1779724899.903,/node/io_read_mbs,0.000000
1779724900.401,/node/io_read_mbs,0.000000
1779724900.901,/node/io_read_mbs,0.000000
1779724901.401,/node/io_read_mbs,0.000000
1779724901.902,/node/io_read_mbs,0.000000
1779724902.403,/node/io_read_mbs,0.000000
1779724902.899,/node/io_read_mbs,0.000000
1779724903.403,/node/io_read_mbs,0.000000
1779724903.901,/node/io_read_mbs,0.000000
1779724904.401,/node/io_read_mbs,0.000000
1779724904.902,/node/io_read_mbs,0.000000
1779724905.401,/node/io_read_mbs,0.000000
1779724905.903,/node/io_read_mbs,0.000000
1779724906.401,/node/io_read_mbs,0.000000
1779724906.904,/node/io_read_mbs,0.000000
1779724907.402,/node/io_read_mbs,0.000000
1779724907.901,/node/io_read_mbs,0.000000
1779724908.401,/node/io_read_mbs,0.000000
1779724908.905,/node/io_read_mbs,0.000000
1779724909.401,/node/io_read_mbs,0.000000
1779724909.906,/node/io_read_mbs,0.000000
1779724910.403,/node/io_read_mbs,0.000000
1779724910.902,/node/io_read_mbs,0.000000
1779724911.405,/node/io_read_mbs,0.000000
1779724911.905,/node/io_read_mbs,0.000000
1779724912.405,/node/io_read_mbs,0.000000
1779724912.903,/node/io_read_mbs,0.000000
1779724913.402,/node/io_read_mbs,0.000000
1779724913.902,/node/io_read_mbs,0.000000
1779724914.402,/node/io_read_mbs,0.000000
1779724914.905,/node/io_read_mbs,0.000000
1779724915.404,/node/io_read_mbs,0.000000
1779724915.902,/node/io_read_mbs,0.000000
1779724916.401,/node/io_read_mbs,0.000000
1779724916.905,/node/io_read_mbs,0.000000
1779724917.402,/node/io_read_mbs,0.000000
1779724917.908,/node/io_read_mbs,0.000000
1779724918.402,/node/io_read_mbs,0.000000
1779724918.902,/node/io_read_mbs,0.000000
1779724919.402,/node/io_read_mbs,0.000000
1779724919.905,/node/io_read_mbs,0.000000
1779724920.403,/node/io_read_mbs,0.000000
1779724920.905,/node/io_read_mbs,0.000000
1779724921.403,/node/io_read_mbs,0.000000
1779724921.905,/node/io_read_mbs,0.000000
1779724922.403,/node/io_read_mbs,0.000000
1779724922.903,/node/io_read_mbs,0.000000
1779724923.403,/node/io_read_mbs,0.000000
1779724923.905,/node/io_read_mbs,0.000000
1779724924.405,/node/io_read_mbs,0.000000
1779724924.902,/node/io_read_mbs,0.000000
1779724925.404,/node/io_read_mbs,0.000000
1779724925.905,/node/io_read_mbs,0.000000
1779724926.401,/node/io_read_mbs,0.000000
1779724926.903,/node/io_read_mbs,0.000000
1779724927.403,/node/io_read_mbs,0.000000
1779724927.904,/node/io_read_mbs,0.000000
1779724928.402,/node/io_read_mbs,0.000000
1779724928.904,/node/io_read_mbs,0.000000
1779724929.402,/node/io_read_mbs,0.000000
1779724929.905,/node/io_read_mbs,0.000000
1779724930.404,/node/io_read_mbs,0.000000
1779724930.901,/node/io_read_mbs,0.000000
1779724931.402,/node/io_read_mbs,0.000000
1779724931.903,/node/io_read_mbs,0.000000
1779724932.403,/node/io_read_mbs,0.000000
1779724932.901,/node/io_read_mbs,0.000000
1779724933.401,/node/io_read_mbs,0.000000
1779724933.901,/node/io_read_mbs,0.000000
1779724934.402,/node/io_read_mbs,0.000000
1779724934.901,/node/io_read_mbs,0.000000
1779724935.401,/node/io_read_mbs,0.000000
1779724935.903,/node/io_read_mbs,0.000000
1779724936.405,/node/io_read_mbs,0.000000
1779724936.901,/node/io_read_mbs,0.000000
1779724937.405,/node/io_read_mbs,0.000000
1779724937.901,/node/io_read_mbs,0.000000
1779724938.401,/node/io_read_mbs,0.000000
1779724938.904,/node/io_read_mbs,0.000000
1779724939.403,/node/io_read_mbs,0.000000
1779724939.901,/node/io_read_mbs,0.000000
1779724940.401,/node/io_read_mbs,0.000000
1779724940.903,/node/io_read_mbs,0.000000
1779724941.404,/node/io_read_mbs,0.000000
1779724941.901,/node/io_read_mbs,0.000000
1779724942.401,/node/io_read_mbs,0.000000
1779724942.901,/node/io_read_mbs,0.000000
1779724943.401,/node/io_read_mbs,0.000000
1779724943.904,/node/io_read_mbs,0.000000
1779724944.402,/node/io_read_mbs,0.000000
1779724944.901,/node/io_read_mbs,0.000000
1779724945.401,/node/io_read_mbs,0.000000
1779724945.904,/node/io_read_mbs,0.000000
1779724946.402,/node/io_read_mbs,0.000000
1779724946.902,/node/io_read_mbs,0.000000
1779724947.401,/node/io_read_mbs,0.000000
1779724947.901,/node/io_read_mbs,0.000000
1779724948.401,/node/io_read_mbs,0.000000
1779724948.901,/node/io_read_mbs,0.000000
1779724949.401,/node/io_read_mbs,0.000000
1779724949.901,/node/io_read_mbs,0.000000
1779724950.403,/node/io_read_mbs,0.000000
1779724950.903,/node/io_read_mbs,0.000000
1779724951.402,/node/io_read_mbs,0.000000
1779724951.902,/node/io_read_mbs,0.000000
1779724952.402,/node/io_read_mbs,0.000000
1779724952.902,/node/io_read_mbs,0.000000
1779724953.403,/node/io_read_mbs,0.000000
1779724953.902,/node/io_read_mbs,0.000000
1779724954.401,/node/io_read_mbs,0.000000
1779724954.902,/node/io_read_mbs,0.000000
1779724955.402,/node/io_read_mbs,0.000000
1779724955.902,/node/io_read_mbs,0.000000
1779724956.402,/node/io_read_mbs,0.000000
1779724956.905,/node/io_read_mbs,0.000000
1779724957.402,/node/io_read_mbs,0.000000
1779724957.902,/node/io_read_mbs,0.000000
1779724958.400,/node/io_read_mbs,0.000000
1779724958.903,/node/io_read_mbs,0.000000
1779724959.403,/node/io_read_mbs,0.000000
1779724959.903,/node/io_read_mbs,0.000000
1779724960.403,/node/io_read_mbs,0.000000
1779724960.901,/node/io_read_mbs,0.000000
1779724961.400,/node/io_read_mbs,0.000000
1779724961.907,/node/io_read_mbs,0.000000
1779724962.405,/node/io_read_mbs,0.000000
1779724962.901,/node/io_read_mbs,0.000000
1779724963.403,/node/io_read_mbs,0.000000
1779724963.901,/node/io_read_mbs,0.000000
1779724964.408,/node/io_read_mbs,0.000000
1779724964.906,/node/io_read_mbs,0.000000
1779724965.404,/node/io_read_mbs,0.000000
1779724965.904,/node/io_read_mbs,0.000000
1779724966.402,/node/io_read_mbs,0.000000
1779724966.903,/node/io_read_mbs,0.000000
1779724967.405,/node/io_read_mbs,0.000000
1779724967.903,/node/io_read_mbs,0.000000
1779724968.403,/node/io_read_mbs,0.000000
1779724968.902,/node/io_read_mbs,0.000000
1779724969.403,/node/io_read_mbs,0.000000
1779724969.904,/node/io_read_mbs,0.000000
1779724970.403,/node/io_read_mbs,0.000000
1779724970.903,/node/io_read_mbs,0.000000
1779724971.403,/node/io_read_mbs,0.000000
1779724971.904,/node/io_read_mbs,0.000000
1779724972.404,/node/io_read_mbs,0.000000
1779724972.906,/node/io_read_mbs,0.000000
1779724973.405,/node/io_read_mbs,0.000000
1779724973.904,/node/io_read_mbs,0.000000
1779724974.404,/node/io_read_mbs,0.000000
1779724974.906,/node/io_read_mbs,0.000000
1779724975.403,/node/io_read_mbs,0.000000
1779724975.904,/node/io_read_mbs,0.374989
1779724976.404,/node/io_read_mbs,0.000000
1779724976.905,/node/io_read_mbs,0.000000
1779724977.402,/node/io_read_mbs,0.000000
1779724977.906,/node/io_read_mbs,0.000000
1779724978.404,/node/io_read_mbs,0.000000
1779724978.903,/node/io_read_mbs,0.000000
1779724979.403,/node/io_read_mbs,0.000000
1779724979.903,/node/io_read_mbs,0.000000
1779724980.403,/node/io_read_mbs,0.000000
1779724980.904,/node/io_read_mbs,0.000000
1779724981.404,/node/io_read_mbs,0.000000
1779724981.904,/node/io_read_mbs,0.000000
1779724982.404,/node/io_read_mbs,0.000000
1779724982.904,/node/io_read_mbs,0.000000
1779724983.405,/node/io_read_mbs,0.000000
1779724983.905,/node/io_read_mbs,0.000000
1779724804.398,/node/io_write_mbs,0.000000
1779724804.899,/node/io_write_mbs,0.000000
1779724805.408,/node/io_write_mbs,0.000000
1779724805.897,/node/io_write_mbs,0.000000
1779724806.400,/node/io_write_mbs,0.046824
1779724806.902,/node/io_write_mbs,0.000000
1779724807.399,/node/io_write_mbs,0.000000
1779724807.910,/node/io_write_mbs,0.000000
1779724808.398,/node/io_write_mbs,0.000000
1779724808.899,/node/io_write_mbs,0.000000
1779724809.397,/node/io_write_mbs,0.000000
1779724809.899,/node/io_write_mbs,0.000000
1779724810.397,/node/io_write_mbs,0.000000
1779724810.897,/node/io_write_mbs,0.000000
1779724811.399,/node/io_write_mbs,0.062509
1779724811.901,/node/io_write_mbs,0.000000
1779724812.410,/node/io_write_mbs,0.000000
1779724812.899,/node/io_write_mbs,0.000000
1779724813.399,/node/io_write_mbs,0.000000
1779724813.910,/node/io_write_mbs,0.000000
1779724814.399,/node/io_write_mbs,0.000000
1779724814.901,/node/io_write_mbs,0.031178
1779724815.399,/node/io_write_mbs,0.000000
1779724815.898,/node/io_write_mbs,0.000000
1779724816.400,/node/io_write_mbs,0.046798
1779724816.898,/node/io_write_mbs,0.000000
1779724817.401,/node/io_write_mbs,0.000000
1779724817.900,/node/io_write_mbs,0.031272
1779724818.399,/node/io_write_mbs,0.000000
1779724818.900,/node/io_write_mbs,0.000000
1779724819.399,/node/io_write_mbs,0.000000
1779724819.899,/node/io_write_mbs,0.000000
1779724820.398,/node/io_write_mbs,0.000000
1779724820.909,/node/io_write_mbs,0.000000
1779724821.399,/node/io_write_mbs,0.046850
1779724821.898,/node/io_write_mbs,0.000000
1779724822.399,/node/io_write_mbs,0.000000
1779724822.900,/node/io_write_mbs,0.000000
1779724823.400,/node/io_write_mbs,0.000000
1779724823.901,/node/io_write_mbs,0.000000
1779724824.410,/node/io_write_mbs,0.000000
1779724824.909,/node/io_write_mbs,0.000000
1779724825.398,/node/io_write_mbs,0.000000
1779724825.899,/node/io_write_mbs,0.000000
1779724826.398,/node/io_write_mbs,0.046868
1779724826.900,/node/io_write_mbs,0.000000
1779724827.398,/node/io_write_mbs,0.000000
1779724827.900,/node/io_write_mbs,0.000000
1779724828.399,/node/io_write_mbs,0.000000
1779724828.898,/node/io_write_mbs,0.000000
1779724829.398,/node/io_write_mbs,0.000000
1779724829.898,/node/io_write_mbs,0.000000
1779724830.398,/node/io_write_mbs,0.000000
1779724830.900,/node/io_write_mbs,0.000000
1779724831.398,/node/io_write_mbs,0.062514
1779724831.902,/node/io_write_mbs,0.000000
1779724832.398,/node/io_write_mbs,0.000000
1779724832.911,/node/io_write_mbs,0.015632
1779724833.399,/node/io_write_mbs,0.000000
1779724833.900,/node/io_write_mbs,0.000000
1779724834.399,/node/io_write_mbs,0.000000
1779724834.899,/node/io_write_mbs,0.046878
1779724835.398,/node/io_write_mbs,0.000000
1779724835.900,/node/io_write_mbs,0.000000
1779724836.400,/node/io_write_mbs,0.000000
1779724836.899,/node/io_write_mbs,0.000000
1779724837.400,/node/io_write_mbs,0.000000
1779724837.899,/node/io_write_mbs,0.000000
1779724838.398,/node/io_write_mbs,0.000000
1779724838.902,/node/io_write_mbs,0.000000
1779724839.401,/node/io_write_mbs,0.000000
1779724839.899,/node/io_write_mbs,0.000000
1779724840.400,/node/io_write_mbs,0.000000
1779724840.902,/node/io_write_mbs,0.000000
1779724841.399,/node/io_write_mbs,0.046832
1779724841.901,/node/io_write_mbs,0.000000
1779724842.400,/node/io_write_mbs,0.000000
1779724842.898,/node/io_write_mbs,0.000000
1779724843.399,/node/io_write_mbs,0.000000
1779724843.899,/node/io_write_mbs,0.000000
1779724844.399,/node/io_write_mbs,0.000000
1779724844.901,/node/io_write_mbs,0.000000
1779724845.402,/node/io_write_mbs,0.000000
1779724845.901,/node/io_write_mbs,0.000000
1779724846.400,/node/io_write_mbs,0.062475
1779724846.901,/node/io_write_mbs,0.000000
1779724847.400,/node/io_write_mbs,0.000000
1779724847.901,/node/io_write_mbs,0.000000
1779724848.399,/node/io_write_mbs,0.000000
1779724848.900,/node/io_write_mbs,0.000000
1779724849.399,/node/io_write_mbs,0.000000
1779724849.901,/node/io_write_mbs,0.000000
1779724850.401,/node/io_write_mbs,0.000000
1779724850.901,/node/io_write_mbs,0.000000
1779724851.401,/node/io_write_mbs,0.062630
1779724851.902,/node/io_write_mbs,0.046856
1779724852.400,/node/io_write_mbs,0.000000
1779724852.903,/node/io_write_mbs,0.000000
1779724853.403,/node/io_write_mbs,0.000000
1779724853.905,/node/io_write_mbs,0.000000
1779724854.403,/node/io_write_mbs,0.000000
1779724854.901,/node/io_write_mbs,0.000000
1779724855.403,/node/io_write_mbs,0.000000
1779724855.901,/node/io_write_mbs,0.000000
1779724856.400,/node/io_write_mbs,0.046877
1779724856.900,/node/io_write_mbs,0.000000
1779724857.401,/node/io_write_mbs,0.000000
1779724857.915,/node/io_write_mbs,0.000000
1779724858.400,/node/io_write_mbs,0.000000
1779724858.900,/node/io_write_mbs,0.000000
1779724859.402,/node/io_write_mbs,0.000000
1779724859.906,/node/io_write_mbs,0.000000
1779724860.401,/node/io_write_mbs,0.000000
1779724860.900,/node/io_write_mbs,0.000000
1779724861.401,/node/io_write_mbs,0.046884
1779724861.900,/node/io_write_mbs,0.000000
1779724862.400,/node/io_write_mbs,0.000000
1779724862.900,/node/io_write_mbs,0.000000
1779724863.400,/node/io_write_mbs,0.000000
1779724863.902,/node/io_write_mbs,0.000000
1779724864.400,/node/io_write_mbs,0.000000
1779724864.902,/node/io_write_mbs,0.000000
1779724865.411,/node/io_write_mbs,0.000000
1779724865.900,/node/io_write_mbs,0.000000
1779724866.400,/node/io_write_mbs,0.046881
1779724866.900,/node/io_write_mbs,0.000000
1779724867.401,/node/io_write_mbs,0.015618
1779724867.900,/node/io_write_mbs,0.000000
1779724868.400,/node/io_write_mbs,0.000000
1779724868.900,/node/io_write_mbs,0.000000
1779724869.401,/node/io_write_mbs,0.000000
1779724869.902,/node/io_write_mbs,0.000000
1779724870.402,/node/io_write_mbs,0.000000
1779724870.902,/node/io_write_mbs,0.000000
1779724871.402,/node/io_write_mbs,0.062510
1779724871.903,/node/io_write_mbs,0.000000
1779724872.400,/node/io_write_mbs,0.000000
1779724872.904,/node/io_write_mbs,0.000000
1779724873.400,/node/io_write_mbs,0.000000
1779724873.902,/node/io_write_mbs,0.000000
1779724874.402,/node/io_write_mbs,0.000000
1779724874.901,/node/io_write_mbs,0.031243
1779724875.401,/node/io_write_mbs,0.000000
1779724875.914,/node/io_write_mbs,0.000000
1779724876.406,/node/io_write_mbs,0.046869
1779724876.904,/node/io_write_mbs,0.000000
1779724877.400,/node/io_write_mbs,0.000000
1779724877.904,/node/io_write_mbs,0.031260
1779724878.401,/node/io_write_mbs,0.000000
1779724878.902,/node/io_write_mbs,0.000000
1779724879.407,/node/io_write_mbs,0.000000
1779724879.901,/node/io_write_mbs,0.000000
1779724880.403,/node/io_write_mbs,0.000000
1779724880.901,/node/io_write_mbs,0.000000
1779724881.400,/node/io_write_mbs,0.046878
1779724881.901,/node/io_write_mbs,0.000000
1779724882.400,/node/io_write_mbs,0.000000
1779724882.905,/node/io_write_mbs,0.000000
1779724883.402,/node/io_write_mbs,0.000000
1779724883.902,/node/io_write_mbs,0.000000
1779724884.402,/node/io_write_mbs,0.000000
1779724884.904,/node/io_write_mbs,0.000000
1779724885.403,/node/io_write_mbs,0.000000
1779724885.904,/node/io_write_mbs,0.000000
1779724886.404,/node/io_write_mbs,0.046874
1779724886.903,/node/io_write_mbs,0.000000
1779724887.401,/node/io_write_mbs,0.000000
1779724887.903,/node/io_write_mbs,0.000000
1779724888.402,/node/io_write_mbs,0.000000
1779724888.905,/node/io_write_mbs,0.000000
1779724889.403,/node/io_write_mbs,0.000000
1779724889.903,/node/io_write_mbs,0.000000
1779724890.403,/node/io_write_mbs,0.000000
1779724890.901,/node/io_write_mbs,0.000000
1779724891.403,/node/io_write_mbs,0.062455
1779724891.902,/node/io_write_mbs,0.000000
1779724892.405,/node/io_write_mbs,0.000000
1779724892.903,/node/io_write_mbs,0.000000
1779724893.402,/node/io_write_mbs,0.000000
1779724893.901,/node/io_write_mbs,0.000000
1779724894.405,/node/io_write_mbs,0.000000
1779724894.903,/node/io_write_mbs,0.031285
1779724895.401,/node/io_write_mbs,0.000000
1779724895.905,/node/io_write_mbs,0.000000
1779724896.404,/node/io_write_mbs,0.046857
1779724896.902,/node/io_write_mbs,0.000000
1779724897.407,/node/io_write_mbs,0.000000
1779724897.904,/node/io_write_mbs,0.000000
1779724898.400,/node/io_write_mbs,0.000000
1779724898.901,/node/io_write_mbs,0.000000
1779724899.401,/node/io_write_mbs,0.000000
1779724899.905,/node/io_write_mbs,0.000000
1779724900.402,/node/io_write_mbs,0.000000
1779724900.902,/node/io_write_mbs,0.000000
1779724901.402,/node/io_write_mbs,0.000000
1779724901.902,/node/io_write_mbs,0.000000
1779724902.404,/node/io_write_mbs,0.000000
1779724902.900,/node/io_write_mbs,0.000000
1779724903.404,/node/io_write_mbs,0.031250
1779724903.902,/node/io_write_mbs,0.000000
1779724904.402,/node/io_write_mbs,0.000000
1779724904.902,/node/io_write_mbs,0.000000
1779724905.402,/node/io_write_mbs,0.000000
1779724905.904,/node/io_write_mbs,0.000000
1779724906.411,/node/io_write_mbs,0.109425
1779724906.905,/node/io_write_mbs,0.000000
1779724907.403,/node/io_write_mbs,0.000000
1779724907.902,/node/io_write_mbs,0.000000
1779724908.402,/node/io_write_mbs,0.000000
1779724908.906,/node/io_write_mbs,0.000000
1779724909.402,/node/io_write_mbs,0.000000
1779724909.907,/node/io_write_mbs,0.000000
1779724910.404,/node/io_write_mbs,0.000000
1779724910.902,/node/io_write_mbs,0.000000
1779724911.406,/node/io_write_mbs,0.046876
1779724911.906,/node/io_write_mbs,0.109375
1779724912.406,/node/io_write_mbs,0.000000
1779724912.904,/node/io_write_mbs,0.000000
1779724913.403,/node/io_write_mbs,0.000000
1779724913.903,/node/io_write_mbs,0.000000
1779724914.403,/node/io_write_mbs,0.000000
1779724914.906,/node/io_write_mbs,0.000000
1779724915.405,/node/io_write_mbs,0.000000
1779724915.903,/node/io_write_mbs,0.000000
1779724916.402,/node/io_write_mbs,0.031252
1779724916.918,/node/io_write_mbs,0.015610
1779724917.403,/node/io_write_mbs,0.000000
1779724917.908,/node/io_write_mbs,0.000000
1779724918.404,/node/io_write_mbs,0.000000
1779724918.903,/node/io_write_mbs,0.000000
1779724919.403,/node/io_write_mbs,0.000000
1779724919.906,/node/io_write_mbs,0.000000
1779724920.404,/node/io_write_mbs,0.000000
1779724920.906,/node/io_write_mbs,0.000000
1779724921.404,/node/io_write_mbs,0.031254
1779724921.905,/node/io_write_mbs,0.015630
1779724922.404,/node/io_write_mbs,0.000000
1779724922.904,/node/io_write_mbs,0.000000
1779724923.404,/node/io_write_mbs,0.000000
1779724923.906,/node/io_write_mbs,0.000000
1779724924.406,/node/io_write_mbs,0.000000
1779724924.902,/node/io_write_mbs,0.000000
1779724925.404,/node/io_write_mbs,0.000000
1779724925.906,/node/io_write_mbs,0.000000
1779724926.403,/node/io_write_mbs,0.031234
1779724926.904,/node/io_write_mbs,0.015627
1779724927.404,/node/io_write_mbs,0.000000
1779724927.904,/node/io_write_mbs,0.000000
1779724928.402,/node/io_write_mbs,0.000000
1779724928.906,/node/io_write_mbs,0.000000
1779724929.403,/node/io_write_mbs,0.000000
1779724929.906,/node/io_write_mbs,0.000000
1779724930.405,/node/io_write_mbs,0.000000
1779724930.902,/node/io_write_mbs,0.000000
1779724931.402,/node/io_write_mbs,0.000000
1779724931.904,/node/io_write_mbs,0.062508
1779724932.404,/node/io_write_mbs,0.000000
1779724932.902,/node/io_write_mbs,0.000000
1779724933.402,/node/io_write_mbs,0.000000
1779724933.902,/node/io_write_mbs,0.000000
1779724934.402,/node/io_write_mbs,0.000000
1779724934.902,/node/io_write_mbs,0.062528
1779724935.402,/node/io_write_mbs,0.000000
1779724935.903,/node/io_write_mbs,0.000000
1779724936.406,/node/io_write_mbs,0.000000
1779724936.902,/node/io_write_mbs,0.046879
1779724937.406,/node/io_write_mbs,0.000000
1779724937.903,/node/io_write_mbs,0.000000
1779724938.402,/node/io_write_mbs,0.000000
1779724938.905,/node/io_write_mbs,0.000000
1779724939.403,/node/io_write_mbs,0.000000
1779724939.902,/node/io_write_mbs,0.015633
1779724940.402,/node/io_write_mbs,0.000000
1779724940.904,/node/io_write_mbs,0.000000
1779724941.406,/node/io_write_mbs,0.000000
1779724941.902,/node/io_write_mbs,0.046882
1779724942.402,/node/io_write_mbs,0.000000
1779724942.903,/node/io_write_mbs,0.000000
1779724943.402,/node/io_write_mbs,0.000000
1779724943.905,/node/io_write_mbs,0.000000
1779724944.403,/node/io_write_mbs,0.000000
1779724944.902,/node/io_write_mbs,0.000000
1779724945.403,/node/io_write_mbs,0.000000
1779724945.907,/node/io_write_mbs,0.000000
1779724946.403,/node/io_write_mbs,0.000000
1779724946.904,/node/io_write_mbs,0.046864
1779724947.402,/node/io_write_mbs,0.000000
1779724947.902,/node/io_write_mbs,0.000000
1779724948.402,/node/io_write_mbs,0.000000
1779724948.902,/node/io_write_mbs,0.000000
1779724949.402,/node/io_write_mbs,0.000000
1779724949.902,/node/io_write_mbs,0.000000
1779724950.403,/node/io_write_mbs,0.000000
1779724950.905,/node/io_write_mbs,0.000000
1779724951.404,/node/io_write_mbs,0.000000
1779724951.903,/node/io_write_mbs,0.031260
1779724952.404,/node/io_write_mbs,0.000000
1779724952.904,/node/io_write_mbs,0.000000
1779724953.404,/node/io_write_mbs,0.000000
1779724953.904,/node/io_write_mbs,0.000000
1779724954.403,/node/io_write_mbs,0.000000
1779724954.904,/node/io_write_mbs,0.000000
1779724955.403,/node/io_write_mbs,0.109388
1779724955.902,/node/io_write_mbs,0.000000
1779724956.403,/node/io_write_mbs,0.000000
1779724956.906,/node/io_write_mbs,0.000000
1779724957.403,/node/io_write_mbs,0.000000
1779724957.904,/node/io_write_mbs,0.000000
1779724958.402,/node/io_write_mbs,0.000000
1779724958.904,/node/io_write_mbs,0.000000
1779724959.403,/node/io_write_mbs,0.000000
1779724959.904,/node/io_write_mbs,0.000000
1779724960.404,/node/io_write_mbs,0.062487
1779724960.902,/node/io_write_mbs,0.000000
1779724961.402,/node/io_write_mbs,0.000000
1779724961.908,/node/io_write_mbs,0.046866
1779724962.406,/node/io_write_mbs,0.000000
1779724962.902,/node/io_write_mbs,0.000000
1779724963.404,/node/io_write_mbs,0.000000
1779724963.903,/node/io_write_mbs,0.000000
1779724964.409,/node/io_write_mbs,0.000000
1779724964.906,/node/io_write_mbs,0.000000
1779724965.416,/node/io_write_mbs,0.000000
1779724965.905,/node/io_write_mbs,0.000000
1779724966.403,/node/io_write_mbs,0.000000
1779724966.905,/node/io_write_mbs,0.062413
1779724967.406,/node/io_write_mbs,0.000000
1779724967.904,/node/io_write_mbs,0.000000
1779724968.405,/node/io_write_mbs,0.000000
1779724968.904,/node/io_write_mbs,0.000000
1779724969.404,/node/io_write_mbs,0.000000
1779724969.905,/node/io_write_mbs,0.000000
1779724970.405,/node/io_write_mbs,0.000000
1779724970.903,/node/io_write_mbs,0.000000
1779724971.404,/node/io_write_mbs,0.000000
1779724971.905,/node/io_write_mbs,0.109389
1779724972.406,/node/io_write_mbs,0.015614
1779724972.906,/node/io_write_mbs,0.000000
1779724973.406,/node/io_write_mbs,0.000000
1779724973.905,/node/io_write_mbs,0.000000
1779724974.406,/node/io_write_mbs,0.000000
1779724974.907,/node/io_write_mbs,0.000000
1779724975.404,/node/io_write_mbs,0.000000
1779724975.904,/node/io_write_mbs,0.000000
1779724976.406,/node/io_write_mbs,0.000000
1779724976.906,/node/io_write_mbs,0.046882
1779724977.403,/node/io_write_mbs,0.000000
1779724977.907,/node/io_write_mbs,0.000000
1779724978.405,/node/io_write_mbs,0.000000
1779724978.904,/node/io_write_mbs,0.000000
1779724979.404,/node/io_write_mbs,0.000000
1779724979.904,/node/io_write_mbs,0.000000
1779724980.404,/node/io_write_mbs,0.000000
1779724980.904,/node/io_write_mbs,0.000000
1779724981.405,/node/io_write_mbs,0.000000
1779724981.904,/node/io_write_mbs,0.046891
1779724982.404,/node/io_write_mbs,0.000000
1779724982.905,/node/io_write_mbs,0.000000
1779724983.405,/node/io_write_mbs,0.000000
1779724983.906,/node/io_write_mbs,0.000000
1779724840.371,/llava/metrics_inference_ms,36826.777344
1779724900.468,/llava/metrics_inference_ms,36865.644531
1779724960.504,/llava/metrics_inference_ms,36854.515625
1779724840.372,/llava/metrics_latency_ms,36855.011719
1779724900.464,/llava/metrics_latency_ms,36889.628906
1779724960.517,/llava/metrics_latency_ms,36882.785156
