timestamp_unix,topic,value
1779198892.610,/node/cpu_percent,35.000000
1779198892.783,/node/cpu_percent,35.910225
1779198892.894,/node/cpu_percent,35.980148
1779198893.110,/node/cpu_percent,35.338345
1779198893.282,/node/cpu_percent,34.760704
1779198893.392,/node/cpu_percent,36.000000
1779198893.609,/node/cpu_percent,36.318409
1779198893.781,/node/cpu_percent,35.678391
1779198893.892,/node/cpu_percent,34.015347
1779198894.107,/node/cpu_percent,35.877861
1779198894.282,/node/cpu_percent,36.616161
1779198894.392,/node/cpu_percent,36.934673
1779198894.607,/node/cpu_percent,35.353535
1779198894.784,/node/cpu_percent,34.848484
1779198894.892,/node/cpu_percent,35.250000
1779198895.106,/node/cpu_percent,34.673367
1779198895.282,/node/cpu_percent,34.924622
1779198895.392,/node/cpu_percent,34.605598
1779198895.609,/node/cpu_percent,34.438774
1779198895.783,/node/cpu_percent,34.605598
1779198895.892,/node/cpu_percent,35.012596
1779198896.109,/node/cpu_percent,35.500000
1779198896.282,/node/cpu_percent,35.087719
1779198896.392,/node/cpu_percent,34.595959
1779198896.609,/node/cpu_percent,34.760704
1779198896.780,/node/cpu_percent,34.430378
1779198896.891,/node/cpu_percent,34.924622
1779198897.107,/node/cpu_percent,34.760704
1779198897.282,/node/cpu_percent,35.338345
1779198897.392,/node/cpu_percent,35.012596
1779198897.607,/node/cpu_percent,34.263958
1779198897.782,/node/cpu_percent,33.838383
1779198897.893,/node/cpu_percent,33.333332
1779198898.107,/node/cpu_percent,33.333332
1779198898.282,/node/cpu_percent,34.263958
1779198898.395,/node/cpu_percent,34.605598
1779198898.607,/node/cpu_percent,35.038364
1779198898.782,/node/cpu_percent,34.438774
1779198898.892,/node/cpu_percent,34.183674
1779198899.107,/node/cpu_percent,33.670887
1779198899.282,/node/cpu_percent,33.333332
1779198899.391,/node/cpu_percent,33.924049
1779198899.607,/node/cpu_percent,34.750000
1779198899.782,/node/cpu_percent,35.396038
1779198899.893,/node/cpu_percent,35.396038
1779198900.109,/node/cpu_percent,35.250000
1779198900.282,/node/cpu_percent,34.508816
1779198900.392,/node/cpu_percent,34.177216
1779198900.609,/node/cpu_percent,33.670887
1779198900.782,/node/cpu_percent,32.992329
1779198900.893,/node/cpu_percent,32.992329
1779198901.107,/node/cpu_percent,35.128204
1779198901.281,/node/cpu_percent,41.561714
1779198901.396,/node/cpu_percent,44.723618
1779198901.607,/node/cpu_percent,49.246231
1779198901.782,/node/cpu_percent,49.118389
1779198901.891,/node/cpu_percent,49.373432
1779198902.107,/node/cpu_percent,44.250000
1779198902.284,/node/cpu_percent,40.506329
1779198902.392,/node/cpu_percent,37.055836
1779198902.607,/node/cpu_percent,36.548222
1779198902.783,/node/cpu_percent,35.588974
1779198902.893,/node/cpu_percent,35.353535
1779198903.107,/node/cpu_percent,35.338345
1779198903.281,/node/cpu_percent,36.090225
1779198903.394,/node/cpu_percent,36.815922
1779198903.608,/node/cpu_percent,38.059700
1779198903.781,/node/cpu_percent,36.750000
1779198903.892,/node/cpu_percent,35.768261
1779198904.109,/node/cpu_percent,33.928570
1779198904.281,/node/cpu_percent,34.517765
1779198904.391,/node/cpu_percent,35.588974
1779198904.609,/node/cpu_percent,35.910225
1779198904.781,/node/cpu_percent,35.338345
1779198904.892,/node/cpu_percent,34.683544
1779198905.107,/node/cpu_percent,34.005039
1779198905.281,/node/cpu_percent,33.585857
1779198905.392,/node/cpu_percent,33.333332
1779198905.607,/node/cpu_percent,33.838383
1779198905.782,/node/cpu_percent,34.663342
1779198905.893,/node/cpu_percent,37.157108
1779198906.109,/node/cpu_percent,39.493671
1779198906.284,/node/cpu_percent,39.386189
1779198906.393,/node/cpu_percent,37.404579
1779198906.608,/node/cpu_percent,34.848484
1779198906.780,/node/cpu_percent,34.848484
1779198906.891,/node/cpu_percent,34.848484
1779198907.107,/node/cpu_percent,34.760704
1779198907.282,/node/cpu_percent,34.422112
1779198907.393,/node/cpu_percent,34.422112
1779198907.607,/node/cpu_percent,34.508816
1779198907.780,/node/cpu_percent,35.338345
1779198907.892,/node/cpu_percent,34.760704
1779198908.107,/node/cpu_percent,35.087719
1779198908.280,/node/cpu_percent,35.087719
1779198908.390,/node/cpu_percent,36.159599
1779198908.605,/node/cpu_percent,41.750000
1779198908.782,/node/cpu_percent,42.462311
1779198908.892,/node/cpu_percent,43.147209
1779198909.107,/node/cpu_percent,38.734177
1779198909.281,/node/cpu_percent,38.000000
1779198909.390,/node/cpu_percent,36.318409
1779198909.606,/node/cpu_percent,34.900990
1779198909.781,/node/cpu_percent,34.170853
1779198909.891,/node/cpu_percent,36.658356
1779198910.108,/node/cpu_percent,38.888889
1779198910.281,/node/cpu_percent,39.294712
1779198910.394,/node/cpu_percent,37.055836
1779198910.608,/node/cpu_percent,36.750000
1779198910.781,/node/cpu_percent,36.972706
1779198910.893,/node/cpu_percent,37.283951
1779198911.106,/node/cpu_percent,37.092731
1779198911.280,/node/cpu_percent,41.666668
1779198911.390,/node/cpu_percent,44.670052
1779198911.608,/node/cpu_percent,49.373432
1779198911.781,/node/cpu_percent,49.118389
1779198911.890,/node/cpu_percent,48.994976
1779198912.108,/node/cpu_percent,43.002544
1779198912.281,/node/cpu_percent,38.167938
1779198912.391,/node/cpu_percent,35.114502
1779198912.606,/node/cpu_percent,34.263958
1779198912.781,/node/cpu_percent,35.012596
1779198912.893,/node/cpu_percent,35.264484
1779198913.106,/node/cpu_percent,35.839600
1779198913.281,/node/cpu_percent,35.012596
1779198913.393,/node/cpu_percent,34.848484
1779198913.608,/node/cpu_percent,33.842239
1779198913.781,/node/cpu_percent,34.010151
1779198913.891,/node/cpu_percent,33.919598
1779198914.106,/node/cpu_percent,33.919598
1779198914.282,/node/cpu_percent,33.834587
1779198914.391,/node/cpu_percent,33.417721
1779198914.607,/node/cpu_percent,34.837093
1779198914.781,/node/cpu_percent,35.264484
1779198914.891,/node/cpu_percent,35.101009
1779198915.107,/node/cpu_percent,35.087719
1779198915.281,/node/cpu_percent,34.422112
1779198915.391,/node/cpu_percent,34.673367
1779198915.607,/node/cpu_percent,34.096691
1779198915.780,/node/cpu_percent,34.096691
1779198915.892,/node/cpu_percent,34.595959
1779198916.106,/node/cpu_percent,35.175880
1779198916.280,/node/cpu_percent,35.338345
1779198916.391,/node/cpu_percent,34.924622
1779198916.606,/node/cpu_percent,35.087719
1779198916.779,/node/cpu_percent,35.012596
1779198916.890,/node/cpu_percent,35.606060
1779198917.106,/node/cpu_percent,34.015347
1779198917.280,/node/cpu_percent,34.183674
1779198917.392,/node/cpu_percent,34.090908
1779198917.607,/node/cpu_percent,34.508816
1779198917.780,/node/cpu_percent,34.837093
1779198917.891,/node/cpu_percent,34.096691
1779198918.106,/node/cpu_percent,34.430378
1779198918.281,/node/cpu_percent,34.010151
1779198918.391,/node/cpu_percent,34.508816
1779198918.606,/node/cpu_percent,35.279186
1779198918.780,/node/cpu_percent,35.516373
1779198918.891,/node/cpu_percent,35.353535
1779198919.106,/node/cpu_percent,34.430378
1779198919.281,/node/cpu_percent,35.012596
1779198919.390,/node/cpu_percent,35.338345
1779198919.607,/node/cpu_percent,35.910225
1779198919.781,/node/cpu_percent,36.500000
1779198919.893,/node/cpu_percent,36.683418
1779198920.107,/node/cpu_percent,39.097744
1779198920.280,/node/cpu_percent,37.913486
1779198920.393,/node/cpu_percent,37.500000
1779198920.607,/node/cpu_percent,34.605598
1779198920.780,/node/cpu_percent,34.263958
1779198920.890,/node/cpu_percent,34.177216
1779198921.106,/node/cpu_percent,35.459183
1779198921.281,/node/cpu_percent,41.206032
1779198921.391,/node/cpu_percent,44.444443
1779198921.606,/node/cpu_percent,49.250000
1779198921.780,/node/cpu_percent,48.607594
1779198921.892,/node/cpu_percent,47.989948
1779198922.108,/node/cpu_percent,42.025318
1779198922.280,/node/cpu_percent,37.750000
1779198922.391,/node/cpu_percent,34.924622
1779198922.606,/node/cpu_percent,35.000000
1779198922.780,/node/cpu_percent,33.928570
1779198922.890,/node/cpu_percent,34.096691
1779198923.105,/node/cpu_percent,34.010151
1779198923.281,/node/cpu_percent,34.256927
1779198923.390,/node/cpu_percent,34.500000
1779198923.605,/node/cpu_percent,34.422112
1779198923.782,/node/cpu_percent,34.586468
1779198923.890,/node/cpu_percent,34.090908
1779198924.105,/node/cpu_percent,34.256927
1779198924.279,/node/cpu_percent,34.430378
1779198924.390,/node/cpu_percent,34.924622
1779198924.607,/node/cpu_percent,34.673367
1779198924.780,/node/cpu_percent,34.673367
1779198924.890,/node/cpu_percent,34.605598
1779198925.108,/node/cpu_percent,34.271099
1779198925.280,/node/cpu_percent,34.015347
1779198925.390,/node/cpu_percent,33.924049
1779198925.605,/node/cpu_percent,34.010151
1779198925.779,/node/cpu_percent,33.838383
1779198925.890,/node/cpu_percent,36.802029
1779198926.105,/node/cpu_percent,40.452263
1779198926.281,/node/cpu_percent,41.012657
1779198926.390,/node/cpu_percent,37.913486
1779198926.605,/node/cpu_percent,34.948978
1779198926.778,/node/cpu_percent,35.025379
1779198926.888,/node/cpu_percent,35.660847
1779198927.104,/node/cpu_percent,34.760704
1779198927.279,/node/cpu_percent,34.263958
1779198927.390,/node/cpu_percent,33.333332
1779198927.605,/node/cpu_percent,34.271099
1779198927.779,/node/cpu_percent,35.012596
1779198927.889,/node/cpu_percent,35.572140
1779198928.105,/node/cpu_percent,35.411472
1779198928.280,/node/cpu_percent,34.683544
1779198928.391,/node/cpu_percent,34.605598
1779198928.606,/node/cpu_percent,35.696201
1779198928.781,/node/cpu_percent,36.250000
1779198928.891,/node/cpu_percent,35.678391
1779198929.106,/node/cpu_percent,34.430378
1779198929.279,/node/cpu_percent,33.928570
1779198929.389,/node/cpu_percent,34.517765
1779198929.606,/node/cpu_percent,33.589745
1779198929.779,/node/cpu_percent,34.615383
1779198929.891,/node/cpu_percent,34.615383
1779198930.108,/node/cpu_percent,35.516373
1779198930.281,/node/cpu_percent,35.323383
1779198930.391,/node/cpu_percent,35.074627
1779198930.604,/node/cpu_percent,35.323383
1779198930.780,/node/cpu_percent,35.162094
1779198930.890,/node/cpu_percent,35.643566
1779198931.104,/node/cpu_percent,37.376236
1779198931.279,/node/cpu_percent,41.604012
1779198931.389,/node/cpu_percent,44.162437
1779198931.606,/node/cpu_percent,48.232323
1779198931.779,/node/cpu_percent,48.750000
1779198931.891,/node/cpu_percent,49.625935
1779198932.104,/node/cpu_percent,44.250000
1779198932.279,/node/cpu_percent,39.152119
1779198932.389,/node/cpu_percent,35.411472
1779198932.604,/node/cpu_percent,34.825871
1779198932.779,/node/cpu_percent,34.500000
1779198932.889,/node/cpu_percent,34.577114
1779198933.104,/node/cpu_percent,34.085213
1779198933.280,/node/cpu_percent,34.250000
1779198933.389,/node/cpu_percent,34.085213
1779198933.604,/node/cpu_percent,33.753147
1779198933.779,/node/cpu_percent,33.333332
1779198933.888,/node/cpu_percent,33.248730
1779198934.104,/node/cpu_percent,34.422112
1779198934.278,/node/cpu_percent,35.338345
1779198934.389,/node/cpu_percent,35.660847
1779198934.605,/node/cpu_percent,35.588974
1779198934.778,/node/cpu_percent,34.848484
1779198934.889,/node/cpu_percent,34.430378
1779198935.104,/node/cpu_percent,33.333332
1779198935.278,/node/cpu_percent,33.670887
1779198935.391,/node/cpu_percent,33.756344
1779198935.605,/node/cpu_percent,34.760704
1779198935.778,/node/cpu_percent,34.595959
1779198935.889,/node/cpu_percent,34.256927
1779198936.104,/node/cpu_percent,34.438774
1779198936.278,/node/cpu_percent,34.683544
1779198936.390,/node/cpu_percent,34.848484
1779198936.604,/node/cpu_percent,33.501259
1779198936.777,/node/cpu_percent,32.307693
1779198936.888,/node/cpu_percent,32.736572
1779198937.105,/node/cpu_percent,34.085213
1779198937.278,/node/cpu_percent,34.900990
1779198937.389,/node/cpu_percent,34.250000
1779198937.604,/node/cpu_percent,33.753147
1779198937.778,/node/cpu_percent,33.670887
1779198937.890,/node/cpu_percent,34.500000
1779198938.104,/node/cpu_percent,34.912720
1779198938.278,/node/cpu_percent,36.049381
1779198938.390,/node/cpu_percent,35.572140
1779198938.606,/node/cpu_percent,35.678391
1779198938.778,/node/cpu_percent,34.595959
1779198938.888,/node/cpu_percent,34.848484
1779198939.103,/node/cpu_percent,34.090908
1779198939.278,/node/cpu_percent,33.924049
1779198939.390,/node/cpu_percent,34.005039
1779198939.601,/node/cpu_percent,33.333332
1779198939.780,/node/cpu_percent,34.263958
1779198939.891,/node/cpu_percent,34.010151
1779198940.103,/node/cpu_percent,34.343433
1779198940.277,/node/cpu_percent,33.502537
1779198940.392,/node/cpu_percent,34.343433
1779198940.603,/node/cpu_percent,35.572140
1779198940.778,/node/cpu_percent,36.363636
1779198940.888,/node/cpu_percent,36.363636
1779198941.104,/node/cpu_percent,37.438423
1779198941.278,/node/cpu_percent,42.079208
1779198941.388,/node/cpu_percent,44.080605
1779198941.605,/node/cpu_percent,47.073792
1779198941.777,/node/cpu_percent,46.819340
1779198941.888,/node/cpu_percent,47.355164
1779198942.106,/node/cpu_percent,42.857143
1779198942.278,/node/cpu_percent,37.531487
1779198942.388,/node/cpu_percent,33.924049
1779198942.607,/node/cpu_percent,33.418365
1779198942.777,/node/cpu_percent,33.418365
1779198942.888,/node/cpu_percent,33.333332
1779198943.104,/node/cpu_percent,33.668343
1779198943.279,/node/cpu_percent,33.668343
1779198943.388,/node/cpu_percent,35.074627
1779198943.603,/node/cpu_percent,34.760704
1779198943.777,/node/cpu_percent,35.101009
1779198943.888,/node/cpu_percent,34.263958
1779198944.103,/node/cpu_percent,35.087719
1779198944.277,/node/cpu_percent,34.924622
1779198944.387,/node/cpu_percent,34.760704
1779198944.602,/node/cpu_percent,34.263958
1779198944.777,/node/cpu_percent,34.177216
1779198944.888,/node/cpu_percent,34.430378
1779198945.103,/node/cpu_percent,33.756344
1779198945.277,/node/cpu_percent,34.090908
1779198945.387,/node/cpu_percent,34.005039
1779198945.603,/node/cpu_percent,34.673367
1779198945.777,/node/cpu_percent,34.010151
1779198945.887,/node/cpu_percent,36.479591
1779198946.103,/node/cpu_percent,39.593910
1779198946.277,/node/cpu_percent,39.798489
1779198946.387,/node/cpu_percent,37.500000
1779198946.603,/node/cpu_percent,34.170853
1779198946.775,/node/cpu_percent,34.422112
1779198946.886,/node/cpu_percent,34.760704
1779198947.103,/node/cpu_percent,35.750000
1779198947.277,/node/cpu_percent,35.750000
1779198947.387,/node/cpu_percent,35.012596
1779198947.603,/node/cpu_percent,33.673470
1779198947.777,/node/cpu_percent,33.842239
1779198947.888,/node/cpu_percent,33.673470
1779198948.104,/node/cpu_percent,34.010151
1779198948.277,/node/cpu_percent,33.924049
1779198948.387,/node/cpu_percent,34.500000
1779198948.604,/node/cpu_percent,35.588974
1779198948.777,/node/cpu_percent,35.606060
1779198948.888,/node/cpu_percent,35.189873
1779198949.102,/node/cpu_percent,34.430378
1779198949.276,/node/cpu_percent,34.343433
1779198949.387,/node/cpu_percent,34.848484
1779198949.601,/node/cpu_percent,33.673470
1779198949.777,/node/cpu_percent,34.343433
1779198949.887,/node/cpu_percent,33.670887
1779198950.102,/node/cpu_percent,36.842106
1779198950.277,/node/cpu_percent,35.949368
1779198950.387,/node/cpu_percent,36.040607
1779198950.602,/node/cpu_percent,33.756344
1779198950.777,/node/cpu_percent,33.503838
1779198950.887,/node/cpu_percent,33.247421
1779198951.102,/node/cpu_percent,35.549873
1779198951.277,/node/cpu_percent,40.862946
1779198951.387,/node/cpu_percent,44.836273
1779198951.603,/node/cpu_percent,49.874687
1779198951.776,/node/cpu_percent,49.750000
1779198951.887,/node/cpu_percent,49.122807
1779198952.102,/node/cpu_percent,42.784809
1779198952.277,/node/cpu_percent,37.974682
1779198952.387,/node/cpu_percent,34.683544
1779198952.603,/node/cpu_percent,34.005039
1779198952.777,/node/cpu_percent,34.005039
1779198952.889,/node/cpu_percent,34.750000
1779198953.101,/node/cpu_percent,34.739452
1779198953.276,/node/cpu_percent,36.029411
1779198953.387,/node/cpu_percent,35.784313
1779198953.603,/node/cpu_percent,35.555557
1779198953.776,/node/cpu_percent,34.825871
1779198953.888,/node/cpu_percent,34.413963
1779198954.104,/node/cpu_percent,34.085213
1779198954.277,/node/cpu_percent,34.256927
1779198954.387,/node/cpu_percent,34.263958
1779198954.603,/node/cpu_percent,34.351147
1779198954.776,/node/cpu_percent,34.096691
1779198954.888,/node/cpu_percent,34.595959
1779198955.102,/node/cpu_percent,34.760704
1779198955.276,/node/cpu_percent,34.586468
1779198955.386,/node/cpu_percent,34.256927
1779198955.604,/node/cpu_percent,34.335838
1779198955.776,/node/cpu_percent,34.090908
1779198955.886,/node/cpu_percent,34.335838
1779198956.103,/node/cpu_percent,34.663342
1779198956.275,/node/cpu_percent,33.919598
1779198956.386,/node/cpu_percent,33.668343
1779198956.601,/node/cpu_percent,32.736572
1779198956.774,/node/cpu_percent,33.417721
1779198956.884,/node/cpu_percent,33.838383
1779198957.101,/node/cpu_percent,34.000000
1779198957.275,/node/cpu_percent,33.919598
1779198957.386,/node/cpu_percent,33.585857
1779198957.603,/node/cpu_percent,34.170853
1779198957.775,/node/cpu_percent,33.919598
1779198957.886,/node/cpu_percent,33.668343
1779198958.102,/node/cpu_percent,33.919598
1779198958.276,/node/cpu_percent,34.250000
1779198958.386,/node/cpu_percent,34.085213
1779198958.602,/node/cpu_percent,33.333332
1779198958.775,/node/cpu_percent,33.759590
1779198958.886,/node/cpu_percent,34.015347
1779198959.103,/node/cpu_percent,34.760704
1779198959.276,/node/cpu_percent,34.586468
1779198959.387,/node/cpu_percent,34.912720
1779198959.599,/node/cpu_percent,34.177216
1779198959.775,/node/cpu_percent,34.508816
1779198959.887,/node/cpu_percent,34.343433
1779198960.101,/node/cpu_percent,35.483871
1779198960.275,/node/cpu_percent,34.343433
1779198960.386,/node/cpu_percent,34.177216
1779198960.601,/node/cpu_percent,33.333332
1779198960.776,/node/cpu_percent,34.430378
1779198960.886,/node/cpu_percent,34.848484
1779198961.099,/node/cpu_percent,36.432159
1779198961.275,/node/cpu_percent,40.656567
1779198961.386,/node/cpu_percent,43.576828
1779198961.600,/node/cpu_percent,47.594936
1779198961.775,/node/cpu_percent,47.208122
1779198961.886,/node/cpu_percent,47.058823
1779198962.103,/node/cpu_percent,44.529263
1779198962.277,/node/cpu_percent,42.065491
1779198962.387,/node/cpu_percent,39.348370
1779198962.602,/node/cpu_percent,36.250000
1779198962.774,/node/cpu_percent,34.663342
1779198962.887,/node/cpu_percent,34.250000
1779198963.101,/node/cpu_percent,34.413963
1779198963.275,/node/cpu_percent,33.753147
1779198963.386,/node/cpu_percent,34.170853
1779198963.600,/node/cpu_percent,34.256927
1779198963.774,/node/cpu_percent,35.000000
1779198963.885,/node/cpu_percent,34.837093
1779198964.102,/node/cpu_percent,34.750000
1779198964.277,/node/cpu_percent,34.663342
1779198964.385,/node/cpu_percent,34.000000
1779198964.600,/node/cpu_percent,34.825871
1779198964.774,/node/cpu_percent,34.170853
1779198964.885,/node/cpu_percent,35.074627
1779198965.100,/node/cpu_percent,34.005039
1779198965.274,/node/cpu_percent,34.663342
1779198965.385,/node/cpu_percent,34.422112
1779198965.600,/node/cpu_percent,33.919598
1779198965.775,/node/cpu_percent,33.248730
1779198965.885,/node/cpu_percent,35.949368
1779198966.100,/node/cpu_percent,39.240505
1779198966.274,/node/cpu_percent,40.100250
1779198966.385,/node/cpu_percent,37.655861
1779198966.600,/node/cpu_percent,35.643566
1779198966.773,/node/cpu_percent,35.162094
1779198966.883,/node/cpu_percent,34.673367
1779198967.100,/node/cpu_percent,33.333332
1779198967.277,/node/cpu_percent,34.010151
1779198967.385,/node/cpu_percent,34.673367
1779198967.599,/node/cpu_percent,34.595959
1779198967.778,/node/cpu_percent,33.673470
1779198967.884,/node/cpu_percent,33.419022
1779198968.100,/node/cpu_percent,34.595959
1779198968.276,/node/cpu_percent,34.912720
1779198968.383,/node/cpu_percent,34.586468
1779198968.598,/node/cpu_percent,38.790932
1779198968.775,/node/cpu_percent,41.518986
1779198968.883,/node/cpu_percent,41.919193
1779198969.100,/node/cpu_percent,42.679901
1779198969.274,/node/cpu_percent,40.298508
1779198969.385,/node/cpu_percent,39.800995
1779198969.599,/node/cpu_percent,34.924622
1779198969.775,/node/cpu_percent,34.508816
1779198969.886,/node/cpu_percent,35.000000
1779198970.099,/node/cpu_percent,38.035263
1779198970.274,/node/cpu_percent,38.805969
1779198970.386,/node/cpu_percent,38.957817
1779198970.599,/node/cpu_percent,35.891090
1779198970.774,/node/cpu_percent,35.802467
1779198970.885,/node/cpu_percent,35.074627
1779198971.099,/node/cpu_percent,35.910225
1779198971.274,/node/cpu_percent,39.898991
1779198971.385,/node/cpu_percent,43.434345
1779198971.599,/node/cpu_percent,48.362720
1779198971.774,/node/cpu_percent,48.743717
1779198971.885,/node/cpu_percent,48.743717
1779198972.099,/node/cpu_percent,43.324936
1779198972.273,/node/cpu_percent,38.481014
1779198972.384,/node/cpu_percent,34.860050
1779198972.599,/node/cpu_percent,34.015347
1779198972.776,/node/cpu_percent,33.333332
1779198972.886,/node/cpu_percent,34.595959
1779198973.099,/node/cpu_percent,34.343433
1779198973.275,/node/cpu_percent,34.586468
1779198973.384,/node/cpu_percent,33.756344
1779198973.599,/node/cpu_percent,35.012596
1779198973.773,/node/cpu_percent,37.000000
1779198973.884,/node/cpu_percent,37.965260
1779198974.099,/node/cpu_percent,37.468983
1779198974.274,/node/cpu_percent,36.408978
1779198974.384,/node/cpu_percent,35.839600
1779198974.599,/node/cpu_percent,37.000000
1779198974.775,/node/cpu_percent,36.868687
1779198974.884,/node/cpu_percent,36.775818
1779198975.101,/node/cpu_percent,34.936710
1779198975.273,/node/cpu_percent,34.586468
1779198975.384,/node/cpu_percent,34.256927
1779198975.599,/node/cpu_percent,34.335838
1779198975.773,/node/cpu_percent,33.838383
1779198975.885,/node/cpu_percent,33.753147
1779198976.099,/node/cpu_percent,33.670887
1779198976.274,/node/cpu_percent,34.005039
1779198976.384,/node/cpu_percent,34.500000
1779198976.599,/node/cpu_percent,34.577114
1779198976.772,/node/cpu_percent,35.235733
1779198976.883,/node/cpu_percent,35.000000
1779198977.100,/node/cpu_percent,35.910225
1779198977.274,/node/cpu_percent,34.760704
1779198977.384,/node/cpu_percent,35.572140
1779198977.599,/node/cpu_percent,34.335838
1779198977.773,/node/cpu_percent,34.577114
1779198977.883,/node/cpu_percent,33.417721
1779198978.098,/node/cpu_percent,34.422112
1779198978.277,/node/cpu_percent,34.936710
1779198978.384,/node/cpu_percent,35.427135
1779198978.599,/node/cpu_percent,33.928570
1779198978.774,/node/cpu_percent,34.936710
1779198978.884,/node/cpu_percent,34.438774
1779198979.099,/node/cpu_percent,37.844612
1779198979.273,/node/cpu_percent,36.775818
1779198979.382,/node/cpu_percent,37.562187
1779198979.598,/node/cpu_percent,36.250000
1779198979.776,/node/cpu_percent,36.069653
1779198979.884,/node/cpu_percent,35.338345
1779198980.098,/node/cpu_percent,35.516373
1779198980.273,/node/cpu_percent,35.189873
1779198980.384,/node/cpu_percent,35.025379
1779198980.598,/node/cpu_percent,33.838383
1779198980.773,/node/cpu_percent,34.335838
1779198980.885,/node/cpu_percent,34.500000
1779198981.099,/node/cpu_percent,36.340851
1779198981.273,/node/cpu_percent,41.206032
1779198981.381,/node/cpu_percent,43.576828
1779198981.597,/node/cpu_percent,48.370926
1779198981.776,/node/cpu_percent,48.354431
1779198981.884,/node/cpu_percent,49.624062
1779198982.098,/node/cpu_percent,44.191917
1779198982.272,/node/cpu_percent,39.250000
1779198982.384,/node/cpu_percent,35.443039
1779198982.598,/node/cpu_percent,33.924049
1779198982.773,/node/cpu_percent,34.256927
1779198982.884,/node/cpu_percent,34.170853
1779198983.098,/node/cpu_percent,33.753147
1779198983.272,/node/cpu_percent,33.919598
1779198983.384,/node/cpu_percent,34.413963
1779198983.596,/node/cpu_percent,34.825871
1779198983.774,/node/cpu_percent,34.250000
1779198983.886,/node/cpu_percent,33.834587
1779198984.098,/node/cpu_percent,34.422112
1779198984.273,/node/cpu_percent,34.263958
1779198984.384,/node/cpu_percent,35.025379
1779198984.601,/node/cpu_percent,35.189873
1779198984.772,/node/cpu_percent,35.353535
1779198984.884,/node/cpu_percent,34.936710
1779198985.098,/node/cpu_percent,34.595959
1779198985.273,/node/cpu_percent,35.572140
1779198985.383,/node/cpu_percent,35.732010
1779198985.600,/node/cpu_percent,35.411472
1779198985.772,/node/cpu_percent,34.508816
1779198985.883,/node/cpu_percent,37.027706
1779198986.098,/node/cpu_percent,39.849625
1779198986.272,/node/cpu_percent,40.399002
1779198986.383,/node/cpu_percent,37.810944
1779198986.598,/node/cpu_percent,35.500000
1779198986.770,/node/cpu_percent,35.768261
1779198986.881,/node/cpu_percent,35.606060
1779198987.097,/node/cpu_percent,35.338345
1779198987.272,/node/cpu_percent,34.085213
1779198987.385,/node/cpu_percent,33.501259
1779198987.597,/node/cpu_percent,33.248730
1779198987.772,/node/cpu_percent,33.753147
1779198987.882,/node/cpu_percent,34.335838
1779198988.097,/node/cpu_percent,33.585857
1779198988.272,/node/cpu_percent,33.333332
1779198988.387,/node/cpu_percent,32.564102
1779198988.597,/node/cpu_percent,32.564102
1779198988.772,/node/cpu_percent,34.351147
1779198988.883,/node/cpu_percent,35.175880
1779198989.097,/node/cpu_percent,36.543209
1779198989.272,/node/cpu_percent,34.825871
1779198989.382,/node/cpu_percent,34.586468
1779198989.597,/node/cpu_percent,33.924049
1779198989.772,/node/cpu_percent,33.838383
1779198989.882,/node/cpu_percent,34.422112
1779198990.099,/node/cpu_percent,35.396038
1779198990.272,/node/cpu_percent,35.235733
1779198990.384,/node/cpu_percent,35.221676
1779198990.597,/node/cpu_percent,34.577114
1779198990.772,/node/cpu_percent,34.663342
1779198990.882,/node/cpu_percent,33.924049
1779198991.097,/node/cpu_percent,35.025379
1779198991.271,/node/cpu_percent,40.350876
1779198991.382,/node/cpu_percent,44.110275
1779198991.597,/node/cpu_percent,48.750000
1779198991.771,/node/cpu_percent,49.000000
1779198991.882,/node/cpu_percent,47.750000
1779198992.097,/node/cpu_percent,43.256996
1779198992.271,/node/cpu_percent,38.046272
1779198992.381,/node/cpu_percent,36.224491
1779198992.597,/node/cpu_percent,36.591480
1779198992.771,/node/cpu_percent,36.500000
1779198992.882,/node/cpu_percent,36.658356
1779198993.097,/node/cpu_percent,35.660847
1779198993.271,/node/cpu_percent,35.980148
1779198993.383,/node/cpu_percent,35.175880
1779198993.597,/node/cpu_percent,34.263958
1779198993.772,/node/cpu_percent,34.848484
1779198993.882,/node/cpu_percent,35.175880
1779198994.098,/node/cpu_percent,35.588974
1779198994.271,/node/cpu_percent,35.189873
1779198994.382,/node/cpu_percent,35.025379
1779198994.596,/node/cpu_percent,34.771572
1779198994.771,/node/cpu_percent,34.848484
1779198994.882,/node/cpu_percent,35.427135
1779198995.097,/node/cpu_percent,36.228287
1779198995.271,/node/cpu_percent,35.338345
1779198995.381,/node/cpu_percent,34.508816
1779198995.597,/node/cpu_percent,33.756344
1779198995.771,/node/cpu_percent,34.343433
1779198995.886,/node/cpu_percent,34.924622
1779198996.096,/node/cpu_percent,36.159599
1779198996.271,/node/cpu_percent,35.660847
1779198996.382,/node/cpu_percent,35.660847
1779198996.600,/node/cpu_percent,34.595959
1779198996.769,/node/cpu_percent,35.500000
1779198996.880,/node/cpu_percent,35.250000
1779198997.098,/node/cpu_percent,34.250000
1779198997.271,/node/cpu_percent,33.756344
1779198997.382,/node/cpu_percent,33.587788
1779198997.596,/node/cpu_percent,34.517765
1779198997.771,/node/cpu_percent,34.771572
1779198997.881,/node/cpu_percent,34.438774
1779198998.096,/node/cpu_percent,36.040607
1779198998.271,/node/cpu_percent,35.368958
1779198998.383,/node/cpu_percent,36.020149
1779198998.596,/node/cpu_percent,34.860050
1779198998.771,/node/cpu_percent,36.775818
1779198998.884,/node/cpu_percent,37.279598
1779198999.096,/node/cpu_percent,37.406483
1779198999.270,/node/cpu_percent,36.000000
1779198999.381,/node/cpu_percent,35.678391
1779198999.599,/node/cpu_percent,35.353535
1779198999.770,/node/cpu_percent,34.860050
1779198999.881,/node/cpu_percent,34.683544
1779199000.096,/node/cpu_percent,34.848484
1779199000.274,/node/cpu_percent,35.910225
1779199000.381,/node/cpu_percent,35.516373
1779199000.596,/node/cpu_percent,34.771572
1779199000.770,/node/cpu_percent,34.096691
1779199000.881,/node/cpu_percent,35.012596
1779199001.096,/node/cpu_percent,37.717121
1779199001.270,/node/cpu_percent,41.750000
1779199001.381,/node/cpu_percent,43.969849
1779199001.597,/node/cpu_percent,47.848103
1779199001.771,/node/cpu_percent,48.354431
1779199001.880,/node/cpu_percent,47.715736
1779199002.097,/node/cpu_percent,41.836735
1779199002.270,/node/cpu_percent,36.641220
1779199002.381,/node/cpu_percent,34.595959
1779199002.596,/node/cpu_percent,34.085213
1779199002.770,/node/cpu_percent,34.500000
1779199002.881,/node/cpu_percent,34.335838
1779199003.096,/node/cpu_percent,33.585857
1779199003.270,/node/cpu_percent,34.000000
1779199003.383,/node/cpu_percent,33.834587
1779199003.596,/node/cpu_percent,34.577114
1779199003.770,/node/cpu_percent,34.335838
1779199003.881,/node/cpu_percent,33.919598
1779199004.097,/node/cpu_percent,34.170853
1779199004.270,/node/cpu_percent,34.413963
1779199004.381,/node/cpu_percent,34.987595
1779199004.598,/node/cpu_percent,33.919598
1779199004.771,/node/cpu_percent,33.924049
1779199004.882,/node/cpu_percent,33.587788
1779199005.095,/node/cpu_percent,35.012596
1779199005.270,/node/cpu_percent,35.660847
1779199005.383,/node/cpu_percent,35.820896
1779199005.595,/node/cpu_percent,35.411472
1779199005.770,/node/cpu_percent,34.183674
1779199005.882,/node/cpu_percent,36.666668
1779199006.094,/node/cpu_percent,39.897697
1779199006.269,/node/cpu_percent,39.847717
1779199006.381,/node/cpu_percent,38.250000
1779199006.595,/node/cpu_percent,35.250000
1779199006.768,/node/cpu_percent,35.411472
1779199006.879,/node/cpu_percent,34.595959
1779199007.095,/node/cpu_percent,34.605598
1779199007.271,/node/cpu_percent,34.936710
1779199007.380,/node/cpu_percent,35.500000
1779199007.596,/node/cpu_percent,34.912720
1779199007.770,/node/cpu_percent,34.673367
1779199007.880,/node/cpu_percent,34.010151
1779199008.095,/node/cpu_percent,34.526855
1779199008.269,/node/cpu_percent,35.025379
1779199008.380,/node/cpu_percent,35.101009
1779199008.596,/node/cpu_percent,34.422112
1779199008.770,/node/cpu_percent,36.272041
1779199008.880,/node/cpu_percent,37.688442
1779199009.095,/node/cpu_percent,38.403992
1779199009.269,/node/cpu_percent,36.228287
1779199009.379,/node/cpu_percent,34.663342
1779199009.595,/node/cpu_percent,34.250000
1779199009.770,/node/cpu_percent,33.919598
1779199009.881,/node/cpu_percent,34.335838
1779199010.096,/node/cpu_percent,36.228287
1779199010.269,/node/cpu_percent,36.476425
1779199010.379,/node/cpu_percent,36.408978
1779199010.595,/node/cpu_percent,34.335838
1779199010.769,/node/cpu_percent,33.919598
1779199010.880,/node/cpu_percent,33.585857
1779199011.095,/node/cpu_percent,34.860050
1779199011.269,/node/cpu_percent,39.694656
1779199011.380,/node/cpu_percent,42.676769
1779199011.595,/node/cpu_percent,47.848103
1779199011.769,/node/cpu_percent,48.469387
1779199011.881,/node/cpu_percent,49.363869
1779199012.094,/node/cpu_percent,45.316456
1779199012.269,/node/cpu_percent,39.898991
1779199012.379,/node/cpu_percent,36.040607
1779199012.595,/node/cpu_percent,33.838383
1779199012.768,/node/cpu_percent,34.500000
1779199012.880,/node/cpu_percent,34.912720
1779199013.094,/node/cpu_percent,35.087719
1779199013.269,/node/cpu_percent,34.595959
1779199013.380,/node/cpu_percent,33.673470
1779199013.594,/node/cpu_percent,33.418365
1779199013.768,/node/cpu_percent,33.587788
1779199013.879,/node/cpu_percent,34.005039
1779199014.094,/node/cpu_percent,34.837093
1779199014.269,/node/cpu_percent,35.000000
1779199014.380,/node/cpu_percent,35.087719
1779199014.594,/node/cpu_percent,34.170853
1779199014.768,/node/cpu_percent,33.838383
1779199014.879,/node/cpu_percent,33.670887
1779199015.095,/node/cpu_percent,34.090908
1779199015.268,/node/cpu_percent,34.673367
1779199015.379,/node/cpu_percent,34.595959
1779199015.594,/node/cpu_percent,35.025379
1779199015.769,/node/cpu_percent,34.693878
1779199015.879,/node/cpu_percent,34.936710
1779199016.094,/node/cpu_percent,34.595959
1779199016.269,/node/cpu_percent,34.848484
1779199016.380,/node/cpu_percent,35.087719
1779199016.594,/node/cpu_percent,34.177216
1779199016.767,/node/cpu_percent,33.587788
1779199016.877,/node/cpu_percent,33.928570
1779199017.095,/node/cpu_percent,34.096691
1779199017.268,/node/cpu_percent,34.760704
1779199017.381,/node/cpu_percent,34.010151
1779199017.594,/node/cpu_percent,34.837093
1779199017.769,/node/cpu_percent,34.760704
1779199017.878,/node/cpu_percent,35.012596
1779199018.094,/node/cpu_percent,35.532993
1779199018.269,/node/cpu_percent,34.871796
1779199018.379,/node/cpu_percent,35.038364
1779199018.595,/node/cpu_percent,35.294117
1779199018.768,/node/cpu_percent,36.934673
1779199018.879,/node/cpu_percent,38.539043
1779199019.095,/node/cpu_percent,38.790932
1779199019.268,/node/cpu_percent,39.097744
1779199019.380,/node/cpu_percent,36.934673
1779199019.594,/node/cpu_percent,35.678391
1779199019.768,/node/cpu_percent,34.010151
1779199019.878,/node/cpu_percent,34.683544
1779199020.093,/node/cpu_percent,35.353535
1779199020.268,/node/cpu_percent,36.340851
1779199020.379,/node/cpu_percent,35.588974
1779199020.595,/node/cpu_percent,34.924622
1779199020.767,/node/cpu_percent,33.163265
1779199020.879,/node/cpu_percent,33.418365
1779199021.094,/node/cpu_percent,35.189873
1779199021.270,/node/cpu_percent,40.806046
1779199021.378,/node/cpu_percent,43.797470
1779199021.593,/node/cpu_percent,49.113926
1779199021.768,/node/cpu_percent,48.866497
1779199021.878,/node/cpu_percent,48.994976
1779199022.094,/node/cpu_percent,44.472363
1779199022.268,/node/cpu_percent,41.161617
1779199022.380,/node/cpu_percent,38.287155
1779199022.597,/node/cpu_percent,36.202530
1779199022.770,/node/cpu_percent,35.175880
1779199022.879,/node/cpu_percent,35.660847
1779199023.093,/node/cpu_percent,35.087719
1779199023.268,/node/cpu_percent,34.683544
1779199023.378,/node/cpu_percent,34.936710
1779199023.593,/node/cpu_percent,34.430378
1779199023.768,/node/cpu_percent,35.000000
1779199023.878,/node/cpu_percent,34.663342
1779199024.093,/node/cpu_percent,35.891090
1779199024.269,/node/cpu_percent,35.087719
1779199024.380,/node/cpu_percent,34.771572
1779199024.594,/node/cpu_percent,34.683544
1779199024.769,/node/cpu_percent,35.012596
1779199024.879,/node/cpu_percent,34.595959
1779199025.094,/node/cpu_percent,34.005039
1779199025.268,/node/cpu_percent,33.248730
1779199025.378,/node/cpu_percent,33.838383
1779199025.593,/node/cpu_percent,33.924049
1779199025.767,/node/cpu_percent,35.087719
1779199025.879,/node/cpu_percent,37.092731
1779199026.092,/node/cpu_percent,40.656567
1779199026.270,/node/cpu_percent,40.355331
1779199026.378,/node/cpu_percent,38.167938
1779199026.593,/node/cpu_percent,34.351147
1779199026.766,/node/cpu_percent,34.683544
1779199026.877,/node/cpu_percent,34.837093
1779199027.093,/node/cpu_percent,35.411472
1779199027.268,/node/cpu_percent,34.750000
1779199027.379,/node/cpu_percent,34.422112
1779199027.593,/node/cpu_percent,34.500000
1779199027.768,/node/cpu_percent,35.483871
1779199027.878,/node/cpu_percent,36.049381
1779199028.094,/node/cpu_percent,35.660847
1779199028.269,/node/cpu_percent,35.087719
1779199028.378,/node/cpu_percent,34.508816
1779199028.591,/node/cpu_percent,34.936710
1779199028.766,/node/cpu_percent,38.832489
1779199028.877,/node/cpu_percent,40.862946
1779199029.094,/node/cpu_percent,43.401016
1779199029.269,/node/cpu_percent,40.302265
1779199029.380,/node/cpu_percent,37.817261
1779199029.593,/node/cpu_percent,35.250000
1779199029.767,/node/cpu_percent,34.595959
1779199029.878,/node/cpu_percent,35.732010
1779199030.091,/node/cpu_percent,36.408978
1779199030.267,/node/cpu_percent,39.598999
1779199030.378,/node/cpu_percent,39.294712
1779199030.593,/node/cpu_percent,38.987343
1779199030.767,/node/cpu_percent,36.000000
1779199030.878,/node/cpu_percent,35.606060
1779199031.093,/node/cpu_percent,37.000000
1779199031.267,/node/cpu_percent,40.909092
1779199031.378,/node/cpu_percent,43.718594
1779199031.594,/node/cpu_percent,47.208122
1779199031.768,/node/cpu_percent,47.858944
1779199031.880,/node/cpu_percent,47.989948
1779199032.093,/node/cpu_percent,43.324936
1779199032.268,/node/cpu_percent,37.878788
1779199032.378,/node/cpu_percent,34.771572
1779199032.594,/node/cpu_percent,33.248730
1779199032.767,/node/cpu_percent,33.164558
1779199032.879,/node/cpu_percent,33.417721
1779199033.094,/node/cpu_percent,33.333332
1779199033.267,/node/cpu_percent,33.248730
1779199033.378,/node/cpu_percent,33.585857
1779199033.594,/node/cpu_percent,35.516373
1779199033.767,/node/cpu_percent,35.443039
1779199033.878,/node/cpu_percent,34.860050
1779199034.095,/node/cpu_percent,33.163265
1779199034.267,/node/cpu_percent,33.919598
1779199034.378,/node/cpu_percent,34.413963
1779199034.594,/node/cpu_percent,34.500000
1779199034.768,/node/cpu_percent,34.090908
1779199034.878,/node/cpu_percent,34.090908
1779199035.093,/node/cpu_percent,34.335838
1779199035.268,/node/cpu_percent,34.500000
1779199035.378,/node/cpu_percent,34.005039
1779199035.596,/node/cpu_percent,34.170853
1779199035.767,/node/cpu_percent,34.335838
1779199035.878,/node/cpu_percent,34.663342
1779199036.093,/node/cpu_percent,35.626537
1779199036.268,/node/cpu_percent,35.308643
1779199036.378,/node/cpu_percent,34.987595
1779199036.594,/node/cpu_percent,33.503838
1779199036.766,/node/cpu_percent,33.333332
1779199036.876,/node/cpu_percent,34.015347
1779199037.094,/node/cpu_percent,35.189873
1779199037.267,/node/cpu_percent,35.839600
1779199037.377,/node/cpu_percent,35.338345
1779199037.594,/node/cpu_percent,34.177216
1779199037.772,/node/cpu_percent,33.842239
1779199037.878,/node/cpu_percent,34.183674
1779199038.095,/node/cpu_percent,34.517765
1779199038.268,/node/cpu_percent,34.351147
1779199038.378,/node/cpu_percent,34.595959
1779199038.593,/node/cpu_percent,34.343433
1779199038.767,/node/cpu_percent,35.175880
1779199038.878,/node/cpu_percent,35.353535
1779199039.093,/node/cpu_percent,36.724567
1779199039.268,/node/cpu_percent,37.100739
1779199039.378,/node/cpu_percent,36.453201
1779199039.593,/node/cpu_percent,35.411472
1779199039.770,/node/cpu_percent,35.323383
1779199039.878,/node/cpu_percent,35.323383
1779199040.094,/node/cpu_percent,36.159599
1779199040.268,/node/cpu_percent,37.064678
1779199040.381,/node/cpu_percent,36.907730
1779199040.593,/node/cpu_percent,36.296295
1779199040.768,/node/cpu_percent,33.838383
1779199040.878,/node/cpu_percent,34.500000
1779199041.093,/node/cpu_percent,35.353535
1779199041.269,/node/cpu_percent,40.404041
1779199041.378,/node/cpu_percent,42.639595
1779199041.594,/node/cpu_percent,46.683674
1779199041.767,/node/cpu_percent,47.073792
1779199041.878,/node/cpu_percent,47.715736
1779199042.094,/node/cpu_percent,43.797470
1779199042.268,/node/cpu_percent,38.636364
1779199042.379,/node/cpu_percent,35.606060
1779199042.593,/node/cpu_percent,33.753147
1779199042.768,/node/cpu_percent,33.417721
1779199042.878,/node/cpu_percent,33.333332
1779199043.094,/node/cpu_percent,33.248730
1779199043.268,/node/cpu_percent,33.248730
1779199043.378,/node/cpu_percent,32.736572
1779199043.594,/node/cpu_percent,32.908165
1779199043.768,/node/cpu_percent,33.838383
1779199043.880,/node/cpu_percent,34.256927
1779199044.093,/node/cpu_percent,34.422112
1779199044.268,/node/cpu_percent,33.670887
1779199044.378,/node/cpu_percent,33.585857
1779199044.594,/node/cpu_percent,34.335838
1779199044.768,/node/cpu_percent,34.413963
1779199044.881,/node/cpu_percent,35.074627
1779199045.093,/node/cpu_percent,34.413963
1779199045.268,/node/cpu_percent,34.663342
1779199045.379,/node/cpu_percent,33.583961
1779199045.593,/node/cpu_percent,33.501259
1779199045.767,/node/cpu_percent,33.753147
1779199045.879,/node/cpu_percent,36.455696
1779199046.093,/node/cpu_percent,39.798489
1779199046.268,/node/cpu_percent,39.240505
1779199046.379,/node/cpu_percent,37.000000
1779199046.594,/node/cpu_percent,33.668343
1779199046.767,/node/cpu_percent,34.000000
1779199046.877,/node/cpu_percent,33.417721
1779199047.093,/node/cpu_percent,33.673470
1779199047.268,/node/cpu_percent,34.177216
1779199047.378,/node/cpu_percent,34.422112
1779199047.593,/node/cpu_percent,33.750000
1779199047.768,/node/cpu_percent,32.741116
1779199047.880,/node/cpu_percent,32.653061
1779199048.093,/node/cpu_percent,32.564102
1779199048.270,/node/cpu_percent,32.908165
1779199048.379,/node/cpu_percent,32.564102
1779199048.593,/node/cpu_percent,33.501259
1779199048.770,/node/cpu_percent,33.417084
1779199048.878,/node/cpu_percent,34.250000
1779199049.093,/node/cpu_percent,35.678391
1779199049.268,/node/cpu_percent,36.020149
1779199049.378,/node/cpu_percent,35.588974
1779199049.594,/node/cpu_percent,33.417721
1779199049.767,/node/cpu_percent,32.824429
1779199049.880,/node/cpu_percent,33.333332
1779199050.094,/node/cpu_percent,33.673470
1779199050.268,/node/cpu_percent,34.430378
1779199050.379,/node/cpu_percent,34.010151
1779199050.594,/node/cpu_percent,33.838383
1779199050.768,/node/cpu_percent,33.670887
1779199050.879,/node/cpu_percent,33.503838
1779199051.093,/node/cpu_percent,36.111111
1779199051.268,/node/cpu_percent,41.457287
1779199051.379,/node/cpu_percent,44.887779
1779199051.593,/node/cpu_percent,48.607594
1779199051.769,/node/cpu_percent,47.948719
1779199051.879,/node/cpu_percent,47.570332
1779199052.093,/node/cpu_percent,45.569622
1779199052.268,/node/cpu_percent,40.759495
1779199052.380,/node/cpu_percent,38.071068
1779199052.593,/node/cpu_percent,35.606060
1779199052.768,/node/cpu_percent,35.750000
1779199052.879,/node/cpu_percent,35.660847
1779199053.093,/node/cpu_percent,34.343433
1779199053.269,/node/cpu_percent,35.012596
1779199053.379,/node/cpu_percent,35.087719
1779199053.596,/node/cpu_percent,35.162094
1779199053.768,/node/cpu_percent,34.422112
1779199053.879,/node/cpu_percent,34.343433
1779199054.094,/node/cpu_percent,35.459183
1779199054.270,/node/cpu_percent,37.055836
1779199054.381,/node/cpu_percent,36.641220
1779199054.597,/node/cpu_percent,36.180904
1779199054.770,/node/cpu_percent,34.343433
1779199054.881,/node/cpu_percent,34.177216
1779199055.095,/node/cpu_percent,33.753147
1779199055.269,/node/cpu_percent,34.005039
1779199055.379,/node/cpu_percent,34.335838
1779199055.593,/node/cpu_percent,34.010151
1779199055.769,/node/cpu_percent,34.422112
1779199055.879,/node/cpu_percent,34.673367
1779199056.093,/node/cpu_percent,35.162094
1779199056.269,/node/cpu_percent,35.500000
1779199056.381,/node/cpu_percent,35.891090
1779199056.594,/node/cpu_percent,35.643566
1779199056.767,/node/cpu_percent,35.396038
1779199056.877,/node/cpu_percent,35.087719
1779199057.094,/node/cpu_percent,34.924622
1779199057.268,/node/cpu_percent,35.279186
1779199057.379,/node/cpu_percent,35.101009
1779199057.594,/node/cpu_percent,35.025379
1779199057.768,/node/cpu_percent,34.343433
1779199057.879,/node/cpu_percent,34.183674
1779199058.094,/node/cpu_percent,34.595959
1779199058.268,/node/cpu_percent,34.924622
1779199058.379,/node/cpu_percent,35.483871
1779199058.598,/node/cpu_percent,35.427135
1779199058.769,/node/cpu_percent,34.693878
1779199058.879,/node/cpu_percent,34.605598
1779199059.094,/node/cpu_percent,35.768261
1779199059.269,/node/cpu_percent,35.750000
1779199059.380,/node/cpu_percent,35.264484
1779199059.595,/node/cpu_percent,33.753147
1779199059.769,/node/cpu_percent,34.250000
1779199059.881,/node/cpu_percent,34.577114
1779199060.094,/node/cpu_percent,35.411472
1779199060.269,/node/cpu_percent,35.910225
1779199060.379,/node/cpu_percent,35.606060
1779199060.594,/node/cpu_percent,35.087719
1779199060.770,/node/cpu_percent,34.422112
1779199060.879,/node/cpu_percent,34.250000
1779199061.094,/node/cpu_percent,35.189873
1779199061.271,/node/cpu_percent,40.203564
1779199061.379,/node/cpu_percent,43.654823
1779199061.594,/node/cpu_percent,48.091602
1779199061.770,/node/cpu_percent,47.979797
1779199061.879,/node/cpu_percent,47.328243
1779199062.095,/node/cpu_percent,45.363407
1779199062.269,/node/cpu_percent,40.355331
1779199062.381,/node/cpu_percent,37.939697
1779199062.594,/node/cpu_percent,34.263958
1779199062.772,/node/cpu_percent,35.891090
1779199062.879,/node/cpu_percent,36.138615
1779199063.095,/node/cpu_percent,36.049381
1779199063.269,/node/cpu_percent,34.430378
1779199063.379,/node/cpu_percent,34.263958
1779199063.594,/node/cpu_percent,34.263958
1779199063.769,/node/cpu_percent,34.343433
1779199063.879,/node/cpu_percent,34.177216
1779199064.096,/node/cpu_percent,34.177216
1779199064.271,/node/cpu_percent,34.595959
1779199064.379,/node/cpu_percent,34.837093
1779199064.593,/node/cpu_percent,34.912720
1779199064.769,/node/cpu_percent,34.250000
1779199064.880,/node/cpu_percent,34.005039
1779199065.094,/node/cpu_percent,34.085213
1779199065.270,/node/cpu_percent,33.838383
1779199065.380,/node/cpu_percent,33.668343
1779199065.593,/node/cpu_percent,32.480820
1779199065.768,/node/cpu_percent,32.397961
1779199065.882,/node/cpu_percent,35.549873
1779199066.093,/node/cpu_percent,39.588688
1779199066.269,/node/cpu_percent,40.359898
1779199066.379,/node/cpu_percent,37.209301
1779199066.594,/node/cpu_percent,33.842239
1779199066.768,/node/cpu_percent,36.934673
1779199066.878,/node/cpu_percent,37.688442
1779199067.094,/node/cpu_percent,38.944725
1779199067.271,/node/cpu_percent,35.949368
1779199067.379,/node/cpu_percent,35.353535
1779199067.594,/node/cpu_percent,34.351147
1779199067.769,/node/cpu_percent,34.263958
1779199067.879,/node/cpu_percent,34.848484
1779199068.095,/node/cpu_percent,34.595959
1779199068.271,/node/cpu_percent,35.087719
1779199068.379,/node/cpu_percent,34.256927
1779199068.597,/node/cpu_percent,34.750000
1779199068.771,/node/cpu_percent,34.177216
1779199068.879,/node/cpu_percent,34.673367
1779199069.094,/node/cpu_percent,36.658356
1779199069.269,/node/cpu_percent,36.815922
1779199069.380,/node/cpu_percent,36.567165
1779199069.595,/node/cpu_percent,34.335838
1779199069.768,/node/cpu_percent,34.328358
1779199069.879,/node/cpu_percent,33.919598
1779199070.095,/node/cpu_percent,34.760704
1779199070.271,/node/cpu_percent,36.523930
1779199070.380,/node/cpu_percent,37.092731
1779199070.595,/node/cpu_percent,36.750000
1779199070.769,/node/cpu_percent,34.595959
1779199070.880,/node/cpu_percent,34.010151
1779199071.093,/node/cpu_percent,35.189873
1779199071.272,/node/cpu_percent,40.302265
1779199071.380,/node/cpu_percent,44.110275
1779199071.595,/node/cpu_percent,49.494949
1779199071.771,/node/cpu_percent,50.886074
1779199071.880,/node/cpu_percent,50.127228
1779199072.095,/node/cpu_percent,45.918365
1779199072.270,/node/cpu_percent,44.556961
1779199072.379,/node/cpu_percent,44.974873
1779199072.596,/node/cpu_percent,52.369076
1779198892.610,/node/gpu_percent,52.200001
1779198892.786,/node/gpu_percent,21.100000
1779198892.895,/node/gpu_percent,92.500000
1779198893.111,/node/gpu_percent,75.400002
1779198893.285,/node/gpu_percent,95.300003
1779198893.395,/node/gpu_percent,16.400000
1779198893.612,/node/gpu_percent,90.199997
1779198893.789,/node/gpu_percent,85.099998
1779198893.897,/node/gpu_percent,21.900000
1779198894.109,/node/gpu_percent,20.200001
1779198894.289,/node/gpu_percent,52.799999
1779198894.395,/node/gpu_percent,0.000000
1779198894.609,/node/gpu_percent,66.699997
1779198894.790,/node/gpu_percent,91.900002
1779198894.894,/node/gpu_percent,18.500000
1779198895.110,/node/gpu_percent,33.599998
1779198895.290,/node/gpu_percent,76.400002
1779198895.398,/node/gpu_percent,5.300000
1779198895.612,/node/gpu_percent,16.400000
1779198895.783,/node/gpu_percent,55.799999
1779198895.897,/node/gpu_percent,0.000000
1779198896.112,/node/gpu_percent,72.000000
1779198896.285,/node/gpu_percent,81.500000
1779198896.395,/node/gpu_percent,38.700001
1779198896.614,/node/gpu_percent,40.400002
1779198896.783,/node/gpu_percent,80.000000
1779198896.892,/node/gpu_percent,7.500000
1779198897.113,/node/gpu_percent,95.599998
1779198897.286,/node/gpu_percent,49.000000
1779198897.395,/node/gpu_percent,0.000000
1779198897.609,/node/gpu_percent,72.099998
1779198897.786,/node/gpu_percent,94.699997
1779198897.895,/node/gpu_percent,29.000000
1779198898.111,/node/gpu_percent,85.300003
1779198898.285,/node/gpu_percent,52.299999
1779198898.396,/node/gpu_percent,0.000000
1779198898.611,/node/gpu_percent,72.900002
1779198898.785,/node/gpu_percent,77.800003
1779198898.894,/node/gpu_percent,39.500000
1779198899.112,/node/gpu_percent,35.700001
1779198899.285,/node/gpu_percent,69.800003
1779198899.392,/node/gpu_percent,0.000000
1779198899.612,/node/gpu_percent,87.199997
1779198899.784,/node/gpu_percent,65.400002
1779198899.896,/node/gpu_percent,64.000000
1779198900.110,/node/gpu_percent,71.900002
1779198900.287,/node/gpu_percent,84.199997
1779198900.394,/node/gpu_percent,36.200001
1779198900.610,/node/gpu_percent,68.099998
1779198900.785,/node/gpu_percent,23.500000
1779198900.894,/node/gpu_percent,3.700000
1779198901.110,/node/gpu_percent,88.800003
1779198901.285,/node/gpu_percent,50.700001
1779198901.399,/node/gpu_percent,73.699997
1779198901.610,/node/gpu_percent,15.000000
1779198901.787,/node/gpu_percent,0.000000
1779198901.892,/node/gpu_percent,80.400002
1779198902.109,/node/gpu_percent,17.000000
1779198902.285,/node/gpu_percent,0.000000
1779198902.394,/node/gpu_percent,40.099998
1779198902.609,/node/gpu_percent,44.099998
1779198902.784,/node/gpu_percent,11.100000
1779198902.896,/node/gpu_percent,81.099998
1779198903.110,/node/gpu_percent,0.000000
1779198903.285,/node/gpu_percent,25.000000
1779198903.396,/node/gpu_percent,0.000000
1779198903.611,/node/gpu_percent,0.000000
1779198903.786,/node/gpu_percent,0.000000
1779198903.895,/node/gpu_percent,62.400002
1779198904.109,/node/gpu_percent,0.000000
1779198904.283,/node/gpu_percent,0.000000
1779198904.392,/node/gpu_percent,58.099998
1779198904.610,/node/gpu_percent,54.099998
1779198904.784,/node/gpu_percent,20.200001
1779198904.897,/node/gpu_percent,91.900002
1779198905.109,/node/gpu_percent,44.200001
1779198905.286,/node/gpu_percent,29.000000
1779198905.394,/node/gpu_percent,1.800000
1779198905.611,/node/gpu_percent,69.199997
1779198905.788,/node/gpu_percent,81.900002
1779198905.896,/node/gpu_percent,2.600000
1779198906.112,/node/gpu_percent,18.400000
1779198906.287,/node/gpu_percent,53.099998
1779198906.395,/node/gpu_percent,0.000000
1779198906.613,/node/gpu_percent,88.400002
1779198906.781,/node/gpu_percent,71.800003
1779198906.892,/node/gpu_percent,53.500000
1779198907.114,/node/gpu_percent,57.099998
1779198907.284,/node/gpu_percent,89.699997
1779198907.395,/node/gpu_percent,9.000000
1779198907.611,/node/gpu_percent,93.000000
1779198907.781,/node/gpu_percent,62.700001
1779198907.895,/node/gpu_percent,0.000000
1779198908.112,/node/gpu_percent,62.200001
1779198908.282,/node/gpu_percent,90.599998
1779198908.392,/node/gpu_percent,13.100000
1779198908.607,/node/gpu_percent,72.000000
1779198908.783,/node/gpu_percent,42.099998
1779198908.895,/node/gpu_percent,1.900000
1779198909.111,/node/gpu_percent,90.400002
1779198909.284,/node/gpu_percent,75.900002
1779198909.392,/node/gpu_percent,40.700001
1779198909.610,/node/gpu_percent,34.400002
1779198909.784,/node/gpu_percent,64.699997
1779198909.893,/node/gpu_percent,8.300000
1779198910.110,/node/gpu_percent,83.500000
1779198910.283,/node/gpu_percent,26.900000
1779198910.394,/node/gpu_percent,89.599998
1779198910.609,/node/gpu_percent,89.300003
1779198910.783,/node/gpu_percent,77.099998
1779198910.895,/node/gpu_percent,59.400002
1779198911.108,/node/gpu_percent,23.400000
1779198911.282,/node/gpu_percent,0.000000
1779198911.392,/node/gpu_percent,90.800003
1779198911.608,/node/gpu_percent,0.000000
1779198911.784,/node/gpu_percent,15.000000
1779198911.892,/node/gpu_percent,2.000000
1779198912.108,/node/gpu_percent,62.500000
1779198912.285,/node/gpu_percent,86.900002
1779198912.394,/node/gpu_percent,3.300000
1779198912.609,/node/gpu_percent,48.700001
1779198912.786,/node/gpu_percent,93.800003
1779198912.893,/node/gpu_percent,25.299999
1779198913.110,/node/gpu_percent,35.299999
1779198913.284,/node/gpu_percent,88.000000
1779198913.393,/node/gpu_percent,14.500000
1779198913.609,/node/gpu_percent,87.099998
1779198913.784,/node/gpu_percent,44.400002
1779198913.894,/node/gpu_percent,85.800003
1779198914.108,/node/gpu_percent,86.300003
1779198914.285,/node/gpu_percent,60.500000
1779198914.395,/node/gpu_percent,69.599998
1779198914.609,/node/gpu_percent,7.800000
1779198914.784,/node/gpu_percent,0.000000
1779198914.901,/node/gpu_percent,51.099998
1779198915.109,/node/gpu_percent,60.799999
1779198915.284,/node/gpu_percent,22.100000
1779198915.393,/node/gpu_percent,94.900002
1779198915.608,/node/gpu_percent,0.000000
1779198915.782,/node/gpu_percent,3.800000
1779198915.894,/node/gpu_percent,82.000000
1779198916.108,/node/gpu_percent,27.000000
1779198916.282,/node/gpu_percent,0.000000
1779198916.393,/node/gpu_percent,57.099998
1779198916.609,/node/gpu_percent,24.200001
1779198916.780,/node/gpu_percent,0.000000
1779198916.891,/node/gpu_percent,61.400002
1779198917.109,/node/gpu_percent,1.600000
1779198917.285,/node/gpu_percent,33.000000
1779198917.393,/node/gpu_percent,1.900000
1779198917.608,/node/gpu_percent,2.900000
1779198917.782,/node/gpu_percent,0.000000
1779198917.894,/node/gpu_percent,44.599998
1779198918.108,/node/gpu_percent,1.700000
1779198918.283,/node/gpu_percent,29.799999
1779198918.394,/node/gpu_percent,97.000000
1779198918.608,/node/gpu_percent,2.200000
1779198918.785,/node/gpu_percent,0.000000
1779198918.895,/node/gpu_percent,50.900002
1779198919.110,/node/gpu_percent,0.000000
1779198919.282,/node/gpu_percent,23.299999
1779198919.391,/node/gpu_percent,92.099998
1779198919.607,/node/gpu_percent,0.000000
1779198919.785,/node/gpu_percent,22.600000
1779198919.894,/node/gpu_percent,0.000000
1779198920.107,/node/gpu_percent,5.900000
1779198920.282,/node/gpu_percent,95.500000
1779198920.397,/node/gpu_percent,37.799999
1779198920.607,/node/gpu_percent,68.599998
1779198920.783,/node/gpu_percent,37.700001
1779198920.895,/node/gpu_percent,82.000000
1779198921.110,/node/gpu_percent,95.300003
1779198921.284,/node/gpu_percent,62.799999
1779198921.399,/node/gpu_percent,67.900002
1779198921.609,/node/gpu_percent,39.700001
1779198921.784,/node/gpu_percent,4.100000
1779198921.894,/node/gpu_percent,15.100000
1779198922.109,/node/gpu_percent,85.699997
1779198922.283,/node/gpu_percent,94.300003
1779198922.393,/node/gpu_percent,20.100000
1779198922.607,/node/gpu_percent,96.900002
1779198922.784,/node/gpu_percent,92.800003
1779198922.893,/node/gpu_percent,18.600000
1779198923.109,/node/gpu_percent,18.900000
1779198923.282,/node/gpu_percent,52.700001
1779198923.393,/node/gpu_percent,0.000000
1779198923.607,/node/gpu_percent,0.000000
1779198923.785,/node/gpu_percent,21.100000
1779198923.892,/node/gpu_percent,11.400000
1779198924.108,/node/gpu_percent,38.599998
1779198924.286,/node/gpu_percent,88.000000
1779198924.393,/node/gpu_percent,18.600000
1779198924.607,/node/gpu_percent,30.100000
1779198924.783,/node/gpu_percent,65.300003
1779198924.892,/node/gpu_percent,4.400000
1779198925.108,/node/gpu_percent,80.500000
1779198925.282,/node/gpu_percent,88.699997
1779198925.392,/node/gpu_percent,20.500000
1779198925.608,/node/gpu_percent,23.100000
1779198925.780,/node/gpu_percent,41.500000
1779198925.892,/node/gpu_percent,0.000000
1779198926.107,/node/gpu_percent,92.599998
1779198926.282,/node/gpu_percent,61.000000
1779198926.392,/node/gpu_percent,0.000000
1779198926.608,/node/gpu_percent,84.400002
1779198926.779,/node/gpu_percent,66.400002
1779198926.890,/node/gpu_percent,68.000000
1779198927.110,/node/gpu_percent,34.299999
1779198927.281,/node/gpu_percent,41.799999
1779198927.392,/node/gpu_percent,5.000000
1779198927.608,/node/gpu_percent,18.700001
1779198927.782,/node/gpu_percent,36.900002
1779198927.893,/node/gpu_percent,4.500000
1779198928.109,/node/gpu_percent,26.400000
1779198928.281,/node/gpu_percent,7.800000
1779198928.398,/node/gpu_percent,94.900002
1779198928.606,/node/gpu_percent,22.200001
1779198928.782,/node/gpu_percent,7.500000
1779198928.893,/node/gpu_percent,9.200000
1779198929.109,/node/gpu_percent,89.800003
1779198929.281,/node/gpu_percent,89.800003
1779198929.390,/node/gpu_percent,26.100000
1779198929.608,/node/gpu_percent,95.300003
1779198929.783,/node/gpu_percent,23.500000
1779198929.891,/node/gpu_percent,1.600000
1779198930.111,/node/gpu_percent,67.699997
1779198930.283,/node/gpu_percent,88.099998
1779198930.391,/node/gpu_percent,2.100000
1779198930.606,/node/gpu_percent,0.000000
1779198930.780,/node/gpu_percent,1.600000
1779198930.893,/node/gpu_percent,43.599998
1779198931.106,/node/gpu_percent,0.000000
1779198931.282,/node/gpu_percent,25.000000
1779198931.391,/node/gpu_percent,4.500000
1779198931.607,/node/gpu_percent,4.100000
1779198931.781,/node/gpu_percent,1.800000
1779198931.894,/node/gpu_percent,35.400002
1779198932.107,/node/gpu_percent,2.700000
1779198932.281,/node/gpu_percent,31.000000
1779198932.392,/node/gpu_percent,92.900002
1779198932.606,/node/gpu_percent,4.900000
1779198932.781,/node/gpu_percent,0.000000
1779198932.893,/node/gpu_percent,54.599998
1779198933.108,/node/gpu_percent,0.000000
1779198933.281,/node/gpu_percent,19.299999
1779198933.393,/node/gpu_percent,89.900002
1779198933.608,/node/gpu_percent,8.500000
1779198933.782,/node/gpu_percent,0.000000
1779198933.891,/node/gpu_percent,52.799999
1779198934.107,/node/gpu_percent,57.299999
1779198934.280,/node/gpu_percent,16.299999
1779198934.390,/node/gpu_percent,74.699997
1779198934.606,/node/gpu_percent,0.000000
1779198934.784,/node/gpu_percent,25.200001
1779198934.893,/node/gpu_percent,3.400000
1779198935.107,/node/gpu_percent,1.900000
1779198935.280,/node/gpu_percent,0.000000
1779198935.392,/node/gpu_percent,40.700001
1779198935.608,/node/gpu_percent,13.200000
1779198935.780,/node/gpu_percent,53.000000
1779198935.892,/node/gpu_percent,63.599998
1779198936.106,/node/gpu_percent,0.000000
1779198936.280,/node/gpu_percent,0.000000
1779198936.390,/node/gpu_percent,50.299999
1779198936.605,/node/gpu_percent,0.000000
1779198936.780,/node/gpu_percent,0.000000
1779198936.891,/node/gpu_percent,24.600000
1779198937.107,/node/gpu_percent,91.000000
1779198937.281,/node/gpu_percent,91.099998
1779198937.392,/node/gpu_percent,22.500000
1779198937.607,/node/gpu_percent,0.000000
1779198937.779,/node/gpu_percent,1.800000
1779198937.891,/node/gpu_percent,46.500000
1779198938.107,/node/gpu_percent,0.000000
1779198938.280,/node/gpu_percent,18.400000
1779198938.390,/node/gpu_percent,26.200001
1779198938.607,/node/gpu_percent,55.799999
1779198938.780,/node/gpu_percent,39.500000
1779198938.891,/node/gpu_percent,81.500000
1779198939.107,/node/gpu_percent,33.799999
1779198939.282,/node/gpu_percent,4.500000
1779198939.391,/node/gpu_percent,23.600000
1779198939.603,/node/gpu_percent,84.800003
1779198939.781,/node/gpu_percent,51.500000
1779198939.895,/node/gpu_percent,66.800003
1779198940.106,/node/gpu_percent,43.200001
1779198940.279,/node/gpu_percent,4.500000
1779198940.394,/node/gpu_percent,28.700001
1779198940.606,/node/gpu_percent,76.000000
1779198940.780,/node/gpu_percent,47.500000
1779198940.891,/node/gpu_percent,75.699997
1779198941.106,/node/gpu_percent,51.099998
1779198941.282,/node/gpu_percent,66.099998
1779198941.392,/node/gpu_percent,0.000000
1779198941.605,/node/gpu_percent,62.700001
1779198941.782,/node/gpu_percent,77.800003
1779198941.892,/node/gpu_percent,46.000000
1779198942.106,/node/gpu_percent,32.599998
1779198942.281,/node/gpu_percent,64.900002
1779198942.391,/node/gpu_percent,0.000000
1779198942.609,/node/gpu_percent,87.500000
1779198942.780,/node/gpu_percent,71.900002
1779198942.891,/node/gpu_percent,0.500000
1779198943.107,/node/gpu_percent,44.799999
1779198943.279,/node/gpu_percent,77.400002
1779198943.392,/node/gpu_percent,6.500000
1779198943.608,/node/gpu_percent,90.900002
1779198943.779,/node/gpu_percent,52.500000
1779198943.891,/node/gpu_percent,0.000000
1779198944.111,/node/gpu_percent,79.300003
1779198944.279,/node/gpu_percent,86.900002
1779198944.389,/node/gpu_percent,38.500000
1779198944.609,/node/gpu_percent,39.900002
1779198944.780,/node/gpu_percent,28.500000
1779198944.890,/node/gpu_percent,3.600000
1779198945.109,/node/gpu_percent,82.099998
1779198945.282,/node/gpu_percent,94.000000
1779198945.390,/node/gpu_percent,10.900000
1779198945.608,/node/gpu_percent,0.000000
1779198945.780,/node/gpu_percent,3.800000
1779198945.890,/node/gpu_percent,30.200001
1779198946.105,/node/gpu_percent,0.000000
1779198946.280,/node/gpu_percent,1.900000
1779198946.390,/node/gpu_percent,57.900002
1779198946.605,/node/gpu_percent,60.500000
1779198946.777,/node/gpu_percent,25.200001
1779198946.887,/node/gpu_percent,91.099998
1779198947.104,/node/gpu_percent,4.500000
1779198947.279,/node/gpu_percent,1.600000
1779198947.390,/node/gpu_percent,71.300003
1779198947.604,/node/gpu_percent,37.900002
1779198947.781,/node/gpu_percent,1.900000
1779198947.891,/node/gpu_percent,74.699997
1779198948.105,/node/gpu_percent,75.400002
1779198948.279,/node/gpu_percent,44.200001
1779198948.391,/node/gpu_percent,83.099998
1779198948.605,/node/gpu_percent,18.299999
1779198948.781,/node/gpu_percent,0.000000
1779198948.889,/node/gpu_percent,57.400002
1779198949.104,/node/gpu_percent,57.500000
1779198949.278,/node/gpu_percent,17.299999
1779198949.390,/node/gpu_percent,93.699997
1779198949.602,/node/gpu_percent,0.000000
1779198949.782,/node/gpu_percent,8.200000
1779198949.890,/node/gpu_percent,86.099998
1779198950.106,/node/gpu_percent,0.000000
1779198950.282,/node/gpu_percent,1.600000
1779198950.391,/node/gpu_percent,46.000000
1779198950.604,/node/gpu_percent,0.000000
1779198950.779,/node/gpu_percent,0.000000
1779198950.895,/node/gpu_percent,46.000000
1779198951.105,/node/gpu_percent,80.900002
1779198951.282,/node/gpu_percent,63.599998
1779198951.389,/node/gpu_percent,53.400002
1779198951.603,/node/gpu_percent,70.099998
1779198951.779,/node/gpu_percent,25.500000
1779198951.889,/node/gpu_percent,1.900000
1779198952.111,/node/gpu_percent,81.800003
1779198952.279,/node/gpu_percent,88.800003
1779198952.391,/node/gpu_percent,33.900002
1779198952.604,/node/gpu_percent,22.000000
1779198952.785,/node/gpu_percent,50.299999
1779198952.890,/node/gpu_percent,0.000000
1779198953.106,/node/gpu_percent,73.900002
1779198953.280,/node/gpu_percent,77.400002
1779198953.389,/node/gpu_percent,0.000000
1779198953.605,/node/gpu_percent,44.099998
1779198953.778,/node/gpu_percent,79.199997
1779198953.888,/node/gpu_percent,2.200000
1779198954.104,/node/gpu_percent,92.199997
1779198954.280,/node/gpu_percent,60.299999
1779198954.389,/node/gpu_percent,0.000000
1779198954.606,/node/gpu_percent,63.900002
1779198954.781,/node/gpu_percent,95.500000
1779198954.888,/node/gpu_percent,27.700001
1779198955.108,/node/gpu_percent,30.700001
1779198955.278,/node/gpu_percent,55.700001
1779198955.391,/node/gpu_percent,0.000000
1779198955.606,/node/gpu_percent,67.199997
1779198955.779,/node/gpu_percent,91.500000
1779198955.889,/node/gpu_percent,31.100000
1779198956.106,/node/gpu_percent,24.400000
1779198956.276,/node/gpu_percent,60.700001
1779198956.389,/node/gpu_percent,0.000000
1779198956.604,/node/gpu_percent,75.599998
1779198956.775,/node/gpu_percent,85.599998
1779198956.886,/node/gpu_percent,9.900000
1779198957.103,/node/gpu_percent,33.200001
1779198957.277,/node/gpu_percent,64.800003
1779198957.391,/node/gpu_percent,0.000000
1779198957.603,/node/gpu_percent,90.900002
1779198957.779,/node/gpu_percent,70.599998
1779198957.889,/node/gpu_percent,0.000000
1779198958.106,/node/gpu_percent,59.000000
1779198958.277,/node/gpu_percent,92.400002
1779198958.389,/node/gpu_percent,16.000000
1779198958.604,/node/gpu_percent,28.700001
1779198958.777,/node/gpu_percent,59.400002
1779198958.888,/node/gpu_percent,0.000000
1779198959.104,/node/gpu_percent,73.900002
1779198959.280,/node/gpu_percent,90.099998
1779198959.388,/node/gpu_percent,32.500000
1779198959.601,/node/gpu_percent,28.799999
1779198959.780,/node/gpu_percent,54.299999
1779198959.891,/node/gpu_percent,0.000000
1779198960.106,/node/gpu_percent,62.099998
1779198960.279,/node/gpu_percent,94.099998
1779198960.390,/node/gpu_percent,24.900000
1779198960.604,/node/gpu_percent,16.100000
1779198960.780,/node/gpu_percent,57.500000
1779198960.889,/node/gpu_percent,0.000000
1779198961.101,/node/gpu_percent,78.800003
1779198961.280,/node/gpu_percent,80.500000
1779198961.389,/node/gpu_percent,10.300000
1779198961.602,/node/gpu_percent,41.200001
1779198961.780,/node/gpu_percent,75.199997
1779198961.891,/node/gpu_percent,2.100000
1779198962.104,/node/gpu_percent,19.299999
1779198962.278,/node/gpu_percent,52.700001
1779198962.388,/node/gpu_percent,0.000000
1779198962.602,/node/gpu_percent,61.299999
1779198962.778,/node/gpu_percent,92.599998
1779198962.887,/node/gpu_percent,16.799999
1779198963.104,/node/gpu_percent,18.600000
1779198963.280,/node/gpu_percent,55.200001
1779198963.387,/node/gpu_percent,0.000000
1779198963.603,/node/gpu_percent,66.500000
1779198963.777,/node/gpu_percent,90.900002
1779198963.889,/node/gpu_percent,19.100000
1779198964.102,/node/gpu_percent,16.700001
1779198964.278,/node/gpu_percent,42.000000
1779198964.388,/node/gpu_percent,0.000000
1779198964.602,/node/gpu_percent,40.400002
1779198964.776,/node/gpu_percent,74.199997
1779198964.887,/node/gpu_percent,46.700001
1779198965.104,/node/gpu_percent,1.900000
1779198965.277,/node/gpu_percent,31.900000
1779198965.387,/node/gpu_percent,1.900000
1779198965.603,/node/gpu_percent,4.500000
1779198965.777,/node/gpu_percent,0.000000
1779198965.889,/node/gpu_percent,40.700001
1779198966.100,/node/gpu_percent,12.700000
1779198966.276,/node/gpu_percent,47.700001
1779198966.387,/node/gpu_percent,0.000000
1779198966.603,/node/gpu_percent,0.000000
1779198966.774,/node/gpu_percent,10.400000
1779198966.885,/node/gpu_percent,19.400000
1779198967.102,/node/gpu_percent,23.400000
1779198967.280,/node/gpu_percent,77.800003
1779198967.388,/node/gpu_percent,53.000000
1779198967.601,/node/gpu_percent,4.400000
1779198967.781,/node/gpu_percent,38.700001
1779198967.885,/node/gpu_percent,0.000000
1779198968.104,/node/gpu_percent,62.299999
1779198968.279,/node/gpu_percent,95.300003
1779198968.384,/node/gpu_percent,23.900000
1779198968.599,/node/gpu_percent,40.200001
1779198968.776,/node/gpu_percent,88.599998
1779198968.886,/node/gpu_percent,28.600000
1779198969.105,/node/gpu_percent,38.500000
1779198969.277,/node/gpu_percent,32.700001
1779198969.389,/node/gpu_percent,2.300000
1779198969.601,/node/gpu_percent,95.699997
1779198969.777,/node/gpu_percent,65.400002
1779198969.887,/node/gpu_percent,61.299999
1779198970.102,/node/gpu_percent,62.099998
1779198970.278,/node/gpu_percent,93.099998
1779198970.386,/node/gpu_percent,30.900000
1779198970.601,/node/gpu_percent,84.099998
1779198970.777,/node/gpu_percent,54.099998
1779198970.888,/node/gpu_percent,0.000000
1779198971.101,/node/gpu_percent,68.500000
1779198971.278,/node/gpu_percent,64.699997
1779198971.387,/node/gpu_percent,54.500000
1779198971.601,/node/gpu_percent,41.299999
1779198971.776,/node/gpu_percent,11.100000
1779198971.886,/node/gpu_percent,53.599998
1779198972.101,/node/gpu_percent,64.500000
1779198972.277,/node/gpu_percent,8.700000
1779198972.389,/node/gpu_percent,91.500000
1779198972.601,/node/gpu_percent,88.500000
1779198972.777,/node/gpu_percent,0.000000
1779198972.889,/node/gpu_percent,47.400002
1779198973.102,/node/gpu_percent,85.300003
1779198973.275,/node/gpu_percent,67.300003
1779198973.387,/node/gpu_percent,46.200001
1779198973.603,/node/gpu_percent,37.900002
1779198973.778,/node/gpu_percent,88.400002
1779198973.886,/node/gpu_percent,31.200001
1779198974.102,/node/gpu_percent,86.199997
1779198974.276,/node/gpu_percent,47.299999
1779198974.386,/node/gpu_percent,0.000000
1779198974.601,/node/gpu_percent,89.199997
1779198974.776,/node/gpu_percent,52.799999
1779198974.889,/node/gpu_percent,80.599998
1779198975.102,/node/gpu_percent,0.000000
1779198975.276,/node/gpu_percent,5.800000
1779198975.386,/node/gpu_percent,91.699997
1779198975.602,/node/gpu_percent,0.000000
1779198975.777,/node/gpu_percent,6.700000
1779198975.886,/node/gpu_percent,15.800000
1779198976.103,/node/gpu_percent,0.000000
1779198976.277,/node/gpu_percent,93.199997
1779198976.389,/node/gpu_percent,17.900000
1779198976.602,/node/gpu_percent,34.500000
1779198976.773,/node/gpu_percent,79.900002
1779198976.883,/node/gpu_percent,34.700001
1779198977.101,/node/gpu_percent,16.200001
1779198977.282,/node/gpu_percent,36.200001
1779198977.389,/node/gpu_percent,7.100000
1779198977.603,/node/gpu_percent,29.299999
1779198977.776,/node/gpu_percent,63.599998
1779198977.885,/node/gpu_percent,0.000000
1779198978.100,/node/gpu_percent,1.900000
1779198978.279,/node/gpu_percent,35.000000
1779198978.388,/node/gpu_percent,1.700000
1779198978.601,/node/gpu_percent,52.500000
1779198978.775,/node/gpu_percent,66.599998
1779198978.887,/node/gpu_percent,4.500000
1779198979.106,/node/gpu_percent,67.500000
1779198979.276,/node/gpu_percent,76.199997
1779198979.384,/node/gpu_percent,49.599998
1779198979.601,/node/gpu_percent,20.000000
1779198979.776,/node/gpu_percent,0.000000
1779198979.890,/node/gpu_percent,57.900002
1779198980.100,/node/gpu_percent,0.500000
1779198980.277,/node/gpu_percent,20.500000
1779198980.388,/node/gpu_percent,0.000000
1779198980.600,/node/gpu_percent,0.000000
1779198980.775,/node/gpu_percent,45.599998
1779198980.886,/node/gpu_percent,0.000000
1779198981.102,/node/gpu_percent,76.400002
1779198981.278,/node/gpu_percent,68.800003
1779198981.383,/node/gpu_percent,84.199997
1779198981.600,/node/gpu_percent,90.699997
1779198981.776,/node/gpu_percent,53.200001
1779198981.888,/node/gpu_percent,69.300003
1779198982.100,/node/gpu_percent,30.500000
1779198982.275,/node/gpu_percent,4.500000
1779198982.388,/node/gpu_percent,32.900002
1779198982.601,/node/gpu_percent,55.000000
1779198982.775,/node/gpu_percent,10.500000
1779198982.885,/node/gpu_percent,82.300003
1779198983.102,/node/gpu_percent,0.000000
1779198983.274,/node/gpu_percent,18.700001
1779198983.386,/node/gpu_percent,91.400002
1779198983.598,/node/gpu_percent,0.000000
1779198983.775,/node/gpu_percent,16.600000
1779198983.886,/node/gpu_percent,0.000000
1779198984.101,/node/gpu_percent,0.000000
1779198984.276,/node/gpu_percent,27.900000
1779198984.386,/node/gpu_percent,0.000000
1779198984.605,/node/gpu_percent,78.400002
1779198984.776,/node/gpu_percent,48.400002
1779198984.890,/node/gpu_percent,85.400002
1779198985.102,/node/gpu_percent,85.599998
1779198985.277,/node/gpu_percent,42.799999
1779198985.389,/node/gpu_percent,86.400002
1779198985.601,/node/gpu_percent,1.900000
1779198985.775,/node/gpu_percent,3.300000
1779198985.886,/node/gpu_percent,90.599998
1779198986.101,/node/gpu_percent,0.000000
1779198986.276,/node/gpu_percent,20.900000
1779198986.385,/node/gpu_percent,0.000000
1779198986.600,/node/gpu_percent,90.199997
1779198986.772,/node/gpu_percent,54.500000
1779198986.882,/node/gpu_percent,0.000000
1779198987.099,/node/gpu_percent,84.099998
1779198987.276,/node/gpu_percent,73.599998
1779198987.385,/node/gpu_percent,51.500000
1779198987.600,/node/gpu_percent,49.900002
1779198987.777,/node/gpu_percent,91.300003
1779198987.885,/node/gpu_percent,24.400000
1779198988.099,/node/gpu_percent,75.500000
1779198988.278,/node/gpu_percent,24.200001
1779198988.387,/node/gpu_percent,95.800003
1779198988.599,/node/gpu_percent,89.099998
1779198988.777,/node/gpu_percent,43.799999
1779198988.887,/node/gpu_percent,77.400002
1779198989.099,/node/gpu_percent,20.900000
1779198989.277,/node/gpu_percent,0.000000
1779198989.387,/node/gpu_percent,38.099998
1779198989.600,/node/gpu_percent,66.300003
1779198989.777,/node/gpu_percent,27.700001
1779198989.884,/node/gpu_percent,86.199997
1779198990.101,/node/gpu_percent,0.000000
1779198990.275,/node/gpu_percent,1.600000
1779198990.386,/node/gpu_percent,72.400002
1779198990.600,/node/gpu_percent,22.700001
1779198990.775,/node/gpu_percent,0.000000
1779198990.885,/node/gpu_percent,57.799999
1779198991.101,/node/gpu_percent,63.000000
1779198991.274,/node/gpu_percent,28.900000
1779198991.385,/node/gpu_percent,89.000000
1779198991.601,/node/gpu_percent,0.000000
1779198991.775,/node/gpu_percent,2.000000
1779198991.885,/node/gpu_percent,32.799999
1779198992.099,/node/gpu_percent,16.299999
1779198992.274,/node/gpu_percent,0.000000
1779198992.385,/node/gpu_percent,61.200001
1779198992.599,/node/gpu_percent,1.900000
1779198992.775,/node/gpu_percent,39.500000
1779198992.885,/node/gpu_percent,69.500000
1779198993.101,/node/gpu_percent,0.000000
1779198993.274,/node/gpu_percent,9.300000
1779198993.385,/node/gpu_percent,25.900000
1779198993.602,/node/gpu_percent,21.100000
1779198993.774,/node/gpu_percent,50.700001
1779198993.884,/node/gpu_percent,76.900002
1779198994.098,/node/gpu_percent,0.000000
1779198994.274,/node/gpu_percent,1.600000
1779198994.385,/node/gpu_percent,42.400002
1779198994.599,/node/gpu_percent,52.799999
1779198994.774,/node/gpu_percent,18.700001
1779198994.884,/node/gpu_percent,94.199997
1779198995.100,/node/gpu_percent,4.600000
1779198995.275,/node/gpu_percent,0.000000
1779198995.385,/node/gpu_percent,58.599998
1779198995.600,/node/gpu_percent,77.400002
1779198995.775,/node/gpu_percent,53.700001
1779198995.886,/node/gpu_percent,62.700001
1779198996.099,/node/gpu_percent,66.699997
1779198996.274,/node/gpu_percent,44.200001
1779198996.387,/node/gpu_percent,0.000000
1779198996.603,/node/gpu_percent,48.700001
1779198996.773,/node/gpu_percent,63.200001
1779198996.882,/node/gpu_percent,0.000000
1779198997.101,/node/gpu_percent,29.900000
1779198997.274,/node/gpu_percent,62.500000
1779198997.383,/node/gpu_percent,64.500000
1779198997.599,/node/gpu_percent,1.600000
1779198997.774,/node/gpu_percent,40.200001
1779198997.884,/node/gpu_percent,0.000000
1779198998.100,/node/gpu_percent,93.699997
1779198998.274,/node/gpu_percent,79.199997
1779198998.385,/node/gpu_percent,34.099998
1779198998.600,/node/gpu_percent,68.300003
1779198998.774,/node/gpu_percent,35.900002
1779198998.886,/node/gpu_percent,94.300003
1779198999.101,/node/gpu_percent,74.900002
1779198999.273,/node/gpu_percent,90.300003
1779198999.382,/node/gpu_percent,3.400000
1779198999.599,/node/gpu_percent,86.099998
1779198999.775,/node/gpu_percent,93.500000
1779198999.886,/node/gpu_percent,30.400000
1779199000.098,/node/gpu_percent,2.700000
1779199000.277,/node/gpu_percent,49.099998
1779199000.386,/node/gpu_percent,0.000000
1779199000.599,/node/gpu_percent,40.900002
1779199000.773,/node/gpu_percent,66.599998
1779199000.885,/node/gpu_percent,66.699997
1779199001.101,/node/gpu_percent,0.000000
1779199001.274,/node/gpu_percent,1.900000
1779199001.383,/node/gpu_percent,37.900002
1779199001.597,/node/gpu_percent,39.500000
1779199001.772,/node/gpu_percent,21.299999
1779199001.884,/node/gpu_percent,90.199997
1779199002.097,/node/gpu_percent,4.500000
1779199002.273,/node/gpu_percent,0.000000
1779199002.385,/node/gpu_percent,47.700001
1779199002.597,/node/gpu_percent,53.700001
1779199002.773,/node/gpu_percent,14.900000
1779199002.882,/node/gpu_percent,92.800003
1779199003.100,/node/gpu_percent,0.500000
1779199003.272,/node/gpu_percent,0.000000
1779199003.385,/node/gpu_percent,63.700001
1779199003.597,/node/gpu_percent,46.500000
1779199003.774,/node/gpu_percent,4.500000
1779199003.882,/node/gpu_percent,81.599998
1779199004.098,/node/gpu_percent,0.000000
1779199004.275,/node/gpu_percent,2.700000
1779199004.384,/node/gpu_percent,78.199997
1779199004.598,/node/gpu_percent,28.500000
1779199004.771,/node/gpu_percent,0.000000
1779199004.883,/node/gpu_percent,72.900002
1779199005.099,/node/gpu_percent,62.799999
1779199005.274,/node/gpu_percent,35.099998
1779199005.385,/node/gpu_percent,89.800003
1779199005.600,/node/gpu_percent,14.800000
1779199005.773,/node/gpu_percent,0.000000
1779199005.885,/node/gpu_percent,63.900002
1779199006.095,/node/gpu_percent,89.800003
1779199006.272,/node/gpu_percent,76.599998
1779199006.386,/node/gpu_percent,39.799999
1779199006.602,/node/gpu_percent,87.599998
1779199006.769,/node/gpu_percent,71.900002
1779199006.880,/node/gpu_percent,12.600000
1779199007.099,/node/gpu_percent,16.000000
1779199007.271,/node/gpu_percent,35.900002
1779199007.385,/node/gpu_percent,5.100000
1779199007.597,/node/gpu_percent,25.600000
1779199007.772,/node/gpu_percent,43.900002
1779199007.883,/node/gpu_percent,87.000000
1779199008.098,/node/gpu_percent,0.000000
1779199008.271,/node/gpu_percent,3.900000
1779199008.384,/node/gpu_percent,36.200001
1779199008.597,/node/gpu_percent,53.500000
1779199008.774,/node/gpu_percent,8.000000
1779199008.884,/node/gpu_percent,84.900002
1779199009.099,/node/gpu_percent,13.400000
1779199009.271,/node/gpu_percent,0.000000
1779199009.382,/node/gpu_percent,44.599998
1779199009.597,/node/gpu_percent,33.400002
1779199009.772,/node/gpu_percent,0.500000
1779199009.882,/node/gpu_percent,69.199997
1779199010.098,/node/gpu_percent,2.200000
1779199010.272,/node/gpu_percent,55.799999
1779199010.382,/node/gpu_percent,63.700001
1779199010.597,/node/gpu_percent,0.000000
1779199010.772,/node/gpu_percent,9.100000
1779199010.885,/node/gpu_percent,23.900000
1779199011.098,/node/gpu_percent,8.700000
1779199011.271,/node/gpu_percent,41.099998
1779199011.382,/node/gpu_percent,79.099998
1779199011.596,/node/gpu_percent,0.000000
1779199011.771,/node/gpu_percent,4.400000
1779199011.882,/node/gpu_percent,12.200000
1779199012.096,/node/gpu_percent,0.000000
1779199012.272,/node/gpu_percent,1.900000
1779199012.383,/node/gpu_percent,30.299999
1779199012.598,/node/gpu_percent,5.800000
1779199012.770,/node/gpu_percent,48.599998
1779199012.884,/node/gpu_percent,0.000000
1779199013.097,/node/gpu_percent,2.100000
1779199013.276,/node/gpu_percent,40.000000
1779199013.382,/node/gpu_percent,0.000000
1779199013.598,/node/gpu_percent,58.700001
1779199013.775,/node/gpu_percent,97.300003
1779199013.881,/node/gpu_percent,28.700001
1779199014.097,/node/gpu_percent,24.400000
1779199014.274,/node/gpu_percent,56.599998
1779199014.382,/node/gpu_percent,0.000000
1779199014.597,/node/gpu_percent,71.400002
1779199014.774,/node/gpu_percent,90.400002
1779199014.881,/node/gpu_percent,16.000000
1779199015.097,/node/gpu_percent,34.099998
1779199015.271,/node/gpu_percent,89.300003
1779199015.383,/node/gpu_percent,18.900000
1779199015.602,/node/gpu_percent,31.799999
1779199015.772,/node/gpu_percent,37.200001
1779199015.884,/node/gpu_percent,0.000000
1779199016.095,/node/gpu_percent,50.900002
1779199016.273,/node/gpu_percent,91.199997
1779199016.381,/node/gpu_percent,16.299999
1779199016.597,/node/gpu_percent,0.000000
1779199016.768,/node/gpu_percent,17.700001
1779199016.878,/node/gpu_percent,24.200001
1779199017.097,/node/gpu_percent,2.800000
1779199017.271,/node/gpu_percent,24.500000
1779199017.381,/node/gpu_percent,87.900002
1779199017.596,/node/gpu_percent,35.099998
1779199017.772,/node/gpu_percent,0.000000
1779199017.879,/node/gpu_percent,73.800003
1779199018.098,/node/gpu_percent,0.000000
1779199018.272,/node/gpu_percent,18.500000
1779199018.383,/node/gpu_percent,83.500000
1779199018.595,/node/gpu_percent,1.600000
1779199018.771,/node/gpu_percent,75.599998
1779199018.881,/node/gpu_percent,38.799999
1779199019.095,/node/gpu_percent,80.199997
1779199019.272,/node/gpu_percent,10.300000
1779199019.382,/node/gpu_percent,80.400002
1779199019.595,/node/gpu_percent,31.500000
1779199019.771,/node/gpu_percent,1.900000
1779199019.880,/node/gpu_percent,68.000000
1779199020.095,/node/gpu_percent,32.900002
1779199020.272,/node/gpu_percent,0.000000
1779199020.382,/node/gpu_percent,51.200001
1779199020.596,/node/gpu_percent,11.900000
1779199020.769,/node/gpu_percent,50.099998
1779199020.880,/node/gpu_percent,76.599998
1779199021.096,/node/gpu_percent,0.000000
1779199021.270,/node/gpu_percent,30.400000
1779199021.381,/node/gpu_percent,4.500000
1779199021.595,/node/gpu_percent,53.599998
1779199021.776,/node/gpu_percent,90.699997
1779199021.881,/node/gpu_percent,16.500000
1779199022.099,/node/gpu_percent,38.000000
1779199022.276,/node/gpu_percent,72.599998
1779199022.381,/node/gpu_percent,5.400000
1779199022.599,/node/gpu_percent,10.500000
1779199022.772,/node/gpu_percent,54.599998
1779199022.883,/node/gpu_percent,0.000000
1779199023.097,/node/gpu_percent,80.599998
1779199023.270,/node/gpu_percent,77.599998
1779199023.380,/node/gpu_percent,45.299999
1779199023.596,/node/gpu_percent,18.200001
1779199023.773,/node/gpu_percent,39.599998
1779199023.881,/node/gpu_percent,0.000000
1779199024.096,/node/gpu_percent,59.799999
1779199024.271,/node/gpu_percent,77.400002
1779199024.381,/node/gpu_percent,53.599998
1779199024.598,/node/gpu_percent,1.600000
1779199024.774,/node/gpu_percent,26.900000
1779199024.882,/node/gpu_percent,21.200001
1779199025.095,/node/gpu_percent,23.000000
1779199025.273,/node/gpu_percent,59.799999
1779199025.382,/node/gpu_percent,40.400002
1779199025.595,/node/gpu_percent,2.200000
1779199025.773,/node/gpu_percent,34.200001
1779199025.882,/node/gpu_percent,0.000000
1779199026.093,/node/gpu_percent,0.000000
1779199026.272,/node/gpu_percent,18.600000
1779199026.381,/node/gpu_percent,12.200000
1779199026.596,/node/gpu_percent,24.200001
1779199026.767,/node/gpu_percent,53.500000
1779199026.878,/node/gpu_percent,0.000000
1779199027.096,/node/gpu_percent,0.000000
1779199027.271,/node/gpu_percent,6.200000
1779199027.382,/node/gpu_percent,23.900000
1779199027.597,/node/gpu_percent,23.299999
1779199027.773,/node/gpu_percent,59.299999
1779199027.880,/node/gpu_percent,68.599998
1779199028.095,/node/gpu_percent,0.000000
1779199028.270,/node/gpu_percent,0.000000
1779199028.380,/node/gpu_percent,40.099998
1779199028.593,/node/gpu_percent,9.400000
1779199028.767,/node/gpu_percent,53.799999
1779199028.878,/node/gpu_percent,78.099998
1779199029.098,/node/gpu_percent,1.900000
1779199029.270,/node/gpu_percent,0.000000
1779199029.382,/node/gpu_percent,74.300003
1779199029.598,/node/gpu_percent,88.000000
1779199029.771,/node/gpu_percent,89.500000
1779199029.880,/node/gpu_percent,5.000000
1779199030.096,/node/gpu_percent,77.599998
1779199030.271,/node/gpu_percent,69.099998
1779199030.381,/node/gpu_percent,51.700001
1779199030.597,/node/gpu_percent,42.400002
1779199030.771,/node/gpu_percent,73.599998
1779199030.881,/node/gpu_percent,3.900000
1779199031.098,/node/gpu_percent,95.699997
1779199031.270,/node/gpu_percent,42.799999
1779199031.383,/node/gpu_percent,0.000000
1779199031.595,/node/gpu_percent,93.000000
1779199031.771,/node/gpu_percent,61.000000
1779199031.880,/node/gpu_percent,60.200001
1779199032.096,/node/gpu_percent,41.700001
1779199032.271,/node/gpu_percent,7.600000
1779199032.379,/node/gpu_percent,18.600000
1779199032.595,/node/gpu_percent,96.099998
1779199032.770,/node/gpu_percent,56.700001
1779199032.881,/node/gpu_percent,66.800003
1779199033.094,/node/gpu_percent,61.400002
1779199033.270,/node/gpu_percent,3.200000
1779199033.380,/node/gpu_percent,23.500000
1779199033.596,/node/gpu_percent,83.900002
1779199033.770,/node/gpu_percent,44.799999
1779199033.880,/node/gpu_percent,80.900002
1779199034.095,/node/gpu_percent,63.200001
1779199034.271,/node/gpu_percent,96.099998
1779199034.380,/node/gpu_percent,16.200001
1779199034.595,/node/gpu_percent,89.300003
1779199034.771,/node/gpu_percent,59.000000
1779199034.880,/node/gpu_percent,0.000000
1779199035.099,/node/gpu_percent,54.900002
1779199035.270,/node/gpu_percent,90.099998
1779199035.382,/node/gpu_percent,11.600000
1779199035.598,/node/gpu_percent,95.800003
1779199035.771,/node/gpu_percent,65.000000
1779199035.880,/node/gpu_percent,0.000000
1779199036.097,/node/gpu_percent,70.900002
1779199036.271,/node/gpu_percent,82.099998
1779199036.380,/node/gpu_percent,45.700001
1779199036.596,/node/gpu_percent,66.000000
1779199036.767,/node/gpu_percent,88.699997
1779199036.878,/node/gpu_percent,27.600000
1779199037.103,/node/gpu_percent,94.599998
1779199037.270,/node/gpu_percent,73.199997
1779199037.379,/node/gpu_percent,41.200001
1779199037.594,/node/gpu_percent,13.300000
1779199037.774,/node/gpu_percent,29.100000
1779199037.880,/node/gpu_percent,13.800000
1779199038.096,/node/gpu_percent,16.799999
1779199038.270,/node/gpu_percent,44.400002
1779199038.382,/node/gpu_percent,91.500000
1779199038.596,/node/gpu_percent,22.900000
1779199038.769,/node/gpu_percent,8.000000
1779199038.881,/node/gpu_percent,91.199997
1779199039.096,/node/gpu_percent,22.400000
1779199039.270,/node/gpu_percent,8.500000
1779199039.381,/node/gpu_percent,10.200000
1779199039.599,/node/gpu_percent,85.300003
1779199039.772,/node/gpu_percent,94.900002
1779199039.882,/node/gpu_percent,13.200000
1779199040.095,/node/gpu_percent,10.900000
1779199040.270,/node/gpu_percent,62.200001
1779199040.382,/node/gpu_percent,0.000000
1779199040.598,/node/gpu_percent,78.500000
1779199040.771,/node/gpu_percent,78.599998
1779199040.882,/node/gpu_percent,39.900002
1779199041.097,/node/gpu_percent,37.799999
1779199041.271,/node/gpu_percent,73.300003
1779199041.381,/node/gpu_percent,9.100000
1779199041.600,/node/gpu_percent,89.000000
1779199041.770,/node/gpu_percent,28.400000
1779199041.881,/node/gpu_percent,5.500000
1779199042.095,/node/gpu_percent,75.599998
1779199042.270,/node/gpu_percent,94.300003
1779199042.381,/node/gpu_percent,12.800000
1779199042.598,/node/gpu_percent,90.500000
1779199042.771,/node/gpu_percent,37.099998
1779199042.881,/node/gpu_percent,1.600000
1779199043.097,/node/gpu_percent,92.199997
1779199043.271,/node/gpu_percent,53.400002
1779199043.381,/node/gpu_percent,64.400002
1779199043.596,/node/gpu_percent,74.699997
1779199043.773,/node/gpu_percent,85.500000
1779199043.881,/node/gpu_percent,40.700001
1779199044.096,/node/gpu_percent,55.599998
1779199044.271,/node/gpu_percent,1.900000
1779199044.382,/node/gpu_percent,76.199997
1779199044.595,/node/gpu_percent,68.599998
1779199044.772,/node/gpu_percent,24.500000
1779199044.881,/node/gpu_percent,95.900002
1779199045.095,/node/gpu_percent,0.000000
1779199045.269,/node/gpu_percent,4.500000
1779199045.381,/node/gpu_percent,92.400002
1779199045.595,/node/gpu_percent,4.500000
1779199045.769,/node/gpu_percent,0.000000
1779199045.882,/node/gpu_percent,36.900002
1779199046.096,/node/gpu_percent,40.799999
1779199046.269,/node/gpu_percent,83.800003
1779199046.383,/node/gpu_percent,34.700001
1779199046.598,/node/gpu_percent,12.600000
1779199046.769,/node/gpu_percent,59.799999
1779199046.878,/node/gpu_percent,0.000000
1779199047.096,/node/gpu_percent,0.000000
1779199047.276,/node/gpu_percent,25.400000
1779199047.382,/node/gpu_percent,1.900000
1779199047.596,/node/gpu_percent,31.500000
1779199047.772,/node/gpu_percent,49.500000
1779199047.881,/node/gpu_percent,0.000000
1779199048.095,/node/gpu_percent,12.500000
1779199048.271,/node/gpu_percent,0.000000
1779199048.382,/node/gpu_percent,74.400002
1779199048.595,/node/gpu_percent,0.000000
1779199048.771,/node/gpu_percent,0.000000
1779199048.880,/node/gpu_percent,47.599998
1779199049.095,/node/gpu_percent,53.400002
1779199049.273,/node/gpu_percent,19.000000
1779199049.380,/node/gpu_percent,91.000000
1779199049.597,/node/gpu_percent,0.000000
1779199049.769,/node/gpu_percent,0.000000
1779199049.884,/node/gpu_percent,75.500000
1779199050.097,/node/gpu_percent,22.900000
1779199050.272,/node/gpu_percent,0.000000
1779199050.382,/node/gpu_percent,58.900002
1779199050.595,/node/gpu_percent,57.400002
1779199050.770,/node/gpu_percent,13.200000
1779199050.882,/node/gpu_percent,70.500000
1779199051.096,/node/gpu_percent,0.000000
1779199051.270,/node/gpu_percent,42.900002
1779199051.382,/node/gpu_percent,0.000000
1779199051.596,/node/gpu_percent,5.900000
1779199051.770,/node/gpu_percent,65.500000
1779199051.883,/node/gpu_percent,11.900000
1779199052.095,/node/gpu_percent,82.800003
1779199052.271,/node/gpu_percent,28.400000
1779199052.382,/node/gpu_percent,16.100000
1779199052.595,/node/gpu_percent,75.500000
1779199052.772,/node/gpu_percent,57.299999
1779199052.880,/node/gpu_percent,58.099998
1779199053.095,/node/gpu_percent,64.199997
1779199053.273,/node/gpu_percent,42.400002
1779199053.382,/node/gpu_percent,0.000000
1779199053.596,/node/gpu_percent,59.799999
1779199053.770,/node/gpu_percent,82.800003
1779199053.882,/node/gpu_percent,1.600000
1779199054.095,/node/gpu_percent,0.000000
1779199054.272,/node/gpu_percent,56.400002
1779199054.381,/node/gpu_percent,0.000000
1779199054.597,/node/gpu_percent,69.000000
1779199054.771,/node/gpu_percent,90.099998
1779199054.882,/node/gpu_percent,31.600000
1779199055.095,/node/gpu_percent,27.600000
1779199055.272,/node/gpu_percent,58.900002
1779199055.381,/node/gpu_percent,0.000000
1779199055.595,/node/gpu_percent,70.900002
1779199055.776,/node/gpu_percent,89.000000
1779199055.881,/node/gpu_percent,9.600000
1779199056.094,/node/gpu_percent,35.599998
1779199056.272,/node/gpu_percent,75.000000
1779199056.381,/node/gpu_percent,3.500000
1779199056.596,/node/gpu_percent,90.300003
1779199056.768,/node/gpu_percent,65.699997
1779199056.879,/node/gpu_percent,0.000000
1779199057.095,/node/gpu_percent,48.799999
1779199057.271,/node/gpu_percent,81.500000
1779199057.384,/node/gpu_percent,3.200000
1779199057.596,/node/gpu_percent,2.300000
1779199057.772,/node/gpu_percent,33.299999
1779199057.881,/node/gpu_percent,0.000000
1779199058.095,/node/gpu_percent,57.400002
1779199058.273,/node/gpu_percent,87.400002
1779199058.381,/node/gpu_percent,25.400000
1779199058.600,/node/gpu_percent,30.500000
1779199058.770,/node/gpu_percent,90.500000
1779199058.883,/node/gpu_percent,26.000000
1779199059.099,/node/gpu_percent,56.299999
1779199059.271,/node/gpu_percent,13.200000
1779199059.381,/node/gpu_percent,17.900000
1779199059.596,/node/gpu_percent,82.000000
1779199059.774,/node/gpu_percent,46.299999
1779199059.884,/node/gpu_percent,84.300003
1779199060.097,/node/gpu_percent,17.200001
1779199060.272,/node/gpu_percent,0.000000
1779199060.384,/node/gpu_percent,74.699997
1779199060.598,/node/gpu_percent,13.500000
1779199060.771,/node/gpu_percent,0.000000
1779199060.884,/node/gpu_percent,38.799999
1779199061.098,/node/gpu_percent,7.100000
1779199061.271,/node/gpu_percent,7.100000
1779199061.381,/node/gpu_percent,7.500000
1779199061.597,/node/gpu_percent,86.699997
1779199061.772,/node/gpu_percent,68.500000
1779199061.881,/node/gpu_percent,45.900002
1779199062.097,/node/gpu_percent,58.400002
1779199062.271,/node/gpu_percent,82.800003
1779199062.382,/node/gpu_percent,1.600000
1779199062.598,/node/gpu_percent,68.500000
1779199062.774,/node/gpu_percent,87.699997
1779199062.881,/node/gpu_percent,51.500000
1779199063.097,/node/gpu_percent,0.000000
1779199063.273,/node/gpu_percent,7.300000
1779199063.382,/node/gpu_percent,29.299999
1779199063.596,/node/gpu_percent,4.000000
1779199063.771,/node/gpu_percent,28.000000
1779199063.883,/node/gpu_percent,90.400002
1779199064.097,/node/gpu_percent,32.099998
1779199064.271,/node/gpu_percent,8.900000
1779199064.384,/node/gpu_percent,94.500000
1779199064.594,/node/gpu_percent,87.199997
1779199064.771,/node/gpu_percent,91.500000
1779199064.885,/node/gpu_percent,37.900002
1779199065.096,/node/gpu_percent,59.599998
1779199065.271,/node/gpu_percent,12.700000
1779199065.383,/node/gpu_percent,87.599998
1779199065.595,/node/gpu_percent,67.599998
1779199065.772,/node/gpu_percent,20.799999
1779199065.887,/node/gpu_percent,82.500000
1779199066.095,/node/gpu_percent,0.000000
1779199066.273,/node/gpu_percent,23.900000
1779199066.383,/node/gpu_percent,91.599998
1779199066.597,/node/gpu_percent,21.400000
1779199066.771,/node/gpu_percent,61.000000
1779199066.881,/node/gpu_percent,1.600000
1779199067.098,/node/gpu_percent,88.000000
1779199067.273,/node/gpu_percent,94.500000
1779199067.382,/node/gpu_percent,28.100000
1779199067.596,/node/gpu_percent,4.600000
1779199067.773,/node/gpu_percent,26.400000
1779199067.882,/node/gpu_percent,27.200001
1779199068.097,/node/gpu_percent,72.400002
1779199068.272,/node/gpu_percent,72.099998
1779199068.383,/node/gpu_percent,32.400002
1779199068.599,/node/gpu_percent,79.599998
1779199068.773,/node/gpu_percent,89.199997
1779199068.883,/node/gpu_percent,24.600000
1779199069.098,/node/gpu_percent,17.200001
1779199069.274,/node/gpu_percent,45.599998
1779199069.383,/node/gpu_percent,0.100000
1779199069.597,/node/gpu_percent,25.400000
1779199069.770,/node/gpu_percent,41.000000
1779199069.882,/node/gpu_percent,87.599998
1779199070.099,/node/gpu_percent,0.000000
1779199070.271,/node/gpu_percent,45.799999
1779199070.384,/node/gpu_percent,0.000000
1779199070.597,/node/gpu_percent,0.000000
1779199070.776,/node/gpu_percent,86.400002
1779199070.882,/node/gpu_percent,10.200000
1779199071.096,/node/gpu_percent,33.099998
1779199071.272,/node/gpu_percent,61.200001
1779199071.383,/node/gpu_percent,0.000000
1779199071.597,/node/gpu_percent,0.000000
1779199071.772,/node/gpu_percent,23.900000
1779199071.883,/node/gpu_percent,15.800000
1779199072.097,/node/gpu_percent,18.200001
1779199072.272,/node/gpu_percent,42.200001
1779199072.381,/node/gpu_percent,86.199997
1779199072.599,/node/gpu_percent,0.000000
1779198892.619,/benchmark/inference_ms,23.295097
1779198892.663,/benchmark/inference_ms,23.949352
1779198892.710,/benchmark/inference_ms,23.992199
1779198892.756,/benchmark/inference_ms,23.282906
1779198892.800,/benchmark/inference_ms,23.562866
1779198892.845,/benchmark/inference_ms,23.699120
1779198892.890,/benchmark/inference_ms,23.457941
1779198892.935,/benchmark/inference_ms,23.224890
1779198892.980,/benchmark/inference_ms,23.847017
1779198893.024,/benchmark/inference_ms,23.646704
1779198893.069,/benchmark/inference_ms,23.368629
1779198893.118,/benchmark/inference_ms,23.460661
1779198893.158,/benchmark/inference_ms,23.777901
1779198893.203,/benchmark/inference_ms,23.318264
1779198893.248,/benchmark/inference_ms,23.590065
1779198893.293,/benchmark/inference_ms,23.860523
1779198893.339,/benchmark/inference_ms,23.857641
1779198893.383,/benchmark/inference_ms,23.535315
1779198893.430,/benchmark/inference_ms,23.362230
1779198893.473,/benchmark/inference_ms,23.711758
1779198893.518,/benchmark/inference_ms,23.375799
1779198893.563,/benchmark/inference_ms,23.367542
1779198893.608,/benchmark/inference_ms,23.842955
1779198893.655,/benchmark/inference_ms,23.732334
1779198893.696,/benchmark/inference_ms,23.490259
1779198893.741,/benchmark/inference_ms,23.703503
1779198893.787,/benchmark/inference_ms,23.335190
1779198893.831,/benchmark/inference_ms,23.241978
1779198893.876,/benchmark/inference_ms,23.967625
1779198893.924,/benchmark/inference_ms,23.882282
1779198893.966,/benchmark/inference_ms,23.383766
1779198894.012,/benchmark/inference_ms,24.684790
1779198894.057,/benchmark/inference_ms,23.722830
1779198894.101,/benchmark/inference_ms,23.367990
1779198894.146,/benchmark/inference_ms,23.411989
1779198894.191,/benchmark/inference_ms,23.660143
1779198894.237,/benchmark/inference_ms,24.640726
1779198894.285,/benchmark/inference_ms,23.938440
1779198894.329,/benchmark/inference_ms,24.312609
1779198894.374,/benchmark/inference_ms,24.611769
1779198894.419,/benchmark/inference_ms,24.448029
1779198894.464,/benchmark/inference_ms,23.862700
1779198894.511,/benchmark/inference_ms,23.708942
1779198894.555,/benchmark/inference_ms,24.380030
1779198894.601,/benchmark/inference_ms,24.513210
1779198894.646,/benchmark/inference_ms,24.284704
1779198894.691,/benchmark/inference_ms,23.474869
1779198894.737,/benchmark/inference_ms,24.192291
1779198894.788,/benchmark/inference_ms,24.240290
1779198894.827,/benchmark/inference_ms,24.546520
1779198894.873,/benchmark/inference_ms,23.643024
1779198894.918,/benchmark/inference_ms,23.642897
1779198894.966,/benchmark/inference_ms,24.494905
1779198895.011,/benchmark/inference_ms,24.419580
1779198895.056,/benchmark/inference_ms,24.077284
1779198895.102,/benchmark/inference_ms,23.608593
1779198895.147,/benchmark/inference_ms,24.322720
1779198895.193,/benchmark/inference_ms,24.443548
1779198895.239,/benchmark/inference_ms,24.398653
1779198895.285,/benchmark/inference_ms,24.174084
1779198895.330,/benchmark/inference_ms,23.542259
1779198895.377,/benchmark/inference_ms,24.690134
1779198895.422,/benchmark/inference_ms,24.433180
1779198895.468,/benchmark/inference_ms,24.029959
1779198895.513,/benchmark/inference_ms,23.631920
1779198895.559,/benchmark/inference_ms,24.229280
1779198895.606,/benchmark/inference_ms,25.494755
1779198895.652,/benchmark/inference_ms,24.653431
1779198895.698,/benchmark/inference_ms,24.650774
1779198895.742,/benchmark/inference_ms,23.550898
1779198895.789,/benchmark/inference_ms,23.509716
1779198895.834,/benchmark/inference_ms,24.540665
1779198895.879,/benchmark/inference_ms,24.356190
1779198895.924,/benchmark/inference_ms,24.388958
1779198895.970,/benchmark/inference_ms,23.425428
1779198896.016,/benchmark/inference_ms,23.886026
1779198896.061,/benchmark/inference_ms,24.310337
1779198896.107,/benchmark/inference_ms,24.276800
1779198896.153,/benchmark/inference_ms,24.153605
1779198896.197,/benchmark/inference_ms,23.890377
1779198896.244,/benchmark/inference_ms,23.575954
1779198896.291,/benchmark/inference_ms,24.259361
1779198896.335,/benchmark/inference_ms,24.401854
1779198896.380,/benchmark/inference_ms,24.588470
1779198896.427,/benchmark/inference_ms,23.832140
1779198896.472,/benchmark/inference_ms,23.727758
1779198896.518,/benchmark/inference_ms,24.259457
1779198896.563,/benchmark/inference_ms,24.252066
1779198896.609,/benchmark/inference_ms,24.236258
1779198896.655,/benchmark/inference_ms,23.628208
1779198896.700,/benchmark/inference_ms,23.591217
1779198896.745,/benchmark/inference_ms,24.599224
1779198896.791,/benchmark/inference_ms,24.452572
1779198896.835,/benchmark/inference_ms,24.240608
1779198896.880,/benchmark/inference_ms,23.581778
1779198896.927,/benchmark/inference_ms,23.950890
1779198896.972,/benchmark/inference_ms,24.796852
1779198897.018,/benchmark/inference_ms,24.289761
1779198897.064,/benchmark/inference_ms,24.007206
1779198897.110,/benchmark/inference_ms,23.684303
1779198897.155,/benchmark/inference_ms,24.129221
1779198897.200,/benchmark/inference_ms,24.485020
1779198897.248,/benchmark/inference_ms,24.619289
1779198897.293,/benchmark/inference_ms,23.865131
1779198897.339,/benchmark/inference_ms,23.660208
1779198897.385,/benchmark/inference_ms,24.210945
1779198897.431,/benchmark/inference_ms,24.219170
1779198897.476,/benchmark/inference_ms,24.041414
1779198897.520,/benchmark/inference_ms,23.194012
1779198897.565,/benchmark/inference_ms,23.380022
1779198897.614,/benchmark/inference_ms,23.874125
1779198897.656,/benchmark/inference_ms,24.332031
1779198897.700,/benchmark/inference_ms,23.997959
1779198897.746,/benchmark/inference_ms,23.999399
1779198897.792,/benchmark/inference_ms,23.425686
1779198897.837,/benchmark/inference_ms,23.649103
1779198897.883,/benchmark/inference_ms,24.157860
1779198897.928,/benchmark/inference_ms,23.932682
1779198897.973,/benchmark/inference_ms,23.988359
1779198898.016,/benchmark/inference_ms,23.574642
1779198898.062,/benchmark/inference_ms,23.407576
1779198898.109,/benchmark/inference_ms,23.883114
1779198898.154,/benchmark/inference_ms,24.106726
1779198898.199,/benchmark/inference_ms,24.367229
1779198898.245,/benchmark/inference_ms,23.637745
1779198898.289,/benchmark/inference_ms,23.121374
1779198898.335,/benchmark/inference_ms,24.174051
1779198898.379,/benchmark/inference_ms,24.149445
1779198898.424,/benchmark/inference_ms,23.391991
1779198898.472,/benchmark/inference_ms,24.564983
1779198898.518,/benchmark/inference_ms,25.199530
1779198898.564,/benchmark/inference_ms,24.201313
1779198898.609,/benchmark/inference_ms,24.037733
1779198898.655,/benchmark/inference_ms,23.451380
1779198898.701,/benchmark/inference_ms,23.709808
1779198898.747,/benchmark/inference_ms,24.933968
1779198898.792,/benchmark/inference_ms,24.143171
1779198898.837,/benchmark/inference_ms,23.961544
1779198898.883,/benchmark/inference_ms,23.678577
1779198898.927,/benchmark/inference_ms,23.482580
1779198898.973,/benchmark/inference_ms,24.054821
1779198899.018,/benchmark/inference_ms,24.326591
1779198899.064,/benchmark/inference_ms,24.191683
1779198899.111,/benchmark/inference_ms,24.197060
1779198899.153,/benchmark/inference_ms,23.421654
1779198899.199,/benchmark/inference_ms,23.926249
1779198899.246,/benchmark/inference_ms,25.325352
1779198899.290,/benchmark/inference_ms,24.290754
1779198899.336,/benchmark/inference_ms,24.146564
1779198899.381,/benchmark/inference_ms,23.294809
1779198899.425,/benchmark/inference_ms,23.833836
1779198899.472,/benchmark/inference_ms,24.304897
1779198899.519,/benchmark/inference_ms,24.361246
1779198899.563,/benchmark/inference_ms,24.152868
1779198899.610,/benchmark/inference_ms,24.256033
1779198899.655,/benchmark/inference_ms,23.675760
1779198899.700,/benchmark/inference_ms,23.241083
1779198899.746,/benchmark/inference_ms,24.527515
1779198899.793,/benchmark/inference_ms,25.222250
1779198899.840,/benchmark/inference_ms,24.894737
1779198899.885,/benchmark/inference_ms,23.652815
1779198899.930,/benchmark/inference_ms,23.810764
1779198899.976,/benchmark/inference_ms,23.589586
1779198900.022,/benchmark/inference_ms,25.099150
1779198900.069,/benchmark/inference_ms,24.512890
1779198900.114,/benchmark/inference_ms,24.506811
1779198900.159,/benchmark/inference_ms,23.512276
1779198900.205,/benchmark/inference_ms,23.517042
1779198900.251,/benchmark/inference_ms,24.325441
1779198900.297,/benchmark/inference_ms,24.446205
1779198900.342,/benchmark/inference_ms,24.124613
1779198900.387,/benchmark/inference_ms,24.343103
1779198900.432,/benchmark/inference_ms,23.505844
1779198900.478,/benchmark/inference_ms,23.621073
1779198900.524,/benchmark/inference_ms,24.343519
1779198900.570,/benchmark/inference_ms,24.174690
1779198900.615,/benchmark/inference_ms,24.119301
1779198900.660,/benchmark/inference_ms,24.317057
1779198900.706,/benchmark/inference_ms,23.777037
1779198900.752,/benchmark/inference_ms,23.635185
1779198900.797,/benchmark/inference_ms,24.205826
1779198900.843,/benchmark/inference_ms,24.158628
1779198900.889,/benchmark/inference_ms,24.565882
1779198900.934,/benchmark/inference_ms,23.939817
1779198900.980,/benchmark/inference_ms,23.695631
1779198901.028,/benchmark/inference_ms,24.879089
1779198901.072,/benchmark/inference_ms,24.505116
1779198901.118,/benchmark/inference_ms,24.180260
1779198901.164,/benchmark/inference_ms,23.436277
1779198901.210,/benchmark/inference_ms,23.622290
1779198901.255,/benchmark/inference_ms,24.539738
1779198901.303,/benchmark/inference_ms,24.008871
1779198901.346,/benchmark/inference_ms,24.086948
1779198901.391,/benchmark/inference_ms,24.116516
1779198901.444,/benchmark/inference_ms,23.455349
1779198901.484,/benchmark/inference_ms,23.789932
1779198901.531,/benchmark/inference_ms,24.240387
1779198901.577,/benchmark/inference_ms,24.742645
1779198901.623,/benchmark/inference_ms,24.670454
1779198901.670,/benchmark/inference_ms,24.897968
1779198901.714,/benchmark/inference_ms,24.048935
1779198901.762,/benchmark/inference_ms,23.722448
1779198901.809,/benchmark/inference_ms,24.799828
1779198901.855,/benchmark/inference_ms,24.780725
1779198901.900,/benchmark/inference_ms,24.546843
1779198901.947,/benchmark/inference_ms,23.550514
1779198901.994,/benchmark/inference_ms,24.640345
1779198902.038,/benchmark/inference_ms,24.506588
1779198902.083,/benchmark/inference_ms,23.794701
1779198902.129,/benchmark/inference_ms,23.930664
1779198902.175,/benchmark/inference_ms,24.298241
1779198902.221,/benchmark/inference_ms,24.538715
1779198902.267,/benchmark/inference_ms,24.649912
1779198902.314,/benchmark/inference_ms,23.793325
1779198902.358,/benchmark/inference_ms,23.725454
1779198902.404,/benchmark/inference_ms,24.305185
1779198902.449,/benchmark/inference_ms,24.492954
1779198902.495,/benchmark/inference_ms,23.933384
1779198902.543,/benchmark/inference_ms,23.986122
1779198902.585,/benchmark/inference_ms,24.678711
1779198902.632,/benchmark/inference_ms,24.198275
1779198902.678,/benchmark/inference_ms,24.250912
1779198902.723,/benchmark/inference_ms,23.716558
1779198902.767,/benchmark/inference_ms,23.910538
1779198902.815,/benchmark/inference_ms,25.672190
1779198902.859,/benchmark/inference_ms,23.091839
1779198902.905,/benchmark/inference_ms,23.605585
1779198902.951,/benchmark/inference_ms,24.273922
1779198902.996,/benchmark/inference_ms,24.436831
1779198903.043,/benchmark/inference_ms,25.050508
1779198903.089,/benchmark/inference_ms,24.088806
1779198903.135,/benchmark/inference_ms,23.936554
1779198903.181,/benchmark/inference_ms,24.147844
1779198903.226,/benchmark/inference_ms,24.457468
1779198903.273,/benchmark/inference_ms,24.865042
1779198903.320,/benchmark/inference_ms,26.122131
1779198903.366,/benchmark/inference_ms,24.082150
1779198903.414,/benchmark/inference_ms,24.587833
1779198903.459,/benchmark/inference_ms,24.975056
1779198903.504,/benchmark/inference_ms,23.328186
1779198903.549,/benchmark/inference_ms,23.813454
1779198903.593,/benchmark/inference_ms,23.354744
1779198903.638,/benchmark/inference_ms,24.087748
1779198903.683,/benchmark/inference_ms,23.596529
1779198903.725,/benchmark/inference_ms,23.458422
1779198903.771,/benchmark/inference_ms,23.633715
1779198903.817,/benchmark/inference_ms,24.181347
1779198903.860,/benchmark/inference_ms,23.170174
1779198903.905,/benchmark/inference_ms,23.603857
1779198903.950,/benchmark/inference_ms,24.029736
1779198903.993,/benchmark/inference_ms,23.287354
1779198904.038,/benchmark/inference_ms,23.413942
1779198904.084,/benchmark/inference_ms,24.045670
1779198904.129,/benchmark/inference_ms,23.899628
1779198904.174,/benchmark/inference_ms,23.500948
1779198904.219,/benchmark/inference_ms,24.026535
1779198904.263,/benchmark/inference_ms,23.374840
1779198904.308,/benchmark/inference_ms,23.287544
1779198904.353,/benchmark/inference_ms,24.294209
1779198904.398,/benchmark/inference_ms,24.594139
1779198904.443,/benchmark/inference_ms,24.142883
1779198904.489,/benchmark/inference_ms,23.248348
1779198904.534,/benchmark/inference_ms,23.368216
1779198904.579,/benchmark/inference_ms,24.096325
1779198904.624,/benchmark/inference_ms,24.057543
1779198904.669,/benchmark/inference_ms,24.169827
1779198904.715,/benchmark/inference_ms,23.113182
1779198904.760,/benchmark/inference_ms,23.389336
1779198904.806,/benchmark/inference_ms,24.042183
1779198904.850,/benchmark/inference_ms,23.777773
1779198904.895,/benchmark/inference_ms,23.775406
1779198904.939,/benchmark/inference_ms,23.206141
1779198904.983,/benchmark/inference_ms,23.246971
1779198905.028,/benchmark/inference_ms,23.197084
1779198905.071,/benchmark/inference_ms,23.144764
1779198905.116,/benchmark/inference_ms,23.321785
1779198905.161,/benchmark/inference_ms,22.996386
1779198905.205,/benchmark/inference_ms,23.244923
1779198905.249,/benchmark/inference_ms,23.302170
1779198905.294,/benchmark/inference_ms,23.482292
1779198905.338,/benchmark/inference_ms,23.437910
1779198905.385,/benchmark/inference_ms,23.007521
1779198905.429,/benchmark/inference_ms,23.314840
1779198905.474,/benchmark/inference_ms,23.392313
1779198905.518,/benchmark/inference_ms,23.611570
1779198905.563,/benchmark/inference_ms,23.093279
1779198905.609,/benchmark/inference_ms,23.248474
1779198905.651,/benchmark/inference_ms,23.383255
1779198905.695,/benchmark/inference_ms,23.299610
1779198905.739,/benchmark/inference_ms,23.238045
1779198905.784,/benchmark/inference_ms,23.105917
1779198905.832,/benchmark/inference_ms,24.129894
1779198905.875,/benchmark/inference_ms,24.220001
1779198905.922,/benchmark/inference_ms,24.760372
1779198905.970,/benchmark/inference_ms,23.733774
1779198906.016,/benchmark/inference_ms,24.104551
1779198906.061,/benchmark/inference_ms,24.101988
1779198906.106,/benchmark/inference_ms,24.332191
1779198906.154,/benchmark/inference_ms,23.466965
1779198906.198,/benchmark/inference_ms,23.976200
1779198906.243,/benchmark/inference_ms,24.326401
1779198906.293,/benchmark/inference_ms,24.293121
1779198906.336,/benchmark/inference_ms,24.144165
1779198906.380,/benchmark/inference_ms,23.490707
1779198906.427,/benchmark/inference_ms,24.580986
1779198906.472,/benchmark/inference_ms,24.469309
1779198906.518,/benchmark/inference_ms,24.290720
1779198906.562,/benchmark/inference_ms,24.214148
1779198906.609,/benchmark/inference_ms,23.239771
1779198906.656,/benchmark/inference_ms,24.053223
1779198906.699,/benchmark/inference_ms,24.569818
1779198906.747,/benchmark/inference_ms,24.252705
1779198906.790,/benchmark/inference_ms,23.810349
1779198906.836,/benchmark/inference_ms,23.552372
1779198906.882,/benchmark/inference_ms,24.052837
1779198906.926,/benchmark/inference_ms,24.400255
1779198906.972,/benchmark/inference_ms,24.250113
1779198907.017,/benchmark/inference_ms,23.730894
1779198907.065,/benchmark/inference_ms,23.625650
1779198907.109,/benchmark/inference_ms,24.812244
1779198907.156,/benchmark/inference_ms,24.285154
1779198907.199,/benchmark/inference_ms,23.401270
1779198907.246,/benchmark/inference_ms,23.534355
1779198907.293,/benchmark/inference_ms,24.155909
1779198907.336,/benchmark/inference_ms,24.292866
1779198907.381,/benchmark/inference_ms,24.138372
1779198907.427,/benchmark/inference_ms,23.506100
1779198907.473,/benchmark/inference_ms,23.597300
1779198907.518,/benchmark/inference_ms,24.467836
1779198907.563,/benchmark/inference_ms,24.135365
1779198907.609,/benchmark/inference_ms,23.760494
1779198907.657,/benchmark/inference_ms,23.615025
1779198907.699,/benchmark/inference_ms,24.148613
1779198907.745,/benchmark/inference_ms,24.044744
1779198907.790,/benchmark/inference_ms,24.224258
1779198907.835,/benchmark/inference_ms,23.754957
1779198907.882,/benchmark/inference_ms,23.504725
1779198907.927,/benchmark/inference_ms,24.450428
1779198907.973,/benchmark/inference_ms,24.003977
1779198908.017,/benchmark/inference_ms,24.066216
1779198908.063,/benchmark/inference_ms,23.232956
1779198908.110,/benchmark/inference_ms,23.784525
1779198908.154,/benchmark/inference_ms,23.973928
1779198908.198,/benchmark/inference_ms,24.047560
1779198908.244,/benchmark/inference_ms,23.442741
1779198908.288,/benchmark/inference_ms,23.285786
1779198908.334,/benchmark/inference_ms,24.718966
1779198908.379,/benchmark/inference_ms,24.194019
1779198908.424,/benchmark/inference_ms,23.515411
1779198908.468,/benchmark/inference_ms,24.226307
1779198908.515,/benchmark/inference_ms,25.584929
1779198908.562,/benchmark/inference_ms,25.306055
1779198908.610,/benchmark/inference_ms,24.183235
1779198908.653,/benchmark/inference_ms,23.563412
1779198908.701,/benchmark/inference_ms,24.233730
1779198908.747,/benchmark/inference_ms,24.915504
1779198908.791,/benchmark/inference_ms,25.464899
1779198908.839,/benchmark/inference_ms,23.367640
1779198908.885,/benchmark/inference_ms,24.460957
1779198908.930,/benchmark/inference_ms,24.426397
1779198908.975,/benchmark/inference_ms,24.227650
1779198909.022,/benchmark/inference_ms,24.239202
1779198909.066,/benchmark/inference_ms,23.928747
1779198909.115,/benchmark/inference_ms,23.252188
1779198909.156,/benchmark/inference_ms,23.562580
1779198909.202,/benchmark/inference_ms,24.296993
1779198909.247,/benchmark/inference_ms,23.864332
1779198909.292,/benchmark/inference_ms,24.002249
1779198909.337,/benchmark/inference_ms,24.306849
1779198909.382,/benchmark/inference_ms,23.280924
1779198909.426,/benchmark/inference_ms,23.312826
1779198909.472,/benchmark/inference_ms,23.962729
1779198909.519,/benchmark/inference_ms,24.421471
1779198909.562,/benchmark/inference_ms,23.777710
1779198909.608,/benchmark/inference_ms,24.051785
1779198909.653,/benchmark/inference_ms,23.410486
1779198909.698,/benchmark/inference_ms,23.221884
1779198909.744,/benchmark/inference_ms,23.839790
1779198909.790,/benchmark/inference_ms,25.184074
1779198909.839,/benchmark/inference_ms,25.213577
1779198909.882,/benchmark/inference_ms,23.191645
1779198909.930,/benchmark/inference_ms,23.519957
1779198909.975,/benchmark/inference_ms,24.507803
1779198910.023,/benchmark/inference_ms,24.082277
1779198910.067,/benchmark/inference_ms,25.557537
1779198910.114,/benchmark/inference_ms,24.729429
1779198910.160,/benchmark/inference_ms,24.047400
1779198910.206,/benchmark/inference_ms,24.923920
1779198910.253,/benchmark/inference_ms,25.474436
1779198910.301,/benchmark/inference_ms,23.379320
1779198910.344,/benchmark/inference_ms,23.504660
1779198910.388,/benchmark/inference_ms,24.093575
1779198910.435,/benchmark/inference_ms,24.381119
1779198910.480,/benchmark/inference_ms,23.553492
1779198910.524,/benchmark/inference_ms,23.769007
1779198910.571,/benchmark/inference_ms,24.736727
1779198910.615,/benchmark/inference_ms,23.718702
1779198910.662,/benchmark/inference_ms,23.849483
1779198910.707,/benchmark/inference_ms,23.880939
1779198910.752,/benchmark/inference_ms,23.816782
1779198910.797,/benchmark/inference_ms,23.643633
1779198910.844,/benchmark/inference_ms,24.756182
1779198910.891,/benchmark/inference_ms,24.878548
1779198910.951,/benchmark/inference_ms,25.076334
1779198910.983,/benchmark/inference_ms,24.602362
1779198911.030,/benchmark/inference_ms,23.927275
1779198911.076,/benchmark/inference_ms,24.505308
1779198911.122,/benchmark/inference_ms,24.525501
1779198911.170,/benchmark/inference_ms,24.882610
1779198911.215,/benchmark/inference_ms,25.654112
1779198911.262,/benchmark/inference_ms,23.803022
1779198911.311,/benchmark/inference_ms,26.119957
1779198911.358,/benchmark/inference_ms,23.889227
1779198911.403,/benchmark/inference_ms,24.975185
1779198911.450,/benchmark/inference_ms,25.036621
1779198911.497,/benchmark/inference_ms,24.186628
1779198911.543,/benchmark/inference_ms,24.049927
1779198911.589,/benchmark/inference_ms,23.877420
1779198911.637,/benchmark/inference_ms,25.108749
1779198911.681,/benchmark/inference_ms,24.670105
1779198911.728,/benchmark/inference_ms,24.377665
1779198911.774,/benchmark/inference_ms,24.574778
1779198911.821,/benchmark/inference_ms,23.846861
1779198911.867,/benchmark/inference_ms,24.227331
1779198911.912,/benchmark/inference_ms,23.849356
1779198911.963,/benchmark/inference_ms,24.495483
1779198912.007,/benchmark/inference_ms,24.534267
1779198912.053,/benchmark/inference_ms,24.475868
1779198912.099,/benchmark/inference_ms,24.055655
1779198912.145,/benchmark/inference_ms,23.930122
1779198912.191,/benchmark/inference_ms,23.587154
1779198912.236,/benchmark/inference_ms,24.421022
1779198912.284,/benchmark/inference_ms,24.481339
1779198912.328,/benchmark/inference_ms,23.977737
1779198912.374,/benchmark/inference_ms,23.870188
1779198912.423,/benchmark/inference_ms,24.297697
1779198912.466,/benchmark/inference_ms,24.345089
1779198912.512,/benchmark/inference_ms,24.398207
1779198912.558,/benchmark/inference_ms,23.910410
1779198912.603,/benchmark/inference_ms,23.569490
1779198912.650,/benchmark/inference_ms,24.801014
1779198912.696,/benchmark/inference_ms,24.776981
1779198912.741,/benchmark/inference_ms,24.416542
1779198912.791,/benchmark/inference_ms,23.924713
1779198912.833,/benchmark/inference_ms,23.781549
1779198912.879,/benchmark/inference_ms,24.272161
1779198912.926,/benchmark/inference_ms,24.484861
1779198912.971,/benchmark/inference_ms,25.090540
1779198913.016,/benchmark/inference_ms,24.316544
1779198913.062,/benchmark/inference_ms,24.173124
1779198913.108,/benchmark/inference_ms,24.341824
1779198913.153,/benchmark/inference_ms,24.739126
1779198913.200,/benchmark/inference_ms,25.170572
1779198913.247,/benchmark/inference_ms,24.323425
1779198913.293,/benchmark/inference_ms,23.716209
1779198913.338,/benchmark/inference_ms,24.622168
1779198913.384,/benchmark/inference_ms,24.479101
1779198913.430,/benchmark/inference_ms,24.556955
1779198913.476,/benchmark/inference_ms,23.985832
1779198913.521,/benchmark/inference_ms,23.355865
1779198913.567,/benchmark/inference_ms,23.680210
1779198913.614,/benchmark/inference_ms,24.198565
1779198913.658,/benchmark/inference_ms,24.529917
1779198913.704,/benchmark/inference_ms,24.695000
1779198913.751,/benchmark/inference_ms,24.475868
1779198913.795,/benchmark/inference_ms,24.549690
1779198913.842,/benchmark/inference_ms,23.888491
1779198913.887,/benchmark/inference_ms,23.591187
1779198913.935,/benchmark/inference_ms,23.765551
1779198913.980,/benchmark/inference_ms,24.386847
1779198914.025,/benchmark/inference_ms,24.572826
1779198914.070,/benchmark/inference_ms,24.132069
1779198914.116,/benchmark/inference_ms,23.974634
1779198914.163,/benchmark/inference_ms,24.328512
1779198914.207,/benchmark/inference_ms,23.738319
1779198914.254,/benchmark/inference_ms,24.003658
1779198914.300,/benchmark/inference_ms,24.209732
1779198914.347,/benchmark/inference_ms,24.407389
1779198914.393,/benchmark/inference_ms,23.946985
1779198914.436,/benchmark/inference_ms,24.215780
1779198914.484,/benchmark/inference_ms,26.057110
1779198914.532,/benchmark/inference_ms,24.700024
1779198914.579,/benchmark/inference_ms,24.166277
1779198914.627,/benchmark/inference_ms,24.781204
1779198914.672,/benchmark/inference_ms,25.281321
1779198914.716,/benchmark/inference_ms,23.048866
1779198914.761,/benchmark/inference_ms,23.378519
1779198914.806,/benchmark/inference_ms,23.802925
1779198914.851,/benchmark/inference_ms,23.833773
1779198914.896,/benchmark/inference_ms,23.420536
1779198914.941,/benchmark/inference_ms,23.883181
1779198915.000,/benchmark/inference_ms,23.892427
1779198915.031,/benchmark/inference_ms,23.885229
1779198915.091,/benchmark/inference_ms,24.604921
1779198915.123,/benchmark/inference_ms,24.341633
1779198915.168,/benchmark/inference_ms,24.337280
1779198915.214,/benchmark/inference_ms,23.884459
1779198915.259,/benchmark/inference_ms,24.201540
1779198915.305,/benchmark/inference_ms,24.412542
1779198915.350,/benchmark/inference_ms,24.093830
1779198915.398,/benchmark/inference_ms,23.446775
1779198915.455,/benchmark/inference_ms,24.039719
1779198915.488,/benchmark/inference_ms,24.607450
1779198915.534,/benchmark/inference_ms,24.411486
1779198915.583,/benchmark/inference_ms,24.721495
1779198915.625,/benchmark/inference_ms,23.723248
1779198915.671,/benchmark/inference_ms,23.616467
1779198915.717,/benchmark/inference_ms,24.489054
1779198915.762,/benchmark/inference_ms,24.025160
1779198915.808,/benchmark/inference_ms,24.449759
1779198915.853,/benchmark/inference_ms,23.674768
1779198915.901,/benchmark/inference_ms,24.034472
1779198915.946,/benchmark/inference_ms,24.105864
1779198915.990,/benchmark/inference_ms,24.155878
1779198916.034,/benchmark/inference_ms,23.587347
1779198916.080,/benchmark/inference_ms,23.355352
1779198916.126,/benchmark/inference_ms,24.497789
1779198916.172,/benchmark/inference_ms,24.960690
1779198916.217,/benchmark/inference_ms,23.950922
1779198916.263,/benchmark/inference_ms,23.781870
1779198916.309,/benchmark/inference_ms,24.427101
1779198916.355,/benchmark/inference_ms,24.382271
1779198916.401,/benchmark/inference_ms,24.725975
1779198916.446,/benchmark/inference_ms,23.992233
1779198916.492,/benchmark/inference_ms,23.663538
1779198916.540,/benchmark/inference_ms,25.817820
1779198916.588,/benchmark/inference_ms,25.820667
1779198916.636,/benchmark/inference_ms,25.721790
1779198916.681,/benchmark/inference_ms,23.530708
1779198916.726,/benchmark/inference_ms,23.837294
1779198916.771,/benchmark/inference_ms,23.149630
1779198916.816,/benchmark/inference_ms,23.269979
1779198916.861,/benchmark/inference_ms,23.824333
1779198916.907,/benchmark/inference_ms,24.615896
1779198916.952,/benchmark/inference_ms,23.795471
1779198916.999,/benchmark/inference_ms,23.974442
1779198917.045,/benchmark/inference_ms,23.689552
1779198917.090,/benchmark/inference_ms,23.994537
1779198917.138,/benchmark/inference_ms,24.424479
1779198917.181,/benchmark/inference_ms,24.047752
1779198917.228,/benchmark/inference_ms,23.955883
1779198917.272,/benchmark/inference_ms,23.861517
1779198917.318,/benchmark/inference_ms,23.844877
1779198917.362,/benchmark/inference_ms,23.637331
1779198917.409,/benchmark/inference_ms,24.491516
1779198917.454,/benchmark/inference_ms,23.923435
1779198917.499,/benchmark/inference_ms,23.977610
1779198917.545,/benchmark/inference_ms,24.033768
1779198917.590,/benchmark/inference_ms,23.991785
1779198917.635,/benchmark/inference_ms,23.987114
1779198917.680,/benchmark/inference_ms,23.665968
1779198917.724,/benchmark/inference_ms,24.185764
1779198917.771,/benchmark/inference_ms,24.147078
1779198917.817,/benchmark/inference_ms,24.093414
1779198917.862,/benchmark/inference_ms,23.784302
1779198917.906,/benchmark/inference_ms,24.018377
1779198917.952,/benchmark/inference_ms,23.856651
1779198917.997,/benchmark/inference_ms,23.274172
1779198918.043,/benchmark/inference_ms,24.073864
1779198918.088,/benchmark/inference_ms,24.123558
1779198918.135,/benchmark/inference_ms,23.978027
1779198918.178,/benchmark/inference_ms,23.532917
1779198918.223,/benchmark/inference_ms,23.699217
1779198918.269,/benchmark/inference_ms,23.682257
1779198918.315,/benchmark/inference_ms,23.901516
1779198918.359,/benchmark/inference_ms,23.763439
1779198918.405,/benchmark/inference_ms,24.417631
1779198918.451,/benchmark/inference_ms,24.248356
1779198918.496,/benchmark/inference_ms,23.895372
1779198918.542,/benchmark/inference_ms,24.394751
1779198918.587,/benchmark/inference_ms,23.572500
1779198918.647,/benchmark/inference_ms,23.901995
1779198918.678,/benchmark/inference_ms,24.200581
1779198918.723,/benchmark/inference_ms,23.551796
1779198918.768,/benchmark/inference_ms,23.651987
1779198918.814,/benchmark/inference_ms,23.856075
1779198918.858,/benchmark/inference_ms,23.776911
1779198918.903,/benchmark/inference_ms,23.339672
1779198918.949,/benchmark/inference_ms,24.439743
1779198918.994,/benchmark/inference_ms,23.853197
1779198919.039,/benchmark/inference_ms,23.427095
1779198919.084,/benchmark/inference_ms,23.647219
1779198919.130,/benchmark/inference_ms,24.403263
1779198919.175,/benchmark/inference_ms,23.700529
1779198919.220,/benchmark/inference_ms,23.722992
1779198919.265,/benchmark/inference_ms,23.890827
1779198919.313,/benchmark/inference_ms,26.120916
1779198919.358,/benchmark/inference_ms,23.586325
1779198919.402,/benchmark/inference_ms,23.767920
1779198919.448,/benchmark/inference_ms,24.712854
1779198919.495,/benchmark/inference_ms,24.620537
1779198919.542,/benchmark/inference_ms,24.243683
1779198919.588,/benchmark/inference_ms,24.557915
1779198919.633,/benchmark/inference_ms,23.998409
1779198919.679,/benchmark/inference_ms,24.659258
1779198919.726,/benchmark/inference_ms,25.116589
1779198919.772,/benchmark/inference_ms,24.717175
1779198919.819,/benchmark/inference_ms,24.415840
1779198919.865,/benchmark/inference_ms,24.291426
1779198919.913,/benchmark/inference_ms,24.873716
1779198919.961,/benchmark/inference_ms,28.264925
1779198920.008,/benchmark/inference_ms,25.251753
1779198920.056,/benchmark/inference_ms,24.960562
1779198920.103,/benchmark/inference_ms,24.801270
1779198920.150,/benchmark/inference_ms,24.722296
1779198920.201,/benchmark/inference_ms,27.139740
1779198920.248,/benchmark/inference_ms,24.839956
1779198920.295,/benchmark/inference_ms,24.900820
1779198920.341,/benchmark/inference_ms,24.689049
1779198920.390,/benchmark/inference_ms,24.800982
1779198920.433,/benchmark/inference_ms,23.665426
1779198920.477,/benchmark/inference_ms,23.224413
1779198920.523,/benchmark/inference_ms,23.806126
1779198920.568,/benchmark/inference_ms,23.988008
1779198920.614,/benchmark/inference_ms,25.092623
1779198920.660,/benchmark/inference_ms,23.521013
1779198920.706,/benchmark/inference_ms,23.791279
1779198920.751,/benchmark/inference_ms,23.599859
1779198920.796,/benchmark/inference_ms,23.734543
1779198920.841,/benchmark/inference_ms,23.228891
1779198920.886,/benchmark/inference_ms,24.051847
1779198920.933,/benchmark/inference_ms,24.778965
1779198920.979,/benchmark/inference_ms,24.449308
1779198921.024,/benchmark/inference_ms,23.689619
1779198921.071,/benchmark/inference_ms,24.359457
1779198921.117,/benchmark/inference_ms,24.645336
1779198921.162,/benchmark/inference_ms,24.420609
1779198921.208,/benchmark/inference_ms,24.317505
1779198921.253,/benchmark/inference_ms,23.832335
1779198921.301,/benchmark/inference_ms,23.568914
1779198921.345,/benchmark/inference_ms,23.987978
1779198921.396,/benchmark/inference_ms,24.523100
1779198921.437,/benchmark/inference_ms,24.331297
1779198921.482,/benchmark/inference_ms,24.215172
1779198921.527,/benchmark/inference_ms,24.095142
1779198921.573,/benchmark/inference_ms,23.523060
1779198921.617,/benchmark/inference_ms,23.340761
1779198921.663,/benchmark/inference_ms,24.447039
1779198921.709,/benchmark/inference_ms,24.429342
1779198921.755,/benchmark/inference_ms,24.265091
1779198921.799,/benchmark/inference_ms,23.392569
1779198921.844,/benchmark/inference_ms,23.176157
1779198921.889,/benchmark/inference_ms,23.549204
1779198921.936,/benchmark/inference_ms,23.459959
1779198921.979,/benchmark/inference_ms,23.473879
1779198922.022,/benchmark/inference_ms,23.050817
1779198922.066,/benchmark/inference_ms,23.298555
1779198922.115,/benchmark/inference_ms,23.446039
1779198922.156,/benchmark/inference_ms,23.753105
1779198922.200,/benchmark/inference_ms,23.037155
1779198922.245,/benchmark/inference_ms,23.356216
1779198922.288,/benchmark/inference_ms,23.283836
1779198922.334,/benchmark/inference_ms,23.278267
1779198922.379,/benchmark/inference_ms,23.669203
1779198922.427,/benchmark/inference_ms,24.505341
1779198922.470,/benchmark/inference_ms,24.056488
1779198922.515,/benchmark/inference_ms,24.207684
1779198922.558,/benchmark/inference_ms,23.124990
1779198922.603,/benchmark/inference_ms,23.138622
1779198922.647,/benchmark/inference_ms,23.409241
1779198922.690,/benchmark/inference_ms,23.166655
1779198922.736,/benchmark/inference_ms,23.237949
1779198922.782,/benchmark/inference_ms,23.854029
1779198922.827,/benchmark/inference_ms,24.438496
1779198922.872,/benchmark/inference_ms,24.469278
1779198922.916,/benchmark/inference_ms,23.129280
1779198922.961,/benchmark/inference_ms,23.425207
1779198923.005,/benchmark/inference_ms,23.496855
1779198923.051,/benchmark/inference_ms,25.468422
1779198923.097,/benchmark/inference_ms,23.348633
1779198923.142,/benchmark/inference_ms,23.337978
1779198923.188,/benchmark/inference_ms,24.639193
1779198923.233,/benchmark/inference_ms,24.157318
1779198923.278,/benchmark/inference_ms,24.085640
1779198923.324,/benchmark/inference_ms,23.887949
1779198923.368,/benchmark/inference_ms,23.100832
1779198923.415,/benchmark/inference_ms,23.649075
1779198923.460,/benchmark/inference_ms,25.101423
1779198923.509,/benchmark/inference_ms,25.409159
1779198923.552,/benchmark/inference_ms,23.919212
1779198923.598,/benchmark/inference_ms,23.397144
1779198923.644,/benchmark/inference_ms,24.033960
1779198923.688,/benchmark/inference_ms,24.255171
1779198923.734,/benchmark/inference_ms,24.076231
1779198923.781,/benchmark/inference_ms,24.074472
1779198923.825,/benchmark/inference_ms,23.704050
1779198923.870,/benchmark/inference_ms,23.306459
1779198923.916,/benchmark/inference_ms,24.185478
1779198923.963,/benchmark/inference_ms,25.145708
1779198924.008,/benchmark/inference_ms,24.018312
1779198924.052,/benchmark/inference_ms,23.883469
1779198924.097,/benchmark/inference_ms,23.308666
1779198924.144,/benchmark/inference_ms,24.543867
1779198924.191,/benchmark/inference_ms,25.039185
1779198924.238,/benchmark/inference_ms,25.288458
1779198924.283,/benchmark/inference_ms,24.618202
1779198924.329,/benchmark/inference_ms,24.027401
1779198924.375,/benchmark/inference_ms,23.535349
1779198924.422,/benchmark/inference_ms,23.994762
1779198924.466,/benchmark/inference_ms,24.130695
1779198924.512,/benchmark/inference_ms,24.446142
1779198924.557,/benchmark/inference_ms,24.160997
1779198924.604,/benchmark/inference_ms,23.998665
1779198924.650,/benchmark/inference_ms,23.316507
1779198924.694,/benchmark/inference_ms,23.755152
1779198924.740,/benchmark/inference_ms,24.389599
1779198924.788,/benchmark/inference_ms,23.971018
1779198924.834,/benchmark/inference_ms,24.443102
1779198924.879,/benchmark/inference_ms,23.592308
1779198924.923,/benchmark/inference_ms,23.508917
1779198924.969,/benchmark/inference_ms,23.901388
1779198925.013,/benchmark/inference_ms,23.265724
1779198925.057,/benchmark/inference_ms,23.076000
1779198925.103,/benchmark/inference_ms,23.746193
1779198925.150,/benchmark/inference_ms,24.645594
1779198925.195,/benchmark/inference_ms,24.471422
1779198925.239,/benchmark/inference_ms,23.046307
1779198925.286,/benchmark/inference_ms,23.187647
1779198925.343,/benchmark/inference_ms,23.485720
1779198925.373,/benchmark/inference_ms,23.761295
1779198925.419,/benchmark/inference_ms,23.877739
1779198925.465,/benchmark/inference_ms,23.986153
1779198925.510,/benchmark/inference_ms,24.269892
1779198925.555,/benchmark/inference_ms,23.459158
1779198925.600,/benchmark/inference_ms,23.516438
1779198925.645,/benchmark/inference_ms,23.218973
1779198925.689,/benchmark/inference_ms,23.457304
1779198925.733,/benchmark/inference_ms,23.539701
1779198925.776,/benchmark/inference_ms,23.064289
1779198925.822,/benchmark/inference_ms,23.339804
1779198925.871,/benchmark/inference_ms,25.273354
1779198925.918,/benchmark/inference_ms,25.136429
1779198925.972,/benchmark/inference_ms,23.463991
1779198926.011,/benchmark/inference_ms,23.216190
1779198926.058,/benchmark/inference_ms,23.194237
1779198926.103,/benchmark/inference_ms,24.424927
1779198926.148,/benchmark/inference_ms,24.423071
1779198926.194,/benchmark/inference_ms,24.212549
1779198926.241,/benchmark/inference_ms,23.751184
1779198926.288,/benchmark/inference_ms,24.349632
1779198926.334,/benchmark/inference_ms,25.078255
1779198926.380,/benchmark/inference_ms,24.733686
1779198926.425,/benchmark/inference_ms,24.314081
1779198926.471,/benchmark/inference_ms,23.984842
1779198926.518,/benchmark/inference_ms,24.148422
1779198926.564,/benchmark/inference_ms,24.519838
1779198926.613,/benchmark/inference_ms,24.265667
1779198926.655,/benchmark/inference_ms,24.392962
1779198926.701,/benchmark/inference_ms,24.051464
1779198926.746,/benchmark/inference_ms,24.215748
1779198926.792,/benchmark/inference_ms,24.376287
1779198926.839,/benchmark/inference_ms,23.633780
1779198926.883,/benchmark/inference_ms,23.138174
1779198926.928,/benchmark/inference_ms,23.162399
1779198926.973,/benchmark/inference_ms,23.644051
1779198927.017,/benchmark/inference_ms,23.198429
1779198927.062,/benchmark/inference_ms,23.192190
1779198927.107,/benchmark/inference_ms,23.572180
1779198927.150,/benchmark/inference_ms,23.050978
1779198927.194,/benchmark/inference_ms,23.085249
1779198927.238,/benchmark/inference_ms,23.646803
1779198927.287,/benchmark/inference_ms,23.221567
1779198927.327,/benchmark/inference_ms,23.336283
1779198927.371,/benchmark/inference_ms,23.670834
1779198927.415,/benchmark/inference_ms,23.176544
1779198927.460,/benchmark/inference_ms,23.309660
1779198927.505,/benchmark/inference_ms,23.602451
1779198927.549,/benchmark/inference_ms,23.079586
1779198927.593,/benchmark/inference_ms,23.359482
1779198927.640,/benchmark/inference_ms,23.720497
1779198927.683,/benchmark/inference_ms,23.187359
1779198927.727,/benchmark/inference_ms,23.413624
1779198927.772,/benchmark/inference_ms,23.526743
1779198927.816,/benchmark/inference_ms,23.324764
1779198927.861,/benchmark/inference_ms,23.147039
1779198927.908,/benchmark/inference_ms,23.539188
1779198927.950,/benchmark/inference_ms,23.812431
1779198927.995,/benchmark/inference_ms,23.466070
1779198928.040,/benchmark/inference_ms,23.352442
1779198928.085,/benchmark/inference_ms,23.711058
1779198928.129,/benchmark/inference_ms,23.373625
1779198928.174,/benchmark/inference_ms,23.207996
1779198928.218,/benchmark/inference_ms,23.823629
1779198928.262,/benchmark/inference_ms,23.330971
1779198928.307,/benchmark/inference_ms,23.447128
1779198928.352,/benchmark/inference_ms,23.673616
1779198928.397,/benchmark/inference_ms,23.260508
1779198928.441,/benchmark/inference_ms,23.355963
1779198928.486,/benchmark/inference_ms,23.665714
1779198928.531,/benchmark/inference_ms,23.636660
1779198928.575,/benchmark/inference_ms,23.271069
1779198928.619,/benchmark/inference_ms,23.570068
1779198928.664,/benchmark/inference_ms,23.568821
1779198928.708,/benchmark/inference_ms,23.130529
1779198928.753,/benchmark/inference_ms,23.221310
1779198928.800,/benchmark/inference_ms,23.665842
1779198928.842,/benchmark/inference_ms,23.314714
1779198928.887,/benchmark/inference_ms,23.201725
1779198928.932,/benchmark/inference_ms,23.701746
1779198928.976,/benchmark/inference_ms,23.321594
1779198929.021,/benchmark/inference_ms,23.343803
1779198929.066,/benchmark/inference_ms,23.787792
1779198929.115,/benchmark/inference_ms,23.752562
1779198929.157,/benchmark/inference_ms,23.050945
1779198929.201,/benchmark/inference_ms,23.526646
1779198929.245,/benchmark/inference_ms,23.459286
1779198929.290,/benchmark/inference_ms,23.132641
1779198929.335,/benchmark/inference_ms,23.687954
1779198929.380,/benchmark/inference_ms,23.667988
1779198929.423,/benchmark/inference_ms,23.393913
1779198929.468,/benchmark/inference_ms,23.603189
1779198929.513,/benchmark/inference_ms,23.737392
1779198929.557,/benchmark/inference_ms,23.560598
1779198929.603,/benchmark/inference_ms,23.525846
1779198929.649,/benchmark/inference_ms,23.667124
1779198929.693,/benchmark/inference_ms,23.141535
1779198929.738,/benchmark/inference_ms,23.305788
1779198929.792,/benchmark/inference_ms,23.392954
1779198929.836,/benchmark/inference_ms,23.622900
1779198929.881,/benchmark/inference_ms,23.753456
1779198929.925,/benchmark/inference_ms,23.120895
1779198929.971,/benchmark/inference_ms,23.300476
1779198930.015,/benchmark/inference_ms,23.578484
1779198930.060,/benchmark/inference_ms,23.225693
1779198930.104,/benchmark/inference_ms,23.363834
1779198930.149,/benchmark/inference_ms,23.627699
1779198930.193,/benchmark/inference_ms,23.677553
1779198930.238,/benchmark/inference_ms,23.144863
1779198930.288,/benchmark/inference_ms,23.644850
1779198930.332,/benchmark/inference_ms,23.647188
1779198930.372,/benchmark/inference_ms,23.240414
1779198930.417,/benchmark/inference_ms,23.661297
1779198930.461,/benchmark/inference_ms,23.370714
1779198930.506,/benchmark/inference_ms,23.365658
1779198930.551,/benchmark/inference_ms,23.620243
1779198930.599,/benchmark/inference_ms,23.672020
1779198930.640,/benchmark/inference_ms,23.166752
1779198930.684,/benchmark/inference_ms,23.158237
1779198930.729,/benchmark/inference_ms,23.809807
1779198930.774,/benchmark/inference_ms,23.319868
1779198930.819,/benchmark/inference_ms,23.506422
1779198930.864,/benchmark/inference_ms,23.677906
1779198930.908,/benchmark/inference_ms,23.396282
1779198930.953,/benchmark/inference_ms,23.137056
1779198930.998,/benchmark/inference_ms,23.769041
1779198931.043,/benchmark/inference_ms,23.606133
1779198931.088,/benchmark/inference_ms,23.679155
1779198931.138,/benchmark/inference_ms,23.465944
1779198931.179,/benchmark/inference_ms,23.338076
1779198931.225,/benchmark/inference_ms,23.507254
1779198931.269,/benchmark/inference_ms,23.457880
1779198931.315,/benchmark/inference_ms,23.537205
1779198931.361,/benchmark/inference_ms,24.325762
1779198931.407,/benchmark/inference_ms,24.312483
1779198931.452,/benchmark/inference_ms,23.654259
1779198931.498,/benchmark/inference_ms,23.956587
1779198931.543,/benchmark/inference_ms,24.298498
1779198931.589,/benchmark/inference_ms,24.530109
1779198931.637,/benchmark/inference_ms,24.487389
1779198931.680,/benchmark/inference_ms,23.652082
1779198931.727,/benchmark/inference_ms,23.881069
1779198931.772,/benchmark/inference_ms,24.438847
1779198931.816,/benchmark/inference_ms,24.184454
1779198931.861,/benchmark/inference_ms,23.914284
1779198931.906,/benchmark/inference_ms,23.376410
1779198931.951,/benchmark/inference_ms,23.839725
1779198931.997,/benchmark/inference_ms,24.636187
1779198932.043,/benchmark/inference_ms,24.191366
1779198932.087,/benchmark/inference_ms,24.118982
1779198932.132,/benchmark/inference_ms,23.737104
1779198932.176,/benchmark/inference_ms,23.264767
1779198932.223,/benchmark/inference_ms,23.825102
1779198932.268,/benchmark/inference_ms,24.258789
1779198932.313,/benchmark/inference_ms,24.350914
1779198932.358,/benchmark/inference_ms,24.112007
1779198932.403,/benchmark/inference_ms,23.912716
1779198932.448,/benchmark/inference_ms,23.260763
1779198932.494,/benchmark/inference_ms,23.706354
1779198932.540,/benchmark/inference_ms,24.501438
1779198932.585,/benchmark/inference_ms,23.905262
1779198932.630,/benchmark/inference_ms,23.826000
1779198932.676,/benchmark/inference_ms,24.029352
1779198932.721,/benchmark/inference_ms,23.168831
1779198932.766,/benchmark/inference_ms,23.633907
1779198932.812,/benchmark/inference_ms,24.321028
1779198932.856,/benchmark/inference_ms,24.085672
1779198932.902,/benchmark/inference_ms,23.925035
1779198932.947,/benchmark/inference_ms,24.019402
1779198932.992,/benchmark/inference_ms,23.312796
1779198933.037,/benchmark/inference_ms,23.573397
1779198933.083,/benchmark/inference_ms,24.163046
1779198933.128,/benchmark/inference_ms,23.919628
1779198933.173,/benchmark/inference_ms,23.971403
1779198933.218,/benchmark/inference_ms,23.858957
1779198933.263,/benchmark/inference_ms,23.215998
1779198933.309,/benchmark/inference_ms,23.641428
1779198933.354,/benchmark/inference_ms,24.188869
1779198933.400,/benchmark/inference_ms,24.115496
1779198933.445,/benchmark/inference_ms,24.085608
1779198933.490,/benchmark/inference_ms,23.993771
1779198933.534,/benchmark/inference_ms,23.229885
1779198933.580,/benchmark/inference_ms,23.583990
1779198933.628,/benchmark/inference_ms,24.188614
1779198933.672,/benchmark/inference_ms,24.000458
1779198933.721,/benchmark/inference_ms,24.106953
1779198933.762,/benchmark/inference_ms,23.898317
1779198933.810,/benchmark/inference_ms,23.458937
1779198933.852,/benchmark/inference_ms,23.664850
1779198933.900,/benchmark/inference_ms,24.158567
1779198933.943,/benchmark/inference_ms,24.255268
1779198933.989,/benchmark/inference_ms,24.186949
1779198934.035,/benchmark/inference_ms,24.045929
1779198934.080,/benchmark/inference_ms,23.477880
1779198934.126,/benchmark/inference_ms,23.372026
1779198934.170,/benchmark/inference_ms,24.476767
1779198934.218,/benchmark/inference_ms,24.324898
1779198934.262,/benchmark/inference_ms,23.897516
1779198934.310,/benchmark/inference_ms,24.016266
1779198934.354,/benchmark/inference_ms,24.277796
1779198934.402,/benchmark/inference_ms,25.110064
1779198934.449,/benchmark/inference_ms,24.795959
1779198934.494,/benchmark/inference_ms,23.797873
1779198934.540,/benchmark/inference_ms,23.810575
1779198934.586,/benchmark/inference_ms,24.716698
1779198934.632,/benchmark/inference_ms,24.472479
1779198934.678,/benchmark/inference_ms,23.840784
1779198934.723,/benchmark/inference_ms,23.708881
1779198934.769,/benchmark/inference_ms,24.428415
1779198934.815,/benchmark/inference_ms,24.465792
1779198934.860,/benchmark/inference_ms,24.263813
1779198934.906,/benchmark/inference_ms,23.481815
1779198934.952,/benchmark/inference_ms,23.724819
1779198934.998,/benchmark/inference_ms,24.652473
1779198935.043,/benchmark/inference_ms,24.342081
1779198935.088,/benchmark/inference_ms,23.772400
1779198935.134,/benchmark/inference_ms,23.439224
1779198935.178,/benchmark/inference_ms,24.230373
1779198935.224,/benchmark/inference_ms,24.383553
1779198935.269,/benchmark/inference_ms,24.062601
1779198935.314,/benchmark/inference_ms,23.751633
1779198935.361,/benchmark/inference_ms,24.150120
1779198935.408,/benchmark/inference_ms,24.276869
1779198935.452,/benchmark/inference_ms,24.271973
1779198935.498,/benchmark/inference_ms,23.512791
1779198935.544,/benchmark/inference_ms,23.951691
1779198935.589,/benchmark/inference_ms,24.407841
1779198935.635,/benchmark/inference_ms,24.577885
1779198935.680,/benchmark/inference_ms,23.483095
1779198935.727,/benchmark/inference_ms,23.701874
1779198935.772,/benchmark/inference_ms,24.661369
1779198935.817,/benchmark/inference_ms,24.157286
1779198935.863,/benchmark/inference_ms,23.902861
1779198935.910,/benchmark/inference_ms,23.936749
1779198935.956,/benchmark/inference_ms,23.940300
1779198936.002,/benchmark/inference_ms,24.575964
1779198936.045,/benchmark/inference_ms,23.225437
1779198936.089,/benchmark/inference_ms,23.324570
1779198936.134,/benchmark/inference_ms,23.204126
1779198936.179,/benchmark/inference_ms,23.433273
1779198936.224,/benchmark/inference_ms,23.306780
1779198936.268,/benchmark/inference_ms,23.067459
1779198936.316,/benchmark/inference_ms,23.336315
1779198936.357,/benchmark/inference_ms,23.496151
1779198936.401,/benchmark/inference_ms,23.501432
1779198936.445,/benchmark/inference_ms,23.070337
1779198936.489,/benchmark/inference_ms,23.161823
1779198936.533,/benchmark/inference_ms,23.147936
1779198936.576,/benchmark/inference_ms,23.128223
1779198936.621,/benchmark/inference_ms,23.102209
1779198936.665,/benchmark/inference_ms,23.439608
1779198936.708,/benchmark/inference_ms,23.380602
1779198936.753,/benchmark/inference_ms,23.055746
1779198936.797,/benchmark/inference_ms,23.068579
1779198936.840,/benchmark/inference_ms,23.444281
1779198936.887,/benchmark/inference_ms,23.410072
1779198936.929,/benchmark/inference_ms,23.122463
1779198936.974,/benchmark/inference_ms,23.320604
1779198937.019,/benchmark/inference_ms,23.411930
1779198937.065,/benchmark/inference_ms,23.291613
1779198937.110,/benchmark/inference_ms,23.285692
1779198937.153,/benchmark/inference_ms,23.726194
1779198937.198,/benchmark/inference_ms,23.304956
1779198937.242,/benchmark/inference_ms,23.278334
1779198937.286,/benchmark/inference_ms,23.174335
1779198937.331,/benchmark/inference_ms,23.486423
1779198937.376,/benchmark/inference_ms,23.211550
1779198937.421,/benchmark/inference_ms,23.092897
1779198937.465,/benchmark/inference_ms,23.317692
1779198937.508,/benchmark/inference_ms,23.106337
1779198937.553,/benchmark/inference_ms,23.288477
1779198937.598,/benchmark/inference_ms,23.079679
1779198937.641,/benchmark/inference_ms,23.117792
1779198937.685,/benchmark/inference_ms,23.218782
1779198937.729,/benchmark/inference_ms,22.947269
1779198937.774,/benchmark/inference_ms,23.316412
1779198937.819,/benchmark/inference_ms,23.207390
1779198937.863,/benchmark/inference_ms,23.444857
1779198937.909,/benchmark/inference_ms,23.001699
1779198937.951,/benchmark/inference_ms,23.210335
1779198937.997,/benchmark/inference_ms,24.093704
1779198938.042,/benchmark/inference_ms,24.061035
1779198938.087,/benchmark/inference_ms,24.349985
1779198938.136,/benchmark/inference_ms,23.970476
1779198938.179,/benchmark/inference_ms,23.419256
1779198938.223,/benchmark/inference_ms,23.127552
1779198938.267,/benchmark/inference_ms,23.242685
1779198938.312,/benchmark/inference_ms,23.393723
1779198938.356,/benchmark/inference_ms,23.277885
1779198938.401,/benchmark/inference_ms,23.209694
1779198938.444,/benchmark/inference_ms,22.932581
1779198938.489,/benchmark/inference_ms,23.116417
1779198938.533,/benchmark/inference_ms,23.462137
1779198938.579,/benchmark/inference_ms,23.920301
1779198938.623,/benchmark/inference_ms,23.159807
1779198938.667,/benchmark/inference_ms,23.026979
1779198938.711,/benchmark/inference_ms,23.346075
1779198938.756,/benchmark/inference_ms,23.464535
1779198938.801,/benchmark/inference_ms,24.010475
1779198938.846,/benchmark/inference_ms,23.197920
1779198938.895,/benchmark/inference_ms,23.778608
1779198938.936,/benchmark/inference_ms,24.160519
1779198938.981,/benchmark/inference_ms,23.674580
1779198939.027,/benchmark/inference_ms,24.116039
1779198939.072,/benchmark/inference_ms,23.585941
1779198939.117,/benchmark/inference_ms,23.143360
1779198939.163,/benchmark/inference_ms,24.112778
1779198939.209,/benchmark/inference_ms,24.334370
1779198939.253,/benchmark/inference_ms,23.951019
1779198939.299,/benchmark/inference_ms,24.095945
1779198939.343,/benchmark/inference_ms,23.749426
1779198939.388,/benchmark/inference_ms,22.980452
1779198939.449,/benchmark/inference_ms,23.521048
1779198939.479,/benchmark/inference_ms,24.301443
1779198939.524,/benchmark/inference_ms,23.900431
1779198939.570,/benchmark/inference_ms,24.400097
1779198939.615,/benchmark/inference_ms,23.876015
1779198939.660,/benchmark/inference_ms,23.294493
1779198939.706,/benchmark/inference_ms,23.685266
1779198939.751,/benchmark/inference_ms,24.697466
1779198939.799,/benchmark/inference_ms,23.917326
1779198939.842,/benchmark/inference_ms,24.020363
1779198939.887,/benchmark/inference_ms,23.826672
1779198939.932,/benchmark/inference_ms,23.120897
1779198939.977,/benchmark/inference_ms,23.831631
1779198940.023,/benchmark/inference_ms,24.111464
1779198940.068,/benchmark/inference_ms,24.285795
1779198940.113,/benchmark/inference_ms,23.926859
1779198940.159,/benchmark/inference_ms,24.169607
1779198940.204,/benchmark/inference_ms,23.417946
1779198940.249,/benchmark/inference_ms,23.575094
1779198940.297,/benchmark/inference_ms,24.081705
1779198940.340,/benchmark/inference_ms,24.050377
1779198940.387,/benchmark/inference_ms,24.050219
1779198940.432,/benchmark/inference_ms,24.700602
1779198940.479,/benchmark/inference_ms,23.606356
1779198940.524,/benchmark/inference_ms,23.381178
1779198940.569,/benchmark/inference_ms,23.816816
1779198940.614,/benchmark/inference_ms,23.927597
1779198940.659,/benchmark/inference_ms,23.290333
1779198940.704,/benchmark/inference_ms,23.667187
1779198940.750,/benchmark/inference_ms,23.795216
1779198940.794,/benchmark/inference_ms,23.527351
1779198940.840,/benchmark/inference_ms,24.055338
1779198940.885,/benchmark/inference_ms,23.924749
1779198940.935,/benchmark/inference_ms,23.439449
1779198940.974,/benchmark/inference_ms,23.209213
1779198941.020,/benchmark/inference_ms,23.860847
1779198941.063,/benchmark/inference_ms,23.594101
1779198941.109,/benchmark/inference_ms,23.747955
1779198941.153,/benchmark/inference_ms,23.973835
1779198941.211,/benchmark/inference_ms,23.754866
1779198941.242,/benchmark/inference_ms,23.280956
1779198941.288,/benchmark/inference_ms,23.403387
1779198941.330,/benchmark/inference_ms,23.657940
1779198941.374,/benchmark/inference_ms,23.765522
1779198941.420,/benchmark/inference_ms,23.712530
1779198941.466,/benchmark/inference_ms,23.534134
1779198941.511,/benchmark/inference_ms,23.258526
1779198941.556,/benchmark/inference_ms,23.641268
1779198941.601,/benchmark/inference_ms,23.639412
1779198941.649,/benchmark/inference_ms,23.744305
1779198941.694,/benchmark/inference_ms,23.477560
1779198941.741,/benchmark/inference_ms,24.107018
1779198941.787,/benchmark/inference_ms,24.890774
1779198941.833,/benchmark/inference_ms,24.179207
1779198941.878,/benchmark/inference_ms,23.548279
1779198941.921,/benchmark/inference_ms,23.389050
1779198941.967,/benchmark/inference_ms,24.070602
1779198942.013,/benchmark/inference_ms,23.291006
1779198942.058,/benchmark/inference_ms,23.597462
1779198942.102,/benchmark/inference_ms,23.373306
1779198942.149,/benchmark/inference_ms,23.652660
1779198942.194,/benchmark/inference_ms,23.713842
1779198942.239,/benchmark/inference_ms,24.096521
1779198942.286,/benchmark/inference_ms,24.045130
1779198942.329,/benchmark/inference_ms,23.990667
1779198942.375,/benchmark/inference_ms,24.258276
1779198942.420,/benchmark/inference_ms,24.135431
1779198942.466,/benchmark/inference_ms,23.443129
1779198942.510,/benchmark/inference_ms,23.940269
1779198942.557,/benchmark/inference_ms,24.518751
1779198942.603,/benchmark/inference_ms,24.369635
1779198942.649,/benchmark/inference_ms,24.198469
1779198942.694,/benchmark/inference_ms,24.137959
1779198942.740,/benchmark/inference_ms,24.060616
1779198942.784,/benchmark/inference_ms,23.236319
1779198942.831,/benchmark/inference_ms,23.117121
1779198942.876,/benchmark/inference_ms,24.128616
1779198942.922,/benchmark/inference_ms,24.654554
1779198942.967,/benchmark/inference_ms,23.893679
1779198943.012,/benchmark/inference_ms,23.929422
1779198943.057,/benchmark/inference_ms,24.062218
1779198943.102,/benchmark/inference_ms,23.421114
1779198943.150,/benchmark/inference_ms,23.295582
1779198943.193,/benchmark/inference_ms,23.742739
1779198943.239,/benchmark/inference_ms,24.116362
1779198943.284,/benchmark/inference_ms,23.831631
1779198943.329,/benchmark/inference_ms,23.995947
1779198943.376,/benchmark/inference_ms,24.160583
1779198943.423,/benchmark/inference_ms,24.284229
1779198943.468,/benchmark/inference_ms,24.830070
1779198943.513,/benchmark/inference_ms,23.322523
1779198943.559,/benchmark/inference_ms,23.896078
1779198943.606,/benchmark/inference_ms,24.057001
1779198943.650,/benchmark/inference_ms,23.828495
1779198943.694,/benchmark/inference_ms,23.779985
1779198943.741,/benchmark/inference_ms,25.072496
1779198943.787,/benchmark/inference_ms,24.487936
1779198943.833,/benchmark/inference_ms,24.279078
1779198943.879,/benchmark/inference_ms,23.530775
1779198943.925,/benchmark/inference_ms,24.408960
1779198943.970,/benchmark/inference_ms,24.307203
1779198944.016,/benchmark/inference_ms,24.126793
1779198944.060,/benchmark/inference_ms,23.067009
1779198944.107,/benchmark/inference_ms,24.254374
1779198944.152,/benchmark/inference_ms,24.220165
1779198944.197,/benchmark/inference_ms,24.268356
1779198944.242,/benchmark/inference_ms,23.634548
1779198944.288,/benchmark/inference_ms,23.756145
1779198944.333,/benchmark/inference_ms,24.232069
1779198944.378,/benchmark/inference_ms,24.261349
1779198944.424,/benchmark/inference_ms,24.608604
1779198944.470,/benchmark/inference_ms,23.677683
1779198944.516,/benchmark/inference_ms,23.763824
1779198944.561,/benchmark/inference_ms,24.375425
1779198944.607,/benchmark/inference_ms,24.523615
1779198944.652,/benchmark/inference_ms,23.715698
1779198944.698,/benchmark/inference_ms,23.621237
1779198944.743,/benchmark/inference_ms,24.081547
1779198944.789,/benchmark/inference_ms,24.328962
1779198944.834,/benchmark/inference_ms,24.319426
1779198944.879,/benchmark/inference_ms,23.481049
1779198944.925,/benchmark/inference_ms,23.226910
1779198944.970,/benchmark/inference_ms,23.501078
1779198945.015,/benchmark/inference_ms,23.303389
1779198945.059,/benchmark/inference_ms,23.138401
1779198945.105,/benchmark/inference_ms,23.256765
1779198945.150,/benchmark/inference_ms,23.719250
1779198945.193,/benchmark/inference_ms,23.214815
1779198945.238,/benchmark/inference_ms,23.351740
1779198945.286,/benchmark/inference_ms,23.640148
1779198945.326,/benchmark/inference_ms,23.155294
1779198945.371,/benchmark/inference_ms,23.206078
1779198945.416,/benchmark/inference_ms,23.893677
1779198945.461,/benchmark/inference_ms,23.275326
1779198945.505,/benchmark/inference_ms,23.362459
1779198945.550,/benchmark/inference_ms,23.509239
1779198945.594,/benchmark/inference_ms,23.656277
1779198945.639,/benchmark/inference_ms,23.087074
1779198945.684,/benchmark/inference_ms,23.742802
1779198945.727,/benchmark/inference_ms,23.447897
1779198945.772,/benchmark/inference_ms,22.968069
1779198945.817,/benchmark/inference_ms,23.969324
1779198945.862,/benchmark/inference_ms,24.178024
1779198945.907,/benchmark/inference_ms,23.925486
1779198945.953,/benchmark/inference_ms,24.146185
1779198945.996,/benchmark/inference_ms,23.285469
1779198946.040,/benchmark/inference_ms,22.937958
1779198946.084,/benchmark/inference_ms,23.223391
1779198946.128,/benchmark/inference_ms,23.224127
1779198946.172,/benchmark/inference_ms,23.183296
1779198946.217,/benchmark/inference_ms,23.160383
1779198946.261,/benchmark/inference_ms,23.193825
1779198946.305,/benchmark/inference_ms,23.557558
1779198946.350,/benchmark/inference_ms,23.430010
1779198946.394,/benchmark/inference_ms,23.120579
1779198946.439,/benchmark/inference_ms,23.250399
1779198946.483,/benchmark/inference_ms,23.303293
1779198946.528,/benchmark/inference_ms,23.695923
1779198946.574,/benchmark/inference_ms,23.533848
1779198946.619,/benchmark/inference_ms,24.091177
1779198946.665,/benchmark/inference_ms,24.297764
1779198946.710,/benchmark/inference_ms,24.272324
1779198946.755,/benchmark/inference_ms,23.292381
1779198946.800,/benchmark/inference_ms,24.354340
1779198946.845,/benchmark/inference_ms,24.550365
1779198946.893,/benchmark/inference_ms,24.493536
1779198946.937,/benchmark/inference_ms,24.163176
1779198946.982,/benchmark/inference_ms,23.525881
1779198947.029,/benchmark/inference_ms,24.318178
1779198947.075,/benchmark/inference_ms,24.363298
1779198947.120,/benchmark/inference_ms,24.250437
1779198947.167,/benchmark/inference_ms,23.592886
1779198947.212,/benchmark/inference_ms,23.495607
1779198947.259,/benchmark/inference_ms,24.434336
1779198947.304,/benchmark/inference_ms,24.582558
1779198947.349,/benchmark/inference_ms,23.771408
1779198947.396,/benchmark/inference_ms,23.595188
1779198947.439,/benchmark/inference_ms,24.188774
1779198947.485,/benchmark/inference_ms,24.064810
1779198947.530,/benchmark/inference_ms,23.978701
1779198947.575,/benchmark/inference_ms,23.319550
1779198947.623,/benchmark/inference_ms,24.195686
1779198947.667,/benchmark/inference_ms,24.432577
1779198947.712,/benchmark/inference_ms,24.159016
1779198947.757,/benchmark/inference_ms,23.591764
1779198947.803,/benchmark/inference_ms,23.835119
1779198947.848,/benchmark/inference_ms,24.494654
1779198947.898,/benchmark/inference_ms,24.243526
1779198947.939,/benchmark/inference_ms,23.678932
1779198947.985,/benchmark/inference_ms,23.481625
1779198948.030,/benchmark/inference_ms,24.057354
1779198948.076,/benchmark/inference_ms,24.310947
1779198948.122,/benchmark/inference_ms,24.444609
1779198948.167,/benchmark/inference_ms,23.389946
1779198948.212,/benchmark/inference_ms,23.757874
1779198948.258,/benchmark/inference_ms,24.288805
1779198948.303,/benchmark/inference_ms,24.417505
1779198948.348,/benchmark/inference_ms,24.039274
1779198948.395,/benchmark/inference_ms,23.536310
1779198948.439,/benchmark/inference_ms,24.093866
1779198948.485,/benchmark/inference_ms,24.234854
1779198948.530,/benchmark/inference_ms,24.480097
1779198948.576,/benchmark/inference_ms,23.742737
1779198948.621,/benchmark/inference_ms,23.700275
1779198948.667,/benchmark/inference_ms,24.711674
1779198948.713,/benchmark/inference_ms,24.244999
1779198948.758,/benchmark/inference_ms,23.558102
1779198948.804,/benchmark/inference_ms,23.662004
1779198948.849,/benchmark/inference_ms,24.557150
1779198948.895,/benchmark/inference_ms,24.364227
1779198948.942,/benchmark/inference_ms,24.346500
1779198948.987,/benchmark/inference_ms,23.237183
1779198949.033,/benchmark/inference_ms,23.873102
1779198949.078,/benchmark/inference_ms,24.143816
1779198949.123,/benchmark/inference_ms,24.356644
1779198949.169,/benchmark/inference_ms,23.593718
1779198949.215,/benchmark/inference_ms,23.768465
1779198949.260,/benchmark/inference_ms,24.395393
1779198949.306,/benchmark/inference_ms,24.539967
1779198949.350,/benchmark/inference_ms,23.433466
1779198949.395,/benchmark/inference_ms,23.561592
1779198949.444,/benchmark/inference_ms,24.327011
1779198949.489,/benchmark/inference_ms,24.154087
1779198949.535,/benchmark/inference_ms,24.221542
1779198949.581,/benchmark/inference_ms,23.310749
1779198949.626,/benchmark/inference_ms,23.478489
1779198949.672,/benchmark/inference_ms,24.344898
1779198949.717,/benchmark/inference_ms,24.615805
1779198949.763,/benchmark/inference_ms,23.601942
1779198949.810,/benchmark/inference_ms,23.576567
1779198949.854,/benchmark/inference_ms,24.292645
1779198949.900,/benchmark/inference_ms,24.384418
1779198949.946,/benchmark/inference_ms,24.922773
1779198949.999,/benchmark/inference_ms,29.600576
1779198950.042,/benchmark/inference_ms,23.437689
1779198950.086,/benchmark/inference_ms,23.243744
1779198950.135,/benchmark/inference_ms,23.404411
1779198950.179,/benchmark/inference_ms,25.705473
1779198950.224,/benchmark/inference_ms,23.299709
1779198950.268,/benchmark/inference_ms,23.240030
1779198950.313,/benchmark/inference_ms,23.679859
1779198950.357,/benchmark/inference_ms,23.617237
1779198950.401,/benchmark/inference_ms,23.194975
1779198950.445,/benchmark/inference_ms,23.569077
1779198950.490,/benchmark/inference_ms,23.476856
1779198950.534,/benchmark/inference_ms,23.041988
1779198950.578,/benchmark/inference_ms,23.335709
1779198950.622,/benchmark/inference_ms,23.729012
1779198950.666,/benchmark/inference_ms,23.117987
1779198950.712,/benchmark/inference_ms,23.632885
1779198950.755,/benchmark/inference_ms,23.368698
1779198950.800,/benchmark/inference_ms,23.188383
1779198950.845,/benchmark/inference_ms,23.751059
1779198950.891,/benchmark/inference_ms,23.512665
1779198950.937,/benchmark/inference_ms,23.246752
1779198950.979,/benchmark/inference_ms,23.635828
1779198951.023,/benchmark/inference_ms,23.544439
1779198951.068,/benchmark/inference_ms,23.240479
1779198951.112,/benchmark/inference_ms,23.608694
1779198951.158,/benchmark/inference_ms,23.886286
1779198951.202,/benchmark/inference_ms,23.199072
1779198951.247,/benchmark/inference_ms,23.323259
1779198951.293,/benchmark/inference_ms,23.870352
1779198951.335,/benchmark/inference_ms,23.637493
1779198951.381,/benchmark/inference_ms,23.357563
1779198951.427,/benchmark/inference_ms,23.973261
1779198951.472,/benchmark/inference_ms,23.579319
1779198951.516,/benchmark/inference_ms,23.854158
1779198951.561,/benchmark/inference_ms,23.348093
1779198951.612,/benchmark/inference_ms,23.253662
1779198951.649,/benchmark/inference_ms,23.585943
1779198951.697,/benchmark/inference_ms,23.748276
1779198951.743,/benchmark/inference_ms,24.605436
1779198951.788,/benchmark/inference_ms,24.489759
1779198951.833,/benchmark/inference_ms,23.929485
1779198951.878,/benchmark/inference_ms,23.986187
1779198951.923,/benchmark/inference_ms,24.033163
1779198951.968,/benchmark/inference_ms,23.101250
1779198952.013,/benchmark/inference_ms,23.503193
1779198952.059,/benchmark/inference_ms,23.994923
1779198952.107,/benchmark/inference_ms,23.833136
1779198952.148,/benchmark/inference_ms,24.025354
1779198952.194,/benchmark/inference_ms,23.790257
1779198952.239,/benchmark/inference_ms,23.315645
1779198952.286,/benchmark/inference_ms,23.582582
1779198952.329,/benchmark/inference_ms,24.162088
1779198952.375,/benchmark/inference_ms,23.899151
1779198952.421,/benchmark/inference_ms,24.039211
1779198952.465,/benchmark/inference_ms,23.949324
1779198952.510,/benchmark/inference_ms,23.297823
1779198952.555,/benchmark/inference_ms,23.046434
1779198952.600,/benchmark/inference_ms,23.405436
1779198952.646,/benchmark/inference_ms,24.025803
1779198952.690,/benchmark/inference_ms,23.828497
1779198952.735,/benchmark/inference_ms,23.887981
1779198952.781,/benchmark/inference_ms,23.731762
1779198952.826,/benchmark/inference_ms,23.415930
1779198952.872,/benchmark/inference_ms,23.655926
1779198952.917,/benchmark/inference_ms,24.224520
1779198952.962,/benchmark/inference_ms,24.245575
1779198953.008,/benchmark/inference_ms,24.222246
1779198953.053,/benchmark/inference_ms,23.998507
1779198953.098,/benchmark/inference_ms,23.380987
1779198953.144,/benchmark/inference_ms,23.586327
1779198953.189,/benchmark/inference_ms,24.090090
1779198953.236,/benchmark/inference_ms,25.622051
1779198953.284,/benchmark/inference_ms,25.280941
1779198953.329,/benchmark/inference_ms,24.409731
1779198953.375,/benchmark/inference_ms,23.527256
1779198953.421,/benchmark/inference_ms,24.295462
1779198953.466,/benchmark/inference_ms,23.789328
1779198953.511,/benchmark/inference_ms,23.919374
1779198953.556,/benchmark/inference_ms,24.014315
1779198953.601,/benchmark/inference_ms,23.568727
1779198953.648,/benchmark/inference_ms,23.297598
1779198953.691,/benchmark/inference_ms,23.839537
1779198953.736,/benchmark/inference_ms,24.258596
1779198953.783,/benchmark/inference_ms,23.834257
1779198953.828,/benchmark/inference_ms,23.843887
1779198953.873,/benchmark/inference_ms,23.715380
1779198953.921,/benchmark/inference_ms,23.314751
1779198953.964,/benchmark/inference_ms,23.421595
1779198954.010,/benchmark/inference_ms,24.161608
1779198954.055,/benchmark/inference_ms,24.116875
1779198954.100,/benchmark/inference_ms,23.933647
1779198954.146,/benchmark/inference_ms,24.497728
1779198954.192,/benchmark/inference_ms,23.703924
1779198954.238,/benchmark/inference_ms,23.471386
1779198954.284,/benchmark/inference_ms,24.473537
1779198954.328,/benchmark/inference_ms,24.148937
1779198954.375,/benchmark/inference_ms,23.801073
1779198954.419,/benchmark/inference_ms,23.403450
1779198954.466,/benchmark/inference_ms,24.049259
1779198954.511,/benchmark/inference_ms,24.155336
1779198954.556,/benchmark/inference_ms,24.293606
1779198954.601,/benchmark/inference_ms,23.324188
1779198954.648,/benchmark/inference_ms,23.821617
1779198954.693,/benchmark/inference_ms,24.360996
1779198954.738,/benchmark/inference_ms,24.404324
1779198954.785,/benchmark/inference_ms,23.453562
1779198954.830,/benchmark/inference_ms,23.931278
1779198954.875,/benchmark/inference_ms,24.318596
1779198954.920,/benchmark/inference_ms,24.810745
1779198954.966,/benchmark/inference_ms,24.279173
1779198955.012,/benchmark/inference_ms,23.485081
1779198955.058,/benchmark/inference_ms,24.268644
1779198955.105,/benchmark/inference_ms,24.253061
1779198955.149,/benchmark/inference_ms,24.154921
1779198955.192,/benchmark/inference_ms,23.575287
1779198955.238,/benchmark/inference_ms,23.633911
1779198955.284,/benchmark/inference_ms,24.154951
1779198955.327,/benchmark/inference_ms,24.359299
1779198955.373,/benchmark/inference_ms,23.669716
1779198955.420,/benchmark/inference_ms,23.783728
1779198955.464,/benchmark/inference_ms,24.340357
1779198955.509,/benchmark/inference_ms,24.197927
1779198955.554,/benchmark/inference_ms,24.329733
1779198955.600,/benchmark/inference_ms,23.501753
1779198955.648,/benchmark/inference_ms,23.824242
1779198955.691,/benchmark/inference_ms,24.012939
1779198955.737,/benchmark/inference_ms,24.364002
1779198955.786,/benchmark/inference_ms,23.851118
1779198955.829,/benchmark/inference_ms,24.009548
1779198955.872,/benchmark/inference_ms,23.955885
1779198955.918,/benchmark/inference_ms,23.519642
1779198955.963,/benchmark/inference_ms,23.558168
1779198956.008,/benchmark/inference_ms,24.208359
1779198956.054,/benchmark/inference_ms,24.153320
1779198956.099,/benchmark/inference_ms,24.015821
1779198956.146,/benchmark/inference_ms,24.247334
1779198956.189,/benchmark/inference_ms,23.173697
1779198956.236,/benchmark/inference_ms,23.088772
1779198956.281,/benchmark/inference_ms,23.904942
1779198956.326,/benchmark/inference_ms,24.101643
1779198956.371,/benchmark/inference_ms,24.660826
1779198956.420,/benchmark/inference_ms,24.315397
1779198956.462,/benchmark/inference_ms,24.055979
1779198956.507,/benchmark/inference_ms,23.305437
1779198956.553,/benchmark/inference_ms,23.516151
1779198956.599,/benchmark/inference_ms,23.559641
1779198956.644,/benchmark/inference_ms,24.061546
1779198956.690,/benchmark/inference_ms,24.616510
1779198956.734,/benchmark/inference_ms,24.191048
1779198956.781,/benchmark/inference_ms,23.979534
1779198956.825,/benchmark/inference_ms,23.934605
1779198956.871,/benchmark/inference_ms,23.405914
1779198956.916,/benchmark/inference_ms,23.757044
1779198956.961,/benchmark/inference_ms,24.146761
1779198957.007,/benchmark/inference_ms,23.908815
1779198957.053,/benchmark/inference_ms,24.159048
1779198957.097,/benchmark/inference_ms,23.808050
1779198957.143,/benchmark/inference_ms,23.422171
1779198957.188,/benchmark/inference_ms,23.611574
1779198957.234,/benchmark/inference_ms,24.115658
1779198957.282,/benchmark/inference_ms,24.042379
1779198957.325,/benchmark/inference_ms,24.160904
1779198957.370,/benchmark/inference_ms,24.351269
1779198957.416,/benchmark/inference_ms,24.026541
1779198957.462,/benchmark/inference_ms,23.807154
1779198957.507,/benchmark/inference_ms,24.148424
1779198957.554,/benchmark/inference_ms,24.854071
1779198957.599,/benchmark/inference_ms,24.284805
1779198957.645,/benchmark/inference_ms,23.988010
1779198957.688,/benchmark/inference_ms,23.679956
1779198957.735,/benchmark/inference_ms,23.398268
1779198957.783,/benchmark/inference_ms,23.826992
1779198957.827,/benchmark/inference_ms,24.672924
1779198957.873,/benchmark/inference_ms,24.313126
1779198957.918,/benchmark/inference_ms,24.388227
1779198957.963,/benchmark/inference_ms,24.193993
1779198958.009,/benchmark/inference_ms,23.672853
1779198958.055,/benchmark/inference_ms,23.508121
1779198958.101,/benchmark/inference_ms,24.106472
1779198958.148,/benchmark/inference_ms,24.399778
1779198958.192,/benchmark/inference_ms,24.196711
1779198958.237,/benchmark/inference_ms,23.899855
1779198958.283,/benchmark/inference_ms,24.149864
1779198958.327,/benchmark/inference_ms,23.338078
1779198958.373,/benchmark/inference_ms,23.885359
1779198958.418,/benchmark/inference_ms,23.996750
1779198958.464,/benchmark/inference_ms,23.976078
1779198958.510,/benchmark/inference_ms,23.900238
1779198958.556,/benchmark/inference_ms,24.716827
1779198958.602,/benchmark/inference_ms,23.918127
1779198958.647,/benchmark/inference_ms,22.950758
1779198958.693,/benchmark/inference_ms,24.276325
1779198958.738,/benchmark/inference_ms,24.298502
1779198958.783,/benchmark/inference_ms,24.099466
1779198958.829,/benchmark/inference_ms,24.159178
1779198958.874,/benchmark/inference_ms,23.857904
1779198958.919,/benchmark/inference_ms,23.556408
1779198958.965,/benchmark/inference_ms,23.760468
1779198959.011,/benchmark/inference_ms,23.955439
1779198959.056,/benchmark/inference_ms,23.766994
1779198959.101,/benchmark/inference_ms,24.126762
1779198959.145,/benchmark/inference_ms,23.648756
1779198959.190,/benchmark/inference_ms,23.210913
1779198959.236,/benchmark/inference_ms,23.891920
1779198959.287,/benchmark/inference_ms,24.113482
1779198959.327,/benchmark/inference_ms,24.415972
1779198959.372,/benchmark/inference_ms,24.418434
1779198959.419,/benchmark/inference_ms,23.401306
1779198959.464,/benchmark/inference_ms,23.786673
1779198959.509,/benchmark/inference_ms,24.646427
1779198959.554,/benchmark/inference_ms,24.408962
1779198959.597,/benchmark/inference_ms,23.504375
1779198959.643,/benchmark/inference_ms,23.457146
1779198959.689,/benchmark/inference_ms,24.314629
1779198959.734,/benchmark/inference_ms,24.211014
1779198959.778,/benchmark/inference_ms,23.457914
1779198959.824,/benchmark/inference_ms,23.744562
1779198959.870,/benchmark/inference_ms,24.673019
1779198959.915,/benchmark/inference_ms,24.566717
1779198959.958,/benchmark/inference_ms,23.732594
1779198960.004,/benchmark/inference_ms,23.421787
1779198960.051,/benchmark/inference_ms,24.238085
1779198960.096,/benchmark/inference_ms,24.257927
1779198960.141,/benchmark/inference_ms,24.196136
1779198960.187,/benchmark/inference_ms,23.373659
1779198960.233,/benchmark/inference_ms,23.657942
1779198960.277,/benchmark/inference_ms,24.241064
1779198960.323,/benchmark/inference_ms,24.137451
1779198960.368,/benchmark/inference_ms,23.630838
1779198960.414,/benchmark/inference_ms,23.684277
1779198960.459,/benchmark/inference_ms,24.579102
1779198960.504,/benchmark/inference_ms,24.272518
1779198960.549,/benchmark/inference_ms,23.525337
1779198960.595,/benchmark/inference_ms,23.301662
1779198960.640,/benchmark/inference_ms,24.182505
1779198960.686,/benchmark/inference_ms,24.289606
1779198960.730,/benchmark/inference_ms,23.502617
1779198960.778,/benchmark/inference_ms,23.642517
1779198960.823,/benchmark/inference_ms,24.146954
1779198960.869,/benchmark/inference_ms,24.194759
1779198960.914,/benchmark/inference_ms,24.668892
1779198960.960,/benchmark/inference_ms,23.815792
1779198961.006,/benchmark/inference_ms,23.638870
1779198961.051,/benchmark/inference_ms,24.374243
1779198961.095,/benchmark/inference_ms,24.300453
1779198961.143,/benchmark/inference_ms,23.947502
1779198961.187,/benchmark/inference_ms,23.038948
1779198961.233,/benchmark/inference_ms,23.657238
1779198961.278,/benchmark/inference_ms,24.386724
1779198961.324,/benchmark/inference_ms,24.363396
1779198961.369,/benchmark/inference_ms,24.174730
1779198961.415,/benchmark/inference_ms,24.429090
1779198961.460,/benchmark/inference_ms,23.586294
1779198961.505,/benchmark/inference_ms,23.500601
1779198961.551,/benchmark/inference_ms,23.737429
1779198961.596,/benchmark/inference_ms,24.589630
1779198961.645,/benchmark/inference_ms,24.375523
1779198961.687,/benchmark/inference_ms,24.006029
1779198961.732,/benchmark/inference_ms,23.947918
1779198961.778,/benchmark/inference_ms,23.417948
1779198961.824,/benchmark/inference_ms,24.249990
1779198961.869,/benchmark/inference_ms,23.316477
1779198961.914,/benchmark/inference_ms,25.150383
1779198961.965,/benchmark/inference_ms,23.906446
1779198962.013,/benchmark/inference_ms,23.921488
1779198962.055,/benchmark/inference_ms,23.829744
1779198962.100,/benchmark/inference_ms,23.291615
1779198962.146,/benchmark/inference_ms,23.476475
1779198962.191,/benchmark/inference_ms,24.181545
1779198962.237,/benchmark/inference_ms,24.329382
1779198962.283,/benchmark/inference_ms,23.950127
1779198962.326,/benchmark/inference_ms,23.936237
1779198962.372,/benchmark/inference_ms,23.270687
1779198962.419,/benchmark/inference_ms,23.276798
1779198962.463,/benchmark/inference_ms,24.157064
1779198962.508,/benchmark/inference_ms,24.362629
1779198962.553,/benchmark/inference_ms,23.875120
1779198962.598,/benchmark/inference_ms,24.002476
1779198962.645,/benchmark/inference_ms,23.360157
1779198962.688,/benchmark/inference_ms,23.308189
1779198962.734,/benchmark/inference_ms,23.837809
1779198962.783,/benchmark/inference_ms,24.025867
1779198962.824,/benchmark/inference_ms,24.086987
1779198962.869,/benchmark/inference_ms,24.082411
1779198962.914,/benchmark/inference_ms,23.321596
1779198962.960,/benchmark/inference_ms,23.703796
1779198963.006,/benchmark/inference_ms,24.036747
1779198963.052,/benchmark/inference_ms,24.368452
1779198963.097,/benchmark/inference_ms,23.897423
1779198963.142,/benchmark/inference_ms,23.961390
1779198963.187,/benchmark/inference_ms,23.305086
1779198963.233,/benchmark/inference_ms,23.606775
1779198963.278,/benchmark/inference_ms,24.715132
1779198963.324,/benchmark/inference_ms,24.192169
1779198963.369,/benchmark/inference_ms,24.138090
1779198963.414,/benchmark/inference_ms,23.640310
1779198963.462,/benchmark/inference_ms,24.230152
1779198963.504,/benchmark/inference_ms,24.058220
1779198963.551,/benchmark/inference_ms,24.201704
1779198963.596,/benchmark/inference_ms,23.501497
1779198963.642,/benchmark/inference_ms,23.817043
1779198963.689,/benchmark/inference_ms,24.410244
1779198963.733,/benchmark/inference_ms,24.393316
1779198963.781,/benchmark/inference_ms,23.946703
1779198963.823,/benchmark/inference_ms,23.259552
1779198963.868,/benchmark/inference_ms,23.683413
1779198963.914,/benchmark/inference_ms,24.064779
1779198963.959,/benchmark/inference_ms,23.862129
1779198964.004,/benchmark/inference_ms,23.860849
1779198964.049,/benchmark/inference_ms,23.837681
1779198964.094,/benchmark/inference_ms,23.321598
1779198964.139,/benchmark/inference_ms,23.756180
1779198964.184,/benchmark/inference_ms,24.114025
1779198964.229,/benchmark/inference_ms,24.185383
1779198964.275,/benchmark/inference_ms,24.024012
1779198964.321,/benchmark/inference_ms,23.757713
1779198964.363,/benchmark/inference_ms,23.204992
1779198964.407,/benchmark/inference_ms,23.641973
1779198964.453,/benchmark/inference_ms,24.589087
1779198964.498,/benchmark/inference_ms,24.018572
1779198964.544,/benchmark/inference_ms,24.196936
1779198964.589,/benchmark/inference_ms,23.926542
1779198964.633,/benchmark/inference_ms,23.368477
1779198964.679,/benchmark/inference_ms,23.695604
1779198964.725,/benchmark/inference_ms,24.233511
1779198964.770,/benchmark/inference_ms,24.035915
1779198964.818,/benchmark/inference_ms,24.261063
1779198964.861,/benchmark/inference_ms,23.887663
1779198964.906,/benchmark/inference_ms,23.480633
1779198964.952,/benchmark/inference_ms,23.793745
1779198964.997,/benchmark/inference_ms,24.140457
1779198965.043,/benchmark/inference_ms,24.257448
1779198965.088,/benchmark/inference_ms,24.255014
1779198965.133,/benchmark/inference_ms,23.897903
1779198965.178,/benchmark/inference_ms,23.334398
1779198965.224,/benchmark/inference_ms,23.567928
1779198965.270,/benchmark/inference_ms,24.147467
1779198965.316,/benchmark/inference_ms,24.040012
1779198965.361,/benchmark/inference_ms,23.877296
1779198965.406,/benchmark/inference_ms,24.142345
1779198965.451,/benchmark/inference_ms,23.469467
1779198965.496,/benchmark/inference_ms,23.044741
1779198965.541,/benchmark/inference_ms,24.050508
1779198965.587,/benchmark/inference_ms,24.577696
1779198965.632,/benchmark/inference_ms,24.027981
1779198965.677,/benchmark/inference_ms,23.885136
1779198965.722,/benchmark/inference_ms,24.061481
1779198965.768,/benchmark/inference_ms,23.289150
1779198965.813,/benchmark/inference_ms,23.500826
1779198965.860,/benchmark/inference_ms,24.982517
1779198965.906,/benchmark/inference_ms,25.440073
1779198965.952,/benchmark/inference_ms,23.748659
1779198965.997,/benchmark/inference_ms,23.513689
1779198966.043,/benchmark/inference_ms,23.480124
1779198966.088,/benchmark/inference_ms,24.223528
1779198966.134,/benchmark/inference_ms,24.300358
1779198966.179,/benchmark/inference_ms,24.134346
1779198966.224,/benchmark/inference_ms,23.375164
1779198966.270,/benchmark/inference_ms,23.390844
1779198966.316,/benchmark/inference_ms,24.523584
1779198966.361,/benchmark/inference_ms,24.343300
1779198966.406,/benchmark/inference_ms,24.387043
1779198966.452,/benchmark/inference_ms,23.539320
1779198966.498,/benchmark/inference_ms,23.741779
1779198966.543,/benchmark/inference_ms,24.119530
1779198966.588,/benchmark/inference_ms,24.319527
1779198966.632,/benchmark/inference_ms,24.213257
1779198966.678,/benchmark/inference_ms,23.639639
1779198966.725,/benchmark/inference_ms,24.054028
1779198966.770,/benchmark/inference_ms,24.074989
1779198966.814,/benchmark/inference_ms,23.948431
1779198966.861,/benchmark/inference_ms,23.451067
1779198966.906,/benchmark/inference_ms,23.894417
1779198966.951,/benchmark/inference_ms,24.244135
1779198966.996,/benchmark/inference_ms,24.264168
1779198967.042,/benchmark/inference_ms,23.544985
1779198967.088,/benchmark/inference_ms,23.519480
1779198967.135,/benchmark/inference_ms,24.765755
1779198967.180,/benchmark/inference_ms,25.706850
1779198967.227,/benchmark/inference_ms,24.792217
1779198967.273,/benchmark/inference_ms,23.619543
1779198967.318,/benchmark/inference_ms,24.285574
1779198967.363,/benchmark/inference_ms,24.085323
1779198967.408,/benchmark/inference_ms,23.872400
1779198967.454,/benchmark/inference_ms,23.828562
1779198967.500,/benchmark/inference_ms,24.632509
1779198967.545,/benchmark/inference_ms,24.344294
1779198967.592,/benchmark/inference_ms,24.064524
1779198967.638,/benchmark/inference_ms,23.629656
1779198967.683,/benchmark/inference_ms,24.283398
1779198967.728,/benchmark/inference_ms,24.154282
1779198967.774,/benchmark/inference_ms,24.356739
1779198967.820,/benchmark/inference_ms,23.651604
1779198967.865,/benchmark/inference_ms,23.885967
1779198967.910,/benchmark/inference_ms,24.460386
1779198967.955,/benchmark/inference_ms,24.158249
1779198968.001,/benchmark/inference_ms,23.387581
1779198968.046,/benchmark/inference_ms,23.320000
1779198968.092,/benchmark/inference_ms,24.743259
1779198968.137,/benchmark/inference_ms,23.973038
1779198968.182,/benchmark/inference_ms,24.112234
1779198968.228,/benchmark/inference_ms,23.611671
1779198968.274,/benchmark/inference_ms,23.547192
1779198968.321,/benchmark/inference_ms,24.463297
1779198968.365,/benchmark/inference_ms,24.663900
1779198968.409,/benchmark/inference_ms,23.911854
1779198968.458,/benchmark/inference_ms,24.564064
1779198968.505,/benchmark/inference_ms,26.038874
1779198968.561,/benchmark/inference_ms,24.724699
1779198968.596,/benchmark/inference_ms,24.219912
1779198968.644,/benchmark/inference_ms,23.484282
1779198968.691,/benchmark/inference_ms,25.636038
1779198968.738,/benchmark/inference_ms,26.097881
1779198968.783,/benchmark/inference_ms,24.293861
1779198968.829,/benchmark/inference_ms,23.429308
1779198968.873,/benchmark/inference_ms,23.456764
1779198968.919,/benchmark/inference_ms,23.946445
1779198968.962,/benchmark/inference_ms,23.648470
1779198969.009,/benchmark/inference_ms,24.814457
1779198969.058,/benchmark/inference_ms,25.509096
1779198969.103,/benchmark/inference_ms,24.462339
1779198969.148,/benchmark/inference_ms,24.576895
1779198969.193,/benchmark/inference_ms,23.644215
1779198969.240,/benchmark/inference_ms,24.128170
1779198969.285,/benchmark/inference_ms,24.287046
1779198969.331,/benchmark/inference_ms,24.096363
1779198969.376,/benchmark/inference_ms,23.465755
1779198969.421,/benchmark/inference_ms,24.265638
1779198969.467,/benchmark/inference_ms,24.240231
1779198969.513,/benchmark/inference_ms,24.304773
1779198969.559,/benchmark/inference_ms,23.957487
1779198969.606,/benchmark/inference_ms,23.597464
1779198969.650,/benchmark/inference_ms,24.405956
1779198969.695,/benchmark/inference_ms,24.117035
1779198969.740,/benchmark/inference_ms,23.553848
1779198969.786,/benchmark/inference_ms,23.409916
1779198969.831,/benchmark/inference_ms,24.581022
1779198969.878,/benchmark/inference_ms,24.214439
1779198969.923,/benchmark/inference_ms,23.784498
1779198969.968,/benchmark/inference_ms,23.596376
1779198970.014,/benchmark/inference_ms,24.645885
1779198970.059,/benchmark/inference_ms,24.117867
1779198970.106,/benchmark/inference_ms,23.579384
1779198970.151,/benchmark/inference_ms,23.984716
1779198970.197,/benchmark/inference_ms,24.829529
1779198970.242,/benchmark/inference_ms,24.538273
1779198970.287,/benchmark/inference_ms,24.028557
1779198970.333,/benchmark/inference_ms,23.603287
1779198970.379,/benchmark/inference_ms,24.190313
1779198970.424,/benchmark/inference_ms,23.903984
1779198970.469,/benchmark/inference_ms,23.845938
1779198970.513,/benchmark/inference_ms,24.134539
1779198970.559,/benchmark/inference_ms,23.434299
1779198970.606,/benchmark/inference_ms,23.594904
1779198970.650,/benchmark/inference_ms,24.326567
1779198970.695,/benchmark/inference_ms,23.903921
1779198970.741,/benchmark/inference_ms,24.114378
1779198970.785,/benchmark/inference_ms,24.174633
1779198970.830,/benchmark/inference_ms,23.565880
1779198970.876,/benchmark/inference_ms,23.860176
1779198970.923,/benchmark/inference_ms,24.373283
1779198970.968,/benchmark/inference_ms,24.035179
1779198971.013,/benchmark/inference_ms,24.115435
1779198971.058,/benchmark/inference_ms,24.166153
1779198971.106,/benchmark/inference_ms,23.858257
1779198971.149,/benchmark/inference_ms,23.221216
1779198971.201,/benchmark/inference_ms,23.851313
1779198971.245,/benchmark/inference_ms,23.323872
1779198971.291,/benchmark/inference_ms,24.300070
1779198971.336,/benchmark/inference_ms,23.936302
1779198971.381,/benchmark/inference_ms,24.141514
1779198971.428,/benchmark/inference_ms,24.234375
1779198971.472,/benchmark/inference_ms,23.495737
1779198971.519,/benchmark/inference_ms,23.197762
1779198971.564,/benchmark/inference_ms,24.884695
1779198971.609,/benchmark/inference_ms,24.035852
1779198971.654,/benchmark/inference_ms,23.930159
1779198971.700,/benchmark/inference_ms,24.032270
1779198971.744,/benchmark/inference_ms,23.504826
1779198971.790,/benchmark/inference_ms,23.440731
1779198971.844,/benchmark/inference_ms,24.492544
1779198971.889,/benchmark/inference_ms,25.293262
1779198971.935,/benchmark/inference_ms,24.198248
1779198971.980,/benchmark/inference_ms,23.171970
1779198972.024,/benchmark/inference_ms,23.060452
1779198972.069,/benchmark/inference_ms,23.557978
1779198972.113,/benchmark/inference_ms,23.743605
1779198972.161,/benchmark/inference_ms,25.181263
1779198972.208,/benchmark/inference_ms,24.895607
1779198972.253,/benchmark/inference_ms,23.843603
1779198972.298,/benchmark/inference_ms,23.190945
1779198972.343,/benchmark/inference_ms,23.850960
1779198972.387,/benchmark/inference_ms,23.657398
1779198972.432,/benchmark/inference_ms,23.196772
1779198972.477,/benchmark/inference_ms,23.835346
1779198972.522,/benchmark/inference_ms,23.533752
1779198972.566,/benchmark/inference_ms,23.044903
1779198972.613,/benchmark/inference_ms,25.090931
1779198972.659,/benchmark/inference_ms,24.400709
1779198972.703,/benchmark/inference_ms,24.131817
1779198972.749,/benchmark/inference_ms,23.471834
1779198972.795,/benchmark/inference_ms,23.333344
1779198972.839,/benchmark/inference_ms,23.878416
1779198972.885,/benchmark/inference_ms,24.112972
1779198972.930,/benchmark/inference_ms,23.070917
1779198972.973,/benchmark/inference_ms,22.973766
1779198973.019,/benchmark/inference_ms,23.591799
1779198973.062,/benchmark/inference_ms,23.687735
1779198973.106,/benchmark/inference_ms,23.379932
1779198973.151,/benchmark/inference_ms,23.164131
1779198973.196,/benchmark/inference_ms,23.632374
1779198973.240,/benchmark/inference_ms,23.250751
1779198973.285,/benchmark/inference_ms,23.325407
1779198973.329,/benchmark/inference_ms,23.603001
1779198973.374,/benchmark/inference_ms,23.405212
1779198973.420,/benchmark/inference_ms,24.007374
1779198973.463,/benchmark/inference_ms,23.418621
1779198973.507,/benchmark/inference_ms,23.370525
1779198973.554,/benchmark/inference_ms,24.701052
1779198973.602,/benchmark/inference_ms,25.196880
1779198973.648,/benchmark/inference_ms,25.598534
1779198973.695,/benchmark/inference_ms,25.634052
1779198973.741,/benchmark/inference_ms,25.606596
1779198973.788,/benchmark/inference_ms,25.194448
1779198973.833,/benchmark/inference_ms,24.178122
1779198973.878,/benchmark/inference_ms,24.596607
1779198973.925,/benchmark/inference_ms,24.217033
1779198973.971,/benchmark/inference_ms,23.898417
1779198974.017,/benchmark/inference_ms,23.369661
1779198974.060,/benchmark/inference_ms,23.343454
1779198974.106,/benchmark/inference_ms,23.128931
1779198974.149,/benchmark/inference_ms,23.862322
1779198974.195,/benchmark/inference_ms,24.395044
1779198974.241,/benchmark/inference_ms,24.658205
1779198974.287,/benchmark/inference_ms,24.967510
1779198974.332,/benchmark/inference_ms,24.286343
1779198974.378,/benchmark/inference_ms,23.670326
1779198974.426,/benchmark/inference_ms,23.887537
1779198974.472,/benchmark/inference_ms,24.747612
1779198974.521,/benchmark/inference_ms,24.840185
1779198974.564,/benchmark/inference_ms,24.776251
1779198974.610,/benchmark/inference_ms,24.460770
1779198974.659,/benchmark/inference_ms,24.162952
1779198974.701,/benchmark/inference_ms,23.969294
1779198974.747,/benchmark/inference_ms,24.165321
1779198974.795,/benchmark/inference_ms,24.838648
1779198974.840,/benchmark/inference_ms,24.965269
1779198974.887,/benchmark/inference_ms,24.731260
1779198974.932,/benchmark/inference_ms,23.362366
1779198974.979,/benchmark/inference_ms,23.964718
1779198975.025,/benchmark/inference_ms,24.025965
1779198975.072,/benchmark/inference_ms,24.689373
1779198975.120,/benchmark/inference_ms,24.937622
1779198975.166,/benchmark/inference_ms,24.874777
1779198975.211,/benchmark/inference_ms,24.967157
1779198975.257,/benchmark/inference_ms,24.156874
1779198975.305,/benchmark/inference_ms,25.647781
1779198975.351,/benchmark/inference_ms,24.139177
1779198975.399,/benchmark/inference_ms,25.216782
1779198975.445,/benchmark/inference_ms,23.509083
1779198975.491,/benchmark/inference_ms,24.196938
1779198975.536,/benchmark/inference_ms,23.855953
1779198975.582,/benchmark/inference_ms,23.854450
1779198975.627,/benchmark/inference_ms,24.254343
1779198975.672,/benchmark/inference_ms,23.588760
1779198975.718,/benchmark/inference_ms,23.997038
1779198975.765,/benchmark/inference_ms,24.957558
1779198975.811,/benchmark/inference_ms,24.576576
1779198975.857,/benchmark/inference_ms,24.750971
1779198975.904,/benchmark/inference_ms,24.182793
1779198975.948,/benchmark/inference_ms,24.188074
1779198975.994,/benchmark/inference_ms,23.988525
1779198976.040,/benchmark/inference_ms,23.680277
1779198976.086,/benchmark/inference_ms,23.933231
1779198976.134,/benchmark/inference_ms,25.460073
1779198976.179,/benchmark/inference_ms,24.146507
1779198976.225,/benchmark/inference_ms,24.468353
1779198976.271,/benchmark/inference_ms,24.139019
1779198976.318,/benchmark/inference_ms,23.800114
1779198976.363,/benchmark/inference_ms,23.583895
1779198976.410,/benchmark/inference_ms,24.552736
1779198976.455,/benchmark/inference_ms,24.571329
1779198976.501,/benchmark/inference_ms,24.180874
1779198976.547,/benchmark/inference_ms,24.177130
1779198976.592,/benchmark/inference_ms,24.346886
1779198976.638,/benchmark/inference_ms,23.477371
1779198976.687,/benchmark/inference_ms,25.634214
1779198976.736,/benchmark/inference_ms,25.498569
1779198976.782,/benchmark/inference_ms,23.369661
1779198976.827,/benchmark/inference_ms,23.494490
1779198976.870,/benchmark/inference_ms,23.382782
1779198976.917,/benchmark/inference_ms,24.170443
1779198976.960,/benchmark/inference_ms,23.339903
1779198977.006,/benchmark/inference_ms,23.307838
1779198977.051,/benchmark/inference_ms,23.813778
1779198977.096,/benchmark/inference_ms,23.562586
1779198977.141,/benchmark/inference_ms,23.155043
1779198977.185,/benchmark/inference_ms,23.364767
1779198977.230,/benchmark/inference_ms,23.568312
1779198977.278,/benchmark/inference_ms,23.687319
1779198977.319,/benchmark/inference_ms,23.236706
1779198977.364,/benchmark/inference_ms,23.233570
1779198977.408,/benchmark/inference_ms,23.718678
1779198977.452,/benchmark/inference_ms,23.136772
1779198977.497,/benchmark/inference_ms,23.322237
1779198977.542,/benchmark/inference_ms,23.427580
1779198977.588,/benchmark/inference_ms,24.843801
1779198977.634,/benchmark/inference_ms,24.037933
1779198977.679,/benchmark/inference_ms,24.183626
1779198977.724,/benchmark/inference_ms,23.537273
1779198977.770,/benchmark/inference_ms,23.094053
1779198977.817,/benchmark/inference_ms,23.803219
1779198977.862,/benchmark/inference_ms,24.957077
1779198977.907,/benchmark/inference_ms,23.878290
1779198977.953,/benchmark/inference_ms,23.848177
1779198977.997,/benchmark/inference_ms,23.584408
1779198978.045,/benchmark/inference_ms,26.222424
1779198978.090,/benchmark/inference_ms,23.947697
1779198978.134,/benchmark/inference_ms,23.862833
1779198978.179,/benchmark/inference_ms,23.229378
1779198978.226,/benchmark/inference_ms,24.973110
1779198978.272,/benchmark/inference_ms,24.725500
1779198978.319,/benchmark/inference_ms,24.916569
1779198978.362,/benchmark/inference_ms,23.489050
1779198978.408,/benchmark/inference_ms,23.420990
1779198978.453,/benchmark/inference_ms,23.951471
1779198978.499,/benchmark/inference_ms,24.329958
1779198978.545,/benchmark/inference_ms,24.322790
1779198978.591,/benchmark/inference_ms,24.621920
1779198978.637,/benchmark/inference_ms,25.475754
1779198978.686,/benchmark/inference_ms,25.911327
1779198978.733,/benchmark/inference_ms,25.193489
1779198978.781,/benchmark/inference_ms,24.472260
1779198978.824,/benchmark/inference_ms,23.634584
1779198978.873,/benchmark/inference_ms,23.256289
1779198978.914,/benchmark/inference_ms,24.554304
1779198978.961,/benchmark/inference_ms,25.220112
1779198979.009,/benchmark/inference_ms,25.631590
1779198979.056,/benchmark/inference_ms,25.007286
1779198979.102,/benchmark/inference_ms,24.815289
1779198979.148,/benchmark/inference_ms,25.579111
1779198979.195,/benchmark/inference_ms,24.847225
1779198979.240,/benchmark/inference_ms,23.293440
1779198979.285,/benchmark/inference_ms,23.801651
1779198979.330,/benchmark/inference_ms,24.808859
1779198979.377,/benchmark/inference_ms,24.747709
1779198979.425,/benchmark/inference_ms,25.808706
1779198979.471,/benchmark/inference_ms,25.334284
1779198979.522,/benchmark/inference_ms,25.315630
1779198979.566,/benchmark/inference_ms,23.525497
1779198979.611,/benchmark/inference_ms,23.607193
1779198979.655,/benchmark/inference_ms,23.955439
1779198979.702,/benchmark/inference_ms,24.843672
1779198979.747,/benchmark/inference_ms,24.131563
1779198979.795,/benchmark/inference_ms,24.158089
1779198979.841,/benchmark/inference_ms,24.063116
1779198979.886,/benchmark/inference_ms,24.433252
1779198979.933,/benchmark/inference_ms,24.646561
1779198979.982,/benchmark/inference_ms,24.378948
1779198980.029,/benchmark/inference_ms,27.740753
1779198980.076,/benchmark/inference_ms,24.924728
1779198980.123,/benchmark/inference_ms,23.767445
1779198980.169,/benchmark/inference_ms,23.528856
1779198980.218,/benchmark/inference_ms,25.297453
1779198980.265,/benchmark/inference_ms,25.121395
1779198980.311,/benchmark/inference_ms,24.620510
1779198980.358,/benchmark/inference_ms,25.485065
1779198980.405,/benchmark/inference_ms,25.629639
1779198980.451,/benchmark/inference_ms,23.696566
1779198980.498,/benchmark/inference_ms,24.733051
1779198980.544,/benchmark/inference_ms,24.347494
1779198980.589,/benchmark/inference_ms,24.319016
1779198980.635,/benchmark/inference_ms,24.524736
1779198980.682,/benchmark/inference_ms,25.391628
1779198980.729,/benchmark/inference_ms,24.586784
1779198980.780,/benchmark/inference_ms,24.598974
1779198980.824,/benchmark/inference_ms,24.476610
1779198980.869,/benchmark/inference_ms,24.070347
1779198980.916,/benchmark/inference_ms,24.530369
1779198980.960,/benchmark/inference_ms,23.473434
1779198981.006,/benchmark/inference_ms,23.210497
1779198981.052,/benchmark/inference_ms,23.800724
1779198981.097,/benchmark/inference_ms,23.283808
1779198981.144,/benchmark/inference_ms,24.504354
1779198981.188,/benchmark/inference_ms,24.541824
1779198981.235,/benchmark/inference_ms,24.518753
1779198981.284,/benchmark/inference_ms,25.199793
1779198981.330,/benchmark/inference_ms,24.812731
1779198981.377,/benchmark/inference_ms,25.098803
1779198981.422,/benchmark/inference_ms,24.154860
1779198981.469,/benchmark/inference_ms,24.214281
1779198981.514,/benchmark/inference_ms,23.994383
1779198981.560,/benchmark/inference_ms,23.396446
1779198981.606,/benchmark/inference_ms,24.517569
1779198981.653,/benchmark/inference_ms,24.679102
1779198981.704,/benchmark/inference_ms,25.626661
1779198981.747,/benchmark/inference_ms,25.296175
1779198981.794,/benchmark/inference_ms,23.678709
1779198981.838,/benchmark/inference_ms,23.696342
1779198981.888,/benchmark/inference_ms,24.046188
1779198981.930,/benchmark/inference_ms,24.147242
1779198981.975,/benchmark/inference_ms,23.414814
1779198982.021,/benchmark/inference_ms,23.574457
1779198982.068,/benchmark/inference_ms,24.239529
1779198982.111,/benchmark/inference_ms,23.630518
1779198982.155,/benchmark/inference_ms,23.188227
1779198982.202,/benchmark/inference_ms,23.514521
1779198982.246,/benchmark/inference_ms,23.757364
1779198982.291,/benchmark/inference_ms,24.099596
1779198982.338,/benchmark/inference_ms,24.476643
1779198982.388,/benchmark/inference_ms,24.776827
1779198982.430,/benchmark/inference_ms,24.649151
1779198982.476,/benchmark/inference_ms,24.342598
1779198982.522,/benchmark/inference_ms,23.991823
1779198982.568,/benchmark/inference_ms,24.266665
1779198982.615,/benchmark/inference_ms,24.858936
1779198982.661,/benchmark/inference_ms,24.602049
1779198982.707,/benchmark/inference_ms,24.560415
1779198982.752,/benchmark/inference_ms,24.400389
1779198982.798,/benchmark/inference_ms,24.449860
1779198982.844,/benchmark/inference_ms,23.813139
1779198982.891,/benchmark/inference_ms,23.863216
1779198982.936,/benchmark/inference_ms,24.147690
1779198982.981,/benchmark/inference_ms,24.387941
1779198983.027,/benchmark/inference_ms,24.657085
1779198983.073,/benchmark/inference_ms,24.680222
1779198983.119,/benchmark/inference_ms,24.474466
1779198983.165,/benchmark/inference_ms,24.488897
1779198983.211,/benchmark/inference_ms,23.704630
1779198983.256,/benchmark/inference_ms,23.946735
1779198983.303,/benchmark/inference_ms,24.341413
1779198983.348,/benchmark/inference_ms,24.411940
1779198983.394,/benchmark/inference_ms,24.464130
1779198983.441,/benchmark/inference_ms,24.945271
1779198983.486,/benchmark/inference_ms,23.711445
1779198983.532,/benchmark/inference_ms,23.490715
1779198983.581,/benchmark/inference_ms,24.024559
1779198983.627,/benchmark/inference_ms,24.777212
1779198983.673,/benchmark/inference_ms,24.518978
1779198983.718,/benchmark/inference_ms,24.226728
1779198983.765,/benchmark/inference_ms,24.281864
1779198983.809,/benchmark/inference_ms,24.317287
1779198983.856,/benchmark/inference_ms,24.236233
1779198983.904,/benchmark/inference_ms,24.082188
1779198983.949,/benchmark/inference_ms,23.461533
1779198983.996,/benchmark/inference_ms,24.301960
1779198984.043,/benchmark/inference_ms,24.554657
1779198984.089,/benchmark/inference_ms,24.744829
1779198984.135,/benchmark/inference_ms,25.040947
1779198984.181,/benchmark/inference_ms,23.956783
1779198984.227,/benchmark/inference_ms,23.932144
1779198984.275,/benchmark/inference_ms,24.720573
1779198984.319,/benchmark/inference_ms,24.967926
1779198984.366,/benchmark/inference_ms,25.609285
1779198984.414,/benchmark/inference_ms,24.805756
1779198984.461,/benchmark/inference_ms,23.906351
1779198984.506,/benchmark/inference_ms,24.883640
1779198984.552,/benchmark/inference_ms,25.111698
1779198984.601,/benchmark/inference_ms,24.898714
1779198984.647,/benchmark/inference_ms,23.971121
1779198984.692,/benchmark/inference_ms,24.424004
1779198984.741,/benchmark/inference_ms,24.288712
1779198984.790,/benchmark/inference_ms,24.956440
1779198984.833,/benchmark/inference_ms,24.804060
1779198984.884,/benchmark/inference_ms,24.665758
1779198984.926,/benchmark/inference_ms,24.088589
1779198984.972,/benchmark/inference_ms,24.327463
1779198985.019,/benchmark/inference_ms,25.161041
1779198985.065,/benchmark/inference_ms,24.586977
1779198985.111,/benchmark/inference_ms,24.862522
1779198985.157,/benchmark/inference_ms,23.912880
1779198985.203,/benchmark/inference_ms,23.808561
1779198985.249,/benchmark/inference_ms,24.890232
1779198985.299,/benchmark/inference_ms,25.009846
1779198985.341,/benchmark/inference_ms,24.308392
1779198985.387,/benchmark/inference_ms,23.648439
1779198985.433,/benchmark/inference_ms,24.054861
1779198985.482,/benchmark/inference_ms,25.345581
1779198985.526,/benchmark/inference_ms,24.460676
1779198985.573,/benchmark/inference_ms,24.594048
1779198985.619,/benchmark/inference_ms,23.453659
1779198985.664,/benchmark/inference_ms,24.370853
1779198985.710,/benchmark/inference_ms,24.530657
1779198985.755,/benchmark/inference_ms,24.702143
1779198985.802,/benchmark/inference_ms,24.482338
1779198985.847,/benchmark/inference_ms,24.407907
1779198985.895,/benchmark/inference_ms,24.822651
1779198985.942,/benchmark/inference_ms,24.201353
1779198985.987,/benchmark/inference_ms,24.604511
1779198986.033,/benchmark/inference_ms,24.310566
1779198986.080,/benchmark/inference_ms,23.930799
1779198986.128,/benchmark/inference_ms,24.412069
1779198986.174,/benchmark/inference_ms,25.022102
1779198986.221,/benchmark/inference_ms,25.120499
1779198986.266,/benchmark/inference_ms,23.702135
1779198986.312,/benchmark/inference_ms,23.532219
1779198986.359,/benchmark/inference_ms,24.836538
1779198986.407,/benchmark/inference_ms,25.890144
1779198986.455,/benchmark/inference_ms,25.107666
1779198986.501,/benchmark/inference_ms,25.437675
1779198986.548,/benchmark/inference_ms,24.928408
1779198986.594,/benchmark/inference_ms,24.017519
1779198986.642,/benchmark/inference_ms,24.080078
1779198986.687,/benchmark/inference_ms,25.174545
1779198986.733,/benchmark/inference_ms,25.155441
1779198986.779,/benchmark/inference_ms,24.912632
1779198986.825,/benchmark/inference_ms,24.275881
1779198986.871,/benchmark/inference_ms,24.007917
1779198986.917,/benchmark/inference_ms,23.827412
1779198986.962,/benchmark/inference_ms,23.846355
1779198987.009,/benchmark/inference_ms,24.472643
1779198987.056,/benchmark/inference_ms,24.853401
1779198987.104,/benchmark/inference_ms,24.169771
1779198987.147,/benchmark/inference_ms,24.360710
1779198987.196,/benchmark/inference_ms,24.216745
1779198987.238,/benchmark/inference_ms,24.214985
1779198987.283,/benchmark/inference_ms,23.652311
1779198987.327,/benchmark/inference_ms,23.856050
1779198987.374,/benchmark/inference_ms,24.421284
1779198987.419,/benchmark/inference_ms,24.261032
1779198987.465,/benchmark/inference_ms,24.252968
1779198987.511,/benchmark/inference_ms,24.789980
1779198987.556,/benchmark/inference_ms,24.176779
1779198987.605,/benchmark/inference_ms,23.390621
1779198987.647,/benchmark/inference_ms,24.209034
1779198987.693,/benchmark/inference_ms,24.480642
1779198987.740,/benchmark/inference_ms,24.997494
1779198987.785,/benchmark/inference_ms,24.667007
1779198987.831,/benchmark/inference_ms,24.324167
1779198987.877,/benchmark/inference_ms,24.314054
1779198987.922,/benchmark/inference_ms,23.451965
1779198987.968,/benchmark/inference_ms,23.527611
1779198988.014,/benchmark/inference_ms,23.976526
1779198988.060,/benchmark/inference_ms,24.255527
1779198988.106,/benchmark/inference_ms,24.866682
1779198988.152,/benchmark/inference_ms,24.543810
1779198988.199,/benchmark/inference_ms,24.422085
1779198988.245,/benchmark/inference_ms,24.248840
1779198988.291,/benchmark/inference_ms,24.463491
1779198988.336,/benchmark/inference_ms,23.810099
1779198988.382,/benchmark/inference_ms,23.470428
1779198988.430,/benchmark/inference_ms,23.627289
1779198988.474,/benchmark/inference_ms,24.308552
1779198988.519,/benchmark/inference_ms,24.280840
1779198988.564,/benchmark/inference_ms,23.952368
1779198988.610,/benchmark/inference_ms,24.333384
1779198988.655,/benchmark/inference_ms,23.802677
1779198988.701,/benchmark/inference_ms,23.953873
1779198988.748,/benchmark/inference_ms,24.073484
1779198988.795,/benchmark/inference_ms,24.803450
1779198988.839,/benchmark/inference_ms,23.304607
1779198988.885,/benchmark/inference_ms,24.415588
1779198988.930,/benchmark/inference_ms,24.360645
1779198988.976,/benchmark/inference_ms,24.134220
1779198989.021,/benchmark/inference_ms,23.821203
1779198989.067,/benchmark/inference_ms,23.756886
1779198989.113,/benchmark/inference_ms,23.811699
1779198989.158,/benchmark/inference_ms,24.208553
1779198989.203,/benchmark/inference_ms,23.765331
1779198989.249,/benchmark/inference_ms,24.045805
1779198989.295,/benchmark/inference_ms,23.795189
1779198989.339,/benchmark/inference_ms,23.385725
1779198989.385,/benchmark/inference_ms,23.642519
1779198989.431,/benchmark/inference_ms,24.258890
1779198989.476,/benchmark/inference_ms,24.188457
1779198989.522,/benchmark/inference_ms,24.198315
1779198989.567,/benchmark/inference_ms,24.005968
1779198989.612,/benchmark/inference_ms,23.394142
1779198989.656,/benchmark/inference_ms,23.509115
1779198989.702,/benchmark/inference_ms,23.649494
1779198989.749,/benchmark/inference_ms,24.326374
1779198989.795,/benchmark/inference_ms,24.277864
1779198989.841,/benchmark/inference_ms,25.292559
1779198989.887,/benchmark/inference_ms,24.905144
1779198989.934,/benchmark/inference_ms,23.517435
1779198989.980,/benchmark/inference_ms,24.304520
1779198990.025,/benchmark/inference_ms,24.292809
1779198990.071,/benchmark/inference_ms,24.187433
1779198990.116,/benchmark/inference_ms,23.915537
1779198990.161,/benchmark/inference_ms,23.937584
1779198990.206,/benchmark/inference_ms,23.393503
1779198990.252,/benchmark/inference_ms,23.536537
1779198990.299,/benchmark/inference_ms,24.364517
1779198990.344,/benchmark/inference_ms,24.315527
1779198990.390,/benchmark/inference_ms,24.135723
1779198990.434,/benchmark/inference_ms,24.126221
1779198990.480,/benchmark/inference_ms,24.194954
1779198990.527,/benchmark/inference_ms,24.189962
1779198990.572,/benchmark/inference_ms,23.513050
1779198990.617,/benchmark/inference_ms,23.562298
1779198990.664,/benchmark/inference_ms,24.213512
1779198990.709,/benchmark/inference_ms,24.645790
1779198990.755,/benchmark/inference_ms,24.066252
1779198990.800,/benchmark/inference_ms,24.181770
1779198990.846,/benchmark/inference_ms,24.230314
1779198990.891,/benchmark/inference_ms,23.090117
1779198990.935,/benchmark/inference_ms,23.237890
1779198990.981,/benchmark/inference_ms,24.180330
1779198991.027,/benchmark/inference_ms,24.711773
1779198991.073,/benchmark/inference_ms,24.163691
1779198991.120,/benchmark/inference_ms,24.236874
1779198991.163,/benchmark/inference_ms,23.895153
1779198991.209,/benchmark/inference_ms,24.116491
1779198991.254,/benchmark/inference_ms,23.273632
1779198991.299,/benchmark/inference_ms,24.028847
1779198991.345,/benchmark/inference_ms,24.617792
1779198991.390,/benchmark/inference_ms,24.893721
1779198991.437,/benchmark/inference_ms,24.439939
1779198991.485,/benchmark/inference_ms,24.401476
1779198991.530,/benchmark/inference_ms,23.539770
1779198991.576,/benchmark/inference_ms,23.845139
1779198991.621,/benchmark/inference_ms,23.578968
1779198991.667,/benchmark/inference_ms,24.471045
1779198991.711,/benchmark/inference_ms,24.248137
1779198991.757,/benchmark/inference_ms,24.117676
1779198991.802,/benchmark/inference_ms,23.026695
1779198991.847,/benchmark/inference_ms,23.627640
1779198991.893,/benchmark/inference_ms,24.639456
1779198991.939,/benchmark/inference_ms,24.784157
1779198991.985,/benchmark/inference_ms,24.889400
1779198992.032,/benchmark/inference_ms,25.522507
1779198992.078,/benchmark/inference_ms,25.615849
1779198992.123,/benchmark/inference_ms,23.975311
1779198992.169,/benchmark/inference_ms,23.366430
1779198992.214,/benchmark/inference_ms,23.955248
1779198992.258,/benchmark/inference_ms,23.485723
1779198992.304,/benchmark/inference_ms,23.216963
1779198992.349,/benchmark/inference_ms,24.013296
1779198992.396,/benchmark/inference_ms,25.001558
1779198992.442,/benchmark/inference_ms,25.090548
1779198992.488,/benchmark/inference_ms,24.138954
1779198992.534,/benchmark/inference_ms,25.047829
1779198992.580,/benchmark/inference_ms,24.947607
1779198992.627,/benchmark/inference_ms,24.940983
1779198992.672,/benchmark/inference_ms,23.358974
1779198992.717,/benchmark/inference_ms,24.561922
1779198992.764,/benchmark/inference_ms,23.886642
1779198992.810,/benchmark/inference_ms,23.644089
1779198992.856,/benchmark/inference_ms,24.039534
1779198992.903,/benchmark/inference_ms,24.412453
1779198992.947,/benchmark/inference_ms,24.123629
1779198992.992,/benchmark/inference_ms,23.629879
1779198993.038,/benchmark/inference_ms,24.106606
1779198993.083,/benchmark/inference_ms,23.938801
1779198993.128,/benchmark/inference_ms,24.200138
1779198993.174,/benchmark/inference_ms,24.159115
1779198993.219,/benchmark/inference_ms,24.197353
1779198993.264,/benchmark/inference_ms,23.659224
1779198993.309,/benchmark/inference_ms,23.412382
1779198993.354,/benchmark/inference_ms,23.984079
1779198993.402,/benchmark/inference_ms,23.798388
1779198993.445,/benchmark/inference_ms,24.342567
1779198993.493,/benchmark/inference_ms,23.981262
1779198993.536,/benchmark/inference_ms,23.579802
1779198993.581,/benchmark/inference_ms,23.842386
1779198993.626,/benchmark/inference_ms,23.997713
1779198993.672,/benchmark/inference_ms,23.764660
1779198993.715,/benchmark/inference_ms,23.594936
1779198993.762,/benchmark/inference_ms,23.811188
1779198993.807,/benchmark/inference_ms,24.366568
1779198993.852,/benchmark/inference_ms,23.541115
1779198993.897,/benchmark/inference_ms,23.619225
1779198993.943,/benchmark/inference_ms,23.923376
1779198993.988,/benchmark/inference_ms,24.029902
1779198994.033,/benchmark/inference_ms,23.597338
1779198994.078,/benchmark/inference_ms,24.166698
1779198994.124,/benchmark/inference_ms,24.001583
1779198994.169,/benchmark/inference_ms,23.476028
1779198994.214,/benchmark/inference_ms,23.934448
1779198994.259,/benchmark/inference_ms,24.005743
1779198994.304,/benchmark/inference_ms,23.272001
1779198994.349,/benchmark/inference_ms,23.924240
1779198994.392,/benchmark/inference_ms,23.640152
1779198994.437,/benchmark/inference_ms,23.121252
1779198994.484,/benchmark/inference_ms,23.895058
1779198994.529,/benchmark/inference_ms,23.809940
1779198994.574,/benchmark/inference_ms,23.477083
1779198994.621,/benchmark/inference_ms,24.200588
1779198994.664,/benchmark/inference_ms,23.610008
1779198994.710,/benchmark/inference_ms,23.619289
1779198994.755,/benchmark/inference_ms,23.781555
1779198994.803,/benchmark/inference_ms,24.114508
1779198994.845,/benchmark/inference_ms,23.252129
1779198994.890,/benchmark/inference_ms,23.866962
1779198994.936,/benchmark/inference_ms,23.991215
1779198994.981,/benchmark/inference_ms,23.642040
1779198995.026,/benchmark/inference_ms,23.297026
1779198995.073,/benchmark/inference_ms,24.398598
1779198995.118,/benchmark/inference_ms,24.175116
1779198995.164,/benchmark/inference_ms,24.028719
1779198995.209,/benchmark/inference_ms,23.415583
1779198995.254,/benchmark/inference_ms,23.641081
1779198995.299,/benchmark/inference_ms,23.588121
1779198995.343,/benchmark/inference_ms,23.194658
1779198995.390,/benchmark/inference_ms,23.814356
1779198995.433,/benchmark/inference_ms,23.268227
1779198995.478,/benchmark/inference_ms,23.297152
1779198995.522,/benchmark/inference_ms,23.802164
1779198995.567,/benchmark/inference_ms,23.342142
1779198995.614,/benchmark/inference_ms,23.750900
1779198995.657,/benchmark/inference_ms,23.696470
1779198995.701,/benchmark/inference_ms,23.602745
1779198995.746,/benchmark/inference_ms,23.275776
1779198995.794,/benchmark/inference_ms,23.767830
1779198995.836,/benchmark/inference_ms,23.360287
1779198995.881,/benchmark/inference_ms,23.244387
1779198995.925,/benchmark/inference_ms,23.440477
1779198995.970,/benchmark/inference_ms,23.354752
1779198996.014,/benchmark/inference_ms,23.282785
1779198996.059,/benchmark/inference_ms,23.773750
1779198996.104,/benchmark/inference_ms,23.579258
1779198996.147,/benchmark/inference_ms,23.368992
1779198996.193,/benchmark/inference_ms,23.392830
1779198996.238,/benchmark/inference_ms,23.480604
1779198996.283,/benchmark/inference_ms,23.306370
1779198996.328,/benchmark/inference_ms,23.622648
1779198996.371,/benchmark/inference_ms,23.349567
1779198996.417,/benchmark/inference_ms,23.429596
1779198996.461,/benchmark/inference_ms,23.673302
1779198996.507,/benchmark/inference_ms,23.374655
1779198996.551,/benchmark/inference_ms,23.414654
1779198996.596,/benchmark/inference_ms,23.885458
1779198996.640,/benchmark/inference_ms,23.674488
1779198996.684,/benchmark/inference_ms,23.303617
1779198996.729,/benchmark/inference_ms,23.670872
1779198996.771,/benchmark/inference_ms,23.303871
1779198996.816,/benchmark/inference_ms,23.176195
1779198996.860,/benchmark/inference_ms,23.185219
1779198996.905,/benchmark/inference_ms,23.504923
1779198996.948,/benchmark/inference_ms,23.027304
1779198996.992,/benchmark/inference_ms,23.142309
1779198997.038,/benchmark/inference_ms,23.392509
1779198997.082,/benchmark/inference_ms,23.370655
1779198997.127,/benchmark/inference_ms,23.378239
1779198997.173,/benchmark/inference_ms,23.854773
1779198997.218,/benchmark/inference_ms,24.728350
1779198997.264,/benchmark/inference_ms,24.413702
1779198997.310,/benchmark/inference_ms,23.413502
1779198997.354,/benchmark/inference_ms,23.023399
1779198997.399,/benchmark/inference_ms,23.493532
1779198997.444,/benchmark/inference_ms,24.282824
1779198997.492,/benchmark/inference_ms,25.122643
1779198997.538,/benchmark/inference_ms,24.113678
1779198997.583,/benchmark/inference_ms,23.418365
1779198997.628,/benchmark/inference_ms,23.827669
1779198997.673,/benchmark/inference_ms,24.150284
1779198997.721,/benchmark/inference_ms,25.647335
1779198997.767,/benchmark/inference_ms,25.230129
1779198997.816,/benchmark/inference_ms,24.402533
1779198997.859,/benchmark/inference_ms,23.746485
1779198997.905,/benchmark/inference_ms,24.113773
1779198997.950,/benchmark/inference_ms,24.150669
1779198997.996,/benchmark/inference_ms,25.109972
1779198998.063,/benchmark/inference_ms,23.665112
1779198998.109,/benchmark/inference_ms,24.020752
1779198998.153,/benchmark/inference_ms,23.289124
1779198998.200,/benchmark/inference_ms,23.544891
1779198998.244,/benchmark/inference_ms,23.035814
1779198998.289,/benchmark/inference_ms,23.572859
1779198998.333,/benchmark/inference_ms,23.426174
1779198998.378,/benchmark/inference_ms,23.168962
1779198998.423,/benchmark/inference_ms,23.489309
1779198998.468,/benchmark/inference_ms,24.050253
1779198998.514,/benchmark/inference_ms,25.245584
1779198998.560,/benchmark/inference_ms,24.283562
1779198998.605,/benchmark/inference_ms,23.531898
1779198998.650,/benchmark/inference_ms,23.344606
1779198998.695,/benchmark/inference_ms,23.890099
1779198998.741,/benchmark/inference_ms,24.357031
1779198998.787,/benchmark/inference_ms,24.291784
1779198998.834,/benchmark/inference_ms,24.804348
1779198998.879,/benchmark/inference_ms,23.750166
1779198998.924,/benchmark/inference_ms,23.689590
1779198998.968,/benchmark/inference_ms,23.320194
1779198999.013,/benchmark/inference_ms,23.646809
1779198999.058,/benchmark/inference_ms,23.643608
1779198999.106,/benchmark/inference_ms,23.232931
1779198999.147,/benchmark/inference_ms,23.252546
1779198999.192,/benchmark/inference_ms,23.591066
1779198999.236,/benchmark/inference_ms,23.028070
1779198999.280,/benchmark/inference_ms,23.492092
1779198999.325,/benchmark/inference_ms,23.887506
1779198999.369,/benchmark/inference_ms,23.347935
1779198999.415,/benchmark/inference_ms,23.280514
1779198999.460,/benchmark/inference_ms,23.890900
1779198999.504,/benchmark/inference_ms,23.227522
1779198999.549,/benchmark/inference_ms,23.313345
1779198999.595,/benchmark/inference_ms,23.745302
1779198999.641,/benchmark/inference_ms,23.466908
1779198999.684,/benchmark/inference_ms,23.409758
1779198999.729,/benchmark/inference_ms,23.450300
1779198999.773,/benchmark/inference_ms,23.198404
1779198999.818,/benchmark/inference_ms,23.370975
1779198999.863,/benchmark/inference_ms,23.629658
1779198999.907,/benchmark/inference_ms,23.604345
1779198999.952,/benchmark/inference_ms,23.188709
1779198999.997,/benchmark/inference_ms,23.932594
1779199000.042,/benchmark/inference_ms,23.636600
1779199000.086,/benchmark/inference_ms,23.520029
1779199000.133,/benchmark/inference_ms,24.816698
1779199000.181,/benchmark/inference_ms,25.203985
1779199000.226,/benchmark/inference_ms,24.128555
1779199000.271,/benchmark/inference_ms,23.797173
1779199000.317,/benchmark/inference_ms,23.212803
1779199000.360,/benchmark/inference_ms,23.362272
1779199000.405,/benchmark/inference_ms,23.848787
1779199000.449,/benchmark/inference_ms,23.250530
1779199000.495,/benchmark/inference_ms,23.391647
1779199000.539,/benchmark/inference_ms,23.561115
1779199000.584,/benchmark/inference_ms,23.571386
1779199000.629,/benchmark/inference_ms,23.168198
1779199000.674,/benchmark/inference_ms,23.702263
1779199000.719,/benchmark/inference_ms,23.920017
1779199000.763,/benchmark/inference_ms,23.365183
1779199000.809,/benchmark/inference_ms,23.688536
1779199000.853,/benchmark/inference_ms,23.778933
1779199000.901,/benchmark/inference_ms,23.676600
1779199000.943,/benchmark/inference_ms,23.414974
1779199000.989,/benchmark/inference_ms,23.870674
1779199001.033,/benchmark/inference_ms,23.424030
1779199001.079,/benchmark/inference_ms,23.602777
1779199001.123,/benchmark/inference_ms,23.831411
1779199001.168,/benchmark/inference_ms,23.638905
1779199001.213,/benchmark/inference_ms,23.323135
1779199001.259,/benchmark/inference_ms,23.969233
1779199001.305,/benchmark/inference_ms,23.927664
1779199001.348,/benchmark/inference_ms,23.596313
1779199001.393,/benchmark/inference_ms,23.891602
1779199001.439,/benchmark/inference_ms,24.945337
1779199001.484,/benchmark/inference_ms,24.312008
1779199001.529,/benchmark/inference_ms,23.540186
1779199001.576,/benchmark/inference_ms,23.716183
1779199001.620,/benchmark/inference_ms,23.620792
1779199001.665,/benchmark/inference_ms,23.937744
1779199001.710,/benchmark/inference_ms,23.444572
1779199001.754,/benchmark/inference_ms,23.475965
1779199001.798,/benchmark/inference_ms,23.213058
1779199001.844,/benchmark/inference_ms,24.359240
1779199001.894,/benchmark/inference_ms,24.232618
1779199001.934,/benchmark/inference_ms,24.022736
1779199001.979,/benchmark/inference_ms,23.243587
1779199002.025,/benchmark/inference_ms,23.639545
1779199002.072,/benchmark/inference_ms,24.300808
1779199002.117,/benchmark/inference_ms,24.536642
1779199002.162,/benchmark/inference_ms,23.868818
1779199002.207,/benchmark/inference_ms,23.881268
1779199002.253,/benchmark/inference_ms,23.235939
1779199002.299,/benchmark/inference_ms,23.946033
1779199002.344,/benchmark/inference_ms,24.178476
1779199002.391,/benchmark/inference_ms,24.327751
1779199002.435,/benchmark/inference_ms,24.027216
1779199002.480,/benchmark/inference_ms,23.924627
1779199002.525,/benchmark/inference_ms,23.073479
1779199002.570,/benchmark/inference_ms,23.431486
1779199002.617,/benchmark/inference_ms,24.267368
1779199002.662,/benchmark/inference_ms,24.502979
1779199002.707,/benchmark/inference_ms,24.041519
1779199002.752,/benchmark/inference_ms,24.305799
1779199002.798,/benchmark/inference_ms,23.791670
1779199002.843,/benchmark/inference_ms,23.350431
1779199002.889,/benchmark/inference_ms,23.671127
1779199002.935,/benchmark/inference_ms,24.293705
1779199002.980,/benchmark/inference_ms,24.034031
1779199003.025,/benchmark/inference_ms,24.040110
1779199003.070,/benchmark/inference_ms,23.919794
1779199003.117,/benchmark/inference_ms,23.578812
1779199003.161,/benchmark/inference_ms,23.722389
1779199003.207,/benchmark/inference_ms,24.164909
1779199003.252,/benchmark/inference_ms,23.880659
1779199003.298,/benchmark/inference_ms,23.956240
1779199003.343,/benchmark/inference_ms,24.163404
1779199003.391,/benchmark/inference_ms,23.356863
1779199003.433,/benchmark/inference_ms,23.540667
1779199003.479,/benchmark/inference_ms,24.307432
1779199003.524,/benchmark/inference_ms,23.971567
1779199003.570,/benchmark/inference_ms,24.010319
1779199003.616,/benchmark/inference_ms,24.091852
1779199003.661,/benchmark/inference_ms,23.746487
1779199003.705,/benchmark/inference_ms,23.052328
1779199003.751,/benchmark/inference_ms,24.171885
1779199003.797,/benchmark/inference_ms,24.383944
1779199003.842,/benchmark/inference_ms,24.053871
1779199003.888,/benchmark/inference_ms,24.194540
1779199003.932,/benchmark/inference_ms,23.889523
1779199003.978,/benchmark/inference_ms,23.305696
1779199004.024,/benchmark/inference_ms,23.532284
1779199004.069,/benchmark/inference_ms,24.084431
1779199004.116,/benchmark/inference_ms,24.334919
1779199004.161,/benchmark/inference_ms,23.932976
1779199004.206,/benchmark/inference_ms,24.127918
1779199004.252,/benchmark/inference_ms,23.345921
1779199004.297,/benchmark/inference_ms,23.235588
1779199004.343,/benchmark/inference_ms,24.083055
1779199004.387,/benchmark/inference_ms,24.137966
1779199004.433,/benchmark/inference_ms,24.136332
1779199004.479,/benchmark/inference_ms,24.197132
1779199004.524,/benchmark/inference_ms,23.736534
1779199004.570,/benchmark/inference_ms,23.277376
1779199004.616,/benchmark/inference_ms,23.474365
1779199004.660,/benchmark/inference_ms,24.199436
1779199004.705,/benchmark/inference_ms,23.910610
1779199004.752,/benchmark/inference_ms,25.403980
1779199004.797,/benchmark/inference_ms,24.077389
1779199004.842,/benchmark/inference_ms,23.139172
1779199004.888,/benchmark/inference_ms,23.467966
1779199004.931,/benchmark/inference_ms,23.764374
1779199004.978,/benchmark/inference_ms,25.141811
1779199005.025,/benchmark/inference_ms,24.669760
1779199005.071,/benchmark/inference_ms,24.577600
1779199005.116,/benchmark/inference_ms,23.688185
1779199005.161,/benchmark/inference_ms,23.613850
1779199005.206,/benchmark/inference_ms,23.302593
1779199005.251,/benchmark/inference_ms,23.510332
1779199005.298,/benchmark/inference_ms,25.290512
1779199005.343,/benchmark/inference_ms,24.786333
1779199005.391,/benchmark/inference_ms,24.865850
1779199005.434,/benchmark/inference_ms,23.260098
1779199005.479,/benchmark/inference_ms,23.403646
1779199005.524,/benchmark/inference_ms,23.537947
1779199005.568,/benchmark/inference_ms,24.179373
1779199005.617,/benchmark/inference_ms,24.676512
1779199005.662,/benchmark/inference_ms,23.743958
1779199005.706,/benchmark/inference_ms,24.421383
1779199005.751,/benchmark/inference_ms,23.433277
1779199005.796,/benchmark/inference_ms,23.232452
1779199005.841,/benchmark/inference_ms,23.611961
1779199005.888,/benchmark/inference_ms,23.473276
1779199005.931,/benchmark/inference_ms,24.070541
1779199005.975,/benchmark/inference_ms,23.063559
1779199006.020,/benchmark/inference_ms,23.442719
1779199006.064,/benchmark/inference_ms,23.256802
1779199006.107,/benchmark/inference_ms,23.358656
1779199006.152,/benchmark/inference_ms,23.316448
1779199006.196,/benchmark/inference_ms,23.396223
1779199006.241,/benchmark/inference_ms,23.717976
1779199006.285,/benchmark/inference_ms,23.427263
1779199006.330,/benchmark/inference_ms,23.771702
1779199006.376,/benchmark/inference_ms,23.736246
1779199006.421,/benchmark/inference_ms,23.634968
1779199006.465,/benchmark/inference_ms,23.181156
1779199006.510,/benchmark/inference_ms,23.610521
1779199006.554,/benchmark/inference_ms,23.292801
1779199006.598,/benchmark/inference_ms,23.096199
1779199006.643,/benchmark/inference_ms,23.555738
1779199006.687,/benchmark/inference_ms,23.114790
1779199006.732,/benchmark/inference_ms,23.219652
1779199006.777,/benchmark/inference_ms,23.531803
1779199006.819,/benchmark/inference_ms,23.120871
1779199006.865,/benchmark/inference_ms,23.316576
1779199006.910,/benchmark/inference_ms,23.994705
1779199006.954,/benchmark/inference_ms,23.181795
1779199007.000,/benchmark/inference_ms,23.425661
1779199007.044,/benchmark/inference_ms,23.541178
1779199007.089,/benchmark/inference_ms,23.264004
1779199007.134,/benchmark/inference_ms,23.283907
1779199007.179,/benchmark/inference_ms,23.642490
1779199007.223,/benchmark/inference_ms,23.113670
1779199007.267,/benchmark/inference_ms,23.288578
1779199007.313,/benchmark/inference_ms,23.656281
1779199007.356,/benchmark/inference_ms,23.342400
1779199007.403,/benchmark/inference_ms,23.310017
1779199007.446,/benchmark/inference_ms,23.595642
1779199007.491,/benchmark/inference_ms,23.684921
1779199007.536,/benchmark/inference_ms,23.126564
1779199007.580,/benchmark/inference_ms,23.780212
1779199007.625,/benchmark/inference_ms,23.969904
1779199007.670,/benchmark/inference_ms,23.100454
1779199007.714,/benchmark/inference_ms,23.298531
1779199007.759,/benchmark/inference_ms,23.642649
1779199007.804,/benchmark/inference_ms,23.361984
1779199007.849,/benchmark/inference_ms,23.361246
1779199007.894,/benchmark/inference_ms,23.695032
1779199007.940,/benchmark/inference_ms,25.190418
1779199007.987,/benchmark/inference_ms,25.185331
1779199008.035,/benchmark/inference_ms,25.031286
1779199008.079,/benchmark/inference_ms,23.222469
1779199008.124,/benchmark/inference_ms,24.037935
1779199008.169,/benchmark/inference_ms,23.638073
1779199008.214,/benchmark/inference_ms,23.418079
1779199008.259,/benchmark/inference_ms,23.334848
1779199008.303,/benchmark/inference_ms,23.673176
1779199008.348,/benchmark/inference_ms,23.280771
1779199008.393,/benchmark/inference_ms,23.202053
1779199008.439,/benchmark/inference_ms,23.812819
1779199008.482,/benchmark/inference_ms,23.314625
1779199008.527,/benchmark/inference_ms,23.288738
1779199008.572,/benchmark/inference_ms,23.438110
1779199008.618,/benchmark/inference_ms,23.989807
1779199008.663,/benchmark/inference_ms,23.250307
1779199008.708,/benchmark/inference_ms,24.059120
1779199008.755,/benchmark/inference_ms,25.088758
1779199008.803,/benchmark/inference_ms,25.606730
1779199008.847,/benchmark/inference_ms,23.484573
1779199008.891,/benchmark/inference_ms,23.364511
1779199008.936,/benchmark/inference_ms,23.416319
1779199008.981,/benchmark/inference_ms,23.369984
1779199009.025,/benchmark/inference_ms,23.181574
1779199009.070,/benchmark/inference_ms,23.271811
1779199009.116,/benchmark/inference_ms,23.615770
1779199009.159,/benchmark/inference_ms,23.323681
1779199009.205,/benchmark/inference_ms,24.343687
1779199009.252,/benchmark/inference_ms,24.816092
1779199009.301,/benchmark/inference_ms,25.231602
1779199009.345,/benchmark/inference_ms,24.066414
1779199009.390,/benchmark/inference_ms,24.452677
1779199009.436,/benchmark/inference_ms,24.298601
1779199009.482,/benchmark/inference_ms,24.039726
1779199009.527,/benchmark/inference_ms,23.370144
1779199009.573,/benchmark/inference_ms,23.929361
1779199009.619,/benchmark/inference_ms,24.472900
1779199009.664,/benchmark/inference_ms,24.429029
1779199009.708,/benchmark/inference_ms,23.917459
1779199009.754,/benchmark/inference_ms,24.149166
1779199009.801,/benchmark/inference_ms,24.482500
1779199009.847,/benchmark/inference_ms,23.636665
1779199009.892,/benchmark/inference_ms,23.602747
1779199009.938,/benchmark/inference_ms,24.195660
1779199009.983,/benchmark/inference_ms,24.288969
1779199010.033,/benchmark/inference_ms,28.004461
1779199010.078,/benchmark/inference_ms,24.115694
1779199010.124,/benchmark/inference_ms,24.345993
1779199010.169,/benchmark/inference_ms,24.034128
1779199010.218,/benchmark/inference_ms,24.132399
1779199010.263,/benchmark/inference_ms,23.264963
1779199010.308,/benchmark/inference_ms,23.847700
1779199010.355,/benchmark/inference_ms,24.555107
1779199010.403,/benchmark/inference_ms,25.260658
1779199010.447,/benchmark/inference_ms,24.130028
1779199010.491,/benchmark/inference_ms,23.317377
1779199010.536,/benchmark/inference_ms,23.137318
1779199010.583,/benchmark/inference_ms,24.141102
1779199010.629,/benchmark/inference_ms,24.369959
1779199010.673,/benchmark/inference_ms,23.852404
1779199010.717,/benchmark/inference_ms,23.897394
1779199010.761,/benchmark/inference_ms,23.365152
1779199010.807,/benchmark/inference_ms,23.688440
1779199010.852,/benchmark/inference_ms,24.132973
1779199010.897,/benchmark/inference_ms,23.993200
1779199010.942,/benchmark/inference_ms,23.935347
1779199010.987,/benchmark/inference_ms,23.411200
1779199011.031,/benchmark/inference_ms,23.031624
1779199011.078,/benchmark/inference_ms,24.404327
1779199011.123,/benchmark/inference_ms,24.031183
1779199011.168,/benchmark/inference_ms,23.986897
1779199011.213,/benchmark/inference_ms,24.110445
1779199011.259,/benchmark/inference_ms,24.006384
1779199011.304,/benchmark/inference_ms,23.345984
1779199011.350,/benchmark/inference_ms,23.741175
1779199011.395,/benchmark/inference_ms,24.221964
1779199011.440,/benchmark/inference_ms,24.382566
1779199011.486,/benchmark/inference_ms,24.228266
1779199011.531,/benchmark/inference_ms,23.745527
1779199011.576,/benchmark/inference_ms,23.210436
1779199011.623,/benchmark/inference_ms,23.665689
1779199011.669,/benchmark/inference_ms,24.875067
1779199011.714,/benchmark/inference_ms,24.158283
1779199011.759,/benchmark/inference_ms,23.942129
1779199011.805,/benchmark/inference_ms,23.845812
1779199011.852,/benchmark/inference_ms,24.519844
1779199011.901,/benchmark/inference_ms,24.483940
1779199011.944,/benchmark/inference_ms,24.684990
1779199011.990,/benchmark/inference_ms,24.436710
1779199012.036,/benchmark/inference_ms,24.033936
1779199012.083,/benchmark/inference_ms,23.941425
1779199012.129,/benchmark/inference_ms,24.327047
1779199012.174,/benchmark/inference_ms,24.257673
1779199012.220,/benchmark/inference_ms,24.201323
1779199012.265,/benchmark/inference_ms,23.984625
1779199012.310,/benchmark/inference_ms,23.531708
1779199012.356,/benchmark/inference_ms,23.549820
1779199012.401,/benchmark/inference_ms,24.372007
1779199012.447,/benchmark/inference_ms,23.974609
1779199012.491,/benchmark/inference_ms,23.924913
1779199012.536,/benchmark/inference_ms,23.808437
1779199012.582,/benchmark/inference_ms,23.314594
1779199012.629,/benchmark/inference_ms,25.466797
1779199012.674,/benchmark/inference_ms,23.542141
1779199012.719,/benchmark/inference_ms,24.105518
1779199012.765,/benchmark/inference_ms,23.676697
1779199012.810,/benchmark/inference_ms,23.898100
1779199012.855,/benchmark/inference_ms,23.530075
1779199012.901,/benchmark/inference_ms,24.939833
1779199012.949,/benchmark/inference_ms,25.445484
1779199012.999,/benchmark/inference_ms,25.260210
1779199013.042,/benchmark/inference_ms,23.855349
1779199013.087,/benchmark/inference_ms,23.694904
1779199013.133,/benchmark/inference_ms,24.029039
1779199013.180,/benchmark/inference_ms,24.086863
1779199013.225,/benchmark/inference_ms,23.978065
1779199013.273,/benchmark/inference_ms,23.972946
1779199013.316,/benchmark/inference_ms,24.077103
1779199013.361,/benchmark/inference_ms,23.818869
1779199013.407,/benchmark/inference_ms,23.891924
1779199013.453,/benchmark/inference_ms,24.478949
1779199013.498,/benchmark/inference_ms,24.235050
1779199013.543,/benchmark/inference_ms,24.071056
1779199013.589,/benchmark/inference_ms,23.658297
1779199013.635,/benchmark/inference_ms,24.199980
1779199013.680,/benchmark/inference_ms,24.348520
1779199013.724,/benchmark/inference_ms,24.276842
1779199013.772,/benchmark/inference_ms,23.144485
1779199013.817,/benchmark/inference_ms,24.173325
1779199013.862,/benchmark/inference_ms,24.143885
1779199013.908,/benchmark/inference_ms,24.792189
1779199013.953,/benchmark/inference_ms,23.714231
1779199013.999,/benchmark/inference_ms,23.479998
1779199014.044,/benchmark/inference_ms,24.269258
1779199014.090,/benchmark/inference_ms,24.319466
1779199014.135,/benchmark/inference_ms,24.163532
1779199014.181,/benchmark/inference_ms,23.666553
1779199014.226,/benchmark/inference_ms,24.487619
1779199014.272,/benchmark/inference_ms,24.288746
1779199014.316,/benchmark/inference_ms,23.919603
1779199014.362,/benchmark/inference_ms,23.342625
1779199014.406,/benchmark/inference_ms,23.515900
1779199014.453,/benchmark/inference_ms,24.716351
1779199014.498,/benchmark/inference_ms,23.866133
1779199014.544,/benchmark/inference_ms,24.208845
1779199014.589,/benchmark/inference_ms,23.819382
1779199014.634,/benchmark/inference_ms,23.469599
1779199014.680,/benchmark/inference_ms,23.645561
1779199014.725,/benchmark/inference_ms,24.090509
1779199014.772,/benchmark/inference_ms,24.052431
1779199014.816,/benchmark/inference_ms,24.449606
1779199014.861,/benchmark/inference_ms,23.572796
1779199014.906,/benchmark/inference_ms,23.530140
1779199014.951,/benchmark/inference_ms,23.891090
1779199014.997,/benchmark/inference_ms,24.116079
1779199015.042,/benchmark/inference_ms,24.353672
1779199015.089,/benchmark/inference_ms,25.596521
1779199015.136,/benchmark/inference_ms,24.658720
1779199015.183,/benchmark/inference_ms,24.871964
1779199015.230,/benchmark/inference_ms,23.800566
1779199015.275,/benchmark/inference_ms,24.175852
1779199015.321,/benchmark/inference_ms,25.009943
1779199015.366,/benchmark/inference_ms,23.657881
1779199015.417,/benchmark/inference_ms,24.795198
1779199015.458,/benchmark/inference_ms,24.010639
1779199015.503,/benchmark/inference_ms,23.645849
1779199015.549,/benchmark/inference_ms,25.301392
1779199015.598,/benchmark/inference_ms,25.128212
1779199015.643,/benchmark/inference_ms,24.864283
1779199015.687,/benchmark/inference_ms,24.421288
1779199015.732,/benchmark/inference_ms,24.026480
1779199015.776,/benchmark/inference_ms,23.267458
1779199015.823,/benchmark/inference_ms,23.659067
1779199015.867,/benchmark/inference_ms,23.587675
1779199015.911,/benchmark/inference_ms,23.290466
1779199015.955,/benchmark/inference_ms,23.320547
1779199016.000,/benchmark/inference_ms,23.666874
1779199016.044,/benchmark/inference_ms,23.502909
1779199016.089,/benchmark/inference_ms,23.724504
1779199016.136,/benchmark/inference_ms,24.438662
1779199016.180,/benchmark/inference_ms,24.150446
1779199016.226,/benchmark/inference_ms,23.782679
1779199016.272,/benchmark/inference_ms,24.219790
1779199016.318,/benchmark/inference_ms,24.293898
1779199016.362,/benchmark/inference_ms,24.544994
1779199016.410,/benchmark/inference_ms,23.877748
1779199016.452,/benchmark/inference_ms,23.409760
1779199016.497,/benchmark/inference_ms,23.389408
1779199016.542,/benchmark/inference_ms,23.367905
1779199016.586,/benchmark/inference_ms,22.956810
1779199016.631,/benchmark/inference_ms,23.985233
1779199016.677,/benchmark/inference_ms,23.697752
1779199016.720,/benchmark/inference_ms,23.199398
1779199016.764,/benchmark/inference_ms,23.852213
1779199016.810,/benchmark/inference_ms,23.697592
1779199016.854,/benchmark/inference_ms,23.265827
1779199016.899,/benchmark/inference_ms,23.565178
1779199016.944,/benchmark/inference_ms,23.856918
1779199016.989,/benchmark/inference_ms,23.296803
1779199017.034,/benchmark/inference_ms,23.511772
1779199017.078,/benchmark/inference_ms,23.702007
1779199017.123,/benchmark/inference_ms,23.744215
1779199017.168,/benchmark/inference_ms,23.269859
1779199017.212,/benchmark/inference_ms,23.478014
1779199017.257,/benchmark/inference_ms,23.625147
1779199017.303,/benchmark/inference_ms,23.427679
1779199017.347,/benchmark/inference_ms,23.697113
1779199017.391,/benchmark/inference_ms,23.433342
1779199017.436,/benchmark/inference_ms,23.175493
1779199017.481,/benchmark/inference_ms,23.625370
1779199017.525,/benchmark/inference_ms,23.561340
1779199017.570,/benchmark/inference_ms,23.138245
1779199017.615,/benchmark/inference_ms,23.821621
1779199017.661,/benchmark/inference_ms,25.009527
1779199017.708,/benchmark/inference_ms,24.557571
1779199017.754,/benchmark/inference_ms,23.414433
1779199017.799,/benchmark/inference_ms,23.426142
1779199017.844,/benchmark/inference_ms,23.455294
1779199017.887,/benchmark/inference_ms,23.359009
1779199017.933,/benchmark/inference_ms,23.414721
1779199017.980,/benchmark/inference_ms,25.030712
1779199018.027,/benchmark/inference_ms,25.052183
1779199018.073,/benchmark/inference_ms,23.477150
1779199018.117,/benchmark/inference_ms,23.728920
1779199018.162,/benchmark/inference_ms,23.230371
1779199018.207,/benchmark/inference_ms,23.862644
1779199018.254,/benchmark/inference_ms,25.140148
1779199018.302,/benchmark/inference_ms,24.928570
1779199018.347,/benchmark/inference_ms,24.947416
1779199018.394,/benchmark/inference_ms,25.650280
1779199018.440,/benchmark/inference_ms,25.123861
1779199018.487,/benchmark/inference_ms,25.008856
1779199018.535,/benchmark/inference_ms,25.035767
1779199018.582,/benchmark/inference_ms,24.983864
1779199018.629,/benchmark/inference_ms,25.594986
1779199018.677,/benchmark/inference_ms,25.658920
1779199018.725,/benchmark/inference_ms,25.582314
1779199018.775,/benchmark/inference_ms,25.391054
1779199018.824,/benchmark/inference_ms,27.437820
1779199018.871,/benchmark/inference_ms,24.930010
1779199018.917,/benchmark/inference_ms,24.520611
1779199018.964,/benchmark/inference_ms,24.461670
1779199019.011,/benchmark/inference_ms,24.612129
1779199019.059,/benchmark/inference_ms,25.684967
1779199019.107,/benchmark/inference_ms,25.713703
1779199019.157,/benchmark/inference_ms,25.969313
1779199019.202,/benchmark/inference_ms,25.315346
1779199019.249,/benchmark/inference_ms,25.287378
1779199019.295,/benchmark/inference_ms,24.399815
1779199019.339,/benchmark/inference_ms,23.596764
1779199019.386,/benchmark/inference_ms,23.547899
1779199019.430,/benchmark/inference_ms,24.328777
1779199019.476,/benchmark/inference_ms,24.442022
1779199019.520,/benchmark/inference_ms,23.650808
1779199019.566,/benchmark/inference_ms,23.742935
1779199019.614,/benchmark/inference_ms,24.465477
1779199019.656,/benchmark/inference_ms,23.455486
1779199019.702,/benchmark/inference_ms,23.571772
1779199019.746,/benchmark/inference_ms,23.973682
1779199019.793,/benchmark/inference_ms,23.713017
1779199019.838,/benchmark/inference_ms,23.908213
1779199019.887,/benchmark/inference_ms,25.920483
1779199019.932,/benchmark/inference_ms,25.251091
1779199019.981,/benchmark/inference_ms,26.861032
1779199020.028,/benchmark/inference_ms,25.225811
1779199020.073,/benchmark/inference_ms,24.173452
1779199020.118,/benchmark/inference_ms,24.508196
1779199020.164,/benchmark/inference_ms,23.745560
1779199020.212,/benchmark/inference_ms,25.970690
1779199020.260,/benchmark/inference_ms,27.685591
1779199020.305,/benchmark/inference_ms,23.508924
1779199020.349,/benchmark/inference_ms,23.586203
1779199020.394,/benchmark/inference_ms,23.325123
1779199020.439,/benchmark/inference_ms,23.441984
1779199020.486,/benchmark/inference_ms,24.895741
1779199020.533,/benchmark/inference_ms,25.503628
1779199020.579,/benchmark/inference_ms,24.838619
1779199020.625,/benchmark/inference_ms,23.885077
1779199020.671,/benchmark/inference_ms,24.070766
1779199020.717,/benchmark/inference_ms,24.115278
1779199020.762,/benchmark/inference_ms,24.209164
1779199020.820,/benchmark/inference_ms,24.153198
1779199020.852,/benchmark/inference_ms,24.122063
1779199020.898,/benchmark/inference_ms,23.393728
1779199020.943,/benchmark/inference_ms,23.663128
1779199020.989,/benchmark/inference_ms,24.327913
1779199021.034,/benchmark/inference_ms,23.962866
1779199021.081,/benchmark/inference_ms,25.481644
1779199021.126,/benchmark/inference_ms,25.112310
1779199021.173,/benchmark/inference_ms,23.744822
1779199021.220,/benchmark/inference_ms,24.426695
1779199021.265,/benchmark/inference_ms,24.075054
1779199021.310,/benchmark/inference_ms,24.022160
1779199021.355,/benchmark/inference_ms,23.998384
1779199021.402,/benchmark/inference_ms,24.182764
1779199021.448,/benchmark/inference_ms,23.618906
1779199021.494,/benchmark/inference_ms,24.713438
1779199021.540,/benchmark/inference_ms,24.507204
1779199021.586,/benchmark/inference_ms,24.539141
1779199021.631,/benchmark/inference_ms,23.799829
1779199021.677,/benchmark/inference_ms,23.960402
1779199021.723,/benchmark/inference_ms,24.659809
1779199021.773,/benchmark/inference_ms,24.337034
1779199021.817,/benchmark/inference_ms,24.264492
1779199021.860,/benchmark/inference_ms,24.300970
1779199021.905,/benchmark/inference_ms,24.063889
1779199021.952,/benchmark/inference_ms,23.748697
1779199021.998,/benchmark/inference_ms,24.216845
1779199022.044,/benchmark/inference_ms,24.511108
1779199022.089,/benchmark/inference_ms,24.562532
1779199022.134,/benchmark/inference_ms,23.061705
1779199022.180,/benchmark/inference_ms,23.455198
1779199022.226,/benchmark/inference_ms,24.123022
1779199022.273,/benchmark/inference_ms,24.249130
1779199022.318,/benchmark/inference_ms,24.418280
1779199022.363,/benchmark/inference_ms,24.108654
1779199022.411,/benchmark/inference_ms,23.993874
1779199022.456,/benchmark/inference_ms,24.300043
1779199022.501,/benchmark/inference_ms,24.477285
1779199022.546,/benchmark/inference_ms,24.295242
1779199022.592,/benchmark/inference_ms,23.737078
1779199022.638,/benchmark/inference_ms,23.617947
1779199022.683,/benchmark/inference_ms,24.173069
1779199022.729,/benchmark/inference_ms,24.394407
1779199022.778,/benchmark/inference_ms,24.546982
1779199022.820,/benchmark/inference_ms,23.950706
1779199022.866,/benchmark/inference_ms,23.596731
1779199022.912,/benchmark/inference_ms,24.334312
1779199022.957,/benchmark/inference_ms,24.480837
1779199023.003,/benchmark/inference_ms,24.578531
1779199023.049,/benchmark/inference_ms,23.591482
1779199023.095,/benchmark/inference_ms,23.873653
1779199023.140,/benchmark/inference_ms,24.490725
1779199023.185,/benchmark/inference_ms,24.251722
1779199023.231,/benchmark/inference_ms,23.717016
1779199023.277,/benchmark/inference_ms,24.074543
1779199023.322,/benchmark/inference_ms,24.687103
1779199023.368,/benchmark/inference_ms,24.428934
1779199023.413,/benchmark/inference_ms,23.162758
1779199023.457,/benchmark/inference_ms,23.240452
1779199023.501,/benchmark/inference_ms,23.267588
1779199023.546,/benchmark/inference_ms,23.283875
1779199023.590,/benchmark/inference_ms,23.293667
1779199023.637,/benchmark/inference_ms,23.339586
1779199023.681,/benchmark/inference_ms,23.557278
1779199023.725,/benchmark/inference_ms,23.744951
1779199023.772,/benchmark/inference_ms,24.194670
1779199023.816,/benchmark/inference_ms,23.540316
1779199023.861,/benchmark/inference_ms,23.282434
1779199023.907,/benchmark/inference_ms,23.970675
1779199023.952,/benchmark/inference_ms,24.326120
1779199023.999,/benchmark/inference_ms,25.164213
1779199024.044,/benchmark/inference_ms,23.644604
1779199024.087,/benchmark/inference_ms,23.067657
1779199024.132,/benchmark/inference_ms,23.635002
1779199024.177,/benchmark/inference_ms,23.709784
1779199024.221,/benchmark/inference_ms,23.308706
1779199024.266,/benchmark/inference_ms,23.085033
1779199024.311,/benchmark/inference_ms,23.793558
1779199024.356,/benchmark/inference_ms,23.035305
1779199024.403,/benchmark/inference_ms,24.796574
1779199024.447,/benchmark/inference_ms,23.915218
1779199024.493,/benchmark/inference_ms,23.587868
1779199024.537,/benchmark/inference_ms,23.250435
1779199024.584,/benchmark/inference_ms,24.395496
1779199024.629,/benchmark/inference_ms,24.053616
1779199024.675,/benchmark/inference_ms,25.069494
1779199024.720,/benchmark/inference_ms,23.616220
1779199024.764,/benchmark/inference_ms,23.424030
1779199024.808,/benchmark/inference_ms,23.096134
1779199024.853,/benchmark/inference_ms,23.436029
1779199024.898,/benchmark/inference_ms,24.414919
1779199024.945,/benchmark/inference_ms,24.355337
1779199024.987,/benchmark/inference_ms,24.072081
1779199025.035,/benchmark/inference_ms,23.364449
1779199025.079,/benchmark/inference_ms,23.867861
1779199025.127,/benchmark/inference_ms,24.371880
1779199025.171,/benchmark/inference_ms,24.371624
1779199025.216,/benchmark/inference_ms,24.120495
1779199025.261,/benchmark/inference_ms,24.047344
1779199025.306,/benchmark/inference_ms,23.798262
1779199025.353,/benchmark/inference_ms,24.074192
1779199025.401,/benchmark/inference_ms,24.924763
1779199025.446,/benchmark/inference_ms,24.137358
1779199025.492,/benchmark/inference_ms,23.986704
1779199025.537,/benchmark/inference_ms,23.845366
1779199025.582,/benchmark/inference_ms,23.408705
1779199025.628,/benchmark/inference_ms,24.083822
1779199025.674,/benchmark/inference_ms,24.355593
1779199025.717,/benchmark/inference_ms,23.539581
1779199025.763,/benchmark/inference_ms,24.271948
1779199025.809,/benchmark/inference_ms,24.410601
1779199025.855,/benchmark/inference_ms,23.965809
1779199025.901,/benchmark/inference_ms,24.687168
1779199025.948,/benchmark/inference_ms,24.692194
1779199025.995,/benchmark/inference_ms,24.260908
1779199026.042,/benchmark/inference_ms,24.502565
1779199026.087,/benchmark/inference_ms,24.516422
1779199026.132,/benchmark/inference_ms,23.432289
1779199026.177,/benchmark/inference_ms,24.044176
1779199026.223,/benchmark/inference_ms,24.371784
1779199026.268,/benchmark/inference_ms,24.520357
1779199026.315,/benchmark/inference_ms,23.857750
1779199026.358,/benchmark/inference_ms,23.505373
1779199026.404,/benchmark/inference_ms,24.645443
1779199026.449,/benchmark/inference_ms,24.361322
1779199026.494,/benchmark/inference_ms,23.838581
1779199026.539,/benchmark/inference_ms,23.413984
1779199026.584,/benchmark/inference_ms,24.232140
1779199026.629,/benchmark/inference_ms,24.293737
1779199026.675,/benchmark/inference_ms,23.590202
1779199026.719,/benchmark/inference_ms,23.445215
1779199026.764,/benchmark/inference_ms,24.613539
1779199026.809,/benchmark/inference_ms,24.123152
1779199026.855,/benchmark/inference_ms,23.993073
1779199026.901,/benchmark/inference_ms,23.690744
1779199026.946,/benchmark/inference_ms,24.180206
1779199026.992,/benchmark/inference_ms,24.258476
1779199027.037,/benchmark/inference_ms,24.264267
1779199027.082,/benchmark/inference_ms,23.654041
1779199027.131,/benchmark/inference_ms,24.033041
1779199027.173,/benchmark/inference_ms,24.255148
1779199027.218,/benchmark/inference_ms,24.245451
1779199027.264,/benchmark/inference_ms,23.787096
1779199027.312,/benchmark/inference_ms,24.301130
1779199027.354,/benchmark/inference_ms,24.773630
1779199027.400,/benchmark/inference_ms,24.059536
1779199027.446,/benchmark/inference_ms,23.640762
1779199027.491,/benchmark/inference_ms,24.452166
1779199027.536,/benchmark/inference_ms,24.348841
1779199027.581,/benchmark/inference_ms,23.877300
1779199027.627,/benchmark/inference_ms,23.899252
1779199027.673,/benchmark/inference_ms,24.272396
1779199027.717,/benchmark/inference_ms,24.247307
1779199027.763,/benchmark/inference_ms,23.806070
1779199027.809,/benchmark/inference_ms,23.828629
1779199027.854,/benchmark/inference_ms,24.345129
1779199027.899,/benchmark/inference_ms,24.301641
1779199027.943,/benchmark/inference_ms,23.233604
1779199027.988,/benchmark/inference_ms,23.264227
1779199028.032,/benchmark/inference_ms,24.374121
1779199028.077,/benchmark/inference_ms,23.725048
1779199028.123,/benchmark/inference_ms,23.932211
1779199028.168,/benchmark/inference_ms,24.078321
1779199028.213,/benchmark/inference_ms,24.206381
1779199028.259,/benchmark/inference_ms,24.111376
1779199028.304,/benchmark/inference_ms,23.463360
1779199028.349,/benchmark/inference_ms,24.072176
1779199028.394,/benchmark/inference_ms,24.510244
1779199028.440,/benchmark/inference_ms,24.296841
1779199028.485,/benchmark/inference_ms,23.828756
1779199028.531,/benchmark/inference_ms,23.640570
1779199028.575,/benchmark/inference_ms,24.113647
1779199028.620,/benchmark/inference_ms,24.230730
1779199028.665,/benchmark/inference_ms,23.767704
1779199028.713,/benchmark/inference_ms,23.547518
1779199028.758,/benchmark/inference_ms,24.251532
1779199028.804,/benchmark/inference_ms,24.105583
1779199028.849,/benchmark/inference_ms,23.969778
1779199028.894,/benchmark/inference_ms,23.451168
1779199028.937,/benchmark/inference_ms,23.855221
1779199028.983,/benchmark/inference_ms,23.716122
1779199029.028,/benchmark/inference_ms,23.959667
1779199029.073,/benchmark/inference_ms,23.596891
1779199029.118,/benchmark/inference_ms,23.787031
1779199029.163,/benchmark/inference_ms,23.236773
1779199029.207,/benchmark/inference_ms,23.330017
1779199029.252,/benchmark/inference_ms,23.875029
1779199029.296,/benchmark/inference_ms,23.483486
1779199029.340,/benchmark/inference_ms,23.277893
1779199029.388,/benchmark/inference_ms,23.684250
1779199029.428,/benchmark/inference_ms,23.492382
1779199029.471,/benchmark/inference_ms,23.702553
1779199029.516,/benchmark/inference_ms,23.741655
1779199029.561,/benchmark/inference_ms,23.307907
1779199029.605,/benchmark/inference_ms,23.716665
1779199029.649,/benchmark/inference_ms,23.519615
1779199029.692,/benchmark/inference_ms,23.085384
1779199029.735,/benchmark/inference_ms,23.296324
1779199029.780,/benchmark/inference_ms,23.972403
1779199029.826,/benchmark/inference_ms,23.102695
1779199029.870,/benchmark/inference_ms,23.516062
1779199029.914,/benchmark/inference_ms,23.486269
1779199029.958,/benchmark/inference_ms,23.235556
1779199030.003,/benchmark/inference_ms,23.882133
1779199030.046,/benchmark/inference_ms,23.464863
1779199030.092,/benchmark/inference_ms,23.950035
1779199030.138,/benchmark/inference_ms,24.251595
1779199030.186,/benchmark/inference_ms,26.294939
1779199030.232,/benchmark/inference_ms,25.511404
1779199030.279,/benchmark/inference_ms,24.617313
1779199030.324,/benchmark/inference_ms,24.326921
1779199030.369,/benchmark/inference_ms,24.323017
1779199030.416,/benchmark/inference_ms,24.181198
1779199030.459,/benchmark/inference_ms,23.299620
1779199030.504,/benchmark/inference_ms,23.455839
1779199030.548,/benchmark/inference_ms,24.401703
1779199030.595,/benchmark/inference_ms,24.874556
1779199030.641,/benchmark/inference_ms,24.340265
1779199030.686,/benchmark/inference_ms,23.681114
1779199030.731,/benchmark/inference_ms,24.127790
1779199030.777,/benchmark/inference_ms,24.044720
1779199030.821,/benchmark/inference_ms,24.199757
1779199030.867,/benchmark/inference_ms,24.902555
1779199030.914,/benchmark/inference_ms,23.816374
1779199030.960,/benchmark/inference_ms,24.388840
1779199031.005,/benchmark/inference_ms,24.086416
1779199031.050,/benchmark/inference_ms,24.029713
1779199031.096,/benchmark/inference_ms,23.424225
1779199031.146,/benchmark/inference_ms,23.282499
1779199031.191,/benchmark/inference_ms,23.290787
1779199031.236,/benchmark/inference_ms,23.355265
1779199031.280,/benchmark/inference_ms,23.567261
1779199031.325,/benchmark/inference_ms,23.800150
1779199031.373,/benchmark/inference_ms,24.177612
1779199031.419,/benchmark/inference_ms,24.424519
1779199031.464,/benchmark/inference_ms,24.380009
1779199031.513,/benchmark/inference_ms,24.701824
1779199031.556,/benchmark/inference_ms,24.142797
1779199031.602,/benchmark/inference_ms,23.457214
1779199031.647,/benchmark/inference_ms,23.626650
1779199031.693,/benchmark/inference_ms,24.442503
1779199031.739,/benchmark/inference_ms,24.347370
1779199031.787,/benchmark/inference_ms,24.111887
1779199031.831,/benchmark/inference_ms,24.236971
1779199031.876,/benchmark/inference_ms,24.343723
1779199031.923,/benchmark/inference_ms,24.829983
1779199031.966,/benchmark/inference_ms,23.222181
1779199032.012,/benchmark/inference_ms,23.792408
1779199032.058,/benchmark/inference_ms,24.254765
1779199032.103,/benchmark/inference_ms,24.402504
1779199032.149,/benchmark/inference_ms,23.920116
1779199032.193,/benchmark/inference_ms,23.912085
1779199032.239,/benchmark/inference_ms,23.230276
1779199032.284,/benchmark/inference_ms,23.126440
1779199032.329,/benchmark/inference_ms,23.852949
1779199032.375,/benchmark/inference_ms,24.366890
1779199032.421,/benchmark/inference_ms,23.818295
1779199032.465,/benchmark/inference_ms,24.031954
1779199032.510,/benchmark/inference_ms,24.151310
1779199032.556,/benchmark/inference_ms,23.388258
1779199032.602,/benchmark/inference_ms,23.689560
1779199032.647,/benchmark/inference_ms,24.337225
1779199032.693,/benchmark/inference_ms,24.703329
1779199032.738,/benchmark/inference_ms,23.987186
1779199032.784,/benchmark/inference_ms,24.101679
1779199032.829,/benchmark/inference_ms,24.044241
1779199032.874,/benchmark/inference_ms,23.515295
1779199032.919,/benchmark/inference_ms,23.611708
1779199032.965,/benchmark/inference_ms,24.224781
1779199033.011,/benchmark/inference_ms,24.323946
1779199033.056,/benchmark/inference_ms,24.313545
1779199033.102,/benchmark/inference_ms,24.107664
1779199033.147,/benchmark/inference_ms,24.020786
1779199033.191,/benchmark/inference_ms,23.159815
1779199033.237,/benchmark/inference_ms,23.637051
1779199033.283,/benchmark/inference_ms,24.164942
1779199033.328,/benchmark/inference_ms,24.156590
1779199033.374,/benchmark/inference_ms,23.798264
1779199033.419,/benchmark/inference_ms,24.008369
1779199033.464,/benchmark/inference_ms,23.287235
1779199033.509,/benchmark/inference_ms,23.318083
1779199033.555,/benchmark/inference_ms,23.542845
1779199033.601,/benchmark/inference_ms,24.090767
1779199033.648,/benchmark/inference_ms,24.262541
1779199033.691,/benchmark/inference_ms,23.901556
1779199033.738,/benchmark/inference_ms,24.209517
1779199033.784,/benchmark/inference_ms,24.188236
1779199033.829,/benchmark/inference_ms,24.066961
1779199033.874,/benchmark/inference_ms,23.443071
1779199033.919,/benchmark/inference_ms,23.723322
1779199033.964,/benchmark/inference_ms,24.267851
1779199034.009,/benchmark/inference_ms,24.057777
1779199034.055,/benchmark/inference_ms,24.176332
1779199034.099,/benchmark/inference_ms,24.153997
1779199034.144,/benchmark/inference_ms,23.729816
1779199034.189,/benchmark/inference_ms,23.421728
1779199034.235,/benchmark/inference_ms,24.116207
1779199034.279,/benchmark/inference_ms,24.090832
1779199034.324,/benchmark/inference_ms,24.049585
1779199034.371,/benchmark/inference_ms,23.993938
1779199034.414,/benchmark/inference_ms,24.134415
1779199034.460,/benchmark/inference_ms,23.376738
1779199034.506,/benchmark/inference_ms,23.596731
1779199034.552,/benchmark/inference_ms,24.391369
1779199034.600,/benchmark/inference_ms,23.916788
1779199034.642,/benchmark/inference_ms,23.986450
1779199034.687,/benchmark/inference_ms,24.313995
1779199034.732,/benchmark/inference_ms,23.692505
1779199034.777,/benchmark/inference_ms,23.266628
1779199034.822,/benchmark/inference_ms,23.866325
1779199034.868,/benchmark/inference_ms,24.470951
1779199034.917,/benchmark/inference_ms,24.358122
1779199034.959,/benchmark/inference_ms,24.125967
1779199035.004,/benchmark/inference_ms,23.868021
1779199035.049,/benchmark/inference_ms,24.028593
1779199035.097,/benchmark/inference_ms,23.788118
1779199035.139,/benchmark/inference_ms,23.243908
1779199035.186,/benchmark/inference_ms,23.767511
1779199035.231,/benchmark/inference_ms,24.228077
1779199035.277,/benchmark/inference_ms,23.898485
1779199035.321,/benchmark/inference_ms,24.044146
1779199035.367,/benchmark/inference_ms,24.129616
1779199035.411,/benchmark/inference_ms,23.694939
1779199035.456,/benchmark/inference_ms,23.270117
1779199035.502,/benchmark/inference_ms,23.813623
1779199035.550,/benchmark/inference_ms,24.372841
1779199035.595,/benchmark/inference_ms,24.287148
1779199035.640,/benchmark/inference_ms,24.171631
1779199035.683,/benchmark/inference_ms,24.209005
1779199035.728,/benchmark/inference_ms,24.030256
1779199035.775,/benchmark/inference_ms,23.292866
1779199035.819,/benchmark/inference_ms,23.543804
1779199035.867,/benchmark/inference_ms,24.459942
1779199035.913,/benchmark/inference_ms,24.424393
1779199035.959,/benchmark/inference_ms,24.483173
1779199036.004,/benchmark/inference_ms,23.862453
1779199036.052,/benchmark/inference_ms,24.050034
1779199036.095,/benchmark/inference_ms,23.848661
1779199036.143,/benchmark/inference_ms,23.791639
1779199036.186,/benchmark/inference_ms,23.636026
1779199036.231,/benchmark/inference_ms,23.695160
1779199036.283,/benchmark/inference_ms,25.149334
1779199036.325,/benchmark/inference_ms,24.376520
1779199036.370,/benchmark/inference_ms,24.082577
1779199036.416,/benchmark/inference_ms,23.948500
1779199036.461,/benchmark/inference_ms,23.514397
1779199036.507,/benchmark/inference_ms,23.516575
1779199036.555,/benchmark/inference_ms,25.303955
1779199036.602,/benchmark/inference_ms,25.960033
1779199036.665,/benchmark/inference_ms,24.796926
1779199036.695,/benchmark/inference_ms,23.916117
1779199036.739,/benchmark/inference_ms,23.274437
1779199036.784,/benchmark/inference_ms,23.296579
1779199036.829,/benchmark/inference_ms,23.927092
1779199036.874,/benchmark/inference_ms,23.471935
1779199036.919,/benchmark/inference_ms,23.695387
1779199036.964,/benchmark/inference_ms,23.457344
1779199037.009,/benchmark/inference_ms,23.606045
1779199037.055,/benchmark/inference_ms,23.000237
1779199037.099,/benchmark/inference_ms,23.499071
1779199037.143,/benchmark/inference_ms,23.676634
1779199037.188,/benchmark/inference_ms,23.264038
1779199037.232,/benchmark/inference_ms,23.864372
1779199037.277,/benchmark/inference_ms,23.686043
1779199037.322,/benchmark/inference_ms,23.219429
1779199037.367,/benchmark/inference_ms,23.309155
1779199037.410,/benchmark/inference_ms,23.802486
1779199037.456,/benchmark/inference_ms,23.273125
1779199037.500,/benchmark/inference_ms,23.286724
1779199037.545,/benchmark/inference_ms,23.515806
1779199037.589,/benchmark/inference_ms,23.101383
1779199037.634,/benchmark/inference_ms,23.137672
1779199037.678,/benchmark/inference_ms,23.710905
1779199037.721,/benchmark/inference_ms,22.994284
1779199037.767,/benchmark/inference_ms,23.200422
1779199037.812,/benchmark/inference_ms,23.498718
1779199037.856,/benchmark/inference_ms,23.219334
1779199037.900,/benchmark/inference_ms,23.704889
1779199037.945,/benchmark/inference_ms,23.783064
1779199037.990,/benchmark/inference_ms,23.458208
1779199038.035,/benchmark/inference_ms,23.661564
1779199038.080,/benchmark/inference_ms,23.703033
1779199038.124,/benchmark/inference_ms,23.471838
1779199038.171,/benchmark/inference_ms,23.223942
1779199038.215,/benchmark/inference_ms,23.614973
1779199038.260,/benchmark/inference_ms,23.321188
1779199038.304,/benchmark/inference_ms,23.542717
1779199038.350,/benchmark/inference_ms,23.819605
1779199038.394,/benchmark/inference_ms,23.326563
1779199038.439,/benchmark/inference_ms,23.324963
1779199038.483,/benchmark/inference_ms,23.486431
1779199038.527,/benchmark/inference_ms,23.376322
1779199038.572,/benchmark/inference_ms,23.373955
1779199038.616,/benchmark/inference_ms,23.698586
1779199038.661,/benchmark/inference_ms,23.766169
1779199038.705,/benchmark/inference_ms,23.331491
1779199038.750,/benchmark/inference_ms,23.782488
1779199038.794,/benchmark/inference_ms,23.639771
1779199038.838,/benchmark/inference_ms,23.122568
1779199038.886,/benchmark/inference_ms,24.039825
1779199038.927,/benchmark/inference_ms,23.299746
1779199038.972,/benchmark/inference_ms,23.598907
1779199039.017,/benchmark/inference_ms,23.651482
1779199039.062,/benchmark/inference_ms,23.362755
1779199039.106,/benchmark/inference_ms,23.138311
1779199039.150,/benchmark/inference_ms,23.453440
1779199039.195,/benchmark/inference_ms,23.344387
1779199039.240,/benchmark/inference_ms,23.146215
1779199039.284,/benchmark/inference_ms,23.645788
1779199039.329,/benchmark/inference_ms,23.616411
1779199039.373,/benchmark/inference_ms,23.188677
1779199039.417,/benchmark/inference_ms,23.564541
1779199039.462,/benchmark/inference_ms,23.695545
1779199039.508,/benchmark/inference_ms,23.276739
1779199039.553,/benchmark/inference_ms,23.269669
1779199039.597,/benchmark/inference_ms,23.683228
1779199039.641,/benchmark/inference_ms,23.212772
1779199039.686,/benchmark/inference_ms,23.196390
1779199039.731,/benchmark/inference_ms,23.715673
1779199039.777,/benchmark/inference_ms,23.183464
1779199039.819,/benchmark/inference_ms,23.231110
1779199039.864,/benchmark/inference_ms,23.618042
1779199039.911,/benchmark/inference_ms,23.553757
1779199039.953,/benchmark/inference_ms,23.476320
1779199039.998,/benchmark/inference_ms,23.578588
1779199040.046,/benchmark/inference_ms,26.887468
1779199040.091,/benchmark/inference_ms,23.874550
1779199040.137,/benchmark/inference_ms,23.457502
1779199040.182,/benchmark/inference_ms,24.472103
1779199040.231,/benchmark/inference_ms,27.980848
1779199040.276,/benchmark/inference_ms,23.224037
1779199040.321,/benchmark/inference_ms,23.922325
1779199040.366,/benchmark/inference_ms,23.780376
1779199040.412,/benchmark/inference_ms,23.577148
1779199040.456,/benchmark/inference_ms,23.394529
1779199040.501,/benchmark/inference_ms,23.597723
1779199040.547,/benchmark/inference_ms,24.399754
1779199040.596,/benchmark/inference_ms,24.243341
1779199040.640,/benchmark/inference_ms,24.455559
1779199040.686,/benchmark/inference_ms,24.470152
1779199040.731,/benchmark/inference_ms,24.328394
1779199040.776,/benchmark/inference_ms,24.112240
1779199040.822,/benchmark/inference_ms,24.176685
1779199040.867,/benchmark/inference_ms,23.229895
1779199040.913,/benchmark/inference_ms,23.589022
1779199040.958,/benchmark/inference_ms,24.103952
1779199041.004,/benchmark/inference_ms,24.346506
1779199041.049,/benchmark/inference_ms,24.075504
1779199041.095,/benchmark/inference_ms,23.942451
1779199041.139,/benchmark/inference_ms,22.998058
1779199041.184,/benchmark/inference_ms,23.516254
1779199041.229,/benchmark/inference_ms,23.469534
1779199041.277,/benchmark/inference_ms,24.095730
1779199041.322,/benchmark/inference_ms,25.323793
1779199041.369,/benchmark/inference_ms,25.261490
1779199041.415,/benchmark/inference_ms,24.718401
1779199041.460,/benchmark/inference_ms,23.397825
1779199041.506,/benchmark/inference_ms,24.173231
1779199041.552,/benchmark/inference_ms,24.634691
1779199041.599,/benchmark/inference_ms,24.008179
1779199041.642,/benchmark/inference_ms,24.556133
1779199041.689,/benchmark/inference_ms,25.479118
1779199041.735,/benchmark/inference_ms,24.411016
1779199041.784,/benchmark/inference_ms,24.623268
1779199041.829,/benchmark/inference_ms,24.128847
1779199041.875,/benchmark/inference_ms,23.051178
1779199041.920,/benchmark/inference_ms,24.067953
1779199041.964,/benchmark/inference_ms,23.476767
1779199042.009,/benchmark/inference_ms,24.204237
1779199042.054,/benchmark/inference_ms,25.039225
1779199042.102,/benchmark/inference_ms,25.418736
1779199042.145,/benchmark/inference_ms,23.994642
1779199042.189,/benchmark/inference_ms,23.386177
1779199042.234,/benchmark/inference_ms,24.289099
1779199042.278,/benchmark/inference_ms,24.130671
1779199042.322,/benchmark/inference_ms,24.004179
1779199042.379,/benchmark/inference_ms,23.920309
1779199042.412,/benchmark/inference_ms,23.385122
1779199042.456,/benchmark/inference_ms,23.892405
1779199042.503,/benchmark/inference_ms,24.426664
1779199042.549,/benchmark/inference_ms,24.429607
1779199042.596,/benchmark/inference_ms,24.178734
1779199042.640,/benchmark/inference_ms,24.718081
1779199042.689,/benchmark/inference_ms,24.575235
1779199042.733,/benchmark/inference_ms,24.427912
1779199042.779,/benchmark/inference_ms,23.668827
1779199042.825,/benchmark/inference_ms,23.862358
1779199042.871,/benchmark/inference_ms,24.016083
1779199042.920,/benchmark/inference_ms,24.685219
1779199042.963,/benchmark/inference_ms,23.752634
1779199043.008,/benchmark/inference_ms,24.310474
1779199043.054,/benchmark/inference_ms,24.363914
1779199043.101,/benchmark/inference_ms,24.267756
1779199043.145,/benchmark/inference_ms,24.038578
1779199043.191,/benchmark/inference_ms,23.492800
1779199043.237,/benchmark/inference_ms,24.790302
1779199043.283,/benchmark/inference_ms,24.629475
1779199043.329,/benchmark/inference_ms,24.521221
1779199043.374,/benchmark/inference_ms,24.185774
1779199043.419,/benchmark/inference_ms,24.780895
1779199043.465,/benchmark/inference_ms,23.557180
1779199043.510,/benchmark/inference_ms,23.385698
1779199043.557,/benchmark/inference_ms,24.614532
1779199043.603,/benchmark/inference_ms,24.517061
1779199043.649,/benchmark/inference_ms,24.502888
1779199043.694,/benchmark/inference_ms,24.077074
1779199043.740,/benchmark/inference_ms,24.096048
1779199043.785,/benchmark/inference_ms,24.124975
1779199043.831,/benchmark/inference_ms,23.970963
1779199043.877,/benchmark/inference_ms,23.963348
1779199043.925,/benchmark/inference_ms,24.424679
1779199043.970,/benchmark/inference_ms,24.615747
1779199044.015,/benchmark/inference_ms,24.227596
1779199044.061,/benchmark/inference_ms,24.303659
1779199044.109,/benchmark/inference_ms,24.590277
1779199044.153,/benchmark/inference_ms,23.969620
1779199044.199,/benchmark/inference_ms,23.577438
1779199044.245,/benchmark/inference_ms,24.261389
1779199044.290,/benchmark/inference_ms,24.180880
1779199044.336,/benchmark/inference_ms,24.175053
1779199044.381,/benchmark/inference_ms,24.110193
1779199044.427,/benchmark/inference_ms,24.375498
1779199044.473,/benchmark/inference_ms,24.050642
1779199044.520,/benchmark/inference_ms,23.448992
1779199044.565,/benchmark/inference_ms,24.175598
1779199044.613,/benchmark/inference_ms,24.998522
1779199044.657,/benchmark/inference_ms,24.649313
1779199044.703,/benchmark/inference_ms,24.170990
1779199044.749,/benchmark/inference_ms,23.997137
1779199044.794,/benchmark/inference_ms,24.034193
1779199044.839,/benchmark/inference_ms,23.636475
1779199044.886,/benchmark/inference_ms,23.317219
1779199044.930,/benchmark/inference_ms,23.485056
1779199044.978,/benchmark/inference_ms,24.086674
1779199045.024,/benchmark/inference_ms,24.169966
1779199045.070,/benchmark/inference_ms,24.310379
1779199045.116,/benchmark/inference_ms,24.612514
1779199045.162,/benchmark/inference_ms,24.343338
1779199045.207,/benchmark/inference_ms,24.153263
1779199045.252,/benchmark/inference_ms,23.360802
1779199045.300,/benchmark/inference_ms,23.559486
1779199045.345,/benchmark/inference_ms,24.432936
1779199045.392,/benchmark/inference_ms,24.636900
1779199045.436,/benchmark/inference_ms,24.148623
1779199045.482,/benchmark/inference_ms,24.244333
1779199045.528,/benchmark/inference_ms,24.768190
1779199045.574,/benchmark/inference_ms,24.215309
1779199045.620,/benchmark/inference_ms,23.734615
1779199045.666,/benchmark/inference_ms,23.349186
1779199045.710,/benchmark/inference_ms,23.668762
1779199045.757,/benchmark/inference_ms,24.282314
1779199045.803,/benchmark/inference_ms,24.482246
1779199045.850,/benchmark/inference_ms,23.816631
1779199045.898,/benchmark/inference_ms,25.174006
1779199045.943,/benchmark/inference_ms,26.221436
1779199045.989,/benchmark/inference_ms,23.363300
1779199046.036,/benchmark/inference_ms,24.671938
1779199046.082,/benchmark/inference_ms,23.982130
1779199046.128,/benchmark/inference_ms,24.393480
1779199046.173,/benchmark/inference_ms,23.751833
1779199046.219,/benchmark/inference_ms,23.514303
1779199046.264,/benchmark/inference_ms,23.387329
1779199046.313,/benchmark/inference_ms,24.124369
1779199046.357,/benchmark/inference_ms,24.628035
1779199046.402,/benchmark/inference_ms,24.369545
1779199046.448,/benchmark/inference_ms,24.076689
1779199046.493,/benchmark/inference_ms,24.104176
1779199046.538,/benchmark/inference_ms,23.438017
1779199046.584,/benchmark/inference_ms,23.316675
1779199046.630,/benchmark/inference_ms,24.307947
1779199046.677,/benchmark/inference_ms,24.492680
1779199046.722,/benchmark/inference_ms,24.564325
1779199046.768,/benchmark/inference_ms,24.230541
1779199046.814,/benchmark/inference_ms,24.646532
1779199046.859,/benchmark/inference_ms,24.203310
1779199046.905,/benchmark/inference_ms,23.988018
1779199046.951,/benchmark/inference_ms,24.198477
1779199046.998,/benchmark/inference_ms,23.528669
1779199047.042,/benchmark/inference_ms,23.636156
1779199047.087,/benchmark/inference_ms,23.857046
1779199047.135,/benchmark/inference_ms,23.626331
1779199047.177,/benchmark/inference_ms,23.376131
1779199047.222,/benchmark/inference_ms,24.268204
1779199047.273,/benchmark/inference_ms,23.785337
1779199047.317,/benchmark/inference_ms,26.065664
1779199047.360,/benchmark/inference_ms,23.193607
1779199047.406,/benchmark/inference_ms,23.255365
1779199047.450,/benchmark/inference_ms,23.457184
1779199047.495,/benchmark/inference_ms,23.334019
1779199047.540,/benchmark/inference_ms,23.230501
1779199047.584,/benchmark/inference_ms,23.319139
1779199047.629,/benchmark/inference_ms,23.945557
1779199047.674,/benchmark/inference_ms,23.492031
1779199047.718,/benchmark/inference_ms,23.453472
1779199047.763,/benchmark/inference_ms,23.683899
1779199047.807,/benchmark/inference_ms,23.613628
1779199047.852,/benchmark/inference_ms,24.230957
1779199047.896,/benchmark/inference_ms,23.603420
1779199047.941,/benchmark/inference_ms,23.313314
1779199047.988,/benchmark/inference_ms,24.166895
1779199048.030,/benchmark/inference_ms,23.487679
1779199048.075,/benchmark/inference_ms,23.299109
1779199048.121,/benchmark/inference_ms,23.599901
1779199048.166,/benchmark/inference_ms,23.450783
1779199048.210,/benchmark/inference_ms,23.675196
1779199048.255,/benchmark/inference_ms,23.218246
1779199048.299,/benchmark/inference_ms,23.502495
1779199048.344,/benchmark/inference_ms,23.485664
1779199048.389,/benchmark/inference_ms,23.675900
1779199048.434,/benchmark/inference_ms,23.706074
1779199048.479,/benchmark/inference_ms,23.244581
1779199048.524,/benchmark/inference_ms,23.482592
1779199048.569,/benchmark/inference_ms,24.019154
1779199048.613,/benchmark/inference_ms,23.578142
1779199048.658,/benchmark/inference_ms,23.303236
1779199048.703,/benchmark/inference_ms,23.228294
1779199048.748,/benchmark/inference_ms,23.816536
1779199048.793,/benchmark/inference_ms,24.207277
1779199048.838,/benchmark/inference_ms,23.201447
1779199048.885,/benchmark/inference_ms,23.345602
1779199048.928,/benchmark/inference_ms,23.829943
1779199048.973,/benchmark/inference_ms,24.001427
1779199049.017,/benchmark/inference_ms,24.050707
1779199049.064,/benchmark/inference_ms,23.813751
1779199049.113,/benchmark/inference_ms,23.515200
1779199049.156,/benchmark/inference_ms,23.430178
1779199049.201,/benchmark/inference_ms,23.783703
1779199049.247,/benchmark/inference_ms,24.144337
1779199049.292,/benchmark/inference_ms,24.219183
1779199049.337,/benchmark/inference_ms,24.041138
1779199049.386,/benchmark/inference_ms,24.217901
1779199049.428,/benchmark/inference_ms,23.596317
1779199049.474,/benchmark/inference_ms,23.372290
1779199049.520,/benchmark/inference_ms,23.613533
1779199049.566,/benchmark/inference_ms,24.577093
1779199049.614,/benchmark/inference_ms,24.130608
1779199049.657,/benchmark/inference_ms,23.781849
1779199049.701,/benchmark/inference_ms,23.991636
1779199049.745,/benchmark/inference_ms,24.239054
1779199049.792,/benchmark/inference_ms,24.376457
1779199049.841,/benchmark/inference_ms,24.369259
1779199049.889,/benchmark/inference_ms,24.332907
1779199049.931,/benchmark/inference_ms,23.929716
1779199049.976,/benchmark/inference_ms,24.412233
1779199050.021,/benchmark/inference_ms,23.700251
1779199050.068,/benchmark/inference_ms,23.736761
1779199050.115,/benchmark/inference_ms,25.179573
1779199050.160,/benchmark/inference_ms,24.074226
1779199050.205,/benchmark/inference_ms,23.975796
1779199050.250,/benchmark/inference_ms,23.251078
1779199050.295,/benchmark/inference_ms,23.290405
1779199050.342,/benchmark/inference_ms,24.095537
1779199050.386,/benchmark/inference_ms,24.215214
1779199050.433,/benchmark/inference_ms,25.076792
1779199050.478,/benchmark/inference_ms,24.483559
1779199050.524,/benchmark/inference_ms,23.463295
1779199050.569,/benchmark/inference_ms,23.277092
1779199050.614,/benchmark/inference_ms,23.754776
1779199050.661,/benchmark/inference_ms,24.250893
1779199050.706,/benchmark/inference_ms,23.997139
1779199050.751,/benchmark/inference_ms,24.104847
1779199050.800,/benchmark/inference_ms,25.544750
1779199050.847,/benchmark/inference_ms,24.328428
1779199050.893,/benchmark/inference_ms,24.261900
1779199050.938,/benchmark/inference_ms,24.007860
1779199050.982,/benchmark/inference_ms,23.899445
1779199051.028,/benchmark/inference_ms,24.037458
1779199051.073,/benchmark/inference_ms,23.708635
1779199051.122,/benchmark/inference_ms,25.038715
1779199051.168,/benchmark/inference_ms,24.727905
1779199051.216,/benchmark/inference_ms,24.400553
1779199051.262,/benchmark/inference_ms,24.290253
1779199051.311,/benchmark/inference_ms,24.938747
1779199051.355,/benchmark/inference_ms,24.930588
1779199051.401,/benchmark/inference_ms,25.156887
1779199051.448,/benchmark/inference_ms,25.110552
1779199051.494,/benchmark/inference_ms,24.867741
1779199051.540,/benchmark/inference_ms,24.998652
1779199051.588,/benchmark/inference_ms,25.291285
1779199051.634,/benchmark/inference_ms,24.557957
1779199051.681,/benchmark/inference_ms,24.449833
1779199051.728,/benchmark/inference_ms,24.558662
1779199051.776,/benchmark/inference_ms,24.557413
1779199051.823,/benchmark/inference_ms,24.984058
1779199051.870,/benchmark/inference_ms,24.457096
1779199051.915,/benchmark/inference_ms,24.469801
1779199051.961,/benchmark/inference_ms,24.574438
1779199052.007,/benchmark/inference_ms,24.588549
1779199052.053,/benchmark/inference_ms,24.024786
1779199052.100,/benchmark/inference_ms,23.557085
1779199052.144,/benchmark/inference_ms,24.243853
1779199052.191,/benchmark/inference_ms,25.364466
1779199052.237,/benchmark/inference_ms,25.181271
1779199052.283,/benchmark/inference_ms,24.678690
1779199052.330,/benchmark/inference_ms,24.172750
1779199052.377,/benchmark/inference_ms,25.229300
1779199052.424,/benchmark/inference_ms,25.421808
1779199052.469,/benchmark/inference_ms,24.952509
1779199052.515,/benchmark/inference_ms,23.972116
1779199052.561,/benchmark/inference_ms,24.134768
1779199052.607,/benchmark/inference_ms,24.975067
1779199052.651,/benchmark/inference_ms,23.103817
1779199052.696,/benchmark/inference_ms,23.300676
1779199052.741,/benchmark/inference_ms,23.355331
1779199052.785,/benchmark/inference_ms,23.732122
1779199052.829,/benchmark/inference_ms,23.353540
1779199052.875,/benchmark/inference_ms,23.741241
1779199052.920,/benchmark/inference_ms,23.751898
1779199052.965,/benchmark/inference_ms,23.657148
1779199053.010,/benchmark/inference_ms,23.566814
1779199053.055,/benchmark/inference_ms,23.860119
1779199053.100,/benchmark/inference_ms,23.421570
1779199053.143,/benchmark/inference_ms,23.002445
1779199053.188,/benchmark/inference_ms,23.879030
1779199053.233,/benchmark/inference_ms,23.868502
1779199053.278,/benchmark/inference_ms,23.598717
1779199053.324,/benchmark/inference_ms,23.336676
1779199053.368,/benchmark/inference_ms,23.605406
1779199053.413,/benchmark/inference_ms,23.982964
1779199053.458,/benchmark/inference_ms,23.670588
1779199053.503,/benchmark/inference_ms,23.845495
1779199053.547,/benchmark/inference_ms,23.432800
1779199053.593,/benchmark/inference_ms,23.694202
1779199053.639,/benchmark/inference_ms,23.998547
1779199053.682,/benchmark/inference_ms,23.655548
1779199053.726,/benchmark/inference_ms,23.579422
1779199053.775,/benchmark/inference_ms,23.524509
1779199053.816,/benchmark/inference_ms,23.245029
1779199053.861,/benchmark/inference_ms,23.200647
1779199053.906,/benchmark/inference_ms,23.689882
1779199053.951,/benchmark/inference_ms,24.048115
1779199053.996,/benchmark/inference_ms,23.521566
1779199054.041,/benchmark/inference_ms,23.663292
1779199054.087,/benchmark/inference_ms,23.813080
1779199054.134,/benchmark/inference_ms,24.691170
1779199054.183,/benchmark/inference_ms,23.976564
1779199054.229,/benchmark/inference_ms,23.827257
1779199054.277,/benchmark/inference_ms,24.140079
1779199054.319,/benchmark/inference_ms,24.382187
1779199054.365,/benchmark/inference_ms,24.328459
1779199054.411,/benchmark/inference_ms,23.764250
1779199054.456,/benchmark/inference_ms,23.550238
1779199054.501,/benchmark/inference_ms,24.161230
1779199054.547,/benchmark/inference_ms,24.452457
1779199054.592,/benchmark/inference_ms,23.826647
1779199054.640,/benchmark/inference_ms,23.418722
1779199054.684,/benchmark/inference_ms,23.668283
1779199054.729,/benchmark/inference_ms,24.100880
1779199054.776,/benchmark/inference_ms,24.054003
1779199054.819,/benchmark/inference_ms,24.157135
1779199054.864,/benchmark/inference_ms,24.095121
1779199054.911,/benchmark/inference_ms,23.260069
1779199054.955,/benchmark/inference_ms,23.459488
1779199055.001,/benchmark/inference_ms,24.346699
1779199055.046,/benchmark/inference_ms,24.281775
1779199055.092,/benchmark/inference_ms,24.013716
1779199055.139,/benchmark/inference_ms,24.096945
1779199055.182,/benchmark/inference_ms,24.047987
1779199055.227,/benchmark/inference_ms,23.192518
1779199055.275,/benchmark/inference_ms,23.615484
1779199055.317,/benchmark/inference_ms,24.097137
1779199055.363,/benchmark/inference_ms,24.240206
1779199055.408,/benchmark/inference_ms,24.351820
1779199055.453,/benchmark/inference_ms,23.514944
1779199055.500,/benchmark/inference_ms,24.168177
1779199055.545,/benchmark/inference_ms,24.289389
1779199055.593,/benchmark/inference_ms,24.292524
1779199055.635,/benchmark/inference_ms,23.403234
1779199055.681,/benchmark/inference_ms,23.422401
1779199055.726,/benchmark/inference_ms,24.268717
1779199055.772,/benchmark/inference_ms,24.327820
1779199055.817,/benchmark/inference_ms,24.217070
1779199055.863,/benchmark/inference_ms,23.459393
1779199055.910,/benchmark/inference_ms,24.327307
1779199055.954,/benchmark/inference_ms,24.256428
1779199056.001,/benchmark/inference_ms,24.449289
1779199056.046,/benchmark/inference_ms,23.557886
1779199056.090,/benchmark/inference_ms,23.780312
1779199056.138,/benchmark/inference_ms,24.882717
1779199056.182,/benchmark/inference_ms,24.177935
1779199056.227,/benchmark/inference_ms,23.985844
1779199056.275,/benchmark/inference_ms,23.303940
1779199056.318,/benchmark/inference_ms,24.068499
1779199056.366,/benchmark/inference_ms,24.217966
1779199056.412,/benchmark/inference_ms,24.427561
1779199056.455,/benchmark/inference_ms,23.634142
1779199056.501,/benchmark/inference_ms,23.662939
1779199056.547,/benchmark/inference_ms,24.457256
1779199056.592,/benchmark/inference_ms,24.280203
1779199056.637,/benchmark/inference_ms,23.742809
1779199056.683,/benchmark/inference_ms,23.906837
1779199056.728,/benchmark/inference_ms,24.083889
1779199056.774,/benchmark/inference_ms,24.238445
1779199056.819,/benchmark/inference_ms,24.256428
1779199056.864,/benchmark/inference_ms,23.641916
1779199056.910,/benchmark/inference_ms,24.005587
1779199056.956,/benchmark/inference_ms,24.365705
1779199057.000,/benchmark/inference_ms,24.241390
1779199057.045,/benchmark/inference_ms,23.378275
1779199057.090,/benchmark/inference_ms,23.545214
1779199057.136,/benchmark/inference_ms,24.243183
1779199057.180,/benchmark/inference_ms,24.189838
1779199057.226,/benchmark/inference_ms,23.859768
1779199057.276,/benchmark/inference_ms,23.788313
1779199057.316,/benchmark/inference_ms,24.596548
1779199057.362,/benchmark/inference_ms,24.469448
1779199057.407,/benchmark/inference_ms,23.860279
1779199057.453,/benchmark/inference_ms,23.857494
1779199057.499,/benchmark/inference_ms,24.291853
1779199057.544,/benchmark/inference_ms,24.483751
1779199057.590,/benchmark/inference_ms,23.711706
1779199057.635,/benchmark/inference_ms,23.595581
1779199057.680,/benchmark/inference_ms,24.040691
1779199057.725,/benchmark/inference_ms,24.375498
1779199057.770,/benchmark/inference_ms,23.886967
1779199057.816,/benchmark/inference_ms,23.605564
1779199057.863,/benchmark/inference_ms,24.874559
1779199057.909,/benchmark/inference_ms,25.185591
1779199057.954,/benchmark/inference_ms,23.942549
1779199057.999,/benchmark/inference_ms,23.846998
1779199058.044,/benchmark/inference_ms,23.219687
1779199058.090,/benchmark/inference_ms,24.002035
1779199058.135,/benchmark/inference_ms,24.142832
1779199058.180,/benchmark/inference_ms,24.205070
1779199058.226,/benchmark/inference_ms,23.951988
1779199058.271,/benchmark/inference_ms,24.706596
1779199058.317,/benchmark/inference_ms,23.677340
1779199058.363,/benchmark/inference_ms,24.381546
1779199058.410,/benchmark/inference_ms,24.601124
1779199058.455,/benchmark/inference_ms,24.327950
1779199058.500,/benchmark/inference_ms,24.285452
1779199058.546,/benchmark/inference_ms,23.775225
1779199058.593,/benchmark/inference_ms,24.508871
1779199058.642,/benchmark/inference_ms,24.355179
1779199058.688,/benchmark/inference_ms,25.345362
1779199058.733,/benchmark/inference_ms,24.261742
1779199058.780,/benchmark/inference_ms,24.793280
1779199058.825,/benchmark/inference_ms,23.876022
1779199058.872,/benchmark/inference_ms,23.519936
1779199058.918,/benchmark/inference_ms,24.094513
1779199058.964,/benchmark/inference_ms,24.738560
1779199059.011,/benchmark/inference_ms,24.732672
1779199059.057,/benchmark/inference_ms,25.379826
1779199059.102,/benchmark/inference_ms,24.256845
1779199059.148,/benchmark/inference_ms,24.163921
1779199059.194,/benchmark/inference_ms,24.151184
1779199059.240,/benchmark/inference_ms,23.751289
1779199059.285,/benchmark/inference_ms,23.582846
1779199059.331,/benchmark/inference_ms,24.148977
1779199059.377,/benchmark/inference_ms,24.721794
1779199059.423,/benchmark/inference_ms,24.770977
1779199059.469,/benchmark/inference_ms,24.165936
1779199059.514,/benchmark/inference_ms,24.164976
1779199059.560,/benchmark/inference_ms,23.354788
1779199059.605,/benchmark/inference_ms,23.345284
1779199059.652,/benchmark/inference_ms,23.758650
1779199059.696,/benchmark/inference_ms,24.263821
1779199059.742,/benchmark/inference_ms,24.097328
1779199059.790,/benchmark/inference_ms,23.984531
1779199059.833,/benchmark/inference_ms,24.237391
1779199059.879,/benchmark/inference_ms,23.727642
1779199059.925,/benchmark/inference_ms,23.318563
1779199059.970,/benchmark/inference_ms,23.431072
1779199060.016,/benchmark/inference_ms,24.625093
1779199060.062,/benchmark/inference_ms,24.725315
1779199060.108,/benchmark/inference_ms,24.866943
1779199060.154,/benchmark/inference_ms,24.158607
1779199060.201,/benchmark/inference_ms,23.880983
1779199060.247,/benchmark/inference_ms,25.150297
1779199060.293,/benchmark/inference_ms,24.497351
1779199060.339,/benchmark/inference_ms,24.447399
1779199060.390,/benchmark/inference_ms,23.872023
1779199060.432,/benchmark/inference_ms,23.704666
1779199060.478,/benchmark/inference_ms,24.106640
1779199060.525,/benchmark/inference_ms,25.574604
1779199060.570,/benchmark/inference_ms,24.308268
1779199060.616,/benchmark/inference_ms,24.518248
1779199060.662,/benchmark/inference_ms,24.396042
1779199060.707,/benchmark/inference_ms,23.440929
1779199060.753,/benchmark/inference_ms,23.440739
1779199060.801,/benchmark/inference_ms,24.486919
1779199060.846,/benchmark/inference_ms,24.671139
1779199060.892,/benchmark/inference_ms,24.887005
1779199060.938,/benchmark/inference_ms,24.053297
1779199060.987,/benchmark/inference_ms,24.037556
1779199061.029,/benchmark/inference_ms,24.120209
1779199061.077,/benchmark/inference_ms,24.797344
1779199061.125,/benchmark/inference_ms,25.840326
1779199061.172,/benchmark/inference_ms,25.254932
1779199061.218,/benchmark/inference_ms,25.210934
1779199061.266,/benchmark/inference_ms,24.912062
1779199061.314,/benchmark/inference_ms,24.324877
1779199061.359,/benchmark/inference_ms,25.390579
1779199061.406,/benchmark/inference_ms,25.634668
1779199061.454,/benchmark/inference_ms,25.899046
1779199061.502,/benchmark/inference_ms,25.399536
1779199061.549,/benchmark/inference_ms,24.738720
1779199061.596,/benchmark/inference_ms,25.613388
1779199061.642,/benchmark/inference_ms,25.305653
1779199061.688,/benchmark/inference_ms,24.752897
1779199061.733,/benchmark/inference_ms,24.997787
1779199061.778,/benchmark/inference_ms,24.181841
1779199061.822,/benchmark/inference_ms,24.687426
1779199061.868,/benchmark/inference_ms,24.407625
1779199061.914,/benchmark/inference_ms,25.642923
1779199061.959,/benchmark/inference_ms,25.833063
1779199062.006,/benchmark/inference_ms,24.821280
1779199062.053,/benchmark/inference_ms,24.874239
1779199062.101,/benchmark/inference_ms,25.385777
1779199062.143,/benchmark/inference_ms,25.540077
1779199062.188,/benchmark/inference_ms,23.090858
1779199062.233,/benchmark/inference_ms,23.293892
1779199062.276,/benchmark/inference_ms,23.867735
1779199062.322,/benchmark/inference_ms,23.285189
1779199062.366,/benchmark/inference_ms,23.335173
1779199062.413,/benchmark/inference_ms,23.901047
1779199062.455,/benchmark/inference_ms,23.459553
1779199062.499,/benchmark/inference_ms,23.485407
1779199062.544,/benchmark/inference_ms,23.797817
1779199062.588,/benchmark/inference_ms,23.393124
1779199062.633,/benchmark/inference_ms,23.528481
1779199062.678,/benchmark/inference_ms,23.939220
1779199062.723,/benchmark/inference_ms,23.612286
1779199062.767,/benchmark/inference_ms,23.181513
1779199062.812,/benchmark/inference_ms,24.219471
1779199062.856,/benchmark/inference_ms,23.107243
1779199062.901,/benchmark/inference_ms,23.479391
1779199062.946,/benchmark/inference_ms,23.755354
1779199062.990,/benchmark/inference_ms,23.604286
1779199063.034,/benchmark/inference_ms,23.547071
1779199063.079,/benchmark/inference_ms,23.784058
1779199063.124,/benchmark/inference_ms,23.409122
1779199063.169,/benchmark/inference_ms,23.673658
1779199063.215,/benchmark/inference_ms,24.209711
1779199063.260,/benchmark/inference_ms,23.509312
1779199063.305,/benchmark/inference_ms,23.638077
1779199063.351,/benchmark/inference_ms,23.894711
1779199063.395,/benchmark/inference_ms,23.647198
1779199063.440,/benchmark/inference_ms,23.749851
1779199063.485,/benchmark/inference_ms,23.779770
1779199063.530,/benchmark/inference_ms,23.645117
1779199063.575,/benchmark/inference_ms,23.672604
1779199063.620,/benchmark/inference_ms,23.829144
1779199063.664,/benchmark/inference_ms,23.456512
1779199063.709,/benchmark/inference_ms,23.558048
1779199063.754,/benchmark/inference_ms,23.854136
1779199063.799,/benchmark/inference_ms,23.667164
1779199063.844,/benchmark/inference_ms,23.621372
1779199063.888,/benchmark/inference_ms,23.703707
1779199063.933,/benchmark/inference_ms,23.329029
1779199063.978,/benchmark/inference_ms,23.592543
1779199064.023,/benchmark/inference_ms,23.863352
1779199064.067,/benchmark/inference_ms,23.439489
1779199064.113,/benchmark/inference_ms,23.485569
1779199064.157,/benchmark/inference_ms,24.207054
1779199064.202,/benchmark/inference_ms,23.724859
1779199064.247,/benchmark/inference_ms,23.368420
1779199064.291,/benchmark/inference_ms,24.018707
1779199064.336,/benchmark/inference_ms,23.209255
1779199064.381,/benchmark/inference_ms,23.419298
1779199064.424,/benchmark/inference_ms,23.771801
1779199064.470,/benchmark/inference_ms,23.510561
1779199064.515,/benchmark/inference_ms,23.907320
1779199064.559,/benchmark/inference_ms,23.963413
1779199064.604,/benchmark/inference_ms,23.406820
1779199064.650,/benchmark/inference_ms,23.901718
1779199064.694,/benchmark/inference_ms,23.593662
1779199064.739,/benchmark/inference_ms,23.491648
1779199064.786,/benchmark/inference_ms,24.108435
1779199064.831,/benchmark/inference_ms,25.443472
1779199064.876,/benchmark/inference_ms,24.403625
1779199064.922,/benchmark/inference_ms,23.639132
1779199064.967,/benchmark/inference_ms,23.637949
1779199065.014,/benchmark/inference_ms,24.362955
1779199065.059,/benchmark/inference_ms,24.297869
1779199065.105,/benchmark/inference_ms,24.514118
1779199065.150,/benchmark/inference_ms,24.535303
1779199065.196,/benchmark/inference_ms,24.127504
1779199065.242,/benchmark/inference_ms,23.887608
1779199065.292,/benchmark/inference_ms,23.681244
1779199065.334,/benchmark/inference_ms,24.333963
1779199065.383,/benchmark/inference_ms,24.025555
1779199065.426,/benchmark/inference_ms,24.210062
1779199065.474,/benchmark/inference_ms,24.567654
1779199065.519,/benchmark/inference_ms,24.231152
1779199065.564,/benchmark/inference_ms,23.409859
1779199065.610,/benchmark/inference_ms,23.566078
1779199065.657,/benchmark/inference_ms,24.012531
1779199065.702,/benchmark/inference_ms,25.146553
1779199065.748,/benchmark/inference_ms,23.938486
1779199065.794,/benchmark/inference_ms,23.511936
1779199065.842,/benchmark/inference_ms,24.662436
1779199065.893,/benchmark/inference_ms,24.655588
1779199065.937,/benchmark/inference_ms,25.765800
1779199065.982,/benchmark/inference_ms,24.629860
1779199066.028,/benchmark/inference_ms,23.737499
1779199066.073,/benchmark/inference_ms,23.940119
1779199066.119,/benchmark/inference_ms,24.610949
1779199066.165,/benchmark/inference_ms,24.222927
1779199066.210,/benchmark/inference_ms,24.108881
1779199066.256,/benchmark/inference_ms,23.621469
1779199066.303,/benchmark/inference_ms,24.222607
1779199066.347,/benchmark/inference_ms,24.473640
1779199066.394,/benchmark/inference_ms,24.325260
1779199066.437,/benchmark/inference_ms,23.293509
1779199066.482,/benchmark/inference_ms,23.641916
1779199066.527,/benchmark/inference_ms,24.383564
1779199066.572,/benchmark/inference_ms,24.065619
1779199066.617,/benchmark/inference_ms,24.261742
1779199066.664,/benchmark/inference_ms,24.522440
1779199066.711,/benchmark/inference_ms,24.680323
1779199066.769,/benchmark/inference_ms,24.455816
1779199066.827,/benchmark/inference_ms,24.755680
1779199066.863,/benchmark/inference_ms,25.178967
1779199066.911,/benchmark/inference_ms,26.333563
1779199066.955,/benchmark/inference_ms,23.268902
1779199067.000,/benchmark/inference_ms,23.104267
1779199067.045,/benchmark/inference_ms,23.878809
1779199067.090,/benchmark/inference_ms,23.169704
1779199067.134,/benchmark/inference_ms,23.292261
1779199067.178,/benchmark/inference_ms,23.730940
1779199067.223,/benchmark/inference_ms,23.481632
1779199067.268,/benchmark/inference_ms,23.363493
1779199067.315,/benchmark/inference_ms,23.915287
1779199067.358,/benchmark/inference_ms,23.266054
1779199067.403,/benchmark/inference_ms,23.875862
1779199067.448,/benchmark/inference_ms,23.923765
1779199067.492,/benchmark/inference_ms,23.404324
1779199067.537,/benchmark/inference_ms,23.684284
1779199067.582,/benchmark/inference_ms,23.712986
1779199067.627,/benchmark/inference_ms,23.654428
1779199067.671,/benchmark/inference_ms,23.387268
1779199067.715,/benchmark/inference_ms,24.079699
1779199067.761,/benchmark/inference_ms,23.471489
1779199067.805,/benchmark/inference_ms,23.637054
1779199067.849,/benchmark/inference_ms,23.928598
1779199067.896,/benchmark/inference_ms,23.572414
1779199067.936,/benchmark/inference_ms,23.360580
1779199067.981,/benchmark/inference_ms,24.255022
1779199068.024,/benchmark/inference_ms,23.606749
1779199068.068,/benchmark/inference_ms,23.931189
1779199068.112,/benchmark/inference_ms,23.804857
1779199068.156,/benchmark/inference_ms,23.393860
1779199068.200,/benchmark/inference_ms,23.930870
1779199068.243,/benchmark/inference_ms,23.587038
1779199068.287,/benchmark/inference_ms,23.476545
1779199068.331,/benchmark/inference_ms,23.854839
1779199068.374,/benchmark/inference_ms,23.457697
1779199068.419,/benchmark/inference_ms,23.414787
1779199068.462,/benchmark/inference_ms,23.678652
1779199068.506,/benchmark/inference_ms,23.596189
1779199068.550,/benchmark/inference_ms,23.438051
1779199068.594,/benchmark/inference_ms,23.788313
1779199068.642,/benchmark/inference_ms,23.593470
1779199068.684,/benchmark/inference_ms,23.499296
1779199068.729,/benchmark/inference_ms,24.201233
1779199068.779,/benchmark/inference_ms,23.688953
1779199068.821,/benchmark/inference_ms,23.622173
1779199068.863,/benchmark/inference_ms,23.474625
1779199068.908,/benchmark/inference_ms,23.993652
1779199068.954,/benchmark/inference_ms,23.297125
1779199069.012,/benchmark/inference_ms,24.300461
1779199069.045,/benchmark/inference_ms,24.147152
1779199069.089,/benchmark/inference_ms,23.432419
1779199069.134,/benchmark/inference_ms,23.431873
1779199069.180,/benchmark/inference_ms,24.227919
1779199069.224,/benchmark/inference_ms,23.411940
1779199069.273,/benchmark/inference_ms,23.772057
1779199069.314,/benchmark/inference_ms,23.544416
1779199069.358,/benchmark/inference_ms,23.642014
1779199069.403,/benchmark/inference_ms,22.996653
1779199069.447,/benchmark/inference_ms,23.354404
1779199069.492,/benchmark/inference_ms,23.366564
1779199069.536,/benchmark/inference_ms,23.434626
1779199069.581,/benchmark/inference_ms,23.390850
1779199069.627,/benchmark/inference_ms,23.507746
1779199069.670,/benchmark/inference_ms,23.452770
1779199069.713,/benchmark/inference_ms,23.226889
1779199069.757,/benchmark/inference_ms,23.268518
1779199069.802,/benchmark/inference_ms,24.005333
1779199069.848,/benchmark/inference_ms,23.527040
1779199069.895,/benchmark/inference_ms,25.217720
1779199069.940,/benchmark/inference_ms,23.610750
1779199069.987,/benchmark/inference_ms,23.940439
1779199070.034,/benchmark/inference_ms,24.341324
1779199070.082,/benchmark/inference_ms,27.522974
1779199070.129,/benchmark/inference_ms,24.782753
1779199070.174,/benchmark/inference_ms,24.161903
1779199070.218,/benchmark/inference_ms,23.453922
1779199070.267,/benchmark/inference_ms,23.549438
1779199070.313,/benchmark/inference_ms,24.458025
1779199070.359,/benchmark/inference_ms,24.416265
1779199070.404,/benchmark/inference_ms,24.325388
1779199070.449,/benchmark/inference_ms,23.815514
1779199070.494,/benchmark/inference_ms,23.253254
1779199070.541,/benchmark/inference_ms,24.054291
1779199070.588,/benchmark/inference_ms,25.163927
1779199070.635,/benchmark/inference_ms,24.359884
1779199070.679,/benchmark/inference_ms,23.852665
1779199070.723,/benchmark/inference_ms,23.322725
1779199070.774,/benchmark/inference_ms,23.909494
1779199070.816,/benchmark/inference_ms,24.225424
1779199070.861,/benchmark/inference_ms,24.104145
1779199070.906,/benchmark/inference_ms,23.836311
1779199070.950,/benchmark/inference_ms,23.865015
1779199070.996,/benchmark/inference_ms,23.281286
1779199071.041,/benchmark/inference_ms,23.339907
1779199071.087,/benchmark/inference_ms,24.363850
1779199071.133,/benchmark/inference_ms,24.591301
1779199071.176,/benchmark/inference_ms,23.173864
1779199071.221,/benchmark/inference_ms,24.241646
1779199071.267,/benchmark/inference_ms,24.250381
1779199071.311,/benchmark/inference_ms,23.544607
1779199071.357,/benchmark/inference_ms,24.017269
1779199071.404,/benchmark/inference_ms,24.484297
1779199071.449,/benchmark/inference_ms,24.364780
1779199071.494,/benchmark/inference_ms,24.256718
1779199071.541,/benchmark/inference_ms,25.157175
1779199071.586,/benchmark/inference_ms,23.678780
1779199071.632,/benchmark/inference_ms,23.489313
1779199071.678,/benchmark/inference_ms,24.028500
1779199071.723,/benchmark/inference_ms,24.365835
1779199071.768,/benchmark/inference_ms,23.001902
1779199071.816,/benchmark/inference_ms,23.302692
1779199071.857,/benchmark/inference_ms,23.404644
1779199071.902,/benchmark/inference_ms,23.973333
1779199071.947,/benchmark/inference_ms,23.711708
1779199071.991,/benchmark/inference_ms,23.270567
1779199072.037,/benchmark/inference_ms,23.949623
1779199072.082,/benchmark/inference_ms,23.869497
1779199072.127,/benchmark/inference_ms,23.381762
1779199072.170,/benchmark/inference_ms,23.231497
1779199072.215,/benchmark/inference_ms,23.788857
1779199072.261,/benchmark/inference_ms,23.419300
1779199072.306,/benchmark/inference_ms,23.583199
1779199072.351,/benchmark/inference_ms,23.713596
1779199072.399,/benchmark/inference_ms,23.713243
1779199072.444,/benchmark/inference_ms,23.966293
1779199072.489,/benchmark/inference_ms,24.540710
1779199072.536,/benchmark/inference_ms,24.978558
1779199072.580,/benchmark/inference_ms,23.265511
1779199072.626,/benchmark/inference_ms,24.018740
1779199072.672,/benchmark/inference_ms,24.031826
1779199072.718,/benchmark/inference_ms,24.574854
1779198892.621,/benchmark/latency_ms,86.868736
1779198892.665,/benchmark/latency_ms,82.550636
1779198892.712,/benchmark/latency_ms,78.898697
1779198892.756,/benchmark/latency_ms,70.699409
1779198892.803,/benchmark/latency_ms,89.298080
1779198892.848,/benchmark/latency_ms,80.735901
1779198892.893,/benchmark/latency_ms,72.579620
1779198892.937,/benchmark/latency_ms,91.297012
1779198892.981,/benchmark/latency_ms,83.786896
1779198893.037,/benchmark/latency_ms,75.810966
1779198893.081,/benchmark/latency_ms,68.064217
1779198893.119,/benchmark/latency_ms,86.493675
1779198893.161,/benchmark/latency_ms,78.870918
1779198893.204,/benchmark/latency_ms,70.753014
1779198893.249,/benchmark/latency_ms,89.239494
1779198893.294,/benchmark/latency_ms,82.001244
1779198893.339,/benchmark/latency_ms,74.427292
1779198893.386,/benchmark/latency_ms,67.619331
1779198893.428,/benchmark/latency_ms,85.992599
1779198893.486,/benchmark/latency_ms,77.939072
1779198893.520,/benchmark/latency_ms,69.677132
1779198893.577,/benchmark/latency_ms,88.116737
1779198893.609,/benchmark/latency_ms,79.623192
1779198893.668,/benchmark/latency_ms,71.290375
1779198893.697,/benchmark/latency_ms,89.674042
1779198893.741,/benchmark/latency_ms,81.514954
1779198893.788,/benchmark/latency_ms,72.895393
1779198893.832,/benchmark/latency_ms,91.597710
1779198893.877,/benchmark/latency_ms,83.133087
1779198893.920,/benchmark/latency_ms,75.909492
1779198893.979,/benchmark/latency_ms,68.105560
1779198894.013,/benchmark/latency_ms,87.664589
1779198894.058,/benchmark/latency_ms,79.760979
1779198894.102,/benchmark/latency_ms,71.644768
1779198894.147,/benchmark/latency_ms,90.124977
1779198894.192,/benchmark/latency_ms,82.077080
1779198894.238,/benchmark/latency_ms,74.360603
1779198894.288,/benchmark/latency_ms,93.284927
1779198894.331,/benchmark/latency_ms,87.111931
1779198894.375,/benchmark/latency_ms,81.203758
1779198894.432,/benchmark/latency_ms,75.329086
1779198894.478,/benchmark/latency_ms,68.833031
1779198894.512,/benchmark/latency_ms,88.800941
1779198894.558,/benchmark/latency_ms,83.004227
1779198894.602,/benchmark/latency_ms,77.588493
1779198894.649,/benchmark/latency_ms,71.628029
1779198894.693,/benchmark/latency_ms,65.816750
1779198894.739,/benchmark/latency_ms,86.082390
1779198894.782,/benchmark/latency_ms,81.145363
1779198894.829,/benchmark/latency_ms,76.112206
1779198894.874,/benchmark/latency_ms,70.039307
1779198894.921,/benchmark/latency_ms,90.167564
1779198894.966,/benchmark/latency_ms,86.557449
1779198895.012,/benchmark/latency_ms,78.966820
1779198895.057,/benchmark/latency_ms,72.558823
1779198895.103,/benchmark/latency_ms,92.243446
1779198895.159,/benchmark/latency_ms,86.146675
1779198895.194,/benchmark/latency_ms,80.837013
1779198895.241,/benchmark/latency_ms,75.399872
1779198895.288,/benchmark/latency_ms,70.644630
1779198895.333,/benchmark/latency_ms,90.367432
1779198895.377,/benchmark/latency_ms,84.121033
1779198895.423,/benchmark/latency_ms,78.504623
1779198895.468,/benchmark/latency_ms,71.302917
1779198895.514,/benchmark/latency_ms,91.468140
1779198895.571,/benchmark/latency_ms,86.143349
1779198895.607,/benchmark/latency_ms,81.968124
1779198895.653,/benchmark/latency_ms,76.743263
1779198895.697,/benchmark/latency_ms,72.864288
1779198895.743,/benchmark/latency_ms,70.108742
1779198895.789,/benchmark/latency_ms,90.863838
1779198895.835,/benchmark/latency_ms,85.735168
1779198895.882,/benchmark/latency_ms,80.112556
1779198895.927,/benchmark/latency_ms,73.968803
1779198895.971,/benchmark/latency_ms,67.447044
1779198896.017,/benchmark/latency_ms,88.520248
1779198896.062,/benchmark/latency_ms,83.229950
1779198896.109,/benchmark/latency_ms,79.109955
1779198896.165,/benchmark/latency_ms,74.125252
1779198896.200,/benchmark/latency_ms,69.112091
1779198896.246,/benchmark/latency_ms,89.620895
1779198896.294,/benchmark/latency_ms,85.023407
1779198896.336,/benchmark/latency_ms,79.875633
1779198896.383,/benchmark/latency_ms,74.246651
1779198896.427,/benchmark/latency_ms,68.843811
1779198896.475,/benchmark/latency_ms,89.886902
1779198896.519,/benchmark/latency_ms,84.790581
1779198896.576,/benchmark/latency_ms,78.856522
1779198896.610,/benchmark/latency_ms,73.343575
1779198896.668,/benchmark/latency_ms,68.093849
1779198896.699,/benchmark/latency_ms,89.124428
1779198896.744,/benchmark/latency_ms,83.557617
1779198896.789,/benchmark/latency_ms,77.625351
1779198896.835,/benchmark/latency_ms,71.784760
1779198896.882,/benchmark/latency_ms,66.842522
1779198896.928,/benchmark/latency_ms,87.657104
1779198896.974,/benchmark/latency_ms,82.328819
1779198897.021,/benchmark/latency_ms,76.575523
1779198897.065,/benchmark/latency_ms,72.190514
1779198897.112,/benchmark/latency_ms,92.534576
1779198897.156,/benchmark/latency_ms,86.710503
1779198897.203,/benchmark/latency_ms,80.924599
1779198897.250,/benchmark/latency_ms,76.463814
1779198897.294,/benchmark/latency_ms,70.843056
1779198897.340,/benchmark/latency_ms,91.614891
1779198897.386,/benchmark/latency_ms,86.639015
1779198897.431,/benchmark/latency_ms,81.238670
1779198897.478,/benchmark/latency_ms,75.657143
1779198897.521,/benchmark/latency_ms,69.990570
1779198897.566,/benchmark/latency_ms,89.242851
1779198897.615,/benchmark/latency_ms,85.533318
1779198897.659,/benchmark/latency_ms,81.620903
1779198897.702,/benchmark/latency_ms,77.360435
1779198897.747,/benchmark/latency_ms,72.323021
1779198897.793,/benchmark/latency_ms,68.142265
1779198897.838,/benchmark/latency_ms,88.731796
1779198897.884,/benchmark/latency_ms,84.489052
1779198897.929,/benchmark/latency_ms,79.799889
1779198897.974,/benchmark/latency_ms,74.536919
1779198898.018,/benchmark/latency_ms,69.906471
1779198898.064,/benchmark/latency_ms,90.463081
1779198898.110,/benchmark/latency_ms,86.419052
1779198898.156,/benchmark/latency_ms,81.164177
1779198898.200,/benchmark/latency_ms,76.429092
1779198898.246,/benchmark/latency_ms,68.817001
1779198898.290,/benchmark/latency_ms,86.815521
1779198898.337,/benchmark/latency_ms,79.075974
1779198898.391,/benchmark/latency_ms,73.042587
1779198898.427,/benchmark/latency_ms,68.634445
1779198898.473,/benchmark/latency_ms,90.849121
1779198898.519,/benchmark/latency_ms,87.553970
1779198898.565,/benchmark/latency_ms,77.757797
1779198898.610,/benchmark/latency_ms,70.456444
1779198898.655,/benchmark/latency_ms,66.528831
1779198898.701,/benchmark/latency_ms,87.894310
1779198898.748,/benchmark/latency_ms,84.486237
1779198898.793,/benchmark/latency_ms,78.660400
1779198898.849,/benchmark/latency_ms,71.140106
1779198898.892,/benchmark/latency_ms,67.674080
1779198898.929,/benchmark/latency_ms,88.685303
1779198898.976,/benchmark/latency_ms,84.611931
1779198899.021,/benchmark/latency_ms,80.192360
1779198899.065,/benchmark/latency_ms,75.941299
1779198899.111,/benchmark/latency_ms,71.038322
1779198899.154,/benchmark/latency_ms,66.232071
1779198899.202,/benchmark/latency_ms,87.719406
1779198899.247,/benchmark/latency_ms,82.835274
1779198899.293,/benchmark/latency_ms,75.603806
1779198899.337,/benchmark/latency_ms,70.340836
1779198899.383,/benchmark/latency_ms,66.489120
1779198899.427,/benchmark/latency_ms,87.989418
1779198899.475,/benchmark/latency_ms,84.296448
1779198899.518,/benchmark/latency_ms,82.330002
1779198899.563,/benchmark/latency_ms,77.579880
1779198899.611,/benchmark/latency_ms,73.434868
1779198899.655,/benchmark/latency_ms,69.502930
1779198899.699,/benchmark/latency_ms,89.734749
1779198899.746,/benchmark/latency_ms,87.100891
1779198899.794,/benchmark/latency_ms,84.561752
1779198899.840,/benchmark/latency_ms,77.409584
1779198899.886,/benchmark/latency_ms,70.443741
1779198899.933,/benchmark/latency_ms,66.097771
1779198899.977,/benchmark/latency_ms,86.923233
1779198900.025,/benchmark/latency_ms,83.924492
1779198900.069,/benchmark/latency_ms,78.792107
1779198900.115,/benchmark/latency_ms,71.616447
1779198900.162,/benchmark/latency_ms,67.762527
1779198900.207,/benchmark/latency_ms,88.445305
1779198900.252,/benchmark/latency_ms,84.565498
1779198900.297,/benchmark/latency_ms,80.586433
1779198900.344,/benchmark/latency_ms,76.876091
1779198900.392,/benchmark/latency_ms,72.313873
1779198900.433,/benchmark/latency_ms,68.156662
1779198900.479,/benchmark/latency_ms,88.470940
1779198900.525,/benchmark/latency_ms,85.410759
1779198900.570,/benchmark/latency_ms,81.452202
1779198900.616,/benchmark/latency_ms,77.371666
1779198900.661,/benchmark/latency_ms,72.775780
1779198900.707,/benchmark/latency_ms,69.369560
1779198900.754,/benchmark/latency_ms,89.793175
1779198900.798,/benchmark/latency_ms,85.269806
1779198900.857,/benchmark/latency_ms,80.321098
1779198900.891,/benchmark/latency_ms,75.328453
1779198900.935,/benchmark/latency_ms,70.056358
1779198900.981,/benchmark/latency_ms,90.768799
1779198901.026,/benchmark/latency_ms,84.087593
1779198901.073,/benchmark/latency_ms,78.464691
1779198901.119,/benchmark/latency_ms,72.519310
1779198901.165,/benchmark/latency_ms,92.706062
1779198901.210,/benchmark/latency_ms,86.488396
1779198901.258,/benchmark/latency_ms,83.081955
1779198901.304,/benchmark/latency_ms,79.058762
1779198901.347,/benchmark/latency_ms,74.919762
1779198901.394,/benchmark/latency_ms,95.389038
1779198901.438,/benchmark/latency_ms,68.376213
1779198901.487,/benchmark/latency_ms,89.937973
1779198901.532,/benchmark/latency_ms,86.478287
1779198901.579,/benchmark/latency_ms,81.553452
1779198901.624,/benchmark/latency_ms,76.203659
1779198901.670,/benchmark/latency_ms,71.583138
1779198901.714,/benchmark/latency_ms,68.013405
1779198901.764,/benchmark/latency_ms,90.400299
1779198901.810,/benchmark/latency_ms,111.774803
1779198901.856,/benchmark/latency_ms,79.765335
1779198901.899,/benchmark/latency_ms,73.594353
1779198901.948,/benchmark/latency_ms,93.463676
1779198901.992,/benchmark/latency_ms,84.582939
1779198902.039,/benchmark/latency_ms,78.034180
1779198902.084,/benchmark/latency_ms,71.597092
1779198902.130,/benchmark/latency_ms,92.721458
1779198902.176,/benchmark/latency_ms,87.201630
1779198902.223,/benchmark/latency_ms,80.796089
1779198902.269,/benchmark/latency_ms,75.817719
1779198902.314,/benchmark/latency_ms,69.516594
1779198902.359,/benchmark/latency_ms,89.949814
1779198902.405,/benchmark/latency_ms,84.129517
1779198902.452,/benchmark/latency_ms,80.253578
1779198902.496,/benchmark/latency_ms,75.960464
1779198902.539,/benchmark/latency_ms,73.798729
1779198902.586,/benchmark/latency_ms,72.848831
1779198902.633,/benchmark/latency_ms,94.896126
1779198902.680,/benchmark/latency_ms,85.738304
1779198902.723,/benchmark/latency_ms,79.154373
1779198902.768,/benchmark/latency_ms,76.719650
1779198902.816,/benchmark/latency_ms,76.164558
1779198902.860,/benchmark/latency_ms,68.438286
1779198902.906,/benchmark/latency_ms,87.824142
1779198902.952,/benchmark/latency_ms,84.292358
1779198902.997,/benchmark/latency_ms,81.151665
1779198903.044,/benchmark/latency_ms,78.696083
1779198903.102,/benchmark/latency_ms,72.469391
1779198903.137,/benchmark/latency_ms,91.310738
1779198903.183,/benchmark/latency_ms,86.171608
1779198903.227,/benchmark/latency_ms,80.591072
1779198903.273,/benchmark/latency_ms,77.069977
1779198903.321,/benchmark/latency_ms,74.205826
1779198903.367,/benchmark/latency_ms,70.049355
1779198903.415,/benchmark/latency_ms,91.439217
1779198903.462,/benchmark/latency_ms,87.330330
1779198903.505,/benchmark/latency_ms,81.206863
1779198903.550,/benchmark/latency_ms,74.031425
1779198903.594,/benchmark/latency_ms,66.536194
1779198903.639,/benchmark/latency_ms,85.263344
1779198903.683,/benchmark/latency_ms,76.428551
1779198903.727,/benchmark/latency_ms,69.548981
1779198903.774,/benchmark/latency_ms,88.333534
1779198903.818,/benchmark/latency_ms,80.090988
1779198903.861,/benchmark/latency_ms,71.561157
1779198903.906,/benchmark/latency_ms,89.503365
1779198903.964,/benchmark/latency_ms,81.331535
1779198903.996,/benchmark/latency_ms,72.096725
1779198904.039,/benchmark/latency_ms,90.247566
1779198904.087,/benchmark/latency_ms,83.830765
1779198904.130,/benchmark/latency_ms,75.770905
1779198904.175,/benchmark/latency_ms,67.566055
1779198904.220,/benchmark/latency_ms,85.806847
1779198904.266,/benchmark/latency_ms,75.550079
1779198904.309,/benchmark/latency_ms,66.778717
1779198904.356,/benchmark/latency_ms,85.268745
1779198904.399,/benchmark/latency_ms,77.028793
1779198904.445,/benchmark/latency_ms,71.763840
1779198904.502,/benchmark/latency_ms,66.888924
1779198904.546,/benchmark/latency_ms,86.607597
1779198904.582,/benchmark/latency_ms,80.846489
1779198904.627,/benchmark/latency_ms,76.493896
1779198904.672,/benchmark/latency_ms,72.189873
1779198904.715,/benchmark/latency_ms,67.807877
1779198904.774,/benchmark/latency_ms,88.586327
1779198904.807,/benchmark/latency_ms,85.329163
1779198904.851,/benchmark/latency_ms,80.913177
1779198904.896,/benchmark/latency_ms,76.248337
1779198904.941,/benchmark/latency_ms,73.619308
1779198904.984,/benchmark/latency_ms,70.346527
1779198905.030,/benchmark/latency_ms,64.562355
1779198905.074,/benchmark/latency_ms,83.314880
1779198905.117,/benchmark/latency_ms,76.887131
1779198905.161,/benchmark/latency_ms,70.109413
1779198905.206,/benchmark/latency_ms,89.686592
1779198905.261,/benchmark/latency_ms,83.115524
1779198905.295,/benchmark/latency_ms,76.956604
1779198905.341,/benchmark/latency_ms,71.309929
1779198905.386,/benchmark/latency_ms,66.907768
1779198905.432,/benchmark/latency_ms,86.083481
1779198905.475,/benchmark/latency_ms,79.389984
1779198905.519,/benchmark/latency_ms,73.517044
1779198905.564,/benchmark/latency_ms,67.030136
1779198905.610,/benchmark/latency_ms,85.629601
1779198905.652,/benchmark/latency_ms,78.267929
1779198905.696,/benchmark/latency_ms,71.994232
1779198905.741,/benchmark/latency_ms,65.399261
1779198905.786,/benchmark/latency_ms,84.083336
1779198905.833,/benchmark/latency_ms,77.960388
1779198905.876,/benchmark/latency_ms,71.906013
1779198905.925,/benchmark/latency_ms,68.555954
1779198905.972,/benchmark/latency_ms,65.848404
1779198906.018,/benchmark/latency_ms,86.905602
1779198906.061,/benchmark/latency_ms,79.947311
1779198906.107,/benchmark/latency_ms,74.075813
1779198906.154,/benchmark/latency_ms,68.502701
1779198906.198,/benchmark/latency_ms,88.344223
1779198906.257,/benchmark/latency_ms,82.357849
1779198906.296,/benchmark/latency_ms,76.477669
1779198906.337,/benchmark/latency_ms,71.868568
1779198906.393,/benchmark/latency_ms,66.340904
1779198906.428,/benchmark/latency_ms,87.742828
1779198906.473,/benchmark/latency_ms,81.914368
1779198906.519,/benchmark/latency_ms,77.581520
1779198906.564,/benchmark/latency_ms,72.499977
1779198906.612,/benchmark/latency_ms,66.474434
1779198906.658,/benchmark/latency_ms,87.521523
1779198906.700,/benchmark/latency_ms,82.522614
1779198906.744,/benchmark/latency_ms,77.483627
1779198906.789,/benchmark/latency_ms,71.121681
1779198906.835,/benchmark/latency_ms,91.704430
1779198906.880,/benchmark/latency_ms,85.705406
1779198906.927,/benchmark/latency_ms,79.776344
1779198906.973,/benchmark/latency_ms,74.316925
1779198907.020,/benchmark/latency_ms,68.836967
1779198907.065,/benchmark/latency_ms,89.504929
1779198907.111,/benchmark/latency_ms,84.418274
1779198907.157,/benchmark/latency_ms,79.015625
1779198907.202,/benchmark/latency_ms,71.360458
1779198907.248,/benchmark/latency_ms,91.879112
1779198907.292,/benchmark/latency_ms,86.222549
1779198907.337,/benchmark/latency_ms,80.317894
1779198907.384,/benchmark/latency_ms,74.431007
1779198907.430,/benchmark/latency_ms,68.703117
1779198907.474,/benchmark/latency_ms,89.509857
1779198907.519,/benchmark/latency_ms,83.262146
1779198907.566,/benchmark/latency_ms,77.946915
1779198907.611,/benchmark/latency_ms,71.588036
1779198907.659,/benchmark/latency_ms,91.999397
1779198907.700,/benchmark/latency_ms,86.894882
1779198907.746,/benchmark/latency_ms,81.397804
1779198907.791,/benchmark/latency_ms,75.810165
1779198907.837,/benchmark/latency_ms,69.719185
1779198907.884,/benchmark/latency_ms,89.957497
1779198907.930,/benchmark/latency_ms,85.194092
1779198907.975,/benchmark/latency_ms,79.868950
1779198908.020,/benchmark/latency_ms,72.628456
1779198908.064,/benchmark/latency_ms,67.218613
1779198908.112,/benchmark/latency_ms,87.764786
1779198908.155,/benchmark/latency_ms,81.715942
1779198908.201,/benchmark/latency_ms,75.487999
1779198908.244,/benchmark/latency_ms,69.031136
1779198908.287,/benchmark/latency_ms,88.877296
1779198908.334,/benchmark/latency_ms,83.346458
1779198908.378,/benchmark/latency_ms,76.926941
1779198908.423,/benchmark/latency_ms,70.681686
1779198908.469,/benchmark/latency_ms,88.551231
1779198908.516,/benchmark/latency_ms,108.057686
1779198908.563,/benchmark/latency_ms,77.447281
1779198908.611,/benchmark/latency_ms,72.893860
1779198908.654,/benchmark/latency_ms,91.881958
1779198908.699,/benchmark/latency_ms,84.908920
1779198908.748,/benchmark/latency_ms,79.805717
1779198908.804,/benchmark/latency_ms,74.305504
1779198908.841,/benchmark/latency_ms,67.891457
1779198908.887,/benchmark/latency_ms,86.577934
1779198908.932,/benchmark/latency_ms,79.507904
1779198908.976,/benchmark/latency_ms,76.468842
1779198909.022,/benchmark/latency_ms,73.960716
1779198909.067,/benchmark/latency_ms,70.875252
1779198909.116,/benchmark/latency_ms,66.694466
1779198909.157,/benchmark/latency_ms,87.562195
1779198909.203,/benchmark/latency_ms,83.621529
1779198909.248,/benchmark/latency_ms,79.491074
1779198909.293,/benchmark/latency_ms,76.337738
1779198909.338,/benchmark/latency_ms,72.361649
1779198909.383,/benchmark/latency_ms,68.082489
1779198909.426,/benchmark/latency_ms,88.881493
1779198909.474,/benchmark/latency_ms,85.449928
1779198909.519,/benchmark/latency_ms,81.476715
1779198909.564,/benchmark/latency_ms,77.493645
1779198909.608,/benchmark/latency_ms,73.286903
1779198909.654,/benchmark/latency_ms,68.938019
1779198909.699,/benchmark/latency_ms,64.526993
1779198909.757,/benchmark/latency_ms,85.551689
1779198909.792,/benchmark/latency_ms,82.754829
1779198909.836,/benchmark/latency_ms,76.908958
1779198909.882,/benchmark/latency_ms,70.434723
1779198909.930,/benchmark/latency_ms,89.233452
1779198909.976,/benchmark/latency_ms,108.131058
1779198910.019,/benchmark/latency_ms,78.290649
1779198910.080,/benchmark/latency_ms,75.372612
1779198910.115,/benchmark/latency_ms,70.449249
1779198910.161,/benchmark/latency_ms,91.115738
1779198910.207,/benchmark/latency_ms,84.940979
1779198910.254,/benchmark/latency_ms,79.130310
1779198910.302,/benchmark/latency_ms,72.361328
1779198910.344,/benchmark/latency_ms,66.006065
1779198910.391,/benchmark/latency_ms,85.260239
1779198910.436,/benchmark/latency_ms,78.498169
1779198910.481,/benchmark/latency_ms,70.166985
1779198910.526,/benchmark/latency_ms,89.046288
1779198910.572,/benchmark/latency_ms,80.787773
1779198910.615,/benchmark/latency_ms,73.004799
1779198910.663,/benchmark/latency_ms,91.819374
1779198910.708,/benchmark/latency_ms,82.912621
1779198910.753,/benchmark/latency_ms,75.001297
1779198910.798,/benchmark/latency_ms,93.641212
1779198910.846,/benchmark/latency_ms,86.228851
1779198910.893,/benchmark/latency_ms,82.040962
1779198910.937,/benchmark/latency_ms,77.211861
1779198910.986,/benchmark/latency_ms,71.148849
1779198911.031,/benchmark/latency_ms,92.571800
1779198911.079,/benchmark/latency_ms,87.300858
1779198911.123,/benchmark/latency_ms,107.816345
1779198911.168,/benchmark/latency_ms,77.691498
1779198911.216,/benchmark/latency_ms,73.759468
1779198911.262,/benchmark/latency_ms,69.395454
1779198911.312,/benchmark/latency_ms,69.530106
1779198911.359,/benchmark/latency_ms,90.645828
1779198911.405,/benchmark/latency_ms,83.417664
1779198911.463,/benchmark/latency_ms,77.691978
1779198911.510,/benchmark/latency_ms,97.219009
1779198911.544,/benchmark/latency_ms,67.849091
1779198911.590,/benchmark/latency_ms,88.123528
1779198911.640,/benchmark/latency_ms,83.693398
1779198911.684,/benchmark/latency_ms,78.727028
1779198911.729,/benchmark/latency_ms,74.649498
1779198911.775,/benchmark/latency_ms,70.962738
1779198911.834,/benchmark/latency_ms,67.229263
1779198911.868,/benchmark/latency_ms,88.675095
1779198911.914,/benchmark/latency_ms,110.664627
1779198911.966,/benchmark/latency_ms,84.891830
1779198912.019,/benchmark/latency_ms,82.059006
1779198912.054,/benchmark/latency_ms,79.109772
1779198912.101,/benchmark/latency_ms,74.888885
1779198912.147,/benchmark/latency_ms,69.453117
1779198912.193,/benchmark/latency_ms,89.673889
1779198912.239,/benchmark/latency_ms,83.584251
1779198912.284,/benchmark/latency_ms,78.218498
1779198912.328,/benchmark/latency_ms,72.318512
1779198912.375,/benchmark/latency_ms,93.534531
1779198912.436,/benchmark/latency_ms,87.865265
1779198912.467,/benchmark/latency_ms,82.471733
1779198912.513,/benchmark/latency_ms,77.710091
1779198912.558,/benchmark/latency_ms,71.524872
1779198912.604,/benchmark/latency_ms,91.747566
1779198912.653,/benchmark/latency_ms,87.993454
1779198912.697,/benchmark/latency_ms,83.559990
1779198912.743,/benchmark/latency_ms,77.780876
1779198912.803,/benchmark/latency_ms,71.712738
1779198912.846,/benchmark/latency_ms,91.539444
1779198912.880,/benchmark/latency_ms,85.632355
1779198912.927,/benchmark/latency_ms,79.587456
1779198912.971,/benchmark/latency_ms,74.686966
1779198913.017,/benchmark/latency_ms,69.901169
1779198913.063,/benchmark/latency_ms,90.832008
1779198913.109,/benchmark/latency_ms,84.976341
1779198913.165,/benchmark/latency_ms,79.828568
1779198913.201,/benchmark/latency_ms,75.531425
1779198913.249,/benchmark/latency_ms,69.923218
1779198913.294,/benchmark/latency_ms,90.868736
1779198913.351,/benchmark/latency_ms,85.577255
1779198913.385,/benchmark/latency_ms,79.767288
1779198913.431,/benchmark/latency_ms,73.221535
1779198913.476,/benchmark/latency_ms,69.915665
1779198913.522,/benchmark/latency_ms,66.602852
1779198913.569,/benchmark/latency_ms,87.977768
1779198913.615,/benchmark/latency_ms,84.361832
1779198913.659,/benchmark/latency_ms,81.297424
1779198913.705,/benchmark/latency_ms,79.199554
1779198913.751,/benchmark/latency_ms,76.032532
1779198913.798,/benchmark/latency_ms,72.165817
1779198913.844,/benchmark/latency_ms,68.601326
1779198913.888,/benchmark/latency_ms,90.188789
1779198913.936,/benchmark/latency_ms,86.178520
1779198913.980,/benchmark/latency_ms,82.938126
1779198914.039,/benchmark/latency_ms,79.697563
1779198914.071,/benchmark/latency_ms,76.333710
1779198914.117,/benchmark/latency_ms,72.684296
1779198914.164,/benchmark/latency_ms,70.172104
1779198914.210,/benchmark/latency_ms,67.177780
1779198914.255,/benchmark/latency_ms,89.037582
1779198914.312,/benchmark/latency_ms,86.758919
1779198914.350,/benchmark/latency_ms,84.446434
1779198914.394,/benchmark/latency_ms,80.658340
1779198914.436,/benchmark/latency_ms,76.796997
1779198914.487,/benchmark/latency_ms,74.822708
1779198914.545,/benchmark/latency_ms,71.065170
1779198914.580,/benchmark/latency_ms,92.429504
1779198914.629,/benchmark/latency_ms,84.616669
1779198914.673,/benchmark/latency_ms,78.415993
1779198914.729,/benchmark/latency_ms,69.783028
1779198914.762,/benchmark/latency_ms,88.863762
1779198914.807,/benchmark/latency_ms,82.161980
1779198914.852,/benchmark/latency_ms,74.324387
1779198914.899,/benchmark/latency_ms,67.125298
1779198914.944,/benchmark/latency_ms,85.412201
1779198914.985,/benchmark/latency_ms,76.585030
1779198915.033,/benchmark/latency_ms,68.371666
1779198915.077,/benchmark/latency_ms,87.640465
1779198915.123,/benchmark/latency_ms,79.925171
1779198915.182,/benchmark/latency_ms,73.823090
1779198915.216,/benchmark/latency_ms,67.899010
1779198915.260,/benchmark/latency_ms,87.984039
1779198915.319,/benchmark/latency_ms,81.158745
1779198915.351,/benchmark/latency_ms,74.692024
1779198915.400,/benchmark/latency_ms,67.985985
1779198915.440,/benchmark/latency_ms,88.060844
1779198915.500,/benchmark/latency_ms,84.502274
1779198915.536,/benchmark/latency_ms,79.436836
1779198915.580,/benchmark/latency_ms,75.206535
1779198915.626,/benchmark/latency_ms,69.332443
1779198915.672,/benchmark/latency_ms,89.408585
1779198915.730,/benchmark/latency_ms,83.840691
1779198915.763,/benchmark/latency_ms,78.374168
1779198915.808,/benchmark/latency_ms,72.967422
1779198915.854,/benchmark/latency_ms,67.001144
1779198915.902,/benchmark/latency_ms,88.139206
1779198915.944,/benchmark/latency_ms,81.993408
1779198915.990,/benchmark/latency_ms,75.865913
1779198916.035,/benchmark/latency_ms,69.838898
1779198916.093,/benchmark/latency_ms,89.730110
1779198916.127,/benchmark/latency_ms,84.210091
1779198916.173,/benchmark/latency_ms,79.846931
1779198916.218,/benchmark/latency_ms,71.873856
1779198916.264,/benchmark/latency_ms,92.212677
1779198916.310,/benchmark/latency_ms,87.122787
1779198916.369,/benchmark/latency_ms,81.867043
1779198916.402,/benchmark/latency_ms,76.949539
1779198916.459,/benchmark/latency_ms,70.725883
1779198916.493,/benchmark/latency_ms,90.848808
1779198916.543,/benchmark/latency_ms,87.298653
1779198916.589,/benchmark/latency_ms,83.780792
1779198916.636,/benchmark/latency_ms,81.786438
1779198916.682,/benchmark/latency_ms,76.793762
1779198916.725,/benchmark/latency_ms,72.750664
1779198916.770,/benchmark/latency_ms,67.680168
1779198916.815,/benchmark/latency_ms,87.196381
1779198916.860,/benchmark/latency_ms,82.474388
1779198916.906,/benchmark/latency_ms,78.730034
1779198916.951,/benchmark/latency_ms,98.586212
1779198917.000,/benchmark/latency_ms,71.337677
1779198917.046,/benchmark/latency_ms,91.506966
1779198917.091,/benchmark/latency_ms,83.780373
1779198917.139,/benchmark/latency_ms,76.261040
1779198917.182,/benchmark/latency_ms,69.707764
1779198917.228,/benchmark/latency_ms,88.843864
1779198917.273,/benchmark/latency_ms,80.017746
1779198917.318,/benchmark/latency_ms,72.650665
1779198917.365,/benchmark/latency_ms,91.321655
1779198917.421,/benchmark/latency_ms,84.475845
1779198917.456,/benchmark/latency_ms,76.999260
1779198917.500,/benchmark/latency_ms,69.051208
1779198917.546,/benchmark/latency_ms,88.526588
1779198917.592,/benchmark/latency_ms,80.619110
1779198917.636,/benchmark/latency_ms,72.866211
1779198917.681,/benchmark/latency_ms,91.153755
1779198917.724,/benchmark/latency_ms,83.839088
1779198917.774,/benchmark/latency_ms,77.771629
1779198917.818,/benchmark/latency_ms,69.600891
1779198917.863,/benchmark/latency_ms,87.604378
1779198917.909,/benchmark/latency_ms,79.111847
1779198917.953,/benchmark/latency_ms,71.827454
1779198917.998,/benchmark/latency_ms,90.602699
1779198918.046,/benchmark/latency_ms,83.893745
1779198918.089,/benchmark/latency_ms,76.489899
1779198918.133,/benchmark/latency_ms,68.926949
1779198918.181,/benchmark/latency_ms,87.761551
1779198918.226,/benchmark/latency_ms,79.439972
1779198918.271,/benchmark/latency_ms,71.487595
1779198918.315,/benchmark/latency_ms,90.572586
1779198918.360,/benchmark/latency_ms,80.012215
1779198918.406,/benchmark/latency_ms,73.047775
1779198918.452,/benchmark/latency_ms,93.138283
1779198918.508,/benchmark/latency_ms,84.431976
1779198918.543,/benchmark/latency_ms,76.202225
1779198918.588,/benchmark/latency_ms,67.417839
1779198918.632,/benchmark/latency_ms,86.725288
1779198918.690,/benchmark/latency_ms,79.338562
1779198918.724,/benchmark/latency_ms,71.694656
1779198918.769,/benchmark/latency_ms,90.354095
1779198918.815,/benchmark/latency_ms,82.578964
1779198918.859,/benchmark/latency_ms,74.723221
1779198918.904,/benchmark/latency_ms,93.241127
1779198918.950,/benchmark/latency_ms,85.073494
1779198918.996,/benchmark/latency_ms,77.528595
1779198919.040,/benchmark/latency_ms,69.518715
1779198919.096,/benchmark/latency_ms,88.542366
1779198919.131,/benchmark/latency_ms,80.797218
1779198919.176,/benchmark/latency_ms,71.586212
1779198919.221,/benchmark/latency_ms,90.476524
1779198919.277,/benchmark/latency_ms,82.921097
1779198919.314,/benchmark/latency_ms,78.120995
1779198919.359,/benchmark/latency_ms,70.608513
1779198919.403,/benchmark/latency_ms,89.327240
1779198919.450,/benchmark/latency_ms,82.028831
1779198919.496,/benchmark/latency_ms,74.686043
1779198919.540,/benchmark/latency_ms,69.831856
1779198919.601,/benchmark/latency_ms,91.611572
1779198919.634,/benchmark/latency_ms,86.197464
1779198919.680,/benchmark/latency_ms,79.944214
1779198919.728,/benchmark/latency_ms,74.357758
1779198919.780,/benchmark/latency_ms,70.777214
1779198919.821,/benchmark/latency_ms,67.661797
1779198919.866,/benchmark/latency_ms,88.981972
1779198919.927,/benchmark/latency_ms,85.323090
1779198919.964,/benchmark/latency_ms,85.196854
1779198920.021,/benchmark/latency_ms,81.175797
1779198920.056,/benchmark/latency_ms,78.734802
1779198920.103,/benchmark/latency_ms,75.313766
1779198920.151,/benchmark/latency_ms,72.631500
1779198920.214,/benchmark/latency_ms,72.823364
1779198920.249,/benchmark/latency_ms,69.435257
1779198920.296,/benchmark/latency_ms,90.413231
1779198920.345,/benchmark/latency_ms,83.674583
1779198920.388,/benchmark/latency_ms,78.854095
1779198920.435,/benchmark/latency_ms,75.986389
1779198920.480,/benchmark/latency_ms,71.331406
1779198920.524,/benchmark/latency_ms,90.389519
1779198920.571,/benchmark/latency_ms,83.272705
1779198920.617,/benchmark/latency_ms,76.898720
1779198920.673,/benchmark/latency_ms,71.997276
1779198920.707,/benchmark/latency_ms,90.089180
1779198920.765,/benchmark/latency_ms,82.282234
1779198920.797,/benchmark/latency_ms,74.264008
1779198920.843,/benchmark/latency_ms,66.234184
1779198920.887,/benchmark/latency_ms,84.838875
1779198920.933,/benchmark/latency_ms,78.528572
1779198920.982,/benchmark/latency_ms,72.000793
1779198921.036,/benchmark/latency_ms,66.815643
1779198921.073,/benchmark/latency_ms,87.900589
1779198921.117,/benchmark/latency_ms,82.992393
1779198921.163,/benchmark/latency_ms,77.740944
1779198921.210,/benchmark/latency_ms,97.247459
1779198921.254,/benchmark/latency_ms,68.695053
1779198921.302,/benchmark/latency_ms,65.370750
1779198921.346,/benchmark/latency_ms,87.581497
1779198921.398,/benchmark/latency_ms,84.769180
1779198921.439,/benchmark/latency_ms,81.022041
1779198921.484,/benchmark/latency_ms,77.780785
1779198921.530,/benchmark/latency_ms,73.647728
1779198921.586,/benchmark/latency_ms,69.161057
1779198921.618,/benchmark/latency_ms,88.921715
1779198921.664,/benchmark/latency_ms,85.990273
1779198921.710,/benchmark/latency_ms,82.635475
1779198921.756,/benchmark/latency_ms,79.201767
1779198921.811,/benchmark/latency_ms,74.270821
1779198921.845,/benchmark/latency_ms,68.642738
1779198921.890,/benchmark/latency_ms,87.442680
1779198921.938,/benchmark/latency_ms,80.958977
1779198921.981,/benchmark/latency_ms,74.602783
1779198922.023,/benchmark/latency_ms,67.374733
1779198922.069,/benchmark/latency_ms,86.400246
1779198922.115,/benchmark/latency_ms,79.706650
1779198922.157,/benchmark/latency_ms,74.020874
1779198922.201,/benchmark/latency_ms,66.893692
1779198922.246,/benchmark/latency_ms,86.106239
1779198922.291,/benchmark/latency_ms,78.864494
1779198922.337,/benchmark/latency_ms,73.267578
1779198922.380,/benchmark/latency_ms,66.632576
1779198922.428,/benchmark/latency_ms,86.678574
1779198922.483,/benchmark/latency_ms,79.776634
1779198922.517,/benchmark/latency_ms,72.516014
1779198922.561,/benchmark/latency_ms,65.287460
1779198922.604,/benchmark/latency_ms,83.719223
1779198922.648,/benchmark/latency_ms,78.103142
1779198922.693,/benchmark/latency_ms,70.817879
1779198922.738,/benchmark/latency_ms,64.717682
1779198922.783,/benchmark/latency_ms,84.381897
1779198922.827,/benchmark/latency_ms,78.956909
1779198922.874,/benchmark/latency_ms,72.675049
1779198922.917,/benchmark/latency_ms,91.730896
1779198922.961,/benchmark/latency_ms,82.754768
1779198923.006,/benchmark/latency_ms,77.013664
1779198923.054,/benchmark/latency_ms,73.241211
1779198923.097,/benchmark/latency_ms,67.477036
1779198923.143,/benchmark/latency_ms,85.858246
1779198923.202,/benchmark/latency_ms,82.586098
1779198923.234,/benchmark/latency_ms,79.125389
1779198923.279,/benchmark/latency_ms,75.207504
1779198923.327,/benchmark/latency_ms,70.520798
1779198923.369,/benchmark/latency_ms,66.754433
1779198923.415,/benchmark/latency_ms,88.331108
1779198923.463,/benchmark/latency_ms,85.399345
1779198923.509,/benchmark/latency_ms,79.468353
1779198923.553,/benchmark/latency_ms,72.094780
1779198923.599,/benchmark/latency_ms,91.662292
1779198923.645,/benchmark/latency_ms,86.822632
1779198923.688,/benchmark/latency_ms,82.677269
1779198923.747,/benchmark/latency_ms,78.206848
1779198923.781,/benchmark/latency_ms,73.888077
1779198923.827,/benchmark/latency_ms,69.768471
1779198923.870,/benchmark/latency_ms,65.734680
1779198923.917,/benchmark/latency_ms,87.711700
1779198923.965,/benchmark/latency_ms,84.881119
1779198924.009,/benchmark/latency_ms,77.670990
1779198924.055,/benchmark/latency_ms,71.706276
1779198924.098,/benchmark/latency_ms,67.613228
1779198924.145,/benchmark/latency_ms,89.559044
1779198924.193,/benchmark/latency_ms,87.089058
1779198924.238,/benchmark/latency_ms,80.853889
1779198924.286,/benchmark/latency_ms,73.686455
1779198924.331,/benchmark/latency_ms,68.921356
1779198924.375,/benchmark/latency_ms,65.545532
1779198924.424,/benchmark/latency_ms,87.337410
1779198924.467,/benchmark/latency_ms,83.709595
1779198924.514,/benchmark/latency_ms,80.101334
1779198924.558,/benchmark/latency_ms,75.298088
1779198924.604,/benchmark/latency_ms,72.414932
1779198924.650,/benchmark/latency_ms,67.885925
1779198924.695,/benchmark/latency_ms,89.141556
1779198924.741,/benchmark/latency_ms,84.024757
1779198924.789,/benchmark/latency_ms,78.720085
1779198924.834,/benchmark/latency_ms,73.415833
1779198924.881,/benchmark/latency_ms,68.688911
1779198924.926,/benchmark/latency_ms,88.330627
1779198924.982,/benchmark/latency_ms,81.556816
1779198925.014,/benchmark/latency_ms,75.027473
1779198925.058,/benchmark/latency_ms,67.586571
1779198925.105,/benchmark/latency_ms,87.271332
1779198925.151,/benchmark/latency_ms,82.395164
1779198925.195,/benchmark/latency_ms,76.492111
1779198925.240,/benchmark/latency_ms,70.347305
1779198925.287,/benchmark/latency_ms,88.073418
1779198925.328,/benchmark/latency_ms,81.158073
1779198925.375,/benchmark/latency_ms,74.574905
1779198925.433,/benchmark/latency_ms,69.143425
1779198925.466,/benchmark/latency_ms,90.461586
1779198925.523,/benchmark/latency_ms,83.876434
1779198925.556,/benchmark/latency_ms,77.282806
1779198925.605,/benchmark/latency_ms,70.918106
1779198925.645,/benchmark/latency_ms,90.257942
1779198925.689,/benchmark/latency_ms,82.899216
1779198925.734,/benchmark/latency_ms,76.127640
1779198925.778,/benchmark/latency_ms,69.180832
1779198925.823,/benchmark/latency_ms,88.521698
1779198925.872,/benchmark/latency_ms,83.842163
1779198925.916,/benchmark/latency_ms,77.528084
1779198925.960,/benchmark/latency_ms,97.750206
1779198926.011,/benchmark/latency_ms,66.710052
1779198926.060,/benchmark/latency_ms,86.706093
1779198926.104,/benchmark/latency_ms,81.074524
1779198926.149,/benchmark/latency_ms,76.634888
1779198926.195,/benchmark/latency_ms,71.835236
1779198926.241,/benchmark/latency_ms,67.513710
1779198926.289,/benchmark/latency_ms,89.397453
1779198926.335,/benchmark/latency_ms,85.225304
1779198926.381,/benchmark/latency_ms,78.773331
1779198926.428,/benchmark/latency_ms,72.472366
1779198926.472,/benchmark/latency_ms,67.663818
1779198926.519,/benchmark/latency_ms,88.638306
1779198926.565,/benchmark/latency_ms,83.395363
1779198926.614,/benchmark/latency_ms,78.030411
1779198926.657,/benchmark/latency_ms,73.770256
1779198926.699,/benchmark/latency_ms,68.384987
1779198926.745,/benchmark/latency_ms,88.413734
1779198926.791,/benchmark/latency_ms,108.425362
1779198926.837,/benchmark/latency_ms,77.218460
1779198926.885,/benchmark/latency_ms,69.872658
1779198926.930,/benchmark/latency_ms,86.865326
1779198926.974,/benchmark/latency_ms,77.814766
1779198927.020,/benchmark/latency_ms,68.852943
1779198927.076,/benchmark/latency_ms,86.628082
1779198927.109,/benchmark/latency_ms,77.772049
1779198927.151,/benchmark/latency_ms,68.582611
1779198927.195,/benchmark/latency_ms,86.116768
1779198927.239,/benchmark/latency_ms,77.625298
1779198927.287,/benchmark/latency_ms,68.152763
1779198927.328,/benchmark/latency_ms,85.888802
1779198927.372,/benchmark/latency_ms,77.297531
1779198927.416,/benchmark/latency_ms,69.064934
1779198927.461,/benchmark/latency_ms,87.123558
1779198927.506,/benchmark/latency_ms,78.749237
1779198927.550,/benchmark/latency_ms,70.412582
1779198927.594,/benchmark/latency_ms,88.202568
1779198927.641,/benchmark/latency_ms,79.732506
1779198927.685,/benchmark/latency_ms,71.470345
1779198927.730,/benchmark/latency_ms,90.144279
1779198927.779,/benchmark/latency_ms,81.569778
1779198927.817,/benchmark/latency_ms,73.393753
1779198927.862,/benchmark/latency_ms,91.775955
1779198927.906,/benchmark/latency_ms,83.742134
1779198927.963,/benchmark/latency_ms,75.962906
1779198927.997,/benchmark/latency_ms,68.000610
1779198928.053,/benchmark/latency_ms,85.951073
1779198928.085,/benchmark/latency_ms,78.195297
1779198928.130,/benchmark/latency_ms,70.137962
1779198928.176,/benchmark/latency_ms,88.614525
1779198928.219,/benchmark/latency_ms,79.694908
1779198928.265,/benchmark/latency_ms,71.711395
1779198928.310,/benchmark/latency_ms,90.236694
1779198928.353,/benchmark/latency_ms,81.871368
1779198928.397,/benchmark/latency_ms,72.788361
1779198928.442,/benchmark/latency_ms,90.223862
1779198928.499,/benchmark/latency_ms,82.006790
1779198928.531,/benchmark/latency_ms,73.766098
1779198928.576,/benchmark/latency_ms,65.756088
1779198928.620,/benchmark/latency_ms,83.369247
1779198928.678,/benchmark/latency_ms,76.666634
1779198928.709,/benchmark/latency_ms,68.902184
1779198928.754,/benchmark/latency_ms,87.176483
1779198928.801,/benchmark/latency_ms,78.367554
1779198928.843,/benchmark/latency_ms,70.093552
1779198928.888,/benchmark/latency_ms,88.629021
1779198928.946,/benchmark/latency_ms,80.722183
1779198928.977,/benchmark/latency_ms,72.353203
1779198929.022,/benchmark/latency_ms,91.059395
1779198929.066,/benchmark/latency_ms,82.373116
1779198929.116,/benchmark/latency_ms,74.047501
1779198929.159,/benchmark/latency_ms,91.804916
1779198929.203,/benchmark/latency_ms,83.415649
1779198929.246,/benchmark/latency_ms,74.315781
1779198929.291,/benchmark/latency_ms,92.491455
1779198929.349,/benchmark/latency_ms,84.371559
1779198929.382,/benchmark/latency_ms,75.888092
1779198929.425,/benchmark/latency_ms,67.394608
1779198929.469,/benchmark/latency_ms,84.991447
1779198929.526,/benchmark/latency_ms,76.762314
1779198929.558,/benchmark/latency_ms,68.463348
1779198929.604,/benchmark/latency_ms,87.074791
1779198929.651,/benchmark/latency_ms,78.782135
1779198929.694,/benchmark/latency_ms,70.631905
1779198929.739,/benchmark/latency_ms,89.346382
1779198929.793,/benchmark/latency_ms,67.068855
1779198929.839,/benchmark/latency_ms,85.645416
1779198929.882,/benchmark/latency_ms,77.171577
1779198929.928,/benchmark/latency_ms,68.781265
1779198929.973,/benchmark/latency_ms,87.005997
1779198930.016,/benchmark/latency_ms,79.094734
1779198930.063,/benchmark/latency_ms,70.997307
1779198930.105,/benchmark/latency_ms,89.348656
1779198930.150,/benchmark/latency_ms,81.361015
1779198930.196,/benchmark/latency_ms,73.554008
1779198930.241,/benchmark/latency_ms,92.349991
1779198930.291,/benchmark/latency_ms,84.343437
1779198930.327,/benchmark/latency_ms,74.877556
1779198930.373,/benchmark/latency_ms,66.816223
1779198930.429,/benchmark/latency_ms,85.282227
1779198930.464,/benchmark/latency_ms,76.970566
1779198930.507,/benchmark/latency_ms,67.087639
1779198930.552,/benchmark/latency_ms,85.346130
1779198930.596,/benchmark/latency_ms,77.430359
1779198930.652,/benchmark/latency_ms,68.893707
1779198930.687,/benchmark/latency_ms,86.825806
1779198930.741,/benchmark/latency_ms,78.270851
1779198930.775,/benchmark/latency_ms,69.953300
1779198930.821,/benchmark/latency_ms,88.909500
1779198930.865,/benchmark/latency_ms,81.275063
1779198930.909,/benchmark/latency_ms,72.990601
1779198930.954,/benchmark/latency_ms,91.201347
1779198931.011,/benchmark/latency_ms,82.990250
1779198931.043,/benchmark/latency_ms,74.934036
1779198931.088,/benchmark/latency_ms,67.439407
1779198931.139,/benchmark/latency_ms,64.119202
1779198931.182,/benchmark/latency_ms,83.144875
1779198931.227,/benchmark/latency_ms,76.727531
1779198931.270,/benchmark/latency_ms,71.158966
1779198931.326,/benchmark/latency_ms,90.915207
1779198931.374,/benchmark/latency_ms,85.474770
1779198931.409,/benchmark/latency_ms,77.542130
1779198931.453,/benchmark/latency_ms,70.458023
1779198931.499,/benchmark/latency_ms,90.639984
1779198931.556,/benchmark/latency_ms,85.012573
1779198931.591,/benchmark/latency_ms,79.027283
1779198931.651,/benchmark/latency_ms,74.052078
1779198931.681,/benchmark/latency_ms,68.655823
1779198931.739,/benchmark/latency_ms,89.347054
1779198931.772,/benchmark/latency_ms,82.172417
1779198931.819,/benchmark/latency_ms,76.266869
1779198931.864,/benchmark/latency_ms,70.228813
1779198931.905,/benchmark/latency_ms,89.856194
1779198931.953,/benchmark/latency_ms,84.917824
1779198931.998,/benchmark/latency_ms,82.406296
1779198932.043,/benchmark/latency_ms,78.056679
1779198932.099,/benchmark/latency_ms,73.794128
1779198932.134,/benchmark/latency_ms,69.416161
1779198932.179,/benchmark/latency_ms,64.806580
1779198932.223,/benchmark/latency_ms,86.333015
1779198932.279,/benchmark/latency_ms,82.671608
1779198932.314,/benchmark/latency_ms,79.060112
1779198932.359,/benchmark/latency_ms,74.470978
1779198932.404,/benchmark/latency_ms,70.302956
1779198932.460,/benchmark/latency_ms,65.669373
1779198932.495,/benchmark/latency_ms,86.681778
1779198932.553,/benchmark/latency_ms,82.921776
1779198932.587,/benchmark/latency_ms,78.132614
1779198932.633,/benchmark/latency_ms,74.585373
1779198932.689,/benchmark/latency_ms,70.428490
1779198932.722,/benchmark/latency_ms,66.080048
1779198932.767,/benchmark/latency_ms,86.852875
1779198932.814,/benchmark/latency_ms,82.739761
1779198932.859,/benchmark/latency_ms,78.668121
1779198932.903,/benchmark/latency_ms,74.164780
1779198932.948,/benchmark/latency_ms,70.303047
1779198932.993,/benchmark/latency_ms,66.035477
1779198933.040,/benchmark/latency_ms,87.181412
1779198933.084,/benchmark/latency_ms,83.406662
1779198933.129,/benchmark/latency_ms,78.966995
1779198933.174,/benchmark/latency_ms,74.410400
1779198933.219,/benchmark/latency_ms,70.409798
1779198933.265,/benchmark/latency_ms,66.172142
1779198933.312,/benchmark/latency_ms,87.450752
1779198933.355,/benchmark/latency_ms,83.329735
1779198933.401,/benchmark/latency_ms,79.555328
1779198933.447,/benchmark/latency_ms,75.391815
1779198933.504,/benchmark/latency_ms,70.593376
1779198933.537,/benchmark/latency_ms,66.132339
1779198933.581,/benchmark/latency_ms,86.952171
1779198933.629,/benchmark/latency_ms,84.453964
1779198933.673,/benchmark/latency_ms,80.146233
1779198933.718,/benchmark/latency_ms,76.095573
1779198933.763,/benchmark/latency_ms,71.002396
1779198933.811,/benchmark/latency_ms,66.804253
1779198933.853,/benchmark/latency_ms,88.324646
1779198933.899,/benchmark/latency_ms,84.815842
1779198933.943,/benchmark/latency_ms,80.504936
1779198933.990,/benchmark/latency_ms,76.905640
1779198934.036,/benchmark/latency_ms,72.906380
1779198934.081,/benchmark/latency_ms,67.976707
1779198934.128,/benchmark/latency_ms,89.219536
1779198934.171,/benchmark/latency_ms,84.237389
1779198934.216,/benchmark/latency_ms,78.216064
1779198934.263,/benchmark/latency_ms,71.597481
1779198934.312,/benchmark/latency_ms,92.340675
1779198934.355,/benchmark/latency_ms,86.381432
1779198934.403,/benchmark/latency_ms,82.982445
1779198934.449,/benchmark/latency_ms,77.080704
1779198934.495,/benchmark/latency_ms,70.813179
1779198934.541,/benchmark/latency_ms,90.991875
1779198934.587,/benchmark/latency_ms,84.268173
1779198934.633,/benchmark/latency_ms,78.520386
1779198934.678,/benchmark/latency_ms,71.698212
1779198934.724,/benchmark/latency_ms,92.183945
1779198934.770,/benchmark/latency_ms,86.483604
1779198934.817,/benchmark/latency_ms,80.715652
1779198934.861,/benchmark/latency_ms,74.673920
1779198934.908,/benchmark/latency_ms,68.894798
1779198934.954,/benchmark/latency_ms,88.978615
1779198935.010,/benchmark/latency_ms,83.017258
1779198935.044,/benchmark/latency_ms,77.548691
1779198935.089,/benchmark/latency_ms,71.140343
1779198935.136,/benchmark/latency_ms,91.372063
1779198935.179,/benchmark/latency_ms,84.866173
1779198935.225,/benchmark/latency_ms,78.687386
1779198935.270,/benchmark/latency_ms,72.436882
1779198935.316,/benchmark/latency_ms,93.078293
1779198935.364,/benchmark/latency_ms,87.522171
1779198935.406,/benchmark/latency_ms,81.249756
1779198935.453,/benchmark/latency_ms,74.322762
1779198935.499,/benchmark/latency_ms,68.361725
1779198935.546,/benchmark/latency_ms,88.435081
1779198935.590,/benchmark/latency_ms,80.886627
1779198935.635,/benchmark/latency_ms,75.341644
1779198935.681,/benchmark/latency_ms,68.681328
1779198935.727,/benchmark/latency_ms,89.027252
1779198935.773,/benchmark/latency_ms,82.721497
1779198935.820,/benchmark/latency_ms,76.920776
1779198935.863,/benchmark/latency_ms,70.181900
1779198935.911,/benchmark/latency_ms,68.171295
1779198935.957,/benchmark/latency_ms,89.427948
1779198936.002,/benchmark/latency_ms,83.659966
1779198936.046,/benchmark/latency_ms,77.091713
1779198936.091,/benchmark/latency_ms,70.621025
1779198936.134,/benchmark/latency_ms,64.673523
1779198936.180,/benchmark/latency_ms,83.477829
1779198936.226,/benchmark/latency_ms,75.373070
1779198936.269,/benchmark/latency_ms,68.429367
1779198936.312,/benchmark/latency_ms,87.192490
1779198936.358,/benchmark/latency_ms,79.750145
1779198936.402,/benchmark/latency_ms,72.462097
1779198936.446,/benchmark/latency_ms,65.347107
1779198936.490,/benchmark/latency_ms,84.330505
1779198936.532,/benchmark/latency_ms,77.551384
1779198936.576,/benchmark/latency_ms,70.663811
1779198936.622,/benchmark/latency_ms,89.146835
1779198936.666,/benchmark/latency_ms,82.350845
1779198936.710,/benchmark/latency_ms,75.115730
1779198936.752,/benchmark/latency_ms,68.152481
1779198936.796,/benchmark/latency_ms,87.009964
1779198936.841,/benchmark/latency_ms,79.956093
1779198936.885,/benchmark/latency_ms,74.089867
1779198936.931,/benchmark/latency_ms,67.118614
1779198936.976,/benchmark/latency_ms,85.830856
1779198937.020,/benchmark/latency_ms,79.025742
1779198937.078,/benchmark/latency_ms,72.002914
1779198937.111,/benchmark/latency_ms,65.136780
1779198937.154,/benchmark/latency_ms,84.685638
1779198937.199,/benchmark/latency_ms,77.905037
1779198937.243,/benchmark/latency_ms,70.896568
1779198937.287,/benchmark/latency_ms,89.311890
1779198937.332,/benchmark/latency_ms,81.992615
1779198937.389,/benchmark/latency_ms,74.865692
1779198937.435,/benchmark/latency_ms,67.736137
1779198937.465,/benchmark/latency_ms,86.343292
1779198937.509,/benchmark/latency_ms,79.455750
1779198937.567,/benchmark/latency_ms,72.781937
1779198937.598,/benchmark/latency_ms,66.241295
1779198937.642,/benchmark/latency_ms,84.726952
1779198937.697,/benchmark/latency_ms,77.561302
1779198937.742,/benchmark/latency_ms,70.525154
1779198937.775,/benchmark/latency_ms,89.786087
1779198937.821,/benchmark/latency_ms,83.773308
1779198937.863,/benchmark/latency_ms,77.108223
1779198937.911,/benchmark/latency_ms,70.369835
1779198937.963,/benchmark/latency_ms,89.538956
1779198937.999,/benchmark/latency_ms,84.115791
1779198938.042,/benchmark/latency_ms,77.082336
1779198938.089,/benchmark/latency_ms,71.622505
1779198938.138,/benchmark/latency_ms,68.437210
1779198938.181,/benchmark/latency_ms,87.979347
1779198938.224,/benchmark/latency_ms,79.930489
1779198938.268,/benchmark/latency_ms,72.558479
1779198938.313,/benchmark/latency_ms,65.421028
1779198938.368,/benchmark/latency_ms,84.284912
1779198938.404,/benchmark/latency_ms,77.800591
1779198938.446,/benchmark/latency_ms,70.473221
1779198938.491,/benchmark/latency_ms,89.056984
1779198938.535,/benchmark/latency_ms,81.980965
1779198938.579,/benchmark/latency_ms,76.426102
1779198938.625,/benchmark/latency_ms,69.614235
1779198938.668,/benchmark/latency_ms,88.416901
1779198938.712,/benchmark/latency_ms,82.404541
1779198938.757,/benchmark/latency_ms,75.989120
1779198938.804,/benchmark/latency_ms,70.577728
1779198938.847,/benchmark/latency_ms,65.513535
1779198938.896,/benchmark/latency_ms,86.422073
1779198938.939,/benchmark/latency_ms,82.266785
1779198938.984,/benchmark/latency_ms,78.275398
1779198939.041,/benchmark/latency_ms,74.068207
1779198939.075,/benchmark/latency_ms,69.420738
1779198939.130,/benchmark/latency_ms,65.165771
1779198939.164,/benchmark/latency_ms,86.594711
1779198939.209,/benchmark/latency_ms,82.516731
1779198939.254,/benchmark/latency_ms,78.343391
1779198939.313,/benchmark/latency_ms,74.129417
1779198939.344,/benchmark/latency_ms,70.132431
1779198939.389,/benchmark/latency_ms,65.801529
1779198939.434,/benchmark/latency_ms,86.774803
1779198939.480,/benchmark/latency_ms,82.884018
1779198939.525,/benchmark/latency_ms,78.057320
1779198939.568,/benchmark/latency_ms,74.281448
1779198939.613,/benchmark/latency_ms,70.353645
1779198939.661,/benchmark/latency_ms,65.768921
1779198939.704,/benchmark/latency_ms,87.069420
1779198939.753,/benchmark/latency_ms,83.425797
1779198939.813,/benchmark/latency_ms,78.816154
1779198939.844,/benchmark/latency_ms,74.465988
1779198939.889,/benchmark/latency_ms,70.241898
1779198939.946,/benchmark/latency_ms,66.311211
1779198939.978,/benchmark/latency_ms,87.603836
1779198940.024,/benchmark/latency_ms,84.006104
1779198940.081,/benchmark/latency_ms,79.889275
1779198940.125,/benchmark/latency_ms,75.830338
1779198940.162,/benchmark/latency_ms,71.436432
1779198940.205,/benchmark/latency_ms,67.487091
1779198940.250,/benchmark/latency_ms,88.259407
1779198940.298,/benchmark/latency_ms,84.448296
1779198940.341,/benchmark/latency_ms,80.109688
1779198940.389,/benchmark/latency_ms,76.986755
1779198940.445,/benchmark/latency_ms,72.794830
1779198940.479,/benchmark/latency_ms,70.122543
1779198940.526,/benchmark/latency_ms,89.971268
1779198940.571,/benchmark/latency_ms,81.941513
1779198940.615,/benchmark/latency_ms,74.532707
1779198940.660,/benchmark/latency_ms,66.548485
1779198940.705,/benchmark/latency_ms,85.343224
1779198940.750,/benchmark/latency_ms,77.496315
1779198940.797,/benchmark/latency_ms,70.550438
1779198940.841,/benchmark/latency_ms,89.507530
1779198940.886,/benchmark/latency_ms,81.616211
1779198940.930,/benchmark/latency_ms,73.865974
1779198940.987,/benchmark/latency_ms,91.516510
1779198941.020,/benchmark/latency_ms,83.618591
1779198941.064,/benchmark/latency_ms,75.170197
1779198941.111,/benchmark/latency_ms,67.837357
1779198941.167,/benchmark/latency_ms,86.011971
1779198941.197,/benchmark/latency_ms,77.083527
1779198941.244,/benchmark/latency_ms,93.855934
1779198941.289,/benchmark/latency_ms,85.695625
1779198941.343,/benchmark/latency_ms,79.835518
1779198941.377,/benchmark/latency_ms,73.655510
1779198941.421,/benchmark/latency_ms,67.473938
1779198941.469,/benchmark/latency_ms,64.393532
1779198941.513,/benchmark/latency_ms,83.759071
1779198941.557,/benchmark/latency_ms,77.883026
1779198941.602,/benchmark/latency_ms,72.206589
1779198941.651,/benchmark/latency_ms,67.979111
1779198941.695,/benchmark/latency_ms,65.319977
1779198941.743,/benchmark/latency_ms,87.288551
1779198941.788,/benchmark/latency_ms,85.569008
1779198941.834,/benchmark/latency_ms,82.363297
1779198941.880,/benchmark/latency_ms,77.843155
1779198941.923,/benchmark/latency_ms,71.242065
1779198941.969,/benchmark/latency_ms,65.535461
1779198942.014,/benchmark/latency_ms,85.349747
1779198942.059,/benchmark/latency_ms,79.623878
1779198942.103,/benchmark/latency_ms,72.939339
1779198942.151,/benchmark/latency_ms,67.411186
1779198942.195,/benchmark/latency_ms,87.849915
1779198942.242,/benchmark/latency_ms,84.353165
1779198942.287,/benchmark/latency_ms,80.238258
1779198942.330,/benchmark/latency_ms,76.564499
1779198942.377,/benchmark/latency_ms,72.990250
1779198942.421,/benchmark/latency_ms,69.617920
1779198942.466,/benchmark/latency_ms,65.940636
1779198942.513,/benchmark/latency_ms,86.976585
1779198942.558,/benchmark/latency_ms,84.212372
1779198942.605,/benchmark/latency_ms,80.949280
1779198942.650,/benchmark/latency_ms,78.934738
1779198942.695,/benchmark/latency_ms,75.117233
1779198942.742,/benchmark/latency_ms,71.929283
1779198942.787,/benchmark/latency_ms,68.333656
1779198942.844,/benchmark/latency_ms,88.732895
1779198942.878,/benchmark/latency_ms,85.374229
1779198942.923,/benchmark/latency_ms,82.623932
1779198942.969,/benchmark/latency_ms,79.021584
1779198943.014,/benchmark/latency_ms,75.216339
1779198943.058,/benchmark/latency_ms,70.912666
1779198943.104,/benchmark/latency_ms,67.495796
1779198943.151,/benchmark/latency_ms,88.405869
1779198943.194,/benchmark/latency_ms,85.206238
1779198943.241,/benchmark/latency_ms,81.502419
1779198943.285,/benchmark/latency_ms,77.114433
1779198943.341,/benchmark/latency_ms,73.680374
1779198943.376,/benchmark/latency_ms,71.618637
1779198943.424,/benchmark/latency_ms,69.318146
1779198943.480,/benchmark/latency_ms,66.379532
1779198943.514,/benchmark/latency_ms,87.662270
1779198943.559,/benchmark/latency_ms,83.340134
1779198943.607,/benchmark/latency_ms,75.595436
1779198943.661,/benchmark/latency_ms,68.712433
1779198943.697,/benchmark/latency_ms,88.236305
1779198943.742,/benchmark/latency_ms,83.165070
1779198943.788,/benchmark/latency_ms,78.072166
1779198943.835,/benchmark/latency_ms,71.406227
1779198943.879,/benchmark/latency_ms,91.647003
1779198943.938,/benchmark/latency_ms,86.820625
1779198943.971,/benchmark/latency_ms,80.953987
1779198944.016,/benchmark/latency_ms,75.324944
1779198944.061,/benchmark/latency_ms,68.802933
1779198944.110,/benchmark/latency_ms,88.694244
1779198944.153,/benchmark/latency_ms,81.178078
1779198944.199,/benchmark/latency_ms,75.967072
1779198944.243,/benchmark/latency_ms,69.522049
1779198944.290,/benchmark/latency_ms,90.162399
1779198944.334,/benchmark/latency_ms,84.571846
1779198944.381,/benchmark/latency_ms,79.712067
1779198944.427,/benchmark/latency_ms,75.265717
1779198944.471,/benchmark/latency_ms,68.624313
1779198944.516,/benchmark/latency_ms,88.593094
1779198944.562,/benchmark/latency_ms,82.723061
1779198944.608,/benchmark/latency_ms,77.312256
1779198944.654,/benchmark/latency_ms,71.221817
1779198944.699,/benchmark/latency_ms,90.888016
1779198944.745,/benchmark/latency_ms,85.815178
1779198944.791,/benchmark/latency_ms,80.592239
1779198944.835,/benchmark/latency_ms,75.256241
1779198944.880,/benchmark/latency_ms,68.747505
1779198944.938,/benchmark/latency_ms,89.488235
1779198944.971,/benchmark/latency_ms,82.734100
1779198945.016,/benchmark/latency_ms,76.817863
1779198945.060,/benchmark/latency_ms,69.871605
1779198945.108,/benchmark/latency_ms,89.393105
1779198945.151,/benchmark/latency_ms,80.236725
1779198945.195,/benchmark/latency_ms,71.869186
1779198945.252,/benchmark/latency_ms,90.018051
1779198945.287,/benchmark/latency_ms,81.420891
1779198945.327,/benchmark/latency_ms,71.295959
1779198945.372,/benchmark/latency_ms,89.722252
1779198945.417,/benchmark/latency_ms,81.449364
1779198945.463,/benchmark/latency_ms,72.531448
1779198945.508,/benchmark/latency_ms,91.181000
1779198945.551,/benchmark/latency_ms,81.736786
1779198945.597,/benchmark/latency_ms,73.905426
1779198945.642,/benchmark/latency_ms,92.692131
1779198945.682,/benchmark/latency_ms,84.217972
1779198945.730,/benchmark/latency_ms,73.768661
1779198945.777,/benchmark/latency_ms,91.225990
1779198945.818,/benchmark/latency_ms,83.214058
1779198945.875,/benchmark/latency_ms,75.571495
1779198945.908,/benchmark/latency_ms,66.639946
1779198945.954,/benchmark/latency_ms,85.213432
1779198945.997,/benchmark/latency_ms,101.840157
1779198946.042,/benchmark/latency_ms,66.953789
1779198946.085,/benchmark/latency_ms,86.253952
1779198946.129,/benchmark/latency_ms,80.335350
1779198946.173,/benchmark/latency_ms,73.214020
1779198946.219,/benchmark/latency_ms,66.637703
1779198946.262,/benchmark/latency_ms,85.558708
1779198946.308,/benchmark/latency_ms,78.929657
1779198946.351,/benchmark/latency_ms,71.369232
1779198946.395,/benchmark/latency_ms,64.517342
1779198946.441,/benchmark/latency_ms,83.073807
1779198946.484,/benchmark/latency_ms,76.418068
1779198946.529,/benchmark/latency_ms,70.389198
1779198946.576,/benchmark/latency_ms,90.411224
1779198946.632,/benchmark/latency_ms,85.186493
1779198946.668,/benchmark/latency_ms,79.478790
1779198946.708,/benchmark/latency_ms,72.640274
1779198946.753,/benchmark/latency_ms,66.526924
1779198946.801,/benchmark/latency_ms,87.440453
1779198946.847,/benchmark/latency_ms,82.645050
1779198946.894,/benchmark/latency_ms,77.864372
1779198946.937,/benchmark/latency_ms,72.216698
1779198946.984,/benchmark/latency_ms,65.860794
1779198947.030,/benchmark/latency_ms,86.671188
1779198947.077,/benchmark/latency_ms,80.885635
1779198947.121,/benchmark/latency_ms,75.208374
1779198947.169,/benchmark/latency_ms,70.173965
1779198947.213,/benchmark/latency_ms,89.780518
1779198947.259,/benchmark/latency_ms,83.626846
1779198947.306,/benchmark/latency_ms,77.991951
1779198947.351,/benchmark/latency_ms,72.429337
1779198947.397,/benchmark/latency_ms,91.991859
1779198947.440,/benchmark/latency_ms,84.615173
1779198947.485,/benchmark/latency_ms,78.795319
1779198947.531,/benchmark/latency_ms,71.774757
1779198947.589,/benchmark/latency_ms,66.380142
1779198947.624,/benchmark/latency_ms,87.491585
1779198947.669,/benchmark/latency_ms,82.061707
1779198947.714,/benchmark/latency_ms,74.771645
1779198947.758,/benchmark/latency_ms,68.115555
1779198947.804,/benchmark/latency_ms,88.300621
1779198947.851,/benchmark/latency_ms,82.727066
1779198947.899,/benchmark/latency_ms,76.952965
1779198947.940,/benchmark/latency_ms,71.029144
1779198947.987,/benchmark/latency_ms,91.295494
1779198948.042,/benchmark/latency_ms,85.976746
1779198948.077,/benchmark/latency_ms,79.758148
1779198948.125,/benchmark/latency_ms,74.472229
1779198948.181,/benchmark/latency_ms,68.630035
1779198948.225,/benchmark/latency_ms,88.222862
1779198948.272,/benchmark/latency_ms,82.748596
1779198948.304,/benchmark/latency_ms,78.101227
1779198948.351,/benchmark/latency_ms,71.891655
1779198948.395,/benchmark/latency_ms,66.845383
1779198948.452,/benchmark/latency_ms,86.907730
1779198948.487,/benchmark/latency_ms,80.453972
1779198948.532,/benchmark/latency_ms,75.299858
1779198948.577,/benchmark/latency_ms,69.440224
1779198948.624,/benchmark/latency_ms,90.045120
1779198948.679,/benchmark/latency_ms,84.346420
1779198948.714,/benchmark/latency_ms,77.635002
1779198948.759,/benchmark/latency_ms,70.093941
1779198948.805,/benchmark/latency_ms,90.627510
1779198948.861,/benchmark/latency_ms,84.409035
1779198948.896,/benchmark/latency_ms,78.414528
1779198948.944,/benchmark/latency_ms,73.819603
1779198948.988,/benchmark/latency_ms,93.790627
1779198949.036,/benchmark/latency_ms,87.498756
1779198949.079,/benchmark/latency_ms,81.048325
1779198949.124,/benchmark/latency_ms,75.090935
1779198949.183,/benchmark/latency_ms,68.831284
1779198949.216,/benchmark/latency_ms,88.889023
1779198949.261,/benchmark/latency_ms,82.938255
1779198949.320,/benchmark/latency_ms,77.497246
1779198949.351,/benchmark/latency_ms,70.857025
1779198949.397,/benchmark/latency_ms,91.272484
1779198949.445,/benchmark/latency_ms,88.053970
1779198949.502,/benchmark/latency_ms,82.935120
1779198949.536,/benchmark/latency_ms,75.529358
1779198949.581,/benchmark/latency_ms,69.782585
1779198949.627,/benchmark/latency_ms,89.398705
1779198949.674,/benchmark/latency_ms,83.236717
1779198949.720,/benchmark/latency_ms,77.573883
1779198949.777,/benchmark/latency_ms,70.182610
1779198949.812,/benchmark/latency_ms,90.544373
1779198949.855,/benchmark/latency_ms,84.971329
1779198949.902,/benchmark/latency_ms,80.721260
1779198949.947,/benchmark/latency_ms,77.623413
1779198950.013,/benchmark/latency_ms,79.370667
1779198950.044,/benchmark/latency_ms,76.008766
1779198950.087,/benchmark/latency_ms,70.360268
1779198950.135,/benchmark/latency_ms,89.591660
1779198950.180,/benchmark/latency_ms,82.597183
1779198950.224,/benchmark/latency_ms,73.184456
1779198950.269,/benchmark/latency_ms,90.467514
1779198950.315,/benchmark/latency_ms,81.768051
1779198950.371,/benchmark/latency_ms,73.576126
1779198950.402,/benchmark/latency_ms,91.624031
1779198950.446,/benchmark/latency_ms,82.836090
1779198950.490,/benchmark/latency_ms,73.965744
1779198950.535,/benchmark/latency_ms,92.058708
1779198950.579,/benchmark/latency_ms,83.252205
1779198950.624,/benchmark/latency_ms,75.095673
1779198950.666,/benchmark/latency_ms,92.528679
1779198950.712,/benchmark/latency_ms,83.877312
1779198950.758,/benchmark/latency_ms,74.987671
1779198950.801,/benchmark/latency_ms,92.705856
1779198950.846,/benchmark/latency_ms,84.419662
1779198950.893,/benchmark/latency_ms,76.172379
1779198950.937,/benchmark/latency_ms,67.940742
1779198950.981,/benchmark/latency_ms,85.732620
1779198951.024,/benchmark/latency_ms,76.715569
1779198951.070,/benchmark/latency_ms,68.192131
1779198951.113,/benchmark/latency_ms,86.649559
1779198951.169,/benchmark/latency_ms,78.359589
1779198951.203,/benchmark/latency_ms,69.398537
1779198951.249,/benchmark/latency_ms,87.177101
1779198951.291,/benchmark/latency_ms,78.869240
1779198951.337,/benchmark/latency_ms,70.411148
1779198951.382,/benchmark/latency_ms,87.670685
1779198951.427,/benchmark/latency_ms,78.284744
1779198951.472,/benchmark/latency_ms,71.090935
1779198951.517,/benchmark/latency_ms,89.869003
1779198951.561,/benchmark/latency_ms,107.024574
1779198951.613,/benchmark/latency_ms,73.582558
1779198951.653,/benchmark/latency_ms,66.565102
1779198951.697,/benchmark/latency_ms,88.103569
1779198951.745,/benchmark/latency_ms,84.344688
1779198951.789,/benchmark/latency_ms,105.277222
1779198951.834,/benchmark/latency_ms,76.984261
1779198951.879,/benchmark/latency_ms,74.594757
1779198951.924,/benchmark/latency_ms,71.877930
1779198951.968,/benchmark/latency_ms,65.471848
1779198952.015,/benchmark/latency_ms,86.650711
1779198952.060,/benchmark/latency_ms,84.234673
1779198952.109,/benchmark/latency_ms,80.429878
1779198952.149,/benchmark/latency_ms,76.078911
1779198952.193,/benchmark/latency_ms,71.510765
1779198952.241,/benchmark/latency_ms,67.576660
1779198952.286,/benchmark/latency_ms,88.540649
1779198952.342,/benchmark/latency_ms,83.445961
1779198952.375,/benchmark/latency_ms,79.348457
1779198952.421,/benchmark/latency_ms,76.280121
1779198952.466,/benchmark/latency_ms,72.323227
1779198952.512,/benchmark/latency_ms,68.090729
1779198952.567,/benchmark/latency_ms,88.476456
1779198952.601,/benchmark/latency_ms,85.360184
1779198952.647,/benchmark/latency_ms,81.883018
1779198952.703,/benchmark/latency_ms,77.515678
1779198952.737,/benchmark/latency_ms,72.827919
1779198952.784,/benchmark/latency_ms,69.510757
1779198952.826,/benchmark/latency_ms,65.738174
1779198952.874,/benchmark/latency_ms,87.083565
1779198952.918,/benchmark/latency_ms,83.445160
1779198952.963,/benchmark/latency_ms,79.491081
1779198953.009,/benchmark/latency_ms,74.411880
1779198953.054,/benchmark/latency_ms,70.567146
1779198953.101,/benchmark/latency_ms,65.926041
1779198953.146,/benchmark/latency_ms,86.361084
1779198953.190,/benchmark/latency_ms,82.679031
1779198953.237,/benchmark/latency_ms,80.226646
1779198953.285,/benchmark/latency_ms,75.624138
1779198953.342,/benchmark/latency_ms,70.487564
1779198953.387,/benchmark/latency_ms,89.771881
1779198953.422,/benchmark/latency_ms,84.808418
1779198953.480,/benchmark/latency_ms,80.626762
1779198953.512,/benchmark/latency_ms,76.074814
1779198953.570,/benchmark/latency_ms,72.248444
1779198953.602,/benchmark/latency_ms,68.322403
1779198953.650,/benchmark/latency_ms,88.851044
1779198953.692,/benchmark/latency_ms,86.155655
1779198953.749,/benchmark/latency_ms,82.578209
1779198953.784,/benchmark/latency_ms,78.582047
1779198953.842,/benchmark/latency_ms,74.512489
1779198953.875,/benchmark/latency_ms,70.712006
1779198953.918,/benchmark/latency_ms,66.398415
1779198953.965,/benchmark/latency_ms,88.699234
1779198954.011,/benchmark/latency_ms,85.029091
1779198954.057,/benchmark/latency_ms,80.989410
1779198954.101,/benchmark/latency_ms,77.233856
1779198954.158,/benchmark/latency_ms,73.278946
1779198954.193,/benchmark/latency_ms,70.526695
1779198954.239,/benchmark/latency_ms,90.480988
1779198954.285,/benchmark/latency_ms,85.015678
1779198954.331,/benchmark/latency_ms,77.552986
1779198954.376,/benchmark/latency_ms,71.124344
1779198954.422,/benchmark/latency_ms,91.354050
1779198954.468,/benchmark/latency_ms,86.755768
1779198954.513,/benchmark/latency_ms,80.763245
1779198954.558,/benchmark/latency_ms,75.078133
1779198954.602,/benchmark/latency_ms,68.623131
1779198954.648,/benchmark/latency_ms,88.619049
1779198954.695,/benchmark/latency_ms,82.512833
1779198954.740,/benchmark/latency_ms,76.595184
1779198954.787,/benchmark/latency_ms,70.701988
1779198954.832,/benchmark/latency_ms,91.086952
1779198954.876,/benchmark/latency_ms,84.956741
1779198954.923,/benchmark/latency_ms,78.348930
1779198954.967,/benchmark/latency_ms,72.186722
1779198955.013,/benchmark/latency_ms,92.236526
1779198955.059,/benchmark/latency_ms,86.174469
1779198955.107,/benchmark/latency_ms,80.159416
1779198955.150,/benchmark/latency_ms,73.885849
1779198955.193,/benchmark/latency_ms,67.706284
1779198955.240,/benchmark/latency_ms,87.731323
1779198955.285,/benchmark/latency_ms,81.323677
1779198955.340,/benchmark/latency_ms,75.787720
1779198955.375,/benchmark/latency_ms,69.409607
1779198955.433,/benchmark/latency_ms,89.661995
1779198955.466,/benchmark/latency_ms,84.085655
1779198955.510,/benchmark/latency_ms,78.934326
1779198955.555,/benchmark/latency_ms,72.902641
1779198955.602,/benchmark/latency_ms,67.183258
1779198955.650,/benchmark/latency_ms,89.004189
1779198955.690,/benchmark/latency_ms,85.513046
1779198955.751,/benchmark/latency_ms,81.716438
1779198955.798,/benchmark/latency_ms,77.460159
1779198955.827,/benchmark/latency_ms,73.681725
1779198955.874,/benchmark/latency_ms,70.482376
1779198955.919,/benchmark/latency_ms,66.517548
1779198955.963,/benchmark/latency_ms,86.992561
1779198956.011,/benchmark/latency_ms,83.819580
1779198956.056,/benchmark/latency_ms,80.145370
1779198956.101,/benchmark/latency_ms,76.451347
1779198956.158,/benchmark/latency_ms,72.373886
1779198956.192,/benchmark/latency_ms,68.041412
1779198956.237,/benchmark/latency_ms,65.320717
1779198956.282,/benchmark/latency_ms,86.614555
1779198956.327,/benchmark/latency_ms,82.841850
1779198956.373,/benchmark/latency_ms,79.813698
1779198956.421,/benchmark/latency_ms,76.561783
1779198956.464,/benchmark/latency_ms,72.881645
1779198956.508,/benchmark/latency_ms,68.557564
1779198956.555,/benchmark/latency_ms,65.408844
1779198956.599,/benchmark/latency_ms,87.039635
1779198956.646,/benchmark/latency_ms,83.974968
1779198956.691,/benchmark/latency_ms,80.869164
1779198956.735,/benchmark/latency_ms,77.216103
1779198956.782,/benchmark/latency_ms,73.534462
1779198956.824,/benchmark/latency_ms,70.170738
1779198956.869,/benchmark/latency_ms,66.597610
1779198956.915,/benchmark/latency_ms,87.625343
1779198956.962,/benchmark/latency_ms,83.414314
1779198957.008,/benchmark/latency_ms,79.020409
1779198957.054,/benchmark/latency_ms,74.817345
1779198957.098,/benchmark/latency_ms,70.484810
1779198957.145,/benchmark/latency_ms,66.531944
1779198957.189,/benchmark/latency_ms,87.490601
1779198957.236,/benchmark/latency_ms,83.771744
1779198957.283,/benchmark/latency_ms,79.463722
1779198957.326,/benchmark/latency_ms,75.126198
1779198957.371,/benchmark/latency_ms,71.287674
1779198957.417,/benchmark/latency_ms,68.330627
1779198957.463,/benchmark/latency_ms,88.685547
1779198957.510,/benchmark/latency_ms,84.214325
1779198957.567,/benchmark/latency_ms,80.848457
1779198957.600,/benchmark/latency_ms,77.376450
1779198957.646,/benchmark/latency_ms,73.122475
1779198957.690,/benchmark/latency_ms,69.108109
1779198957.736,/benchmark/latency_ms,89.569107
1779198957.783,/benchmark/latency_ms,86.568382
1779198957.828,/benchmark/latency_ms,83.636292
1779198957.875,/benchmark/latency_ms,79.768776
1779198957.919,/benchmark/latency_ms,75.605835
1779198957.976,/benchmark/latency_ms,72.457207
1779198958.023,/benchmark/latency_ms,68.736183
1779198958.055,/benchmark/latency_ms,65.152336
1779198958.102,/benchmark/latency_ms,86.722809
1779198958.149,/benchmark/latency_ms,84.223480
1779198958.195,/benchmark/latency_ms,80.362228
1779198958.238,/benchmark/latency_ms,76.427483
1779198958.284,/benchmark/latency_ms,71.720078
1779198958.328,/benchmark/latency_ms,67.489815
1779198958.375,/benchmark/latency_ms,88.438545
1779198958.421,/benchmark/latency_ms,85.158524
1779198958.466,/benchmark/latency_ms,81.273506
1779198958.511,/benchmark/latency_ms,77.186913
1779198958.557,/benchmark/latency_ms,73.496094
1779198958.603,/benchmark/latency_ms,69.987991
1779198958.647,/benchmark/latency_ms,65.721443
1779198958.693,/benchmark/latency_ms,86.428032
1779198958.739,/benchmark/latency_ms,82.380898
1779198958.784,/benchmark/latency_ms,78.570213
1779198958.843,/benchmark/latency_ms,74.524681
1779198958.875,/benchmark/latency_ms,70.406410
1779198958.920,/benchmark/latency_ms,66.459343
1779198958.966,/benchmark/latency_ms,87.686142
1779198959.011,/benchmark/latency_ms,83.978233
1779198959.056,/benchmark/latency_ms,79.350899
1779198959.103,/benchmark/latency_ms,74.625603
1779198959.147,/benchmark/latency_ms,70.317711
1779198959.191,/benchmark/latency_ms,65.871162
1779198959.237,/benchmark/latency_ms,86.983284
1779198959.287,/benchmark/latency_ms,82.587074
1779198959.341,/benchmark/latency_ms,78.670845
1779198959.384,/benchmark/latency_ms,74.597282
1779198959.432,/benchmark/latency_ms,68.768852
1779198959.466,/benchmark/latency_ms,89.381332
1779198959.510,/benchmark/latency_ms,82.363815
1779198959.555,/benchmark/latency_ms,76.061279
1779198959.597,/benchmark/latency_ms,69.612228
1779198959.644,/benchmark/latency_ms,89.826668
1779198959.687,/benchmark/latency_ms,82.869209
1779198959.735,/benchmark/latency_ms,76.873962
1779198959.779,/benchmark/latency_ms,70.086739
1779198959.825,/benchmark/latency_ms,90.410873
1779198959.872,/benchmark/latency_ms,84.087318
1779198959.915,/benchmark/latency_ms,78.546913
1779198959.959,/benchmark/latency_ms,71.908035
1779198960.004,/benchmark/latency_ms,91.628639
1779198960.053,/benchmark/latency_ms,85.212990
1779198960.099,/benchmark/latency_ms,79.144882
1779198960.142,/benchmark/latency_ms,73.683067
1779198960.189,/benchmark/latency_ms,68.058632
1779198960.235,/benchmark/latency_ms,88.648682
1779198960.278,/benchmark/latency_ms,82.370979
1779198960.323,/benchmark/latency_ms,76.174881
1779198960.369,/benchmark/latency_ms,69.624741
1779198960.416,/benchmark/latency_ms,90.109474
1779198960.460,/benchmark/latency_ms,84.930183
1779198960.507,/benchmark/latency_ms,77.998703
1779198960.550,/benchmark/latency_ms,71.256248
1779198960.597,/benchmark/latency_ms,91.201355
1779198960.641,/benchmark/latency_ms,84.873032
1779198960.686,/benchmark/latency_ms,78.158508
1779198960.731,/benchmark/latency_ms,71.372246
1779198960.780,/benchmark/latency_ms,92.321838
1779198960.824,/benchmark/latency_ms,87.045967
1779198960.881,/benchmark/latency_ms,80.245209
1779198960.915,/benchmark/latency_ms,74.869568
1779198960.972,/benchmark/latency_ms,69.650208
1779198961.006,/benchmark/latency_ms,90.245155
1779198961.052,/benchmark/latency_ms,83.679939
1779198961.097,/benchmark/latency_ms,77.801880
1779198961.144,/benchmark/latency_ms,71.144318
1779198961.189,/benchmark/latency_ms,91.220268
1779198961.235,/benchmark/latency_ms,87.129234
1779198961.280,/benchmark/latency_ms,84.628464
1779198961.326,/benchmark/latency_ms,80.401978
1779198961.371,/benchmark/latency_ms,101.259216
1779198961.415,/benchmark/latency_ms,73.317543
1779198961.461,/benchmark/latency_ms,68.929237
1779198961.506,/benchmark/latency_ms,89.198654
1779198961.551,/benchmark/latency_ms,85.855408
1779198961.600,/benchmark/latency_ms,82.846588
1779198961.645,/benchmark/latency_ms,79.344589
1779198961.689,/benchmark/latency_ms,99.733688
1779198961.733,/benchmark/latency_ms,70.687271
1779198961.779,/benchmark/latency_ms,66.010941
1779198961.825,/benchmark/latency_ms,87.491844
1779198961.871,/benchmark/latency_ms,82.770073
1779198961.915,/benchmark/latency_ms,79.126419
1779198961.967,/benchmark/latency_ms,79.857445
1779198962.010,/benchmark/latency_ms,75.226707
1779198962.056,/benchmark/latency_ms,71.177307
1779198962.101,/benchmark/latency_ms,66.905441
1779198962.147,/benchmark/latency_ms,87.950394
1779198962.205,/benchmark/latency_ms,83.635559
1779198962.237,/benchmark/latency_ms,80.279289
1779198962.284,/benchmark/latency_ms,76.230911
1779198962.327,/benchmark/latency_ms,71.694283
1779198962.372,/benchmark/latency_ms,67.832207
1779198962.419,/benchmark/latency_ms,88.531311
1779198962.465,/benchmark/latency_ms,85.720627
1779198962.522,/benchmark/latency_ms,81.960205
1779198962.554,/benchmark/latency_ms,78.668739
1779198962.599,/benchmark/latency_ms,73.449409
1779198962.647,/benchmark/latency_ms,69.225838
1779198962.689,/benchmark/latency_ms,89.551987
1779198962.736,/benchmark/latency_ms,85.532852
1779198962.784,/benchmark/latency_ms,81.453278
1779198962.826,/benchmark/latency_ms,76.672272
1779198962.870,/benchmark/latency_ms,72.156418
1779198962.915,/benchmark/latency_ms,67.328087
1779198962.962,/benchmark/latency_ms,87.918297
1779198963.006,/benchmark/latency_ms,84.526543
1779198963.053,/benchmark/latency_ms,82.031212
1779198963.099,/benchmark/latency_ms,77.114853
1779198963.156,/benchmark/latency_ms,72.461983
1779198963.188,/benchmark/latency_ms,67.939438
1779198963.247,/benchmark/latency_ms,89.468147
1779198963.279,/benchmark/latency_ms,85.313499
1779198963.326,/benchmark/latency_ms,79.133881
1779198963.371,/benchmark/latency_ms,73.252869
1779198963.415,/benchmark/latency_ms,67.500244
1779198963.460,/benchmark/latency_ms,87.792061
1779198963.504,/benchmark/latency_ms,80.034912
1779198963.551,/benchmark/latency_ms,74.346542
1779198963.598,/benchmark/latency_ms,68.733559
1779198963.643,/benchmark/latency_ms,88.959206
1779198963.688,/benchmark/latency_ms,83.087318
1779198963.735,/benchmark/latency_ms,76.533401
1779198963.782,/benchmark/latency_ms,70.348877
1779198963.824,/benchmark/latency_ms,66.409653
1779198963.881,/benchmark/latency_ms,87.555588
1779198963.915,/benchmark/latency_ms,84.001053
1779198963.961,/benchmark/latency_ms,80.188576
1779198964.005,/benchmark/latency_ms,75.985512
1779198964.050,/benchmark/latency_ms,71.584915
1779198964.094,/benchmark/latency_ms,66.957893
1779198964.141,/benchmark/latency_ms,87.889664
1779198964.186,/benchmark/latency_ms,83.732582
1779198964.230,/benchmark/latency_ms,79.567726
1779198964.275,/benchmark/latency_ms,74.887138
1779198964.323,/benchmark/latency_ms,69.874077
1779198964.377,/benchmark/latency_ms,65.566467
1779198964.409,/benchmark/latency_ms,86.455650
1779198964.454,/benchmark/latency_ms,82.467682
1779198964.511,/benchmark/latency_ms,77.752251
1779198964.546,/benchmark/latency_ms,74.218704
1779198964.591,/benchmark/latency_ms,70.174232
1779198964.634,/benchmark/latency_ms,66.419823
1779198964.680,/benchmark/latency_ms,87.527939
1779198964.727,/benchmark/latency_ms,83.239922
1779198964.771,/benchmark/latency_ms,78.616287
1779198964.820,/benchmark/latency_ms,74.571236
1779198964.862,/benchmark/latency_ms,70.229141
1779198964.919,/benchmark/latency_ms,65.969627
1779198964.953,/benchmark/latency_ms,86.965523
1779198964.998,/benchmark/latency_ms,82.659004
1779198965.044,/benchmark/latency_ms,78.782043
1779198965.089,/benchmark/latency_ms,74.278893
1779198965.135,/benchmark/latency_ms,70.172722
1779198965.179,/benchmark/latency_ms,65.693794
1779198965.225,/benchmark/latency_ms,86.939537
1779198965.270,/benchmark/latency_ms,83.373871
1779198965.331,/benchmark/latency_ms,80.913963
1779198965.361,/benchmark/latency_ms,76.900299
1779198965.408,/benchmark/latency_ms,73.242790
1779198965.452,/benchmark/latency_ms,69.253197
1779198965.496,/benchmark/latency_ms,88.785606
1779198965.554,/benchmark/latency_ms,85.594803
1779198965.589,/benchmark/latency_ms,82.184204
1779198965.633,/benchmark/latency_ms,78.731491
1779198965.678,/benchmark/latency_ms,74.111504
1779198965.723,/benchmark/latency_ms,70.679848
1779198965.768,/benchmark/latency_ms,66.597198
1779198965.814,/benchmark/latency_ms,87.764580
1779198965.874,/benchmark/latency_ms,86.124039
1779198965.909,/benchmark/latency_ms,83.052917
1779198965.953,/benchmark/latency_ms,102.952774
1779198965.998,/benchmark/latency_ms,70.504784
1779198966.045,/benchmark/latency_ms,90.804535
1779198966.100,/benchmark/latency_ms,85.552086
1779198966.148,/benchmark/latency_ms,80.916969
1779198966.180,/benchmark/latency_ms,74.776482
1779198966.225,/benchmark/latency_ms,68.669945
1779198966.271,/benchmark/latency_ms,89.431702
1779198966.316,/benchmark/latency_ms,83.680969
1779198966.362,/benchmark/latency_ms,78.626595
1779198966.407,/benchmark/latency_ms,73.403137
1779198966.454,/benchmark/latency_ms,67.783539
1779198966.510,/benchmark/latency_ms,87.944603
1779198966.543,/benchmark/latency_ms,81.999794
1779198966.590,/benchmark/latency_ms,76.128510
1779198966.634,/benchmark/latency_ms,71.117821
1779198966.680,/benchmark/latency_ms,91.834015
1779198966.724,/benchmark/latency_ms,86.562683
1779198966.769,/benchmark/latency_ms,79.529930
1779198966.815,/benchmark/latency_ms,73.913498
1779198966.859,/benchmark/latency_ms,67.701973
1779198966.905,/benchmark/latency_ms,88.199478
1779198966.952,/benchmark/latency_ms,82.278694
1779198967.009,/benchmark/latency_ms,76.775566
1779198967.043,/benchmark/latency_ms,70.761993
1779198967.089,/benchmark/latency_ms,90.969269
1779198967.133,/benchmark/latency_ms,84.384178
1779198967.181,/benchmark/latency_ms,79.097847
1779198967.229,/benchmark/latency_ms,71.929893
1779198967.275,/benchmark/latency_ms,93.185402
1779198967.319,/benchmark/latency_ms,85.025635
1779198967.365,/benchmark/latency_ms,104.205612
1779198967.410,/benchmark/latency_ms,71.594063
1779198967.455,/benchmark/latency_ms,91.318184
1779198967.502,/benchmark/latency_ms,85.233757
1779198967.546,/benchmark/latency_ms,79.105942
1779198967.594,/benchmark/latency_ms,74.455757
1779198967.640,/benchmark/latency_ms,94.191231
1779198967.684,/benchmark/latency_ms,86.482018
1779198967.729,/benchmark/latency_ms,78.798332
1779198967.776,/benchmark/latency_ms,73.572189
1779198967.832,/benchmark/latency_ms,67.907082
1779198967.866,/benchmark/latency_ms,88.097916
1779198967.911,/benchmark/latency_ms,82.447044
1779198967.957,/benchmark/latency_ms,76.486389
1779198968.003,/benchmark/latency_ms,70.030838
1779198968.047,/benchmark/latency_ms,90.323105
1779198968.093,/benchmark/latency_ms,85.203423
1779198968.138,/benchmark/latency_ms,79.607658
1779198968.194,/benchmark/latency_ms,74.126930
1779198968.229,/benchmark/latency_ms,68.493919
1779198968.275,/benchmark/latency_ms,89.043938
1779198968.324,/benchmark/latency_ms,83.515755
1779198968.366,/benchmark/latency_ms,77.716156
1779198968.411,/benchmark/latency_ms,70.128120
1779198968.456,/benchmark/latency_ms,91.360550
1779198968.504,/benchmark/latency_ms,84.488335
1779198968.550,/benchmark/latency_ms,78.215019
1779198968.595,/benchmark/latency_ms,97.018234
1779198968.643,/benchmark/latency_ms,93.689903
1779198968.692,/benchmark/latency_ms,86.510719
1779198968.738,/benchmark/latency_ms,80.484695
1779198968.784,/benchmark/latency_ms,75.110718
1779198968.827,/benchmark/latency_ms,68.218407
1779198968.872,/benchmark/latency_ms,87.732834
1779198968.917,/benchmark/latency_ms,81.300194
1779198968.963,/benchmark/latency_ms,73.502884
1779198969.011,/benchmark/latency_ms,91.976791
1779198969.059,/benchmark/latency_ms,88.644104
1779198969.103,/benchmark/latency_ms,84.377304
1779198969.162,/benchmark/latency_ms,77.009003
1779198969.194,/benchmark/latency_ms,68.385506
1779198969.240,/benchmark/latency_ms,88.349236
1779198969.299,/benchmark/latency_ms,81.437790
1779198969.331,/benchmark/latency_ms,74.529610
1779198969.377,/benchmark/latency_ms,93.463730
1779198969.422,/benchmark/latency_ms,86.450562
1779198969.468,/benchmark/latency_ms,80.342812
1779198969.515,/benchmark/latency_ms,75.104668
1779198969.561,/benchmark/latency_ms,69.552032
1779198969.607,/benchmark/latency_ms,89.617203
1779198969.652,/benchmark/latency_ms,83.601189
1779198969.697,/benchmark/latency_ms,77.210724
1779198969.741,/benchmark/latency_ms,70.381935
1779198969.789,/benchmark/latency_ms,89.968971
1779198969.832,/benchmark/latency_ms,83.984032
1779198969.880,/benchmark/latency_ms,78.837852
1779198969.921,/benchmark/latency_ms,72.212357
1779198969.969,/benchmark/latency_ms,92.518440
1779198970.016,/benchmark/latency_ms,85.546356
1779198970.060,/benchmark/latency_ms,78.927551
1779198970.107,/benchmark/latency_ms,68.578972
1779198970.153,/benchmark/latency_ms,88.825607
1779198970.199,/benchmark/latency_ms,83.036179
1779198970.243,/benchmark/latency_ms,77.272232
1779198970.288,/benchmark/latency_ms,71.292221
1779198970.346,/benchmark/latency_ms,91.876030
1779198970.380,/benchmark/latency_ms,84.764748
1779198970.426,/benchmark/latency_ms,79.681099
1779198970.471,/benchmark/latency_ms,74.988800
1779198970.514,/benchmark/latency_ms,71.151100
1779198970.560,/benchmark/latency_ms,67.368767
1779198970.607,/benchmark/latency_ms,88.147285
1779198970.651,/benchmark/latency_ms,83.900414
1779198970.709,/benchmark/latency_ms,79.487373
1779198970.741,/benchmark/latency_ms,75.811661
1779198970.786,/benchmark/latency_ms,71.757675
1779198970.833,/benchmark/latency_ms,67.374588
1779198970.877,/benchmark/latency_ms,88.453682
1779198970.923,/benchmark/latency_ms,85.280350
1779198970.970,/benchmark/latency_ms,81.167976
1779198971.015,/benchmark/latency_ms,78.475685
1779198971.059,/benchmark/latency_ms,74.359566
1779198971.107,/benchmark/latency_ms,70.165459
1779198971.150,/benchmark/latency_ms,90.727676
1779198971.202,/benchmark/latency_ms,66.793159
1779198971.247,/benchmark/latency_ms,87.160530
1779198971.292,/benchmark/latency_ms,84.036415
1779198971.337,/benchmark/latency_ms,80.953293
1779198971.382,/benchmark/latency_ms,101.707558
1779198971.429,/benchmark/latency_ms,72.901329
1779198971.473,/benchmark/latency_ms,68.746941
1779198971.517,/benchmark/latency_ms,89.382141
1779198971.565,/benchmark/latency_ms,86.132462
1779198971.610,/benchmark/latency_ms,107.130211
1779198971.655,/benchmark/latency_ms,78.972183
1779198971.702,/benchmark/latency_ms,75.378098
1779198971.756,/benchmark/latency_ms,71.555061
1779198971.792,/benchmark/latency_ms,67.126305
1779198971.846,/benchmark/latency_ms,68.269058
1779198971.890,/benchmark/latency_ms,90.561440
1779198971.936,/benchmark/latency_ms,85.710258
1779198971.980,/benchmark/latency_ms,79.668205
1779198972.024,/benchmark/latency_ms,72.294624
1779198972.069,/benchmark/latency_ms,90.679672
1779198972.114,/benchmark/latency_ms,81.913361
1779198972.174,/benchmark/latency_ms,75.863113
1779198972.210,/benchmark/latency_ms,72.132355
1779198972.254,/benchmark/latency_ms,69.818626
1779198972.312,/benchmark/latency_ms,91.024017
1779198972.344,/benchmark/latency_ms,84.836777
1779198972.388,/benchmark/latency_ms,76.491287
1779198972.434,/benchmark/latency_ms,67.852272
1779198972.479,/benchmark/latency_ms,85.207008
1779198972.522,/benchmark/latency_ms,76.594902
1779198972.567,/benchmark/latency_ms,67.538872
1779198972.614,/benchmark/latency_ms,88.166489
1779198972.659,/benchmark/latency_ms,82.450760
1779198972.704,/benchmark/latency_ms,77.042763
1779198972.749,/benchmark/latency_ms,70.769897
1779198972.797,/benchmark/latency_ms,90.985748
1779198972.840,/benchmark/latency_ms,85.285187
1779198972.885,/benchmark/latency_ms,80.554039
1779198972.931,/benchmark/latency_ms,73.399559
1779198972.975,/benchmark/latency_ms,65.517387
1779198973.017,/benchmark/latency_ms,84.589493
1779198973.064,/benchmark/latency_ms,76.141792
1779198973.107,/benchmark/latency_ms,68.085228
1779198973.152,/benchmark/latency_ms,86.506371
1779198973.198,/benchmark/latency_ms,78.329834
1779198973.241,/benchmark/latency_ms,69.855072
1779198973.285,/benchmark/latency_ms,88.273651
1779198973.330,/benchmark/latency_ms,80.271294
1779198973.375,/benchmark/latency_ms,70.461517
1779198973.419,/benchmark/latency_ms,88.747467
1779198973.465,/benchmark/latency_ms,76.938606
1779198973.509,/benchmark/latency_ms,67.922798
1779198973.556,/benchmark/latency_ms,87.992317
1779198973.602,/benchmark/latency_ms,85.068260
1779198973.650,/benchmark/latency_ms,84.212761
1779198973.693,/benchmark/latency_ms,83.366096
1779198973.742,/benchmark/latency_ms,82.284424
1779198973.788,/benchmark/latency_ms,80.447319
1779198973.835,/benchmark/latency_ms,77.771446
1779198973.879,/benchmark/latency_ms,73.034317
1779198973.927,/benchmark/latency_ms,69.092430
1779198973.973,/benchmark/latency_ms,90.572830
1779198974.015,/benchmark/latency_ms,84.737648
1779198974.060,/benchmark/latency_ms,77.134956
1779198974.107,/benchmark/latency_ms,70.437805
1779198974.151,/benchmark/latency_ms,89.903854
1779198974.196,/benchmark/latency_ms,85.337440
1779198974.242,/benchmark/latency_ms,81.038757
1779198974.300,/benchmark/latency_ms,76.465790
1779198974.333,/benchmark/latency_ms,71.941292
1779198974.379,/benchmark/latency_ms,67.482300
1779198974.428,/benchmark/latency_ms,90.341858
1779198974.474,/benchmark/latency_ms,85.532440
1779198974.518,/benchmark/latency_ms,81.560600
1779198974.565,/benchmark/latency_ms,77.759674
1779198974.611,/benchmark/latency_ms,73.184814
1779198974.656,/benchmark/latency_ms,68.818199
1779198974.702,/benchmark/latency_ms,89.547127
1779198974.748,/benchmark/latency_ms,84.000000
1779198974.796,/benchmark/latency_ms,80.017250
1779198974.852,/benchmark/latency_ms,75.958694
1779198974.888,/benchmark/latency_ms,71.963531
1779198974.933,/benchmark/latency_ms,69.245712
1779198974.981,/benchmark/latency_ms,91.224686
1779198975.028,/benchmark/latency_ms,87.827774
1779198975.075,/benchmark/latency_ms,85.134727
1779198975.123,/benchmark/latency_ms,82.884216
1779198975.166,/benchmark/latency_ms,80.757324
1779198975.212,/benchmark/latency_ms,78.443848
1779198975.257,/benchmark/latency_ms,74.542061
1779198975.306,/benchmark/latency_ms,74.582474
1779198975.353,/benchmark/latency_ms,70.949539
1779198975.401,/benchmark/latency_ms,70.425552
1779198975.446,/benchmark/latency_ms,91.055954
1779198975.493,/benchmark/latency_ms,83.202423
1779198975.537,/benchmark/latency_ms,79.261780
1779198975.584,/benchmark/latency_ms,75.650803
1779198975.628,/benchmark/latency_ms,71.987465
1779198975.674,/benchmark/latency_ms,67.492500
1779198975.719,/benchmark/latency_ms,88.742950
1779198975.766,/benchmark/latency_ms,86.275948
1779198975.812,/benchmark/latency_ms,83.073112
1779198975.858,/benchmark/latency_ms,79.503250
1779198975.904,/benchmark/latency_ms,75.787178
1779198975.950,/benchmark/latency_ms,71.977516
1779198975.996,/benchmark/latency_ms,68.638016
1779198976.041,/benchmark/latency_ms,65.710213
1779198976.087,/benchmark/latency_ms,87.320045
1779198976.135,/benchmark/latency_ms,85.152802
1779198976.180,/benchmark/latency_ms,79.802155
1779198976.226,/benchmark/latency_ms,74.372147
1779198976.272,/benchmark/latency_ms,70.696968
1779198976.319,/benchmark/latency_ms,67.814964
1779198976.365,/benchmark/latency_ms,88.725258
1779198976.412,/benchmark/latency_ms,86.070061
1779198976.456,/benchmark/latency_ms,82.083885
1779198976.501,/benchmark/latency_ms,78.628418
1779198976.547,/benchmark/latency_ms,74.719368
1779198976.594,/benchmark/latency_ms,71.030052
1779198976.640,/benchmark/latency_ms,67.548309
1779198976.687,/benchmark/latency_ms,91.126610
1779198976.735,/benchmark/latency_ms,90.669914
1779198976.781,/benchmark/latency_ms,87.217934
1779198976.826,/benchmark/latency_ms,82.204842
1779198976.870,/benchmark/latency_ms,77.015594
1779198976.915,/benchmark/latency_ms,71.716080
1779198976.962,/benchmark/latency_ms,66.196503
1779198977.008,/benchmark/latency_ms,84.804779
1779198977.052,/benchmark/latency_ms,78.785858
1779198977.100,/benchmark/latency_ms,72.297058
1779198977.141,/benchmark/latency_ms,65.902016
1779198977.198,/benchmark/latency_ms,85.580856
1779198977.231,/benchmark/latency_ms,79.397743
1779198977.281,/benchmark/latency_ms,72.802742
1779198977.320,/benchmark/latency_ms,65.907295
1779198977.376,/benchmark/latency_ms,85.136551
1779198977.409,/benchmark/latency_ms,79.025917
1779198977.453,/benchmark/latency_ms,72.841972
1779198977.498,/benchmark/latency_ms,65.896675
1779198977.544,/benchmark/latency_ms,85.663445
1779198977.589,/benchmark/latency_ms,80.985191
1779198977.635,/benchmark/latency_ms,77.005547
1779198977.681,/benchmark/latency_ms,72.899124
1779198977.725,/benchmark/latency_ms,69.029938
1779198977.773,/benchmark/latency_ms,65.424973
1779198977.819,/benchmark/latency_ms,87.040466
1779198977.864,/benchmark/latency_ms,84.980202
1779198977.920,/benchmark/latency_ms,81.751160
1779198977.953,/benchmark/latency_ms,74.299187
1779198977.998,/benchmark/latency_ms,66.267639
1779198978.059,/benchmark/latency_ms,87.717346
1779198978.091,/benchmark/latency_ms,80.356125
1779198978.135,/benchmark/latency_ms,74.682503
1779198978.180,/benchmark/latency_ms,92.531563
1779198978.227,/benchmark/latency_ms,86.119629
1779198978.275,/benchmark/latency_ms,78.749573
1779198978.319,/benchmark/latency_ms,76.982994
1779198978.364,/benchmark/latency_ms,73.562950
1779198978.420,/benchmark/latency_ms,67.548950
1779198978.454,/benchmark/latency_ms,87.624298
1779198978.500,/benchmark/latency_ms,83.369041
1779198978.547,/benchmark/latency_ms,79.438065
1779198978.592,/benchmark/latency_ms,75.677582
1779198978.638,/benchmark/latency_ms,72.545151
1779198978.687,/benchmark/latency_ms,69.760963
1779198978.734,/benchmark/latency_ms,90.633728
1779198978.782,/benchmark/latency_ms,82.603493
1779198978.837,/benchmark/latency_ms,74.568359
1779198978.869,/benchmark/latency_ms,66.554611
1779198978.928,/benchmark/latency_ms,84.554359
1779198978.963,/benchmark/latency_ms,77.754074
1779198979.011,/benchmark/latency_ms,77.748573
1779198979.056,/benchmark/latency_ms,76.457886
1779198979.105,/benchmark/latency_ms,74.544968
1779198979.149,/benchmark/latency_ms,73.832474
1779198979.195,/benchmark/latency_ms,72.469757
1779198979.241,/benchmark/latency_ms,69.227409
1779198979.296,/benchmark/latency_ms,89.282593
1779198979.332,/benchmark/latency_ms,84.043167
1779198979.379,/benchmark/latency_ms,78.475883
1779198979.424,/benchmark/latency_ms,74.406891
1779198979.473,/benchmark/latency_ms,71.477654
1779198979.522,/benchmark/latency_ms,69.614151
1779198979.568,/benchmark/latency_ms,89.720497
1779198979.612,/benchmark/latency_ms,84.238365
1779198979.656,/benchmark/latency_ms,78.981499
1779198979.701,/benchmark/latency_ms,74.053589
1779198979.748,/benchmark/latency_ms,70.537102
1779198979.798,/benchmark/latency_ms,68.308067
1779198979.843,/benchmark/latency_ms,88.746925
1779198979.889,/benchmark/latency_ms,78.957695
1779198979.947,/benchmark/latency_ms,75.777229
1779198979.979,/benchmark/latency_ms,72.088234
1779198980.030,/benchmark/latency_ms,72.888626
1779198980.077,/benchmark/latency_ms,70.223763
1779198980.125,/benchmark/latency_ms,67.265312
1779198980.170,/benchmark/latency_ms,89.214272
1779198980.232,/benchmark/latency_ms,88.689743
1779198980.266,/benchmark/latency_ms,86.500259
1779198980.313,/benchmark/latency_ms,82.768417
1779198980.360,/benchmark/latency_ms,80.485786
1779198980.407,/benchmark/latency_ms,76.341759
1779198980.452,/benchmark/latency_ms,69.964958
1779198980.501,/benchmark/latency_ms,89.428185
1779198980.544,/benchmark/latency_ms,83.658440
1779198980.590,/benchmark/latency_ms,79.896835
1779198980.647,/benchmark/latency_ms,76.702072
1779198980.683,/benchmark/latency_ms,73.717697
1779198980.730,/benchmark/latency_ms,69.919998
1779198980.781,/benchmark/latency_ms,91.338989
1779198980.824,/benchmark/latency_ms,84.573616
1779198980.870,/benchmark/latency_ms,76.597878
1779198980.930,/benchmark/latency_ms,72.718231
1779198980.962,/benchmark/latency_ms,69.007126
1779198981.007,/benchmark/latency_ms,90.459557
1779198981.053,/benchmark/latency_ms,87.097778
1779198981.097,/benchmark/latency_ms,82.584679
1779198981.144,/benchmark/latency_ms,79.794632
1779198981.191,/benchmark/latency_ms,76.988914
1779198981.236,/benchmark/latency_ms,73.705887
1779198981.286,/benchmark/latency_ms,71.877968
1779198981.331,/benchmark/latency_ms,93.960236
1779198981.379,/benchmark/latency_ms,87.948479
1779198981.424,/benchmark/latency_ms,80.144707
1779198981.467,/benchmark/latency_ms,74.330803
1779198981.515,/benchmark/latency_ms,95.331146
1779198981.561,/benchmark/latency_ms,90.404129
1779198981.607,/benchmark/latency_ms,84.527252
1779198981.654,/benchmark/latency_ms,79.517937
1779198981.700,/benchmark/latency_ms,76.948845
1779198981.748,/benchmark/latency_ms,74.367409
1779198981.795,/benchmark/latency_ms,70.976738
1779198981.839,/benchmark/latency_ms,91.728355
1779198981.883,/benchmark/latency_ms,83.349525
1779198981.932,/benchmark/latency_ms,102.276062
1779198981.989,/benchmark/latency_ms,70.219833
1779198982.022,/benchmark/latency_ms,88.971207
1779198982.066,/benchmark/latency_ms,80.597305
1779198982.113,/benchmark/latency_ms,72.292519
1779198982.156,/benchmark/latency_ms,90.279175
1779198982.200,/benchmark/latency_ms,82.666496
1779198982.248,/benchmark/latency_ms,74.624748
1779198982.292,/benchmark/latency_ms,67.513336
1779198982.340,/benchmark/latency_ms,87.807686
1779198982.388,/benchmark/latency_ms,82.759811
1779198982.432,/benchmark/latency_ms,78.079697
1779198982.477,/benchmark/latency_ms,72.632767
1779198982.523,/benchmark/latency_ms,67.702034
1779198982.569,/benchmark/latency_ms,88.494705
1779198982.616,/benchmark/latency_ms,86.268715
1779198982.662,/benchmark/latency_ms,83.239479
1779198982.709,/benchmark/latency_ms,79.964005
1779198982.765,/benchmark/latency_ms,75.999496
1779198982.812,/benchmark/latency_ms,71.889809
1779198982.844,/benchmark/latency_ms,68.446815
1779198982.892,/benchmark/latency_ms,89.969521
1779198982.936,/benchmark/latency_ms,86.621826
1779198982.982,/benchmark/latency_ms,83.065018
1779198983.029,/benchmark/latency_ms,79.797417
1779198983.075,/benchmark/latency_ms,76.862480
1779198983.119,/benchmark/latency_ms,73.232048
1779198983.167,/benchmark/latency_ms,70.710121
1779198983.212,/benchmark/latency_ms,67.794838
1779198983.258,/benchmark/latency_ms,88.028542
1779198983.303,/benchmark/latency_ms,84.464088
1779198983.349,/benchmark/latency_ms,80.477432
1779198983.395,/benchmark/latency_ms,76.430969
1779198983.452,/benchmark/latency_ms,71.799347
1779198983.487,/benchmark/latency_ms,68.774429
1779198983.534,/benchmark/latency_ms,89.435677
1779198983.578,/benchmark/latency_ms,86.938614
1779198983.628,/benchmark/latency_ms,86.244972
1779198983.685,/benchmark/latency_ms,83.368721
1779198983.720,/benchmark/latency_ms,79.426003
1779198983.763,/benchmark/latency_ms,76.170273
1779198983.810,/benchmark/latency_ms,72.891129
1779198983.858,/benchmark/latency_ms,70.504944
1779198983.905,/benchmark/latency_ms,69.886559
1779198983.950,/benchmark/latency_ms,66.453430
1779198983.997,/benchmark/latency_ms,89.038788
1779198984.045,/benchmark/latency_ms,86.660645
1779198984.089,/benchmark/latency_ms,81.703064
1779198984.136,/benchmark/latency_ms,76.247551
1779198984.181,/benchmark/latency_ms,70.690125
1779198984.229,/benchmark/latency_ms,90.568352
1779198984.275,/benchmark/latency_ms,86.419815
1779198984.320,/benchmark/latency_ms,81.508636
1779198984.367,/benchmark/latency_ms,75.984268
1779198984.412,/benchmark/latency_ms,70.912071
1779198984.459,/benchmark/latency_ms,91.603653
1779198984.507,/benchmark/latency_ms,86.148010
1779198984.557,/benchmark/latency_ms,81.143974
1779198984.605,/benchmark/latency_ms,75.724525
1779198984.658,/benchmark/latency_ms,69.901154
1779198984.692,/benchmark/latency_ms,68.340195
1779198984.740,/benchmark/latency_ms,89.255424
1779198984.787,/benchmark/latency_ms,83.394318
1779198984.834,/benchmark/latency_ms,78.344749
1779198984.880,/benchmark/latency_ms,72.691032
1779198984.928,/benchmark/latency_ms,67.857903
1779198984.985,/benchmark/latency_ms,88.235001
1779198985.020,/benchmark/latency_ms,83.458542
1779198985.066,/benchmark/latency_ms,78.962685
1779198985.112,/benchmark/latency_ms,73.737213
1779198985.157,/benchmark/latency_ms,67.733009
1779198985.205,/benchmark/latency_ms,88.718353
1779198985.263,/benchmark/latency_ms,83.849571
1779198985.296,/benchmark/latency_ms,79.184120
1779198985.341,/benchmark/latency_ms,73.159409
1779198985.388,/benchmark/latency_ms,67.176102
1779198985.434,/benchmark/latency_ms,88.276604
1779198985.482,/benchmark/latency_ms,84.370972
1779198985.526,/benchmark/latency_ms,79.744392
1779198985.571,/benchmark/latency_ms,73.481865
1779198985.620,/benchmark/latency_ms,68.602654
1779198985.665,/benchmark/latency_ms,90.236069
1779198985.709,/benchmark/latency_ms,82.966591
1779198985.756,/benchmark/latency_ms,78.126167
1779198985.803,/benchmark/latency_ms,73.142097
1779198985.848,/benchmark/latency_ms,68.400291
1779198985.896,/benchmark/latency_ms,88.983269
1779198985.943,/benchmark/latency_ms,82.771332
1779198985.987,/benchmark/latency_ms,77.038544
1779198986.034,/benchmark/latency_ms,71.784180
1779198986.081,/benchmark/latency_ms,67.207428
1779198986.130,/benchmark/latency_ms,91.025299
1779198986.175,/benchmark/latency_ms,86.511108
1779198986.222,/benchmark/latency_ms,78.642853
1779198986.267,/benchmark/latency_ms,70.385460
1779198986.313,/benchmark/latency_ms,67.130241
1779198986.374,/benchmark/latency_ms,89.645081
1779198986.420,/benchmark/latency_ms,89.457375
1779198986.455,/benchmark/latency_ms,83.776749
1779198986.502,/benchmark/latency_ms,77.636093
1779198986.550,/benchmark/latency_ms,71.804756
1779198986.595,/benchmark/latency_ms,92.204407
1779198986.645,/benchmark/latency_ms,84.730965
1779198986.698,/benchmark/latency_ms,77.740509
1779198986.734,/benchmark/latency_ms,76.402748
1779198986.778,/benchmark/latency_ms,73.864639
1779198986.823,/benchmark/latency_ms,71.785522
1779198986.869,/benchmark/latency_ms,69.662308
1779198986.916,/benchmark/latency_ms,66.511093
1779198986.963,/benchmark/latency_ms,88.314491
1779198987.011,/benchmark/latency_ms,85.342789
1779198987.056,/benchmark/latency_ms,82.836769
1779198987.105,/benchmark/latency_ms,79.901802
1779198987.149,/benchmark/latency_ms,76.163620
1779198987.192,/benchmark/latency_ms,72.427490
1779198987.240,/benchmark/latency_ms,69.453804
1779198987.283,/benchmark/latency_ms,66.061852
1779198987.329,/benchmark/latency_ms,87.333389
1779198987.375,/benchmark/latency_ms,83.515884
1779198987.420,/benchmark/latency_ms,79.704170
1779198987.465,/benchmark/latency_ms,76.738647
1779198987.513,/benchmark/latency_ms,73.753471
1779198987.557,/benchmark/latency_ms,69.909149
1779198987.606,/benchmark/latency_ms,66.208572
1779198987.648,/benchmark/latency_ms,87.125427
1779198987.694,/benchmark/latency_ms,84.151741
1779198987.754,/benchmark/latency_ms,81.761887
1779198987.786,/benchmark/latency_ms,78.197845
1779198987.832,/benchmark/latency_ms,75.588470
1779198987.878,/benchmark/latency_ms,72.142250
1779198987.923,/benchmark/latency_ms,68.527679
1779198987.970,/benchmark/latency_ms,65.052795
1779198988.016,/benchmark/latency_ms,86.909340
1779198988.061,/benchmark/latency_ms,83.741837
1779198988.108,/benchmark/latency_ms,81.719162
1779198988.153,/benchmark/latency_ms,79.013855
1779198988.199,/benchmark/latency_ms,75.748207
1779198988.247,/benchmark/latency_ms,73.650757
1779198988.292,/benchmark/latency_ms,70.762184
1779198988.337,/benchmark/latency_ms,67.840019
1779198988.384,/benchmark/latency_ms,89.004517
1779198988.432,/benchmark/latency_ms,86.193710
1779198988.476,/benchmark/latency_ms,83.955368
1779198988.533,/benchmark/latency_ms,80.865334
1779198988.565,/benchmark/latency_ms,76.913010
1779198988.612,/benchmark/latency_ms,73.556618
1779198988.657,/benchmark/latency_ms,69.890785
1779198988.702,/benchmark/latency_ms,67.133385
1779198988.748,/benchmark/latency_ms,88.331223
1779198988.796,/benchmark/latency_ms,85.333984
1779198988.840,/benchmark/latency_ms,81.428932
1779198988.886,/benchmark/latency_ms,79.298683
1779198988.932,/benchmark/latency_ms,76.024681
1779198988.978,/benchmark/latency_ms,72.292259
1779198989.022,/benchmark/latency_ms,68.825150
1779198989.068,/benchmark/latency_ms,65.692429
1779198989.114,/benchmark/latency_ms,87.174706
1779198989.159,/benchmark/latency_ms,83.198616
1779198989.204,/benchmark/latency_ms,78.380142
1779198989.251,/benchmark/latency_ms,74.217239
1779198989.296,/benchmark/latency_ms,70.182297
1779198989.340,/benchmark/latency_ms,66.054588
1779198989.386,/benchmark/latency_ms,87.069527
1779198989.433,/benchmark/latency_ms,84.170914
1779198989.477,/benchmark/latency_ms,80.563705
1779198989.522,/benchmark/latency_ms,75.668724
1779198989.569,/benchmark/latency_ms,71.857452
1779198989.613,/benchmark/latency_ms,68.064529
1779198989.657,/benchmark/latency_ms,64.974014
1779198989.704,/benchmark/latency_ms,86.581734
1779198989.751,/benchmark/latency_ms,83.918503
1779198989.796,/benchmark/latency_ms,81.344360
1779198989.842,/benchmark/latency_ms,79.355095
1779198989.888,/benchmark/latency_ms,72.872566
1779198989.934,/benchmark/latency_ms,92.108093
1779198989.981,/benchmark/latency_ms,86.107437
1779198990.038,/benchmark/latency_ms,81.962486
1779198990.073,/benchmark/latency_ms,79.067390
1779198990.118,/benchmark/latency_ms,74.883720
1779198990.175,/benchmark/latency_ms,70.736176
1779198990.207,/benchmark/latency_ms,67.231941
1779198990.253,/benchmark/latency_ms,88.416504
1779198990.311,/benchmark/latency_ms,85.662621
1779198990.346,/benchmark/latency_ms,82.097939
1779198990.391,/benchmark/latency_ms,78.922783
1779198990.435,/benchmark/latency_ms,75.477013
1779198990.482,/benchmark/latency_ms,71.793167
1779198990.527,/benchmark/latency_ms,69.854210
1779198990.575,/benchmark/latency_ms,66.586418
1779198990.618,/benchmark/latency_ms,87.949280
1779198990.666,/benchmark/latency_ms,85.438240
1779198990.710,/benchmark/latency_ms,82.445580
1779198990.757,/benchmark/latency_ms,78.819489
1779198990.801,/benchmark/latency_ms,75.271004
1779198990.848,/benchmark/latency_ms,71.522583
1779198990.891,/benchmark/latency_ms,67.593979
1779198990.936,/benchmark/latency_ms,88.038498
1779198990.982,/benchmark/latency_ms,85.644478
1779198991.028,/benchmark/latency_ms,82.510536
1779198991.075,/benchmark/latency_ms,78.854561
1779198991.121,/benchmark/latency_ms,74.986115
1779198991.164,/benchmark/latency_ms,71.299324
1779198991.211,/benchmark/latency_ms,91.991295
1779198991.255,/benchmark/latency_ms,88.318489
1779198991.302,/benchmark/latency_ms,84.693398
1779198991.346,/benchmark/latency_ms,83.125725
1779198991.391,/benchmark/latency_ms,80.133606
1779198991.439,/benchmark/latency_ms,100.245941
1779198991.486,/benchmark/latency_ms,72.430977
1779198991.532,/benchmark/latency_ms,92.686127
1779198991.578,/benchmark/latency_ms,87.820419
1779198991.622,/benchmark/latency_ms,83.058456
1779198991.669,/benchmark/latency_ms,79.945320
1779198991.713,/benchmark/latency_ms,76.372543
1779198991.759,/benchmark/latency_ms,71.966606
1779198991.804,/benchmark/latency_ms,67.744568
1779198991.848,/benchmark/latency_ms,88.419510
1779198991.892,/benchmark/latency_ms,85.016907
1779198991.953,/benchmark/latency_ms,81.667458
1779198991.986,/benchmark/latency_ms,76.611160
1779198992.032,/benchmark/latency_ms,72.871994
1779198992.080,/benchmark/latency_ms,70.440880
1779198992.124,/benchmark/latency_ms,68.554916
1779198992.169,/benchmark/latency_ms,90.112846
1779198992.214,/benchmark/latency_ms,83.585518
1779198992.260,/benchmark/latency_ms,77.430634
1779198992.304,/benchmark/latency_ms,69.588455
1779198992.362,/benchmark/latency_ms,90.982841
1779198992.398,/benchmark/latency_ms,85.763702
1779198992.444,/benchmark/latency_ms,78.977982
1779198992.490,/benchmark/latency_ms,70.698189
1779198992.535,/benchmark/latency_ms,89.144775
1779198992.580,/benchmark/latency_ms,79.588661
1779198992.627,/benchmark/latency_ms,72.321571
1779198992.674,/benchmark/latency_ms,90.575935
1779198992.717,/benchmark/latency_ms,84.270523
1779198992.762,/benchmark/latency_ms,76.831093
1779198992.811,/benchmark/latency_ms,70.733711
1779198992.858,/benchmark/latency_ms,89.952820
1779198992.904,/benchmark/latency_ms,81.744446
1779198992.949,/benchmark/latency_ms,73.786560
1779198992.993,/benchmark/latency_ms,92.231735
1779198993.038,/benchmark/latency_ms,83.507187
1779198993.085,/benchmark/latency_ms,74.897125
1779198993.129,/benchmark/latency_ms,67.300674
1779198993.174,/benchmark/latency_ms,85.924339
1779198993.233,/benchmark/latency_ms,77.710945
1779198993.265,/benchmark/latency_ms,68.893723
1779198993.310,/benchmark/latency_ms,87.345680
1779198993.355,/benchmark/latency_ms,78.355507
1779198993.416,/benchmark/latency_ms,69.655655
1779198993.446,/benchmark/latency_ms,89.183655
1779198993.493,/benchmark/latency_ms,81.006027
1779198993.539,/benchmark/latency_ms,72.292458
1779198993.582,/benchmark/latency_ms,91.030869
1779198993.627,/benchmark/latency_ms,82.793381
1779198993.672,/benchmark/latency_ms,74.984550
1779198993.718,/benchmark/latency_ms,67.489563
1779198993.762,/benchmark/latency_ms,85.592606
1779198993.809,/benchmark/latency_ms,77.705536
1779198993.867,/benchmark/latency_ms,68.527298
1779198993.898,/benchmark/latency_ms,86.915520
1779198993.945,/benchmark/latency_ms,79.569206
1779198993.989,/benchmark/latency_ms,71.688889
1779198994.034,/benchmark/latency_ms,90.190186
1779198994.079,/benchmark/latency_ms,81.544128
1779198994.124,/benchmark/latency_ms,72.614273
1779198994.170,/benchmark/latency_ms,91.620201
1779198994.216,/benchmark/latency_ms,82.356560
1779198994.271,/benchmark/latency_ms,74.530258
1779198994.304,/benchmark/latency_ms,92.750511
1779198994.351,/benchmark/latency_ms,83.781868
1779198994.392,/benchmark/latency_ms,75.308090
1779198994.439,/benchmark/latency_ms,93.649239
1779198994.487,/benchmark/latency_ms,84.815475
1779198994.530,/benchmark/latency_ms,76.732597
1779198994.576,/benchmark/latency_ms,68.701759
1779198994.621,/benchmark/latency_ms,87.453583
1779198994.665,/benchmark/latency_ms,77.904472
1779198994.712,/benchmark/latency_ms,69.739624
1779198994.756,/benchmark/latency_ms,88.418137
1779198994.804,/benchmark/latency_ms,80.564606
1779198994.846,/benchmark/latency_ms,71.603607
1779198994.891,/benchmark/latency_ms,90.176811
1779198994.937,/benchmark/latency_ms,82.849121
1779198994.982,/benchmark/latency_ms,73.275475
1779198995.027,/benchmark/latency_ms,91.829796
1779198995.075,/benchmark/latency_ms,85.569344
1779198995.119,/benchmark/latency_ms,77.080559
1779198995.165,/benchmark/latency_ms,68.997719
1779198995.211,/benchmark/latency_ms,87.599243
1779198995.255,/benchmark/latency_ms,78.428017
1779198995.302,/benchmark/latency_ms,70.278107
1779198995.345,/benchmark/latency_ms,88.213821
1779198995.391,/benchmark/latency_ms,80.005386
1779198995.447,/benchmark/latency_ms,71.104424
1779198995.478,/benchmark/latency_ms,89.231812
1779198995.523,/benchmark/latency_ms,80.503448
1779198995.569,/benchmark/latency_ms,72.112328
1779198995.612,/benchmark/latency_ms,90.585983
1779198995.658,/benchmark/latency_ms,82.241875
1779198995.702,/benchmark/latency_ms,73.157684
1779198995.748,/benchmark/latency_ms,91.139511
1779198995.808,/benchmark/latency_ms,82.851395
1779198995.838,/benchmark/latency_ms,73.561867
1779198995.883,/benchmark/latency_ms,91.776360
1779198995.926,/benchmark/latency_ms,82.235054
1779198995.982,/benchmark/latency_ms,73.471176
1779198996.015,/benchmark/latency_ms,91.634407
1779198996.060,/benchmark/latency_ms,82.096504
1779198996.104,/benchmark/latency_ms,72.304871
1779198996.149,/benchmark/latency_ms,90.665443
1779198996.195,/benchmark/latency_ms,81.615715
1779198996.239,/benchmark/latency_ms,73.771622
1779198996.285,/benchmark/latency_ms,91.659271
1779198996.329,/benchmark/latency_ms,82.823654
1779198996.381,/benchmark/latency_ms,73.297035
1779198996.417,/benchmark/latency_ms,91.081108
1779198996.474,/benchmark/latency_ms,82.487495
1779198996.507,/benchmark/latency_ms,72.869400
1779198996.552,/benchmark/latency_ms,90.916153
1779198996.599,/benchmark/latency_ms,81.078957
1779198996.641,/benchmark/latency_ms,72.337891
1779198996.686,/benchmark/latency_ms,90.031219
1779198996.727,/benchmark/latency_ms,81.110313
1779198996.772,/benchmark/latency_ms,71.389214
1779198996.815,/benchmark/latency_ms,64.642181
1779198996.859,/benchmark/latency_ms,83.333466
1779198996.903,/benchmark/latency_ms,76.075081
1779198996.949,/benchmark/latency_ms,68.365288
1779198996.995,/benchmark/latency_ms,87.303894
1779198997.038,/benchmark/latency_ms,80.670937
1779198997.083,/benchmark/latency_ms,74.790634
1779198997.129,/benchmark/latency_ms,67.924118
1779198997.175,/benchmark/latency_ms,88.856972
1779198997.219,/benchmark/latency_ms,83.683311
1779198997.265,/benchmark/latency_ms,78.496681
1779198997.311,/benchmark/latency_ms,73.568359
1779198997.355,/benchmark/latency_ms,66.512245
1779198997.400,/benchmark/latency_ms,86.223793
1779198997.445,/benchmark/latency_ms,80.730423
1779198997.493,/benchmark/latency_ms,79.701134
1779198997.539,/benchmark/latency_ms,72.934265
1779198997.585,/benchmark/latency_ms,66.720428
1779198997.629,/benchmark/latency_ms,87.378708
1779198997.675,/benchmark/latency_ms,83.918251
1779198997.721,/benchmark/latency_ms,81.448166
1779198997.768,/benchmark/latency_ms,76.025162
1779198997.817,/benchmark/latency_ms,71.281532
1779198997.860,/benchmark/latency_ms,89.996628
1779198997.919,/benchmark/latency_ms,84.007332
1779198997.951,/benchmark/latency_ms,80.283974
1779198997.997,/benchmark/latency_ms,76.835060
1779198998.064,/benchmark/latency_ms,68.290855
1779198998.123,/benchmark/latency_ms,88.224190
1779198998.154,/benchmark/latency_ms,81.246826
1779198998.200,/benchmark/latency_ms,75.118591
1779198998.246,/benchmark/latency_ms,92.733803
1779198998.289,/benchmark/latency_ms,84.194084
1779198998.334,/benchmark/latency_ms,76.166794
1779198998.381,/benchmark/latency_ms,68.121872
1779198998.424,/benchmark/latency_ms,86.633095
1779198998.469,/benchmark/latency_ms,78.752586
1779198998.515,/benchmark/latency_ms,72.848572
1779198998.561,/benchmark/latency_ms,70.708717
1779198998.606,/benchmark/latency_ms,66.099838
1779198998.651,/benchmark/latency_ms,85.390083
1779198998.698,/benchmark/latency_ms,78.083031
1779198998.744,/benchmark/latency_ms,70.614449
1779198998.788,/benchmark/latency_ms,90.645889
1779198998.848,/benchmark/latency_ms,85.798584
1779198998.882,/benchmark/latency_ms,81.719292
1779198998.936,/benchmark/latency_ms,76.548508
1779198998.969,/benchmark/latency_ms,67.385117
1779198999.014,/benchmark/latency_ms,85.368675
1779198999.060,/benchmark/latency_ms,76.536797
1779198999.107,/benchmark/latency_ms,68.394981
1779198999.149,/benchmark/latency_ms,86.555656
1779198999.194,/benchmark/latency_ms,78.487022
1779198999.236,/benchmark/latency_ms,69.214226
1779198999.281,/benchmark/latency_ms,86.979904
1779198999.326,/benchmark/latency_ms,78.348846
1779198999.370,/benchmark/latency_ms,69.397202
1779198999.415,/benchmark/latency_ms,87.349747
1779198999.460,/benchmark/latency_ms,78.637001
1779198999.506,/benchmark/latency_ms,69.725380
1779198999.550,/benchmark/latency_ms,88.428665
1779198999.596,/benchmark/latency_ms,81.592133
1779198999.642,/benchmark/latency_ms,72.937752
1779198999.683,/benchmark/latency_ms,90.274185
1779198999.730,/benchmark/latency_ms,81.437096
1779198999.774,/benchmark/latency_ms,73.049873
1779198999.819,/benchmark/latency_ms,90.963737
1779198999.875,/benchmark/latency_ms,82.554214
1779198999.908,/benchmark/latency_ms,73.572136
1779198999.953,/benchmark/latency_ms,92.357849
1779198999.998,/benchmark/latency_ms,84.915375
1779199000.043,/benchmark/latency_ms,76.898422
1779199000.087,/benchmark/latency_ms,69.054680
1779199000.135,/benchmark/latency_ms,88.643219
1779199000.181,/benchmark/latency_ms,85.079178
1779199000.228,/benchmark/latency_ms,81.488457
1779199000.273,/benchmark/latency_ms,78.240662
1779199000.330,/benchmark/latency_ms,70.331642
1779199000.374,/benchmark/latency_ms,88.483673
1779199000.406,/benchmark/latency_ms,80.391968
1779199000.462,/benchmark/latency_ms,71.715286
1779199000.496,/benchmark/latency_ms,90.729759
1779199000.540,/benchmark/latency_ms,82.096916
1779199000.585,/benchmark/latency_ms,73.157143
1779199000.630,/benchmark/latency_ms,91.480560
1779199000.676,/benchmark/latency_ms,83.268059
1779199000.731,/benchmark/latency_ms,75.158142
1779199000.764,/benchmark/latency_ms,66.647636
1779199000.809,/benchmark/latency_ms,85.336487
1779199000.854,/benchmark/latency_ms,77.490891
1779199000.903,/benchmark/latency_ms,68.966232
1779199000.944,/benchmark/latency_ms,86.639015
1779199000.989,/benchmark/latency_ms,77.835678
1779199001.035,/benchmark/latency_ms,70.458130
1779199001.080,/benchmark/latency_ms,88.768661
1779199001.124,/benchmark/latency_ms,81.234093
1779199001.169,/benchmark/latency_ms,73.747108
1779199001.214,/benchmark/latency_ms,92.228668
1779199001.259,/benchmark/latency_ms,84.847633
1779199001.318,/benchmark/latency_ms,77.023827
1779199001.350,/benchmark/latency_ms,94.545830
1779199001.394,/benchmark/latency_ms,89.488861
1779199001.440,/benchmark/latency_ms,84.315491
1779199001.485,/benchmark/latency_ms,78.419060
1779199001.530,/benchmark/latency_ms,97.677208
1779199001.576,/benchmark/latency_ms,68.916542
1779199001.621,/benchmark/latency_ms,87.265526
1779199001.666,/benchmark/latency_ms,79.277725
1779199001.712,/benchmark/latency_ms,70.596947
1779199001.756,/benchmark/latency_ms,88.692406
1779199001.811,/benchmark/latency_ms,81.406952
1779199001.845,/benchmark/latency_ms,79.635666
1779199001.891,/benchmark/latency_ms,76.215942
1779199001.934,/benchmark/latency_ms,72.214088
1779199001.981,/benchmark/latency_ms,67.057228
1779199002.027,/benchmark/latency_ms,87.887558
1779199002.086,/benchmark/latency_ms,84.484604
1779199002.118,/benchmark/latency_ms,80.811668
1779199002.163,/benchmark/latency_ms,75.809715
1779199002.208,/benchmark/latency_ms,71.178307
1779199002.253,/benchmark/latency_ms,66.657074
1779199002.300,/benchmark/latency_ms,88.201408
1779199002.345,/benchmark/latency_ms,84.150726
1779199002.392,/benchmark/latency_ms,80.096771
1779199002.436,/benchmark/latency_ms,75.950577
1779199002.483,/benchmark/latency_ms,71.589371
1779199002.537,/benchmark/latency_ms,67.527840
1779199002.573,/benchmark/latency_ms,88.269310
1779199002.618,/benchmark/latency_ms,84.840981
1779199002.674,/benchmark/latency_ms,81.461288
1779199002.709,/benchmark/latency_ms,78.222389
1779199002.754,/benchmark/latency_ms,73.590439
1779199002.798,/benchmark/latency_ms,69.425644
1779199002.845,/benchmark/latency_ms,65.694183
1779199002.901,/benchmark/latency_ms,86.824768
1779199002.937,/benchmark/latency_ms,83.534615
1779199002.980,/benchmark/latency_ms,78.733292
1779199003.027,/benchmark/latency_ms,74.637871
1779199003.071,/benchmark/latency_ms,70.404442
1779199003.119,/benchmark/latency_ms,66.680466
1779199003.175,/benchmark/latency_ms,87.330711
1779199003.208,/benchmark/latency_ms,84.360382
1779199003.253,/benchmark/latency_ms,80.459938
1779199003.298,/benchmark/latency_ms,76.673180
1779199003.343,/benchmark/latency_ms,71.975121
1779199003.391,/benchmark/latency_ms,67.666557
1779199003.434,/benchmark/latency_ms,88.403198
1779199003.492,/benchmark/latency_ms,84.499039
1779199003.525,/benchmark/latency_ms,80.747322
1779199003.571,/benchmark/latency_ms,76.422180
1779199003.619,/benchmark/latency_ms,72.087563
1779199003.661,/benchmark/latency_ms,68.777283
1779199003.718,/benchmark/latency_ms,64.760193
1779199003.752,/benchmark/latency_ms,86.358543
1779199003.798,/benchmark/latency_ms,82.267982
1779199003.843,/benchmark/latency_ms,78.259064
1779199003.889,/benchmark/latency_ms,74.541458
1779199003.945,/benchmark/latency_ms,69.954819
1779199003.979,/benchmark/latency_ms,66.403740
1779199004.026,/benchmark/latency_ms,87.385170
1779199004.070,/benchmark/latency_ms,83.679565
1779199004.118,/benchmark/latency_ms,81.474915
1779199004.175,/benchmark/latency_ms,76.700729
1779199004.207,/benchmark/latency_ms,72.368553
1779199004.252,/benchmark/latency_ms,68.288040
1779199004.299,/benchmark/latency_ms,89.050667
1779199004.345,/benchmark/latency_ms,85.645889
1779199004.389,/benchmark/latency_ms,81.168907
1779199004.434,/benchmark/latency_ms,77.430824
1779199004.481,/benchmark/latency_ms,73.235092
1779199004.525,/benchmark/latency_ms,68.939003
1779199004.570,/benchmark/latency_ms,65.044411
1779199004.617,/benchmark/latency_ms,86.195023
1779199004.661,/benchmark/latency_ms,81.437447
1779199004.706,/benchmark/latency_ms,77.761505
1779199004.753,/benchmark/latency_ms,77.101585
1779199004.799,/benchmark/latency_ms,73.042099
1779199004.844,/benchmark/latency_ms,67.200806
1779199004.889,/benchmark/latency_ms,87.352310
1779199004.944,/benchmark/latency_ms,80.701752
1779199004.979,/benchmark/latency_ms,74.887436
1779199005.027,/benchmark/latency_ms,70.478905
1779199005.072,/benchmark/latency_ms,68.657150
1779199005.117,/benchmark/latency_ms,89.849464
1779199005.162,/benchmark/latency_ms,81.482056
1779199005.206,/benchmark/latency_ms,73.037811
1779199005.253,/benchmark/latency_ms,91.148026
1779199005.310,/benchmark/latency_ms,84.150536
1779199005.344,/benchmark/latency_ms,78.909828
1779199005.392,/benchmark/latency_ms,75.969681
1779199005.435,/benchmark/latency_ms,71.427711
1779199005.480,/benchmark/latency_ms,90.354095
1779199005.526,/benchmark/latency_ms,82.039452
1779199005.569,/benchmark/latency_ms,73.700233
1779199005.619,/benchmark/latency_ms,66.953072
1779199005.663,/benchmark/latency_ms,88.997040
1779199005.718,/benchmark/latency_ms,84.136711
1779199005.753,/benchmark/latency_ms,77.409195
1779199005.810,/benchmark/latency_ms,70.659309
1779199005.842,/benchmark/latency_ms,90.285004
1779199005.901,/benchmark/latency_ms,84.093636
1779199005.934,/benchmark/latency_ms,78.157013
1779199005.977,/benchmark/latency_ms,96.175385
1779199006.021,/benchmark/latency_ms,88.941811
1779199006.066,/benchmark/latency_ms,81.195564
1779199006.108,/benchmark/latency_ms,74.113914
1779199006.152,/benchmark/latency_ms,67.049644
1779199006.197,/benchmark/latency_ms,85.795578
1779199006.242,/benchmark/latency_ms,77.050064
1779199006.298,/benchmark/latency_ms,67.734329
1779199006.331,/benchmark/latency_ms,85.783577
1779199006.379,/benchmark/latency_ms,77.687431
1779199006.423,/benchmark/latency_ms,69.043831
1779199006.466,/benchmark/latency_ms,87.322739
1779199006.512,/benchmark/latency_ms,77.954170
1779199006.567,/benchmark/latency_ms,69.968895
1779199006.600,/benchmark/latency_ms,87.083130
1779199006.644,/benchmark/latency_ms,77.700806
1779199006.688,/benchmark/latency_ms,68.252907
1779199006.730,/benchmark/latency_ms,86.435341
1779199006.775,/benchmark/latency_ms,77.989182
1779199006.819,/benchmark/latency_ms,68.508072
1779199006.864,/benchmark/latency_ms,86.696579
1779199006.909,/benchmark/latency_ms,78.447823
1779199006.955,/benchmark/latency_ms,69.197845
1779199007.001,/benchmark/latency_ms,86.949921
1779199007.046,/benchmark/latency_ms,77.930466
1779199007.089,/benchmark/latency_ms,69.898499
1779199007.134,/benchmark/latency_ms,88.519737
1779199007.179,/benchmark/latency_ms,80.463074
1779199007.223,/benchmark/latency_ms,71.276833
1779199007.268,/benchmark/latency_ms,89.575584
1779199007.314,/benchmark/latency_ms,81.483688
1779199007.358,/benchmark/latency_ms,72.925659
1779199007.404,/benchmark/latency_ms,91.468849
1779199007.447,/benchmark/latency_ms,82.479378
1779199007.491,/benchmark/latency_ms,73.537415
1779199007.536,/benchmark/latency_ms,92.320282
1779199007.581,/benchmark/latency_ms,84.497307
1779199007.626,/benchmark/latency_ms,76.848892
1779199007.672,/benchmark/latency_ms,68.014511
1779199007.715,/benchmark/latency_ms,86.548172
1779199007.760,/benchmark/latency_ms,78.704170
1779199007.805,/benchmark/latency_ms,70.763916
1779199007.850,/benchmark/latency_ms,89.528351
1779199007.894,/benchmark/latency_ms,80.884407
1779199007.953,/benchmark/latency_ms,74.496277
1779199008.000,/benchmark/latency_ms,71.381981
1779199008.037,/benchmark/latency_ms,70.302460
1779199008.080,/benchmark/latency_ms,66.641205
1779199008.125,/benchmark/latency_ms,85.185226
1779199008.170,/benchmark/latency_ms,76.734398
1779199008.215,/benchmark/latency_ms,67.901588
1779199008.269,/benchmark/latency_ms,86.774178
1779199008.304,/benchmark/latency_ms,77.824356
1779199008.349,/benchmark/latency_ms,69.139351
1779199008.394,/benchmark/latency_ms,87.748810
1779199008.439,/benchmark/latency_ms,80.104523
1779199008.483,/benchmark/latency_ms,71.700951
1779199008.528,/benchmark/latency_ms,90.109459
1779199008.572,/benchmark/latency_ms,82.045403
1779199008.618,/benchmark/latency_ms,75.702484
1779199008.665,/benchmark/latency_ms,67.237762
1779199008.709,/benchmark/latency_ms,86.547401
1779199008.756,/benchmark/latency_ms,80.661278
1779199008.805,/benchmark/latency_ms,79.525658
1779199008.848,/benchmark/latency_ms,75.873650
1779199008.893,/benchmark/latency_ms,68.300201
1779199008.937,/benchmark/latency_ms,86.083191
1779199008.983,/benchmark/latency_ms,77.900063
1779199009.026,/benchmark/latency_ms,69.531372
1779199009.072,/benchmark/latency_ms,87.476562
1779199009.117,/benchmark/latency_ms,78.389168
1779199009.161,/benchmark/latency_ms,69.901703
1779199009.207,/benchmark/latency_ms,89.936310
1779199009.266,/benchmark/latency_ms,83.975883
1779199009.302,/benchmark/latency_ms,82.890274
1779199009.345,/benchmark/latency_ms,79.498230
1779199009.388,/benchmark/latency_ms,76.271179
1779199009.438,/benchmark/latency_ms,73.295151
1779199009.482,/benchmark/latency_ms,69.721832
1779199009.528,/benchmark/latency_ms,65.623665
1779199009.574,/benchmark/latency_ms,87.353783
1779199009.619,/benchmark/latency_ms,84.725914
1779199009.663,/benchmark/latency_ms,81.709312
1779199009.710,/benchmark/latency_ms,77.661766
1779199009.755,/benchmark/latency_ms,73.730888
1779199009.801,/benchmark/latency_ms,70.592209
1779199009.847,/benchmark/latency_ms,67.545212
1779199009.893,/benchmark/latency_ms,88.452927
1779199009.941,/benchmark/latency_ms,85.363655
1779199009.985,/benchmark/latency_ms,81.445641
1779199010.036,/benchmark/latency_ms,82.883400
1779199010.092,/benchmark/latency_ms,80.280289
1779199010.124,/benchmark/latency_ms,76.329895
1779199010.171,/benchmark/latency_ms,71.791481
1779199010.220,/benchmark/latency_ms,71.172424
1779199010.265,/benchmark/latency_ms,67.316803
1779199010.309,/benchmark/latency_ms,87.683342
1779199010.358,/benchmark/latency_ms,84.746964
1779199010.401,/benchmark/latency_ms,82.437325
1779199010.449,/benchmark/latency_ms,75.892883
1779199010.492,/benchmark/latency_ms,68.510918
1779199010.537,/benchmark/latency_ms,88.775635
1779199010.594,/benchmark/latency_ms,85.722145
1779199010.629,/benchmark/latency_ms,81.282158
1779199010.673,/benchmark/latency_ms,77.030518
1779199010.718,/benchmark/latency_ms,72.585762
1779199010.762,/benchmark/latency_ms,67.805435
1779199010.809,/benchmark/latency_ms,88.638260
1779199010.852,/benchmark/latency_ms,83.796593
1779199010.898,/benchmark/latency_ms,79.089760
1779199010.943,/benchmark/latency_ms,73.985504
1779199010.989,/benchmark/latency_ms,68.797630
1779199011.033,/benchmark/latency_ms,88.746040
1779199011.081,/benchmark/latency_ms,86.055031
1779199011.123,/benchmark/latency_ms,81.586823
1779199011.170,/benchmark/latency_ms,78.730026
1779199011.214,/benchmark/latency_ms,75.373695
1779199011.259,/benchmark/latency_ms,71.376228
1779199011.316,/benchmark/latency_ms,66.921585
1779199011.351,/benchmark/latency_ms,87.720398
1779199011.397,/benchmark/latency_ms,83.135101
1779199011.441,/benchmark/latency_ms,79.035683
1779199011.488,/benchmark/latency_ms,99.721382
1779199011.533,/benchmark/latency_ms,71.713692
1779199011.577,/benchmark/latency_ms,66.989418
1779199011.623,/benchmark/latency_ms,88.467384
1779199011.669,/benchmark/latency_ms,84.811096
1779199011.715,/benchmark/latency_ms,79.300926
1779199011.761,/benchmark/latency_ms,72.383720
1779199011.806,/benchmark/latency_ms,92.859055
1779199011.854,/benchmark/latency_ms,87.991653
1779199011.897,/benchmark/latency_ms,82.992386
1779199011.944,/benchmark/latency_ms,77.354256
1779199012.004,/benchmark/latency_ms,71.325249
1779199012.038,/benchmark/latency_ms,67.483299
1779199012.085,/benchmark/latency_ms,89.002480
1779199012.131,/benchmark/latency_ms,84.243362
1779199012.177,/benchmark/latency_ms,79.088417
1779199012.221,/benchmark/latency_ms,75.468285
1779199012.266,/benchmark/latency_ms,71.232132
1779199012.311,/benchmark/latency_ms,67.080811
1779199012.356,/benchmark/latency_ms,88.145027
1779199012.402,/benchmark/latency_ms,84.915894
1779199012.449,/benchmark/latency_ms,80.601242
1779199012.493,/benchmark/latency_ms,76.260582
1779199012.538,/benchmark/latency_ms,71.709496
1779199012.582,/benchmark/latency_ms,67.324417
1779199012.631,/benchmark/latency_ms,89.247078
1779199012.675,/benchmark/latency_ms,84.941650
1779199012.721,/benchmark/latency_ms,78.646156
1779199012.768,/benchmark/latency_ms,71.350243
1779199012.822,/benchmark/latency_ms,90.804420
1779199012.856,/benchmark/latency_ms,82.277687
1779199012.902,/benchmark/latency_ms,75.806038
1779199012.951,/benchmark/latency_ms,72.672447
1779199012.998,/benchmark/latency_ms,72.353668
1779199013.043,/benchmark/latency_ms,69.765770
1779199013.088,/benchmark/latency_ms,66.018562
1779199013.135,/benchmark/latency_ms,87.471382
1779199013.181,/benchmark/latency_ms,84.858002
1779199013.238,/benchmark/latency_ms,80.421860
1779199013.275,/benchmark/latency_ms,76.118607
1779199013.317,/benchmark/latency_ms,71.434784
1779199013.362,/benchmark/latency_ms,67.558174
1779199013.408,/benchmark/latency_ms,88.897141
1779199013.456,/benchmark/latency_ms,85.090988
1779199013.500,/benchmark/latency_ms,78.940521
1779199013.545,/benchmark/latency_ms,72.605698
1779199013.594,/benchmark/latency_ms,92.961327
1779199013.635,/benchmark/latency_ms,87.104256
1779199013.681,/benchmark/latency_ms,81.134384
1779199013.725,/benchmark/latency_ms,75.018211
1779199013.773,/benchmark/latency_ms,68.400269
1779199013.819,/benchmark/latency_ms,87.899719
1779199013.863,/benchmark/latency_ms,81.819550
1779199013.908,/benchmark/latency_ms,76.483429
1779199013.967,/benchmark/latency_ms,70.470070
1779199014.013,/benchmark/latency_ms,90.942619
1779199014.045,/benchmark/latency_ms,84.801270
1779199014.092,/benchmark/latency_ms,78.948067
1779199014.137,/benchmark/latency_ms,71.962738
1779199014.181,/benchmark/latency_ms,92.205757
1779199014.227,/benchmark/latency_ms,84.930069
1779199014.273,/benchmark/latency_ms,78.066490
1779199014.317,/benchmark/latency_ms,71.038727
1779199014.364,/benchmark/latency_ms,66.647507
1779199014.408,/benchmark/latency_ms,87.734032
1779199014.454,/benchmark/latency_ms,83.773361
1779199014.499,/benchmark/latency_ms,79.066467
1779199014.545,/benchmark/latency_ms,74.646385
1779199014.591,/benchmark/latency_ms,70.021156
1779199014.635,/benchmark/latency_ms,66.287201
1779199014.681,/benchmark/latency_ms,87.547668
1779199014.726,/benchmark/latency_ms,82.764328
1779199014.773,/benchmark/latency_ms,78.335541
1779199014.816,/benchmark/latency_ms,74.195198
1779199014.861,/benchmark/latency_ms,69.652458
1779199014.920,/benchmark/latency_ms,65.350388
1779199014.952,/benchmark/latency_ms,86.248055
1779199015.011,/benchmark/latency_ms,81.899612
1779199015.043,/benchmark/latency_ms,77.478058
1779199015.091,/benchmark/latency_ms,74.384148
1779199015.136,/benchmark/latency_ms,68.870911
1779199015.184,/benchmark/latency_ms,90.471176
1779199015.232,/benchmark/latency_ms,83.662643
1779199015.276,/benchmark/latency_ms,76.908440
1779199015.322,/benchmark/latency_ms,69.781509
1779199015.367,/benchmark/latency_ms,88.610710
1779199015.412,/benchmark/latency_ms,81.384300
1779199015.460,/benchmark/latency_ms,74.643631
1779199015.504,/benchmark/latency_ms,67.052109
1779199015.550,/benchmark/latency_ms,86.594414
1779199015.601,/benchmark/latency_ms,79.779282
1779199015.645,/benchmark/latency_ms,78.083069
1779199015.688,/benchmark/latency_ms,75.246277
1779199015.734,/benchmark/latency_ms,71.507874
1779199015.789,/benchmark/latency_ms,89.993462
1779199015.823,/benchmark/latency_ms,83.050850
1779199015.868,/benchmark/latency_ms,75.992691
1779199015.913,/benchmark/latency_ms,67.717468
1779199015.957,/benchmark/latency_ms,85.484390
1779199016.014,/benchmark/latency_ms,77.116119
1779199016.057,/benchmark/latency_ms,68.541130
1779199016.090,/benchmark/latency_ms,86.636871
1779199016.138,/benchmark/latency_ms,78.559540
1779199016.181,/benchmark/latency_ms,71.467873
1779199016.227,/benchmark/latency_ms,66.484665
1779199016.272,/benchmark/latency_ms,87.156479
1779199016.318,/benchmark/latency_ms,81.441833
1779199016.363,/benchmark/latency_ms,75.966675
1779199016.411,/benchmark/latency_ms,70.630966
1779199016.453,/benchmark/latency_ms,90.220757
1779199016.499,/benchmark/latency_ms,82.708267
1779199016.545,/benchmark/latency_ms,74.091232
1779199016.589,/benchmark/latency_ms,91.860008
1779199016.634,/benchmark/latency_ms,84.243042
1779199016.677,/benchmark/latency_ms,76.446533
1779199016.720,/benchmark/latency_ms,66.907890
1779199016.765,/benchmark/latency_ms,85.217644
1779199016.809,/benchmark/latency_ms,76.478279
1779199016.854,/benchmark/latency_ms,67.665665
1779199016.898,/benchmark/latency_ms,85.682274
1779199016.945,/benchmark/latency_ms,77.530472
1779199016.990,/benchmark/latency_ms,69.787529
1779199017.034,/benchmark/latency_ms,88.398941
1779199017.081,/benchmark/latency_ms,80.425156
1779199017.124,/benchmark/latency_ms,71.944656
1779199017.171,/benchmark/latency_ms,90.437424
1779199017.213,/benchmark/latency_ms,81.832253
1779199017.260,/benchmark/latency_ms,73.892899
1779199017.304,/benchmark/latency_ms,91.998787
1779199017.348,/benchmark/latency_ms,81.691048
1779199017.393,/benchmark/latency_ms,73.045692
1779199017.438,/benchmark/latency_ms,90.766914
1779199017.481,/benchmark/latency_ms,82.824875
1779199017.526,/benchmark/latency_ms,74.444435
1779199017.571,/benchmark/latency_ms,93.314659
1779199017.616,/benchmark/latency_ms,84.762901
1779199017.662,/benchmark/latency_ms,77.737732
1779199017.708,/benchmark/latency_ms,73.430191
1779199017.754,/benchmark/latency_ms,70.710358
1779199017.802,/benchmark/latency_ms,89.445320
1779199017.842,/benchmark/latency_ms,80.766685
1779199017.888,/benchmark/latency_ms,73.161049
1779199017.934,/benchmark/latency_ms,91.949066
1779199017.981,/benchmark/latency_ms,86.433678
1779199018.028,/benchmark/latency_ms,82.873161
1779199018.073,/benchmark/latency_ms,78.169884
1779199018.117,/benchmark/latency_ms,73.342674
1779199018.165,/benchmark/latency_ms,92.443420
1779199018.221,/benchmark/latency_ms,85.047218
1779199018.254,/benchmark/latency_ms,78.973160
1779199018.304,/benchmark/latency_ms,75.027718
1779199018.348,/benchmark/latency_ms,73.470634
1779199018.397,/benchmark/latency_ms,73.075516
1779199018.441,/benchmark/latency_ms,71.259560
1779199018.488,/benchmark/latency_ms,70.333656
1779199018.535,/benchmark/latency_ms,69.380180
1779199018.584,/benchmark/latency_ms,68.689987
1779199018.630,/benchmark/latency_ms,68.004562
1779199018.678,/benchmark/latency_ms,67.281448
1779199018.726,/benchmark/latency_ms,66.972656
1779199018.776,/benchmark/latency_ms,90.825668
1779199018.835,/benchmark/latency_ms,93.280869
1779199018.872,/benchmark/latency_ms,67.045227
1779199018.918,/benchmark/latency_ms,89.811134
1779199018.964,/benchmark/latency_ms,88.170952
1779199019.012,/benchmark/latency_ms,86.631111
1779199019.061,/benchmark/latency_ms,86.467247
1779199019.107,/benchmark/latency_ms,86.287125
1779199019.169,/benchmark/latency_ms,86.398003
1779199019.203,/benchmark/latency_ms,85.419624
1779199019.250,/benchmark/latency_ms,83.773232
1779199019.297,/benchmark/latency_ms,80.308968
1779199019.340,/benchmark/latency_ms,73.676300
1779199019.387,/benchmark/latency_ms,91.863274
1779199019.431,/benchmark/latency_ms,83.792755
1779199019.479,/benchmark/latency_ms,76.868858
1779199019.533,/benchmark/latency_ms,69.022781
1779199019.567,/benchmark/latency_ms,87.918602
1779199019.617,/benchmark/latency_ms,79.787636
1779199019.659,/benchmark/latency_ms,70.310204
1779199019.700,/benchmark/latency_ms,89.015663
1779199019.748,/benchmark/latency_ms,81.806244
1779199019.793,/benchmark/latency_ms,73.855011
1779199019.839,/benchmark/latency_ms,92.849327
1779199019.899,/benchmark/latency_ms,87.597008
1779199019.933,/benchmark/latency_ms,84.723930
1779199019.981,/benchmark/latency_ms,84.314018
1779199020.029,/benchmark/latency_ms,107.268623
1779199020.074,/benchmark/latency_ms,76.797691
1779199020.119,/benchmark/latency_ms,71.859802
1779199020.167,/benchmark/latency_ms,91.895882
1779199020.215,/benchmark/latency_ms,87.834732
1779199020.261,/benchmark/latency_ms,84.357376
1779199020.308,/benchmark/latency_ms,79.453247
1779199020.350,/benchmark/latency_ms,74.512596
1779199020.395,/benchmark/latency_ms,68.454185
1779199020.440,/benchmark/latency_ms,88.091110
1779199020.488,/benchmark/latency_ms,83.134819
1779199020.535,/benchmark/latency_ms,78.597298
1779199020.580,/benchmark/latency_ms,72.737183
1779199020.627,/benchmark/latency_ms,92.055878
1779199020.672,/benchmark/latency_ms,85.650246
1779199020.717,/benchmark/latency_ms,81.635330
1779199020.764,/benchmark/latency_ms,78.461205
1779199020.807,/benchmark/latency_ms,74.328377
1779199020.855,/benchmark/latency_ms,70.186081
1779199020.900,/benchmark/latency_ms,66.307167
1779199020.944,/benchmark/latency_ms,87.731155
1779199020.991,/benchmark/latency_ms,82.932068
1779199021.037,/benchmark/latency_ms,79.202980
1779199021.081,/benchmark/latency_ms,76.611328
1779199021.127,/benchmark/latency_ms,72.830269
1779199021.174,/benchmark/latency_ms,92.891602
1779199021.222,/benchmark/latency_ms,85.925209
1779199021.267,/benchmark/latency_ms,79.907539
1779199021.312,/benchmark/latency_ms,76.058960
1779199021.358,/benchmark/latency_ms,72.153008
1779199021.404,/benchmark/latency_ms,69.043198
1779199021.450,/benchmark/latency_ms,67.055504
1779199021.508,/benchmark/latency_ms,87.166107
1779199021.543,/benchmark/latency_ms,81.321579
1779199021.588,/benchmark/latency_ms,75.919380
1779199021.632,/benchmark/latency_ms,71.275017
1779199021.678,/benchmark/latency_ms,91.205338
1779199021.724,/benchmark/latency_ms,86.953568
1779199021.775,/benchmark/latency_ms,81.728165
1779199021.830,/benchmark/latency_ms,78.177979
1779199021.861,/benchmark/latency_ms,72.809792
1779199021.906,/benchmark/latency_ms,69.910469
1779199021.954,/benchmark/latency_ms,91.317787
1779199022.001,/benchmark/latency_ms,85.316490
1779199022.045,/benchmark/latency_ms,105.732918
1779199022.092,/benchmark/latency_ms,75.289124
1779199022.136,/benchmark/latency_ms,69.515022
1779199022.181,/benchmark/latency_ms,90.194679
1779199022.228,/benchmark/latency_ms,86.851784
1779199022.275,/benchmark/latency_ms,81.727432
1779199022.320,/benchmark/latency_ms,77.446030
1779199022.366,/benchmark/latency_ms,72.271309
1779199022.412,/benchmark/latency_ms,92.966637
1779199022.468,/benchmark/latency_ms,87.767982
1779199022.503,/benchmark/latency_ms,81.409294
1779199022.547,/benchmark/latency_ms,75.680473
1779199022.594,/benchmark/latency_ms,70.357307
1779199022.650,/benchmark/latency_ms,91.254486
1779199022.685,/benchmark/latency_ms,86.405457
1779199022.732,/benchmark/latency_ms,81.329842
1779199022.778,/benchmark/latency_ms,75.891319
1779199022.821,/benchmark/latency_ms,70.333344
1779199022.867,/benchmark/latency_ms,90.954628
1779199022.925,/benchmark/latency_ms,85.880699
1779199022.958,/benchmark/latency_ms,79.913490
1779199023.004,/benchmark/latency_ms,74.966408
1779199023.051,/benchmark/latency_ms,69.048157
1779199023.096,/benchmark/latency_ms,89.206665
1779199023.142,/benchmark/latency_ms,83.276001
1779199023.186,/benchmark/latency_ms,77.400337
1779199023.233,/benchmark/latency_ms,71.435364
1779199023.279,/benchmark/latency_ms,66.747543
1779199023.335,/benchmark/latency_ms,86.371857
1779199023.369,/benchmark/latency_ms,78.675728
1779199023.413,/benchmark/latency_ms,71.771576
1779199023.458,/benchmark/latency_ms,64.255379
1779199023.502,/benchmark/latency_ms,83.223228
1779199023.548,/benchmark/latency_ms,77.090904
1779199023.591,/benchmark/latency_ms,71.063339
1779199023.638,/benchmark/latency_ms,65.359734
1779199023.681,/benchmark/latency_ms,85.326408
1779199023.725,/benchmark/latency_ms,79.124771
1779199023.773,/benchmark/latency_ms,73.796776
1779199023.818,/benchmark/latency_ms,67.733116
1779199023.863,/benchmark/latency_ms,88.525276
1779199023.907,/benchmark/latency_ms,85.483078
1779199023.953,/benchmark/latency_ms,82.587730
1779199024.000,/benchmark/latency_ms,80.066223
1779199024.045,/benchmark/latency_ms,73.676270
1779199024.088,/benchmark/latency_ms,65.843277
1779199024.134,/benchmark/latency_ms,83.971725
1779199024.179,/benchmark/latency_ms,76.267853
1779199024.222,/benchmark/latency_ms,68.072472
1779199024.267,/benchmark/latency_ms,86.829575
1779199024.312,/benchmark/latency_ms,78.473587
1779199024.356,/benchmark/latency_ms,69.457008
1779199024.401,/benchmark/latency_ms,89.622688
1779199024.449,/benchmark/latency_ms,82.518898
1779199024.495,/benchmark/latency_ms,78.939148
1779199024.540,/benchmark/latency_ms,70.194077
1779199024.586,/benchmark/latency_ms,90.838081
1779199024.630,/benchmark/latency_ms,84.373985
1779199024.676,/benchmark/latency_ms,81.760002
1779199024.722,/benchmark/latency_ms,76.703873
1779199024.766,/benchmark/latency_ms,71.730011
1779199024.811,/benchmark/latency_ms,66.435997
1779199024.852,/benchmark/latency_ms,85.378891
1779199024.900,/benchmark/latency_ms,79.732185
1779199024.943,/benchmark/latency_ms,74.288826
1779199024.989,/benchmark/latency_ms,70.362938
1779199025.034,/benchmark/latency_ms,66.277153
1779199025.080,/benchmark/latency_ms,87.542198
1779199025.128,/benchmark/latency_ms,83.810226
1779199025.173,/benchmark/latency_ms,80.153709
1779199025.219,/benchmark/latency_ms,76.162895
1779199025.262,/benchmark/latency_ms,71.973495
1779199025.307,/benchmark/latency_ms,68.510246
1779199025.355,/benchmark/latency_ms,90.226959
1779199025.403,/benchmark/latency_ms,88.385986
1779199025.447,/benchmark/latency_ms,80.755775
1779199025.494,/benchmark/latency_ms,74.665359
1779199025.537,/benchmark/latency_ms,70.543449
1779199025.584,/benchmark/latency_ms,65.666962
1779199025.629,/benchmark/latency_ms,87.554710
1779199025.677,/benchmark/latency_ms,83.671028
1779199025.719,/benchmark/latency_ms,75.803001
1779199025.765,/benchmark/latency_ms,74.243744
1779199025.811,/benchmark/latency_ms,71.915802
1779199025.856,/benchmark/latency_ms,68.233810
1779199025.902,/benchmark/latency_ms,65.020287
1779199025.950,/benchmark/latency_ms,88.689751
1779199025.996,/benchmark/latency_ms,111.922173
1779199026.043,/benchmark/latency_ms,81.512680
1779199026.089,/benchmark/latency_ms,75.461601
1779199026.132,/benchmark/latency_ms,69.045181
1779199026.178,/benchmark/latency_ms,88.994644
1779199026.235,/benchmark/latency_ms,82.006210
1779199026.269,/benchmark/latency_ms,77.004150
1779199026.327,/benchmark/latency_ms,70.365150
1779199026.359,/benchmark/latency_ms,90.187576
1779199026.406,/benchmark/latency_ms,84.139145
1779199026.451,/benchmark/latency_ms,78.883789
1779199026.496,/benchmark/latency_ms,71.541344
1779199026.542,/benchmark/latency_ms,91.343384
1779199026.586,/benchmark/latency_ms,84.246536
1779199026.631,/benchmark/latency_ms,78.678802
1779199026.675,/benchmark/latency_ms,71.191689
1779199026.718,/benchmark/latency_ms,90.969666
1779199026.763,/benchmark/latency_ms,84.646912
1779199026.808,/benchmark/latency_ms,78.805290
1779199026.856,/benchmark/latency_ms,73.007835
1779199026.900,/benchmark/latency_ms,66.702324
1779199026.948,/benchmark/latency_ms,86.246964
1779199026.992,/benchmark/latency_ms,79.714005
1779199027.038,/benchmark/latency_ms,73.799400
1779199027.083,/benchmark/latency_ms,67.577667
1779199027.128,/benchmark/latency_ms,88.003242
1779199027.176,/benchmark/latency_ms,81.592743
1779199027.221,/benchmark/latency_ms,73.846596
1779199027.265,/benchmark/latency_ms,93.661728
1779199027.314,/benchmark/latency_ms,86.604622
1779199027.355,/benchmark/latency_ms,79.645370
1779199027.403,/benchmark/latency_ms,72.680099
1779199027.446,/benchmark/latency_ms,92.110947
1779199027.493,/benchmark/latency_ms,84.640610
1779199027.550,/benchmark/latency_ms,77.864838
1779199027.582,/benchmark/latency_ms,70.705360
1779199027.629,/benchmark/latency_ms,90.396751
1779199027.685,/benchmark/latency_ms,83.006310
1779199027.718,/benchmark/latency_ms,76.696129
1779199027.765,/benchmark/latency_ms,69.979721
1779199027.809,/benchmark/latency_ms,89.898811
1779199027.866,/benchmark/latency_ms,82.551857
1779199027.899,/benchmark/latency_ms,77.058777
1779199027.945,/benchmark/latency_ms,69.851852
1779199027.989,/benchmark/latency_ms,87.709076
1779199028.033,/benchmark/latency_ms,80.246536
1779199028.079,/benchmark/latency_ms,71.862617
1779199028.123,/benchmark/latency_ms,92.414719
1779199028.170,/benchmark/latency_ms,86.642609
1779199028.214,/benchmark/latency_ms,79.673813
1779199028.261,/benchmark/latency_ms,72.888130
1779199028.305,/benchmark/latency_ms,93.032684
1779199028.350,/benchmark/latency_ms,86.488754
1779199028.395,/benchmark/latency_ms,80.624130
1779199028.442,/benchmark/latency_ms,74.789490
1779199028.486,/benchmark/latency_ms,69.913895
1779199028.530,/benchmark/latency_ms,89.427719
1779199028.576,/benchmark/latency_ms,82.451057
1779199028.619,/benchmark/latency_ms,74.695732
1779199028.666,/benchmark/latency_ms,68.519180
1779199028.715,/benchmark/latency_ms,64.917793
1779199028.759,/benchmark/latency_ms,86.191223
1779199028.803,/benchmark/latency_ms,81.611816
1779199028.848,/benchmark/latency_ms,76.147659
1779199028.892,/benchmark/latency_ms,68.838051
1779199028.938,/benchmark/latency_ms,86.548653
1779199028.984,/benchmark/latency_ms,77.060020
1779199029.030,/benchmark/latency_ms,68.430702
1779199029.074,/benchmark/latency_ms,86.340599
1779199029.119,/benchmark/latency_ms,78.528915
1779199029.164,/benchmark/latency_ms,70.642105
1779199029.220,/benchmark/latency_ms,87.808113
1779199029.254,/benchmark/latency_ms,79.064232
1779199029.298,/benchmark/latency_ms,70.044136
1779199029.340,/benchmark/latency_ms,87.271774
1779199029.389,/benchmark/latency_ms,77.908867
1779199029.430,/benchmark/latency_ms,68.420715
1779199029.473,/benchmark/latency_ms,85.713608
1779199029.518,/benchmark/latency_ms,75.713211
1779199029.573,/benchmark/latency_ms,67.146286
1779199029.606,/benchmark/latency_ms,84.799736
1779199029.649,/benchmark/latency_ms,75.005226
1779199029.691,/benchmark/latency_ms,92.689659
1779199029.735,/benchmark/latency_ms,83.134468
1779199029.781,/benchmark/latency_ms,74.361176
1779199029.826,/benchmark/latency_ms,92.629143
1779199029.871,/benchmark/latency_ms,82.655914
1779199029.916,/benchmark/latency_ms,72.843460
1779199029.959,/benchmark/latency_ms,90.738251
1779199030.004,/benchmark/latency_ms,81.516777
1779199030.047,/benchmark/latency_ms,71.081642
1779199030.093,/benchmark/latency_ms,89.723679
1779199030.137,/benchmark/latency_ms,81.437103
1779199030.188,/benchmark/latency_ms,78.015038
1779199030.233,/benchmark/latency_ms,98.179214
1779199030.279,/benchmark/latency_ms,68.016823
1779199030.326,/benchmark/latency_ms,86.749992
1779199030.370,/benchmark/latency_ms,79.608376
1779199030.414,/benchmark/latency_ms,75.356163
1779199030.459,/benchmark/latency_ms,69.875053
1779199030.502,/benchmark/latency_ms,89.769821
1779199030.550,/benchmark/latency_ms,85.192528
1779199030.596,/benchmark/latency_ms,80.606369
1779199030.641,/benchmark/latency_ms,72.848541
1779199030.698,/benchmark/latency_ms,91.331100
1779199030.733,/benchmark/latency_ms,83.889038
1779199030.777,/benchmark/latency_ms,79.410622
1779199030.823,/benchmark/latency_ms,75.278374
1779199030.869,/benchmark/latency_ms,71.257317
1779199030.928,/benchmark/latency_ms,92.173256
1779199030.960,/benchmark/latency_ms,84.858650
1779199031.007,/benchmark/latency_ms,75.154411
1779199031.052,/benchmark/latency_ms,71.412514
1779199031.098,/benchmark/latency_ms,66.534332
1779199031.147,/benchmark/latency_ms,68.843399
1779199031.193,/benchmark/latency_ms,87.493080
1779199031.236,/benchmark/latency_ms,79.378204
1779199031.281,/benchmark/latency_ms,71.216492
1779199031.326,/benchmark/latency_ms,89.553894
1779199031.375,/benchmark/latency_ms,87.025635
1779199031.421,/benchmark/latency_ms,83.462364
1779199031.465,/benchmark/latency_ms,80.176079
1779199031.510,/benchmark/latency_ms,76.599335
1779199031.558,/benchmark/latency_ms,70.785782
1779199031.602,/benchmark/latency_ms,67.222504
1779199031.648,/benchmark/latency_ms,88.038895
1779199031.692,/benchmark/latency_ms,85.381104
1779199031.741,/benchmark/latency_ms,82.635475
1779199031.788,/benchmark/latency_ms,78.977577
1779199031.843,/benchmark/latency_ms,77.033051
1779199031.877,/benchmark/latency_ms,73.482765
1779199031.926,/benchmark/latency_ms,70.323166
1779199031.979,/benchmark/latency_ms,90.411026
1779199032.013,/benchmark/latency_ms,87.559448
1779199032.059,/benchmark/latency_ms,83.600342
1779199032.116,/benchmark/latency_ms,79.754005
1779199032.151,/benchmark/latency_ms,76.448586
1779199032.194,/benchmark/latency_ms,72.273613
1779199032.241,/benchmark/latency_ms,68.364494
1779199032.285,/benchmark/latency_ms,88.949203
1779199032.331,/benchmark/latency_ms,85.724960
1779199032.376,/benchmark/latency_ms,82.592560
1779199032.422,/benchmark/latency_ms,78.853546
1779199032.466,/benchmark/latency_ms,74.770546
1779199032.511,/benchmark/latency_ms,71.084686
1779199032.558,/benchmark/latency_ms,66.951698
1779199032.602,/benchmark/latency_ms,88.063751
1779199032.648,/benchmark/latency_ms,85.062164
1779199032.695,/benchmark/latency_ms,81.756195
1779199032.739,/benchmark/latency_ms,78.485748
1779199032.796,/benchmark/latency_ms,74.353149
1779199032.831,/benchmark/latency_ms,70.861008
1779199032.876,/benchmark/latency_ms,66.930481
1779199032.920,/benchmark/latency_ms,87.739380
1779199032.966,/benchmark/latency_ms,84.749115
1779199033.012,/benchmark/latency_ms,81.781029
1779199033.057,/benchmark/latency_ms,78.374680
1779199033.102,/benchmark/latency_ms,73.768555
1779199033.147,/benchmark/latency_ms,70.144997
1779199033.193,/benchmark/latency_ms,66.421310
1779199033.238,/benchmark/latency_ms,87.592247
1779199033.284,/benchmark/latency_ms,84.507072
1779199033.341,/benchmark/latency_ms,81.173332
1779199033.374,/benchmark/latency_ms,77.141365
1779199033.422,/benchmark/latency_ms,73.098106
1779199033.466,/benchmark/latency_ms,69.133659
1779199033.511,/benchmark/latency_ms,66.206245
1779199033.556,/benchmark/latency_ms,87.764084
1779199033.602,/benchmark/latency_ms,84.764191
1779199033.651,/benchmark/latency_ms,82.849319
1779199033.691,/benchmark/latency_ms,79.893684
1779199033.739,/benchmark/latency_ms,77.364433
1779199033.784,/benchmark/latency_ms,74.087845
1779199033.829,/benchmark/latency_ms,69.268440
1779199033.875,/benchmark/latency_ms,65.556023
1779199033.922,/benchmark/latency_ms,86.553360
1779199033.966,/benchmark/latency_ms,82.855049
1779199034.011,/benchmark/latency_ms,78.816559
1779199034.055,/benchmark/latency_ms,75.390175
1779199034.100,/benchmark/latency_ms,71.157806
1779199034.147,/benchmark/latency_ms,67.752480
1779199034.192,/benchmark/latency_ms,88.370018
1779199034.237,/benchmark/latency_ms,85.659843
1779199034.280,/benchmark/latency_ms,81.541389
1779199034.325,/benchmark/latency_ms,77.838211
1779199034.371,/benchmark/latency_ms,73.787979
1779199034.415,/benchmark/latency_ms,70.293854
1779199034.462,/benchmark/latency_ms,66.265541
1779199034.508,/benchmark/latency_ms,87.294746
1779199034.555,/benchmark/latency_ms,84.265160
1779199034.601,/benchmark/latency_ms,80.182251
1779199034.642,/benchmark/latency_ms,76.028305
1779199034.688,/benchmark/latency_ms,72.534660
1779199034.733,/benchmark/latency_ms,68.946846
1779199034.778,/benchmark/latency_ms,89.936539
1779199034.823,/benchmark/latency_ms,86.129501
1779199034.870,/benchmark/latency_ms,83.537468
1779199034.914,/benchmark/latency_ms,81.502922
1779199034.961,/benchmark/latency_ms,79.104103
1779199035.005,/benchmark/latency_ms,76.937370
1779199035.051,/benchmark/latency_ms,72.265457
1779199035.098,/benchmark/latency_ms,69.117340
1779199035.140,/benchmark/latency_ms,65.711731
1779199035.186,/benchmark/latency_ms,87.175262
1779199035.234,/benchmark/latency_ms,84.185516
1779199035.279,/benchmark/latency_ms,80.093262
1779199035.323,/benchmark/latency_ms,76.784737
1779199035.367,/benchmark/latency_ms,72.294128
1779199035.412,/benchmark/latency_ms,68.499023
1779199035.457,/benchmark/latency_ms,89.201393
1779199035.504,/benchmark/latency_ms,85.745155
1779199035.547,/benchmark/latency_ms,82.715088
1779199035.594,/benchmark/latency_ms,79.658966
1779199035.638,/benchmark/latency_ms,77.338066
1779199035.684,/benchmark/latency_ms,73.791565
1779199035.729,/benchmark/latency_ms,70.370239
1779199035.775,/benchmark/latency_ms,66.583290
1779199035.821,/benchmark/latency_ms,87.299614
1779199035.865,/benchmark/latency_ms,85.055473
1779199035.914,/benchmark/latency_ms,84.342148
1779199035.960,/benchmark/latency_ms,82.083839
1779199036.005,/benchmark/latency_ms,78.357719
1779199036.051,/benchmark/latency_ms,75.934998
1779199036.096,/benchmark/latency_ms,73.967369
1779199036.140,/benchmark/latency_ms,70.316383
1779199036.188,/benchmark/latency_ms,67.147758
1779199036.232,/benchmark/latency_ms,88.327171
1779199036.279,/benchmark/latency_ms,86.899879
1779199036.326,/benchmark/latency_ms,82.428307
1779199036.371,/benchmark/latency_ms,75.542236
1779199036.428,/benchmark/latency_ms,71.728256
1779199036.463,/benchmark/latency_ms,68.224373
1779199036.509,/benchmark/latency_ms,89.220238
1779199036.555,/benchmark/latency_ms,87.400124
1779199036.605,/benchmark/latency_ms,86.898376
1779199036.650,/benchmark/latency_ms,84.887192
1779199036.694,/benchmark/latency_ms,78.156097
1779199036.738,/benchmark/latency_ms,70.240067
1779199036.785,/benchmark/latency_ms,88.467552
1779199036.828,/benchmark/latency_ms,80.081970
1779199036.873,/benchmark/latency_ms,71.837822
1779199036.918,/benchmark/latency_ms,90.320343
1779199036.965,/benchmark/latency_ms,82.877357
1779199037.011,/benchmark/latency_ms,73.460594
1779199037.055,/benchmark/latency_ms,91.776497
1779199037.101,/benchmark/latency_ms,83.333694
1779199037.144,/benchmark/latency_ms,75.272362
1779199037.189,/benchmark/latency_ms,66.852051
1779199037.233,/benchmark/latency_ms,85.119766
1779199037.278,/benchmark/latency_ms,76.903488
1779199037.324,/benchmark/latency_ms,67.723488
1779199037.369,/benchmark/latency_ms,86.088669
1779199037.411,/benchmark/latency_ms,104.755760
1779199037.458,/benchmark/latency_ms,69.402931
1779199037.501,/benchmark/latency_ms,87.410362
1779199037.557,/benchmark/latency_ms,78.517082
1779199037.591,/benchmark/latency_ms,69.073883
1779199037.635,/benchmark/latency_ms,86.975624
1779199037.681,/benchmark/latency_ms,78.187103
1779199037.722,/benchmark/latency_ms,69.678703
1779199037.769,/benchmark/latency_ms,86.844421
1779199037.812,/benchmark/latency_ms,78.474197
1779199037.868,/benchmark/latency_ms,68.708328
1779199037.901,/benchmark/latency_ms,86.847404
1779199037.948,/benchmark/latency_ms,77.296021
1779199037.992,/benchmark/latency_ms,68.784744
1779199038.037,/benchmark/latency_ms,86.840302
1779199038.092,/benchmark/latency_ms,76.959198
1779199038.125,/benchmark/latency_ms,68.673607
1779199038.171,/benchmark/latency_ms,88.225670
1779199038.216,/benchmark/latency_ms,79.806580
1779199038.261,/benchmark/latency_ms,71.364388
1779199038.306,/benchmark/latency_ms,89.549896
1779199038.350,/benchmark/latency_ms,81.514862
1779199038.396,/benchmark/latency_ms,72.363602
1779199038.442,/benchmark/latency_ms,90.746956
1779199038.484,/benchmark/latency_ms,82.101692
1779199038.528,/benchmark/latency_ms,73.162712
1779199038.574,/benchmark/latency_ms,91.025444
1779199038.617,/benchmark/latency_ms,82.033859
1779199038.663,/benchmark/latency_ms,73.310135
1779199038.706,/benchmark/latency_ms,90.803947
1779199038.752,/benchmark/latency_ms,82.031166
1779199038.797,/benchmark/latency_ms,72.577835
1779199038.839,/benchmark/latency_ms,90.685135
1779199038.887,/benchmark/latency_ms,81.414642
1779199038.928,/benchmark/latency_ms,71.970619
1779199038.973,/benchmark/latency_ms,89.573257
1779199039.018,/benchmark/latency_ms,81.413773
1779199039.062,/benchmark/latency_ms,72.874878
1779199039.107,/benchmark/latency_ms,91.291260
1779199039.151,/benchmark/latency_ms,82.280602
1779199039.195,/benchmark/latency_ms,73.417427
1779199039.241,/benchmark/latency_ms,91.615028
1779199039.285,/benchmark/latency_ms,82.855049
1779199039.331,/benchmark/latency_ms,74.664307
1779199039.375,/benchmark/latency_ms,92.405540
1779199039.419,/benchmark/latency_ms,83.886391
1779199039.463,/benchmark/latency_ms,75.993874
1779199039.510,/benchmark/latency_ms,67.915611
1779199039.565,/benchmark/latency_ms,86.235451
1779199039.597,/benchmark/latency_ms,77.675529
1779199039.642,/benchmark/latency_ms,68.837990
1779199039.686,/benchmark/latency_ms,87.118752
1779199039.743,/benchmark/latency_ms,78.946991
1779199039.778,/benchmark/latency_ms,70.714584
1779199039.820,/benchmark/latency_ms,88.921272
1779199039.866,/benchmark/latency_ms,79.917015
1779199039.913,/benchmark/latency_ms,72.324303
1779199039.954,/benchmark/latency_ms,90.428947
1779199040.000,/benchmark/latency_ms,81.277939
1779199040.048,/benchmark/latency_ms,76.430664
1779199040.092,/benchmark/latency_ms,69.078590
1779199040.138,/benchmark/latency_ms,87.610298
1779199040.184,/benchmark/latency_ms,79.363487
1779199040.234,/benchmark/latency_ms,75.020622
1779199040.277,/benchmark/latency_ms,66.365700
1779199040.322,/benchmark/latency_ms,84.871513
1779199040.378,/benchmark/latency_ms,76.561607
1779199040.413,/benchmark/latency_ms,69.526962
1779199040.457,/benchmark/latency_ms,87.245598
1779199040.503,/benchmark/latency_ms,78.887917
1779199040.549,/benchmark/latency_ms,71.457893
1779199040.597,/benchmark/latency_ms,90.673805
1779199040.640,/benchmark/latency_ms,85.857094
1779199040.698,/benchmark/latency_ms,82.540085
1779199040.732,/benchmark/latency_ms,79.228394
1779199040.777,/benchmark/latency_ms,76.962715
1779199040.823,/benchmark/latency_ms,72.227699
1779199040.867,/benchmark/latency_ms,66.994926
1779199040.913,/benchmark/latency_ms,88.058891
1779199040.959,/benchmark/latency_ms,84.460197
1779199041.006,/benchmark/latency_ms,81.220818
1779199041.051,/benchmark/latency_ms,77.272728
1779199041.096,/benchmark/latency_ms,73.456017
1779199041.140,/benchmark/latency_ms,68.349106
1779199041.185,/benchmark/latency_ms,89.736290
1779199041.242,/benchmark/latency_ms,85.703079
1779199041.278,/benchmark/latency_ms,82.568817
1779199041.323,/benchmark/latency_ms,81.677643
1779199041.369,/benchmark/latency_ms,77.036896
1779199041.417,/benchmark/latency_ms,71.386597
1779199041.462,/benchmark/latency_ms,89.808067
1779199041.508,/benchmark/latency_ms,85.469582
1779199041.555,/benchmark/latency_ms,82.613235
1779199041.599,/benchmark/latency_ms,78.771667
1779199041.645,/benchmark/latency_ms,74.617172
1779199041.690,/benchmark/latency_ms,96.970322
1779199041.737,/benchmark/latency_ms,94.857735
1779199041.785,/benchmark/latency_ms,90.236153
1779199041.830,/benchmark/latency_ms,81.877411
1779199041.876,/benchmark/latency_ms,75.849403
1779199041.922,/benchmark/latency_ms,71.986870
1779199041.964,/benchmark/latency_ms,68.609642
1779199042.010,/benchmark/latency_ms,89.927200
1779199042.055,/benchmark/latency_ms,84.710815
1779199042.102,/benchmark/latency_ms,77.990082
1779199042.146,/benchmark/latency_ms,71.015602
1779199042.190,/benchmark/latency_ms,89.394608
1779199042.235,/benchmark/latency_ms,83.983986
1779199042.281,/benchmark/latency_ms,79.848503
1779199042.324,/benchmark/latency_ms,75.646362
1779199042.367,/benchmark/latency_ms,70.265221
1779199042.413,/benchmark/latency_ms,65.514969
1779199042.457,/benchmark/latency_ms,86.812553
1779199042.504,/benchmark/latency_ms,84.773117
1779199042.552,/benchmark/latency_ms,82.390999
1779199042.597,/benchmark/latency_ms,79.359039
1779199042.641,/benchmark/latency_ms,75.959450
1779199042.688,/benchmark/latency_ms,73.800301
1779199042.734,/benchmark/latency_ms,71.120140
1779199042.780,/benchmark/latency_ms,68.151123
1779199042.828,/benchmark/latency_ms,89.397263
1779199042.872,/benchmark/latency_ms,86.927078
1779199042.918,/benchmark/latency_ms,84.411812
1779199042.963,/benchmark/latency_ms,80.381386
1779199043.009,/benchmark/latency_ms,77.093468
1779199043.056,/benchmark/latency_ms,73.697678
1779199043.102,/benchmark/latency_ms,70.343712
1779199043.146,/benchmark/latency_ms,67.200592
1779199043.193,/benchmark/latency_ms,88.116173
1779199043.238,/benchmark/latency_ms,85.634537
1779199043.284,/benchmark/latency_ms,82.711983
1779199043.329,/benchmark/latency_ms,79.346016
1779199043.375,/benchmark/latency_ms,74.953644
1779199043.420,/benchmark/latency_ms,71.784698
1779199043.467,/benchmark/latency_ms,67.627968
1779199043.511,/benchmark/latency_ms,88.155724
1779199043.559,/benchmark/latency_ms,85.804611
1779199043.615,/benchmark/latency_ms,82.948334
1779199043.649,/benchmark/latency_ms,79.965141
1779199043.693,/benchmark/latency_ms,76.811745
1779199043.740,/benchmark/latency_ms,73.480179
1779199043.786,/benchmark/latency_ms,70.257538
1779199043.833,/benchmark/latency_ms,66.361855
1779199043.878,/benchmark/latency_ms,88.065163
1779199043.923,/benchmark/latency_ms,85.955200
1779199043.973,/benchmark/latency_ms,83.204102
1779199044.017,/benchmark/latency_ms,79.347649
1779199044.061,/benchmark/latency_ms,75.463715
1779199044.106,/benchmark/latency_ms,72.002968
1779199044.155,/benchmark/latency_ms,68.960358
1779199044.200,/benchmark/latency_ms,89.574150
1779199044.247,/benchmark/latency_ms,86.829292
1779199044.291,/benchmark/latency_ms,83.117668
1779199044.339,/benchmark/latency_ms,79.417854
1779199044.381,/benchmark/latency_ms,75.856087
1779199044.428,/benchmark/latency_ms,72.542061
1779199044.474,/benchmark/latency_ms,69.854858
1779199044.518,/benchmark/latency_ms,66.393700
1779199044.566,/benchmark/latency_ms,87.951859
1779199044.616,/benchmark/latency_ms,85.295540
1779199044.659,/benchmark/latency_ms,82.714767
1779199044.704,/benchmark/latency_ms,80.375336
1779199044.751,/benchmark/latency_ms,76.936607
1779199044.797,/benchmark/latency_ms,72.601036
1779199044.840,/benchmark/latency_ms,69.157631
1779199044.886,/benchmark/latency_ms,66.834267
1779199044.931,/benchmark/latency_ms,88.848473
1779199044.980,/benchmark/latency_ms,87.219589
1779199045.027,/benchmark/latency_ms,84.378120
1779199045.071,/benchmark/latency_ms,81.673096
1779199045.118,/benchmark/latency_ms,78.945930
1779199045.174,/benchmark/latency_ms,74.991791
1779199045.208,/benchmark/latency_ms,71.431976
1779199045.253,/benchmark/latency_ms,67.657028
1779199045.301,/benchmark/latency_ms,88.756828
1779199045.348,/benchmark/latency_ms,86.182877
1779199045.392,/benchmark/latency_ms,82.834061
1779199045.438,/benchmark/latency_ms,79.504868
1779199045.484,/benchmark/latency_ms,76.840446
1779199045.529,/benchmark/latency_ms,73.841545
1779199045.576,/benchmark/latency_ms,70.546303
1779199045.622,/benchmark/latency_ms,67.434502
1779199045.678,/benchmark/latency_ms,88.718811
1779199045.711,/benchmark/latency_ms,86.044510
1779199045.757,/benchmark/latency_ms,83.210823
1779199045.803,/benchmark/latency_ms,80.481865
1779199045.852,/benchmark/latency_ms,76.835876
1779199045.901,/benchmark/latency_ms,74.265221
1779199045.944,/benchmark/latency_ms,71.767136
1779199045.990,/benchmark/latency_ms,91.365952
1779199046.037,/benchmark/latency_ms,111.210869
1779199046.084,/benchmark/latency_ms,79.153770
1779199046.128,/benchmark/latency_ms,75.852821
1779199046.174,/benchmark/latency_ms,71.219948
1779199046.219,/benchmark/latency_ms,67.782272
1779199046.265,/benchmark/latency_ms,89.272400
1779199046.313,/benchmark/latency_ms,86.618805
1779199046.369,/benchmark/latency_ms,83.323586
1779199046.403,/benchmark/latency_ms,79.822426
1779199046.449,/benchmark/latency_ms,76.552582
1779199046.494,/benchmark/latency_ms,72.818405
1779199046.539,/benchmark/latency_ms,68.791718
1779199046.585,/benchmark/latency_ms,89.364243
1779199046.632,/benchmark/latency_ms,86.872681
1779199046.678,/benchmark/latency_ms,84.517090
1779199046.722,/benchmark/latency_ms,81.650314
1779199046.766,/benchmark/latency_ms,78.270844
1779199046.812,/benchmark/latency_ms,75.455078
1779199046.858,/benchmark/latency_ms,72.081528
1779199046.905,/benchmark/latency_ms,68.833672
1779199046.952,/benchmark/latency_ms,67.163246
1779199046.998,/benchmark/latency_ms,87.810196
1779199047.043,/benchmark/latency_ms,81.285973
1779199047.088,/benchmark/latency_ms,75.443008
1779199047.132,/benchmark/latency_ms,69.926765
1779199047.178,/benchmark/latency_ms,89.007286
1779199047.223,/benchmark/latency_ms,83.747383
1779199047.275,/benchmark/latency_ms,78.943405
1779199047.318,/benchmark/latency_ms,75.915031
1779199047.361,/benchmark/latency_ms,69.185921
1779199047.406,/benchmark/latency_ms,88.714333
1779199047.451,/benchmark/latency_ms,82.900589
1779199047.497,/benchmark/latency_ms,76.150391
1779199047.542,/benchmark/latency_ms,69.670387
1779199047.585,/benchmark/latency_ms,88.380966
1779199047.630,/benchmark/latency_ms,82.744148
1779199047.676,/benchmark/latency_ms,76.018486
1779199047.720,/benchmark/latency_ms,68.002174
1779199047.764,/benchmark/latency_ms,86.908714
1779199047.808,/benchmark/latency_ms,80.684357
1779199047.853,/benchmark/latency_ms,74.934319
1779199047.897,/benchmark/latency_ms,69.010689
1779199047.942,/benchmark/latency_ms,88.230797
1779199047.989,/benchmark/latency_ms,82.945801
1779199048.032,/benchmark/latency_ms,76.827621
1779199048.076,/benchmark/latency_ms,70.528923
1779199048.122,/benchmark/latency_ms,90.037659
1779199048.168,/benchmark/latency_ms,83.925842
1779199048.213,/benchmark/latency_ms,77.171997
1779199048.256,/benchmark/latency_ms,71.134605
1779199048.300,/benchmark/latency_ms,65.511353
1779199048.345,/benchmark/latency_ms,84.878105
1779199048.390,/benchmark/latency_ms,78.583542
1779199048.436,/benchmark/latency_ms,73.040733
1779199048.482,/benchmark/latency_ms,66.876122
1779199048.525,/benchmark/latency_ms,87.024681
1779199048.583,/benchmark/latency_ms,81.104950
1779199048.614,/benchmark/latency_ms,75.477249
1779199048.659,/benchmark/latency_ms,68.756935
1779199048.706,/benchmark/latency_ms,87.971184
1779199048.750,/benchmark/latency_ms,81.997444
1779199048.795,/benchmark/latency_ms,75.704956
1779199048.839,/benchmark/latency_ms,69.680176
1779199048.886,/benchmark/latency_ms,88.542694
1779199048.930,/benchmark/latency_ms,83.648506
1779199048.985,/benchmark/latency_ms,77.429207
1779199049.019,/benchmark/latency_ms,72.668488
1779199049.065,/benchmark/latency_ms,69.464470
1779199049.114,/benchmark/latency_ms,67.921181
1779199049.157,/benchmark/latency_ms,89.470703
1779199049.202,/benchmark/latency_ms,85.553612
1779199049.250,/benchmark/latency_ms,82.312729
1779199049.293,/benchmark/latency_ms,78.868782
1779199049.338,/benchmark/latency_ms,75.414185
1779199049.386,/benchmark/latency_ms,72.299026
1779199049.429,/benchmark/latency_ms,69.176064
1779199049.475,/benchmark/latency_ms,65.207932
1779199049.521,/benchmark/latency_ms,87.840660
1779199049.568,/benchmark/latency_ms,84.785309
1779199049.616,/benchmark/latency_ms,80.970299
1779199049.658,/benchmark/latency_ms,77.371254
1779199049.702,/benchmark/latency_ms,74.267006
1779199049.746,/benchmark/latency_ms,70.739418
1779199049.794,/benchmark/latency_ms,68.375793
1779199049.842,/benchmark/latency_ms,91.543549
1779199049.889,/benchmark/latency_ms,84.110733
1779199049.933,/benchmark/latency_ms,75.955292
1779199049.979,/benchmark/latency_ms,72.178322
1779199050.022,/benchmark/latency_ms,68.954308
1779199050.069,/benchmark/latency_ms,91.281410
1779199050.116,/benchmark/latency_ms,87.072807
1779199050.160,/benchmark/latency_ms,77.590195
1779199050.207,/benchmark/latency_ms,71.183311
1779199050.253,/benchmark/latency_ms,67.742531
1779199050.297,/benchmark/latency_ms,89.008408
1779199050.354,/benchmark/latency_ms,86.124924
1779199050.388,/benchmark/latency_ms,81.808235
1779199050.435,/benchmark/latency_ms,79.476929
1779199050.480,/benchmark/latency_ms,75.072594
1779199050.526,/benchmark/latency_ms,68.015991
1779199050.570,/benchmark/latency_ms,88.833755
1779199050.616,/benchmark/latency_ms,85.730278
1779199050.664,/benchmark/latency_ms,82.636597
1779199050.709,/benchmark/latency_ms,79.236969
1779199050.753,/benchmark/latency_ms,75.272652
1779199050.801,/benchmark/latency_ms,75.447426
1779199050.850,/benchmark/latency_ms,96.200806
1779199050.905,/benchmark/latency_ms,88.049522
1779199050.940,/benchmark/latency_ms,80.027191
1779199050.984,/benchmark/latency_ms,75.927734
1779199051.040,/benchmark/latency_ms,71.804482
1779199051.075,/benchmark/latency_ms,68.593964
1779199051.123,/benchmark/latency_ms,91.996780
1779199051.169,/benchmark/latency_ms,114.124367
1779199051.217,/benchmark/latency_ms,86.103996
1779199051.263,/benchmark/latency_ms,83.815895
1779199051.313,/benchmark/latency_ms,81.281525
1779199051.358,/benchmark/latency_ms,78.698776
1779199051.402,/benchmark/latency_ms,77.224892
1779199051.451,/benchmark/latency_ms,75.610718
1779199051.496,/benchmark/latency_ms,73.593109
1779199051.541,/benchmark/latency_ms,71.325928
1779199051.593,/benchmark/latency_ms,70.195847
1779199051.635,/benchmark/latency_ms,68.338387
1779199051.683,/benchmark/latency_ms,65.824303
1779199051.730,/benchmark/latency_ms,88.464584
1779199051.777,/benchmark/latency_ms,86.886063
1779199051.835,/benchmark/latency_ms,86.579575
1779199051.871,/benchmark/latency_ms,85.270164
1779199051.914,/benchmark/latency_ms,83.004173
1779199051.963,/benchmark/latency_ms,79.579231
1779199052.009,/benchmark/latency_ms,74.620247
1779199052.053,/benchmark/latency_ms,70.864952
1779199052.101,/benchmark/latency_ms,66.347076
1779199052.145,/benchmark/latency_ms,87.424767
1779199052.193,/benchmark/latency_ms,83.064812
1779199052.238,/benchmark/latency_ms,77.142265
1779199052.284,/benchmark/latency_ms,70.897362
1779199052.331,/benchmark/latency_ms,91.896370
1779199052.377,/benchmark/latency_ms,85.415604
1779199052.424,/benchmark/latency_ms,79.002380
1779199052.471,/benchmark/latency_ms,72.343506
1779199052.516,/benchmark/latency_ms,92.409889
1779199052.561,/benchmark/latency_ms,85.011703
1779199052.608,/benchmark/latency_ms,80.328529
1779199052.652,/benchmark/latency_ms,71.621956
1779199052.699,/benchmark/latency_ms,64.447250
1779199052.741,/benchmark/latency_ms,83.913971
1779199052.787,/benchmark/latency_ms,77.596947
1779199052.830,/benchmark/latency_ms,70.413727
1779199052.877,/benchmark/latency_ms,89.212723
1779199052.920,/benchmark/latency_ms,81.274841
1779199052.965,/benchmark/latency_ms,72.815620
1779199053.010,/benchmark/latency_ms,90.906952
1779199053.055,/benchmark/latency_ms,82.945969
1779199053.101,/benchmark/latency_ms,73.897575
1779199053.144,/benchmark/latency_ms,91.985580
1779199053.190,/benchmark/latency_ms,84.333641
1779199053.236,/benchmark/latency_ms,76.632774
1779199053.290,/benchmark/latency_ms,68.861092
1779199053.324,/benchmark/latency_ms,87.242500
1779199053.368,/benchmark/latency_ms,78.773331
1779199053.413,/benchmark/latency_ms,70.247559
1779199053.459,/benchmark/latency_ms,89.021561
1779199053.503,/benchmark/latency_ms,80.561478
1779199053.548,/benchmark/latency_ms,71.681503
1779199053.593,/benchmark/latency_ms,89.889252
1779199053.641,/benchmark/latency_ms,80.434731
1779199053.684,/benchmark/latency_ms,71.452873
1779199053.728,/benchmark/latency_ms,90.267227
1779199053.777,/benchmark/latency_ms,81.788170
1779199053.817,/benchmark/latency_ms,72.568077
1779199053.862,/benchmark/latency_ms,90.764336
1779199053.906,/benchmark/latency_ms,82.596916
1779199053.963,/benchmark/latency_ms,75.255562
1779199053.998,/benchmark/latency_ms,67.956192
1779199054.053,/benchmark/latency_ms,86.555702
1779199054.090,/benchmark/latency_ms,79.585922
1779199054.146,/benchmark/latency_ms,72.072792
1779199054.184,/benchmark/latency_ms,68.087959
1779199054.231,/benchmark/latency_ms,88.113678
1779199054.278,/benchmark/latency_ms,82.656372
1779199054.322,/benchmark/latency_ms,78.485374
1779199054.377,/benchmark/latency_ms,73.809227
1779199054.412,/benchmark/latency_ms,69.117348
1779199054.468,/benchmark/latency_ms,89.277267
1779199054.503,/benchmark/latency_ms,82.621559
1779199054.559,/benchmark/latency_ms,77.464439
1779199054.594,/benchmark/latency_ms,71.565094
1779199054.641,/benchmark/latency_ms,91.805557
1779199054.684,/benchmark/latency_ms,86.300537
1779199054.731,/benchmark/latency_ms,82.580727
1779199054.778,/benchmark/latency_ms,78.718994
1779199054.820,/benchmark/latency_ms,75.515846
1779199054.866,/benchmark/latency_ms,71.370956
1779199054.913,/benchmark/latency_ms,67.567146
1779199054.967,/benchmark/latency_ms,88.328781
1779199055.003,/benchmark/latency_ms,85.496399
1779199055.047,/benchmark/latency_ms,81.856262
1779199055.092,/benchmark/latency_ms,78.455132
1779199055.139,/benchmark/latency_ms,74.313698
1779199055.194,/benchmark/latency_ms,70.644409
1779199055.229,/benchmark/latency_ms,66.415108
1779199055.275,/benchmark/latency_ms,87.031563
1779199055.318,/benchmark/latency_ms,83.364067
1779199055.363,/benchmark/latency_ms,79.481857
1779199055.410,/benchmark/latency_ms,73.391800
1779199055.454,/benchmark/latency_ms,67.382317
1779199055.500,/benchmark/latency_ms,88.254829
1779199055.548,/benchmark/latency_ms,81.967621
1779199055.593,/benchmark/latency_ms,76.241714
1779199055.636,/benchmark/latency_ms,68.916039
1779199055.681,/benchmark/latency_ms,88.992409
1779199055.738,/benchmark/latency_ms,83.187973
1779199055.774,/benchmark/latency_ms,77.941963
1779199055.818,/benchmark/latency_ms,72.191864
1779199055.864,/benchmark/latency_ms,92.050957
1779199055.911,/benchmark/latency_ms,87.260582
1779199055.955,/benchmark/latency_ms,81.946152
1779199056.001,/benchmark/latency_ms,76.822273
1779199056.047,/benchmark/latency_ms,69.304382
1779199056.090,/benchmark/latency_ms,89.833603
1779199056.138,/benchmark/latency_ms,85.085915
1779199056.185,/benchmark/latency_ms,79.479553
1779199056.230,/benchmark/latency_ms,73.360664
1779199056.277,/benchmark/latency_ms,66.518913
1779199056.319,/benchmark/latency_ms,86.955376
1779199056.366,/benchmark/latency_ms,82.266144
1779199056.412,/benchmark/latency_ms,76.673637
1779199056.457,/benchmark/latency_ms,69.898544
1779199056.502,/benchmark/latency_ms,90.382713
1779199056.547,/benchmark/latency_ms,83.864731
1779199056.594,/benchmark/latency_ms,77.297653
1779199056.639,/benchmark/latency_ms,71.233101
1779199056.683,/benchmark/latency_ms,91.035240
1779199056.727,/benchmark/latency_ms,85.282646
1779199056.775,/benchmark/latency_ms,79.873947
1779199056.818,/benchmark/latency_ms,73.790161
1779199056.863,/benchmark/latency_ms,68.006012
1779199056.909,/benchmark/latency_ms,88.588066
1779199056.954,/benchmark/latency_ms,81.251831
1779199057.002,/benchmark/latency_ms,75.725693
1779199057.047,/benchmark/latency_ms,69.198174
1779199057.091,/benchmark/latency_ms,89.145752
1779199057.137,/benchmark/latency_ms,82.705719
1779199057.181,/benchmark/latency_ms,75.767967
1779199057.227,/benchmark/latency_ms,69.658806
1779199057.270,/benchmark/latency_ms,88.800705
1779199057.317,/benchmark/latency_ms,81.752617
1779199057.365,/benchmark/latency_ms,76.760010
1779199057.408,/benchmark/latency_ms,70.855194
1779199057.454,/benchmark/latency_ms,91.453247
1779199057.500,/benchmark/latency_ms,85.213593
1779199057.547,/benchmark/latency_ms,78.949844
1779199057.590,/benchmark/latency_ms,72.310417
1779199057.647,/benchmark/latency_ms,92.254120
1779199057.682,/benchmark/latency_ms,86.317307
1779199057.727,/benchmark/latency_ms,79.652893
1779199057.771,/benchmark/latency_ms,72.894981
1779199057.818,/benchmark/latency_ms,92.611168
1779199057.863,/benchmark/latency_ms,86.001091
1779199057.910,/benchmark/latency_ms,80.517159
1779199057.956,/benchmark/latency_ms,76.042458
1779199058.002,/benchmark/latency_ms,69.706421
1779199058.045,/benchmark/latency_ms,65.989227
1779199058.092,/benchmark/latency_ms,87.469635
1779199058.137,/benchmark/latency_ms,83.377441
1779199058.181,/benchmark/latency_ms,79.586754
1779199058.238,/benchmark/latency_ms,75.293419
1779199058.272,/benchmark/latency_ms,71.479912
1779199058.320,/benchmark/latency_ms,92.562531
1779199058.364,/benchmark/latency_ms,86.507065
1779199058.411,/benchmark/latency_ms,80.482376
1779199058.457,/benchmark/latency_ms,75.626015
1779199058.501,/benchmark/latency_ms,70.889877
1779199058.547,/benchmark/latency_ms,66.965782
1779199058.595,/benchmark/latency_ms,88.543427
1779199058.643,/benchmark/latency_ms,86.357117
1779199058.688,/benchmark/latency_ms,83.136070
1779199058.734,/benchmark/latency_ms,76.862694
1779199058.780,/benchmark/latency_ms,71.605736
1779199058.827,/benchmark/latency_ms,68.898308
1779199058.872,/benchmark/latency_ms,65.645592
1779199058.918,/benchmark/latency_ms,87.277443
1779199058.965,/benchmark/latency_ms,85.095993
1779199059.012,/benchmark/latency_ms,81.672302
1779199059.058,/benchmark/latency_ms,79.542404
1779199059.104,/benchmark/latency_ms,75.612038
1779199059.149,/benchmark/latency_ms,71.763809
1779199059.196,/benchmark/latency_ms,70.178406
1779199059.241,/benchmark/latency_ms,67.880928
1779199059.286,/benchmark/latency_ms,88.819870
1779199059.334,/benchmark/latency_ms,85.598129
1779199059.378,/benchmark/latency_ms,82.653175
1779199059.424,/benchmark/latency_ms,79.889214
1779199059.471,/benchmark/latency_ms,76.350227
1779199059.515,/benchmark/latency_ms,72.134132
1779199059.562,/benchmark/latency_ms,68.470482
1779199059.606,/benchmark/latency_ms,89.992126
1779199059.664,/benchmark/latency_ms,86.536568
1779199059.697,/benchmark/latency_ms,82.636887
1779199059.741,/benchmark/latency_ms,79.146378
1779199059.791,/benchmark/latency_ms,74.999504
1779199059.834,/benchmark/latency_ms,71.474922
1779199059.880,/benchmark/latency_ms,67.941437
1779199059.926,/benchmark/latency_ms,89.035706
1779199059.973,/benchmark/latency_ms,84.725510
1779199060.028,/benchmark/latency_ms,82.048355
1779199060.063,/benchmark/latency_ms,78.997612
1779199060.110,/benchmark/latency_ms,74.822617
1779199060.155,/benchmark/latency_ms,69.966476
1779199060.201,/benchmark/latency_ms,90.725456
1779199060.248,/benchmark/latency_ms,86.082336
1779199060.295,/benchmark/latency_ms,80.470894
1779199060.342,/benchmark/latency_ms,74.471420
1779199060.391,/benchmark/latency_ms,69.867599
1779199060.434,/benchmark/latency_ms,91.084137
1779199060.479,/benchmark/latency_ms,85.663597
1779199060.527,/benchmark/latency_ms,81.642540
1779199060.571,/benchmark/latency_ms,76.969826
1779199060.617,/benchmark/latency_ms,73.651154
1779199060.663,/benchmark/latency_ms,70.462334
1779199060.708,/benchmark/latency_ms,67.628166
1779199060.756,/benchmark/latency_ms,88.263496
1779199060.802,/benchmark/latency_ms,86.112640
1779199060.848,/benchmark/latency_ms,83.398758
1779199060.892,/benchmark/latency_ms,80.209297
1779199060.939,/benchmark/latency_ms,78.398209
1779199060.984,/benchmark/latency_ms,74.589279
1779199061.030,/benchmark/latency_ms,70.963989
1779199061.079,/benchmark/latency_ms,69.227486
1779199061.127,/benchmark/latency_ms,88.329994
1779199061.172,/benchmark/latency_ms,83.278023
1779199061.219,/benchmark/latency_ms,77.517624
1779199061.268,/benchmark/latency_ms,71.550789
1779199061.315,/benchmark/latency_ms,91.223618
1779199061.361,/benchmark/latency_ms,85.695503
1779199061.407,/benchmark/latency_ms,80.026230
1779199061.456,/benchmark/latency_ms,74.827026
1779199061.502,/benchmark/latency_ms,69.781586
1779199061.552,/benchmark/latency_ms,91.042953
1779199061.596,/benchmark/latency_ms,110.881569
1779199061.643,/benchmark/latency_ms,77.917931
1779199061.690,/benchmark/latency_ms,69.784050
1779199061.734,/benchmark/latency_ms,88.237007
1779199061.780,/benchmark/latency_ms,79.442436
1779199061.824,/benchmark/latency_ms,71.935966
1779199061.869,/benchmark/latency_ms,93.149910
1779199061.915,/benchmark/latency_ms,84.331696
1779199061.960,/benchmark/latency_ms,76.557289
1779199062.007,/benchmark/latency_ms,70.096329
1779199062.053,/benchmark/latency_ms,90.462036
1779199062.102,/benchmark/latency_ms,83.003471
1779199062.144,/benchmark/latency_ms,75.810204
1779199062.188,/benchmark/latency_ms,67.278992
1779199062.233,/benchmark/latency_ms,85.822533
1779199062.277,/benchmark/latency_ms,78.647385
1779199062.322,/benchmark/latency_ms,69.683319
1779199062.367,/benchmark/latency_ms,87.022667
1779199062.425,/benchmark/latency_ms,78.640732
1779199062.457,/benchmark/latency_ms,70.154060
1779199062.512,/benchmark/latency_ms,88.203217
1779199062.547,/benchmark/latency_ms,79.042542
1779199062.591,/benchmark/latency_ms,69.339615
1779199062.636,/benchmark/latency_ms,87.105576
1779199062.678,/benchmark/latency_ms,78.997139
1779199062.723,/benchmark/latency_ms,69.389977
1779199062.770,/benchmark/latency_ms,87.210182
1779199062.815,/benchmark/latency_ms,78.656441
1779199062.859,/benchmark/latency_ms,69.175392
1779199062.903,/benchmark/latency_ms,87.374016
1779199062.958,/benchmark/latency_ms,78.461693
1779199062.992,/benchmark/latency_ms,69.172066
1779199063.035,/benchmark/latency_ms,85.822983
1779199063.080,/benchmark/latency_ms,77.107262
1779199063.126,/benchmark/latency_ms,67.964348
1779199063.171,/benchmark/latency_ms,85.812775
1779199063.216,/benchmark/latency_ms,78.769112
1779199063.262,/benchmark/latency_ms,70.252647
1779199063.306,/benchmark/latency_ms,88.930397
1779199063.352,/benchmark/latency_ms,80.543755
1779199063.396,/benchmark/latency_ms,72.358162
1779199063.441,/benchmark/latency_ms,90.733551
1779199063.488,/benchmark/latency_ms,81.045311
1779199063.531,/benchmark/latency_ms,71.792099
1779199063.578,/benchmark/latency_ms,90.339867
1779199063.622,/benchmark/latency_ms,81.032738
1779199063.665,/benchmark/latency_ms,72.073463
1779199063.711,/benchmark/latency_ms,90.406715
1779199063.766,/benchmark/latency_ms,81.405746
1779199063.800,/benchmark/latency_ms,72.108055
1779199063.856,/benchmark/latency_ms,90.036674
1779199063.889,/benchmark/latency_ms,80.396271
1779199063.934,/benchmark/latency_ms,70.897461
1779199063.979,/benchmark/latency_ms,88.674881
1779199064.024,/benchmark/latency_ms,79.598335
1779199064.070,/benchmark/latency_ms,71.082581
1779199064.113,/benchmark/latency_ms,88.857666
1779199064.160,/benchmark/latency_ms,80.834213
1779199064.205,/benchmark/latency_ms,70.537727
1779199064.248,/benchmark/latency_ms,88.589478
1779199064.292,/benchmark/latency_ms,78.921715
1779199064.339,/benchmark/latency_ms,69.767250
1779199064.382,/benchmark/latency_ms,87.704315
1779199064.426,/benchmark/latency_ms,78.161858
1779199064.470,/benchmark/latency_ms,68.202362
1779199064.517,/benchmark/latency_ms,86.390488
1779199064.560,/benchmark/latency_ms,77.007103
1779199064.606,/benchmark/latency_ms,94.337242
1779199064.652,/benchmark/latency_ms,84.467819
1779199064.696,/benchmark/latency_ms,75.877312
1779199064.739,/benchmark/latency_ms,66.748703
1779199064.784,/benchmark/latency_ms,85.350388
1779199064.843,/benchmark/latency_ms,79.078476
1779199064.878,/benchmark/latency_ms,71.785439
1779199064.925,/benchmark/latency_ms,68.316307
1779199064.969,/benchmark/latency_ms,88.938622
1779199065.014,/benchmark/latency_ms,85.807083
1779199065.060,/benchmark/latency_ms,81.687019
1779199065.108,/benchmark/latency_ms,77.966797
1779199065.151,/benchmark/latency_ms,73.852112
1779199065.197,/benchmark/latency_ms,70.177002
1779199065.243,/benchmark/latency_ms,66.490311
1779199065.292,/benchmark/latency_ms,87.791420
1779199065.337,/benchmark/latency_ms,83.799965
1779199065.379,/benchmark/latency_ms,79.884155
1779199065.429,/benchmark/latency_ms,76.894119
1779199065.486,/benchmark/latency_ms,74.283554
1779199065.521,/benchmark/latency_ms,70.285187
1779199065.565,/benchmark/latency_ms,66.703934
1779199065.612,/benchmark/latency_ms,87.836281
1779199065.658,/benchmark/latency_ms,84.221039
1779199065.703,/benchmark/latency_ms,81.752625
1779199065.749,/benchmark/latency_ms,76.186165
1779199065.796,/benchmark/latency_ms,69.635765
1779199065.842,/benchmark/latency_ms,92.387398
1779199065.895,/benchmark/latency_ms,89.209114
1779199065.937,/benchmark/latency_ms,84.583595
1779199065.983,/benchmark/latency_ms,77.321114
1779199066.029,/benchmark/latency_ms,70.565826
1779199066.085,/benchmark/latency_ms,91.171173
1779199066.122,/benchmark/latency_ms,86.042183
1779199066.168,/benchmark/latency_ms,79.489288
1779199066.212,/benchmark/latency_ms,73.224258
1779199066.258,/benchmark/latency_ms,93.998978
1779199066.315,/benchmark/latency_ms,87.181030
1779199066.349,/benchmark/latency_ms,79.912025
1779199066.392,/benchmark/latency_ms,73.569588
1779199066.438,/benchmark/latency_ms,66.452263
1779199066.484,/benchmark/latency_ms,86.455963
1779199066.530,/benchmark/latency_ms,81.799629
1779199066.575,/benchmark/latency_ms,77.429146
1779199066.618,/benchmark/latency_ms,72.991394
1779199066.662,/benchmark/latency_ms,70.142601
1779199066.712,/benchmark/latency_ms,92.263275
1779199066.770,/benchmark/latency_ms,69.750229
1779199066.815,/benchmark/latency_ms,89.001343
1779199066.862,/benchmark/latency_ms,81.059677
1779199066.910,/benchmark/latency_ms,75.240234
1779199066.957,/benchmark/latency_ms,69.368988
1779199067.002,/benchmark/latency_ms,87.308228
1779199067.046,/benchmark/latency_ms,78.811287
1779199067.091,/benchmark/latency_ms,70.544930
1779199067.137,/benchmark/latency_ms,88.159439
1779199067.180,/benchmark/latency_ms,79.276619
1779199067.225,/benchmark/latency_ms,70.557091
1779199067.269,/benchmark/latency_ms,88.233902
1779199067.317,/benchmark/latency_ms,79.855705
1779199067.359,/benchmark/latency_ms,70.660637
1779199067.406,/benchmark/latency_ms,89.322006
1779199067.448,/benchmark/latency_ms,81.061020
1779199067.494,/benchmark/latency_ms,71.894493
1779199067.539,/benchmark/latency_ms,90.195297
1779199067.583,/benchmark/latency_ms,81.165497
1779199067.639,/benchmark/latency_ms,72.272697
1779199067.673,/benchmark/latency_ms,90.509911
1779199067.717,/benchmark/latency_ms,81.151131
1779199067.762,/benchmark/latency_ms,72.115288
1779199067.808,/benchmark/latency_ms,89.401329
1779199067.852,/benchmark/latency_ms,80.468620
1779199067.893,/benchmark/latency_ms,70.117325
1779199067.937,/benchmark/latency_ms,87.180908
1779199067.993,/benchmark/latency_ms,77.780235
1779199068.025,/benchmark/latency_ms,67.768738
1779199068.070,/benchmark/latency_ms,84.616905
1779199068.114,/benchmark/latency_ms,74.907928
1779199068.168,/benchmark/latency_ms,91.551994
1779199068.201,/benchmark/latency_ms,81.877579
1779199068.244,/benchmark/latency_ms,72.198357
1779199068.290,/benchmark/latency_ms,89.552078
1779199068.334,/benchmark/latency_ms,80.427406
1779199068.375,/benchmark/latency_ms,71.097618
1779199068.419,/benchmark/latency_ms,87.705177
1779199068.464,/benchmark/latency_ms,78.183266
1779199068.506,/benchmark/latency_ms,69.509529
1779199068.562,/benchmark/latency_ms,87.144043
1779199068.595,/benchmark/latency_ms,77.548691
1779199068.654,/benchmark/latency_ms,71.548553
1779199068.696,/benchmark/latency_ms,89.655243
1779199068.731,/benchmark/latency_ms,81.494034
1779199068.781,/benchmark/latency_ms,72.977699
1779199068.823,/benchmark/latency_ms,91.397247
1779199068.865,/benchmark/latency_ms,82.548248
1779199068.911,/benchmark/latency_ms,74.322083
1779199068.955,/benchmark/latency_ms,93.181717
1779199068.999,/benchmark/latency_ms,85.261147
1779199069.057,/benchmark/latency_ms,76.780746
1779199069.090,/benchmark/latency_ms,68.233719
1779199069.137,/benchmark/latency_ms,86.133377
1779199069.192,/benchmark/latency_ms,78.767349
1779199069.225,/benchmark/latency_ms,70.791260
1779199069.274,/benchmark/latency_ms,89.522064
1779199069.326,/benchmark/latency_ms,80.237267
1779199069.359,/benchmark/latency_ms,73.241440
1779199069.404,/benchmark/latency_ms,66.931351
1779199069.448,/benchmark/latency_ms,86.188065
1779199069.493,/benchmark/latency_ms,79.933113
1779199069.537,/benchmark/latency_ms,73.621529
1779199069.584,/benchmark/latency_ms,66.994873
1779199069.639,/benchmark/latency_ms,84.933342
1779199069.671,/benchmark/latency_ms,77.798576
1779199069.714,/benchmark/latency_ms,70.340614
1779199069.758,/benchmark/latency_ms,88.663719
1779199069.803,/benchmark/latency_ms,82.902962
1779199069.850,/benchmark/latency_ms,76.979973
1779199069.907,/benchmark/latency_ms,72.857414
1779199069.941,/benchmark/latency_ms,67.511528
1779199069.988,/benchmark/latency_ms,90.060768
1779199070.036,/benchmark/latency_ms,84.893661
1779199070.082,/benchmark/latency_ms,82.762291
1779199070.130,/benchmark/latency_ms,78.556122
1779199070.174,/benchmark/latency_ms,99.400383
1779199070.220,/benchmark/latency_ms,68.937096
1779199070.268,/benchmark/latency_ms,91.804085
1779199070.316,/benchmark/latency_ms,86.700760
1779199070.373,/benchmark/latency_ms,80.574409
1779199070.407,/benchmark/latency_ms,74.128937
1779199070.452,/benchmark/latency_ms,69.840752
1779199070.496,/benchmark/latency_ms,66.414757
1779199070.543,/benchmark/latency_ms,89.316948
1779199070.594,/benchmark/latency_ms,84.786690
1779199070.635,/benchmark/latency_ms,77.630966
1779199070.681,/benchmark/latency_ms,70.046379
1779199070.724,/benchmark/latency_ms,66.791740
1779199070.775,/benchmark/latency_ms,87.172012
1779199070.818,/benchmark/latency_ms,84.067444
1779199070.863,/benchmark/latency_ms,80.310448
1779199070.909,/benchmark/latency_ms,76.422356
1779199070.952,/benchmark/latency_ms,71.789955
1779199070.996,/benchmark/latency_ms,68.074173
1779199071.041,/benchmark/latency_ms,89.071228
1779199071.087,/benchmark/latency_ms,85.917542
1779199071.134,/benchmark/latency_ms,82.377922
1779199071.178,/benchmark/latency_ms,77.423065
1779199071.223,/benchmark/latency_ms,73.956017
1779199071.269,/benchmark/latency_ms,70.369255
1779199071.313,/benchmark/latency_ms,65.952820
1779199071.358,/benchmark/latency_ms,87.176109
1779199071.416,/benchmark/latency_ms,84.210518
1779199071.452,/benchmark/latency_ms,80.111412
1779199071.495,/benchmark/latency_ms,75.909210
1779199071.544,/benchmark/latency_ms,72.713486
1779199071.587,/benchmark/latency_ms,93.147987
1779199071.633,/benchmark/latency_ms,88.852226
1779199071.680,/benchmark/latency_ms,85.407829
1779199071.724,/benchmark/latency_ms,106.469391
1779199071.770,/benchmark/latency_ms,76.877769
1779199071.812,/benchmark/latency_ms,71.811714
1779199071.860,/benchmark/latency_ms,66.183342
1779199071.903,/benchmark/latency_ms,86.346298
1779199071.950,/benchmark/latency_ms,78.019371
1779199071.993,/benchmark/latency_ms,69.078629
1779199072.038,/benchmark/latency_ms,87.829117
1779199072.085,/benchmark/latency_ms,79.468102
1779199072.139,/benchmark/latency_ms,70.018738
1779199072.171,/benchmark/latency_ms,87.311684
1779199072.218,/benchmark/latency_ms,78.549500
1779199072.262,/benchmark/latency_ms,71.765762
1779199072.308,/benchmark/latency_ms,90.641556
1779199072.354,/benchmark/latency_ms,81.417557
1779199072.401,/benchmark/latency_ms,74.305794
1779199072.444,/benchmark/latency_ms,93.521744
1779199072.490,/benchmark/latency_ms,87.380196
1779199072.537,/benchmark/latency_ms,107.259293
1779199072.581,/benchmark/latency_ms,101.417580
1779199072.628,/benchmark/latency_ms,71.428940
1779199072.673,/benchmark/latency_ms,92.023506
1779199072.719,/benchmark/latency_ms,84.653893
1779198892.787,/node/memory_percent,49.870960
1779198892.896,/node/memory_percent,49.870960
1779198893.112,/node/memory_percent,49.870960
1779198893.283,/node/memory_percent,49.870960
1779198893.397,/node/memory_percent,49.859367
1779198893.614,/node/memory_percent,49.860088
1779198893.784,/node/memory_percent,49.860088
1779198893.895,/node/memory_percent,49.860088
1779198894.112,/node/memory_percent,49.860088
1779198894.283,/node/memory_percent,49.860088
1779198894.395,/node/memory_percent,49.860088
1779198894.612,/node/memory_percent,49.860088
1779198894.785,/node/memory_percent,49.860088
1779198894.897,/node/memory_percent,49.860870
1779198895.113,/node/memory_percent,49.860870
1779198895.284,/node/memory_percent,49.860870
1779198895.395,/node/memory_percent,49.860870
1779198895.613,/node/memory_percent,49.860870
1779198895.784,/node/memory_percent,49.860870
1779198895.895,/node/memory_percent,49.862431
1779198896.115,/node/memory_percent,49.862431
1779198896.285,/node/memory_percent,49.862431
1779198896.396,/node/memory_percent,49.862431
1779198896.614,/node/memory_percent,49.862823
1779198896.782,/node/memory_percent,49.862823
1779198896.893,/node/memory_percent,49.862823
1779198897.108,/node/memory_percent,49.862823
1779198897.286,/node/memory_percent,49.862823
1779198897.395,/node/memory_percent,49.862823
1779198897.610,/node/memory_percent,49.862823
1779198897.786,/node/memory_percent,49.862823
1779198897.893,/node/memory_percent,49.862823
1779198898.112,/node/memory_percent,49.862823
1779198898.285,/node/memory_percent,49.862823
1779198898.397,/node/memory_percent,49.862823
1779198898.612,/node/memory_percent,49.862823
1779198898.783,/node/memory_percent,49.862823
1779198898.896,/node/memory_percent,49.862823
1779198899.108,/node/memory_percent,49.862823
1779198899.283,/node/memory_percent,49.862823
1779198899.393,/node/memory_percent,49.862823
1779198899.613,/node/memory_percent,49.862823
1779198899.785,/node/memory_percent,49.862823
1779198899.893,/node/memory_percent,49.862823
1779198900.111,/node/memory_percent,49.862823
1779198900.286,/node/memory_percent,49.862823
1779198900.395,/node/memory_percent,49.862823
1779198900.611,/node/memory_percent,49.862823
1779198900.783,/node/memory_percent,49.862823
1779198900.895,/node/memory_percent,49.862823
1779198901.108,/node/memory_percent,49.869862
1779198901.286,/node/memory_percent,49.869862
1779198901.400,/node/memory_percent,49.869862
1779198901.608,/node/memory_percent,49.872581
1779198901.784,/node/memory_percent,49.872581
1779198901.893,/node/memory_percent,49.872581
1779198902.110,/node/memory_percent,49.872974
1779198902.286,/node/memory_percent,49.873367
1779198902.395,/node/memory_percent,49.873367
1779198902.611,/node/memory_percent,49.868214
1779198902.785,/node/memory_percent,49.868214
1779198902.893,/node/memory_percent,49.868214
1779198903.113,/node/memory_percent,49.868214
1779198903.286,/node/memory_percent,49.868214
1779198903.396,/node/memory_percent,49.868214
1779198903.612,/node/memory_percent,49.863178
1779198903.784,/node/memory_percent,49.863178
1779198903.895,/node/memory_percent,49.863178
1779198904.110,/node/memory_percent,49.863178
1779198904.284,/node/memory_percent,49.863178
1779198904.393,/node/memory_percent,49.863178
1779198904.611,/node/memory_percent,49.863567
1779198904.784,/node/memory_percent,49.863567
1779198904.893,/node/memory_percent,49.863567
1779198905.110,/node/memory_percent,49.863567
1779198905.286,/node/memory_percent,49.863567
1779198905.397,/node/memory_percent,49.851440
1779198905.612,/node/memory_percent,49.855301
1779198905.789,/node/memory_percent,49.855301
1779198905.894,/node/memory_percent,49.863483
1779198906.113,/node/memory_percent,49.874062
1779198906.288,/node/memory_percent,49.874062
1779198906.398,/node/memory_percent,49.874454
1779198906.615,/node/memory_percent,49.875214
1779198906.782,/node/memory_percent,49.875214
1779198906.893,/node/memory_percent,49.875214
1779198907.115,/node/memory_percent,49.875214
1779198907.286,/node/memory_percent,49.875214
1779198907.393,/node/memory_percent,49.875599
1779198907.612,/node/memory_percent,49.875599
1779198907.783,/node/memory_percent,49.875599
1779198907.895,/node/memory_percent,49.875599
1779198908.113,/node/memory_percent,49.875599
1779198908.280,/node/memory_percent,49.875599
1779198908.393,/node/memory_percent,49.876293
1779198908.608,/node/memory_percent,49.870754
1779198908.785,/node/memory_percent,49.870754
1779198908.896,/node/memory_percent,49.871506
1779198909.111,/node/memory_percent,49.871899
1779198909.284,/node/memory_percent,49.871899
1779198909.392,/node/memory_percent,49.871899
1779198909.607,/node/memory_percent,49.871899
1779198909.782,/node/memory_percent,49.871899
1779198909.891,/node/memory_percent,49.866360
1779198910.110,/node/memory_percent,49.869667
1779198910.285,/node/memory_percent,49.871235
1779198910.395,/node/memory_percent,49.871674
1779198910.610,/node/memory_percent,49.872440
1779198910.784,/node/memory_percent,49.872440
1779198910.896,/node/memory_percent,49.872440
1779198911.109,/node/memory_percent,49.873161
1779198911.280,/node/memory_percent,49.873161
1779198911.390,/node/memory_percent,49.874336
1779198911.609,/node/memory_percent,49.874725
1779198911.782,/node/memory_percent,49.879425
1779198911.892,/node/memory_percent,49.880589
1779198912.109,/node/memory_percent,49.881290
1779198912.286,/node/memory_percent,49.881290
1779198912.394,/node/memory_percent,49.881290
1779198912.607,/node/memory_percent,49.881367
1779198912.783,/node/memory_percent,49.881367
1779198912.894,/node/memory_percent,49.881367
1779198913.111,/node/memory_percent,49.881367
1779198913.282,/node/memory_percent,49.881367
1779198913.395,/node/memory_percent,49.881367
1779198913.610,/node/memory_percent,49.881367
1779198913.782,/node/memory_percent,49.881367
1779198913.892,/node/memory_percent,49.881367
1779198914.109,/node/memory_percent,49.881367
1779198914.285,/node/memory_percent,49.881367
1779198914.396,/node/memory_percent,49.881367
1779198914.609,/node/memory_percent,49.881367
1779198914.786,/node/memory_percent,49.881367
1779198914.894,/node/memory_percent,49.881367
1779198915.109,/node/memory_percent,49.881367
1779198915.282,/node/memory_percent,49.881367
1779198915.395,/node/memory_percent,49.881367
1779198915.611,/node/memory_percent,49.881756
1779198915.785,/node/memory_percent,49.881756
1779198915.894,/node/memory_percent,49.881756
1779198916.109,/node/memory_percent,49.881756
1779198916.286,/node/memory_percent,49.881744
1779198916.394,/node/memory_percent,49.881744
1779198916.611,/node/memory_percent,49.881744
1779198916.782,/node/memory_percent,49.881744
1779198916.892,/node/memory_percent,49.881744
1779198917.107,/node/memory_percent,49.885597
1779198917.283,/node/memory_percent,49.885597
1779198917.394,/node/memory_percent,49.885597
1779198917.609,/node/memory_percent,49.886822
1779198917.783,/node/memory_percent,49.886822
1779198917.895,/node/memory_percent,49.886822
1779198918.109,/node/memory_percent,49.886822
1779198918.284,/node/memory_percent,49.886822
1779198918.392,/node/memory_percent,49.886822
1779198918.609,/node/memory_percent,49.886822
1779198918.781,/node/memory_percent,49.886822
1779198918.897,/node/memory_percent,49.886822
1779198919.110,/node/memory_percent,49.886822
1779198919.283,/node/memory_percent,49.886822
1779198919.392,/node/memory_percent,49.886822
1779198919.609,/node/memory_percent,49.886806
1779198919.781,/node/memory_percent,49.886806
1779198919.895,/node/memory_percent,49.887192
1779198920.108,/node/memory_percent,49.887192
1779198920.285,/node/memory_percent,49.887192
1779198920.396,/node/memory_percent,49.887581
1779198920.608,/node/memory_percent,49.887966
1779198920.786,/node/memory_percent,49.887966
1779198920.893,/node/memory_percent,49.887966
1779198921.108,/node/memory_percent,49.887966
1779198921.282,/node/memory_percent,49.888702
1779198921.393,/node/memory_percent,49.888702
1779198921.610,/node/memory_percent,49.888702
1779198921.782,/node/memory_percent,49.888702
1779198921.894,/node/memory_percent,49.888702
1779198922.110,/node/memory_percent,49.888702
1779198922.281,/node/memory_percent,49.888702
1779198922.394,/node/memory_percent,49.888702
1779198922.608,/node/memory_percent,49.888702
1779198922.785,/node/memory_percent,49.888702
1779198922.893,/node/memory_percent,49.888702
1779198923.111,/node/memory_percent,49.886543
1779198923.283,/node/memory_percent,49.886543
1779198923.393,/node/memory_percent,49.886543
1779198923.609,/node/memory_percent,49.886738
1779198923.786,/node/memory_percent,49.886738
1779198923.895,/node/memory_percent,49.886738
1779198924.110,/node/memory_percent,49.886738
1779198924.287,/node/memory_percent,49.886738
1779198924.394,/node/memory_percent,49.886738
1779198924.608,/node/memory_percent,49.887123
1779198924.784,/node/memory_percent,49.887123
1779198924.893,/node/memory_percent,49.878952
1779198925.109,/node/memory_percent,49.878899
1779198925.280,/node/memory_percent,49.878899
1779198925.393,/node/memory_percent,49.878899
1779198925.606,/node/memory_percent,49.878899
1779198925.782,/node/memory_percent,49.878899
1779198925.893,/node/memory_percent,49.885151
1779198926.108,/node/memory_percent,49.892941
1779198926.283,/node/memory_percent,49.892941
1779198926.393,/node/memory_percent,49.892941
1779198926.610,/node/memory_percent,49.894108
1779198926.781,/node/memory_percent,49.888569
1779198926.891,/node/memory_percent,49.877270
1779198927.111,/node/memory_percent,49.877270
1779198927.283,/node/memory_percent,49.877270
1779198927.393,/node/memory_percent,49.877655
1779198927.611,/node/memory_percent,49.877636
1779198927.784,/node/memory_percent,49.877636
1779198927.895,/node/memory_percent,49.877636
1779198928.109,/node/memory_percent,49.877636
1779198928.282,/node/memory_percent,49.877636
1779198928.393,/node/memory_percent,49.877636
1779198928.608,/node/memory_percent,49.877636
1779198928.784,/node/memory_percent,49.877636
1779198928.894,/node/memory_percent,49.877636
1779198929.109,/node/memory_percent,49.877636
1779198929.282,/node/memory_percent,49.877636
1779198929.392,/node/memory_percent,49.877636
1779198929.609,/node/memory_percent,49.878407
1779198929.783,/node/memory_percent,49.879189
1779198929.893,/node/memory_percent,49.879189
1779198930.109,/node/memory_percent,49.879189
1779198930.285,/node/memory_percent,49.879974
1779198930.393,/node/memory_percent,49.880714
1779198930.609,/node/memory_percent,49.880714
1779198930.781,/node/memory_percent,49.880714
1779198930.894,/node/memory_percent,49.880714
1779198931.109,/node/memory_percent,49.880714
1779198931.282,/node/memory_percent,49.880714
1779198931.394,/node/memory_percent,49.881100
1779198931.608,/node/memory_percent,49.881084
1779198931.782,/node/memory_percent,49.883434
1779198931.895,/node/memory_percent,49.883434
1779198932.107,/node/memory_percent,49.883434
1779198932.282,/node/memory_percent,49.883434
1779198932.392,/node/memory_percent,49.883434
1779198932.609,/node/memory_percent,49.881783
1779198932.782,/node/memory_percent,49.885700
1779198932.893,/node/memory_percent,49.885700
1779198933.105,/node/memory_percent,49.885700
1779198933.282,/node/memory_percent,49.885700
1779198933.390,/node/memory_percent,49.885700
1779198933.611,/node/memory_percent,49.886169
1779198933.783,/node/memory_percent,49.886169
1779198933.888,/node/memory_percent,49.886169
1779198934.105,/node/memory_percent,49.886169
1779198934.281,/node/memory_percent,49.887737
1779198934.392,/node/memory_percent,49.879543
1779198934.607,/node/memory_percent,49.881840
1779198934.781,/node/memory_percent,49.882229
1779198934.893,/node/memory_percent,49.882229
1779198935.105,/node/memory_percent,49.882229
1779198935.281,/node/memory_percent,49.882229
1779198935.393,/node/memory_percent,49.882622
1779198935.608,/node/memory_percent,49.882622
1779198935.782,/node/memory_percent,49.882622
1779198935.891,/node/memory_percent,49.882622
1779198936.106,/node/memory_percent,49.882622
1779198936.281,/node/memory_percent,49.882622
1779198936.391,/node/memory_percent,49.882622
1779198936.606,/node/memory_percent,49.882622
1779198936.778,/node/memory_percent,49.882622
1779198936.889,/node/memory_percent,49.882622
1779198937.108,/node/memory_percent,49.882622
1779198937.279,/node/memory_percent,49.882622
1779198937.390,/node/memory_percent,49.882622
1779198937.604,/node/memory_percent,49.882622
1779198937.780,/node/memory_percent,49.882622
1779198937.892,/node/memory_percent,49.882622
1779198938.105,/node/memory_percent,49.882622
1779198938.281,/node/memory_percent,49.882622
1779198938.391,/node/memory_percent,49.882622
1779198938.608,/node/memory_percent,49.882622
1779198938.781,/node/memory_percent,49.882622
1779198938.891,/node/memory_percent,49.882622
1779198939.104,/node/memory_percent,49.882622
1779198939.282,/node/memory_percent,49.882622
1779198939.392,/node/memory_percent,49.882622
1779198939.604,/node/memory_percent,49.883770
1779198939.782,/node/memory_percent,49.886513
1779198939.895,/node/memory_percent,49.886513
1779198940.104,/node/memory_percent,49.886513
1779198940.280,/node/memory_percent,49.886513
1779198940.395,/node/memory_percent,49.886513
1779198940.604,/node/memory_percent,49.874374
1779198940.781,/node/memory_percent,49.874374
1779198940.889,/node/memory_percent,49.874374
1779198941.109,/node/memory_percent,49.875149
1779198941.280,/node/memory_percent,49.875149
1779198941.389,/node/memory_percent,49.875149
1779198941.606,/node/memory_percent,49.875889
1779198941.780,/node/memory_percent,49.876282
1779198941.889,/node/memory_percent,49.876282
1779198942.107,/node/memory_percent,49.876282
1779198942.283,/node/memory_percent,49.876282
1779198942.389,/node/memory_percent,49.876667
1779198942.607,/node/memory_percent,49.876667
1779198942.780,/node/memory_percent,49.876667
1779198942.891,/node/memory_percent,49.876667
1779198943.109,/node/memory_percent,49.876667
1779198943.280,/node/memory_percent,49.876667
1779198943.392,/node/memory_percent,49.876568
1779198943.604,/node/memory_percent,49.876659
1779198943.780,/node/memory_percent,49.876659
1779198943.894,/node/memory_percent,49.876659
1779198944.105,/node/memory_percent,49.876659
1779198944.280,/node/memory_percent,49.876656
1779198944.391,/node/memory_percent,49.876656
1779198944.605,/node/memory_percent,49.876656
1779198944.778,/node/memory_percent,49.876656
1779198944.891,/node/memory_percent,49.876656
1779198945.103,/node/memory_percent,49.876656
1779198945.278,/node/memory_percent,49.876656
1779198945.390,/node/memory_percent,49.876656
1779198945.605,/node/memory_percent,49.877022
1779198945.780,/node/memory_percent,49.877022
1779198945.891,/node/memory_percent,49.880547
1779198946.103,/node/memory_percent,49.887543
1779198946.283,/node/memory_percent,49.887543
1779198946.390,/node/memory_percent,49.887936
1779198946.608,/node/memory_percent,49.888332
1779198946.778,/node/memory_percent,49.888332
1779198946.889,/node/memory_percent,49.888332
1779198947.105,/node/memory_percent,49.888332
1779198947.280,/node/memory_percent,49.888332
1779198947.390,/node/memory_percent,49.888332
1779198947.605,/node/memory_percent,49.888332
1779198947.781,/node/memory_percent,49.888332
1779198947.888,/node/memory_percent,49.888332
1779198948.106,/node/memory_percent,49.888718
1779198948.280,/node/memory_percent,49.888718
1779198948.388,/node/memory_percent,49.888718
1779198948.606,/node/memory_percent,49.889069
1779198948.782,/node/memory_percent,49.889053
1779198948.890,/node/memory_percent,49.889053
1779198949.105,/node/memory_percent,49.885082
1779198949.279,/node/memory_percent,49.885082
1779198949.391,/node/memory_percent,49.885082
1779198949.603,/node/memory_percent,49.885139
1779198949.777,/node/memory_percent,49.885139
1779198949.888,/node/memory_percent,49.885139
1779198950.103,/node/memory_percent,49.885139
1779198950.279,/node/memory_percent,49.885139
1779198950.393,/node/memory_percent,49.885139
1779198950.607,/node/memory_percent,49.885139
1779198950.779,/node/memory_percent,49.885139
1779198950.895,/node/memory_percent,49.885139
1779198951.103,/node/memory_percent,49.885139
1779198951.279,/node/memory_percent,49.885921
1779198951.390,/node/memory_percent,49.885921
1779198951.604,/node/memory_percent,49.887047
1779198951.779,/node/memory_percent,49.890949
1779198951.890,/node/memory_percent,49.897217
1779198952.104,/node/memory_percent,49.897217
1779198952.277,/node/memory_percent,49.897217
1779198952.391,/node/memory_percent,49.897217
1779198952.605,/node/memory_percent,49.897610
1779198952.779,/node/memory_percent,49.897610
1779198952.891,/node/memory_percent,49.897610
1779198953.102,/node/memory_percent,49.897610
1779198953.281,/node/memory_percent,49.897610
1779198953.390,/node/memory_percent,49.897610
1779198953.606,/node/memory_percent,49.897610
1779198953.779,/node/memory_percent,49.897610
1779198953.890,/node/memory_percent,49.897610
1779198954.105,/node/memory_percent,49.897610
1779198954.278,/node/memory_percent,49.885487
1779198954.390,/node/memory_percent,49.885841
1779198954.606,/node/memory_percent,49.885841
1779198954.777,/node/memory_percent,49.874012
1779198954.889,/node/memory_percent,49.874012
1779198955.103,/node/memory_percent,49.874012
1779198955.279,/node/memory_percent,49.874012
1779198955.387,/node/memory_percent,49.874012
1779198955.606,/node/memory_percent,49.874405
1779198955.782,/node/memory_percent,49.874405
1779198955.889,/node/memory_percent,49.874405
1779198956.107,/node/memory_percent,49.874405
1779198956.276,/node/memory_percent,49.874405
1779198956.391,/node/memory_percent,49.874794
1779198956.607,/node/memory_percent,49.874794
1779198956.777,/node/memory_percent,49.874794
1779198956.887,/node/memory_percent,49.874794
1779198957.105,/node/memory_percent,49.874794
1779198957.278,/node/memory_percent,49.874794
1779198957.391,/node/memory_percent,49.874794
1779198957.604,/node/memory_percent,49.875179
1779198957.776,/node/memory_percent,49.875179
1779198957.887,/node/memory_percent,49.875179
1779198958.107,/node/memory_percent,49.875179
1779198958.278,/node/memory_percent,49.875179
1779198958.387,/node/memory_percent,49.875179
1779198958.606,/node/memory_percent,49.875179
1779198958.778,/node/memory_percent,49.875179
1779198958.889,/node/memory_percent,49.875179
1779198959.107,/node/memory_percent,49.875179
1779198959.279,/node/memory_percent,49.875179
1779198959.389,/node/memory_percent,49.875565
1779198959.600,/node/memory_percent,49.875946
1779198959.776,/node/memory_percent,49.875946
1779198959.889,/node/memory_percent,49.875946
1779198960.103,/node/memory_percent,49.875946
1779198960.280,/node/memory_percent,49.875946
1779198960.390,/node/memory_percent,49.875946
1779198960.601,/node/memory_percent,49.875946
1779198960.776,/node/memory_percent,49.875946
1779198960.891,/node/memory_percent,49.875946
1779198961.103,/node/memory_percent,49.875946
1779198961.281,/node/memory_percent,49.875946
1779198961.387,/node/memory_percent,49.877895
1779198961.603,/node/memory_percent,49.878288
1779198961.777,/node/memory_percent,49.878265
1779198961.888,/node/memory_percent,49.879391
1779198962.105,/node/memory_percent,49.879780
1779198962.279,/node/memory_percent,49.880173
1779198962.389,/node/memory_percent,49.880173
1779198962.603,/node/memory_percent,49.880173
1779198962.779,/node/memory_percent,49.880173
1779198962.888,/node/memory_percent,49.880173
1779198963.105,/node/memory_percent,49.880173
1779198963.276,/node/memory_percent,49.880173
1779198963.388,/node/memory_percent,49.880173
1779198963.604,/node/memory_percent,49.880173
1779198963.777,/node/memory_percent,49.880173
1779198963.886,/node/memory_percent,49.880173
1779198964.103,/node/memory_percent,49.880173
1779198964.280,/node/memory_percent,49.880173
1779198964.388,/node/memory_percent,49.880173
1779198964.605,/node/memory_percent,49.880550
1779198964.777,/node/memory_percent,49.880550
1779198964.888,/node/memory_percent,49.880550
1779198965.101,/node/memory_percent,49.880550
1779198965.279,/node/memory_percent,49.880550
1779198965.388,/node/memory_percent,49.880550
1779198965.603,/node/memory_percent,49.880550
1779198965.778,/node/memory_percent,49.880550
1779198965.886,/node/memory_percent,49.883686
1779198966.102,/node/memory_percent,49.890297
1779198966.277,/node/memory_percent,49.890297
1779198966.389,/node/memory_percent,49.890297
1779198966.603,/node/memory_percent,49.890297
1779198966.776,/node/memory_percent,49.890297
1779198966.886,/node/memory_percent,49.890297
1779198967.103,/node/memory_percent,49.890297
1779198967.281,/node/memory_percent,49.890297
1779198967.391,/node/memory_percent,49.890297
1779198967.602,/node/memory_percent,49.890297
1779198967.782,/node/memory_percent,49.890297
1779198967.886,/node/memory_percent,49.890297
1779198968.102,/node/memory_percent,49.890297
1779198968.277,/node/memory_percent,49.890297
1779198968.386,/node/memory_percent,49.890297
1779198968.601,/node/memory_percent,49.891380
1779198968.777,/node/memory_percent,49.891380
1779198968.884,/node/memory_percent,49.891380
1779198969.101,/node/memory_percent,49.891727
1779198969.275,/node/memory_percent,49.891727
1779198969.389,/node/memory_percent,49.891727
1779198969.602,/node/memory_percent,49.891727
1779198969.777,/node/memory_percent,49.891727
1779198969.888,/node/memory_percent,49.891727
1779198970.102,/node/memory_percent,49.887699
1779198970.278,/node/memory_percent,49.885685
1779198970.387,/node/memory_percent,49.885685
1779198970.602,/node/memory_percent,49.885406
1779198970.780,/node/memory_percent,49.885406
1779198970.889,/node/memory_percent,49.885406
1779198971.102,/node/memory_percent,49.885406
1779198971.276,/node/memory_percent,49.881100
1779198971.385,/node/memory_percent,49.881855
1779198971.604,/node/memory_percent,49.877213
1779198971.777,/node/memory_percent,49.877213
1779198971.887,/node/memory_percent,49.877598
1779198972.102,/node/memory_percent,49.877598
1779198972.278,/node/memory_percent,49.878384
1779198972.385,/node/memory_percent,49.878384
1779198972.605,/node/memory_percent,49.879097
1779198972.778,/node/memory_percent,49.879097
1779198972.887,/node/memory_percent,49.879097
1779198973.100,/node/memory_percent,49.879097
1779198973.276,/node/memory_percent,49.879097
1779198973.387,/node/memory_percent,49.879097
1779198973.604,/node/memory_percent,49.876553
1779198973.776,/node/memory_percent,49.876553
1779198973.887,/node/memory_percent,49.876553
1779198974.100,/node/memory_percent,49.876945
1779198974.276,/node/memory_percent,49.876945
1779198974.387,/node/memory_percent,49.876945
1779198974.602,/node/memory_percent,49.876736
1779198974.777,/node/memory_percent,49.876736
1779198974.885,/node/memory_percent,49.876736
1779198975.103,/node/memory_percent,49.864651
1779198975.276,/node/memory_percent,49.853069
1779198975.387,/node/memory_percent,49.854637
1779198975.603,/node/memory_percent,49.855183
1779198975.774,/node/memory_percent,49.855968
1779198975.887,/node/memory_percent,49.855968
1779198976.105,/node/memory_percent,49.855968
1779198976.275,/node/memory_percent,49.855968
1779198976.386,/node/memory_percent,49.855968
1779198976.603,/node/memory_percent,49.855968
1779198976.774,/node/memory_percent,49.863800
1779198976.885,/node/memory_percent,49.863800
1779198977.104,/node/memory_percent,49.864189
1779198977.275,/node/memory_percent,49.864189
1779198977.386,/node/memory_percent,49.864189
1779198977.601,/node/memory_percent,49.864189
1779198977.774,/node/memory_percent,49.864574
1779198977.888,/node/memory_percent,49.864574
1779198978.102,/node/memory_percent,49.864967
1779198978.280,/node/memory_percent,49.864967
1779198978.386,/node/memory_percent,49.864967
1779198978.603,/node/memory_percent,49.864967
1779198978.776,/node/memory_percent,49.868099
1779198978.888,/node/memory_percent,49.869667
1779198979.107,/node/memory_percent,49.872017
1779198979.276,/node/memory_percent,49.872017
1779198979.385,/node/memory_percent,49.872017
1779198979.602,/node/memory_percent,49.872799
1779198979.777,/node/memory_percent,49.872799
1779198979.884,/node/memory_percent,49.872799
1779198980.101,/node/memory_percent,49.872799
1779198980.277,/node/memory_percent,49.873150
1779198980.388,/node/memory_percent,49.873150
1779198980.602,/node/memory_percent,49.873150
1779198980.777,/node/memory_percent,49.873150
1779198980.887,/node/memory_percent,49.873150
1779198981.103,/node/memory_percent,49.872620
1779198981.281,/node/memory_percent,49.873402
1779198981.384,/node/memory_percent,49.870178
1779198981.601,/node/memory_percent,49.870296
1779198981.778,/node/memory_percent,49.876560
1779198981.885,/node/memory_percent,49.876560
1779198982.101,/node/memory_percent,49.877258
1779198982.277,/node/memory_percent,49.877338
1779198982.384,/node/memory_percent,49.877338
1779198982.602,/node/memory_percent,49.877728
1779198982.775,/node/memory_percent,49.877728
1779198982.886,/node/memory_percent,49.877728
1779198983.099,/node/memory_percent,49.877728
1779198983.272,/node/memory_percent,49.877728
1779198983.387,/node/memory_percent,49.877728
1779198983.598,/node/memory_percent,49.877728
1779198983.776,/node/memory_percent,49.877728
1779198983.888,/node/memory_percent,49.871128
1779198984.099,/node/memory_percent,49.875046
1779198984.277,/node/memory_percent,49.875431
1779198984.386,/node/memory_percent,49.875431
1779198984.605,/node/memory_percent,49.875767
1779198984.773,/node/memory_percent,49.875767
1779198984.886,/node/memory_percent,49.875767
1779198985.103,/node/memory_percent,49.875767
1779198985.274,/node/memory_percent,49.875767
1779198985.389,/node/memory_percent,49.875767
1779198985.602,/node/memory_percent,49.875767
1779198985.776,/node/memory_percent,49.875767
1779198985.887,/node/memory_percent,49.885902
1779198986.098,/node/memory_percent,49.888527
1779198986.278,/node/memory_percent,49.888527
1779198986.386,/node/memory_percent,49.888527
1779198986.598,/node/memory_percent,49.889812
1779198986.773,/node/memory_percent,49.889812
1779198986.883,/node/memory_percent,49.889812
1779198987.100,/node/memory_percent,49.889812
1779198987.276,/node/memory_percent,49.889812
1779198987.386,/node/memory_percent,49.889812
1779198987.601,/node/memory_percent,49.889812
1779198987.777,/node/memory_percent,49.889812
1779198987.885,/node/memory_percent,49.889812
1779198988.100,/node/memory_percent,49.889812
1779198988.274,/node/memory_percent,49.889812
1779198988.388,/node/memory_percent,49.889812
1779198988.600,/node/memory_percent,49.889801
1779198988.774,/node/memory_percent,49.889801
1779198988.883,/node/memory_percent,49.889801
1779198989.100,/node/memory_percent,49.889801
1779198989.274,/node/memory_percent,49.879612
1779198989.383,/node/memory_percent,49.879612
1779198989.601,/node/memory_percent,49.879612
1779198989.774,/node/memory_percent,49.879612
1779198989.885,/node/memory_percent,49.879612
1779198990.103,/node/memory_percent,49.879612
1779198990.272,/node/memory_percent,49.879612
1779198990.386,/node/memory_percent,49.879612
1779198990.598,/node/memory_percent,49.879612
1779198990.773,/node/memory_percent,49.879612
1779198990.883,/node/memory_percent,49.879612
1779198991.103,/node/memory_percent,49.879612
1779198991.274,/node/memory_percent,49.879608
1779198991.383,/node/memory_percent,49.879608
1779198991.601,/node/memory_percent,49.869473
1779198991.776,/node/memory_percent,49.873390
1779198991.886,/node/memory_percent,49.873390
1779198992.100,/node/memory_percent,49.873783
1779198992.274,/node/memory_percent,49.874168
1779198992.387,/node/memory_percent,49.874168
1779198992.600,/node/memory_percent,49.874504
1779198992.773,/node/memory_percent,49.874504
1779198992.886,/node/memory_percent,49.874504
1779198993.103,/node/memory_percent,49.874504
1779198993.272,/node/memory_percent,49.874504
1779198993.383,/node/memory_percent,49.874504
1779198993.601,/node/memory_percent,49.874504
1779198993.772,/node/memory_percent,49.874504
1779198993.882,/node/memory_percent,49.874504
1779198994.099,/node/memory_percent,49.874504
1779198994.274,/node/memory_percent,49.874489
1779198994.382,/node/memory_percent,49.874489
1779198994.601,/node/memory_percent,49.874882
1779198994.772,/node/memory_percent,49.874882
1779198994.885,/node/memory_percent,49.874882
1779198995.102,/node/memory_percent,49.874882
1779198995.275,/node/memory_percent,49.874882
1779198995.386,/node/memory_percent,49.874870
1779198995.597,/node/memory_percent,49.874870
1779198995.775,/node/memory_percent,49.874870
1779198995.887,/node/memory_percent,49.874870
1779198996.100,/node/memory_percent,49.874870
1779198996.275,/node/memory_percent,49.874870
1779198996.383,/node/memory_percent,49.874870
1779198996.604,/node/memory_percent,49.874870
1779198996.769,/node/memory_percent,49.874870
1779198996.883,/node/memory_percent,49.874870
1779198997.102,/node/memory_percent,49.874870
1779198997.275,/node/memory_percent,49.874870
1779198997.384,/node/memory_percent,49.874870
1779198997.597,/node/memory_percent,49.874031
1779198997.772,/node/memory_percent,49.874031
1779198997.882,/node/memory_percent,49.874031
1779198998.102,/node/memory_percent,49.874813
1779198998.271,/node/memory_percent,49.867428
1779198998.386,/node/memory_percent,49.867428
1779198998.601,/node/memory_percent,49.868214
1779198998.775,/node/memory_percent,49.868214
1779198998.888,/node/memory_percent,49.868214
1779198999.097,/node/memory_percent,49.868214
1779198999.273,/node/memory_percent,49.868214
1779198999.384,/node/memory_percent,49.868214
1779198999.600,/node/memory_percent,49.868214
1779198999.771,/node/memory_percent,49.868214
1779198999.884,/node/memory_percent,49.868214
1779199000.099,/node/memory_percent,49.868214
1779199000.277,/node/memory_percent,49.868214
1779199000.383,/node/memory_percent,49.868214
1779199000.602,/node/memory_percent,49.868214
1779199000.771,/node/memory_percent,49.868214
1779199000.882,/node/memory_percent,49.868214
1779199001.098,/node/memory_percent,49.868214
1779199001.276,/node/memory_percent,49.868214
1779199001.384,/node/memory_percent,49.868599
1779199001.599,/node/memory_percent,49.870144
1779199001.773,/node/memory_percent,49.871662
1779199001.883,/node/memory_percent,49.871662
1779199002.098,/node/memory_percent,49.871662
1779199002.274,/node/memory_percent,49.871662
1779199002.383,/node/memory_percent,49.871662
1779199002.600,/node/memory_percent,49.871655
1779199002.774,/node/memory_percent,49.871655
1779199002.883,/node/memory_percent,49.871655
1779199003.101,/node/memory_percent,49.871655
1779199003.273,/node/memory_percent,49.871655
1779199003.386,/node/memory_percent,49.871655
1779199003.598,/node/memory_percent,49.872829
1779199003.774,/node/memory_percent,49.872829
1779199003.883,/node/memory_percent,49.872829
1779199004.099,/node/memory_percent,49.872829
1779199004.272,/node/memory_percent,49.872829
1779199004.384,/node/memory_percent,49.872829
1779199004.599,/node/memory_percent,49.872829
1779199004.772,/node/memory_percent,49.873222
1779199004.884,/node/memory_percent,49.873222
1779199005.099,/node/memory_percent,49.873222
1779199005.276,/node/memory_percent,49.873222
1779199005.387,/node/memory_percent,49.873222
1779199005.597,/node/memory_percent,49.873222
1779199005.771,/node/memory_percent,49.873222
1779199005.882,/node/memory_percent,49.884190
1779199006.097,/node/memory_percent,49.892090
1779199006.272,/node/memory_percent,49.892090
1779199006.383,/node/memory_percent,49.892090
1779199006.602,/node/memory_percent,49.892467
1779199006.770,/node/memory_percent,49.893246
1779199006.881,/node/memory_percent,49.893246
1779199007.100,/node/memory_percent,49.893246
1779199007.272,/node/memory_percent,49.893246
1779199007.384,/node/memory_percent,49.893246
1779199007.598,/node/memory_percent,49.893246
1779199007.772,/node/memory_percent,49.893246
1779199007.881,/node/memory_percent,49.893246
1779199008.099,/node/memory_percent,49.893246
1779199008.273,/node/memory_percent,49.893246
1779199008.382,/node/memory_percent,49.893246
1779199008.597,/node/memory_percent,49.893246
1779199008.774,/node/memory_percent,49.893246
1779199008.883,/node/memory_percent,49.893246
1779199009.099,/node/memory_percent,49.893246
1779199009.272,/node/memory_percent,49.893246
1779199009.384,/node/memory_percent,49.890728
1779199009.597,/node/memory_percent,49.890495
1779199009.774,/node/memory_percent,49.890495
1779199009.882,/node/memory_percent,49.890495
1779199010.096,/node/memory_percent,49.890495
1779199010.273,/node/memory_percent,49.890495
1779199010.384,/node/memory_percent,49.890495
1779199010.599,/node/memory_percent,49.890846
1779199010.773,/node/memory_percent,49.891232
1779199010.882,/node/memory_percent,49.891232
1779199011.096,/node/memory_percent,49.891232
1779199011.272,/node/memory_percent,49.891232
1779199011.384,/node/memory_percent,49.892796
1779199011.597,/node/memory_percent,49.894363
1779199011.772,/node/memory_percent,49.894363
1779199011.883,/node/memory_percent,49.891815
1779199012.099,/node/memory_percent,49.893967
1779199012.270,/node/memory_percent,49.896149
1779199012.380,/node/memory_percent,49.896149
1779199012.600,/node/memory_percent,49.896271
1779199012.772,/node/memory_percent,49.897049
1779199012.884,/node/memory_percent,49.897049
1779199013.097,/node/memory_percent,49.896042
1779199013.277,/node/memory_percent,49.896042
1779199013.380,/node/memory_percent,49.896656
1779199013.595,/node/memory_percent,49.897049
1779199013.771,/node/memory_percent,49.897049
1779199013.882,/node/memory_percent,49.897049
1779199014.095,/node/memory_percent,49.897049
1779199014.275,/node/memory_percent,49.897049
1779199014.380,/node/memory_percent,49.897434
1779199014.595,/node/memory_percent,49.897434
1779199014.771,/node/memory_percent,49.897434
1779199014.882,/node/memory_percent,49.897434
1779199015.095,/node/memory_percent,49.897434
1779199015.271,/node/memory_percent,49.885349
1779199015.385,/node/memory_percent,49.885349
1779199015.596,/node/memory_percent,49.885685
1779199015.770,/node/memory_percent,49.884678
1779199015.881,/node/memory_percent,49.884678
1779199016.096,/node/memory_percent,49.884678
1779199016.269,/node/memory_percent,49.888538
1779199016.382,/node/memory_percent,49.888538
1779199016.599,/node/memory_percent,49.888329
1779199016.768,/node/memory_percent,49.888329
1779199016.880,/node/memory_percent,49.888329
1779199017.099,/node/memory_percent,49.888329
1779199017.269,/node/memory_percent,49.888329
1779199017.381,/node/memory_percent,49.888329
1779199017.596,/node/memory_percent,49.888329
1779199017.773,/node/memory_percent,49.888329
1779199017.881,/node/memory_percent,49.888329
1779199018.098,/node/memory_percent,49.888329
1779199018.270,/node/memory_percent,49.888329
1779199018.383,/node/memory_percent,49.888329
1779199018.597,/node/memory_percent,49.888676
1779199018.771,/node/memory_percent,49.888676
1779199018.882,/node/memory_percent,49.888676
1779199019.097,/node/memory_percent,49.888676
1779199019.269,/node/memory_percent,49.889069
1779199019.382,/node/memory_percent,49.889454
1779199019.596,/node/memory_percent,49.889435
1779199019.769,/node/memory_percent,49.889435
1779199019.881,/node/memory_percent,49.889435
1779199020.096,/node/memory_percent,49.894524
1779199020.272,/node/memory_percent,49.894524
1779199020.383,/node/memory_percent,49.894524
1779199020.597,/node/memory_percent,49.894524
1779199020.770,/node/memory_percent,49.894524
1779199020.881,/node/memory_percent,49.894524
1779199021.097,/node/memory_percent,49.894524
1779199021.271,/node/memory_percent,49.894909
1779199021.379,/node/memory_percent,49.894909
1779199021.596,/node/memory_percent,49.894909
1779199021.771,/node/memory_percent,49.897259
1779199021.879,/node/memory_percent,49.897259
1779199022.096,/node/memory_percent,49.897259
1779199022.273,/node/memory_percent,49.897259
1779199022.382,/node/memory_percent,49.897644
1779199022.600,/node/memory_percent,49.897644
1779199022.774,/node/memory_percent,49.897644
1779199022.883,/node/memory_percent,49.897644
1779199023.098,/node/memory_percent,49.897644
1779199023.271,/node/memory_percent,49.897644
1779199023.381,/node/memory_percent,49.897644
1779199023.594,/node/memory_percent,49.897644
1779199023.774,/node/memory_percent,49.897644
1779199023.879,/node/memory_percent,49.897644
1779199024.097,/node/memory_percent,49.897644
1779199024.271,/node/memory_percent,49.897644
1779199024.382,/node/memory_percent,49.897644
1779199024.599,/node/memory_percent,49.897644
1779199024.771,/node/memory_percent,49.891766
1779199024.879,/node/memory_percent,49.891766
1779199025.098,/node/memory_percent,49.891766
1779199025.271,/node/memory_percent,49.891766
1779199025.379,/node/memory_percent,49.880074
1779199025.596,/node/memory_percent,49.884693
1779199025.770,/node/memory_percent,49.885082
1779199025.880,/node/memory_percent,49.891697
1779199026.094,/node/memory_percent,49.881470
1779199026.273,/node/memory_percent,49.881470
1779199026.382,/node/memory_percent,49.881470
1779199026.596,/node/memory_percent,49.881470
1779199026.769,/node/memory_percent,49.881470
1779199026.878,/node/memory_percent,49.881470
1779199027.096,/node/memory_percent,49.881470
1779199027.268,/node/memory_percent,49.881470
1779199027.383,/node/memory_percent,49.881470
1779199027.597,/node/memory_percent,49.881470
1779199027.771,/node/memory_percent,49.881470
1779199027.881,/node/memory_percent,49.881470
1779199028.096,/node/memory_percent,49.881470
1779199028.271,/node/memory_percent,49.881470
1779199028.381,/node/memory_percent,49.881470
1779199028.595,/node/memory_percent,49.881470
1779199028.769,/node/memory_percent,49.881470
1779199028.879,/node/memory_percent,49.881470
1779199029.100,/node/memory_percent,49.882168
1779199029.271,/node/memory_percent,49.882168
1779199029.384,/node/memory_percent,49.882168
1779199029.596,/node/memory_percent,49.882946
1779199029.768,/node/memory_percent,49.882946
1779199029.881,/node/memory_percent,49.882946
1779199030.095,/node/memory_percent,49.883293
1779199030.270,/node/memory_percent,49.887558
1779199030.379,/node/memory_percent,49.887943
1779199030.598,/node/memory_percent,49.887928
1779199030.769,/node/memory_percent,49.887928
1779199030.879,/node/memory_percent,49.887928
1779199031.099,/node/memory_percent,49.888321
1779199031.270,/node/memory_percent,49.889889
1779199031.380,/node/memory_percent,49.889889
1779199031.596,/node/memory_percent,49.890266
1779199031.769,/node/memory_percent,49.890266
1779199031.882,/node/memory_percent,49.890266
1779199032.097,/node/memory_percent,49.890266
1779199032.269,/node/memory_percent,49.890266
1779199032.380,/node/memory_percent,49.890266
1779199032.596,/node/memory_percent,49.890266
1779199032.770,/node/memory_percent,49.890266
1779199032.880,/node/memory_percent,49.890266
1779199033.096,/node/memory_percent,49.890266
1779199033.270,/node/memory_percent,49.890266
1779199033.381,/node/memory_percent,49.890266
1779199033.597,/node/memory_percent,49.890266
1779199033.770,/node/memory_percent,49.890266
1779199033.880,/node/memory_percent,49.890652
1779199034.096,/node/memory_percent,49.890652
1779199034.268,/node/memory_percent,49.890652
1779199034.381,/node/memory_percent,49.890652
1779199034.596,/node/memory_percent,49.891045
1779199034.770,/node/memory_percent,49.892612
1779199034.881,/node/memory_percent,49.892612
1779199035.100,/node/memory_percent,49.892612
1779199035.272,/node/memory_percent,49.892612
1779199035.384,/node/memory_percent,49.892612
1779199035.600,/node/memory_percent,49.894958
1779199035.770,/node/memory_percent,49.894958
1779199035.881,/node/memory_percent,49.894958
1779199036.098,/node/memory_percent,49.894958
1779199036.272,/node/memory_percent,49.894958
1779199036.381,/node/memory_percent,49.894958
1779199036.597,/node/memory_percent,49.895351
1779199036.769,/node/memory_percent,49.878754
1779199036.877,/node/memory_percent,49.878754
1779199037.096,/node/memory_percent,49.867008
1779199037.270,/node/memory_percent,49.867008
1779199037.380,/node/memory_percent,49.867344
1779199037.595,/node/memory_percent,49.867329
1779199037.775,/node/memory_percent,49.867329
1779199037.881,/node/memory_percent,49.867714
1779199038.097,/node/memory_percent,49.867714
1779199038.272,/node/memory_percent,49.867714
1779199038.383,/node/memory_percent,49.867714
1779199038.598,/node/memory_percent,49.867714
1779199038.770,/node/memory_percent,49.867714
1779199038.882,/node/memory_percent,49.867714
1779199039.096,/node/memory_percent,49.867714
1779199039.271,/node/memory_percent,49.867714
1779199039.382,/node/memory_percent,49.867714
1779199039.600,/node/memory_percent,49.867702
1779199039.773,/node/memory_percent,49.867702
1779199039.883,/node/memory_percent,49.867702
1779199040.096,/node/memory_percent,49.867702
1779199040.272,/node/memory_percent,49.868050
1779199040.383,/node/memory_percent,49.868050
1779199040.599,/node/memory_percent,49.868050
1779199040.768,/node/memory_percent,49.868050
1779199040.879,/node/memory_percent,49.868050
1779199041.098,/node/memory_percent,49.868050
1779199041.272,/node/memory_percent,49.868050
1779199041.379,/node/memory_percent,49.870003
1779199041.596,/node/memory_percent,49.870003
1779199041.768,/node/memory_percent,49.867672
1779199041.879,/node/memory_percent,49.868778
1779199042.096,/node/memory_percent,49.872322
1779199042.272,/node/memory_percent,49.872295
1779199042.383,/node/memory_percent,49.872669
1779199042.594,/node/memory_percent,49.875801
1779199042.772,/node/memory_percent,49.875801
1779199042.881,/node/memory_percent,49.875801
1779199043.096,/node/memory_percent,49.875801
1779199043.273,/node/memory_percent,49.875801
1779199043.382,/node/memory_percent,49.875801
1779199043.598,/node/memory_percent,49.875801
1779199043.770,/node/memory_percent,49.875801
1779199043.882,/node/memory_percent,49.875801
1779199044.096,/node/memory_percent,49.875801
1779199044.272,/node/memory_percent,49.875801
1779199044.384,/node/memory_percent,49.875801
1779199044.596,/node/memory_percent,49.875790
1779199044.773,/node/memory_percent,49.875790
1779199044.882,/node/memory_percent,49.875790
1779199045.096,/node/memory_percent,49.875790
1779199045.270,/node/memory_percent,49.875790
1779199045.381,/node/memory_percent,49.875790
1779199045.596,/node/memory_percent,49.875790
1779199045.771,/node/memory_percent,49.875790
1779199045.879,/node/memory_percent,49.880489
1779199046.096,/node/memory_percent,49.885918
1779199046.270,/node/memory_percent,49.885918
1779199046.380,/node/memory_percent,49.885918
1779199046.599,/node/memory_percent,49.886700
1779199046.771,/node/memory_percent,49.886700
1779199046.878,/node/memory_percent,49.886700
1779199047.098,/node/memory_percent,49.901562
1779199047.270,/node/memory_percent,49.901562
1779199047.379,/node/memory_percent,49.901562
1779199047.597,/node/memory_percent,49.901562
1779199047.773,/node/memory_percent,49.901562
1779199047.882,/node/memory_percent,49.901562
1779199048.093,/node/memory_percent,49.901562
1779199048.272,/node/memory_percent,49.901562
1779199048.381,/node/memory_percent,49.901562
1779199048.596,/node/memory_percent,49.901562
1779199048.772,/node/memory_percent,49.901562
1779199048.881,/node/memory_percent,49.901562
1779199049.097,/node/memory_percent,49.890263
1779199049.270,/node/memory_percent,49.894176
1779199049.381,/node/memory_percent,49.894176
1779199049.596,/node/memory_percent,49.894897
1779199049.771,/node/memory_percent,49.894897
1779199049.882,/node/memory_percent,49.894897
1779199050.099,/node/memory_percent,49.894897
1779199050.272,/node/memory_percent,49.894897
1779199050.380,/node/memory_percent,49.895290
1779199050.595,/node/memory_percent,49.895683
1779199050.771,/node/memory_percent,49.883598
1779199050.880,/node/memory_percent,49.887512
1779199051.097,/node/memory_percent,49.887512
1779199051.271,/node/memory_percent,49.888626
1779199051.380,/node/memory_percent,49.889019
1779199051.596,/node/memory_percent,49.890949
1779199051.771,/node/memory_percent,49.890949
1779199051.884,/node/memory_percent,49.890949
1779199052.096,/node/memory_percent,49.890945
1779199052.271,/node/memory_percent,49.890945
1779199052.380,/node/memory_percent,49.891335
1779199052.596,/node/memory_percent,49.891335
1779199052.773,/node/memory_percent,49.891335
1779199052.881,/node/memory_percent,49.891335
1779199053.096,/node/memory_percent,49.891335
1779199053.273,/node/memory_percent,49.891335
1779199053.383,/node/memory_percent,49.891724
1779199053.597,/node/memory_percent,49.892113
1779199053.771,/node/memory_percent,49.892113
1779199053.884,/node/memory_percent,49.892113
1779199054.096,/node/memory_percent,49.892113
1779199054.273,/node/memory_percent,49.893681
1779199054.382,/node/memory_percent,49.893681
1779199054.599,/node/memory_percent,49.893681
1779199054.772,/node/memory_percent,49.893681
1779199054.883,/node/memory_percent,49.893681
1779199055.096,/node/memory_percent,49.893681
1779199055.272,/node/memory_percent,49.893681
1779199055.381,/node/memory_percent,49.893681
1779199055.597,/node/memory_percent,49.893681
1779199055.769,/node/memory_percent,49.893681
1779199055.881,/node/memory_percent,49.893681
1779199056.095,/node/memory_percent,49.893669
1779199056.272,/node/memory_percent,49.893669
1779199056.382,/node/memory_percent,49.893669
1779199056.598,/node/memory_percent,49.894054
1779199056.770,/node/memory_percent,49.894054
1779199056.880,/node/memory_percent,49.894054
1779199057.096,/node/memory_percent,49.894054
1779199057.273,/node/memory_percent,49.899841
1779199057.382,/node/memory_percent,49.899841
1779199057.597,/node/memory_percent,49.899841
1779199057.773,/node/memory_percent,49.899841
1779199057.882,/node/memory_percent,49.900230
1779199058.096,/node/memory_percent,49.900230
1779199058.269,/node/memory_percent,49.900230
1779199058.382,/node/memory_percent,49.900230
1779199058.601,/node/memory_percent,49.900230
1779199058.771,/node/memory_percent,49.900230
1779199058.884,/node/memory_percent,49.900230
1779199059.097,/node/memory_percent,49.900230
1779199059.271,/node/memory_percent,49.900230
1779199059.382,/node/memory_percent,49.900230
1779199059.597,/node/memory_percent,49.900230
1779199059.771,/node/memory_percent,49.900230
1779199059.882,/node/memory_percent,49.900230
1779199060.098,/node/memory_percent,49.900230
1779199060.269,/node/memory_percent,49.900219
1779199060.386,/node/memory_percent,49.900219
1779199060.598,/node/memory_percent,49.900219
1779199060.772,/node/memory_percent,49.900219
1779199060.881,/node/memory_percent,49.900219
1779199061.098,/node/memory_percent,49.900208
1779199061.272,/node/memory_percent,49.900982
1779199061.382,/node/memory_percent,49.900982
1779199061.599,/node/memory_percent,49.901333
1779199061.770,/node/memory_percent,49.903584
1779199061.883,/node/memory_percent,49.904346
1779199062.097,/node/memory_percent,49.904324
1779199062.271,/node/memory_percent,49.907448
1779199062.384,/node/memory_percent,49.907833
1779199062.599,/node/memory_percent,49.907833
1779199062.775,/node/memory_percent,49.907833
1779199062.882,/node/memory_percent,49.907833
1779199063.099,/node/memory_percent,49.907833
1779199063.274,/node/memory_percent,49.907833
1779199063.382,/node/memory_percent,49.907833
1779199063.597,/node/memory_percent,49.907833
1779199063.773,/node/memory_percent,49.907833
1779199063.881,/node/memory_percent,49.907833
1779199064.099,/node/memory_percent,49.907833
1779199064.272,/node/memory_percent,49.907833
1779199064.385,/node/memory_percent,49.907833
1779199064.596,/node/memory_percent,49.907833
1779199064.774,/node/memory_percent,49.907833
1779199064.883,/node/memory_percent,49.907833
1779199065.097,/node/memory_percent,49.907833
1779199065.273,/node/memory_percent,49.907833
1779199065.385,/node/memory_percent,49.909401
1779199065.597,/node/memory_percent,49.911743
1779199065.770,/node/memory_percent,49.912136
1779199065.885,/node/memory_percent,49.920750
1779199066.097,/node/memory_percent,49.915306
1779199066.272,/node/memory_percent,49.915306
1779199066.381,/node/memory_percent,49.915642
1779199066.599,/node/memory_percent,49.915634
1779199066.773,/node/memory_percent,49.917202
1779199066.880,/node/memory_percent,49.918377
1779199067.099,/node/memory_percent,49.906292
1779199067.274,/node/memory_percent,49.906235
1779199067.383,/node/memory_percent,49.906620
1779199067.597,/node/memory_percent,49.907398
1779199067.776,/node/memory_percent,49.904709
1779199067.882,/node/memory_percent,49.904694
1779199068.098,/node/memory_percent,49.904663
1779199068.274,/node/memory_percent,49.904640
1779199068.384,/node/memory_percent,49.905010
1779199068.601,/node/memory_percent,49.902576
1779199068.774,/node/memory_percent,49.897533
1779199068.883,/node/memory_percent,49.897533
1779199069.099,/node/memory_percent,49.897533
1779199069.276,/node/memory_percent,49.897533
1779199069.382,/node/memory_percent,49.897926
1779199069.598,/node/memory_percent,49.897968
1779199069.771,/node/memory_percent,49.897968
1779199069.883,/node/memory_percent,49.897968
1779199070.096,/node/memory_percent,49.897968
1779199070.273,/node/memory_percent,49.897968
1779199070.385,/node/memory_percent,49.898361
1779199070.600,/node/memory_percent,49.898361
1779199070.771,/node/memory_percent,49.898361
1779199070.884,/node/memory_percent,49.898361
1779199071.094,/node/memory_percent,49.898361
1779199071.274,/node/memory_percent,49.899101
1779199071.383,/node/memory_percent,49.901451
1779199071.598,/node/memory_percent,49.901836
1779199071.774,/node/memory_percent,49.902962
1779199071.883,/node/memory_percent,49.902962
1779199072.097,/node/memory_percent,49.924095
1779199072.273,/node/memory_percent,49.960377
1779199072.382,/node/memory_percent,50.012592
1779199072.599,/node/memory_percent,49.934563
1779198892.790,/node/io_read_mbs,0.000000
1779198892.899,/node/io_read_mbs,0.000000
1779198893.113,/node/io_read_mbs,0.000000
1779198893.286,/node/io_read_mbs,0.000000
1779198893.398,/node/io_read_mbs,0.000000
1779198893.614,/node/io_read_mbs,0.000000
1779198893.791,/node/io_read_mbs,0.000000
1779198893.900,/node/io_read_mbs,0.000000
1779198894.113,/node/io_read_mbs,0.000000
1779198894.290,/node/io_read_mbs,0.000000
1779198894.396,/node/io_read_mbs,0.000000
1779198894.613,/node/io_read_mbs,0.000000
1779198894.791,/node/io_read_mbs,0.000000
1779198894.899,/node/io_read_mbs,0.000000
1779198895.116,/node/io_read_mbs,0.000000
1779198895.290,/node/io_read_mbs,0.000000
1779198895.399,/node/io_read_mbs,0.000000
1779198895.615,/node/io_read_mbs,0.000000
1779198895.790,/node/io_read_mbs,0.000000
1779198895.900,/node/io_read_mbs,0.000000
1779198896.115,/node/io_read_mbs,0.000000
1779198896.287,/node/io_read_mbs,0.000000
1779198896.397,/node/io_read_mbs,0.000000
1779198896.615,/node/io_read_mbs,0.000000
1779198896.785,/node/io_read_mbs,0.000000
1779198896.895,/node/io_read_mbs,0.000000
1779198897.113,/node/io_read_mbs,0.000000
1779198897.287,/node/io_read_mbs,0.000000
1779198897.397,/node/io_read_mbs,0.000000
1779198897.611,/node/io_read_mbs,0.000000
1779198897.787,/node/io_read_mbs,0.000000
1779198897.898,/node/io_read_mbs,0.000000
1779198898.113,/node/io_read_mbs,0.000000
1779198898.286,/node/io_read_mbs,0.000000
1779198898.398,/node/io_read_mbs,0.000000
1779198898.613,/node/io_read_mbs,0.000000
1779198898.786,/node/io_read_mbs,0.000000
1779198898.896,/node/io_read_mbs,0.000000
1779198899.113,/node/io_read_mbs,0.000000
1779198899.286,/node/io_read_mbs,0.000000
1779198899.395,/node/io_read_mbs,0.000000
1779198899.614,/node/io_read_mbs,0.000000
1779198899.786,/node/io_read_mbs,0.000000
1779198899.898,/node/io_read_mbs,0.000000
1779198900.111,/node/io_read_mbs,0.000000
1779198900.287,/node/io_read_mbs,0.000000
1779198900.396,/node/io_read_mbs,0.000000
1779198900.612,/node/io_read_mbs,0.000000
1779198900.786,/node/io_read_mbs,0.000000
1779198900.897,/node/io_read_mbs,0.000000
1779198901.111,/node/io_read_mbs,0.000000
1779198901.287,/node/io_read_mbs,0.000000
1779198901.401,/node/io_read_mbs,0.000000
1779198901.611,/node/io_read_mbs,0.000000
1779198901.787,/node/io_read_mbs,0.000000
1779198901.895,/node/io_read_mbs,0.000000
1779198902.111,/node/io_read_mbs,0.000000
1779198902.287,/node/io_read_mbs,0.000000
1779198902.397,/node/io_read_mbs,0.000000
1779198902.611,/node/io_read_mbs,0.000000
1779198902.787,/node/io_read_mbs,0.000000
1779198902.896,/node/io_read_mbs,0.000000
1779198903.114,/node/io_read_mbs,0.000000
1779198903.287,/node/io_read_mbs,0.000000
1779198903.399,/node/io_read_mbs,0.000000
1779198903.614,/node/io_read_mbs,0.000000
1779198903.789,/node/io_read_mbs,0.000000
1779198903.896,/node/io_read_mbs,0.000000
1779198904.113,/node/io_read_mbs,0.000000
1779198904.285,/node/io_read_mbs,0.000000
1779198904.395,/node/io_read_mbs,0.000000
1779198904.612,/node/io_read_mbs,0.000000
1779198904.785,/node/io_read_mbs,0.000000
1779198904.898,/node/io_read_mbs,0.000000
1779198905.111,/node/io_read_mbs,0.000000
1779198905.287,/node/io_read_mbs,0.000000
1779198905.400,/node/io_read_mbs,0.000000
1779198905.613,/node/io_read_mbs,0.000000
1779198905.790,/node/io_read_mbs,0.000000
1779198905.897,/node/io_read_mbs,0.000000
1779198906.115,/node/io_read_mbs,0.000000
1779198906.289,/node/io_read_mbs,0.000000
1779198906.399,/node/io_read_mbs,0.000000
1779198906.615,/node/io_read_mbs,0.000000
1779198906.784,/node/io_read_mbs,0.000000
1779198906.895,/node/io_read_mbs,0.000000
1779198907.116,/node/io_read_mbs,0.000000
1779198907.286,/node/io_read_mbs,0.000000
1779198907.398,/node/io_read_mbs,0.000000
1779198907.614,/node/io_read_mbs,0.000000
1779198907.784,/node/io_read_mbs,0.000000
1779198907.897,/node/io_read_mbs,0.000000
1779198908.114,/node/io_read_mbs,0.000000
1779198908.283,/node/io_read_mbs,0.000000
1779198908.394,/node/io_read_mbs,0.000000
1779198908.613,/node/io_read_mbs,0.000000
1779198908.789,/node/io_read_mbs,0.000000
1779198908.897,/node/io_read_mbs,0.000000
1779198909.112,/node/io_read_mbs,0.000000
1779198909.285,/node/io_read_mbs,0.000000
1779198909.394,/node/io_read_mbs,0.000000
1779198909.613,/node/io_read_mbs,0.000000
1779198909.785,/node/io_read_mbs,0.000000
1779198909.894,/node/io_read_mbs,0.000000
1779198910.111,/node/io_read_mbs,0.328596
1779198910.285,/node/io_read_mbs,0.328122
1779198910.396,/node/io_read_mbs,0.328906
1779198910.610,/node/io_read_mbs,0.000000
1779198910.785,/node/io_read_mbs,0.000000
1779198910.897,/node/io_read_mbs,0.000000
1779198911.110,/node/io_read_mbs,0.000000
1779198911.283,/node/io_read_mbs,0.000000
1779198911.394,/node/io_read_mbs,0.000000
1779198911.610,/node/io_read_mbs,0.000000
1779198911.785,/node/io_read_mbs,0.000000
1779198911.894,/node/io_read_mbs,0.000000
1779198912.112,/node/io_read_mbs,0.000000
1779198912.287,/node/io_read_mbs,0.000000
1779198912.395,/node/io_read_mbs,0.000000
1779198912.610,/node/io_read_mbs,0.000000
1779198912.787,/node/io_read_mbs,0.000000
1779198912.896,/node/io_read_mbs,0.000000
1779198913.112,/node/io_read_mbs,0.000000
1779198913.286,/node/io_read_mbs,0.000000
1779198913.395,/node/io_read_mbs,0.000000
1779198913.611,/node/io_read_mbs,0.000000
1779198913.785,/node/io_read_mbs,0.000000
1779198913.895,/node/io_read_mbs,0.000000
1779198914.110,/node/io_read_mbs,0.000000
1779198914.287,/node/io_read_mbs,0.000000
1779198914.397,/node/io_read_mbs,0.000000
1779198914.612,/node/io_read_mbs,0.000000
1779198914.786,/node/io_read_mbs,0.000000
1779198914.901,/node/io_read_mbs,0.000000
1779198915.112,/node/io_read_mbs,0.000000
1779198915.285,/node/io_read_mbs,0.000000
1779198915.395,/node/io_read_mbs,0.000000
1779198915.612,/node/io_read_mbs,0.000000
1779198915.786,/node/io_read_mbs,0.000000
1779198915.895,/node/io_read_mbs,0.000000
1779198916.110,/node/io_read_mbs,0.000000
1779198916.286,/node/io_read_mbs,0.000000
1779198916.396,/node/io_read_mbs,0.000000
1779198916.613,/node/io_read_mbs,0.000000
1779198916.783,/node/io_read_mbs,0.000000
1779198916.894,/node/io_read_mbs,0.000000
1779198917.111,/node/io_read_mbs,0.000000
1779198917.288,/node/io_read_mbs,0.000000
1779198917.398,/node/io_read_mbs,0.000000
1779198917.611,/node/io_read_mbs,0.000000
1779198917.786,/node/io_read_mbs,0.000000
1779198917.896,/node/io_read_mbs,0.000000
1779198918.110,/node/io_read_mbs,0.000000
1779198918.285,/node/io_read_mbs,0.000000
1779198918.395,/node/io_read_mbs,0.000000
1779198918.610,/node/io_read_mbs,0.000000
1779198918.786,/node/io_read_mbs,0.000000
1779198918.897,/node/io_read_mbs,0.000000
1779198919.111,/node/io_read_mbs,0.000000
1779198919.285,/node/io_read_mbs,0.000000
1779198919.394,/node/io_read_mbs,0.000000
1779198919.612,/node/io_read_mbs,0.000000
1779198919.786,/node/io_read_mbs,0.000000
1779198919.896,/node/io_read_mbs,0.000000
1779198920.110,/node/io_read_mbs,0.000000
1779198920.287,/node/io_read_mbs,0.000000
1779198920.398,/node/io_read_mbs,0.000000
1779198920.611,/node/io_read_mbs,0.000000
1779198920.786,/node/io_read_mbs,0.000000
1779198920.897,/node/io_read_mbs,0.000000
1779198921.113,/node/io_read_mbs,0.000000
1779198921.285,/node/io_read_mbs,0.000000
1779198921.400,/node/io_read_mbs,0.000000
1779198921.611,/node/io_read_mbs,0.000000
1779198921.787,/node/io_read_mbs,0.000000
1779198921.895,/node/io_read_mbs,0.000000
1779198922.111,/node/io_read_mbs,0.000000
1779198922.285,/node/io_read_mbs,0.000000
1779198922.396,/node/io_read_mbs,0.000000
1779198922.610,/node/io_read_mbs,0.000000
1779198922.786,/node/io_read_mbs,0.000000
1779198922.894,/node/io_read_mbs,0.000000
1779198923.111,/node/io_read_mbs,0.000000
1779198923.284,/node/io_read_mbs,0.000000
1779198923.394,/node/io_read_mbs,0.000000
1779198923.611,/node/io_read_mbs,0.000000
1779198923.787,/node/io_read_mbs,0.000000
1779198923.896,/node/io_read_mbs,0.000000
1779198924.111,/node/io_read_mbs,0.000000
1779198924.288,/node/io_read_mbs,0.000000
1779198924.395,/node/io_read_mbs,0.000000
1779198924.610,/node/io_read_mbs,0.000000
1779198924.785,/node/io_read_mbs,0.000000
1779198924.894,/node/io_read_mbs,0.000000
1779198925.110,/node/io_read_mbs,0.000000
1779198925.283,/node/io_read_mbs,0.000000
1779198925.394,/node/io_read_mbs,0.000000
1779198925.609,/node/io_read_mbs,0.000000
1779198925.783,/node/io_read_mbs,0.000000
1779198925.895,/node/io_read_mbs,0.000000
1779198926.109,/node/io_read_mbs,0.000000
1779198926.286,/node/io_read_mbs,0.000000
1779198926.395,/node/io_read_mbs,0.000000
1779198926.610,/node/io_read_mbs,0.000000
1779198926.782,/node/io_read_mbs,0.000000
1779198926.891,/node/io_read_mbs,0.000000
1779198927.113,/node/io_read_mbs,0.000000
1779198927.283,/node/io_read_mbs,0.000000
1779198927.394,/node/io_read_mbs,0.000000
1779198927.612,/node/io_read_mbs,0.000000
1779198927.785,/node/io_read_mbs,0.000000
1779198927.895,/node/io_read_mbs,0.000000
1779198928.110,/node/io_read_mbs,0.000000
1779198928.285,/node/io_read_mbs,0.000000
1779198928.401,/node/io_read_mbs,0.000000
1779198928.611,/node/io_read_mbs,0.000000
1779198928.784,/node/io_read_mbs,0.000000
1779198928.897,/node/io_read_mbs,0.000000
1779198929.110,/node/io_read_mbs,0.000000
1779198929.284,/node/io_read_mbs,0.000000
1779198929.393,/node/io_read_mbs,0.000000
1779198929.611,/node/io_read_mbs,0.000000
1779198929.784,/node/io_read_mbs,0.000000
1779198929.896,/node/io_read_mbs,0.000000
1779198930.112,/node/io_read_mbs,0.000000
1779198930.285,/node/io_read_mbs,0.000000
1779198930.395,/node/io_read_mbs,0.000000
1779198930.611,/node/io_read_mbs,0.000000
1779198930.785,/node/io_read_mbs,0.000000
1779198930.897,/node/io_read_mbs,0.000000
1779198931.110,/node/io_read_mbs,0.000000
1779198931.283,/node/io_read_mbs,0.000000
1779198931.395,/node/io_read_mbs,0.000000
1779198931.609,/node/io_read_mbs,0.000000
1779198931.783,/node/io_read_mbs,0.000000
1779198931.897,/node/io_read_mbs,0.000000
1779198932.108,/node/io_read_mbs,0.000000
1779198932.283,/node/io_read_mbs,0.000000
1779198932.393,/node/io_read_mbs,0.000000
1779198932.610,/node/io_read_mbs,0.000000
1779198932.783,/node/io_read_mbs,0.000000
1779198932.893,/node/io_read_mbs,0.000000
1779198933.108,/node/io_read_mbs,0.000000
1779198933.283,/node/io_read_mbs,0.000000
1779198933.393,/node/io_read_mbs,0.000000
1779198933.611,/node/io_read_mbs,0.000000
1779198933.784,/node/io_read_mbs,0.000000
1779198933.893,/node/io_read_mbs,0.000000
1779198934.108,/node/io_read_mbs,0.000000
1779198934.282,/node/io_read_mbs,0.000000
1779198934.393,/node/io_read_mbs,0.000000
1779198934.608,/node/io_read_mbs,0.000000
1779198934.784,/node/io_read_mbs,0.000000
1779198934.894,/node/io_read_mbs,0.000000
1779198935.108,/node/io_read_mbs,0.000000
1779198935.282,/node/io_read_mbs,0.000000
1779198935.394,/node/io_read_mbs,0.000000
1779198935.610,/node/io_read_mbs,0.000000
1779198935.785,/node/io_read_mbs,0.000000
1779198935.893,/node/io_read_mbs,0.000000
1779198936.108,/node/io_read_mbs,0.000000
1779198936.282,/node/io_read_mbs,0.000000
1779198936.395,/node/io_read_mbs,0.000000
1779198936.608,/node/io_read_mbs,0.000000
1779198936.781,/node/io_read_mbs,0.000000
1779198936.892,/node/io_read_mbs,0.000000
1779198937.112,/node/io_read_mbs,0.000000
1779198937.282,/node/io_read_mbs,0.000000
1779198937.393,/node/io_read_mbs,0.000000
1779198937.609,/node/io_read_mbs,0.000000
1779198937.781,/node/io_read_mbs,0.000000
1779198937.893,/node/io_read_mbs,0.000000
1779198938.108,/node/io_read_mbs,0.000000
1779198938.282,/node/io_read_mbs,0.000000
1779198938.392,/node/io_read_mbs,0.000000
1779198938.609,/node/io_read_mbs,0.000000
1779198938.782,/node/io_read_mbs,0.000000
1779198938.892,/node/io_read_mbs,0.000000
1779198939.107,/node/io_read_mbs,0.000000
1779198939.284,/node/io_read_mbs,0.000000
1779198939.393,/node/io_read_mbs,0.000000
1779198939.606,/node/io_read_mbs,0.000000
1779198939.783,/node/io_read_mbs,0.000000
1779198939.896,/node/io_read_mbs,0.000000
1779198940.107,/node/io_read_mbs,0.000000
1779198940.282,/node/io_read_mbs,0.000000
1779198940.396,/node/io_read_mbs,0.000000
1779198940.607,/node/io_read_mbs,0.000000
1779198940.782,/node/io_read_mbs,0.000000
1779198940.892,/node/io_read_mbs,0.000000
1779198941.111,/node/io_read_mbs,0.000000
1779198941.285,/node/io_read_mbs,0.000000
1779198941.392,/node/io_read_mbs,0.000000
1779198941.609,/node/io_read_mbs,0.000000
1779198941.783,/node/io_read_mbs,0.000000
1779198941.892,/node/io_read_mbs,0.000000
1779198942.108,/node/io_read_mbs,0.000000
1779198942.283,/node/io_read_mbs,0.000000
1779198942.392,/node/io_read_mbs,0.000000
1779198942.612,/node/io_read_mbs,0.000000
1779198942.782,/node/io_read_mbs,0.000000
1779198942.892,/node/io_read_mbs,0.000000
1779198943.110,/node/io_read_mbs,0.000000
1779198943.286,/node/io_read_mbs,0.000000
1779198943.393,/node/io_read_mbs,0.000000
1779198943.609,/node/io_read_mbs,0.000000
1779198943.781,/node/io_read_mbs,0.000000
1779198943.895,/node/io_read_mbs,0.000000
1779198944.112,/node/io_read_mbs,0.000000
1779198944.281,/node/io_read_mbs,0.000000
1779198944.392,/node/io_read_mbs,0.000000
1779198944.611,/node/io_read_mbs,0.000000
1779198944.781,/node/io_read_mbs,0.000000
1779198944.892,/node/io_read_mbs,0.000000
1779198945.110,/node/io_read_mbs,0.000000
1779198945.283,/node/io_read_mbs,0.000000
1779198945.391,/node/io_read_mbs,0.000000
1779198945.608,/node/io_read_mbs,0.000000
1779198945.781,/node/io_read_mbs,0.000000
1779198945.891,/node/io_read_mbs,0.000000
1779198946.108,/node/io_read_mbs,0.000000
1779198946.284,/node/io_read_mbs,0.000000
1779198946.391,/node/io_read_mbs,0.000000
1779198946.611,/node/io_read_mbs,0.000000
1779198946.778,/node/io_read_mbs,0.000000
1779198946.890,/node/io_read_mbs,0.000000
1779198947.107,/node/io_read_mbs,0.000000
1779198947.281,/node/io_read_mbs,0.000000
1779198947.391,/node/io_read_mbs,0.000000
1779198947.607,/node/io_read_mbs,0.000000
1779198947.783,/node/io_read_mbs,0.000000
1779198947.893,/node/io_read_mbs,0.000000
1779198948.107,/node/io_read_mbs,0.000000
1779198948.281,/node/io_read_mbs,0.000000
1779198948.391,/node/io_read_mbs,0.000000
1779198948.607,/node/io_read_mbs,0.000000
1779198948.782,/node/io_read_mbs,0.000000
1779198948.892,/node/io_read_mbs,0.000000
1779198949.106,/node/io_read_mbs,0.000000
1779198949.280,/node/io_read_mbs,0.000000
1779198949.392,/node/io_read_mbs,0.000000
1779198949.604,/node/io_read_mbs,0.000000
1779198949.782,/node/io_read_mbs,0.000000
1779198949.891,/node/io_read_mbs,0.000000
1779198950.106,/node/io_read_mbs,0.000000
1779198950.282,/node/io_read_mbs,0.000000
1779198950.394,/node/io_read_mbs,0.000000
1779198950.608,/node/io_read_mbs,0.000000
1779198950.780,/node/io_read_mbs,0.000000
1779198950.896,/node/io_read_mbs,0.000000
1779198951.106,/node/io_read_mbs,0.000000
1779198951.284,/node/io_read_mbs,0.000000
1779198951.391,/node/io_read_mbs,0.000000
1779198951.607,/node/io_read_mbs,0.000000
1779198951.781,/node/io_read_mbs,0.000000
1779198951.891,/node/io_read_mbs,0.000000
1779198952.111,/node/io_read_mbs,0.000000
1779198952.282,/node/io_read_mbs,0.000000
1779198952.393,/node/io_read_mbs,0.000000
1779198952.606,/node/io_read_mbs,0.000000
1779198952.786,/node/io_read_mbs,0.000000
1779198952.892,/node/io_read_mbs,0.000000
1779198953.107,/node/io_read_mbs,0.000000
1779198953.282,/node/io_read_mbs,0.000000
1779198953.391,/node/io_read_mbs,0.000000
1779198953.608,/node/io_read_mbs,0.000000
1779198953.780,/node/io_read_mbs,0.000000
1779198953.892,/node/io_read_mbs,0.000000
1779198954.106,/node/io_read_mbs,0.000000
1779198954.281,/node/io_read_mbs,0.000000
1779198954.391,/node/io_read_mbs,0.000000
1779198954.607,/node/io_read_mbs,0.000000
1779198954.782,/node/io_read_mbs,0.000000
1779198954.892,/node/io_read_mbs,0.000000
1779198955.109,/node/io_read_mbs,0.000000
1779198955.281,/node/io_read_mbs,0.000000
1779198955.392,/node/io_read_mbs,0.000000
1779198955.607,/node/io_read_mbs,0.000000
1779198955.783,/node/io_read_mbs,0.000000
1779198955.890,/node/io_read_mbs,0.000000
1779198956.108,/node/io_read_mbs,0.000000
1779198956.278,/node/io_read_mbs,0.000000
1779198956.392,/node/io_read_mbs,0.000000
1779198956.608,/node/io_read_mbs,0.000000
1779198956.778,/node/io_read_mbs,0.000000
1779198956.888,/node/io_read_mbs,0.000000
1779198957.105,/node/io_read_mbs,0.000000
1779198957.279,/node/io_read_mbs,0.000000
1779198957.392,/node/io_read_mbs,0.000000
1779198957.605,/node/io_read_mbs,0.000000
1779198957.779,/node/io_read_mbs,0.000000
1779198957.890,/node/io_read_mbs,0.000000
1779198958.108,/node/io_read_mbs,0.000000
1779198958.280,/node/io_read_mbs,0.000000
1779198958.390,/node/io_read_mbs,0.000000
1779198958.606,/node/io_read_mbs,0.000000
1779198958.779,/node/io_read_mbs,0.000000
1779198958.890,/node/io_read_mbs,0.000000
1779198959.108,/node/io_read_mbs,0.000000
1779198959.283,/node/io_read_mbs,0.000000
1779198959.391,/node/io_read_mbs,0.000000
1779198959.602,/node/io_read_mbs,0.000000
1779198959.781,/node/io_read_mbs,0.000000
1779198959.892,/node/io_read_mbs,0.000000
1779198960.108,/node/io_read_mbs,0.000000
1779198960.281,/node/io_read_mbs,0.000000
1779198960.391,/node/io_read_mbs,0.000000
1779198960.604,/node/io_read_mbs,0.000000
1779198960.781,/node/io_read_mbs,0.000000
1779198960.891,/node/io_read_mbs,0.000000
1779198961.104,/node/io_read_mbs,0.000000
1779198961.282,/node/io_read_mbs,0.000000
1779198961.390,/node/io_read_mbs,0.000000
1779198961.604,/node/io_read_mbs,0.000000
1779198961.781,/node/io_read_mbs,0.000000
1779198961.892,/node/io_read_mbs,0.000000
1779198962.106,/node/io_read_mbs,0.000000
1779198962.280,/node/io_read_mbs,0.000000
1779198962.390,/node/io_read_mbs,0.000000
1779198962.605,/node/io_read_mbs,0.000000
1779198962.780,/node/io_read_mbs,0.000000
1779198962.891,/node/io_read_mbs,0.000000
1779198963.106,/node/io_read_mbs,0.000000
1779198963.281,/node/io_read_mbs,0.000000
1779198963.390,/node/io_read_mbs,0.000000
1779198963.607,/node/io_read_mbs,0.000000
1779198963.778,/node/io_read_mbs,0.000000
1779198963.889,/node/io_read_mbs,0.000000
1779198964.106,/node/io_read_mbs,0.000000
1779198964.280,/node/io_read_mbs,0.000000
1779198964.389,/node/io_read_mbs,0.000000
1779198964.606,/node/io_read_mbs,0.000000
1779198964.778,/node/io_read_mbs,0.000000
1779198964.889,/node/io_read_mbs,0.000000
1779198965.104,/node/io_read_mbs,0.000000
1779198965.280,/node/io_read_mbs,0.000000
1779198965.389,/node/io_read_mbs,0.000000
1779198965.604,/node/io_read_mbs,0.000000
1779198965.779,/node/io_read_mbs,0.000000
1779198965.889,/node/io_read_mbs,0.000000
1779198966.103,/node/io_read_mbs,0.000000
1779198966.278,/node/io_read_mbs,0.000000
1779198966.389,/node/io_read_mbs,0.000000
1779198966.604,/node/io_read_mbs,0.000000
1779198966.777,/node/io_read_mbs,0.000000
1779198966.886,/node/io_read_mbs,0.000000
1779198967.104,/node/io_read_mbs,0.000000
1779198967.282,/node/io_read_mbs,0.000000
1779198967.392,/node/io_read_mbs,0.000000
1779198967.603,/node/io_read_mbs,0.000000
1779198967.783,/node/io_read_mbs,0.000000
1779198967.888,/node/io_read_mbs,0.000000
1779198968.107,/node/io_read_mbs,0.000000
1779198968.280,/node/io_read_mbs,0.000000
1779198968.387,/node/io_read_mbs,0.000000
1779198968.602,/node/io_read_mbs,0.000000
1779198968.780,/node/io_read_mbs,0.000000
1779198968.887,/node/io_read_mbs,0.000000
1779198969.105,/node/io_read_mbs,0.000000
1779198969.278,/node/io_read_mbs,0.000000
1779198969.390,/node/io_read_mbs,0.000000
1779198969.603,/node/io_read_mbs,0.000000
1779198969.778,/node/io_read_mbs,0.000000
1779198969.890,/node/io_read_mbs,0.000000
1779198970.103,/node/io_read_mbs,0.000000
1779198970.279,/node/io_read_mbs,0.000000
1779198970.390,/node/io_read_mbs,0.000000
1779198970.603,/node/io_read_mbs,0.000000
1779198970.781,/node/io_read_mbs,0.000000
1779198970.891,/node/io_read_mbs,0.000000
1779198971.103,/node/io_read_mbs,0.000000
1779198971.279,/node/io_read_mbs,0.000000
1779198971.388,/node/io_read_mbs,0.000000
1779198971.605,/node/io_read_mbs,0.000000
1779198971.778,/node/io_read_mbs,0.000000
1779198971.891,/node/io_read_mbs,0.000000
1779198972.103,/node/io_read_mbs,0.000000
1779198972.279,/node/io_read_mbs,0.000000
1779198972.390,/node/io_read_mbs,0.000000
1779198972.606,/node/io_read_mbs,0.000000
1779198972.779,/node/io_read_mbs,0.000000
1779198972.890,/node/io_read_mbs,0.000000
1779198973.103,/node/io_read_mbs,0.000000
1779198973.279,/node/io_read_mbs,0.000000
1779198973.388,/node/io_read_mbs,0.000000
1779198973.605,/node/io_read_mbs,0.000000
1779198973.779,/node/io_read_mbs,0.000000
1779198973.888,/node/io_read_mbs,0.000000
1779198974.103,/node/io_read_mbs,0.000000
1779198974.277,/node/io_read_mbs,0.000000
1779198974.390,/node/io_read_mbs,0.000000
1779198974.603,/node/io_read_mbs,0.000000
1779198974.778,/node/io_read_mbs,0.000000
1779198974.890,/node/io_read_mbs,0.000000
1779198975.104,/node/io_read_mbs,0.000000
1779198975.277,/node/io_read_mbs,0.000000
1779198975.388,/node/io_read_mbs,0.000000
1779198975.604,/node/io_read_mbs,0.000000
1779198975.777,/node/io_read_mbs,0.000000
1779198975.888,/node/io_read_mbs,0.000000
1779198976.106,/node/io_read_mbs,0.000000
1779198976.278,/node/io_read_mbs,0.000000
1779198976.389,/node/io_read_mbs,0.000000
1779198976.604,/node/io_read_mbs,0.000000
1779198976.776,/node/io_read_mbs,0.000000
1779198976.887,/node/io_read_mbs,0.000000
1779198977.107,/node/io_read_mbs,0.000000
1779198977.283,/node/io_read_mbs,0.000000
1779198977.391,/node/io_read_mbs,0.000000
1779198977.606,/node/io_read_mbs,0.000000
1779198977.777,/node/io_read_mbs,0.000000
1779198977.889,/node/io_read_mbs,0.000000
1779198978.102,/node/io_read_mbs,0.000000
1779198978.281,/node/io_read_mbs,0.000000
1779198978.391,/node/io_read_mbs,0.000000
1779198978.604,/node/io_read_mbs,0.000000
1779198978.778,/node/io_read_mbs,0.000000
1779198978.891,/node/io_read_mbs,0.000000
1779198979.108,/node/io_read_mbs,0.000000
1779198979.277,/node/io_read_mbs,0.000000
1779198979.386,/node/io_read_mbs,0.000000
1779198979.602,/node/io_read_mbs,0.000000
1779198979.778,/node/io_read_mbs,0.000000
1779198979.891,/node/io_read_mbs,0.000000
1779198980.102,/node/io_read_mbs,0.000000
1779198980.278,/node/io_read_mbs,0.000000
1779198980.390,/node/io_read_mbs,0.000000
1779198980.602,/node/io_read_mbs,0.000000
1779198980.778,/node/io_read_mbs,0.000000
1779198980.888,/node/io_read_mbs,0.000000
1779198981.105,/node/io_read_mbs,0.000000
1779198981.281,/node/io_read_mbs,0.000000
1779198981.386,/node/io_read_mbs,0.000000
1779198981.602,/node/io_read_mbs,0.000000
1779198981.778,/node/io_read_mbs,0.000000
1779198981.889,/node/io_read_mbs,0.000000
1779198982.102,/node/io_read_mbs,0.000000
1779198982.278,/node/io_read_mbs,0.000000
1779198982.389,/node/io_read_mbs,0.000000
1779198982.603,/node/io_read_mbs,0.000000
1779198982.776,/node/io_read_mbs,0.000000
1779198982.888,/node/io_read_mbs,0.000000
1779198983.102,/node/io_read_mbs,0.000000
1779198983.274,/node/io_read_mbs,0.000000
1779198983.388,/node/io_read_mbs,0.000000
1779198983.600,/node/io_read_mbs,0.000000
1779198983.778,/node/io_read_mbs,0.000000
1779198983.888,/node/io_read_mbs,0.000000
1779198984.102,/node/io_read_mbs,0.000000
1779198984.278,/node/io_read_mbs,0.000000
1779198984.388,/node/io_read_mbs,0.000000
1779198984.609,/node/io_read_mbs,0.000000
1779198984.776,/node/io_read_mbs,0.000000
1779198984.890,/node/io_read_mbs,0.000000
1779198985.103,/node/io_read_mbs,0.000000
1779198985.278,/node/io_read_mbs,0.000000
1779198985.390,/node/io_read_mbs,0.000000
1779198985.603,/node/io_read_mbs,0.000000
1779198985.777,/node/io_read_mbs,0.000000
1779198985.888,/node/io_read_mbs,0.000000
1779198986.103,/node/io_read_mbs,0.000000
1779198986.279,/node/io_read_mbs,0.000000
1779198986.387,/node/io_read_mbs,0.000000
1779198986.601,/node/io_read_mbs,0.000000
1779198986.774,/node/io_read_mbs,0.000000
1779198986.885,/node/io_read_mbs,0.000000
1779198987.101,/node/io_read_mbs,0.000000
1779198987.277,/node/io_read_mbs,0.000000
1779198987.388,/node/io_read_mbs,0.000000
1779198987.602,/node/io_read_mbs,0.000000
1779198987.778,/node/io_read_mbs,0.000000
1779198987.886,/node/io_read_mbs,0.000000
1779198988.101,/node/io_read_mbs,0.000000
1779198988.279,/node/io_read_mbs,0.000000
1779198988.389,/node/io_read_mbs,0.000000
1779198988.601,/node/io_read_mbs,0.000000
1779198988.779,/node/io_read_mbs,0.000000
1779198988.888,/node/io_read_mbs,0.000000
1779198989.101,/node/io_read_mbs,0.000000
1779198989.279,/node/io_read_mbs,0.000000
1779198989.388,/node/io_read_mbs,0.000000
1779198989.602,/node/io_read_mbs,0.000000
1779198989.779,/node/io_read_mbs,0.000000
1779198989.889,/node/io_read_mbs,0.000000
1779198990.103,/node/io_read_mbs,0.000000
1779198990.277,/node/io_read_mbs,0.000000
1779198990.387,/node/io_read_mbs,0.000000
1779198990.601,/node/io_read_mbs,0.000000
1779198990.776,/node/io_read_mbs,0.000000
1779198990.886,/node/io_read_mbs,0.000000
1779198991.104,/node/io_read_mbs,0.000000
1779198991.275,/node/io_read_mbs,0.000000
1779198991.386,/node/io_read_mbs,0.000000
1779198991.603,/node/io_read_mbs,0.000000
1779198991.777,/node/io_read_mbs,0.000000
1779198991.887,/node/io_read_mbs,0.000000
1779198992.101,/node/io_read_mbs,0.000000
1779198992.275,/node/io_read_mbs,0.000000
1779198992.387,/node/io_read_mbs,0.000000
1779198992.601,/node/io_read_mbs,0.000000
1779198992.776,/node/io_read_mbs,0.000000
1779198992.887,/node/io_read_mbs,0.000000
1779198993.104,/node/io_read_mbs,0.000000
1779198993.275,/node/io_read_mbs,0.000000
1779198993.386,/node/io_read_mbs,0.000000
1779198993.603,/node/io_read_mbs,0.000000
1779198993.775,/node/io_read_mbs,0.000000
1779198993.887,/node/io_read_mbs,0.000000
1779198994.103,/node/io_read_mbs,0.000000
1779198994.275,/node/io_read_mbs,0.000000
1779198994.385,/node/io_read_mbs,0.000000
1779198994.602,/node/io_read_mbs,0.000000
1779198994.775,/node/io_read_mbs,0.000000
1779198994.886,/node/io_read_mbs,0.000000
1779198995.102,/node/io_read_mbs,0.000000
1779198995.276,/node/io_read_mbs,0.000000
1779198995.387,/node/io_read_mbs,0.000000
1779198995.600,/node/io_read_mbs,0.000000
1779198995.777,/node/io_read_mbs,0.000000
1779198995.888,/node/io_read_mbs,0.000000
1779198996.101,/node/io_read_mbs,0.000000
1779198996.276,/node/io_read_mbs,0.000000
1779198996.387,/node/io_read_mbs,0.000000
1779198996.605,/node/io_read_mbs,0.000000
1779198996.775,/node/io_read_mbs,0.000000
1779198996.884,/node/io_read_mbs,0.000000
1779198997.104,/node/io_read_mbs,0.000000
1779198997.276,/node/io_read_mbs,0.000000
1779198997.386,/node/io_read_mbs,0.000000
1779198997.600,/node/io_read_mbs,0.000000
1779198997.775,/node/io_read_mbs,0.000000
1779198997.885,/node/io_read_mbs,0.000000
1779198998.103,/node/io_read_mbs,0.000000
1779198998.276,/node/io_read_mbs,0.000000
1779198998.387,/node/io_read_mbs,0.000000
1779198998.602,/node/io_read_mbs,0.000000
1779198998.777,/node/io_read_mbs,0.000000
1779198998.890,/node/io_read_mbs,0.000000
1779198999.103,/node/io_read_mbs,0.000000
1779198999.275,/node/io_read_mbs,0.000000
1779198999.386,/node/io_read_mbs,0.000000
1779198999.601,/node/io_read_mbs,0.000000
1779198999.776,/node/io_read_mbs,0.000000
1779198999.888,/node/io_read_mbs,0.000000
1779199000.101,/node/io_read_mbs,0.000000
1779199000.278,/node/io_read_mbs,0.000000
1779199000.388,/node/io_read_mbs,0.000000
1779199000.602,/node/io_read_mbs,0.000000
1779199000.776,/node/io_read_mbs,0.000000
1779199000.885,/node/io_read_mbs,0.000000
1779199001.101,/node/io_read_mbs,0.000000
1779199001.277,/node/io_read_mbs,0.000000
1779199001.385,/node/io_read_mbs,0.000000
1779199001.599,/node/io_read_mbs,0.000000
1779199001.775,/node/io_read_mbs,0.000000
1779199001.885,/node/io_read_mbs,0.000000
1779199002.101,/node/io_read_mbs,0.000000
1779199002.275,/node/io_read_mbs,0.000000
1779199002.388,/node/io_read_mbs,0.000000
1779199002.601,/node/io_read_mbs,0.000000
1779199002.775,/node/io_read_mbs,0.000000
1779199002.884,/node/io_read_mbs,0.000000
1779199003.101,/node/io_read_mbs,0.000000
1779199003.274,/node/io_read_mbs,0.000000
1779199003.387,/node/io_read_mbs,0.000000
1779199003.600,/node/io_read_mbs,0.000000
1779199003.775,/node/io_read_mbs,0.000000
1779199003.885,/node/io_read_mbs,0.000000
1779199004.100,/node/io_read_mbs,0.000000
1779199004.277,/node/io_read_mbs,0.000000
1779199004.386,/node/io_read_mbs,0.000000
1779199004.600,/node/io_read_mbs,0.000000
1779199004.775,/node/io_read_mbs,0.000000
1779199004.885,/node/io_read_mbs,0.000000
1779199005.101,/node/io_read_mbs,0.000000
1779199005.277,/node/io_read_mbs,0.000000
1779199005.388,/node/io_read_mbs,0.000000
1779199005.601,/node/io_read_mbs,0.000000
1779199005.773,/node/io_read_mbs,0.000000
1779199005.885,/node/io_read_mbs,0.000000
1779199006.099,/node/io_read_mbs,0.000000
1779199006.274,/node/io_read_mbs,0.000000
1779199006.386,/node/io_read_mbs,0.000000
1779199006.603,/node/io_read_mbs,0.000000
1779199006.772,/node/io_read_mbs,0.000000
1779199006.882,/node/io_read_mbs,0.000000
1779199007.100,/node/io_read_mbs,0.000000
1779199007.273,/node/io_read_mbs,0.000000
1779199007.386,/node/io_read_mbs,0.000000
1779199007.600,/node/io_read_mbs,0.000000
1779199007.773,/node/io_read_mbs,0.000000
1779199007.884,/node/io_read_mbs,0.000000
1779199008.100,/node/io_read_mbs,0.000000
1779199008.273,/node/io_read_mbs,0.000000
1779199008.387,/node/io_read_mbs,0.000000
1779199008.600,/node/io_read_mbs,0.000000
1779199008.776,/node/io_read_mbs,0.000000
1779199008.887,/node/io_read_mbs,0.000000
1779199009.100,/node/io_read_mbs,0.000000
1779199009.273,/node/io_read_mbs,0.000000
1779199009.386,/node/io_read_mbs,0.000000
1779199009.598,/node/io_read_mbs,0.000000
1779199009.775,/node/io_read_mbs,0.000000
1779199009.885,/node/io_read_mbs,0.000000
1779199010.099,/node/io_read_mbs,0.000000
1779199010.274,/node/io_read_mbs,0.000000
1779199010.385,/node/io_read_mbs,0.000000
1779199010.601,/node/io_read_mbs,0.000000
1779199010.774,/node/io_read_mbs,0.000000
1779199010.887,/node/io_read_mbs,0.000000
1779199011.099,/node/io_read_mbs,0.000000
1779199011.273,/node/io_read_mbs,0.000000
1779199011.386,/node/io_read_mbs,0.000000
1779199011.598,/node/io_read_mbs,0.000000
1779199011.773,/node/io_read_mbs,0.000000
1779199011.884,/node/io_read_mbs,0.000000
1779199012.101,/node/io_read_mbs,0.000000
1779199012.273,/node/io_read_mbs,0.000000
1779199012.383,/node/io_read_mbs,0.000000
1779199012.600,/node/io_read_mbs,0.000000
1779199012.772,/node/io_read_mbs,0.000000
1779199012.885,/node/io_read_mbs,0.000000
1779199013.098,/node/io_read_mbs,0.000000
1779199013.278,/node/io_read_mbs,0.000000
1779199013.383,/node/io_read_mbs,0.000000
1779199013.598,/node/io_read_mbs,0.000000
1779199013.777,/node/io_read_mbs,0.000000
1779199013.883,/node/io_read_mbs,0.000000
1779199014.098,/node/io_read_mbs,0.000000
1779199014.276,/node/io_read_mbs,0.000000
1779199014.383,/node/io_read_mbs,0.000000
1779199014.598,/node/io_read_mbs,0.000000
1779199014.774,/node/io_read_mbs,0.000000
1779199014.883,/node/io_read_mbs,0.000000
1779199015.098,/node/io_read_mbs,0.000000
1779199015.273,/node/io_read_mbs,0.000000
1779199015.387,/node/io_read_mbs,0.000000
1779199015.603,/node/io_read_mbs,0.000000
1779199015.772,/node/io_read_mbs,0.000000
1779199015.886,/node/io_read_mbs,0.000000
1779199016.097,/node/io_read_mbs,0.000000
1779199016.274,/node/io_read_mbs,0.000000
1779199016.382,/node/io_read_mbs,0.000000
1779199016.599,/node/io_read_mbs,0.000000
1779199016.770,/node/io_read_mbs,0.000000
1779199016.881,/node/io_read_mbs,0.000000
1779199017.099,/node/io_read_mbs,0.000000
1779199017.272,/node/io_read_mbs,0.000000
1779199017.384,/node/io_read_mbs,0.000000
1779199017.597,/node/io_read_mbs,0.000000
1779199017.775,/node/io_read_mbs,0.000000
1779199017.883,/node/io_read_mbs,0.000000
1779199018.100,/node/io_read_mbs,0.000000
1779199018.273,/node/io_read_mbs,0.000000
1779199018.385,/node/io_read_mbs,0.000000
1779199018.599,/node/io_read_mbs,0.000000
1779199018.772,/node/io_read_mbs,0.000000
1779199018.883,/node/io_read_mbs,0.000000
1779199019.099,/node/io_read_mbs,0.000000
1779199019.272,/node/io_read_mbs,0.000000
1779199019.383,/node/io_read_mbs,0.000000
1779199019.598,/node/io_read_mbs,0.000000
1779199019.773,/node/io_read_mbs,0.000000
1779199019.883,/node/io_read_mbs,0.000000
1779199020.097,/node/io_read_mbs,0.000000
1779199020.274,/node/io_read_mbs,0.000000
1779199020.384,/node/io_read_mbs,0.000000
1779199020.598,/node/io_read_mbs,0.000000
1779199020.771,/node/io_read_mbs,0.000000
1779199020.882,/node/io_read_mbs,0.000000
1779199021.099,/node/io_read_mbs,0.000000
1779199021.272,/node/io_read_mbs,0.000000
1779199021.382,/node/io_read_mbs,0.000000
1779199021.597,/node/io_read_mbs,0.000000
1779199021.777,/node/io_read_mbs,0.000000
1779199021.882,/node/io_read_mbs,0.000000
1779199022.099,/node/io_read_mbs,0.000000
1779199022.277,/node/io_read_mbs,0.000000
1779199022.383,/node/io_read_mbs,0.000000
1779199022.601,/node/io_read_mbs,0.000000
1779199022.774,/node/io_read_mbs,0.000000
1779199022.884,/node/io_read_mbs,0.000000
1779199023.099,/node/io_read_mbs,0.000000
1779199023.272,/node/io_read_mbs,0.000000
1779199023.382,/node/io_read_mbs,0.000000
1779199023.597,/node/io_read_mbs,0.000000
1779199023.775,/node/io_read_mbs,0.000000
1779199023.882,/node/io_read_mbs,0.000000
1779199024.098,/node/io_read_mbs,0.000000
1779199024.272,/node/io_read_mbs,0.000000
1779199024.385,/node/io_read_mbs,0.000000
1779199024.599,/node/io_read_mbs,0.000000
1779199024.774,/node/io_read_mbs,0.000000
1779199024.882,/node/io_read_mbs,0.000000
1779199025.098,/node/io_read_mbs,0.000000
1779199025.275,/node/io_read_mbs,0.000000
1779199025.382,/node/io_read_mbs,0.000000
1779199025.597,/node/io_read_mbs,0.000000
1779199025.776,/node/io_read_mbs,0.000000
1779199025.882,/node/io_read_mbs,0.000000
1779199026.096,/node/io_read_mbs,0.000000
1779199026.274,/node/io_read_mbs,0.000000
1779199026.382,/node/io_read_mbs,0.000000
1779199026.598,/node/io_read_mbs,0.000000
1779199026.770,/node/io_read_mbs,0.000000
1779199026.880,/node/io_read_mbs,0.000000
1779199027.097,/node/io_read_mbs,0.000000
1779199027.272,/node/io_read_mbs,0.000000
1779199027.384,/node/io_read_mbs,0.000000
1779199027.598,/node/io_read_mbs,0.000000
1779199027.774,/node/io_read_mbs,0.000000
1779199027.883,/node/io_read_mbs,0.000000
1779199028.098,/node/io_read_mbs,0.000000
1779199028.273,/node/io_read_mbs,0.000000
1779199028.382,/node/io_read_mbs,0.000000
1779199028.596,/node/io_read_mbs,0.000000
1779199028.770,/node/io_read_mbs,0.000000
1779199028.881,/node/io_read_mbs,0.000000
1779199029.101,/node/io_read_mbs,0.000000
1779199029.272,/node/io_read_mbs,0.000000
1779199029.384,/node/io_read_mbs,0.000000
1779199029.600,/node/io_read_mbs,0.000000
1779199029.773,/node/io_read_mbs,0.000000
1779199029.882,/node/io_read_mbs,0.000000
1779199030.096,/node/io_read_mbs,0.000000
1779199030.271,/node/io_read_mbs,0.000000
1779199030.382,/node/io_read_mbs,0.000000
1779199030.599,/node/io_read_mbs,0.000000
1779199030.773,/node/io_read_mbs,0.000000
1779199030.882,/node/io_read_mbs,0.000000
1779199031.100,/node/io_read_mbs,0.000000
1779199031.271,/node/io_read_mbs,0.000000
1779199031.383,/node/io_read_mbs,0.000000
1779199031.598,/node/io_read_mbs,0.000000
1779199031.771,/node/io_read_mbs,0.000000
1779199031.883,/node/io_read_mbs,0.000000
1779199032.098,/node/io_read_mbs,0.000000
1779199032.272,/node/io_read_mbs,0.000000
1779199032.382,/node/io_read_mbs,0.000000
1779199032.598,/node/io_read_mbs,0.000000
1779199032.771,/node/io_read_mbs,0.000000
1779199032.882,/node/io_read_mbs,0.000000
1779199033.098,/node/io_read_mbs,0.000000
1779199033.271,/node/io_read_mbs,0.000000
1779199033.381,/node/io_read_mbs,0.000000
1779199033.598,/node/io_read_mbs,0.000000
1779199033.772,/node/io_read_mbs,0.000000
1779199033.882,/node/io_read_mbs,0.000000
1779199034.097,/node/io_read_mbs,0.000000
1779199034.273,/node/io_read_mbs,0.000000
1779199034.382,/node/io_read_mbs,0.000000
1779199034.597,/node/io_read_mbs,0.000000
1779199034.772,/node/io_read_mbs,0.000000
1779199034.882,/node/io_read_mbs,0.000000
1779199035.100,/node/io_read_mbs,0.000000
1779199035.274,/node/io_read_mbs,0.000000
1779199035.386,/node/io_read_mbs,0.000000
1779199035.600,/node/io_read_mbs,0.000000
1779199035.772,/node/io_read_mbs,0.000000
1779199035.882,/node/io_read_mbs,0.000000
1779199036.100,/node/io_read_mbs,0.000000
1779199036.274,/node/io_read_mbs,0.000000
1779199036.382,/node/io_read_mbs,0.000000
1779199036.597,/node/io_read_mbs,0.000000
1779199036.770,/node/io_read_mbs,0.000000
1779199036.880,/node/io_read_mbs,0.000000
1779199037.103,/node/io_read_mbs,0.000000
1779199037.271,/node/io_read_mbs,0.000000
1779199037.382,/node/io_read_mbs,0.000000
1779199037.597,/node/io_read_mbs,0.000000
1779199037.776,/node/io_read_mbs,0.000000
1779199037.882,/node/io_read_mbs,0.000000
1779199038.098,/node/io_read_mbs,0.000000
1779199038.273,/node/io_read_mbs,0.000000
1779199038.383,/node/io_read_mbs,0.000000
1779199038.599,/node/io_read_mbs,0.000000
1779199038.771,/node/io_read_mbs,0.000000
1779199038.883,/node/io_read_mbs,0.000000
1779199039.098,/node/io_read_mbs,0.000000
1779199039.271,/node/io_read_mbs,0.000000
1779199039.384,/node/io_read_mbs,0.000000
1779199039.600,/node/io_read_mbs,0.000000
1779199039.774,/node/io_read_mbs,0.000000
1779199039.884,/node/io_read_mbs,0.000000
1779199040.097,/node/io_read_mbs,0.000000
1779199040.273,/node/io_read_mbs,0.000000
1779199040.384,/node/io_read_mbs,0.000000
1779199040.600,/node/io_read_mbs,0.000000
1779199040.771,/node/io_read_mbs,0.000000
1779199040.882,/node/io_read_mbs,0.000000
1779199041.099,/node/io_read_mbs,0.000000
1779199041.275,/node/io_read_mbs,0.000000
1779199041.382,/node/io_read_mbs,0.000000
1779199041.601,/node/io_read_mbs,0.000000
1779199041.772,/node/io_read_mbs,0.000000
1779199041.882,/node/io_read_mbs,0.000000
1779199042.098,/node/io_read_mbs,0.000000
1779199042.273,/node/io_read_mbs,0.000000
1779199042.384,/node/io_read_mbs,0.000000
1779199042.599,/node/io_read_mbs,0.000000
1779199042.773,/node/io_read_mbs,0.000000
1779199042.882,/node/io_read_mbs,0.000000
1779199043.098,/node/io_read_mbs,0.000000
1779199043.273,/node/io_read_mbs,0.000000
1779199043.384,/node/io_read_mbs,0.000000
1779199043.599,/node/io_read_mbs,0.000000
1779199043.774,/node/io_read_mbs,0.000000
1779199043.883,/node/io_read_mbs,0.000000
1779199044.097,/node/io_read_mbs,0.000000
1779199044.273,/node/io_read_mbs,0.000000
1779199044.385,/node/io_read_mbs,0.000000
1779199044.597,/node/io_read_mbs,0.000000
1779199044.774,/node/io_read_mbs,0.000000
1779199044.882,/node/io_read_mbs,0.000000
1779199045.098,/node/io_read_mbs,0.000000
1779199045.272,/node/io_read_mbs,0.000000
1779199045.382,/node/io_read_mbs,0.000000
1779199045.597,/node/io_read_mbs,0.000000
1779199045.772,/node/io_read_mbs,0.000000
1779199045.883,/node/io_read_mbs,0.000000
1779199046.098,/node/io_read_mbs,0.000000
1779199046.271,/node/io_read_mbs,0.000000
1779199046.384,/node/io_read_mbs,0.000000
1779199046.599,/node/io_read_mbs,0.000000
1779199046.772,/node/io_read_mbs,0.000000
1779199046.880,/node/io_read_mbs,0.000000
1779199047.099,/node/io_read_mbs,0.000000
1779199047.277,/node/io_read_mbs,0.000000
1779199047.383,/node/io_read_mbs,0.000000
1779199047.598,/node/io_read_mbs,0.000000
1779199047.773,/node/io_read_mbs,0.000000
1779199047.884,/node/io_read_mbs,0.000000
1779199048.096,/node/io_read_mbs,0.000000
1779199048.273,/node/io_read_mbs,0.000000
1779199048.383,/node/io_read_mbs,0.000000
1779199048.597,/node/io_read_mbs,0.000000
1779199048.772,/node/io_read_mbs,0.000000
1779199048.882,/node/io_read_mbs,0.000000
1779199049.097,/node/io_read_mbs,0.000000
1779199049.275,/node/io_read_mbs,0.000000
1779199049.382,/node/io_read_mbs,0.000000
1779199049.599,/node/io_read_mbs,0.000000
1779199049.773,/node/io_read_mbs,0.000000
1779199049.886,/node/io_read_mbs,0.000000
1779199050.100,/node/io_read_mbs,0.000000
1779199050.273,/node/io_read_mbs,0.000000
1779199050.383,/node/io_read_mbs,0.000000
1779199050.597,/node/io_read_mbs,0.000000
1779199050.772,/node/io_read_mbs,0.000000
1779199050.884,/node/io_read_mbs,0.000000
1779199051.098,/node/io_read_mbs,0.000000
1779199051.272,/node/io_read_mbs,0.000000
1779199051.384,/node/io_read_mbs,0.000000
1779199051.597,/node/io_read_mbs,0.000000
1779199051.773,/node/io_read_mbs,0.000000
1779199051.884,/node/io_read_mbs,0.000000
1779199052.097,/node/io_read_mbs,0.000000
1779199052.272,/node/io_read_mbs,0.000000
1779199052.384,/node/io_read_mbs,0.000000
1779199052.597,/node/io_read_mbs,0.000000
1779199052.774,/node/io_read_mbs,0.000000
1779199052.883,/node/io_read_mbs,0.000000
1779199053.097,/node/io_read_mbs,0.000000
1779199053.273,/node/io_read_mbs,0.000000
1779199053.384,/node/io_read_mbs,0.000000
1779199053.598,/node/io_read_mbs,0.000000
1779199053.772,/node/io_read_mbs,0.000000
1779199053.884,/node/io_read_mbs,0.000000
1779199054.097,/node/io_read_mbs,0.000000
1779199054.275,/node/io_read_mbs,0.000000
1779199054.383,/node/io_read_mbs,0.000000
1779199054.599,/node/io_read_mbs,0.000000
1779199054.773,/node/io_read_mbs,0.000000
1779199054.884,/node/io_read_mbs,0.000000
1779199055.099,/node/io_read_mbs,0.000000
1779199055.276,/node/io_read_mbs,0.000000
1779199055.383,/node/io_read_mbs,0.000000
1779199055.597,/node/io_read_mbs,0.000000
1779199055.776,/node/io_read_mbs,0.000000
1779199055.882,/node/io_read_mbs,0.000000
1779199056.096,/node/io_read_mbs,0.000000
1779199056.278,/node/io_read_mbs,0.000000
1779199056.383,/node/io_read_mbs,0.000000
1779199056.601,/node/io_read_mbs,0.000000
1779199056.771,/node/io_read_mbs,0.000000
1779199056.881,/node/io_read_mbs,0.000000
1779199057.097,/node/io_read_mbs,0.000000
1779199057.273,/node/io_read_mbs,0.000000
1779199057.386,/node/io_read_mbs,0.000000
1779199057.598,/node/io_read_mbs,0.000000
1779199057.774,/node/io_read_mbs,0.000000
1779199057.884,/node/io_read_mbs,0.000000
1779199058.098,/node/io_read_mbs,0.000000
1779199058.274,/node/io_read_mbs,0.000000
1779199058.383,/node/io_read_mbs,0.000000
1779199058.602,/node/io_read_mbs,0.000000
1779199058.772,/node/io_read_mbs,0.000000
1779199058.884,/node/io_read_mbs,0.000000
1779199059.099,/node/io_read_mbs,0.000000
1779199059.272,/node/io_read_mbs,0.000000
1779199059.383,/node/io_read_mbs,0.000000
1779199059.597,/node/io_read_mbs,0.000000
1779199059.774,/node/io_read_mbs,0.000000
1779199059.885,/node/io_read_mbs,0.000000
1779199060.099,/node/io_read_mbs,0.000000
1779199060.273,/node/io_read_mbs,0.000000
1779199060.388,/node/io_read_mbs,0.000000
1779199060.599,/node/io_read_mbs,0.000000
1779199060.773,/node/io_read_mbs,0.000000
1779199060.884,/node/io_read_mbs,0.000000
1779199061.099,/node/io_read_mbs,0.000000
1779199061.275,/node/io_read_mbs,0.000000
1779199061.383,/node/io_read_mbs,0.000000
1779199061.599,/node/io_read_mbs,0.000000
1779199061.772,/node/io_read_mbs,0.000000
1779199061.883,/node/io_read_mbs,0.000000
1779199062.098,/node/io_read_mbs,0.000000
1779199062.273,/node/io_read_mbs,0.000000
1779199062.385,/node/io_read_mbs,0.000000
1779199062.600,/node/io_read_mbs,0.000000
1779199062.776,/node/io_read_mbs,0.000000
1779199062.883,/node/io_read_mbs,0.000000
1779199063.101,/node/io_read_mbs,0.000000
1779199063.274,/node/io_read_mbs,0.000000
1779199063.384,/node/io_read_mbs,0.000000
1779199063.599,/node/io_read_mbs,0.000000
1779199063.773,/node/io_read_mbs,0.000000
1779199063.884,/node/io_read_mbs,0.000000
1779199064.100,/node/io_read_mbs,0.000000
1779199064.274,/node/io_read_mbs,0.000000
1779199064.386,/node/io_read_mbs,0.000000
1779199064.598,/node/io_read_mbs,0.000000
1779199064.774,/node/io_read_mbs,0.000000
1779199064.887,/node/io_read_mbs,0.000000
1779199065.098,/node/io_read_mbs,0.000000
1779199065.276,/node/io_read_mbs,0.000000
1779199065.385,/node/io_read_mbs,0.000000
1779199065.599,/node/io_read_mbs,0.000000
1779199065.773,/node/io_read_mbs,0.000000
1779199065.890,/node/io_read_mbs,0.000000
1779199066.098,/node/io_read_mbs,0.000000
1779199066.275,/node/io_read_mbs,0.000000
1779199066.385,/node/io_read_mbs,0.000000
1779199066.600,/node/io_read_mbs,0.000000
1779199066.774,/node/io_read_mbs,0.000000
1779199066.882,/node/io_read_mbs,0.000000
1779199067.100,/node/io_read_mbs,0.000000
1779199067.275,/node/io_read_mbs,0.000000
1779199067.384,/node/io_read_mbs,0.000000
1779199067.598,/node/io_read_mbs,0.000000
1779199067.777,/node/io_read_mbs,0.000000
1779199067.883,/node/io_read_mbs,0.000000
1779199068.099,/node/io_read_mbs,0.000000
1779199068.274,/node/io_read_mbs,0.000000
1779199068.385,/node/io_read_mbs,0.000000
1779199068.602,/node/io_read_mbs,0.000000
1779199068.775,/node/io_read_mbs,0.859709
1779199068.884,/node/io_read_mbs,0.859904
1779199069.100,/node/io_read_mbs,0.860752
1779199069.277,/node/io_read_mbs,0.000000
1779199069.384,/node/io_read_mbs,0.000000
1779199069.598,/node/io_read_mbs,0.000000
1779199069.773,/node/io_read_mbs,0.000000
1779199069.883,/node/io_read_mbs,0.000000
1779199070.101,/node/io_read_mbs,0.000000
1779199070.273,/node/io_read_mbs,0.000000
1779199070.386,/node/io_read_mbs,0.000000
1779199070.601,/node/io_read_mbs,0.000000
1779199070.777,/node/io_read_mbs,0.000000
1779199070.885,/node/io_read_mbs,0.000000
1779199071.098,/node/io_read_mbs,0.000000
1779199071.275,/node/io_read_mbs,0.000000
1779199071.384,/node/io_read_mbs,0.000000
1779199071.599,/node/io_read_mbs,0.000000
1779199071.776,/node/io_read_mbs,53.645283
1779199071.884,/node/io_read_mbs,53.561714
1779199072.099,/node/io_read_mbs,86.918846
1779199072.274,/node/io_read_mbs,33.287304
1779199072.383,/node/io_read_mbs,33.369019
1779199072.600,/node/io_read_mbs,0.093746
1779198892.791,/node/io_write_mbs,0.000000
1779198892.899,/node/io_write_mbs,0.000000
1779198893.115,/node/io_write_mbs,0.000000
1779198893.288,/node/io_write_mbs,0.000000
1779198893.401,/node/io_write_mbs,0.000000
1779198893.615,/node/io_write_mbs,0.000000
1779198893.791,/node/io_write_mbs,0.000000
1779198893.901,/node/io_write_mbs,0.000000
1779198894.116,/node/io_write_mbs,0.000000
1779198894.293,/node/io_write_mbs,0.046880
1779198894.398,/node/io_write_mbs,0.062517
1779198894.614,/node/io_write_mbs,0.062665
1779198894.804,/node/io_write_mbs,0.015627
1779198894.899,/node/io_write_mbs,0.000000
1779198895.116,/node/io_write_mbs,0.000000
1779198895.291,/node/io_write_mbs,0.000000
1779198895.402,/node/io_write_mbs,0.000000
1779198895.629,/node/io_write_mbs,0.000000
1779198895.793,/node/io_write_mbs,0.000000
1779198895.901,/node/io_write_mbs,0.000000
1779198896.117,/node/io_write_mbs,0.000000
1779198896.289,/node/io_write_mbs,0.000000
1779198896.409,/node/io_write_mbs,0.000000
1779198896.618,/node/io_write_mbs,0.000000
1779198896.785,/node/io_write_mbs,0.000000
1779198896.896,/node/io_write_mbs,0.000000
1779198897.116,/node/io_write_mbs,0.000000
1779198897.290,/node/io_write_mbs,0.000000
1779198897.397,/node/io_write_mbs,0.000000
1779198897.612,/node/io_write_mbs,0.000000
1779198897.790,/node/io_write_mbs,0.000000
1779198897.899,/node/io_write_mbs,0.000000
1779198898.114,/node/io_write_mbs,0.000000
1779198898.287,/node/io_write_mbs,0.000000
1779198898.399,/node/io_write_mbs,0.000000
1779198898.614,/node/io_write_mbs,0.000000
1779198898.787,/node/io_write_mbs,0.000000
1779198898.898,/node/io_write_mbs,0.000000
1779198899.114,/node/io_write_mbs,0.000000
1779198899.287,/node/io_write_mbs,0.046882
1779198899.397,/node/io_write_mbs,0.046883
1779198899.615,/node/io_write_mbs,0.046832
1779198899.787,/node/io_write_mbs,0.000000
1779198899.899,/node/io_write_mbs,0.000000
1779198900.112,/node/io_write_mbs,0.000000
1779198900.290,/node/io_write_mbs,0.000000
1779198900.397,/node/io_write_mbs,0.000000
1779198900.613,/node/io_write_mbs,0.000000
1779198900.787,/node/io_write_mbs,0.000000
1779198900.898,/node/io_write_mbs,0.000000
1779198901.112,/node/io_write_mbs,0.000000
1779198901.288,/node/io_write_mbs,0.000000
1779198901.402,/node/io_write_mbs,0.000000
1779198901.612,/node/io_write_mbs,0.000000
1779198901.788,/node/io_write_mbs,0.000000
1779198901.896,/node/io_write_mbs,0.000000
1779198902.112,/node/io_write_mbs,0.000000
1779198902.288,/node/io_write_mbs,0.000000
1779198902.398,/node/io_write_mbs,0.000000
1779198902.612,/node/io_write_mbs,0.000000
1779198902.788,/node/io_write_mbs,0.000000
1779198902.897,/node/io_write_mbs,0.000000
1779198903.115,/node/io_write_mbs,0.000000
1779198903.288,/node/io_write_mbs,0.000000
1779198903.399,/node/io_write_mbs,0.000000
1779198903.615,/node/io_write_mbs,0.000000
1779198903.803,/node/io_write_mbs,0.000000
1779198903.897,/node/io_write_mbs,0.000000
1779198904.114,/node/io_write_mbs,0.000000
1779198904.286,/node/io_write_mbs,0.046877
1779198904.395,/node/io_write_mbs,0.062584
1779198904.613,/node/io_write_mbs,0.062623
1779198904.786,/node/io_write_mbs,0.015626
1779198904.899,/node/io_write_mbs,0.000000
1779198905.112,/node/io_write_mbs,0.000000
1779198905.289,/node/io_write_mbs,0.000000
1779198905.400,/node/io_write_mbs,0.000000
1779198905.614,/node/io_write_mbs,0.000000
1779198905.791,/node/io_write_mbs,0.000000
1779198905.900,/node/io_write_mbs,0.000000
1779198906.117,/node/io_write_mbs,0.000000
1779198906.291,/node/io_write_mbs,0.000000
1779198906.400,/node/io_write_mbs,0.000000
1779198906.628,/node/io_write_mbs,0.000000
1779198906.785,/node/io_write_mbs,0.000000
1779198906.896,/node/io_write_mbs,0.000000
1779198907.117,/node/io_write_mbs,0.000000
1779198907.290,/node/io_write_mbs,0.000000
1779198907.399,/node/io_write_mbs,0.000000
1779198907.628,/node/io_write_mbs,0.000000
1779198907.784,/node/io_write_mbs,0.000000
1779198907.898,/node/io_write_mbs,0.000000
1779198908.115,/node/io_write_mbs,0.000000
1779198908.284,/node/io_write_mbs,0.000000
1779198908.396,/node/io_write_mbs,0.000000
1779198908.614,/node/io_write_mbs,0.000000
1779198908.789,/node/io_write_mbs,0.000000
1779198908.898,/node/io_write_mbs,0.000000
1779198909.113,/node/io_write_mbs,0.000000
1779198909.286,/node/io_write_mbs,0.062581
1779198909.395,/node/io_write_mbs,0.062503
1779198909.613,/node/io_write_mbs,0.062394
1779198909.786,/node/io_write_mbs,0.000000
1779198909.895,/node/io_write_mbs,0.000000
1779198910.112,/node/io_write_mbs,0.000000
1779198910.286,/node/io_write_mbs,0.000000
1779198910.397,/node/io_write_mbs,0.000000
1779198910.610,/node/io_write_mbs,0.000000
1779198910.786,/node/io_write_mbs,0.000000
1779198910.898,/node/io_write_mbs,0.000000
1779198911.111,/node/io_write_mbs,0.000000
1779198911.285,/node/io_write_mbs,0.000000
1779198911.395,/node/io_write_mbs,0.000000
1779198911.611,/node/io_write_mbs,0.000000
1779198911.786,/node/io_write_mbs,0.000000
1779198911.895,/node/io_write_mbs,0.000000
1779198912.113,/node/io_write_mbs,0.000000
1779198912.288,/node/io_write_mbs,0.000000
1779198912.396,/node/io_write_mbs,0.000000
1779198912.611,/node/io_write_mbs,0.000000
1779198912.789,/node/io_write_mbs,0.000000
1779198912.899,/node/io_write_mbs,0.000000
1779198913.113,/node/io_write_mbs,0.000000
1779198913.286,/node/io_write_mbs,0.000000
1779198913.396,/node/io_write_mbs,0.000000
1779198913.612,/node/io_write_mbs,0.000000
1779198913.786,/node/io_write_mbs,0.000000
1779198913.896,/node/io_write_mbs,0.000000
1779198914.111,/node/io_write_mbs,0.000000
1779198914.290,/node/io_write_mbs,0.046882
1779198914.410,/node/io_write_mbs,0.062494
1779198914.612,/node/io_write_mbs,0.062480
1779198914.787,/node/io_write_mbs,0.015622
1779198914.913,/node/io_write_mbs,0.000000
1779198915.112,/node/io_write_mbs,0.000000
1779198915.286,/node/io_write_mbs,0.000000
1779198915.398,/node/io_write_mbs,0.000000
1779198915.613,/node/io_write_mbs,0.000000
1779198915.787,/node/io_write_mbs,0.000000
1779198915.897,/node/io_write_mbs,0.000000
1779198916.111,/node/io_write_mbs,0.000000
1779198916.287,/node/io_write_mbs,0.000000
1779198916.396,/node/io_write_mbs,0.000000
1779198916.613,/node/io_write_mbs,0.000000
1779198916.785,/node/io_write_mbs,0.015616
1779198916.895,/node/io_write_mbs,0.015624
1779198917.111,/node/io_write_mbs,0.015652
1779198917.290,/node/io_write_mbs,0.000000
1779198917.399,/node/io_write_mbs,0.000000
1779198917.612,/node/io_write_mbs,0.000000
1779198917.788,/node/io_write_mbs,0.000000
1779198917.897,/node/io_write_mbs,0.000000
1779198918.111,/node/io_write_mbs,0.000000
1779198918.286,/node/io_write_mbs,0.000000
1779198918.398,/node/io_write_mbs,0.000000
1779198918.611,/node/io_write_mbs,0.000000
1779198918.787,/node/io_write_mbs,0.000000
1779198918.898,/node/io_write_mbs,0.000000
1779198919.112,/node/io_write_mbs,0.000000
1779198919.286,/node/io_write_mbs,0.046918
1779198919.396,/node/io_write_mbs,0.046962
1779198919.613,/node/io_write_mbs,0.046794
1779198919.787,/node/io_write_mbs,0.000000
1779198919.897,/node/io_write_mbs,0.000000
1779198920.111,/node/io_write_mbs,0.000000
1779198920.288,/node/io_write_mbs,0.000000
1779198920.400,/node/io_write_mbs,0.000000
1779198920.612,/node/io_write_mbs,0.000000
1779198920.787,/node/io_write_mbs,0.000000
1779198920.897,/node/io_write_mbs,0.000000
1779198921.114,/node/io_write_mbs,0.000000
1779198921.286,/node/io_write_mbs,0.000000
1779198921.401,/node/io_write_mbs,0.000000
1779198921.612,/node/io_write_mbs,0.000000
1779198921.788,/node/io_write_mbs,0.015659
1779198921.896,/node/io_write_mbs,0.015627
1779198922.112,/node/io_write_mbs,0.015620
1779198922.285,/node/io_write_mbs,0.000000
1779198922.399,/node/io_write_mbs,0.000000
1779198922.611,/node/io_write_mbs,0.000000
1779198922.787,/node/io_write_mbs,0.000000
1779198922.895,/node/io_write_mbs,0.000000
1779198923.112,/node/io_write_mbs,0.000000
1779198923.285,/node/io_write_mbs,0.000000
1779198923.395,/node/io_write_mbs,0.000000
1779198923.611,/node/io_write_mbs,0.000000
1779198923.788,/node/io_write_mbs,0.000000
1779198923.897,/node/io_write_mbs,0.000000
1779198924.112,/node/io_write_mbs,0.000000
1779198924.289,/node/io_write_mbs,0.046926
1779198924.396,/node/io_write_mbs,0.062570
1779198924.611,/node/io_write_mbs,0.062498
1779198924.786,/node/io_write_mbs,0.015592
1779198924.895,/node/io_write_mbs,0.000000
1779198925.111,/node/io_write_mbs,0.000000
1779198925.284,/node/io_write_mbs,0.000000
1779198925.396,/node/io_write_mbs,0.000000
1779198925.610,/node/io_write_mbs,0.000000
1779198925.784,/node/io_write_mbs,0.000000
1779198925.896,/node/io_write_mbs,0.000000
1779198926.111,/node/io_write_mbs,0.000000
1779198926.286,/node/io_write_mbs,0.000000
1779198926.396,/node/io_write_mbs,0.000000
1779198926.612,/node/io_write_mbs,0.000000
1779198926.783,/node/io_write_mbs,0.000000
1779198926.892,/node/io_write_mbs,0.000000
1779198927.114,/node/io_write_mbs,0.000000
1779198927.284,/node/io_write_mbs,0.000000
1779198927.395,/node/io_write_mbs,0.000000
1779198927.624,/node/io_write_mbs,0.000000
1779198927.788,/node/io_write_mbs,0.000000
1779198927.906,/node/io_write_mbs,0.000000
1779198928.113,/node/io_write_mbs,0.000000
1779198928.285,/node/io_write_mbs,0.000000
1779198928.402,/node/io_write_mbs,0.000000
1779198928.611,/node/io_write_mbs,0.000000
1779198928.785,/node/io_write_mbs,0.000000
1779198928.897,/node/io_write_mbs,0.000000
1779198929.113,/node/io_write_mbs,0.000000
1779198929.284,/node/io_write_mbs,0.062505
1779198929.395,/node/io_write_mbs,0.062482
1779198929.612,/node/io_write_mbs,0.062505
1779198929.787,/node/io_write_mbs,0.000000
1779198929.896,/node/io_write_mbs,0.000000
1779198930.113,/node/io_write_mbs,0.000000
1779198930.286,/node/io_write_mbs,0.000000
1779198930.396,/node/io_write_mbs,0.000000
1779198930.611,/node/io_write_mbs,0.000000
1779198930.797,/node/io_write_mbs,0.000000
1779198930.908,/node/io_write_mbs,0.000000
1779198931.111,/node/io_write_mbs,0.000000
1779198931.284,/node/io_write_mbs,0.000000
1779198931.397,/node/io_write_mbs,0.000000
1779198931.610,/node/io_write_mbs,0.000000
1779198931.784,/node/io_write_mbs,0.000000
1779198931.898,/node/io_write_mbs,0.000000
1779198932.120,/node/io_write_mbs,0.000000
1779198932.284,/node/io_write_mbs,0.000000
1779198932.396,/node/io_write_mbs,0.000000
1779198932.623,/node/io_write_mbs,0.000000
1779198932.796,/node/io_write_mbs,0.000000
1779198932.902,/node/io_write_mbs,0.000000
1779198933.120,/node/io_write_mbs,0.000000
1779198933.296,/node/io_write_mbs,0.000000
1779198933.399,/node/io_write_mbs,0.000000
1779198933.612,/node/io_write_mbs,0.000000
1779198933.785,/node/io_write_mbs,0.000000
1779198933.894,/node/io_write_mbs,0.000000
1779198934.109,/node/io_write_mbs,0.000000
1779198934.283,/node/io_write_mbs,0.046896
1779198934.395,/node/io_write_mbs,0.062556
1779198934.609,/node/io_write_mbs,0.062366
1779198934.785,/node/io_write_mbs,0.015618
1779198934.895,/node/io_write_mbs,0.000000
1779198935.109,/node/io_write_mbs,0.000000
1779198935.282,/node/io_write_mbs,0.000000
1779198935.395,/node/io_write_mbs,0.000000
1779198935.613,/node/io_write_mbs,0.000000
1779198935.798,/node/io_write_mbs,0.000000
1779198935.894,/node/io_write_mbs,0.000000
1779198936.109,/node/io_write_mbs,0.000000
1779198936.283,/node/io_write_mbs,0.000000
1779198936.396,/node/io_write_mbs,0.000000
1779198936.609,/node/io_write_mbs,0.000000
1779198936.782,/node/io_write_mbs,0.000000
1779198936.892,/node/io_write_mbs,0.000000
1779198937.113,/node/io_write_mbs,0.000000
1779198937.283,/node/io_write_mbs,0.000000
1779198937.394,/node/io_write_mbs,0.000000
1779198937.610,/node/io_write_mbs,0.000000
1779198937.782,/node/io_write_mbs,0.000000
1779198937.894,/node/io_write_mbs,0.000000
1779198938.109,/node/io_write_mbs,0.000000
1779198938.283,/node/io_write_mbs,0.000000
1779198938.393,/node/io_write_mbs,0.000000
1779198938.610,/node/io_write_mbs,0.000000
1779198938.783,/node/io_write_mbs,0.000000
1779198938.893,/node/io_write_mbs,0.000000
1779198939.108,/node/io_write_mbs,0.000000
1779198939.284,/node/io_write_mbs,0.046931
1779198939.394,/node/io_write_mbs,0.046873
1779198939.607,/node/io_write_mbs,0.046873
1779198939.785,/node/io_write_mbs,0.000000
1779198939.897,/node/io_write_mbs,0.000000
1779198940.108,/node/io_write_mbs,0.000000
1779198940.282,/node/io_write_mbs,0.000000
1779198940.397,/node/io_write_mbs,0.000000
1779198940.608,/node/io_write_mbs,0.000000
1779198940.783,/node/io_write_mbs,0.000000
1779198940.893,/node/io_write_mbs,0.000000
1779198941.112,/node/io_write_mbs,0.000000
1779198941.286,/node/io_write_mbs,0.000000
1779198941.393,/node/io_write_mbs,0.000000
1779198941.609,/node/io_write_mbs,0.000000
1779198941.784,/node/io_write_mbs,0.000000
1779198941.893,/node/io_write_mbs,0.000000
1779198942.109,/node/io_write_mbs,0.000000
1779198942.284,/node/io_write_mbs,0.000000
1779198942.393,/node/io_write_mbs,0.000000
1779198942.613,/node/io_write_mbs,0.000000
1779198942.782,/node/io_write_mbs,0.000000
1779198942.893,/node/io_write_mbs,0.000000
1779198943.111,/node/io_write_mbs,0.000000
1779198943.287,/node/io_write_mbs,0.000000
1779198943.396,/node/io_write_mbs,0.000000
1779198943.610,/node/io_write_mbs,0.000000
1779198943.782,/node/io_write_mbs,0.000000
1779198943.896,/node/io_write_mbs,0.000000
1779198944.113,/node/io_write_mbs,0.000000
1779198944.282,/node/io_write_mbs,0.062482
1779198944.393,/node/io_write_mbs,0.062618
1779198944.611,/node/io_write_mbs,0.062499
1779198944.782,/node/io_write_mbs,0.000000
1779198944.893,/node/io_write_mbs,0.000000
1779198945.111,/node/io_write_mbs,0.000000
1779198945.284,/node/io_write_mbs,0.000000
1779198945.392,/node/io_write_mbs,0.000000
1779198945.609,/node/io_write_mbs,0.000000
1779198945.782,/node/io_write_mbs,0.000000
1779198945.892,/node/io_write_mbs,0.000000
1779198946.109,/node/io_write_mbs,0.000000
1779198946.285,/node/io_write_mbs,0.000000
1779198946.392,/node/io_write_mbs,0.000000
1779198946.611,/node/io_write_mbs,0.000000
1779198946.780,/node/io_write_mbs,0.000000
1779198946.891,/node/io_write_mbs,0.000000
1779198947.108,/node/io_write_mbs,0.000000
1779198947.282,/node/io_write_mbs,0.000000
1779198947.394,/node/io_write_mbs,0.000000
1779198947.608,/node/io_write_mbs,0.000000
1779198947.783,/node/io_write_mbs,0.000000
1779198947.894,/node/io_write_mbs,0.000000
1779198948.108,/node/io_write_mbs,0.000000
1779198948.282,/node/io_write_mbs,0.000000
1779198948.392,/node/io_write_mbs,0.000000
1779198948.608,/node/io_write_mbs,0.000000
1779198948.783,/node/io_write_mbs,0.000000
1779198948.894,/node/io_write_mbs,0.000000
1779198949.107,/node/io_write_mbs,0.000000
1779198949.282,/node/io_write_mbs,0.062436
1779198949.394,/node/io_write_mbs,0.062496
1779198949.606,/node/io_write_mbs,0.062517
1779198949.783,/node/io_write_mbs,0.000000
1779198949.892,/node/io_write_mbs,0.000000
1779198950.107,/node/io_write_mbs,0.000000
1779198950.283,/node/io_write_mbs,0.000000
1779198950.395,/node/io_write_mbs,0.000000
1779198950.609,/node/io_write_mbs,0.000000
1779198950.781,/node/io_write_mbs,0.000000
1779198950.897,/node/io_write_mbs,0.000000
1779198951.107,/node/io_write_mbs,0.000000
1779198951.285,/node/io_write_mbs,0.000000
1779198951.392,/node/io_write_mbs,0.000000
1779198951.611,/node/io_write_mbs,0.000000
1779198951.781,/node/io_write_mbs,0.000000
1779198951.892,/node/io_write_mbs,0.000000
1779198952.112,/node/io_write_mbs,0.000000
1779198952.283,/node/io_write_mbs,0.000000
1779198952.393,/node/io_write_mbs,0.000000
1779198952.607,/node/io_write_mbs,0.000000
1779198952.787,/node/io_write_mbs,0.000000
1779198952.893,/node/io_write_mbs,0.000000
1779198953.108,/node/io_write_mbs,0.000000
1779198953.282,/node/io_write_mbs,0.000000
1779198953.392,/node/io_write_mbs,0.000000
1779198953.608,/node/io_write_mbs,0.000000
1779198953.781,/node/io_write_mbs,0.000000
1779198953.893,/node/io_write_mbs,0.000000
1779198954.107,/node/io_write_mbs,0.000000
1779198954.282,/node/io_write_mbs,0.062456
1779198954.392,/node/io_write_mbs,0.062489
1779198954.608,/node/io_write_mbs,0.062492
1779198954.783,/node/io_write_mbs,0.000000
1779198954.893,/node/io_write_mbs,0.000000
1779198955.110,/node/io_write_mbs,0.000000
1779198955.282,/node/io_write_mbs,0.000000
1779198955.393,/node/io_write_mbs,0.000000
1779198955.608,/node/io_write_mbs,0.000000
1779198955.784,/node/io_write_mbs,0.000000
1779198955.891,/node/io_write_mbs,0.000000
1779198956.109,/node/io_write_mbs,0.000000
1779198956.279,/node/io_write_mbs,0.000000
1779198956.393,/node/io_write_mbs,0.000000
1779198956.608,/node/io_write_mbs,0.031264
1779198956.779,/node/io_write_mbs,0.031258
1779198956.890,/node/io_write_mbs,0.031293
1779198957.106,/node/io_write_mbs,0.000000
1779198957.280,/node/io_write_mbs,0.000000
1779198957.392,/node/io_write_mbs,0.000000
1779198957.606,/node/io_write_mbs,0.000000
1779198957.780,/node/io_write_mbs,0.000000
1779198957.891,/node/io_write_mbs,0.000000
1779198958.109,/node/io_write_mbs,0.000000
1779198958.281,/node/io_write_mbs,0.000000
1779198958.391,/node/io_write_mbs,0.000000
1779198958.607,/node/io_write_mbs,0.000000
1779198958.780,/node/io_write_mbs,0.000000
1779198958.891,/node/io_write_mbs,0.000000
1779198959.109,/node/io_write_mbs,0.000000
1779198959.285,/node/io_write_mbs,0.109434
1779198959.392,/node/io_write_mbs,0.109487
1779198959.603,/node/io_write_mbs,0.109455
1779198959.782,/node/io_write_mbs,0.000000
1779198959.893,/node/io_write_mbs,0.000000
1779198960.109,/node/io_write_mbs,0.000000
1779198960.282,/node/io_write_mbs,0.000000
1779198960.392,/node/io_write_mbs,0.000000
1779198960.617,/node/io_write_mbs,0.000000
1779198960.782,/node/io_write_mbs,0.000000
1779198960.892,/node/io_write_mbs,0.000000
1779198961.105,/node/io_write_mbs,0.000000
1779198961.283,/node/io_write_mbs,0.000000
1779198961.391,/node/io_write_mbs,0.000000
1779198961.605,/node/io_write_mbs,0.000000
1779198961.782,/node/io_write_mbs,0.062505
1779198961.893,/node/io_write_mbs,0.062401
1779198962.107,/node/io_write_mbs,0.062516
1779198962.281,/node/io_write_mbs,0.000000
1779198962.391,/node/io_write_mbs,0.000000
1779198962.606,/node/io_write_mbs,0.000000
1779198962.781,/node/io_write_mbs,0.000000
1779198962.892,/node/io_write_mbs,0.000000
1779198963.107,/node/io_write_mbs,0.000000
1779198963.282,/node/io_write_mbs,0.000000
1779198963.403,/node/io_write_mbs,0.000000
1779198963.609,/node/io_write_mbs,0.000000
1779198963.779,/node/io_write_mbs,0.000000
1779198963.890,/node/io_write_mbs,0.000000
1779198964.107,/node/io_write_mbs,0.000000
1779198964.281,/node/io_write_mbs,0.062484
1779198964.390,/node/io_write_mbs,0.062498
1779198964.607,/node/io_write_mbs,0.062568
1779198964.779,/node/io_write_mbs,0.000000
1779198964.890,/node/io_write_mbs,0.000000
1779198965.105,/node/io_write_mbs,0.000000
1779198965.281,/node/io_write_mbs,0.000000
1779198965.390,/node/io_write_mbs,0.000000
1779198965.605,/node/io_write_mbs,0.000000
1779198965.780,/node/io_write_mbs,0.000000
1779198965.890,/node/io_write_mbs,0.000000
1779198966.104,/node/io_write_mbs,0.000000
1779198966.279,/node/io_write_mbs,0.000000
1779198966.390,/node/io_write_mbs,0.000000
1779198966.605,/node/io_write_mbs,0.000000
1779198966.779,/node/io_write_mbs,0.000000
1779198966.888,/node/io_write_mbs,0.000000
1779198967.106,/node/io_write_mbs,0.000000
1779198967.283,/node/io_write_mbs,0.000000
1779198967.393,/node/io_write_mbs,0.000000
1779198967.604,/node/io_write_mbs,0.000000
1779198967.784,/node/io_write_mbs,0.000000
1779198967.889,/node/io_write_mbs,0.000000
1779198968.109,/node/io_write_mbs,0.000000
1779198968.281,/node/io_write_mbs,0.000000
1779198968.389,/node/io_write_mbs,0.000000
1779198968.602,/node/io_write_mbs,0.000000
1779198968.780,/node/io_write_mbs,0.000000
1779198968.889,/node/io_write_mbs,0.000000
1779198969.106,/node/io_write_mbs,0.000000
1779198969.279,/node/io_write_mbs,0.062511
1779198969.391,/node/io_write_mbs,0.062514
1779198969.604,/node/io_write_mbs,0.062514
1779198969.779,/node/io_write_mbs,0.000000
1779198969.891,/node/io_write_mbs,0.000000
1779198970.104,/node/io_write_mbs,0.000000
1779198970.280,/node/io_write_mbs,0.000000
1779198970.391,/node/io_write_mbs,0.000000
1779198970.604,/node/io_write_mbs,0.000000
1779198970.782,/node/io_write_mbs,0.000000
1779198970.891,/node/io_write_mbs,0.000000
1779198971.104,/node/io_write_mbs,0.000000
1779198971.280,/node/io_write_mbs,0.000000
1779198971.389,/node/io_write_mbs,0.000000
1779198971.606,/node/io_write_mbs,0.000000
1779198971.779,/node/io_write_mbs,0.000000
1779198971.892,/node/io_write_mbs,0.000000
1779198972.104,/node/io_write_mbs,0.000000
1779198972.280,/node/io_write_mbs,0.000000
1779198972.391,/node/io_write_mbs,0.000000
1779198972.607,/node/io_write_mbs,0.000000
1779198972.780,/node/io_write_mbs,0.000000
1779198972.893,/node/io_write_mbs,0.000000
1779198973.104,/node/io_write_mbs,0.000000
1779198973.280,/node/io_write_mbs,0.000000
1779198973.389,/node/io_write_mbs,0.000000
1779198973.606,/node/io_write_mbs,0.000000
1779198973.780,/node/io_write_mbs,0.000000
1779198973.889,/node/io_write_mbs,0.000000
1779198974.104,/node/io_write_mbs,0.000000
1779198974.278,/node/io_write_mbs,0.062505
1779198974.390,/node/io_write_mbs,0.062423
1779198974.604,/node/io_write_mbs,0.062393
1779198974.780,/node/io_write_mbs,0.000000
1779198974.891,/node/io_write_mbs,0.000000
1779198975.105,/node/io_write_mbs,0.000000
1779198975.278,/node/io_write_mbs,0.000000
1779198975.389,/node/io_write_mbs,0.000000
1779198975.605,/node/io_write_mbs,0.000000
1779198975.778,/node/io_write_mbs,0.000000
1779198975.889,/node/io_write_mbs,0.000000
1779198976.107,/node/io_write_mbs,0.000000
1779198976.279,/node/io_write_mbs,0.000000
1779198976.390,/node/io_write_mbs,0.000000
1779198976.605,/node/io_write_mbs,0.000000
1779198976.777,/node/io_write_mbs,0.000000
1779198976.887,/node/io_write_mbs,0.000000
1779198977.107,/node/io_write_mbs,0.000000
1779198977.284,/node/io_write_mbs,0.000000
1779198977.392,/node/io_write_mbs,0.000000
1779198977.607,/node/io_write_mbs,0.000000
1779198977.778,/node/io_write_mbs,0.000000
1779198977.890,/node/io_write_mbs,0.000000
1779198978.103,/node/io_write_mbs,0.000000
1779198978.281,/node/io_write_mbs,0.000000
1779198978.392,/node/io_write_mbs,0.000000
1779198978.617,/node/io_write_mbs,0.000000
1779198978.779,/node/io_write_mbs,0.000000
1779198978.893,/node/io_write_mbs,0.000000
1779198979.109,/node/io_write_mbs,0.000000
1779198979.279,/node/io_write_mbs,0.046820
1779198979.387,/node/io_write_mbs,0.046885
1779198979.603,/node/io_write_mbs,0.047063
1779198979.779,/node/io_write_mbs,0.000000
1779198979.892,/node/io_write_mbs,0.000000
1779198980.103,/node/io_write_mbs,0.000000
1779198980.281,/node/io_write_mbs,0.000000
1779198980.390,/node/io_write_mbs,0.000000
1779198980.603,/node/io_write_mbs,0.000000
1779198980.778,/node/io_write_mbs,0.000000
1779198980.889,/node/io_write_mbs,0.000000
1779198981.105,/node/io_write_mbs,0.000000
1779198981.284,/node/io_write_mbs,0.000000
1779198981.387,/node/io_write_mbs,0.000000
1779198981.603,/node/io_write_mbs,0.000000
1779198981.780,/node/io_write_mbs,0.000000
1779198981.890,/node/io_write_mbs,0.000000
1779198982.103,/node/io_write_mbs,0.000000
1779198982.279,/node/io_write_mbs,0.000000
1779198982.390,/node/io_write_mbs,0.000000
1779198982.604,/node/io_write_mbs,0.000000
1779198982.777,/node/io_write_mbs,0.000000
1779198982.889,/node/io_write_mbs,0.000000
1779198983.103,/node/io_write_mbs,0.000000
1779198983.276,/node/io_write_mbs,0.000000
1779198983.389,/node/io_write_mbs,0.000000
1779198983.601,/node/io_write_mbs,0.000000
1779198983.779,/node/io_write_mbs,0.000000
1779198983.889,/node/io_write_mbs,0.000000
1779198984.103,/node/io_write_mbs,0.000000
1779198984.279,/node/io_write_mbs,0.062549
1779198984.389,/node/io_write_mbs,0.062608
1779198984.609,/node/io_write_mbs,0.062423
1779198984.777,/node/io_write_mbs,0.000000
1779198984.903,/node/io_write_mbs,0.000000
1779198985.104,/node/io_write_mbs,0.000000
1779198985.279,/node/io_write_mbs,0.000000
1779198985.391,/node/io_write_mbs,0.000000
1779198985.605,/node/io_write_mbs,0.000000
1779198985.778,/node/io_write_mbs,0.000000
1779198985.889,/node/io_write_mbs,0.000000
1779198986.116,/node/io_write_mbs,0.000000
1779198986.280,/node/io_write_mbs,0.000000
1779198986.388,/node/io_write_mbs,0.000000
1779198986.602,/node/io_write_mbs,0.000000
1779198986.776,/node/io_write_mbs,0.000000
1779198986.886,/node/io_write_mbs,0.000000
1779198987.102,/node/io_write_mbs,0.000000
1779198987.280,/node/io_write_mbs,0.000000
1779198987.389,/node/io_write_mbs,0.000000
1779198987.603,/node/io_write_mbs,0.000000
1779198987.778,/node/io_write_mbs,0.000000
1779198987.887,/node/io_write_mbs,0.000000
1779198988.102,/node/io_write_mbs,0.000000
1779198988.280,/node/io_write_mbs,0.000000
1779198988.390,/node/io_write_mbs,0.000000
1779198988.602,/node/io_write_mbs,0.000000
1779198988.780,/node/io_write_mbs,0.000000
1779198988.889,/node/io_write_mbs,0.000000
1779198989.102,/node/io_write_mbs,0.000000
1779198989.280,/node/io_write_mbs,0.062392
1779198989.389,/node/io_write_mbs,0.062510
1779198989.603,/node/io_write_mbs,0.062572
1779198989.780,/node/io_write_mbs,0.000000
1779198989.890,/node/io_write_mbs,0.000000
1779198990.105,/node/io_write_mbs,0.000000
1779198990.278,/node/io_write_mbs,0.000000
1779198990.388,/node/io_write_mbs,0.000000
1779198990.602,/node/io_write_mbs,0.000000
1779198990.777,/node/io_write_mbs,0.000000
1779198990.887,/node/io_write_mbs,0.000000
1779198991.105,/node/io_write_mbs,0.000000
1779198991.276,/node/io_write_mbs,0.000000
1779198991.387,/node/io_write_mbs,0.000000
1779198991.603,/node/io_write_mbs,0.000000
1779198991.778,/node/io_write_mbs,0.000000
1779198991.888,/node/io_write_mbs,0.000000
1779198992.102,/node/io_write_mbs,0.000000
1779198992.276,/node/io_write_mbs,0.000000
1779198992.389,/node/io_write_mbs,0.000000
1779198992.602,/node/io_write_mbs,0.000000
1779198992.779,/node/io_write_mbs,0.000000
1779198992.888,/node/io_write_mbs,0.000000
1779198993.105,/node/io_write_mbs,0.000000
1779198993.276,/node/io_write_mbs,0.000000
1779198993.387,/node/io_write_mbs,0.000000
1779198993.605,/node/io_write_mbs,0.000000
1779198993.776,/node/io_write_mbs,0.000000
1779198993.888,/node/io_write_mbs,0.000000
1779198994.103,/node/io_write_mbs,0.000000
1779198994.276,/node/io_write_mbs,0.078132
1779198994.392,/node/io_write_mbs,0.078076
1779198994.603,/node/io_write_mbs,0.078141
1779198994.776,/node/io_write_mbs,0.000000
1779198994.887,/node/io_write_mbs,0.000000
1779198995.103,/node/io_write_mbs,0.000000
1779198995.279,/node/io_write_mbs,0.000000
1779198995.388,/node/io_write_mbs,0.000000
1779198995.601,/node/io_write_mbs,0.000000
1779198995.779,/node/io_write_mbs,0.000000
1779198995.889,/node/io_write_mbs,0.000000
1779198996.103,/node/io_write_mbs,0.000000
1779198996.277,/node/io_write_mbs,0.000000
1779198996.388,/node/io_write_mbs,0.000000
1779198996.606,/node/io_write_mbs,0.015626
1779198996.776,/node/io_write_mbs,0.015669
1779198996.885,/node/io_write_mbs,0.015610
1779198997.105,/node/io_write_mbs,0.000000
1779198997.277,/node/io_write_mbs,0.000000
1779198997.387,/node/io_write_mbs,0.000000
1779198997.601,/node/io_write_mbs,0.000000
1779198997.776,/node/io_write_mbs,0.000000
1779198997.886,/node/io_write_mbs,0.000000
1779198998.104,/node/io_write_mbs,0.000000
1779198998.277,/node/io_write_mbs,0.000000
1779198998.388,/node/io_write_mbs,0.000000
1779198998.602,/node/io_write_mbs,0.000000
1779198998.777,/node/io_write_mbs,0.000000
1779198998.890,/node/io_write_mbs,0.000000
1779198999.106,/node/io_write_mbs,0.000000
1779198999.275,/node/io_write_mbs,0.093933
1779198999.387,/node/io_write_mbs,0.093466
1779198999.602,/node/io_write_mbs,0.093766
1779198999.777,/node/io_write_mbs,0.000000
1779198999.889,/node/io_write_mbs,0.000000
1779199000.101,/node/io_write_mbs,0.000000
1779199000.279,/node/io_write_mbs,0.000000
1779199000.389,/node/io_write_mbs,0.000000
1779199000.602,/node/io_write_mbs,0.000000
1779199000.777,/node/io_write_mbs,0.000000
1779199000.886,/node/io_write_mbs,0.000000
1779199001.102,/node/io_write_mbs,0.000000
1779199001.278,/node/io_write_mbs,0.000000
1779199001.386,/node/io_write_mbs,0.000000
1779199001.600,/node/io_write_mbs,0.000000
1779199001.776,/node/io_write_mbs,0.062521
1779199001.885,/node/io_write_mbs,0.062601
1779199002.102,/node/io_write_mbs,0.062524
1779199002.276,/node/io_write_mbs,0.000000
1779199002.389,/node/io_write_mbs,0.000000
1779199002.602,/node/io_write_mbs,0.000000
1779199002.776,/node/io_write_mbs,0.000000
1779199002.885,/node/io_write_mbs,0.000000
1779199003.103,/node/io_write_mbs,0.000000
1779199003.275,/node/io_write_mbs,0.000000
1779199003.388,/node/io_write_mbs,0.000000
1779199003.601,/node/io_write_mbs,0.000000
1779199003.778,/node/io_write_mbs,0.000000
1779199003.886,/node/io_write_mbs,0.000000
1779199004.101,/node/io_write_mbs,0.000000
1779199004.278,/node/io_write_mbs,0.062489
1779199004.387,/node/io_write_mbs,0.062367
1779199004.601,/node/io_write_mbs,0.062530
1779199004.776,/node/io_write_mbs,0.000000
1779199004.886,/node/io_write_mbs,0.000000
1779199005.101,/node/io_write_mbs,0.000000
1779199005.278,/node/io_write_mbs,0.000000
1779199005.389,/node/io_write_mbs,0.000000
1779199005.602,/node/io_write_mbs,0.000000
1779199005.774,/node/io_write_mbs,0.000000
1779199005.886,/node/io_write_mbs,0.000000
1779199006.100,/node/io_write_mbs,0.000000
1779199006.276,/node/io_write_mbs,0.000000
1779199006.387,/node/io_write_mbs,0.000000
1779199006.604,/node/io_write_mbs,0.000000
1779199006.773,/node/io_write_mbs,0.000000
1779199006.883,/node/io_write_mbs,0.000000
1779199007.101,/node/io_write_mbs,0.000000
1779199007.274,/node/io_write_mbs,0.000000
1779199007.388,/node/io_write_mbs,0.000000
1779199007.601,/node/io_write_mbs,0.000000
1779199007.774,/node/io_write_mbs,0.000000
1779199007.885,/node/io_write_mbs,0.000000
1779199008.101,/node/io_write_mbs,0.000000
1779199008.274,/node/io_write_mbs,0.000000
1779199008.388,/node/io_write_mbs,0.000000
1779199008.601,/node/io_write_mbs,0.000000
1779199008.776,/node/io_write_mbs,0.000000
1779199008.888,/node/io_write_mbs,0.000000
1779199009.101,/node/io_write_mbs,0.000000
1779199009.274,/node/io_write_mbs,0.062611
1779199009.387,/node/io_write_mbs,0.062503
1779199009.600,/node/io_write_mbs,0.062549
1779199009.776,/node/io_write_mbs,0.000000
1779199009.886,/node/io_write_mbs,0.000000
1779199010.100,/node/io_write_mbs,0.000000
1779199010.275,/node/io_write_mbs,0.000000
1779199010.386,/node/io_write_mbs,0.000000
1779199010.601,/node/io_write_mbs,0.000000
1779199010.775,/node/io_write_mbs,0.000000
1779199010.888,/node/io_write_mbs,0.000000
1779199011.100,/node/io_write_mbs,0.000000
1779199011.274,/node/io_write_mbs,0.000000
1779199011.387,/node/io_write_mbs,0.000000
1779199011.599,/node/io_write_mbs,0.000000
1779199011.774,/node/io_write_mbs,0.000000
1779199011.885,/node/io_write_mbs,0.000000
1779199012.102,/node/io_write_mbs,0.000000
1779199012.274,/node/io_write_mbs,0.000000
1779199012.384,/node/io_write_mbs,0.000000
1779199012.601,/node/io_write_mbs,0.000000
1779199012.773,/node/io_write_mbs,0.000000
1779199012.886,/node/io_write_mbs,0.000000
1779199013.099,/node/io_write_mbs,0.000000
1779199013.279,/node/io_write_mbs,0.000000
1779199013.384,/node/io_write_mbs,0.000000
1779199013.599,/node/io_write_mbs,0.000000
1779199013.777,/node/io_write_mbs,0.000000
1779199013.884,/node/io_write_mbs,0.000000
1779199014.099,/node/io_write_mbs,0.000000
1779199014.277,/node/io_write_mbs,0.062367
1779199014.384,/node/io_write_mbs,0.062550
1779199014.599,/node/io_write_mbs,0.062459
1779199014.775,/node/io_write_mbs,0.000000
1779199014.884,/node/io_write_mbs,0.000000
1779199015.099,/node/io_write_mbs,0.000000
1779199015.273,/node/io_write_mbs,0.000000
1779199015.387,/node/io_write_mbs,0.000000
1779199015.604,/node/io_write_mbs,0.000000
1779199015.774,/node/io_write_mbs,0.000000
1779199015.887,/node/io_write_mbs,0.000000
1779199016.098,/node/io_write_mbs,0.000000
1779199016.276,/node/io_write_mbs,0.000000
1779199016.383,/node/io_write_mbs,0.000000
1779199016.600,/node/io_write_mbs,0.000000
1779199016.771,/node/io_write_mbs,0.000000
1779199016.882,/node/io_write_mbs,0.000000
1779199017.100,/node/io_write_mbs,0.000000
1779199017.273,/node/io_write_mbs,0.000000
1779199017.385,/node/io_write_mbs,0.000000
1779199017.599,/node/io_write_mbs,0.000000
1779199017.775,/node/io_write_mbs,0.000000
1779199017.884,/node/io_write_mbs,0.000000
1779199018.100,/node/io_write_mbs,0.000000
1779199018.274,/node/io_write_mbs,0.000000
1779199018.385,/node/io_write_mbs,0.000000
1779199018.600,/node/io_write_mbs,0.000000
1779199018.773,/node/io_write_mbs,0.000000
1779199018.884,/node/io_write_mbs,0.000000
1779199019.100,/node/io_write_mbs,0.000000
1779199019.273,/node/io_write_mbs,0.046967
1779199019.384,/node/io_write_mbs,0.047019
1779199019.599,/node/io_write_mbs,0.046941
1779199019.773,/node/io_write_mbs,0.000000
1779199019.886,/node/io_write_mbs,0.000000
1779199020.099,/node/io_write_mbs,0.000000
1779199020.274,/node/io_write_mbs,0.000000
1779199020.385,/node/io_write_mbs,0.000000
1779199020.599,/node/io_write_mbs,0.000000
1779199020.772,/node/io_write_mbs,0.000000
1779199020.883,/node/io_write_mbs,0.000000
1779199021.100,/node/io_write_mbs,0.000000
1779199021.274,/node/io_write_mbs,0.000000
1779199021.383,/node/io_write_mbs,0.000000
1779199021.598,/node/io_write_mbs,0.000000
1779199021.778,/node/io_write_mbs,0.000000
1779199021.894,/node/io_write_mbs,0.000000
1779199022.100,/node/io_write_mbs,0.000000
1779199022.278,/node/io_write_mbs,0.000000
1779199022.384,/node/io_write_mbs,0.000000
1779199022.602,/node/io_write_mbs,0.000000
1779199022.775,/node/io_write_mbs,0.000000
1779199022.885,/node/io_write_mbs,0.000000
1779199023.100,/node/io_write_mbs,0.000000
1779199023.273,/node/io_write_mbs,0.000000
1779199023.383,/node/io_write_mbs,0.000000
1779199023.599,/node/io_write_mbs,0.000000
1779199023.776,/node/io_write_mbs,0.000000
1779199023.883,/node/io_write_mbs,0.000000
1779199024.099,/node/io_write_mbs,0.000000
1779199024.273,/node/io_write_mbs,0.046888
1779199024.387,/node/io_write_mbs,0.046788
1779199024.600,/node/io_write_mbs,0.062398
1779199024.775,/node/io_write_mbs,0.015598
1779199024.883,/node/io_write_mbs,0.015655
1779199025.100,/node/io_write_mbs,0.000000
1779199025.276,/node/io_write_mbs,0.000000
1779199025.383,/node/io_write_mbs,0.000000
1779199025.598,/node/io_write_mbs,0.000000
1779199025.776,/node/io_write_mbs,0.000000
1779199025.883,/node/io_write_mbs,0.000000
1779199026.097,/node/io_write_mbs,0.000000
1779199026.275,/node/io_write_mbs,0.000000
1779199026.383,/node/io_write_mbs,0.000000
1779199026.598,/node/io_write_mbs,0.000000
1779199026.770,/node/io_write_mbs,0.000000
1779199026.881,/node/io_write_mbs,0.000000
1779199027.098,/node/io_write_mbs,0.000000
1779199027.273,/node/io_write_mbs,0.000000
1779199027.385,/node/io_write_mbs,0.000000
1779199027.599,/node/io_write_mbs,0.000000
1779199027.774,/node/io_write_mbs,0.000000
1779199027.883,/node/io_write_mbs,0.000000
1779199028.099,/node/io_write_mbs,0.000000
1779199028.274,/node/io_write_mbs,0.000000
1779199028.383,/node/io_write_mbs,0.000000
1779199028.597,/node/io_write_mbs,0.000000
1779199028.770,/node/io_write_mbs,0.000000
1779199028.882,/node/io_write_mbs,0.000000
1779199029.114,/node/io_write_mbs,0.000000
1779199029.273,/node/io_write_mbs,0.062498
1779199029.387,/node/io_write_mbs,0.062542
1779199029.602,/node/io_write_mbs,0.062688
1779199029.774,/node/io_write_mbs,0.000000
1779199029.883,/node/io_write_mbs,0.000000
1779199030.098,/node/io_write_mbs,0.000000
1779199030.274,/node/io_write_mbs,0.000000
1779199030.383,/node/io_write_mbs,0.000000
1779199030.601,/node/io_write_mbs,0.000000
1779199030.774,/node/io_write_mbs,0.000000
1779199030.883,/node/io_write_mbs,0.000000
1779199031.101,/node/io_write_mbs,0.000000
1779199031.272,/node/io_write_mbs,0.000000
1779199031.384,/node/io_write_mbs,0.000000
1779199031.599,/node/io_write_mbs,0.000000
1779199031.772,/node/io_write_mbs,0.000000
1779199031.883,/node/io_write_mbs,0.000000
1779199032.099,/node/io_write_mbs,0.000000
1779199032.274,/node/io_write_mbs,0.000000
1779199032.383,/node/io_write_mbs,0.000000
1779199032.600,/node/io_write_mbs,0.000000
1779199032.772,/node/io_write_mbs,0.000000
1779199032.883,/node/io_write_mbs,0.000000
1779199033.099,/node/io_write_mbs,0.000000
1779199033.272,/node/io_write_mbs,0.000000
1779199033.382,/node/io_write_mbs,0.000000
1779199033.599,/node/io_write_mbs,0.000000
1779199033.773,/node/io_write_mbs,0.000000
1779199033.882,/node/io_write_mbs,0.000000
1779199034.098,/node/io_write_mbs,0.000000
1779199034.274,/node/io_write_mbs,0.046862
1779199034.383,/node/io_write_mbs,0.062532
1779199034.598,/node/io_write_mbs,0.062497
1779199034.772,/node/io_write_mbs,0.015631
1779199034.884,/node/io_write_mbs,0.000000
1779199035.101,/node/io_write_mbs,0.000000
1779199035.274,/node/io_write_mbs,0.000000
1779199035.387,/node/io_write_mbs,0.000000
1779199035.601,/node/io_write_mbs,0.000000
1779199035.773,/node/io_write_mbs,0.000000
1779199035.883,/node/io_write_mbs,0.000000
1779199036.100,/node/io_write_mbs,0.000000
1779199036.274,/node/io_write_mbs,0.000000
1779199036.383,/node/io_write_mbs,0.000000
1779199036.598,/node/io_write_mbs,0.000000
1779199036.771,/node/io_write_mbs,0.031332
1779199036.881,/node/io_write_mbs,0.031231
1779199037.104,/node/io_write_mbs,0.031184
1779199037.272,/node/io_write_mbs,0.000000
1779199037.383,/node/io_write_mbs,0.000000
1779199037.598,/node/io_write_mbs,0.000000
1779199037.778,/node/io_write_mbs,0.000000
1779199037.883,/node/io_write_mbs,0.000000
1779199038.099,/node/io_write_mbs,0.000000
1779199038.274,/node/io_write_mbs,0.000000
1779199038.384,/node/io_write_mbs,0.000000
1779199038.599,/node/io_write_mbs,0.000000
1779199038.772,/node/io_write_mbs,0.000000
1779199038.884,/node/io_write_mbs,0.000000
1779199039.099,/node/io_write_mbs,0.000000
1779199039.272,/node/io_write_mbs,0.000000
1779199039.385,/node/io_write_mbs,0.000000
1779199039.601,/node/io_write_mbs,0.000000
1779199039.775,/node/io_write_mbs,0.000000
1779199039.885,/node/io_write_mbs,0.000000
1779199040.098,/node/io_write_mbs,0.000000
1779199040.274,/node/io_write_mbs,0.000000
1779199040.385,/node/io_write_mbs,0.000000
1779199040.601,/node/io_write_mbs,0.000000
1779199040.773,/node/io_write_mbs,0.000000
1779199040.883,/node/io_write_mbs,0.000000
1779199041.100,/node/io_write_mbs,0.000000
1779199041.275,/node/io_write_mbs,0.000000
1779199041.383,/node/io_write_mbs,0.000000
1779199041.602,/node/io_write_mbs,0.000000
1779199041.774,/node/io_write_mbs,0.000000
1779199041.883,/node/io_write_mbs,0.000000
1779199042.099,/node/io_write_mbs,0.000000
1779199042.274,/node/io_write_mbs,0.000000
1779199042.385,/node/io_write_mbs,0.000000
1779199042.600,/node/io_write_mbs,0.109394
1779199042.774,/node/io_write_mbs,0.109396
1779199042.884,/node/io_write_mbs,0.109346
1779199043.099,/node/io_write_mbs,0.000000
1779199043.274,/node/io_write_mbs,0.000000
1779199043.384,/node/io_write_mbs,0.000000
1779199043.600,/node/io_write_mbs,0.000000
1779199043.775,/node/io_write_mbs,0.000000
1779199043.884,/node/io_write_mbs,0.000000
1779199044.098,/node/io_write_mbs,0.000000
1779199044.274,/node/io_write_mbs,0.000000
1779199044.385,/node/io_write_mbs,0.015591
1779199044.598,/node/io_write_mbs,0.015651
1779199044.774,/node/io_write_mbs,0.015600
1779199044.884,/node/io_write_mbs,0.000000
1779199045.098,/node/io_write_mbs,0.000000
1779199045.273,/node/io_write_mbs,0.000000
1779199045.383,/node/io_write_mbs,0.000000
1779199045.598,/node/io_write_mbs,0.000000
1779199045.773,/node/io_write_mbs,0.000000
1779199045.883,/node/io_write_mbs,0.000000
1779199046.098,/node/io_write_mbs,0.000000
1779199046.272,/node/io_write_mbs,0.000000
1779199046.385,/node/io_write_mbs,0.000000
1779199046.600,/node/io_write_mbs,0.000000
1779199046.773,/node/io_write_mbs,0.000000
1779199046.881,/node/io_write_mbs,0.000000
1779199047.100,/node/io_write_mbs,0.000000
1779199047.278,/node/io_write_mbs,0.000000
1779199047.384,/node/io_write_mbs,0.000000
1779199047.598,/node/io_write_mbs,0.000000
1779199047.775,/node/io_write_mbs,0.000000
1779199047.885,/node/io_write_mbs,0.000000
1779199048.099,/node/io_write_mbs,0.000000
1779199048.276,/node/io_write_mbs,0.000000
1779199048.383,/node/io_write_mbs,0.000000
1779199048.598,/node/io_write_mbs,0.000000
1779199048.774,/node/io_write_mbs,0.000000
1779199048.883,/node/io_write_mbs,0.000000
1779199049.098,/node/io_write_mbs,0.000000
1779199049.276,/node/io_write_mbs,0.062683
1779199049.383,/node/io_write_mbs,0.062499
1779199049.599,/node/io_write_mbs,0.062512
1779199049.774,/node/io_write_mbs,0.000000
1779199049.887,/node/io_write_mbs,0.000000
1779199050.100,/node/io_write_mbs,0.000000
1779199050.274,/node/io_write_mbs,0.000000
1779199050.385,/node/io_write_mbs,0.000000
1779199050.597,/node/io_write_mbs,0.000000
1779199050.773,/node/io_write_mbs,0.000000
1779199050.885,/node/io_write_mbs,0.000000
1779199051.098,/node/io_write_mbs,0.000000
1779199051.273,/node/io_write_mbs,0.000000
1779199051.385,/node/io_write_mbs,0.000000
1779199051.598,/node/io_write_mbs,0.000000
1779199051.774,/node/io_write_mbs,0.000000
1779199051.885,/node/io_write_mbs,0.000000
1779199052.098,/node/io_write_mbs,0.000000
1779199052.274,/node/io_write_mbs,0.000000
1779199052.384,/node/io_write_mbs,0.000000
1779199052.598,/node/io_write_mbs,0.000000
1779199052.775,/node/io_write_mbs,0.000000
1779199052.885,/node/io_write_mbs,0.000000
1779199053.098,/node/io_write_mbs,0.000000
1779199053.277,/node/io_write_mbs,0.000000
1779199053.385,/node/io_write_mbs,0.000000
1779199053.599,/node/io_write_mbs,0.000000
1779199053.773,/node/io_write_mbs,0.000000
1779199053.885,/node/io_write_mbs,0.000000
1779199054.098,/node/io_write_mbs,0.000000
1779199054.276,/node/io_write_mbs,0.046877
1779199054.384,/node/io_write_mbs,0.062500
1779199054.600,/node/io_write_mbs,0.062511
1779199054.774,/node/io_write_mbs,0.015605
1779199054.885,/node/io_write_mbs,0.000000
1779199055.099,/node/io_write_mbs,0.000000
1779199055.277,/node/io_write_mbs,0.000000
1779199055.384,/node/io_write_mbs,0.000000
1779199055.598,/node/io_write_mbs,0.000000
1779199055.777,/node/io_write_mbs,0.000000
1779199055.883,/node/io_write_mbs,0.000000
1779199056.097,/node/io_write_mbs,0.000000
1779199056.279,/node/io_write_mbs,0.000000
1779199056.384,/node/io_write_mbs,0.000000
1779199056.602,/node/io_write_mbs,0.000000
1779199056.772,/node/io_write_mbs,0.000000
1779199056.883,/node/io_write_mbs,0.000000
1779199057.098,/node/io_write_mbs,0.000000
1779199057.274,/node/io_write_mbs,0.000000
1779199057.388,/node/io_write_mbs,0.000000
1779199057.599,/node/io_write_mbs,0.000000
1779199057.775,/node/io_write_mbs,0.000000
1779199057.884,/node/io_write_mbs,0.000000
1779199058.100,/node/io_write_mbs,0.000000
1779199058.275,/node/io_write_mbs,0.000000
1779199058.385,/node/io_write_mbs,0.000000
1779199058.603,/node/io_write_mbs,0.000000
1779199058.773,/node/io_write_mbs,0.000000
1779199058.885,/node/io_write_mbs,0.000000
1779199059.100,/node/io_write_mbs,0.000000
1779199059.273,/node/io_write_mbs,0.046784
1779199059.384,/node/io_write_mbs,0.046958
1779199059.598,/node/io_write_mbs,0.046853
1779199059.775,/node/io_write_mbs,0.000000
1779199059.886,/node/io_write_mbs,0.000000
1779199060.100,/node/io_write_mbs,0.000000
1779199060.274,/node/io_write_mbs,0.000000
1779199060.388,/node/io_write_mbs,0.000000
1779199060.600,/node/io_write_mbs,0.000000
1779199060.774,/node/io_write_mbs,0.000000
1779199060.885,/node/io_write_mbs,0.000000
1779199061.100,/node/io_write_mbs,0.000000
1779199061.275,/node/io_write_mbs,0.000000
1779199061.384,/node/io_write_mbs,0.000000
1779199061.600,/node/io_write_mbs,0.000000
1779199061.774,/node/io_write_mbs,0.000000
1779199061.884,/node/io_write_mbs,0.000000
1779199062.099,/node/io_write_mbs,0.000000
1779199062.273,/node/io_write_mbs,0.000000
1779199062.386,/node/io_write_mbs,0.000000
1779199062.612,/node/io_write_mbs,0.000000
1779199062.777,/node/io_write_mbs,0.000000
1779199062.884,/node/io_write_mbs,0.000000
1779199063.103,/node/io_write_mbs,0.000000
1779199063.287,/node/io_write_mbs,0.000000
1779199063.385,/node/io_write_mbs,0.000000
1779199063.599,/node/io_write_mbs,0.000000
1779199063.786,/node/io_write_mbs,0.000000
1779199063.885,/node/io_write_mbs,0.000000
1779199064.112,/node/io_write_mbs,0.000000
1779199064.276,/node/io_write_mbs,0.046865
1779199064.387,/node/io_write_mbs,0.062492
1779199064.600,/node/io_write_mbs,0.062448
1779199064.783,/node/io_write_mbs,0.015629
1779199064.889,/node/io_write_mbs,0.000000
1779199065.100,/node/io_write_mbs,0.000000
1779199065.288,/node/io_write_mbs,0.000000
1779199065.386,/node/io_write_mbs,0.000000
1779199065.601,/node/io_write_mbs,0.000000
1779199065.775,/node/io_write_mbs,0.000000
1779199065.890,/node/io_write_mbs,0.000000
1779199066.100,/node/io_write_mbs,0.000000
1779199066.275,/node/io_write_mbs,0.000000
1779199066.386,/node/io_write_mbs,0.000000
1779199066.613,/node/io_write_mbs,0.000000
1779199066.775,/node/io_write_mbs,0.000000
1779199066.884,/node/io_write_mbs,0.000000
1779199067.100,/node/io_write_mbs,0.000000
1779199067.275,/node/io_write_mbs,0.000000
1779199067.384,/node/io_write_mbs,0.000000
1779199067.599,/node/io_write_mbs,0.000000
1779199067.778,/node/io_write_mbs,0.000000
1779199067.885,/node/io_write_mbs,0.000000
1779199068.101,/node/io_write_mbs,0.000000
1779199068.276,/node/io_write_mbs,0.000000
1779199068.385,/node/io_write_mbs,0.000000
1779199068.602,/node/io_write_mbs,0.000000
1779199068.777,/node/io_write_mbs,0.000000
1779199068.884,/node/io_write_mbs,0.000000
1779199069.101,/node/io_write_mbs,0.000000
1779199069.278,/node/io_write_mbs,0.062506
1779199069.387,/node/io_write_mbs,0.062512
1779199069.611,/node/io_write_mbs,0.062466
1779199069.775,/node/io_write_mbs,0.000000
1779199069.894,/node/io_write_mbs,0.000000
1779199070.113,/node/io_write_mbs,0.000000
1779199070.275,/node/io_write_mbs,0.000000
1779199070.387,/node/io_write_mbs,0.000000
1779199070.613,/node/io_write_mbs,0.000000
1779199070.778,/node/io_write_mbs,0.000000
1779199070.886,/node/io_write_mbs,0.000000
1779199071.099,/node/io_write_mbs,0.000000
1779199071.276,/node/io_write_mbs,0.000000
1779199071.385,/node/io_write_mbs,0.000000
1779199071.599,/node/io_write_mbs,0.000000
1779199071.777,/node/io_write_mbs,1.127067
1779199071.884,/node/io_write_mbs,1.125312
1779199072.099,/node/io_write_mbs,1.124961
1779199072.274,/node/io_write_mbs,0.000000
1779199072.384,/node/io_write_mbs,0.000000
1779199072.614,/node/io_write_mbs,0.000000
