timestamp_unix,topic,value
1779793302.050,/benchmark/inference_ms,31.161011
1779793302.100,/benchmark/inference_ms,33.092869
1779793302.146,/benchmark/inference_ms,26.693205
1779793302.199,/benchmark/inference_ms,32.529385
1779793302.251,/benchmark/inference_ms,32.595848
1779793302.300,/benchmark/inference_ms,32.240940
1779793302.353,/benchmark/inference_ms,31.671120
1779793302.403,/benchmark/inference_ms,32.688393
1779793302.454,/benchmark/inference_ms,32.142570
1779793302.505,/benchmark/inference_ms,31.172146
1779793302.556,/benchmark/inference_ms,32.781830
1779793302.608,/benchmark/inference_ms,32.385384
1779793302.658,/benchmark/inference_ms,32.737961
1779793302.710,/benchmark/inference_ms,31.835468
1779793302.763,/benchmark/inference_ms,31.943949
1779793302.812,/benchmark/inference_ms,31.234865
1779793302.864,/benchmark/inference_ms,29.883068
1779793302.912,/benchmark/inference_ms,31.230450
1779793302.964,/benchmark/inference_ms,30.881813
1779793303.018,/benchmark/inference_ms,32.798244
1779793303.069,/benchmark/inference_ms,32.580711
1779793303.120,/benchmark/inference_ms,31.539984
1779793303.172,/benchmark/inference_ms,30.992596
1779793303.225,/benchmark/inference_ms,30.933332
1779793303.274,/benchmark/inference_ms,31.024149
1779793303.321,/benchmark/inference_ms,27.287216
1779793303.374,/benchmark/inference_ms,32.477448
1779793303.424,/benchmark/inference_ms,32.153355
1779793303.474,/benchmark/inference_ms,31.139412
1779793303.527,/benchmark/inference_ms,31.390257
1779793303.577,/benchmark/inference_ms,28.138283
1779793303.629,/benchmark/inference_ms,33.154018
1779793303.681,/benchmark/inference_ms,32.063915
1779793303.734,/benchmark/inference_ms,32.705894
1779793303.789,/benchmark/inference_ms,32.818504
1779793303.840,/benchmark/inference_ms,31.395346
1779793303.891,/benchmark/inference_ms,32.200588
1779793303.944,/benchmark/inference_ms,32.612072
1779793303.996,/benchmark/inference_ms,32.739910
1779793304.042,/benchmark/inference_ms,27.287792
1779793304.094,/benchmark/inference_ms,32.165260
1779793304.147,/benchmark/inference_ms,32.564583
1779793304.195,/benchmark/inference_ms,32.167885
1779793304.247,/benchmark/inference_ms,31.316307
1779793304.301,/benchmark/inference_ms,32.482986
1779793304.350,/benchmark/inference_ms,31.369555
1779793304.404,/benchmark/inference_ms,31.679695
1779793304.457,/benchmark/inference_ms,33.093735
1779793304.500,/benchmark/inference_ms,24.348328
1779793304.552,/benchmark/inference_ms,31.230259
1779793304.601,/benchmark/inference_ms,31.212788
1779793304.654,/benchmark/inference_ms,32.558537
1779793304.706,/benchmark/inference_ms,33.067204
1779793304.759,/benchmark/inference_ms,30.696663
1779793304.808,/benchmark/inference_ms,32.377995
1779793304.860,/benchmark/inference_ms,32.266220
1779793304.913,/benchmark/inference_ms,32.993286
1779793304.966,/benchmark/inference_ms,33.050182
1779793305.021,/benchmark/inference_ms,31.251570
1779793305.070,/benchmark/inference_ms,32.286827
1779793305.121,/benchmark/inference_ms,31.049397
1779793305.174,/benchmark/inference_ms,32.469353
1779793305.222,/benchmark/inference_ms,28.459145
1779793305.273,/benchmark/inference_ms,32.335690
1779793305.328,/benchmark/inference_ms,32.698631
1779793305.378,/benchmark/inference_ms,32.012718
1779793305.430,/benchmark/inference_ms,32.784103
1779793305.482,/benchmark/inference_ms,31.862125
1779793305.532,/benchmark/inference_ms,31.312243
1779793305.585,/benchmark/inference_ms,32.968647
1779793305.637,/benchmark/inference_ms,32.700935
1779793305.690,/benchmark/inference_ms,31.627697
1779793305.742,/benchmark/inference_ms,32.361675
1779793305.794,/benchmark/inference_ms,31.902893
1779793305.843,/benchmark/inference_ms,32.342731
1779793305.896,/benchmark/inference_ms,32.384457
1779793305.949,/benchmark/inference_ms,32.236046
1779793306.001,/benchmark/inference_ms,32.723751
1779793306.053,/benchmark/inference_ms,30.863127
1779793306.106,/benchmark/inference_ms,32.544716
1779793306.155,/benchmark/inference_ms,29.403778
1779793306.207,/benchmark/inference_ms,32.610409
1779793306.260,/benchmark/inference_ms,30.805527
1779793306.312,/benchmark/inference_ms,32.473995
1779793306.361,/benchmark/inference_ms,32.004303
1779793306.413,/benchmark/inference_ms,31.866959
1779793306.467,/benchmark/inference_ms,32.623562
1779793306.518,/benchmark/inference_ms,31.229300
1779793306.567,/benchmark/inference_ms,32.452587
1779793306.618,/benchmark/inference_ms,30.166460
1779793306.671,/benchmark/inference_ms,32.029644
1779793306.722,/benchmark/inference_ms,32.343723
1779793306.776,/benchmark/inference_ms,32.715366
1779793306.829,/benchmark/inference_ms,32.411659
1779793306.877,/benchmark/inference_ms,27.919533
1779793306.928,/benchmark/inference_ms,30.921495
1779793306.981,/benchmark/inference_ms,32.644108
1779793307.035,/benchmark/inference_ms,32.496365
1779793307.089,/benchmark/inference_ms,33.319622
1779793307.141,/benchmark/inference_ms,31.064054
1779793307.192,/benchmark/inference_ms,31.445650
1779793307.243,/benchmark/inference_ms,32.192909
1779793307.296,/benchmark/inference_ms,32.410637
1779793307.344,/benchmark/inference_ms,31.220789
1779793307.398,/benchmark/inference_ms,32.043472
1779793307.449,/benchmark/inference_ms,32.104237
1779793307.499,/benchmark/inference_ms,32.713387
1779793307.550,/benchmark/inference_ms,32.477802
1779793307.601,/benchmark/inference_ms,31.060534
1779793307.653,/benchmark/inference_ms,32.937992
1779793307.706,/benchmark/inference_ms,31.537043
1779793307.756,/benchmark/inference_ms,32.446796
1779793307.805,/benchmark/inference_ms,30.427961
1779793307.857,/benchmark/inference_ms,31.853296
1779793307.911,/benchmark/inference_ms,32.923817
1779793307.962,/benchmark/inference_ms,30.904791
1779793308.013,/benchmark/inference_ms,32.352654
1779793308.063,/benchmark/inference_ms,28.706823
1779793308.113,/benchmark/inference_ms,31.167797
1779793308.167,/benchmark/inference_ms,33.077480
1779793308.219,/benchmark/inference_ms,30.728952
1779793308.269,/benchmark/inference_ms,31.048151
1779793308.323,/benchmark/inference_ms,31.818512
1779793308.371,/benchmark/inference_ms,31.401171
1779793308.425,/benchmark/inference_ms,35.245335
1779793308.477,/benchmark/inference_ms,32.335403
1779793308.530,/benchmark/inference_ms,34.296925
1779793308.581,/benchmark/inference_ms,30.930552
1779793308.637,/benchmark/inference_ms,32.832935
1779793308.690,/benchmark/inference_ms,31.738096
1779793308.740,/benchmark/inference_ms,31.417299
1779793308.781,/benchmark/inference_ms,21.627420
1779793308.824,/benchmark/inference_ms,22.583157
1779793308.865,/benchmark/inference_ms,22.164473
1779793308.906,/benchmark/inference_ms,22.198330
1779793308.948,/benchmark/inference_ms,22.455318
1779793308.990,/benchmark/inference_ms,22.307064
1779793309.033,/benchmark/inference_ms,22.396854
1779793309.075,/benchmark/inference_ms,22.300793
1779793309.113,/benchmark/inference_ms,22.185625
1779793309.153,/benchmark/inference_ms,21.900890
1779793309.196,/benchmark/inference_ms,22.195257
1779793309.237,/benchmark/inference_ms,22.435448
1779793309.278,/benchmark/inference_ms,22.206841
1779793309.319,/benchmark/inference_ms,22.437176
1779793309.360,/benchmark/inference_ms,22.416279
1779793309.403,/benchmark/inference_ms,22.743572
1779793309.444,/benchmark/inference_ms,22.757013
1779793309.487,/benchmark/inference_ms,23.006676
1779793309.530,/benchmark/inference_ms,23.755022
1779793309.576,/benchmark/inference_ms,24.624166
1779793309.622,/benchmark/inference_ms,25.279011
1779793309.666,/benchmark/inference_ms,24.134346
1779793309.712,/benchmark/inference_ms,23.901230
1779793309.756,/benchmark/inference_ms,23.634317
1779793309.802,/benchmark/inference_ms,24.266857
1779793309.847,/benchmark/inference_ms,24.373449
1779793309.891,/benchmark/inference_ms,24.365545
1779793309.937,/benchmark/inference_ms,25.583103
1779793309.982,/benchmark/inference_ms,24.154634
1779793310.028,/benchmark/inference_ms,24.316010
1779793310.072,/benchmark/inference_ms,24.345289
1779793310.117,/benchmark/inference_ms,24.684231
1779793310.162,/benchmark/inference_ms,24.148619
1779793310.207,/benchmark/inference_ms,24.214346
1779793310.253,/benchmark/inference_ms,24.134476
1779793310.296,/benchmark/inference_ms,23.570030
1779793310.340,/benchmark/inference_ms,23.634830
1779793310.384,/benchmark/inference_ms,23.619949
1779793310.430,/benchmark/inference_ms,24.036140
1779793310.475,/benchmark/inference_ms,24.270473
1779793310.519,/benchmark/inference_ms,24.913254
1779793310.564,/benchmark/inference_ms,24.042444
1779793310.608,/benchmark/inference_ms,24.257898
1779793310.653,/benchmark/inference_ms,24.189610
1779793310.697,/benchmark/inference_ms,24.281481
1779793310.742,/benchmark/inference_ms,24.455465
1779793310.787,/benchmark/inference_ms,24.260042
1779793310.832,/benchmark/inference_ms,24.082155
1779793310.878,/benchmark/inference_ms,24.347433
1779793310.921,/benchmark/inference_ms,23.942411
1779793310.967,/benchmark/inference_ms,24.886181
1779793311.013,/benchmark/inference_ms,24.367785
1779793311.060,/benchmark/inference_ms,24.337515
1779793311.105,/benchmark/inference_ms,24.998789
1779793311.149,/benchmark/inference_ms,24.421097
1779793311.196,/benchmark/inference_ms,24.087915
1779793311.241,/benchmark/inference_ms,24.146732
1779793311.286,/benchmark/inference_ms,24.585833
1779793311.330,/benchmark/inference_ms,24.325386
1779793311.375,/benchmark/inference_ms,24.247242
1779793311.422,/benchmark/inference_ms,24.368265
1779793311.466,/benchmark/inference_ms,24.302633
1779793311.511,/benchmark/inference_ms,24.478153
1779793311.557,/benchmark/inference_ms,24.159531
1779793311.602,/benchmark/inference_ms,24.374506
1779793311.646,/benchmark/inference_ms,24.158731
1779793311.692,/benchmark/inference_ms,24.865063
1779793311.736,/benchmark/inference_ms,24.088076
1779793311.784,/benchmark/inference_ms,24.222570
1779793311.828,/benchmark/inference_ms,24.570087
1779793311.874,/benchmark/inference_ms,25.001637
1779793311.919,/benchmark/inference_ms,24.696360
1779793311.967,/benchmark/inference_ms,25.119301
1779793312.013,/benchmark/inference_ms,25.688032
1779793312.059,/benchmark/inference_ms,24.924870
1779793312.104,/benchmark/inference_ms,24.753832
1779793312.150,/benchmark/inference_ms,24.715849
1779793312.196,/benchmark/inference_ms,25.033478
1779793312.241,/benchmark/inference_ms,24.507753
1779793312.288,/benchmark/inference_ms,24.876518
1779793312.334,/benchmark/inference_ms,25.126373
1779793312.379,/benchmark/inference_ms,24.815495
1779793312.425,/benchmark/inference_ms,24.526407
1779793312.473,/benchmark/inference_ms,25.020452
1779793312.518,/benchmark/inference_ms,25.305410
1779793312.563,/benchmark/inference_ms,24.502441
1779793312.610,/benchmark/inference_ms,25.047813
1779793312.655,/benchmark/inference_ms,24.829990
1779793312.701,/benchmark/inference_ms,25.086756
1779793312.747,/benchmark/inference_ms,24.777575
1779793312.794,/benchmark/inference_ms,25.042437
1779793312.839,/benchmark/inference_ms,25.431330
1779793312.885,/benchmark/inference_ms,24.407242
1779793312.930,/benchmark/inference_ms,24.884743
1779793312.976,/benchmark/inference_ms,24.876934
1779793313.021,/benchmark/inference_ms,24.960934
1779793313.068,/benchmark/inference_ms,24.644073
1779793313.116,/benchmark/inference_ms,25.231012
1779793313.162,/benchmark/inference_ms,25.204901
1779793313.208,/benchmark/inference_ms,24.931046
1779793313.253,/benchmark/inference_ms,24.787079
1779793313.300,/benchmark/inference_ms,25.024229
1779793313.346,/benchmark/inference_ms,25.521921
1779793313.391,/benchmark/inference_ms,24.581705
1779793313.439,/benchmark/inference_ms,25.072037
1779793313.484,/benchmark/inference_ms,25.126982
1779793313.530,/benchmark/inference_ms,24.860327
1779793313.576,/benchmark/inference_ms,24.624456
1779793313.622,/benchmark/inference_ms,24.616360
1779793313.666,/benchmark/inference_ms,24.780294
1779793313.711,/benchmark/inference_ms,24.860552
1779793313.757,/benchmark/inference_ms,24.580873
1779793313.803,/benchmark/inference_ms,24.811560
1779793313.848,/benchmark/inference_ms,25.052647
1779793313.894,/benchmark/inference_ms,24.714279
1779793313.940,/benchmark/inference_ms,24.577097
1779793313.987,/benchmark/inference_ms,24.911718
1779793314.034,/benchmark/inference_ms,25.540161
1779793314.085,/benchmark/inference_ms,24.929766
1779793314.127,/benchmark/inference_ms,25.288643
1779793314.172,/benchmark/inference_ms,25.520098
1779793314.218,/benchmark/inference_ms,24.465355
1779793314.266,/benchmark/inference_ms,25.304260
1779793314.313,/benchmark/inference_ms,25.436291
1779793314.356,/benchmark/inference_ms,24.935814
1779793314.402,/benchmark/inference_ms,24.835079
1779793314.449,/benchmark/inference_ms,25.128164
1779793314.493,/benchmark/inference_ms,25.329092
1779793314.541,/benchmark/inference_ms,24.473001
1779793314.586,/benchmark/inference_ms,24.760647
1779793314.631,/benchmark/inference_ms,25.137636
1779793314.676,/benchmark/inference_ms,25.079493
1779793314.722,/benchmark/inference_ms,24.727367
1779793314.767,/benchmark/inference_ms,24.872583
1779793314.815,/benchmark/inference_ms,25.063173
1779793314.860,/benchmark/inference_ms,25.423553
1779793314.906,/benchmark/inference_ms,24.602728
1779793314.954,/benchmark/inference_ms,25.187683
1779793315.001,/benchmark/inference_ms,25.597090
1779793315.047,/benchmark/inference_ms,24.514217
1779793315.094,/benchmark/inference_ms,25.242373
1779793315.140,/benchmark/inference_ms,25.447971
1779793315.186,/benchmark/inference_ms,24.787304
1779793315.231,/benchmark/inference_ms,24.723944
1779793315.279,/benchmark/inference_ms,24.962088
1779793315.325,/benchmark/inference_ms,25.103783
1779793315.370,/benchmark/inference_ms,24.475210
1779793315.417,/benchmark/inference_ms,25.031750
1779793315.462,/benchmark/inference_ms,24.977285
1779793315.508,/benchmark/inference_ms,24.662249
1779793315.553,/benchmark/inference_ms,24.702345
1779793315.600,/benchmark/inference_ms,24.870888
1779793315.646,/benchmark/inference_ms,25.360003
1779793315.691,/benchmark/inference_ms,24.504490
1779793315.738,/benchmark/inference_ms,25.424322
1779793315.784,/benchmark/inference_ms,25.480099
1779793315.830,/benchmark/inference_ms,24.928293
1779793315.876,/benchmark/inference_ms,25.020517
1779793315.923,/benchmark/inference_ms,25.118725
1779793315.971,/benchmark/inference_ms,24.792200
1779793316.016,/benchmark/inference_ms,24.891783
1779793316.063,/benchmark/inference_ms,25.162886
1779793316.109,/benchmark/inference_ms,25.564034
1779793316.154,/benchmark/inference_ms,24.313354
1779793316.202,/benchmark/inference_ms,24.988743
1779793316.246,/benchmark/inference_ms,24.952358
1779793316.292,/benchmark/inference_ms,25.329861
1779793316.338,/benchmark/inference_ms,24.735399
1779793316.385,/benchmark/inference_ms,25.431650
1779793316.430,/benchmark/inference_ms,24.732424
1779793316.475,/benchmark/inference_ms,24.804329
1779793316.520,/benchmark/inference_ms,24.675978
1779793316.566,/benchmark/inference_ms,25.044485
1779793316.613,/benchmark/inference_ms,25.193445
1779793316.658,/benchmark/inference_ms,24.820135
1779793316.703,/benchmark/inference_ms,24.752264
1779793316.749,/benchmark/inference_ms,24.650122
1779793316.794,/benchmark/inference_ms,24.395884
1779793316.837,/benchmark/inference_ms,24.581610
1779793316.882,/benchmark/inference_ms,24.474985
1779793316.929,/benchmark/inference_ms,24.956453
1779793316.975,/benchmark/inference_ms,25.053095
1779793317.023,/benchmark/inference_ms,25.244293
1779793317.068,/benchmark/inference_ms,25.278309
1779793317.113,/benchmark/inference_ms,25.002054
1779793317.161,/benchmark/inference_ms,24.765194
1779793317.206,/benchmark/inference_ms,25.028391
1779793317.251,/benchmark/inference_ms,24.946856
1779793317.300,/benchmark/inference_ms,25.018854
1779793317.344,/benchmark/inference_ms,24.751465
1779793317.392,/benchmark/inference_ms,24.167852
1779793317.436,/benchmark/inference_ms,24.469643
1779793317.481,/benchmark/inference_ms,24.685801
1779793317.526,/benchmark/inference_ms,24.243307
1779793317.570,/benchmark/inference_ms,24.341291
1779793317.615,/benchmark/inference_ms,24.301613
1779793317.661,/benchmark/inference_ms,24.487532
1779793317.706,/benchmark/inference_ms,24.377962
1779793317.751,/benchmark/inference_ms,24.778952
1779793317.795,/benchmark/inference_ms,24.225134
1779793317.842,/benchmark/inference_ms,24.721769
1779793317.888,/benchmark/inference_ms,24.400429
1779793317.934,/benchmark/inference_ms,24.680105
1779793317.980,/benchmark/inference_ms,24.359915
1779793318.024,/benchmark/inference_ms,24.360235
1779793318.069,/benchmark/inference_ms,24.323725
1779793318.116,/benchmark/inference_ms,24.451756
1779793318.160,/benchmark/inference_ms,24.380428
1779793318.205,/benchmark/inference_ms,24.859720
1779793318.250,/benchmark/inference_ms,24.402699
1779793318.295,/benchmark/inference_ms,24.318155
1779793318.340,/benchmark/inference_ms,24.584843
1779793318.387,/benchmark/inference_ms,24.653355
1779793318.433,/benchmark/inference_ms,24.658634
1779793318.478,/benchmark/inference_ms,24.129742
1779793318.523,/benchmark/inference_ms,24.359884
1779793318.568,/benchmark/inference_ms,24.153454
1779793318.615,/benchmark/inference_ms,24.564747
1779793318.659,/benchmark/inference_ms,24.275724
1779793318.704,/benchmark/inference_ms,24.735434
1779793318.749,/benchmark/inference_ms,24.410154
1779793318.794,/benchmark/inference_ms,24.253325
1779793318.839,/benchmark/inference_ms,24.343405
1779793318.883,/benchmark/inference_ms,24.275118
1779793318.927,/benchmark/inference_ms,24.433418
1779793318.971,/benchmark/inference_ms,24.360332
1779793319.016,/benchmark/inference_ms,24.652521
1779793319.061,/benchmark/inference_ms,24.554985
1779793319.105,/benchmark/inference_ms,24.625387
1779793319.151,/benchmark/inference_ms,24.174799
1779793319.195,/benchmark/inference_ms,24.489388
1779793319.240,/benchmark/inference_ms,24.362732
1779793319.284,/benchmark/inference_ms,24.355822
1779793319.328,/benchmark/inference_ms,24.132238
1779793319.373,/benchmark/inference_ms,24.753258
1779793319.420,/benchmark/inference_ms,24.698666
1779793319.464,/benchmark/inference_ms,24.147150
1779793319.509,/benchmark/inference_ms,24.603498
1779793319.554,/benchmark/inference_ms,24.422989
1779793319.598,/benchmark/inference_ms,24.833481
1779793319.643,/benchmark/inference_ms,24.487339
1779793319.688,/benchmark/inference_ms,24.662666
1779793319.733,/benchmark/inference_ms,24.319244
1779793319.777,/benchmark/inference_ms,24.347628
1779793319.823,/benchmark/inference_ms,24.260845
1779793319.868,/benchmark/inference_ms,24.271915
1779793319.912,/benchmark/inference_ms,24.335884
1779793319.957,/benchmark/inference_ms,24.701065
1779793320.002,/benchmark/inference_ms,24.308525
1779793320.047,/benchmark/inference_ms,24.101999
1779793320.092,/benchmark/inference_ms,24.649931
1779793320.138,/benchmark/inference_ms,24.415340
1779793320.182,/benchmark/inference_ms,24.302284
1779793320.227,/benchmark/inference_ms,24.759497
1779793320.272,/benchmark/inference_ms,24.329325
1779793320.318,/benchmark/inference_ms,24.299276
1779793320.363,/benchmark/inference_ms,24.295341
1779793320.410,/benchmark/inference_ms,24.312525
1779793320.455,/benchmark/inference_ms,24.843817
1779793320.500,/benchmark/inference_ms,24.377964
1779793320.545,/benchmark/inference_ms,24.238125
1779793320.590,/benchmark/inference_ms,24.469805
1779793320.635,/benchmark/inference_ms,24.337582
1779793320.681,/benchmark/inference_ms,24.488173
1779793320.726,/benchmark/inference_ms,24.634954
1779793320.769,/benchmark/inference_ms,24.445196
1779793320.814,/benchmark/inference_ms,24.197550
1779793320.858,/benchmark/inference_ms,24.073967
1779793320.903,/benchmark/inference_ms,24.399790
1779793320.948,/benchmark/inference_ms,24.249743
1779793320.992,/benchmark/inference_ms,24.604874
1779793321.037,/benchmark/inference_ms,24.615372
1779793321.085,/benchmark/inference_ms,24.475147
1779793321.127,/benchmark/inference_ms,24.294863
1779793321.171,/benchmark/inference_ms,24.278509
1779793321.217,/benchmark/inference_ms,24.485420
1779793321.262,/benchmark/inference_ms,24.321228
1779793321.306,/benchmark/inference_ms,24.466669
1779793321.353,/benchmark/inference_ms,24.642796
1779793321.399,/benchmark/inference_ms,24.231277
1779793321.443,/benchmark/inference_ms,24.498476
1779793321.486,/benchmark/inference_ms,24.584780
1779793321.531,/benchmark/inference_ms,24.567116
1779793321.576,/benchmark/inference_ms,24.449644
1779793321.620,/benchmark/inference_ms,24.266798
1779793321.664,/benchmark/inference_ms,24.686634
1779793321.709,/benchmark/inference_ms,24.261293
1779793321.753,/benchmark/inference_ms,24.225838
1779793321.798,/benchmark/inference_ms,24.249678
1779793321.844,/benchmark/inference_ms,24.476171
1779793321.889,/benchmark/inference_ms,24.413612
1779793321.933,/benchmark/inference_ms,24.379950
1779793321.979,/benchmark/inference_ms,24.513037
1779793322.023,/benchmark/inference_ms,24.468204
1779793322.068,/benchmark/inference_ms,24.098894
1779793322.112,/benchmark/inference_ms,24.283886
1779793322.159,/benchmark/inference_ms,24.311117
1779793322.202,/benchmark/inference_ms,24.549324
1779793322.246,/benchmark/inference_ms,24.210094
1779793322.293,/benchmark/inference_ms,24.611212
1779793322.339,/benchmark/inference_ms,24.305262
1779793322.385,/benchmark/inference_ms,24.560301
1779793322.430,/benchmark/inference_ms,24.393261
1779793322.477,/benchmark/inference_ms,25.703236
1779793322.524,/benchmark/inference_ms,24.684299
1779793322.571,/benchmark/inference_ms,25.367079
1779793322.618,/benchmark/inference_ms,25.251686
1779793322.661,/benchmark/inference_ms,24.536076
1779793322.707,/benchmark/inference_ms,24.785931
1779793322.753,/benchmark/inference_ms,25.064873
1779793322.798,/benchmark/inference_ms,24.924971
1779793322.844,/benchmark/inference_ms,24.950441
1779793322.889,/benchmark/inference_ms,24.852938
1779793322.936,/benchmark/inference_ms,25.006504
1779793322.981,/benchmark/inference_ms,25.245287
1779793323.027,/benchmark/inference_ms,24.550859
1779793323.073,/benchmark/inference_ms,24.806986
1779793323.122,/benchmark/inference_ms,25.002186
1779793323.163,/benchmark/inference_ms,25.275431
1779793323.209,/benchmark/inference_ms,24.578381
1779793323.254,/benchmark/inference_ms,24.959017
1779793323.299,/benchmark/inference_ms,25.029097
1779793323.344,/benchmark/inference_ms,25.110985
1779793323.390,/benchmark/inference_ms,24.923689
1779793323.439,/benchmark/inference_ms,24.973129
1779793323.486,/benchmark/inference_ms,25.048393
1779793323.532,/benchmark/inference_ms,24.971273
1779793323.577,/benchmark/inference_ms,24.623148
1779793323.624,/benchmark/inference_ms,25.101353
1779793323.670,/benchmark/inference_ms,25.388229
1779793323.716,/benchmark/inference_ms,24.439789
1779793323.763,/benchmark/inference_ms,25.254726
1779793323.808,/benchmark/inference_ms,24.970730
1779793323.854,/benchmark/inference_ms,25.034025
1779793323.900,/benchmark/inference_ms,24.609516
1779793323.947,/benchmark/inference_ms,25.068521
1779793323.993,/benchmark/inference_ms,25.538277
1779793324.038,/benchmark/inference_ms,24.460846
1779793324.084,/benchmark/inference_ms,24.739563
1779793324.128,/benchmark/inference_ms,25.131849
1779793324.173,/benchmark/inference_ms,25.085224
1779793324.219,/benchmark/inference_ms,25.353191
1779793324.265,/benchmark/inference_ms,24.744043
1779793324.312,/benchmark/inference_ms,25.380165
1779793324.357,/benchmark/inference_ms,25.180552
1779793324.405,/benchmark/inference_ms,24.938282
1779793324.450,/benchmark/inference_ms,25.015177
1779793324.495,/benchmark/inference_ms,25.147816
1779793324.543,/benchmark/inference_ms,24.776331
1779793324.589,/benchmark/inference_ms,25.158792
1779793324.634,/benchmark/inference_ms,24.934698
1779793324.681,/benchmark/inference_ms,25.480196
1779793324.727,/benchmark/inference_ms,24.330158
1779793324.774,/benchmark/inference_ms,25.187496
1779793324.820,/benchmark/inference_ms,25.302792
1779793324.866,/benchmark/inference_ms,24.988747
1779793324.911,/benchmark/inference_ms,24.683403
1779793324.958,/benchmark/inference_ms,25.155272
1779793325.004,/benchmark/inference_ms,25.553221
1779793325.051,/benchmark/inference_ms,24.650539
1779793325.096,/benchmark/inference_ms,25.179209
1779793325.141,/benchmark/inference_ms,24.995083
1779793325.189,/benchmark/inference_ms,24.462254
1779793325.235,/benchmark/inference_ms,24.538988
1779793325.282,/benchmark/inference_ms,24.806763
1779793325.327,/benchmark/inference_ms,24.873322
1779793325.372,/benchmark/inference_ms,24.504717
1779793325.419,/benchmark/inference_ms,24.937866
1779793325.465,/benchmark/inference_ms,24.887915
1779793325.511,/benchmark/inference_ms,25.156168
1779793325.556,/benchmark/inference_ms,24.736460
1779793325.604,/benchmark/inference_ms,25.356743
1779793325.650,/benchmark/inference_ms,25.334856
1779793325.695,/benchmark/inference_ms,24.690796
1779793325.743,/benchmark/inference_ms,25.278215
1779793325.789,/benchmark/inference_ms,25.621670
1779793325.834,/benchmark/inference_ms,24.345198
1779793325.882,/benchmark/inference_ms,25.253063
1779793325.927,/benchmark/inference_ms,24.975754
1779793325.972,/benchmark/inference_ms,25.339878
1779793326.020,/benchmark/inference_ms,24.957994
1779793326.068,/benchmark/inference_ms,24.972170
1779793326.113,/benchmark/inference_ms,25.027498
1779793326.159,/benchmark/inference_ms,24.850698
1779793326.204,/benchmark/inference_ms,24.901228
1779793326.248,/benchmark/inference_ms,24.125999
1779793326.296,/benchmark/inference_ms,27.054331
1779793326.344,/benchmark/inference_ms,25.306536
1779793326.389,/benchmark/inference_ms,25.128105
1779793326.436,/benchmark/inference_ms,26.084002
1779793326.483,/benchmark/inference_ms,26.004675
1779793326.531,/benchmark/inference_ms,26.356417
1779793326.584,/benchmark/inference_ms,25.479527
1779793326.625,/benchmark/inference_ms,25.867683
1779793326.671,/benchmark/inference_ms,26.078499
1779793326.720,/benchmark/inference_ms,26.315905
1779793326.766,/benchmark/inference_ms,26.299520
1779793326.813,/benchmark/inference_ms,25.934500
1779793326.859,/benchmark/inference_ms,25.573381
1779793326.907,/benchmark/inference_ms,25.144489
1779793326.954,/benchmark/inference_ms,26.188066
1779793327.003,/benchmark/inference_ms,26.605534
1779793327.051,/benchmark/inference_ms,26.064644
1779793327.098,/benchmark/inference_ms,26.286562
1779793327.145,/benchmark/inference_ms,25.705221
1779793327.192,/benchmark/inference_ms,25.783588
1779793327.241,/benchmark/inference_ms,27.103676
1779793327.289,/benchmark/inference_ms,26.747038
1779793327.340,/benchmark/inference_ms,26.707485
1779793327.386,/benchmark/inference_ms,26.904669
1779793327.434,/benchmark/inference_ms,26.336514
1779793327.482,/benchmark/inference_ms,26.421951
1779793327.531,/benchmark/inference_ms,26.460960
1779793327.581,/benchmark/inference_ms,25.678148
1779793327.623,/benchmark/inference_ms,25.814020
1779793327.674,/benchmark/inference_ms,26.701118
1779793327.720,/benchmark/inference_ms,24.548044
1779793327.764,/benchmark/inference_ms,24.293648
1779793327.809,/benchmark/inference_ms,24.482224
1779793327.853,/benchmark/inference_ms,24.398863
1779793327.898,/benchmark/inference_ms,24.571180
1779793327.944,/benchmark/inference_ms,24.844236
1779793327.989,/benchmark/inference_ms,24.781162
1779793328.033,/benchmark/inference_ms,24.318542
1779793328.078,/benchmark/inference_ms,24.207729
1779793328.124,/benchmark/inference_ms,24.373871
1779793328.169,/benchmark/inference_ms,24.430672
1779793328.213,/benchmark/inference_ms,24.614382
1779793328.258,/benchmark/inference_ms,24.214479
1779793328.302,/benchmark/inference_ms,23.968721
1779793328.347,/benchmark/inference_ms,24.304079
1779793328.392,/benchmark/inference_ms,24.646477
1779793328.435,/benchmark/inference_ms,24.312624
1779793328.481,/benchmark/inference_ms,24.438541
1779793328.526,/benchmark/inference_ms,24.107346
1779793328.571,/benchmark/inference_ms,25.000170
1779793328.618,/benchmark/inference_ms,24.346224
1779793328.662,/benchmark/inference_ms,24.481102
1779793328.707,/benchmark/inference_ms,24.337135
1779793328.753,/benchmark/inference_ms,24.339888
1779793328.798,/benchmark/inference_ms,24.845133
1779793328.845,/benchmark/inference_ms,24.410639
1779793328.890,/benchmark/inference_ms,24.472431
1779793328.934,/benchmark/inference_ms,24.330351
1779793328.981,/benchmark/inference_ms,24.339407
1779793329.026,/benchmark/inference_ms,24.668077
1779793329.072,/benchmark/inference_ms,24.273680
1779793329.115,/benchmark/inference_ms,24.250225
1779793329.160,/benchmark/inference_ms,24.190256
1779793329.207,/benchmark/inference_ms,24.530287
1779793329.251,/benchmark/inference_ms,24.225073
1779793329.297,/benchmark/inference_ms,24.488142
1779793329.341,/benchmark/inference_ms,24.432688
1779793329.386,/benchmark/inference_ms,24.238737
1779793329.430,/benchmark/inference_ms,24.458384
1779793329.477,/benchmark/inference_ms,24.810093
1779793329.522,/benchmark/inference_ms,24.516750
1779793329.567,/benchmark/inference_ms,24.883181
1779793329.614,/benchmark/inference_ms,25.529222
1779793329.660,/benchmark/inference_ms,24.826187
1779793329.705,/benchmark/inference_ms,25.150665
1779793329.750,/benchmark/inference_ms,25.118793
1779793329.796,/benchmark/inference_ms,24.803917
1779793329.840,/benchmark/inference_ms,24.653549
1779793329.887,/benchmark/inference_ms,24.785166
1779793329.933,/benchmark/inference_ms,25.232553
1779793329.980,/benchmark/inference_ms,24.655437
1779793330.027,/benchmark/inference_ms,25.138378
1779793330.073,/benchmark/inference_ms,25.231754
1779793330.118,/benchmark/inference_ms,24.562765
1779793330.164,/benchmark/inference_ms,24.751982
1779793330.211,/benchmark/inference_ms,24.888268
1779793330.256,/benchmark/inference_ms,24.845133
1779793330.302,/benchmark/inference_ms,24.342417
1779793330.349,/benchmark/inference_ms,25.257833
1779793330.394,/benchmark/inference_ms,25.474472
1779793330.441,/benchmark/inference_ms,24.615278
1779793330.488,/benchmark/inference_ms,25.378952
1779793330.534,/benchmark/inference_ms,25.046507
1779793330.578,/benchmark/inference_ms,24.719439
1779793330.625,/benchmark/inference_ms,24.626894
1779793330.671,/benchmark/inference_ms,24.985323
1779793330.717,/benchmark/inference_ms,25.017324
1779793330.764,/benchmark/inference_ms,24.674862
1779793330.810,/benchmark/inference_ms,24.967148
1779793330.856,/benchmark/inference_ms,25.320808
1779793330.902,/benchmark/inference_ms,24.636366
1779793330.949,/benchmark/inference_ms,24.948427
1779793330.995,/benchmark/inference_ms,25.088266
1779793331.041,/benchmark/inference_ms,24.827276
1779793331.086,/benchmark/inference_ms,24.545231
1779793331.133,/benchmark/inference_ms,25.201290
1779793331.179,/benchmark/inference_ms,24.563887
1779793331.225,/benchmark/inference_ms,25.143372
1779793331.270,/benchmark/inference_ms,25.136810
1779793331.316,/benchmark/inference_ms,25.159145
1779793331.361,/benchmark/inference_ms,24.611279
1779793331.407,/benchmark/inference_ms,24.720814
1779793331.452,/benchmark/inference_ms,25.091434
1779793331.497,/benchmark/inference_ms,25.098635
1779793331.543,/benchmark/inference_ms,24.637358
1779793331.591,/benchmark/inference_ms,25.186827
1779793331.636,/benchmark/inference_ms,24.545326
1779793331.681,/benchmark/inference_ms,24.691694
1779793331.726,/benchmark/inference_ms,24.224722
1779793331.770,/benchmark/inference_ms,24.297682
1779793331.817,/benchmark/inference_ms,24.859756
1779793331.889,/benchmark/inference_ms,51.294285
1779793331.942,/benchmark/inference_ms,33.393295
1779793331.994,/benchmark/inference_ms,31.267454
1779793332.048,/benchmark/inference_ms,33.230129
1779793332.102,/benchmark/inference_ms,32.262680
1779793332.159,/benchmark/inference_ms,33.685997
1779793332.213,/benchmark/inference_ms,31.992634
1779793332.267,/benchmark/inference_ms,32.947025
1779793332.323,/benchmark/inference_ms,33.264977
1779793332.379,/benchmark/inference_ms,33.196239
1779793332.435,/benchmark/inference_ms,33.768364
1779793332.491,/benchmark/inference_ms,33.569008
1779793332.545,/benchmark/inference_ms,32.026905
1779793332.601,/benchmark/inference_ms,33.293583
1779793332.655,/benchmark/inference_ms,33.331696
1779793332.708,/benchmark/inference_ms,33.006481
1779793332.763,/benchmark/inference_ms,32.811123
1779793332.819,/benchmark/inference_ms,33.025780
1779793332.874,/benchmark/inference_ms,33.845261
1779793332.927,/benchmark/inference_ms,30.879618
1779793332.981,/benchmark/inference_ms,31.147232
1779793333.028,/benchmark/inference_ms,32.011417
1779793333.080,/benchmark/inference_ms,32.126041
1779793333.131,/benchmark/inference_ms,31.531452
1779793333.182,/benchmark/inference_ms,32.269562
1779793333.236,/benchmark/inference_ms,32.551575
1779793333.286,/benchmark/inference_ms,32.396694
1779793333.337,/benchmark/inference_ms,31.103168
1779793333.388,/benchmark/inference_ms,31.091202
1779793333.441,/benchmark/inference_ms,32.694069
1779793333.494,/benchmark/inference_ms,31.504286
1779793333.547,/benchmark/inference_ms,32.829525
1779793333.598,/benchmark/inference_ms,31.356638
1779793333.649,/benchmark/inference_ms,30.963873
1779793333.699,/benchmark/inference_ms,31.187712
1779793333.753,/benchmark/inference_ms,32.969204
1779793333.806,/benchmark/inference_ms,32.393398
1779793333.855,/benchmark/inference_ms,32.144569
1779793333.906,/benchmark/inference_ms,31.209984
1779793333.961,/benchmark/inference_ms,32.717941
1779793334.011,/benchmark/inference_ms,32.554199
1779793334.064,/benchmark/inference_ms,32.237400
1779793334.115,/benchmark/inference_ms,32.885715
1779793334.168,/benchmark/inference_ms,32.579124
1779793334.221,/benchmark/inference_ms,31.609118
1779793334.271,/benchmark/inference_ms,31.019329
1779793334.323,/benchmark/inference_ms,31.314112
1779793334.373,/benchmark/inference_ms,31.640348
1779793334.426,/benchmark/inference_ms,31.021633
1779793334.476,/benchmark/inference_ms,30.931746
1779793334.529,/benchmark/inference_ms,31.335455
1779793334.582,/benchmark/inference_ms,33.018772
1779793334.632,/benchmark/inference_ms,30.846884
1779793334.683,/benchmark/inference_ms,31.622972
1779793334.735,/benchmark/inference_ms,31.401119
1779793334.788,/benchmark/inference_ms,33.018291
1779793334.834,/benchmark/inference_ms,25.877703
1779793334.885,/benchmark/inference_ms,31.678429
1779793334.936,/benchmark/inference_ms,32.179802
1779793334.987,/benchmark/inference_ms,32.429688
1779793335.040,/benchmark/inference_ms,32.965557
1779793335.095,/benchmark/inference_ms,32.695671
1779793335.148,/benchmark/inference_ms,31.142080
1779793335.196,/benchmark/inference_ms,32.097275
1779793335.249,/benchmark/inference_ms,32.838005
1779793335.291,/benchmark/inference_ms,24.932398
1779793335.343,/benchmark/inference_ms,31.351393
1779793335.393,/benchmark/inference_ms,32.258106
1779793335.444,/benchmark/inference_ms,32.923988
1779793335.495,/benchmark/inference_ms,32.152859
1779793335.548,/benchmark/inference_ms,31.823772
1779793335.597,/benchmark/inference_ms,32.074745
1779793335.648,/benchmark/inference_ms,32.389431
1779793335.701,/benchmark/inference_ms,32.770004
1779793335.748,/benchmark/inference_ms,26.486530
1779793335.801,/benchmark/inference_ms,32.638103
1779793335.850,/benchmark/inference_ms,33.010292
1779793335.902,/benchmark/inference_ms,33.070866
1779793335.953,/benchmark/inference_ms,33.033173
1779793336.005,/benchmark/inference_ms,32.044476
1779793336.059,/benchmark/inference_ms,32.806614
1779793336.111,/benchmark/inference_ms,31.031107
1779793336.162,/benchmark/inference_ms,32.314522
1779793336.206,/benchmark/inference_ms,23.545143
1779793336.257,/benchmark/inference_ms,31.926044
1779793336.308,/benchmark/inference_ms,32.537239
1779793336.359,/benchmark/inference_ms,31.131714
1779793336.411,/benchmark/inference_ms,31.593086
1779793336.463,/benchmark/inference_ms,32.918262
1779793336.513,/benchmark/inference_ms,30.902052
1779793336.564,/benchmark/inference_ms,31.703007
1779793336.619,/benchmark/inference_ms,31.596575
1779793336.661,/benchmark/inference_ms,26.155685
1779793336.713,/benchmark/inference_ms,31.811132
1779793336.764,/benchmark/inference_ms,31.090368
1779793336.817,/benchmark/inference_ms,32.512249
1779793336.869,/benchmark/inference_ms,32.217560
1779793336.919,/benchmark/inference_ms,31.645214
1779793336.972,/benchmark/inference_ms,32.976086
1779793337.025,/benchmark/inference_ms,31.362240
1779793337.074,/benchmark/inference_ms,32.199352
1779793337.120,/benchmark/inference_ms,25.790920
1779793337.173,/benchmark/inference_ms,31.728765
1779793337.225,/benchmark/inference_ms,31.142979
1779793337.274,/benchmark/inference_ms,31.595039
1779793337.327,/benchmark/inference_ms,31.241121
1779793337.379,/benchmark/inference_ms,32.144474
1779793337.432,/benchmark/inference_ms,32.140858
1779793337.484,/benchmark/inference_ms,32.609623
1779793337.537,/benchmark/inference_ms,32.043358
1779793337.589,/benchmark/inference_ms,31.564415
1779793337.642,/benchmark/inference_ms,32.824215
1779793337.694,/benchmark/inference_ms,31.907837
1779793337.745,/benchmark/inference_ms,31.530495
1779793337.798,/benchmark/inference_ms,32.642262
1779793337.852,/benchmark/inference_ms,31.956028
1779793337.905,/benchmark/inference_ms,31.313280
1779793337.956,/benchmark/inference_ms,31.595774
1779793338.008,/benchmark/inference_ms,32.535000
1779793338.060,/benchmark/inference_ms,31.871677
1779793338.110,/benchmark/inference_ms,31.384705
1779793338.162,/benchmark/inference_ms,31.771038
1779793338.215,/benchmark/inference_ms,31.851805
1779793338.258,/benchmark/inference_ms,25.220428
1779793338.311,/benchmark/inference_ms,32.218716
1779793338.361,/benchmark/inference_ms,32.402042
1779793338.411,/benchmark/inference_ms,31.465376
1779793338.467,/benchmark/inference_ms,35.069672
1779793338.521,/benchmark/inference_ms,34.432652
1779793338.571,/benchmark/inference_ms,31.879389
1779793338.622,/benchmark/inference_ms,31.502752
1779793338.676,/benchmark/inference_ms,33.401585
1779793338.724,/benchmark/inference_ms,29.589230
1779793338.775,/benchmark/inference_ms,32.497368
1779793338.827,/benchmark/inference_ms,32.546329
1779793338.880,/benchmark/inference_ms,32.828022
1779793338.932,/benchmark/inference_ms,32.942070
1779793338.985,/benchmark/inference_ms,31.041731
1779793339.037,/benchmark/inference_ms,32.965557
1779793339.087,/benchmark/inference_ms,31.033091
1779793339.139,/benchmark/inference_ms,32.901207
1779793339.193,/benchmark/inference_ms,32.884407
1779793339.245,/benchmark/inference_ms,31.054276
1779793339.295,/benchmark/inference_ms,31.503040
1779793339.348,/benchmark/inference_ms,31.522816
1779793339.397,/benchmark/inference_ms,28.414103
1779793339.450,/benchmark/inference_ms,31.938013
1779793339.502,/benchmark/inference_ms,32.923222
1779793339.554,/benchmark/inference_ms,31.166498
1779793339.608,/benchmark/inference_ms,32.120029
1779793339.657,/benchmark/inference_ms,30.978884
1779793339.709,/benchmark/inference_ms,32.268826
1779793339.760,/benchmark/inference_ms,32.544922
1779793339.809,/benchmark/inference_ms,31.389505
1779793339.857,/benchmark/inference_ms,28.406647
1779793339.910,/benchmark/inference_ms,32.090778
1779793339.960,/benchmark/inference_ms,31.155396
1779793340.012,/benchmark/inference_ms,32.122364
1779793340.062,/benchmark/inference_ms,32.029980
1779793340.113,/benchmark/inference_ms,31.097380
1779793340.166,/benchmark/inference_ms,32.774521
1779793340.217,/benchmark/inference_ms,30.798725
1779793340.270,/benchmark/inference_ms,31.244354
1779793340.316,/benchmark/inference_ms,27.750748
1779793340.368,/benchmark/inference_ms,32.718040
1779793340.421,/benchmark/inference_ms,31.971420
1779793340.471,/benchmark/inference_ms,32.581882
1779793340.523,/benchmark/inference_ms,31.202755
1779793340.573,/benchmark/inference_ms,31.463522
1779793340.626,/benchmark/inference_ms,32.732502
1779793340.679,/benchmark/inference_ms,31.122885
1779793340.729,/benchmark/inference_ms,32.137756
1779793340.776,/benchmark/inference_ms,28.735891
1779793340.830,/benchmark/inference_ms,31.648447
1779793340.879,/benchmark/inference_ms,31.114756
1779793340.932,/benchmark/inference_ms,32.967510
1779793340.982,/benchmark/inference_ms,32.669399
1779793341.033,/benchmark/inference_ms,30.671240
1779793341.083,/benchmark/inference_ms,32.503288
1779793341.135,/benchmark/inference_ms,32.497242
1779793341.185,/benchmark/inference_ms,32.266106
1779793341.237,/benchmark/inference_ms,31.629215
1779793341.288,/benchmark/inference_ms,31.073605
1779793341.339,/benchmark/inference_ms,32.565819
1779793341.392,/benchmark/inference_ms,32.197819
1779793341.444,/benchmark/inference_ms,31.857632
1779793341.489,/benchmark/inference_ms,28.499735
1779793341.541,/benchmark/inference_ms,32.330425
1779793341.592,/benchmark/inference_ms,32.584858
1779793341.646,/benchmark/inference_ms,32.545433
1779793341.698,/benchmark/inference_ms,31.945950
1779793341.751,/benchmark/inference_ms,32.407101
1779793341.802,/benchmark/inference_ms,31.596895
1779793341.853,/benchmark/inference_ms,32.232826
1779793341.906,/benchmark/inference_ms,31.585344
1779793341.959,/benchmark/inference_ms,31.235075
1779793342.008,/benchmark/inference_ms,32.341148
1779793342.061,/benchmark/inference_ms,32.128414
1779793342.113,/benchmark/inference_ms,32.903606
1779793342.160,/benchmark/inference_ms,26.231142
1779793342.213,/benchmark/inference_ms,31.081188
1779793342.263,/benchmark/inference_ms,32.137276
1779793342.316,/benchmark/inference_ms,31.983231
1779793342.367,/benchmark/inference_ms,32.093086
1779793342.416,/benchmark/inference_ms,31.210724
1779793342.468,/benchmark/inference_ms,31.922239
1779793342.518,/benchmark/inference_ms,32.367996
1779793342.569,/benchmark/inference_ms,31.668447
1779793342.619,/benchmark/inference_ms,30.718887
1779793342.672,/benchmark/inference_ms,31.076452
1779793342.721,/benchmark/inference_ms,32.151421
1779793342.772,/benchmark/inference_ms,31.857920
1779793342.825,/benchmark/inference_ms,32.564571
1779793342.877,/benchmark/inference_ms,31.825119
1779793342.932,/benchmark/inference_ms,33.277622
1779793342.982,/benchmark/inference_ms,30.870565
1779793343.033,/benchmark/inference_ms,32.501499
1779793343.082,/benchmark/inference_ms,28.099579
1779793343.131,/benchmark/inference_ms,30.994789
1779793343.183,/benchmark/inference_ms,31.372004
1779793343.232,/benchmark/inference_ms,31.962559
1779793343.284,/benchmark/inference_ms,33.082615
1779793343.337,/benchmark/inference_ms,32.006653
1779793343.390,/benchmark/inference_ms,32.759834
1779793343.442,/benchmark/inference_ms,32.825977
1779793343.492,/benchmark/inference_ms,31.189123
1779793343.544,/benchmark/inference_ms,30.512968
1779793343.597,/benchmark/inference_ms,32.414619
1779793343.648,/benchmark/inference_ms,32.223839
1779793343.701,/benchmark/inference_ms,33.244949
1779793343.754,/benchmark/inference_ms,32.202396
1779793343.806,/benchmark/inference_ms,32.736183
1779793343.859,/benchmark/inference_ms,32.339676
1779793343.912,/benchmark/inference_ms,32.919415
1779793343.965,/benchmark/inference_ms,32.083584
1779793344.015,/benchmark/inference_ms,31.207268
1779793344.068,/benchmark/inference_ms,31.211430
1779793344.120,/benchmark/inference_ms,31.560129
1779793344.171,/benchmark/inference_ms,32.370525
1779793344.222,/benchmark/inference_ms,31.376451
1779793344.278,/benchmark/inference_ms,32.888344
1779793344.331,/benchmark/inference_ms,31.447746
1779793344.383,/benchmark/inference_ms,31.443043
1779793344.440,/benchmark/inference_ms,36.472958
1779793344.496,/benchmark/inference_ms,32.070847
1779793344.550,/benchmark/inference_ms,32.895611
1779793344.602,/benchmark/inference_ms,31.579714
1779793344.655,/benchmark/inference_ms,31.400164
1779793344.709,/benchmark/inference_ms,31.601440
1779793344.761,/benchmark/inference_ms,31.227524
1779793344.815,/benchmark/inference_ms,32.086304
1779793344.865,/benchmark/inference_ms,31.250628
1779793344.914,/benchmark/inference_ms,27.787262
1779793344.967,/benchmark/inference_ms,31.318148
1779793345.020,/benchmark/inference_ms,32.464859
1779793345.074,/benchmark/inference_ms,32.993240
1779793345.125,/benchmark/inference_ms,32.219933
1779793345.179,/benchmark/inference_ms,32.299324
1779793345.231,/benchmark/inference_ms,32.496986
1779793345.283,/benchmark/inference_ms,31.357540
1779793345.336,/benchmark/inference_ms,32.933945
1779793345.386,/benchmark/inference_ms,29.907246
1779793345.437,/benchmark/inference_ms,31.840384
1779793345.489,/benchmark/inference_ms,32.391037
1779793345.541,/benchmark/inference_ms,31.609985
1779793345.591,/benchmark/inference_ms,31.596451
1779793345.646,/benchmark/inference_ms,31.665890
1779793345.696,/benchmark/inference_ms,32.427582
1779793345.748,/benchmark/inference_ms,33.017464
1779793345.801,/benchmark/inference_ms,31.169317
1779793345.855,/benchmark/inference_ms,30.019501
1779793345.902,/benchmark/inference_ms,32.324924
1779793345.954,/benchmark/inference_ms,32.823578
1779793346.006,/benchmark/inference_ms,31.141766
1779793346.059,/benchmark/inference_ms,31.830528
1779793346.110,/benchmark/inference_ms,31.581154
1779793346.163,/benchmark/inference_ms,32.233021
1779793346.212,/benchmark/inference_ms,32.337246
1779793346.266,/benchmark/inference_ms,32.727386
1779793346.317,/benchmark/inference_ms,31.201157
1779793346.373,/benchmark/inference_ms,34.961258
1779793346.424,/benchmark/inference_ms,32.229504
1779793346.478,/benchmark/inference_ms,32.584061
1779793346.522,/benchmark/inference_ms,26.816996
1779793346.575,/benchmark/inference_ms,31.973215
1779793346.625,/benchmark/inference_ms,31.207846
1779793346.679,/benchmark/inference_ms,31.206181
1779793346.732,/benchmark/inference_ms,32.384506
1779793346.787,/benchmark/inference_ms,32.654747
1779793346.833,/benchmark/inference_ms,31.953089
1779793346.886,/benchmark/inference_ms,32.042015
1779793346.936,/benchmark/inference_ms,32.193790
1779793346.985,/benchmark/inference_ms,27.906908
1779793347.038,/benchmark/inference_ms,32.755386
1779793347.094,/benchmark/inference_ms,32.991547
1779793347.147,/benchmark/inference_ms,31.902271
1779793347.198,/benchmark/inference_ms,32.582619
1779793347.252,/benchmark/inference_ms,32.278236
1779793347.304,/benchmark/inference_ms,32.959675
1779793347.356,/benchmark/inference_ms,31.209541
1779793347.409,/benchmark/inference_ms,32.161472
1779793347.454,/benchmark/inference_ms,28.838486
1779793347.507,/benchmark/inference_ms,32.203648
1779793347.556,/benchmark/inference_ms,33.021175
1779793347.610,/benchmark/inference_ms,32.555965
1779793347.664,/benchmark/inference_ms,33.006584
1779793347.714,/benchmark/inference_ms,32.344189
1779793347.767,/benchmark/inference_ms,31.321764
1779793347.816,/benchmark/inference_ms,31.101669
1779793347.868,/benchmark/inference_ms,32.691387
1779793347.916,/benchmark/inference_ms,28.812887
1779793347.969,/benchmark/inference_ms,32.503483
1779793348.024,/benchmark/inference_ms,32.513660
1779793348.073,/benchmark/inference_ms,31.084038
1779793348.125,/benchmark/inference_ms,32.523006
1779793348.179,/benchmark/inference_ms,32.423164
1779793348.232,/benchmark/inference_ms,32.740891
1779793348.282,/benchmark/inference_ms,32.405949
1779793348.333,/benchmark/inference_ms,32.038975
1779793348.385,/benchmark/inference_ms,28.285275
1779793348.434,/benchmark/inference_ms,31.157606
1779793348.489,/benchmark/inference_ms,33.165497
1779793348.538,/benchmark/inference_ms,30.975527
1779793348.590,/benchmark/inference_ms,31.278534
1779793348.643,/benchmark/inference_ms,32.213406
1779793348.694,/benchmark/inference_ms,32.160000
1779793348.745,/benchmark/inference_ms,32.277374
1779793348.798,/benchmark/inference_ms,33.221462
1779793348.845,/benchmark/inference_ms,27.832733
1779793348.899,/benchmark/inference_ms,32.052032
1779793348.948,/benchmark/inference_ms,31.933664
1779793349.001,/benchmark/inference_ms,32.299007
1779793349.055,/benchmark/inference_ms,33.190586
1779793349.106,/benchmark/inference_ms,30.900841
1779793349.156,/benchmark/inference_ms,32.507580
1779793349.209,/benchmark/inference_ms,32.783386
1779793349.262,/benchmark/inference_ms,32.581982
1779793349.310,/benchmark/inference_ms,27.783167
1779793349.362,/benchmark/inference_ms,32.025791
1779793349.412,/benchmark/inference_ms,32.804218
1779793349.465,/benchmark/inference_ms,32.700317
1779793349.519,/benchmark/inference_ms,33.125145
1779793349.571,/benchmark/inference_ms,31.358086
1779793349.621,/benchmark/inference_ms,31.952034
1779793349.675,/benchmark/inference_ms,31.367172
1779793349.727,/benchmark/inference_ms,31.064102
1779793349.774,/benchmark/inference_ms,28.472891
1779793349.826,/benchmark/inference_ms,32.285534
1779793349.878,/benchmark/inference_ms,32.209343
1779793349.927,/benchmark/inference_ms,31.320005
1779793349.980,/benchmark/inference_ms,32.291965
1779793350.030,/benchmark/inference_ms,30.828745
1779793350.084,/benchmark/inference_ms,31.157894
1779793350.136,/benchmark/inference_ms,32.348927
1779793350.185,/benchmark/inference_ms,31.720772
1779793350.238,/benchmark/inference_ms,30.443949
1779793350.290,/benchmark/inference_ms,32.874588
1779793350.341,/benchmark/inference_ms,32.287743
1779793350.393,/benchmark/inference_ms,32.896442
1779793350.445,/benchmark/inference_ms,31.381638
1779793350.497,/benchmark/inference_ms,32.603039
1779793350.552,/benchmark/inference_ms,32.792061
1779793350.601,/benchmark/inference_ms,31.014343
1779793350.654,/benchmark/inference_ms,32.860889
1779793350.705,/benchmark/inference_ms,30.725290
1779793350.757,/benchmark/inference_ms,31.421989
1779793350.811,/benchmark/inference_ms,32.403103
1779793350.864,/benchmark/inference_ms,32.827068
1779793350.913,/benchmark/inference_ms,32.446461
1779793350.966,/benchmark/inference_ms,32.930489
1779793351.019,/benchmark/inference_ms,31.964609
1779793351.068,/benchmark/inference_ms,32.772411
1779793351.120,/benchmark/inference_ms,31.518181
1779793351.173,/benchmark/inference_ms,30.784906
1779793351.223,/benchmark/inference_ms,32.090050
1779793351.274,/benchmark/inference_ms,32.263008
1779793351.327,/benchmark/inference_ms,33.205784
1779793351.379,/benchmark/inference_ms,30.856907
1779793351.431,/benchmark/inference_ms,32.792347
1779793351.482,/benchmark/inference_ms,32.390430
1779793351.536,/benchmark/inference_ms,31.029640
1779793351.587,/benchmark/inference_ms,32.609917
1779793351.638,/benchmark/inference_ms,30.887978
1779793351.690,/benchmark/inference_ms,32.569981
1779793351.742,/benchmark/inference_ms,30.925865
1779793351.796,/benchmark/inference_ms,32.447872
1779793351.845,/benchmark/inference_ms,31.387461
1779793351.895,/benchmark/inference_ms,31.491430
1779793351.948,/benchmark/inference_ms,32.847164
1779793352.001,/benchmark/inference_ms,31.081800
1779793352.051,/benchmark/inference_ms,32.294655
1779793352.098,/benchmark/inference_ms,28.441370
1779793352.151,/benchmark/inference_ms,32.596413
1779793352.200,/benchmark/inference_ms,32.729534
1779793352.254,/benchmark/inference_ms,32.240002
1779793352.308,/benchmark/inference_ms,31.750019
1779793352.357,/benchmark/inference_ms,31.142311
1779793352.408,/benchmark/inference_ms,31.337030
1779793352.460,/benchmark/inference_ms,31.054569
1779793352.514,/benchmark/inference_ms,32.848541
1779793352.560,/benchmark/inference_ms,27.645536
1779793352.612,/benchmark/inference_ms,30.771755
1779793352.663,/benchmark/inference_ms,32.378590
1779793352.715,/benchmark/inference_ms,31.629892
1779793352.768,/benchmark/inference_ms,33.200729
1779793352.820,/benchmark/inference_ms,32.738075
1779793352.872,/benchmark/inference_ms,33.149433
1779793352.925,/benchmark/inference_ms,31.328711
1779793352.978,/benchmark/inference_ms,32.399040
1779793353.026,/benchmark/inference_ms,27.751936
1779793353.077,/benchmark/inference_ms,32.085537
1779793353.128,/benchmark/inference_ms,32.619392
1779793353.181,/benchmark/inference_ms,32.353249
1779793353.230,/benchmark/inference_ms,31.067049
1779793353.283,/benchmark/inference_ms,31.872803
1779793353.336,/benchmark/inference_ms,32.716991
1779793353.388,/benchmark/inference_ms,31.198824
1779793353.441,/benchmark/inference_ms,32.389759
1779793353.487,/benchmark/inference_ms,28.937943
1779793353.539,/benchmark/inference_ms,32.375870
1779793353.589,/benchmark/inference_ms,32.475742
1779793353.642,/benchmark/inference_ms,32.787518
1779793353.696,/benchmark/inference_ms,32.936028
1779793353.749,/benchmark/inference_ms,31.237703
1779793353.799,/benchmark/inference_ms,31.083017
1779793353.850,/benchmark/inference_ms,32.170528
1779793353.903,/benchmark/inference_ms,32.867741
1779793353.951,/benchmark/inference_ms,27.503521
1779793354.003,/benchmark/inference_ms,31.258408
1779793354.055,/benchmark/inference_ms,31.109224
1779793354.107,/benchmark/inference_ms,32.895355
1779793354.160,/benchmark/inference_ms,32.739552
1779793354.211,/benchmark/inference_ms,31.261736
1779793354.261,/benchmark/inference_ms,32.283009
1779793354.312,/benchmark/inference_ms,31.166569
1779793354.365,/benchmark/inference_ms,32.850555
1779793354.410,/benchmark/inference_ms,25.085875
1779793354.464,/benchmark/inference_ms,31.711973
1779793354.513,/benchmark/inference_ms,31.566246
1779793354.565,/benchmark/inference_ms,32.250851
1779793354.615,/benchmark/inference_ms,32.303009
1779793354.666,/benchmark/inference_ms,31.607014
1779793354.717,/benchmark/inference_ms,32.365761
1779793354.770,/benchmark/inference_ms,32.218403
1779793354.821,/benchmark/inference_ms,31.456871
1779793354.873,/benchmark/inference_ms,30.651979
1779793354.925,/benchmark/inference_ms,31.020105
1779793354.979,/benchmark/inference_ms,33.024189
1779793355.028,/benchmark/inference_ms,31.021290
1779793355.081,/benchmark/inference_ms,32.263554
1779793355.128,/benchmark/inference_ms,28.535803
1779793355.182,/benchmark/inference_ms,32.846687
1779793355.235,/benchmark/inference_ms,32.990234
1779793355.285,/benchmark/inference_ms,31.707685
1779793355.336,/benchmark/inference_ms,30.869291
1779793355.388,/benchmark/inference_ms,32.692829
1779793355.441,/benchmark/inference_ms,32.321346
1779793355.491,/benchmark/inference_ms,32.679710
1779793355.542,/benchmark/inference_ms,31.185610
1779793355.589,/benchmark/inference_ms,27.818752
1779793355.641,/benchmark/inference_ms,31.572262
1779793355.694,/benchmark/inference_ms,31.739557
1779793355.745,/benchmark/inference_ms,32.557793
1779793355.799,/benchmark/inference_ms,31.259594
1779793355.848,/benchmark/inference_ms,30.782988
1779793355.903,/benchmark/inference_ms,32.814781
1779793355.955,/benchmark/inference_ms,32.877308
1779793356.006,/benchmark/inference_ms,31.266857
1779793356.053,/benchmark/inference_ms,28.306236
1779793356.106,/benchmark/inference_ms,32.327297
1779793356.159,/benchmark/inference_ms,32.272034
1779793356.211,/benchmark/inference_ms,33.209595
1779793356.260,/benchmark/inference_ms,32.000134
1779793356.314,/benchmark/inference_ms,31.957060
1779793356.365,/benchmark/inference_ms,32.003426
1779793356.421,/benchmark/inference_ms,33.081406
1779793356.469,/benchmark/inference_ms,31.536072
1779793356.516,/benchmark/inference_ms,28.673628
1779793356.567,/benchmark/inference_ms,31.773605
1779793356.619,/benchmark/inference_ms,31.866566
1779793356.671,/benchmark/inference_ms,32.581566
1779793356.724,/benchmark/inference_ms,31.984100
1779793356.777,/benchmark/inference_ms,32.621632
1779793356.827,/benchmark/inference_ms,32.365475
1779793356.881,/benchmark/inference_ms,31.199369
1779793356.930,/benchmark/inference_ms,30.947243
1779793356.977,/benchmark/inference_ms,27.121124
1779793357.029,/benchmark/inference_ms,31.464136
1779793357.082,/benchmark/inference_ms,32.224674
1779793357.133,/benchmark/inference_ms,32.572960
1779793357.187,/benchmark/inference_ms,32.900063
1779793357.241,/benchmark/inference_ms,32.160770
1779793357.289,/benchmark/inference_ms,32.094181
1779793357.342,/benchmark/inference_ms,32.318562
1779793357.394,/benchmark/inference_ms,31.982180
1779793357.443,/benchmark/inference_ms,28.591579
1779793357.496,/benchmark/inference_ms,31.685543
1779793357.549,/benchmark/inference_ms,32.366913
1779793357.598,/benchmark/inference_ms,32.327873
1779793357.653,/benchmark/inference_ms,32.710655
1779793357.705,/benchmark/inference_ms,32.003490
1779793357.755,/benchmark/inference_ms,31.077993
1779793357.806,/benchmark/inference_ms,30.717869
1779793357.859,/benchmark/inference_ms,32.327522
1779793357.912,/benchmark/inference_ms,32.728737
1779793357.961,/benchmark/inference_ms,31.280554
1779793358.013,/benchmark/inference_ms,31.335239
1779793358.064,/benchmark/inference_ms,30.938124
1779793358.119,/benchmark/inference_ms,32.822334
1779793358.166,/benchmark/inference_ms,28.519484
1779793358.219,/benchmark/inference_ms,32.165348
1779793358.270,/benchmark/inference_ms,32.320065
1779793358.319,/benchmark/inference_ms,31.172489
1779793358.372,/benchmark/inference_ms,31.456841
1779793358.424,/benchmark/inference_ms,32.586494
1779793358.477,/benchmark/inference_ms,31.246027
1779793358.530,/benchmark/inference_ms,32.732765
1779793358.582,/benchmark/inference_ms,33.067070
1779793358.630,/benchmark/inference_ms,28.268927
1779793358.681,/benchmark/inference_ms,31.252424
1779793358.734,/benchmark/inference_ms,31.197994
1779793358.787,/benchmark/inference_ms,32.440674
1779793358.839,/benchmark/inference_ms,32.209923
1779793358.888,/benchmark/inference_ms,32.517090
1779793358.939,/benchmark/inference_ms,31.975588
1779793358.991,/benchmark/inference_ms,32.780735
1779793359.042,/benchmark/inference_ms,32.437954
1779793359.091,/benchmark/inference_ms,28.702650
1779793359.141,/benchmark/inference_ms,32.588131
1779793359.193,/benchmark/inference_ms,32.500706
1779793359.246,/benchmark/inference_ms,32.346241
1779793359.297,/benchmark/inference_ms,32.407906
1779793359.350,/benchmark/inference_ms,30.936811
1779793359.398,/benchmark/inference_ms,31.155914
1779793359.452,/benchmark/inference_ms,31.878950
1779793359.504,/benchmark/inference_ms,32.660736
1779793359.551,/benchmark/inference_ms,27.634787
1779793359.600,/benchmark/inference_ms,31.068075
1779793359.652,/benchmark/inference_ms,32.772511
1779793359.705,/benchmark/inference_ms,32.243427
1779793359.759,/benchmark/inference_ms,32.671646
1779793359.809,/benchmark/inference_ms,28.699516
1779793359.857,/benchmark/inference_ms,31.641640
1779793359.910,/benchmark/inference_ms,32.790302
1779793359.962,/benchmark/inference_ms,31.679335
1779793360.015,/benchmark/inference_ms,32.459682
1779793360.065,/benchmark/inference_ms,31.148907
1779793360.115,/benchmark/inference_ms,31.175467
1779793360.169,/benchmark/inference_ms,31.133547
1779793360.218,/benchmark/inference_ms,32.232483
1779793360.266,/benchmark/inference_ms,28.509470
1779793360.318,/benchmark/inference_ms,32.344196
1779793360.368,/benchmark/inference_ms,32.182819
1779793360.421,/benchmark/inference_ms,32.447842
1779793360.470,/benchmark/inference_ms,32.231556
1779793360.526,/benchmark/inference_ms,31.603271
1779793360.575,/benchmark/inference_ms,31.260138
1779793360.627,/benchmark/inference_ms,32.985149
1779793360.680,/benchmark/inference_ms,32.880543
1779793360.725,/benchmark/inference_ms,24.404858
1779793360.774,/benchmark/inference_ms,31.057068
1779793360.828,/benchmark/inference_ms,32.865341
1779793360.879,/benchmark/inference_ms,32.504959
1779793360.931,/benchmark/inference_ms,31.573736
1779793360.981,/benchmark/inference_ms,30.756750
1779793361.034,/benchmark/inference_ms,31.122028
1779793361.083,/benchmark/inference_ms,30.837261
1779793361.135,/benchmark/inference_ms,31.325546
1779793361.186,/benchmark/inference_ms,32.563042
1779793361.240,/benchmark/inference_ms,31.523977
1779793361.287,/benchmark/inference_ms,32.106308
1779793361.340,/benchmark/inference_ms,31.204140
1779793361.392,/benchmark/inference_ms,32.560097
1779793361.440,/benchmark/inference_ms,27.996386
1779793361.493,/benchmark/inference_ms,31.131821
1779793361.544,/benchmark/inference_ms,32.625027
1779793361.594,/benchmark/inference_ms,32.260132
1779793361.646,/benchmark/inference_ms,31.366858
1779793361.699,/benchmark/inference_ms,31.828743
1779793361.751,/benchmark/inference_ms,33.053982
1779793361.804,/benchmark/inference_ms,30.966413
1779793361.854,/benchmark/inference_ms,32.325668
1779793361.901,/benchmark/inference_ms,27.082504
1779793361.952,/benchmark/inference_ms,31.289675
1779793362.004,/benchmark/inference_ms,32.376129
1779793362.054,/benchmark/inference_ms,32.377636
1779793362.109,/benchmark/inference_ms,32.850975
1779793362.156,/benchmark/inference_ms,28.465118
1779793362.207,/benchmark/inference_ms,31.433578
1779793362.262,/benchmark/inference_ms,32.861599
1779793362.314,/benchmark/inference_ms,32.753120
1779793362.363,/benchmark/inference_ms,31.337996
1779793362.415,/benchmark/inference_ms,32.378342
1779793362.466,/benchmark/inference_ms,31.298187
1779793362.520,/benchmark/inference_ms,31.935621
1779793362.573,/benchmark/inference_ms,32.032135
1779793362.623,/benchmark/inference_ms,29.504791
1779793362.672,/benchmark/inference_ms,31.182220
1779793362.724,/benchmark/inference_ms,31.471466
1779793362.777,/benchmark/inference_ms,32.676994
1779793362.830,/benchmark/inference_ms,31.136076
1779793362.877,/benchmark/inference_ms,30.906414
1779793362.925,/benchmark/inference_ms,30.617168
1779793362.979,/benchmark/inference_ms,30.802254
1779793363.034,/benchmark/inference_ms,32.676193
1779793363.080,/benchmark/inference_ms,28.007746
1779793363.131,/benchmark/inference_ms,32.148293
1779793363.182,/benchmark/inference_ms,31.543755
1779793363.237,/benchmark/inference_ms,32.734592
1779793363.301,/benchmark/inference_ms,32.302372
1779793363.334,/benchmark/inference_ms,28.458143
1779793363.389,/benchmark/inference_ms,32.489571
1779793363.437,/benchmark/inference_ms,32.156231
1779793363.490,/benchmark/inference_ms,32.596867
1779793363.540,/benchmark/inference_ms,31.394985
1779793363.594,/benchmark/inference_ms,32.265636
1779793363.643,/benchmark/inference_ms,31.493322
1779793363.696,/benchmark/inference_ms,30.981709
1779793363.746,/benchmark/inference_ms,32.309475
1779793363.790,/benchmark/inference_ms,24.360378
1779793363.843,/benchmark/inference_ms,31.453577
1779793363.892,/benchmark/inference_ms,30.807280
1779793363.943,/benchmark/inference_ms,32.235012
1779793363.994,/benchmark/inference_ms,32.558819
1779793364.042,/benchmark/inference_ms,27.703491
1779793364.094,/benchmark/inference_ms,31.388140
1779793364.146,/benchmark/inference_ms,31.553770
1779793364.198,/benchmark/inference_ms,33.283997
1779793364.250,/benchmark/inference_ms,32.412418
1779793364.302,/benchmark/inference_ms,31.524235
1779793364.351,/benchmark/inference_ms,32.137157
1779793364.402,/benchmark/inference_ms,32.482307
1779793364.458,/benchmark/inference_ms,32.633091
1779793364.499,/benchmark/inference_ms,24.984215
1779793364.550,/benchmark/inference_ms,30.975855
1779793364.601,/benchmark/inference_ms,32.448292
1779793364.654,/benchmark/inference_ms,32.216007
1779793364.706,/benchmark/inference_ms,33.170334
1779793364.756,/benchmark/inference_ms,30.707279
1779793364.808,/benchmark/inference_ms,31.365036
1779793364.860,/benchmark/inference_ms,30.741455
1779793364.910,/benchmark/inference_ms,32.581059
1779793364.964,/benchmark/inference_ms,32.955872
1779793365.018,/benchmark/inference_ms,32.723331
1779793365.072,/benchmark/inference_ms,31.526539
1779793365.121,/benchmark/inference_ms,32.134502
1779793365.173,/benchmark/inference_ms,32.222214
1779793365.222,/benchmark/inference_ms,29.343128
1779793365.273,/benchmark/inference_ms,31.408461
1779793365.326,/benchmark/inference_ms,31.183788
1779793365.379,/benchmark/inference_ms,33.239422
1779793365.431,/benchmark/inference_ms,31.165133
1779793365.481,/benchmark/inference_ms,31.260908
1779793365.533,/benchmark/inference_ms,32.130630
1779793365.584,/benchmark/inference_ms,32.780704
1779793365.639,/benchmark/inference_ms,32.873283
1779793365.683,/benchmark/inference_ms,26.970633
1779793365.732,/benchmark/inference_ms,30.845392
1779793365.781,/benchmark/inference_ms,31.147596
1779793365.832,/benchmark/inference_ms,32.831169
1779793365.882,/benchmark/inference_ms,31.297516
1779793365.931,/benchmark/inference_ms,30.713680
1779793365.984,/benchmark/inference_ms,32.526371
1779793366.033,/benchmark/inference_ms,32.365509
1779793366.085,/benchmark/inference_ms,32.371429
1779793366.137,/benchmark/inference_ms,32.337093
1779793366.187,/benchmark/inference_ms,31.523724
1779793366.238,/benchmark/inference_ms,32.115623
1779793366.292,/benchmark/inference_ms,31.202702
1779793366.341,/benchmark/inference_ms,32.197926
1779793366.389,/benchmark/inference_ms,30.021782
1779793366.439,/benchmark/inference_ms,31.691723
1779793366.491,/benchmark/inference_ms,31.915144
1779793366.543,/benchmark/inference_ms,32.962048
1779793366.595,/benchmark/inference_ms,31.197390
1779793366.638,/benchmark/inference_ms,23.723104
1779793366.687,/benchmark/inference_ms,30.862991
1779793366.742,/benchmark/inference_ms,32.591682
1779793366.794,/benchmark/inference_ms,32.640869
1779793366.847,/benchmark/inference_ms,32.699970
1779793366.902,/benchmark/inference_ms,32.326759
1779793366.953,/benchmark/inference_ms,32.894978
1779793367.006,/benchmark/inference_ms,32.830467
1779793367.060,/benchmark/inference_ms,32.423046
1779793367.107,/benchmark/inference_ms,26.651661
1779793367.158,/benchmark/inference_ms,32.019913
1779793367.211,/benchmark/inference_ms,31.780842
1779793367.262,/benchmark/inference_ms,32.150185
1779793367.314,/benchmark/inference_ms,32.800034
1779793367.362,/benchmark/inference_ms,28.738718
1779793367.415,/benchmark/inference_ms,32.954689
1779793367.469,/benchmark/inference_ms,32.163589
1779793367.521,/benchmark/inference_ms,32.460869
1779793367.571,/benchmark/inference_ms,31.921610
1779793367.626,/benchmark/inference_ms,32.534756
1779793367.677,/benchmark/inference_ms,32.369957
1779793367.731,/benchmark/inference_ms,33.019394
1779793367.786,/benchmark/inference_ms,30.956846
1779793367.830,/benchmark/inference_ms,28.661983
1779793367.881,/benchmark/inference_ms,32.087208
1779793367.934,/benchmark/inference_ms,32.150566
1779793367.987,/benchmark/inference_ms,31.292494
1779793368.034,/benchmark/inference_ms,31.358574
1779793368.085,/benchmark/inference_ms,31.098606
1779793368.138,/benchmark/inference_ms,32.894756
1779793368.188,/benchmark/inference_ms,32.318760
1779793368.241,/benchmark/inference_ms,33.022083
1779793368.292,/benchmark/inference_ms,27.457031
1779793368.339,/benchmark/inference_ms,31.306156
1779793368.390,/benchmark/inference_ms,30.972368
1779793368.441,/benchmark/inference_ms,31.968201
1779793368.497,/benchmark/inference_ms,34.774647
1779793368.545,/benchmark/inference_ms,28.832317
1779793368.598,/benchmark/inference_ms,31.357517
1779793368.651,/benchmark/inference_ms,31.312046
1779793368.704,/benchmark/inference_ms,32.169926
1779793368.758,/benchmark/inference_ms,33.116673
1779793368.799,/benchmark/inference_ms,22.002989
1779793368.840,/benchmark/inference_ms,22.341322
1779793368.882,/benchmark/inference_ms,22.491753
1779793368.923,/benchmark/inference_ms,22.463305
1779793368.965,/benchmark/inference_ms,22.524679
1779793369.005,/benchmark/inference_ms,22.311434
1779793369.048,/benchmark/inference_ms,22.116877
1779793369.090,/benchmark/inference_ms,22.342955
1779793369.130,/benchmark/inference_ms,22.001869
1779793369.171,/benchmark/inference_ms,22.268522
1779793369.215,/benchmark/inference_ms,22.490568
1779793369.256,/benchmark/inference_ms,22.173483
1779793369.298,/benchmark/inference_ms,22.276234
1779793369.340,/benchmark/inference_ms,22.008171
1779793369.380,/benchmark/inference_ms,22.325962
1779793369.421,/benchmark/inference_ms,22.099213
1779793369.463,/benchmark/inference_ms,22.455688
1779793369.504,/benchmark/inference_ms,22.480392
1779793369.548,/benchmark/inference_ms,23.133892
1779793369.596,/benchmark/inference_ms,26.478991
1779793369.642,/benchmark/inference_ms,25.548307
1779793369.688,/benchmark/inference_ms,24.778200
1779793369.733,/benchmark/inference_ms,25.084696
1779793369.778,/benchmark/inference_ms,25.148151
1779793369.824,/benchmark/inference_ms,25.358837
1779793369.869,/benchmark/inference_ms,24.419004
1779793369.919,/benchmark/inference_ms,24.394333
1779793369.962,/benchmark/inference_ms,24.911064
1779793370.007,/benchmark/inference_ms,24.215199
1779793370.054,/benchmark/inference_ms,24.185982
1779793370.098,/benchmark/inference_ms,24.547291
1779793370.142,/benchmark/inference_ms,24.199806
1779793370.187,/benchmark/inference_ms,24.397661
1779793370.234,/benchmark/inference_ms,24.508923
1779793370.276,/benchmark/inference_ms,24.272221
1779793370.327,/benchmark/inference_ms,24.402140
1779793370.367,/benchmark/inference_ms,24.222652
1779793370.412,/benchmark/inference_ms,25.042265
1779793370.457,/benchmark/inference_ms,24.234077
1779793370.514,/benchmark/inference_ms,24.417500
1779793370.548,/benchmark/inference_ms,24.221214
1779793370.595,/benchmark/inference_ms,24.435196
1779793370.639,/benchmark/inference_ms,24.636219
1779793370.683,/benchmark/inference_ms,24.189981
1779793370.729,/benchmark/inference_ms,23.896608
1779793370.773,/benchmark/inference_ms,24.370300
1779793370.817,/benchmark/inference_ms,24.431419
1779793370.862,/benchmark/inference_ms,24.417660
1779793370.909,/benchmark/inference_ms,24.104990
1779793370.954,/benchmark/inference_ms,24.258654
1779793370.998,/benchmark/inference_ms,24.299389
1779793371.043,/benchmark/inference_ms,25.008345
1779793371.088,/benchmark/inference_ms,24.350748
1779793371.135,/benchmark/inference_ms,24.274750
1779793371.179,/benchmark/inference_ms,24.213566
1779793371.224,/benchmark/inference_ms,24.989784
1779793371.269,/benchmark/inference_ms,24.221853
1779793371.315,/benchmark/inference_ms,24.248573
1779793371.362,/benchmark/inference_ms,24.385435
1779793371.407,/benchmark/inference_ms,24.725594
1779793371.450,/benchmark/inference_ms,24.161566
1779793371.496,/benchmark/inference_ms,24.285759
1779793371.540,/benchmark/inference_ms,24.122110
1779793371.587,/benchmark/inference_ms,24.831289
1779793371.632,/benchmark/inference_ms,24.392668
1779793371.678,/benchmark/inference_ms,24.303711
1779793371.722,/benchmark/inference_ms,24.161533
1779793371.770,/benchmark/inference_ms,24.253918
1779793371.811,/benchmark/inference_ms,24.677563
1779793371.859,/benchmark/inference_ms,24.390909
1779793371.904,/benchmark/inference_ms,24.239389
1779793371.946,/benchmark/inference_ms,24.156862
1779793371.990,/benchmark/inference_ms,24.338396
1779793372.037,/benchmark/inference_ms,24.757210
1779793372.085,/benchmark/inference_ms,24.214144
1779793372.127,/benchmark/inference_ms,24.437597
1779793372.172,/benchmark/inference_ms,24.471548
1779793372.218,/benchmark/inference_ms,24.289564
1779793372.263,/benchmark/inference_ms,24.840538
1779793372.308,/benchmark/inference_ms,24.305790
1779793372.355,/benchmark/inference_ms,24.043007
1779793372.399,/benchmark/inference_ms,24.325886
1779793372.444,/benchmark/inference_ms,24.863707
1779793372.489,/benchmark/inference_ms,24.299772
1779793372.534,/benchmark/inference_ms,24.240511
1779793372.584,/benchmark/inference_ms,24.518364
1779793372.627,/benchmark/inference_ms,24.437660
1779793372.670,/benchmark/inference_ms,24.744572
1779793372.715,/benchmark/inference_ms,24.364861
1779793372.762,/benchmark/inference_ms,24.374620
1779793372.806,/benchmark/inference_ms,24.267870
1779793372.851,/benchmark/inference_ms,24.888826
1779793372.895,/benchmark/inference_ms,24.225086
1779793372.939,/benchmark/inference_ms,24.236254
1779793372.986,/benchmark/inference_ms,24.373917
1779793373.030,/benchmark/inference_ms,24.215231
1779793373.079,/benchmark/inference_ms,24.614843
1779793373.122,/benchmark/inference_ms,24.387836
1779793373.165,/benchmark/inference_ms,24.195646
1779793373.212,/benchmark/inference_ms,24.288670
1779793373.257,/benchmark/inference_ms,24.856762
1779793373.302,/benchmark/inference_ms,24.299549
1779793373.348,/benchmark/inference_ms,24.417213
1779793373.394,/benchmark/inference_ms,24.481916
1779793373.437,/benchmark/inference_ms,24.674908
1779793373.482,/benchmark/inference_ms,24.254686
1779793373.528,/benchmark/inference_ms,24.131998
1779793373.574,/benchmark/inference_ms,24.234430
1779793373.621,/benchmark/inference_ms,24.237183
1779793373.663,/benchmark/inference_ms,24.969658
1779793373.708,/benchmark/inference_ms,24.175488
1779793373.754,/benchmark/inference_ms,24.458204
1779793373.800,/benchmark/inference_ms,24.317822
1779793373.845,/benchmark/inference_ms,24.599195
1779793373.890,/benchmark/inference_ms,25.010521
1779793373.935,/benchmark/inference_ms,24.066942
1779793373.980,/benchmark/inference_ms,24.210205
1779793374.041,/benchmark/inference_ms,24.583357
1779793374.071,/benchmark/inference_ms,24.623837
1779793374.116,/benchmark/inference_ms,24.449055
1779793374.161,/benchmark/inference_ms,24.302975
1779793374.208,/benchmark/inference_ms,24.360094
1779793374.253,/benchmark/inference_ms,24.440510
1779793374.298,/benchmark/inference_ms,24.606205
1779793374.343,/benchmark/inference_ms,24.209343
1779793374.389,/benchmark/inference_ms,24.311199
1779793374.435,/benchmark/inference_ms,24.322239
1779793374.478,/benchmark/inference_ms,24.297630
1779793374.522,/benchmark/inference_ms,24.692028
1779793374.568,/benchmark/inference_ms,24.134016
1779793374.613,/benchmark/inference_ms,24.490206
1779793374.659,/benchmark/inference_ms,24.304543
1779793374.703,/benchmark/inference_ms,24.239038
1779793374.750,/benchmark/inference_ms,24.679674
1779793374.793,/benchmark/inference_ms,24.227165
1779793374.839,/benchmark/inference_ms,24.189919
1779793374.884,/benchmark/inference_ms,24.294943
1779793374.929,/benchmark/inference_ms,24.841820
1779793374.979,/benchmark/inference_ms,24.177088
1779793375.022,/benchmark/inference_ms,24.067392
1779793375.064,/benchmark/inference_ms,24.224735
1779793375.111,/benchmark/inference_ms,24.827194
1779793375.158,/benchmark/inference_ms,24.284895
1779793375.203,/benchmark/inference_ms,24.293919
1779793375.247,/benchmark/inference_ms,24.359741
1779793375.298,/benchmark/inference_ms,25.049019
1779793375.343,/benchmark/inference_ms,24.321535
1779793375.384,/benchmark/inference_ms,24.382399
1779793375.428,/benchmark/inference_ms,24.414621
1779793375.475,/benchmark/inference_ms,24.914555
1779793375.519,/benchmark/inference_ms,24.167070
1779793375.563,/benchmark/inference_ms,24.302366
1779793375.611,/benchmark/inference_ms,24.562429
1779793375.655,/benchmark/inference_ms,24.320158
1779793375.700,/benchmark/inference_ms,24.738779
1779793375.745,/benchmark/inference_ms,24.342495
1779793375.791,/benchmark/inference_ms,24.092800
1779793375.836,/benchmark/inference_ms,24.544861
1779793375.881,/benchmark/inference_ms,24.779133
1779793375.926,/benchmark/inference_ms,24.253759
1779793375.970,/benchmark/inference_ms,24.391455
1779793376.019,/benchmark/inference_ms,24.328831
1779793376.062,/benchmark/inference_ms,24.332703
1779793376.108,/benchmark/inference_ms,24.660412
1779793376.152,/benchmark/inference_ms,24.265280
1779793376.199,/benchmark/inference_ms,24.227200
1779793376.243,/benchmark/inference_ms,24.291327
1779793376.289,/benchmark/inference_ms,25.333368
1779793376.336,/benchmark/inference_ms,25.835573
1779793376.384,/benchmark/inference_ms,26.916941
1779793376.430,/benchmark/inference_ms,26.738861
1779793376.480,/benchmark/inference_ms,26.733261
1779793376.528,/benchmark/inference_ms,26.503023
1779793376.579,/benchmark/inference_ms,26.326738
1779793376.624,/benchmark/inference_ms,26.905102
1779793376.675,/benchmark/inference_ms,26.180786
1779793376.722,/benchmark/inference_ms,26.275345
1779793376.770,/benchmark/inference_ms,26.401777
1779793376.817,/benchmark/inference_ms,26.620878
1779793376.866,/benchmark/inference_ms,26.743118
1779793376.913,/benchmark/inference_ms,26.588079
1779793376.962,/benchmark/inference_ms,26.827534
1779793377.011,/benchmark/inference_ms,26.091475
1779793377.059,/benchmark/inference_ms,26.267666
1779793377.107,/benchmark/inference_ms,26.045172
1779793377.155,/benchmark/inference_ms,26.991150
1779793377.203,/benchmark/inference_ms,26.698191
1779793377.251,/benchmark/inference_ms,26.461010
1779793377.297,/benchmark/inference_ms,24.337439
1779793377.342,/benchmark/inference_ms,24.677980
1779793377.387,/benchmark/inference_ms,25.397753
1779793377.432,/benchmark/inference_ms,23.906305
1779793377.477,/benchmark/inference_ms,24.440607
1779793377.524,/benchmark/inference_ms,24.996923
1779793377.568,/benchmark/inference_ms,24.392191
1779793377.616,/benchmark/inference_ms,24.266495
1779793377.661,/benchmark/inference_ms,24.168545
1779793377.705,/benchmark/inference_ms,24.996571
1779793377.752,/benchmark/inference_ms,24.231585
1779793377.797,/benchmark/inference_ms,24.619038
1779793377.842,/benchmark/inference_ms,24.566814
1779793377.887,/benchmark/inference_ms,24.709917
1779793377.934,/benchmark/inference_ms,24.370174
1779793377.981,/benchmark/inference_ms,24.673502
1779793378.025,/benchmark/inference_ms,24.622782
1779793378.070,/benchmark/inference_ms,24.349791
1779793378.116,/benchmark/inference_ms,24.053345
1779793378.161,/benchmark/inference_ms,24.470238
1779793378.206,/benchmark/inference_ms,24.924828
1779793378.251,/benchmark/inference_ms,24.198175
1779793378.296,/benchmark/inference_ms,24.370943
1779793378.341,/benchmark/inference_ms,24.509951
1779793378.385,/benchmark/inference_ms,24.534046
1779793378.430,/benchmark/inference_ms,25.022554
1779793378.476,/benchmark/inference_ms,24.403744
1779793378.525,/benchmark/inference_ms,24.188160
1779793378.570,/benchmark/inference_ms,24.007137
1779793378.614,/benchmark/inference_ms,24.603613
1779793378.658,/benchmark/inference_ms,24.289183
1779793378.703,/benchmark/inference_ms,24.389023
1779793378.748,/benchmark/inference_ms,24.734941
1779793378.793,/benchmark/inference_ms,24.999548
1779793378.838,/benchmark/inference_ms,24.320030
1779793378.885,/benchmark/inference_ms,24.523357
1779793378.931,/benchmark/inference_ms,24.827389
1779793378.976,/benchmark/inference_ms,24.410110
1779793379.023,/benchmark/inference_ms,24.402494
1779793379.070,/benchmark/inference_ms,25.178394
1779793379.117,/benchmark/inference_ms,24.341536
1779793379.160,/benchmark/inference_ms,24.391232
1779793379.205,/benchmark/inference_ms,24.542366
1779793379.250,/benchmark/inference_ms,24.487423
1779793379.296,/benchmark/inference_ms,25.439928
1779793379.341,/benchmark/inference_ms,24.485247
1779793379.388,/benchmark/inference_ms,24.936924
1779793379.434,/benchmark/inference_ms,24.971516
1779793379.479,/benchmark/inference_ms,24.303360
1779793379.527,/benchmark/inference_ms,24.020258
1779793379.570,/benchmark/inference_ms,24.463326
1779793379.616,/benchmark/inference_ms,24.745628
1779793379.665,/benchmark/inference_ms,24.333696
1779793379.708,/benchmark/inference_ms,24.660191
1779793379.753,/benchmark/inference_ms,24.653437
1779793379.799,/benchmark/inference_ms,24.850044
1779793379.846,/benchmark/inference_ms,24.715261
1779793379.893,/benchmark/inference_ms,25.276379
1779793379.941,/benchmark/inference_ms,25.481592
1779793379.986,/benchmark/inference_ms,24.834717
1779793380.031,/benchmark/inference_ms,24.505117
1779793380.078,/benchmark/inference_ms,25.168026
1779793380.123,/benchmark/inference_ms,24.908125
1779793380.168,/benchmark/inference_ms,25.086843
1779793380.213,/benchmark/inference_ms,24.726589
1779793380.259,/benchmark/inference_ms,24.611166
1779793380.304,/benchmark/inference_ms,24.360415
1779793380.349,/benchmark/inference_ms,24.612574
1779793380.394,/benchmark/inference_ms,25.236761
1779793380.440,/benchmark/inference_ms,24.599518
1779793380.486,/benchmark/inference_ms,25.179995
1779793380.532,/benchmark/inference_ms,24.512573
1779793380.578,/benchmark/inference_ms,25.206587
1779793380.622,/benchmark/inference_ms,24.725372
1779793380.668,/benchmark/inference_ms,24.904604
1779793380.712,/benchmark/inference_ms,24.580093
1779793380.758,/benchmark/inference_ms,24.991709
1779793380.805,/benchmark/inference_ms,24.464928
1779793380.851,/benchmark/inference_ms,24.779613
1779793380.899,/benchmark/inference_ms,25.086939
1779793380.942,/benchmark/inference_ms,24.496574
1779793380.989,/benchmark/inference_ms,24.694399
1779793381.036,/benchmark/inference_ms,24.367041
1779793381.079,/benchmark/inference_ms,24.828030
1779793381.124,/benchmark/inference_ms,24.228481
1779793381.171,/benchmark/inference_ms,24.518911
1779793381.216,/benchmark/inference_ms,24.609856
1779793381.263,/benchmark/inference_ms,24.575806
1779793381.309,/benchmark/inference_ms,24.261057
1779793381.353,/benchmark/inference_ms,24.565502
1779793381.398,/benchmark/inference_ms,25.153723
1779793381.443,/benchmark/inference_ms,24.367744
1779793381.490,/benchmark/inference_ms,24.472321
1779793381.536,/benchmark/inference_ms,25.079643
1779793381.580,/benchmark/inference_ms,24.397472
1779793381.628,/benchmark/inference_ms,24.723774
1779793381.673,/benchmark/inference_ms,24.584381
1779793381.720,/benchmark/inference_ms,24.312672
1779793381.765,/benchmark/inference_ms,24.044674
1779793381.809,/benchmark/inference_ms,24.418112
1779793381.858,/benchmark/inference_ms,25.152796
1779793381.903,/benchmark/inference_ms,24.885532
1779793381.948,/benchmark/inference_ms,25.184252
1779793381.994,/benchmark/inference_ms,24.980349
1779793382.039,/benchmark/inference_ms,24.223202
1779793382.086,/benchmark/inference_ms,24.990299
1779793382.130,/benchmark/inference_ms,24.803516
1779793382.177,/benchmark/inference_ms,25.062843
1779793382.224,/benchmark/inference_ms,24.626816
1779793382.269,/benchmark/inference_ms,24.989693
1779793382.315,/benchmark/inference_ms,24.572479
1779793382.362,/benchmark/inference_ms,24.478144
1779793382.406,/benchmark/inference_ms,24.491743
1779793382.451,/benchmark/inference_ms,24.741919
1779793382.496,/benchmark/inference_ms,24.264769
1779793382.543,/benchmark/inference_ms,24.424225
1779793382.589,/benchmark/inference_ms,25.373211
1779793382.635,/benchmark/inference_ms,24.403488
1779793382.681,/benchmark/inference_ms,24.591806
1779793382.726,/benchmark/inference_ms,24.375072
1779793382.770,/benchmark/inference_ms,24.102242
1779793382.817,/benchmark/inference_ms,24.407103
1779793382.861,/benchmark/inference_ms,23.932579
1779793382.907,/benchmark/inference_ms,24.140898
1779793382.952,/benchmark/inference_ms,24.233313
1779793382.997,/benchmark/inference_ms,24.182592
1779793383.042,/benchmark/inference_ms,24.202530
1779793383.086,/benchmark/inference_ms,24.538977
1779793383.131,/benchmark/inference_ms,24.394176
1779793383.176,/benchmark/inference_ms,24.984476
1779793383.221,/benchmark/inference_ms,24.899357
1779793383.264,/benchmark/inference_ms,24.489056
1779793383.313,/benchmark/inference_ms,25.149242
1779793383.359,/benchmark/inference_ms,24.887709
1779793383.405,/benchmark/inference_ms,24.501022
1779793383.451,/benchmark/inference_ms,24.720608
1779793383.497,/benchmark/inference_ms,24.953596
1779793383.542,/benchmark/inference_ms,24.376961
1779793383.587,/benchmark/inference_ms,24.394432
1779793383.634,/benchmark/inference_ms,24.807165
1779793383.678,/benchmark/inference_ms,25.113276
1779793383.724,/benchmark/inference_ms,24.363970
1779793383.770,/benchmark/inference_ms,24.109667
1779793383.815,/benchmark/inference_ms,24.767517
1779793383.862,/benchmark/inference_ms,24.265184
1779793383.909,/benchmark/inference_ms,24.410303
1779793383.955,/benchmark/inference_ms,24.975515
1779793384.000,/benchmark/inference_ms,24.634560
1779793384.045,/benchmark/inference_ms,24.479521
1779793384.093,/benchmark/inference_ms,25.440826
1779793384.138,/benchmark/inference_ms,24.758270
1779793384.185,/benchmark/inference_ms,26.026773
1779793384.230,/benchmark/inference_ms,25.218651
1779793384.277,/benchmark/inference_ms,24.850269
1779793384.323,/benchmark/inference_ms,24.586527
1779793384.370,/benchmark/inference_ms,24.884220
1779793384.416,/benchmark/inference_ms,24.869629
1779793384.462,/benchmark/inference_ms,24.470177
1779793384.507,/benchmark/inference_ms,24.584000
1779793384.553,/benchmark/inference_ms,24.805374
1779793384.598,/benchmark/inference_ms,24.433537
1779793384.646,/benchmark/inference_ms,24.329058
1779793384.692,/benchmark/inference_ms,24.577120
1779793384.739,/benchmark/inference_ms,24.485121
1779793384.780,/benchmark/inference_ms,24.507936
1779793384.828,/benchmark/inference_ms,25.335932
1779793384.876,/benchmark/inference_ms,26.308851
1779793384.925,/benchmark/inference_ms,26.636690
1779793384.974,/benchmark/inference_ms,27.066256
1779793385.022,/benchmark/inference_ms,26.644945
1779793385.070,/benchmark/inference_ms,26.133366
1779793385.115,/benchmark/inference_ms,24.394562
1779793385.160,/benchmark/inference_ms,24.162594
1779793385.206,/benchmark/inference_ms,24.352545
1779793385.250,/benchmark/inference_ms,24.500832
1779793385.294,/benchmark/inference_ms,24.226242
1779793385.339,/benchmark/inference_ms,24.268387
1779793385.387,/benchmark/inference_ms,27.304142
1779793385.431,/benchmark/inference_ms,24.395073
1779793385.476,/benchmark/inference_ms,24.310978
1779793385.521,/benchmark/inference_ms,24.434593
1779793385.567,/benchmark/inference_ms,24.459936
1779793385.611,/benchmark/inference_ms,24.176706
1779793385.655,/benchmark/inference_ms,24.280289
1779793385.699,/benchmark/inference_ms,24.944124
1779793385.745,/benchmark/inference_ms,24.428577
1779793385.789,/benchmark/inference_ms,24.520191
1779793385.833,/benchmark/inference_ms,24.332384
1779793385.880,/benchmark/inference_ms,24.515905
1779793385.926,/benchmark/inference_ms,24.595966
1779793385.973,/benchmark/inference_ms,24.640320
1779793386.018,/benchmark/inference_ms,24.294819
1779793386.063,/benchmark/inference_ms,24.483969
1779793386.108,/benchmark/inference_ms,24.780479
1779793386.152,/benchmark/inference_ms,24.600702
1779793386.196,/benchmark/inference_ms,24.453730
1779793386.241,/benchmark/inference_ms,24.097475
1779793386.286,/benchmark/inference_ms,25.301403
1779793386.332,/benchmark/inference_ms,24.424641
1779793386.377,/benchmark/inference_ms,24.782143
1779793386.423,/benchmark/inference_ms,25.008060
1779793386.468,/benchmark/inference_ms,25.091005
1779793386.513,/benchmark/inference_ms,25.181948
1779793386.560,/benchmark/inference_ms,25.243452
1779793386.607,/benchmark/inference_ms,25.010044
1779793386.653,/benchmark/inference_ms,25.297018
1779793386.702,/benchmark/inference_ms,29.010340
1779793386.748,/benchmark/inference_ms,25.322811
1779793386.795,/benchmark/inference_ms,25.277117
1779793386.841,/benchmark/inference_ms,25.428059
1779793386.887,/benchmark/inference_ms,25.039644
1779793386.935,/benchmark/inference_ms,25.304764
1779793386.982,/benchmark/inference_ms,25.480442
1779793387.029,/benchmark/inference_ms,24.798845
1779793387.074,/benchmark/inference_ms,25.051294
1779793387.121,/benchmark/inference_ms,25.483643
1779793387.165,/benchmark/inference_ms,24.487808
1779793387.211,/benchmark/inference_ms,25.634394
1779793387.256,/benchmark/inference_ms,24.461409
1779793387.303,/benchmark/inference_ms,24.976637
1779793387.348,/benchmark/inference_ms,24.339426
1779793387.394,/benchmark/inference_ms,25.629946
1779793387.441,/benchmark/inference_ms,24.640736
1779793387.486,/benchmark/inference_ms,25.036957
1779793387.532,/benchmark/inference_ms,24.919167
1779793387.578,/benchmark/inference_ms,24.690784
1779793387.624,/benchmark/inference_ms,24.821024
1779793387.671,/benchmark/inference_ms,25.142780
1779793387.717,/benchmark/inference_ms,25.579739
1779793387.762,/benchmark/inference_ms,24.612225
1779793387.809,/benchmark/inference_ms,25.409306
1779793387.855,/benchmark/inference_ms,25.022654
1779793387.901,/benchmark/inference_ms,25.258747
1779793387.946,/benchmark/inference_ms,24.608000
1779793387.995,/benchmark/inference_ms,25.611290
1779793388.043,/benchmark/inference_ms,25.495356
1779793388.089,/benchmark/inference_ms,25.008766
1779793388.136,/benchmark/inference_ms,25.363771
1779793388.181,/benchmark/inference_ms,25.459387
1779793388.234,/benchmark/inference_ms,27.512493
1779793388.279,/benchmark/inference_ms,24.911102
1779793388.324,/benchmark/inference_ms,25.068861
1779793388.369,/benchmark/inference_ms,24.622335
1779793388.415,/benchmark/inference_ms,24.949982
1779793388.462,/benchmark/inference_ms,25.361818
1779793388.508,/benchmark/inference_ms,25.459291
1779793388.555,/benchmark/inference_ms,24.910143
1779793388.602,/benchmark/inference_ms,25.696058
1779793388.646,/benchmark/inference_ms,25.215837
1779793388.693,/benchmark/inference_ms,25.354813
1779793388.738,/benchmark/inference_ms,25.046972
1779793388.786,/benchmark/inference_ms,25.207516
1779793388.832,/benchmark/inference_ms,25.367548
1779793388.877,/benchmark/inference_ms,24.605377
1779793388.925,/benchmark/inference_ms,25.128798
1779793388.970,/benchmark/inference_ms,25.056349
1779793389.016,/benchmark/inference_ms,24.643776
1779793389.061,/benchmark/inference_ms,24.505249
1779793389.108,/benchmark/inference_ms,24.764158
1779793389.151,/benchmark/inference_ms,24.547361
1779793389.194,/benchmark/inference_ms,24.473986
1779793389.239,/benchmark/inference_ms,24.300066
1779793389.285,/benchmark/inference_ms,24.851456
1779793389.330,/benchmark/inference_ms,24.338722
1779793389.375,/benchmark/inference_ms,24.283812
1779793389.420,/benchmark/inference_ms,24.216452
1779793389.465,/benchmark/inference_ms,24.509504
1779793389.512,/benchmark/inference_ms,24.531298
1779793389.555,/benchmark/inference_ms,24.378786
1779793389.601,/benchmark/inference_ms,25.427708
1779793389.647,/benchmark/inference_ms,25.724537
1779793389.693,/benchmark/inference_ms,24.774752
1779793389.740,/benchmark/inference_ms,25.006655
1779793389.786,/benchmark/inference_ms,25.509691
1779793389.831,/benchmark/inference_ms,24.830561
1779793389.876,/benchmark/inference_ms,25.125277
1779793389.926,/benchmark/inference_ms,25.576603
1779793389.972,/benchmark/inference_ms,25.371227
1779793390.018,/benchmark/inference_ms,25.069757
1779793390.065,/benchmark/inference_ms,25.389404
1779793390.111,/benchmark/inference_ms,25.578138
1779793390.157,/benchmark/inference_ms,24.794817
1779793390.207,/benchmark/inference_ms,24.861694
1779793390.248,/benchmark/inference_ms,25.135485
1779793390.293,/benchmark/inference_ms,25.127197
1779793390.340,/benchmark/inference_ms,25.229469
1779793390.385,/benchmark/inference_ms,24.890398
1779793390.432,/benchmark/inference_ms,25.253244
1779793390.477,/benchmark/inference_ms,25.273180
1779793390.524,/benchmark/inference_ms,24.445475
1779793390.569,/benchmark/inference_ms,24.709761
1779793390.615,/benchmark/inference_ms,24.929470
1779793390.660,/benchmark/inference_ms,24.849440
1779793390.705,/benchmark/inference_ms,24.989597
1779793390.751,/benchmark/inference_ms,24.709057
1779793390.798,/benchmark/inference_ms,25.059677
1779793390.843,/benchmark/inference_ms,25.357147
1779793390.888,/benchmark/inference_ms,24.906271
1779793390.936,/benchmark/inference_ms,25.025213
1779793390.982,/benchmark/inference_ms,25.083775
1779793391.028,/benchmark/inference_ms,25.081982
1779793391.074,/benchmark/inference_ms,25.210909
1779793391.122,/benchmark/inference_ms,25.501083
1779793391.168,/benchmark/inference_ms,25.587227
1779793391.213,/benchmark/inference_ms,24.649794
1779793391.261,/benchmark/inference_ms,25.385405
1779793391.306,/benchmark/inference_ms,24.928032
1779793391.352,/benchmark/inference_ms,25.541693
1779793391.398,/benchmark/inference_ms,24.935583
1779793391.445,/benchmark/inference_ms,25.289469
1779793391.490,/benchmark/inference_ms,25.358589
1779793391.538,/benchmark/inference_ms,24.967390
1779793391.584,/benchmark/inference_ms,24.944447
1779793391.628,/benchmark/inference_ms,25.177053
1779793391.673,/benchmark/inference_ms,25.223516
1779793391.719,/benchmark/inference_ms,25.220446
1779793391.765,/benchmark/inference_ms,24.578785
1779793391.811,/benchmark/inference_ms,24.475170
1779793391.857,/benchmark/inference_ms,25.082144
1779793391.922,/benchmark/inference_ms,40.804695
1779793391.975,/benchmark/inference_ms,33.363083
1779793392.027,/benchmark/inference_ms,29.641762
1779793392.082,/benchmark/inference_ms,32.474670
1779793392.131,/benchmark/inference_ms,31.925875
1779793392.188,/benchmark/inference_ms,33.445194
1779793392.244,/benchmark/inference_ms,33.773800
1779793392.300,/benchmark/inference_ms,33.840134
1779793392.356,/benchmark/inference_ms,33.595272
1779793392.412,/benchmark/inference_ms,33.242569
1779793392.466,/benchmark/inference_ms,31.894674
1779793392.520,/benchmark/inference_ms,33.475559
1779793392.574,/benchmark/inference_ms,33.439915
1779793392.630,/benchmark/inference_ms,32.836365
1779793392.685,/benchmark/inference_ms,33.962051
1779793392.742,/benchmark/inference_ms,33.150219
1779793392.796,/benchmark/inference_ms,32.040272
1779793392.850,/benchmark/inference_ms,33.214603
1779793392.905,/benchmark/inference_ms,33.198124
1779793392.960,/benchmark/inference_ms,33.096333
1779793393.019,/benchmark/inference_ms,33.658600
1779793393.074,/benchmark/inference_ms,32.468975
1779793393.126,/benchmark/inference_ms,30.927258
1779793393.178,/benchmark/inference_ms,30.686363
1779793393.230,/benchmark/inference_ms,32.314735
1779793393.283,/benchmark/inference_ms,31.207865
1779793393.331,/benchmark/inference_ms,30.949339
1779793393.384,/benchmark/inference_ms,31.074778
1779793393.434,/benchmark/inference_ms,31.996210
1779793393.486,/benchmark/inference_ms,31.148985
1779793393.538,/benchmark/inference_ms,32.968109
1779793393.587,/benchmark/inference_ms,31.432022
1779793393.639,/benchmark/inference_ms,31.880980
1779793393.692,/benchmark/inference_ms,32.664589
1779793393.744,/benchmark/inference_ms,31.485620
1779793393.797,/benchmark/inference_ms,33.019245
1779793393.848,/benchmark/inference_ms,30.572763
1779793393.899,/benchmark/inference_ms,30.871162
1779793393.953,/benchmark/inference_ms,32.911083
1779793394.006,/benchmark/inference_ms,30.994873
1779793394.055,/benchmark/inference_ms,31.272535
1779793394.108,/benchmark/inference_ms,32.721710
1779793394.159,/benchmark/inference_ms,32.423409
1779793394.212,/benchmark/inference_ms,32.581520
1779793394.263,/benchmark/inference_ms,31.027098
1779793394.316,/benchmark/inference_ms,30.686363
1779793394.368,/benchmark/inference_ms,32.798286
1779793394.419,/benchmark/inference_ms,32.920715
1779793394.472,/benchmark/inference_ms,31.352568
1779793394.526,/benchmark/inference_ms,32.672493
1779793394.577,/benchmark/inference_ms,32.767727
1779793394.629,/benchmark/inference_ms,31.284504
1779793394.678,/benchmark/inference_ms,28.768456
1779793394.731,/benchmark/inference_ms,32.801357
1779793394.785,/benchmark/inference_ms,32.658833
1779793394.838,/benchmark/inference_ms,32.438801
1779793394.885,/benchmark/inference_ms,30.130943
1779793394.937,/benchmark/inference_ms,31.543573
1779793394.991,/benchmark/inference_ms,32.963116
1779793395.044,/benchmark/inference_ms,31.089497
1779793395.092,/benchmark/inference_ms,32.348625
1779793395.146,/benchmark/inference_ms,31.135321
1779793395.198,/benchmark/inference_ms,32.602959
1779793395.251,/benchmark/inference_ms,33.005100
1779793395.300,/benchmark/inference_ms,31.317976
1779793395.352,/benchmark/inference_ms,28.888071
1779793395.404,/benchmark/inference_ms,32.586288
1779793395.456,/benchmark/inference_ms,32.643471
1779793395.506,/benchmark/inference_ms,31.514198
1779793395.558,/benchmark/inference_ms,30.855833
1779793395.609,/benchmark/inference_ms,32.248852
1779793395.662,/benchmark/inference_ms,30.845785
1779793395.711,/benchmark/inference_ms,31.510551
1779793395.763,/benchmark/inference_ms,31.077209
1779793395.811,/benchmark/inference_ms,28.165867
1779793395.863,/benchmark/inference_ms,31.944019
1779793395.915,/benchmark/inference_ms,32.330738
1779793395.965,/benchmark/inference_ms,31.174809
1779793396.017,/benchmark/inference_ms,31.116505
1779793396.070,/benchmark/inference_ms,32.695694
1779793396.122,/benchmark/inference_ms,32.398354
1779793396.174,/benchmark/inference_ms,32.594223
1779793396.229,/benchmark/inference_ms,32.873486
1779793396.277,/benchmark/inference_ms,30.903610
1779793396.332,/benchmark/inference_ms,32.552849
1779793396.385,/benchmark/inference_ms,32.799088
1779793396.437,/benchmark/inference_ms,32.393425
1779793396.480,/benchmark/inference_ms,23.187500
1779793396.533,/benchmark/inference_ms,32.033524
1779793396.583,/benchmark/inference_ms,32.810158
1779793396.636,/benchmark/inference_ms,32.536339
1779793396.690,/benchmark/inference_ms,33.119595
1779793396.741,/benchmark/inference_ms,32.556656
1779793396.793,/benchmark/inference_ms,32.836590
1779793396.843,/benchmark/inference_ms,31.258455
1779793396.897,/benchmark/inference_ms,32.928558
1779793396.942,/benchmark/inference_ms,25.453053
1779793396.994,/benchmark/inference_ms,32.111698
1779793397.044,/benchmark/inference_ms,31.984468
1779793397.096,/benchmark/inference_ms,32.434608
1779793397.149,/benchmark/inference_ms,32.750286
1779793397.203,/benchmark/inference_ms,32.649582
1779793397.253,/benchmark/inference_ms,31.031067
1779793397.305,/benchmark/inference_ms,32.918701
1779793397.358,/benchmark/inference_ms,32.385616
1779793397.405,/benchmark/inference_ms,28.045549
1779793397.457,/benchmark/inference_ms,31.211386
1779793397.511,/benchmark/inference_ms,32.611118
1779793397.562,/benchmark/inference_ms,31.224953
1779793397.612,/benchmark/inference_ms,32.259987
1779793397.664,/benchmark/inference_ms,31.603542
1779793397.717,/benchmark/inference_ms,32.773136
1779793397.770,/benchmark/inference_ms,31.676630
1779793397.821,/benchmark/inference_ms,32.848080
1779793397.867,/benchmark/inference_ms,28.513098
1779793397.920,/benchmark/inference_ms,32.478867
1779793397.970,/benchmark/inference_ms,30.896891
1779793398.023,/benchmark/inference_ms,31.561750
1779793398.075,/benchmark/inference_ms,31.315514
1779793398.126,/benchmark/inference_ms,31.898325
1779793398.180,/benchmark/inference_ms,31.939444
1779793398.231,/benchmark/inference_ms,32.483280
1779793398.285,/benchmark/inference_ms,32.834446
1779793398.339,/benchmark/inference_ms,30.871964
1779793398.386,/benchmark/inference_ms,30.867901
1779793398.439,/benchmark/inference_ms,32.415089
1779793398.492,/benchmark/inference_ms,32.906414
1779793398.545,/benchmark/inference_ms,31.801014
1779793398.599,/benchmark/inference_ms,35.519741
1779793398.650,/benchmark/inference_ms,31.864853
1779793398.703,/benchmark/inference_ms,32.832016
1779793398.755,/benchmark/inference_ms,31.166042
1779793398.808,/benchmark/inference_ms,32.479824
1779793398.859,/benchmark/inference_ms,32.117363
1779793398.909,/benchmark/inference_ms,31.806324
1779793398.962,/benchmark/inference_ms,31.498552
1779793399.016,/benchmark/inference_ms,32.236370
1779793399.067,/benchmark/inference_ms,33.035374
1779793399.120,/benchmark/inference_ms,32.755886
1779793399.172,/benchmark/inference_ms,32.088085
1779793399.218,/benchmark/inference_ms,28.688810
1779793399.269,/benchmark/inference_ms,32.001015
1779793399.323,/benchmark/inference_ms,32.706768
1779793399.372,/benchmark/inference_ms,32.506866
1779793399.423,/benchmark/inference_ms,32.401489
1779793399.474,/benchmark/inference_ms,31.809174
1779793399.525,/benchmark/inference_ms,32.319218
1779793399.578,/benchmark/inference_ms,32.414227
1779793399.628,/benchmark/inference_ms,32.312946
1779793399.678,/benchmark/inference_ms,29.250854
1779793399.727,/benchmark/inference_ms,30.982653
1779793399.780,/benchmark/inference_ms,32.855282
1779793399.834,/benchmark/inference_ms,31.464760
1779793399.886,/benchmark/inference_ms,32.541168
1779793399.938,/benchmark/inference_ms,31.255482
1779793399.988,/benchmark/inference_ms,31.157337
1779793400.040,/benchmark/inference_ms,31.098907
1779793400.091,/benchmark/inference_ms,33.049484
1779793400.138,/benchmark/inference_ms,26.511097
1779793400.190,/benchmark/inference_ms,33.054508
1779793400.243,/benchmark/inference_ms,32.937550
1779793400.291,/benchmark/inference_ms,32.794289
1779793400.344,/benchmark/inference_ms,31.171417
1779793400.396,/benchmark/inference_ms,30.897757
1779793400.446,/benchmark/inference_ms,32.810898
1779793400.498,/benchmark/inference_ms,32.554131
1779793400.552,/benchmark/inference_ms,33.215855
1779793400.598,/benchmark/inference_ms,27.426802
1779793400.651,/benchmark/inference_ms,31.851446
1779793400.705,/benchmark/inference_ms,32.756115
1779793400.757,/benchmark/inference_ms,31.180889
1779793400.806,/benchmark/inference_ms,32.308083
1779793400.860,/benchmark/inference_ms,31.487480
1779793400.909,/benchmark/inference_ms,30.868029
1779793400.961,/benchmark/inference_ms,32.580688
1779793401.013,/benchmark/inference_ms,32.314133
1779793401.060,/benchmark/inference_ms,28.825003
1779793401.109,/benchmark/inference_ms,31.222969
1779793401.162,/benchmark/inference_ms,32.301556
1779793401.212,/benchmark/inference_ms,32.340466
1779793401.263,/benchmark/inference_ms,32.185589
1779793401.314,/benchmark/inference_ms,30.807901
1779793401.366,/benchmark/inference_ms,30.892284
1779793401.417,/benchmark/inference_ms,31.511705
1779793401.471,/benchmark/inference_ms,32.855858
1779793401.522,/benchmark/inference_ms,29.936995
1779793401.572,/benchmark/inference_ms,31.945173
1779793401.623,/benchmark/inference_ms,32.674355
1779793401.675,/benchmark/inference_ms,32.371315
1779793401.725,/benchmark/inference_ms,33.010479
1779793401.775,/benchmark/inference_ms,29.090887
1779793401.826,/benchmark/inference_ms,31.620920
1779793401.880,/benchmark/inference_ms,33.041454
1779793401.932,/benchmark/inference_ms,31.347002
1779793401.982,/benchmark/inference_ms,32.258198
1779793402.036,/benchmark/inference_ms,32.858383
1779793402.085,/benchmark/inference_ms,30.929373
1779793402.138,/benchmark/inference_ms,31.410042
1779793402.189,/benchmark/inference_ms,31.706167
1779793402.242,/benchmark/inference_ms,31.632666
1779793402.292,/benchmark/inference_ms,32.016888
1779793402.342,/benchmark/inference_ms,31.826038
1779793402.394,/benchmark/inference_ms,31.337339
1779793402.446,/benchmark/inference_ms,31.003292
1779793402.494,/benchmark/inference_ms,31.385145
1779793402.547,/benchmark/inference_ms,31.165754
1779793402.600,/benchmark/inference_ms,33.343918
1779793402.654,/benchmark/inference_ms,32.780815
1779793402.705,/benchmark/inference_ms,31.502073
1779793402.756,/benchmark/inference_ms,31.848438
1779793402.809,/benchmark/inference_ms,31.178715
1779793402.859,/benchmark/inference_ms,31.148506
1779793402.907,/benchmark/inference_ms,27.843248
1779793402.962,/benchmark/inference_ms,31.709272
1779793403.011,/benchmark/inference_ms,32.482323
1779793403.062,/benchmark/inference_ms,32.437748
1779793403.113,/benchmark/inference_ms,31.738104
1779793403.165,/benchmark/inference_ms,31.582361
1779793403.219,/benchmark/inference_ms,31.104763
1779793403.266,/benchmark/inference_ms,30.850655
1779793403.320,/benchmark/inference_ms,31.558073
1779793403.369,/benchmark/inference_ms,31.081116
1779793403.420,/benchmark/inference_ms,32.134071
1779793403.474,/benchmark/inference_ms,32.749779
1779793403.527,/benchmark/inference_ms,33.040527
1779793403.582,/benchmark/inference_ms,32.612690
1779793403.629,/benchmark/inference_ms,30.914141
1779793403.683,/benchmark/inference_ms,32.839890
1779793403.735,/benchmark/inference_ms,31.024284
1779793403.785,/benchmark/inference_ms,30.943420
1779793403.832,/benchmark/inference_ms,25.632542
1779793403.883,/benchmark/inference_ms,31.127100
1779793403.938,/benchmark/inference_ms,31.100861
1779793403.990,/benchmark/inference_ms,33.079567
1779793404.040,/benchmark/inference_ms,31.178524
1779793404.089,/benchmark/inference_ms,31.033405
1779793404.142,/benchmark/inference_ms,32.210133
1779793404.196,/benchmark/inference_ms,32.814384
1779793404.248,/benchmark/inference_ms,32.820370
1779793404.293,/benchmark/inference_ms,27.445587
1779793404.345,/benchmark/inference_ms,32.792400
1779793404.397,/benchmark/inference_ms,32.879154
1779793404.447,/benchmark/inference_ms,32.327156
1779793404.506,/benchmark/inference_ms,35.840477
1779793404.561,/benchmark/inference_ms,31.675449
1779793404.609,/benchmark/inference_ms,31.044765
1779793404.662,/benchmark/inference_ms,32.941521
1779793404.716,/benchmark/inference_ms,31.781368
1779793404.766,/benchmark/inference_ms,31.874201
1779793404.819,/benchmark/inference_ms,31.521275
1779793404.871,/benchmark/inference_ms,32.939507
1779793404.925,/benchmark/inference_ms,31.106525
1779793404.975,/benchmark/inference_ms,32.413044
1779793405.026,/benchmark/inference_ms,33.076050
1779793405.080,/benchmark/inference_ms,31.265915
1779793405.128,/benchmark/inference_ms,31.650906
1779793405.183,/benchmark/inference_ms,33.061329
1779793405.229,/benchmark/inference_ms,27.969648
1779793405.282,/benchmark/inference_ms,32.869041
1779793405.335,/benchmark/inference_ms,31.306812
1779793405.386,/benchmark/inference_ms,32.036373
1779793405.439,/benchmark/inference_ms,32.464661
1779793405.488,/benchmark/inference_ms,32.034199
1779793405.541,/benchmark/inference_ms,31.799192
1779793405.595,/benchmark/inference_ms,32.946705
1779793405.645,/benchmark/inference_ms,30.934046
1779793405.695,/benchmark/inference_ms,30.575905
1779793405.748,/benchmark/inference_ms,32.648563
1779793405.801,/benchmark/inference_ms,32.362133
1779793405.854,/benchmark/inference_ms,32.954514
1779793405.902,/benchmark/inference_ms,27.245365
1779793405.955,/benchmark/inference_ms,32.556244
1779793406.007,/benchmark/inference_ms,32.730354
1779793406.056,/benchmark/inference_ms,32.582867
1779793406.107,/benchmark/inference_ms,32.425461
1779793406.159,/benchmark/inference_ms,30.717855
1779793406.211,/benchmark/inference_ms,32.082710
1779793406.260,/benchmark/inference_ms,32.188248
1779793406.312,/benchmark/inference_ms,32.006294
1779793406.366,/benchmark/inference_ms,32.070648
1779793406.418,/benchmark/inference_ms,32.098709
1779793406.467,/benchmark/inference_ms,31.534746
1779793406.520,/benchmark/inference_ms,32.550934
1779793406.574,/benchmark/inference_ms,32.065559
1779793406.625,/benchmark/inference_ms,32.775700
1779793406.676,/benchmark/inference_ms,32.108086
1779793406.728,/benchmark/inference_ms,31.399515
1779793406.781,/benchmark/inference_ms,31.900984
1779793406.829,/benchmark/inference_ms,26.867575
1779793406.882,/benchmark/inference_ms,31.529564
1779793406.930,/benchmark/inference_ms,32.132790
1779793406.983,/benchmark/inference_ms,31.847223
1779793407.035,/benchmark/inference_ms,31.075836
1779793407.085,/benchmark/inference_ms,33.019890
1779793407.139,/benchmark/inference_ms,32.435284
1779793407.191,/benchmark/inference_ms,32.356888
1779793407.244,/benchmark/inference_ms,32.759602
1779793407.289,/benchmark/inference_ms,24.643526
1779793407.340,/benchmark/inference_ms,31.253117
1779793407.394,/benchmark/inference_ms,32.089142
1779793407.445,/benchmark/inference_ms,31.200893
1779793407.499,/benchmark/inference_ms,32.638515
1779793407.551,/benchmark/inference_ms,31.920025
1779793407.602,/benchmark/inference_ms,30.744576
1779793407.655,/benchmark/inference_ms,31.824312
1779793407.707,/benchmark/inference_ms,32.384342
1779793407.750,/benchmark/inference_ms,25.769791
1779793407.800,/benchmark/inference_ms,30.884352
1779793407.852,/benchmark/inference_ms,32.101143
1779793407.903,/benchmark/inference_ms,32.455540
1779793407.956,/benchmark/inference_ms,31.929976
1779793408.004,/benchmark/inference_ms,30.913151
1779793408.057,/benchmark/inference_ms,32.107349
1779793408.108,/benchmark/inference_ms,31.335421
1779793408.160,/benchmark/inference_ms,30.897663
1779793408.210,/benchmark/inference_ms,31.166109
1779793408.262,/benchmark/inference_ms,32.232151
1779793408.313,/benchmark/inference_ms,32.228695
1779793408.368,/benchmark/inference_ms,33.016819
1779793408.419,/benchmark/inference_ms,32.480083
1779793408.473,/benchmark/inference_ms,31.755707
1779793408.524,/benchmark/inference_ms,32.975155
1779793408.579,/benchmark/inference_ms,32.950417
1779793408.631,/benchmark/inference_ms,33.157074
1779793408.676,/benchmark/inference_ms,24.777828
1779793408.727,/benchmark/inference_ms,31.352221
1779793408.782,/benchmark/inference_ms,31.269596
1779793408.834,/benchmark/inference_ms,33.045010
1779793408.886,/benchmark/inference_ms,32.964882
1779793408.936,/benchmark/inference_ms,30.877535
1779793408.989,/benchmark/inference_ms,30.977886
1779793409.041,/benchmark/inference_ms,30.979038
1779793409.090,/benchmark/inference_ms,31.340092
1779793409.142,/benchmark/inference_ms,29.020746
1779793409.190,/benchmark/inference_ms,31.870331
1779793409.240,/benchmark/inference_ms,32.516628
1779793409.291,/benchmark/inference_ms,32.897717
1779793409.344,/benchmark/inference_ms,31.017279
1779793409.390,/benchmark/inference_ms,27.149336
1779793409.442,/benchmark/inference_ms,32.833523
1779793409.493,/benchmark/inference_ms,32.183929
1779793409.544,/benchmark/inference_ms,32.482517
1779793409.595,/benchmark/inference_ms,32.603062
1779793409.649,/benchmark/inference_ms,32.740372
1779793409.701,/benchmark/inference_ms,32.554295
1779793409.756,/benchmark/inference_ms,32.892117
1779793409.809,/benchmark/inference_ms,32.507446
1779793409.856,/benchmark/inference_ms,28.655981
1779793409.908,/benchmark/inference_ms,30.716866
1779793409.956,/benchmark/inference_ms,32.036503
1779793410.009,/benchmark/inference_ms,32.370197
1779793410.061,/benchmark/inference_ms,31.574043
1779793410.111,/benchmark/inference_ms,31.650940
1779793410.161,/benchmark/inference_ms,31.146366
1779793410.215,/benchmark/inference_ms,31.003712
1779793410.264,/benchmark/inference_ms,31.053247
1779793410.312,/benchmark/inference_ms,28.329617
1779793410.362,/benchmark/inference_ms,32.476376
1779793410.413,/benchmark/inference_ms,32.435032
1779793410.464,/benchmark/inference_ms,32.206490
1779793410.516,/benchmark/inference_ms,32.774422
1779793410.569,/benchmark/inference_ms,31.920410
1779793410.620,/benchmark/inference_ms,31.270014
1779793410.672,/benchmark/inference_ms,31.674204
1779793410.722,/benchmark/inference_ms,31.219166
1779793410.770,/benchmark/inference_ms,25.985853
1779793410.824,/benchmark/inference_ms,32.912308
1779793410.877,/benchmark/inference_ms,32.816051
1779793410.927,/benchmark/inference_ms,31.439581
1779793410.979,/benchmark/inference_ms,32.034458
1779793411.031,/benchmark/inference_ms,31.651451
1779793411.082,/benchmark/inference_ms,31.005568
1779793411.136,/benchmark/inference_ms,32.943794
1779793411.189,/benchmark/inference_ms,32.268215
1779793411.233,/benchmark/inference_ms,26.706778
1779793411.284,/benchmark/inference_ms,32.354870
1779793411.335,/benchmark/inference_ms,30.482498
1779793411.387,/benchmark/inference_ms,32.439381
1779793411.437,/benchmark/inference_ms,32.317398
1779793411.489,/benchmark/inference_ms,30.629440
1779793411.539,/benchmark/inference_ms,30.822241
1779793411.591,/benchmark/inference_ms,31.502748
1779793411.644,/benchmark/inference_ms,32.898678
1779793411.693,/benchmark/inference_ms,32.699318
1779793411.748,/benchmark/inference_ms,32.927795
1779793411.798,/benchmark/inference_ms,32.251385
1779793411.848,/benchmark/inference_ms,32.461079
1779793411.901,/benchmark/inference_ms,32.992661
1779793411.950,/benchmark/inference_ms,28.867533
1779793412.001,/benchmark/inference_ms,31.581917
1779793412.054,/benchmark/inference_ms,32.114746
1779793412.108,/benchmark/inference_ms,32.783798
1779793412.159,/benchmark/inference_ms,32.016857
1779793412.209,/benchmark/inference_ms,31.048895
1779793412.261,/benchmark/inference_ms,31.131071
1779793412.313,/benchmark/inference_ms,31.589436
1779793412.365,/benchmark/inference_ms,32.287094
1779793412.414,/benchmark/inference_ms,29.596199
1779793412.465,/benchmark/inference_ms,32.330837
1779793412.518,/benchmark/inference_ms,32.131161
1779793412.568,/benchmark/inference_ms,31.122463
1779793412.622,/benchmark/inference_ms,33.183475
1779793412.673,/benchmark/inference_ms,31.105824
1779793412.724,/benchmark/inference_ms,31.054752
1779793412.777,/benchmark/inference_ms,32.246807
1779793412.826,/benchmark/inference_ms,31.253695
1779793412.877,/benchmark/inference_ms,30.673283
1779793412.929,/benchmark/inference_ms,32.120602
1779793412.978,/benchmark/inference_ms,31.958010
1779793413.032,/benchmark/inference_ms,32.238136
1779793413.083,/benchmark/inference_ms,32.843830
1779793413.137,/benchmark/inference_ms,32.760311
1779793413.188,/benchmark/inference_ms,30.978209
1779793413.242,/benchmark/inference_ms,32.889877
1779793413.295,/benchmark/inference_ms,32.835670
1779793413.348,/benchmark/inference_ms,30.945538
1779793413.396,/benchmark/inference_ms,31.270014
1779793413.449,/benchmark/inference_ms,32.902485
1779793413.504,/benchmark/inference_ms,31.244030
1779793413.552,/benchmark/inference_ms,32.024570
1779793413.607,/benchmark/inference_ms,32.269207
1779793413.657,/benchmark/inference_ms,30.890657
1779793413.709,/benchmark/inference_ms,31.617373
1779793413.762,/benchmark/inference_ms,32.599480
1779793413.814,/benchmark/inference_ms,31.536606
1779793413.866,/benchmark/inference_ms,32.560375
1779793413.916,/benchmark/inference_ms,32.576344
1779793413.969,/benchmark/inference_ms,31.231039
1779793414.019,/benchmark/inference_ms,31.192383
1779793414.070,/benchmark/inference_ms,31.955162
1779793414.121,/benchmark/inference_ms,31.266047
1779793414.174,/benchmark/inference_ms,32.793400
1779793414.228,/benchmark/inference_ms,32.957684
1779793414.278,/benchmark/inference_ms,31.129311
1779793414.329,/benchmark/inference_ms,31.165728
1779793414.383,/benchmark/inference_ms,32.598709
1779793414.437,/benchmark/inference_ms,33.053078
1779793414.489,/benchmark/inference_ms,29.308907
1779793414.539,/benchmark/inference_ms,32.668823
1779793414.589,/benchmark/inference_ms,30.967264
1779793414.642,/benchmark/inference_ms,33.027348
1779793414.694,/benchmark/inference_ms,31.315422
1779793414.743,/benchmark/inference_ms,30.762339
1779793414.795,/benchmark/inference_ms,32.037724
1779793414.848,/benchmark/inference_ms,32.708950
1779793414.899,/benchmark/inference_ms,31.064032
1779793414.950,/benchmark/inference_ms,30.664162
1779793415.003,/benchmark/inference_ms,31.618685
1779793415.054,/benchmark/inference_ms,32.153500
1779793415.108,/benchmark/inference_ms,32.685909
1779793415.160,/benchmark/inference_ms,31.104095
1779793415.205,/benchmark/inference_ms,27.910357
1779793415.257,/benchmark/inference_ms,32.105625
1779793415.308,/benchmark/inference_ms,32.458809
1779793415.362,/benchmark/inference_ms,32.814518
1779793415.415,/benchmark/inference_ms,32.881622
1779793415.467,/benchmark/inference_ms,31.625469
1779793415.519,/benchmark/inference_ms,31.136448
1779793415.572,/benchmark/inference_ms,33.290291
1779793415.623,/benchmark/inference_ms,31.610493
1779793415.671,/benchmark/inference_ms,28.017012
1779793415.724,/benchmark/inference_ms,32.758648
1779793415.775,/benchmark/inference_ms,32.463928
1779793415.830,/benchmark/inference_ms,32.782486
1779793415.882,/benchmark/inference_ms,31.160480
1779793415.930,/benchmark/inference_ms,30.833345
1779793415.982,/benchmark/inference_ms,32.484665
1779793416.035,/benchmark/inference_ms,31.163649
1779793416.085,/benchmark/inference_ms,33.274548
1779793416.138,/benchmark/inference_ms,30.444963
1779793416.192,/benchmark/inference_ms,32.012604
1779793416.241,/benchmark/inference_ms,31.181473
1779793416.296,/benchmark/inference_ms,32.644279
1779793416.349,/benchmark/inference_ms,33.012341
1779793416.402,/benchmark/inference_ms,31.520287
1779793416.450,/benchmark/inference_ms,30.990210
1779793416.503,/benchmark/inference_ms,32.726807
1779793416.554,/benchmark/inference_ms,32.539288
1779793416.602,/benchmark/inference_ms,28.017908
1779793416.654,/benchmark/inference_ms,32.296474
1779793416.708,/benchmark/inference_ms,32.498199
1779793416.760,/benchmark/inference_ms,32.914391
1779793416.813,/benchmark/inference_ms,32.239834
1779793416.868,/benchmark/inference_ms,35.166599
1779793416.922,/benchmark/inference_ms,30.967171
1779793416.971,/benchmark/inference_ms,32.280376
1779793417.024,/benchmark/inference_ms,32.062683
1779793417.071,/benchmark/inference_ms,29.691818
1779793417.122,/benchmark/inference_ms,32.236252
1779793417.173,/benchmark/inference_ms,32.268440
1779793417.225,/benchmark/inference_ms,32.269371
1779793417.274,/benchmark/inference_ms,32.371223
1779793417.329,/benchmark/inference_ms,32.916630
1779793417.381,/benchmark/inference_ms,32.754997
1779793417.435,/benchmark/inference_ms,30.914049
1779793417.485,/benchmark/inference_ms,32.257080
1779793417.532,/benchmark/inference_ms,29.176493
1779793417.583,/benchmark/inference_ms,31.976349
1779793417.637,/benchmark/inference_ms,32.386330
1779793417.690,/benchmark/inference_ms,32.076157
1779793417.744,/benchmark/inference_ms,32.819832
1779793417.799,/benchmark/inference_ms,31.890171
1779793417.851,/benchmark/inference_ms,32.597752
1779793417.905,/benchmark/inference_ms,32.558872
1779793417.957,/benchmark/inference_ms,31.686270
1779793418.003,/benchmark/inference_ms,28.515570
1779793418.057,/benchmark/inference_ms,31.480255
1779793418.106,/benchmark/inference_ms,31.292480
1779793418.157,/benchmark/inference_ms,32.022171
1779793418.208,/benchmark/inference_ms,31.359167
1779793418.262,/benchmark/inference_ms,32.667736
1779793418.312,/benchmark/inference_ms,31.053507
1779793418.367,/benchmark/inference_ms,31.584766
1779793418.416,/benchmark/inference_ms,33.257107
1779793418.463,/benchmark/inference_ms,28.529074
1779793418.517,/benchmark/inference_ms,31.368576
1779793418.569,/benchmark/inference_ms,32.046299
1779793418.618,/benchmark/inference_ms,31.268450
1779793418.671,/benchmark/inference_ms,31.663998
1779793418.722,/benchmark/inference_ms,32.512505
1779793418.776,/benchmark/inference_ms,32.388248
1779793418.828,/benchmark/inference_ms,31.730942
1779793418.880,/benchmark/inference_ms,32.011101
1779793418.921,/benchmark/inference_ms,22.797363
1779793418.975,/benchmark/inference_ms,32.035164
1779793419.028,/benchmark/inference_ms,31.947741
1779793419.082,/benchmark/inference_ms,32.488121
1779793419.135,/benchmark/inference_ms,32.081341
1779793419.188,/benchmark/inference_ms,31.371136
1779793419.240,/benchmark/inference_ms,31.187298
1779793419.294,/benchmark/inference_ms,31.621279
1779793419.348,/benchmark/inference_ms,32.175709
1779793419.396,/benchmark/inference_ms,28.276819
1779793419.449,/benchmark/inference_ms,31.331329
1779793419.498,/benchmark/inference_ms,31.526367
1779793419.551,/benchmark/inference_ms,31.741343
1779793419.601,/benchmark/inference_ms,31.231745
1779793419.652,/benchmark/inference_ms,30.762852
1779793419.706,/benchmark/inference_ms,31.539904
1779793419.756,/benchmark/inference_ms,31.235744
1779793419.807,/benchmark/inference_ms,31.077217
1779793419.854,/benchmark/inference_ms,25.505541
1779793419.906,/benchmark/inference_ms,31.962269
1779793419.958,/benchmark/inference_ms,31.191265
1779793420.007,/benchmark/inference_ms,31.252769
1779793420.061,/benchmark/inference_ms,32.024796
1779793420.113,/benchmark/inference_ms,30.680805
1779793420.163,/benchmark/inference_ms,31.740574
1779793420.213,/benchmark/inference_ms,31.716703
1779793420.265,/benchmark/inference_ms,31.708031
1779793420.316,/benchmark/inference_ms,31.707006
1779793420.368,/benchmark/inference_ms,32.190876
1779793420.419,/benchmark/inference_ms,31.227299
1779793420.473,/benchmark/inference_ms,31.464800
1779793420.521,/benchmark/inference_ms,31.016451
1779793420.570,/benchmark/inference_ms,28.692368
1779793420.622,/benchmark/inference_ms,31.744318
1779793420.673,/benchmark/inference_ms,31.819742
1779793420.722,/benchmark/inference_ms,31.313185
1779793420.775,/benchmark/inference_ms,32.887222
1779793420.828,/benchmark/inference_ms,31.537502
1779793420.880,/benchmark/inference_ms,31.675806
1779793420.930,/benchmark/inference_ms,31.547232
1779793420.981,/benchmark/inference_ms,31.902557
1779793421.027,/benchmark/inference_ms,25.827204
1779793421.079,/benchmark/inference_ms,30.775492
1779793421.130,/benchmark/inference_ms,31.639935
1779793421.196,/benchmark/inference_ms,31.443233
1779793421.232,/benchmark/inference_ms,31.453344
1779793421.283,/benchmark/inference_ms,30.775299
1779793421.336,/benchmark/inference_ms,32.255451
1779793421.389,/benchmark/inference_ms,31.695904
1779793421.438,/benchmark/inference_ms,31.504448
1779793421.492,/benchmark/inference_ms,31.370752
1779793421.541,/benchmark/inference_ms,31.251715
1779793421.593,/benchmark/inference_ms,31.352097
1779793421.645,/benchmark/inference_ms,31.486401
1779793421.699,/benchmark/inference_ms,31.114468
1779793421.745,/benchmark/inference_ms,30.289032
1779793421.798,/benchmark/inference_ms,31.323330
1779793421.849,/benchmark/inference_ms,31.172707
1779793421.899,/benchmark/inference_ms,31.576927
1779793421.952,/benchmark/inference_ms,31.797981
1779793422.001,/benchmark/inference_ms,31.270369
1779793422.054,/benchmark/inference_ms,31.393217
1779793422.103,/benchmark/inference_ms,31.273346
1779793422.156,/benchmark/inference_ms,31.312801
1779793422.202,/benchmark/inference_ms,27.168058
1779793422.256,/benchmark/inference_ms,31.688766
1779793422.305,/benchmark/inference_ms,31.547712
1779793422.356,/benchmark/inference_ms,31.895742
1779793422.407,/benchmark/inference_ms,31.298594
1779793422.455,/benchmark/inference_ms,27.884823
1779793422.507,/benchmark/inference_ms,31.774464
1779793422.559,/benchmark/inference_ms,31.211491
1779793422.612,/benchmark/inference_ms,32.746967
1779793422.664,/benchmark/inference_ms,31.089251
1779793422.715,/benchmark/inference_ms,31.483042
1779793422.770,/benchmark/inference_ms,32.676727
1779793422.822,/benchmark/inference_ms,33.147636
1779793422.874,/benchmark/inference_ms,32.812729
1779793422.924,/benchmark/inference_ms,28.523827
1779793422.975,/benchmark/inference_ms,31.421312
1779793423.028,/benchmark/inference_ms,32.053631
1779793423.081,/benchmark/inference_ms,30.891365
1779793423.131,/benchmark/inference_ms,31.858431
1779793423.183,/benchmark/inference_ms,32.882137
1779793423.240,/benchmark/inference_ms,31.557535
1779793423.287,/benchmark/inference_ms,32.251930
1779793423.338,/benchmark/inference_ms,32.110718
1779793423.386,/benchmark/inference_ms,27.754711
1779793423.439,/benchmark/inference_ms,32.791576
1779793423.490,/benchmark/inference_ms,32.123516
1779793423.544,/benchmark/inference_ms,32.481628
1779793423.593,/benchmark/inference_ms,32.234268
1779793423.648,/benchmark/inference_ms,31.796959
1779793423.700,/benchmark/inference_ms,32.486137
1779793423.750,/benchmark/inference_ms,31.023651
1779793423.803,/benchmark/inference_ms,32.199196
1779793423.849,/benchmark/inference_ms,28.990831
1779793423.903,/benchmark/inference_ms,32.790714
1779793423.956,/benchmark/inference_ms,31.145731
1779793424.006,/benchmark/inference_ms,31.453920
1779793424.057,/benchmark/inference_ms,31.456512
1779793424.105,/benchmark/inference_ms,28.491955
1779793424.156,/benchmark/inference_ms,30.979525
1779793424.210,/benchmark/inference_ms,31.148643
1779793424.261,/benchmark/inference_ms,31.104387
1779793424.310,/benchmark/inference_ms,31.176323
1779793424.364,/benchmark/inference_ms,31.954269
1779793424.413,/benchmark/inference_ms,31.842623
1779793424.465,/benchmark/inference_ms,32.046749
1779793424.516,/benchmark/inference_ms,32.310970
1779793424.560,/benchmark/inference_ms,25.496582
1779793424.611,/benchmark/inference_ms,30.916964
1779793424.664,/benchmark/inference_ms,32.587097
1779793424.717,/benchmark/inference_ms,32.652443
1779793424.767,/benchmark/inference_ms,32.377659
1779793424.819,/benchmark/inference_ms,31.394978
1779793424.875,/benchmark/inference_ms,32.662106
1779793424.925,/benchmark/inference_ms,31.205122
1779793424.977,/benchmark/inference_ms,31.613249
1779793425.027,/benchmark/inference_ms,31.864256
1779793425.081,/benchmark/inference_ms,32.862968
1779793425.131,/benchmark/inference_ms,32.295677
1779793425.183,/benchmark/inference_ms,32.480988
1779793425.236,/benchmark/inference_ms,31.591553
1779793425.283,/benchmark/inference_ms,29.773548
1779793425.334,/benchmark/inference_ms,31.012260
1779793425.386,/benchmark/inference_ms,32.118877
1779793425.439,/benchmark/inference_ms,32.294205
1779793425.488,/benchmark/inference_ms,32.433758
1779793425.538,/benchmark/inference_ms,31.166756
1779793425.589,/benchmark/inference_ms,32.297245
1779793425.641,/benchmark/inference_ms,32.072639
1779793425.694,/benchmark/inference_ms,32.000481
1779793425.740,/benchmark/inference_ms,28.351765
1779793425.793,/benchmark/inference_ms,31.533216
1779793425.845,/benchmark/inference_ms,32.483101
1779793425.898,/benchmark/inference_ms,31.212034
1779793425.951,/benchmark/inference_ms,32.851898
1779793426.004,/benchmark/inference_ms,32.508316
1779793426.057,/benchmark/inference_ms,32.475037
1779793426.109,/benchmark/inference_ms,32.981049
1779793426.161,/benchmark/inference_ms,31.357889
1779793426.212,/benchmark/inference_ms,31.218884
1779793426.265,/benchmark/inference_ms,32.627548
1779793426.315,/benchmark/inference_ms,31.341154
1779793426.367,/benchmark/inference_ms,31.665026
1779793426.421,/benchmark/inference_ms,31.662975
1779793426.461,/benchmark/inference_ms,22.422585
1779793426.503,/benchmark/inference_ms,22.405401
1779793426.545,/benchmark/inference_ms,22.026236
1779793426.588,/benchmark/inference_ms,22.546904
1779793426.630,/benchmark/inference_ms,22.678806
1779793426.673,/benchmark/inference_ms,22.433880
1779793426.715,/benchmark/inference_ms,22.733942
1779793426.757,/benchmark/inference_ms,22.965269
1779793426.802,/benchmark/inference_ms,22.822454
1779793426.844,/benchmark/inference_ms,22.704119
1779793426.886,/benchmark/inference_ms,22.606710
1779793426.929,/benchmark/inference_ms,22.634199
1779793426.970,/benchmark/inference_ms,22.893782
1779793427.014,/benchmark/inference_ms,22.844439
1779793427.057,/benchmark/inference_ms,22.348728
1779793427.100,/benchmark/inference_ms,22.458424
1779793427.142,/benchmark/inference_ms,21.859516
1779793427.183,/benchmark/inference_ms,22.287706
1779793427.224,/benchmark/inference_ms,22.258266
1779793427.270,/benchmark/inference_ms,23.861168
1779793427.315,/benchmark/inference_ms,24.044046
1779793427.360,/benchmark/inference_ms,23.958256
1779793427.407,/benchmark/inference_ms,24.194830
1779793427.452,/benchmark/inference_ms,24.204079
1779793427.496,/benchmark/inference_ms,24.251118
1779793427.540,/benchmark/inference_ms,24.268526
1779793427.585,/benchmark/inference_ms,24.066957
1779793427.631,/benchmark/inference_ms,24.382477
1779793427.677,/benchmark/inference_ms,24.191088
1779793427.725,/benchmark/inference_ms,24.430573
1779793427.771,/benchmark/inference_ms,24.435692
1779793427.817,/benchmark/inference_ms,24.708012
1779793427.865,/benchmark/inference_ms,25.855331
1779793427.912,/benchmark/inference_ms,24.463276
1779793427.957,/benchmark/inference_ms,24.259247
1779793428.003,/benchmark/inference_ms,24.454573
1779793428.049,/benchmark/inference_ms,24.237551
1779793428.097,/benchmark/inference_ms,24.330030
1779793428.142,/benchmark/inference_ms,24.398062
1779793428.187,/benchmark/inference_ms,24.368780
1779793428.233,/benchmark/inference_ms,24.301966
1779793428.278,/benchmark/inference_ms,24.486700
1779793428.323,/benchmark/inference_ms,24.507309
1779793428.369,/benchmark/inference_ms,24.413164
1779793428.415,/benchmark/inference_ms,24.313934
1779793428.460,/benchmark/inference_ms,24.328110
1779793428.508,/benchmark/inference_ms,24.409166
1779793428.556,/benchmark/inference_ms,28.294613
1779793428.603,/benchmark/inference_ms,24.651627
1779793428.653,/benchmark/inference_ms,28.076759
1779793428.702,/benchmark/inference_ms,24.815020
1779793428.750,/benchmark/inference_ms,23.763409
1779793428.799,/benchmark/inference_ms,27.111773
1779793428.846,/benchmark/inference_ms,24.340878
1779793428.893,/benchmark/inference_ms,24.517294
1779793428.938,/benchmark/inference_ms,24.547724
1779793428.983,/benchmark/inference_ms,24.303055
1779793429.029,/benchmark/inference_ms,24.628876
1779793429.075,/benchmark/inference_ms,24.250957
1779793429.121,/benchmark/inference_ms,24.210255
1779793429.165,/benchmark/inference_ms,24.203054
1779793429.213,/benchmark/inference_ms,24.758602
1779793429.262,/benchmark/inference_ms,24.204527
1779793429.307,/benchmark/inference_ms,24.347502
1779793429.354,/benchmark/inference_ms,24.377132
1779793429.401,/benchmark/inference_ms,24.276302
1779793429.447,/benchmark/inference_ms,24.414062
1779793429.492,/benchmark/inference_ms,24.513227
1779793429.538,/benchmark/inference_ms,24.340494
1779793429.587,/benchmark/inference_ms,24.868778
1779793429.631,/benchmark/inference_ms,25.653767
1779793429.677,/benchmark/inference_ms,24.255983
1779793429.723,/benchmark/inference_ms,24.537548
1779793429.768,/benchmark/inference_ms,24.453325
1779793429.813,/benchmark/inference_ms,24.285391
1779793429.859,/benchmark/inference_ms,23.997168
1779793429.907,/benchmark/inference_ms,24.256685
1779793429.953,/benchmark/inference_ms,24.262959
1779793429.999,/benchmark/inference_ms,24.202894
1779793430.045,/benchmark/inference_ms,24.246189
1779793430.091,/benchmark/inference_ms,24.397678
1779793430.137,/benchmark/inference_ms,24.193295
1779793430.183,/benchmark/inference_ms,24.229263
1779793430.229,/benchmark/inference_ms,24.104752
1779793430.276,/benchmark/inference_ms,24.170702
1779793430.321,/benchmark/inference_ms,24.199022
1779793430.367,/benchmark/inference_ms,24.413229
1779793430.412,/benchmark/inference_ms,23.767633
1779793430.458,/benchmark/inference_ms,24.201519
1779793430.504,/benchmark/inference_ms,24.464685
1779793430.549,/benchmark/inference_ms,24.258608
1779793430.596,/benchmark/inference_ms,24.556364
1779793430.639,/benchmark/inference_ms,24.201839
1779793430.685,/benchmark/inference_ms,24.260271
1779793430.729,/benchmark/inference_ms,24.276974
1779793430.775,/benchmark/inference_ms,24.383471
1779793430.821,/benchmark/inference_ms,24.652620
1779793430.866,/benchmark/inference_ms,24.475885
1779793430.914,/benchmark/inference_ms,24.230062
1779793430.962,/benchmark/inference_ms,25.048586
1779793431.010,/benchmark/inference_ms,24.226576
1779793431.056,/benchmark/inference_ms,24.442125
1779793431.102,/benchmark/inference_ms,24.518862
1779793431.148,/benchmark/inference_ms,24.225647
1779793431.195,/benchmark/inference_ms,24.246031
1779793431.239,/benchmark/inference_ms,24.282351
1779793431.286,/benchmark/inference_ms,24.431629
1779793431.331,/benchmark/inference_ms,24.217360
1779793431.377,/benchmark/inference_ms,24.271727
1779793431.423,/benchmark/inference_ms,24.327311
1779793431.468,/benchmark/inference_ms,24.408783
1779793431.513,/benchmark/inference_ms,24.218031
1779793431.560,/benchmark/inference_ms,24.956106
1779793431.607,/benchmark/inference_ms,25.302984
1779793431.652,/benchmark/inference_ms,24.788555
1779793431.698,/benchmark/inference_ms,24.989513
1779793431.745,/benchmark/inference_ms,25.024137
1779793431.792,/benchmark/inference_ms,25.164520
1779793431.840,/benchmark/inference_ms,24.626669
1779793431.886,/benchmark/inference_ms,24.678028
1779793431.933,/benchmark/inference_ms,24.751181
1779793431.979,/benchmark/inference_ms,24.982220
1779793432.028,/benchmark/inference_ms,25.201962
1779793432.074,/benchmark/inference_ms,24.785933
1779793432.123,/benchmark/inference_ms,25.344551
1779793432.169,/benchmark/inference_ms,24.896139
1779793432.216,/benchmark/inference_ms,24.494413
1779793432.263,/benchmark/inference_ms,24.784300
1779793432.309,/benchmark/inference_ms,24.936714
1779793432.358,/benchmark/inference_ms,25.227209
1779793432.405,/benchmark/inference_ms,25.189354
1779793432.451,/benchmark/inference_ms,25.002794
1779793432.498,/benchmark/inference_ms,25.315496
1779793432.547,/benchmark/inference_ms,24.656652
1779793432.591,/benchmark/inference_ms,24.690828
1779793432.642,/benchmark/inference_ms,24.594156
1779793432.685,/benchmark/inference_ms,24.741964
1779793432.730,/benchmark/inference_ms,25.018988
1779793432.777,/benchmark/inference_ms,25.067818
1779793432.836,/benchmark/inference_ms,25.024330
1779793432.869,/benchmark/inference_ms,24.794027
1779793432.915,/benchmark/inference_ms,24.677259
1779793432.962,/benchmark/inference_ms,25.006826
1779793433.008,/benchmark/inference_ms,25.234091
1779793433.058,/benchmark/inference_ms,24.753069
1779793433.103,/benchmark/inference_ms,24.839243
1779793433.150,/benchmark/inference_ms,24.724653
1779793433.197,/benchmark/inference_ms,24.714285
1779793433.243,/benchmark/inference_ms,24.702732
1779793433.289,/benchmark/inference_ms,25.074699
1779793433.337,/benchmark/inference_ms,25.302057
1779793433.385,/benchmark/inference_ms,25.319403
1779793433.435,/benchmark/inference_ms,24.225937
1779793433.477,/benchmark/inference_ms,24.420879
1779793433.523,/benchmark/inference_ms,24.337807
1779793433.571,/benchmark/inference_ms,24.162224
1779793433.616,/benchmark/inference_ms,24.209776
1779793433.662,/benchmark/inference_ms,24.338608
1779793433.708,/benchmark/inference_ms,24.381742
1779793433.754,/benchmark/inference_ms,24.286926
1779793433.800,/benchmark/inference_ms,24.488590
1779793433.846,/benchmark/inference_ms,24.383373
1779793433.891,/benchmark/inference_ms,24.213520
1779793433.937,/benchmark/inference_ms,24.283279
1779793433.981,/benchmark/inference_ms,24.374702
1779793434.027,/benchmark/inference_ms,24.373936
1779793434.072,/benchmark/inference_ms,24.194544
1779793434.118,/benchmark/inference_ms,24.495790
1779793434.163,/benchmark/inference_ms,24.329264
1779793434.214,/benchmark/inference_ms,24.811085
1779793434.259,/benchmark/inference_ms,24.182735
1779793434.305,/benchmark/inference_ms,24.220367
1779793434.351,/benchmark/inference_ms,24.865549
1779793434.397,/benchmark/inference_ms,24.166288
1779793434.443,/benchmark/inference_ms,24.508493
1779793434.490,/benchmark/inference_ms,24.335119
1779793434.535,/benchmark/inference_ms,24.269808
1779793434.583,/benchmark/inference_ms,24.192432
1779793434.624,/benchmark/inference_ms,24.248816
1779793434.671,/benchmark/inference_ms,24.244047
1779793434.717,/benchmark/inference_ms,24.322031
1779793434.762,/benchmark/inference_ms,24.485071
1779793434.808,/benchmark/inference_ms,24.526030
1779793434.853,/benchmark/inference_ms,24.358799
1779793434.899,/benchmark/inference_ms,24.177937
1779793434.945,/benchmark/inference_ms,24.238192
1779793434.990,/benchmark/inference_ms,24.398415
1779793435.035,/benchmark/inference_ms,24.448624
1779793435.082,/benchmark/inference_ms,24.325487
1779793435.125,/benchmark/inference_ms,24.094032
1779793435.171,/benchmark/inference_ms,24.165745
1779793435.216,/benchmark/inference_ms,24.267183
1779793435.265,/benchmark/inference_ms,25.222506
1779793435.310,/benchmark/inference_ms,24.648813
1779793435.356,/benchmark/inference_ms,24.234127
1779793435.402,/benchmark/inference_ms,24.281328
1779793435.448,/benchmark/inference_ms,24.272753
1779793435.494,/benchmark/inference_ms,24.186447
1779793435.541,/benchmark/inference_ms,24.715532
1779793435.587,/benchmark/inference_ms,24.182640
1779793435.634,/benchmark/inference_ms,24.375376
1779793435.680,/benchmark/inference_ms,24.353935
1779793435.725,/benchmark/inference_ms,24.393999
1779793435.770,/benchmark/inference_ms,24.164785
1779793435.816,/benchmark/inference_ms,24.230928
1779793435.860,/benchmark/inference_ms,24.115601
1779793435.907,/benchmark/inference_ms,24.207088
1779793435.952,/benchmark/inference_ms,24.165585
1779793436.000,/benchmark/inference_ms,24.874731
1779793436.044,/benchmark/inference_ms,24.345200
1779793436.091,/benchmark/inference_ms,24.314798
1779793436.137,/benchmark/inference_ms,24.294161
1779793436.182,/benchmark/inference_ms,24.261841
1779793436.228,/benchmark/inference_ms,24.629103
1779793436.276,/benchmark/inference_ms,24.690414
1779793436.324,/benchmark/inference_ms,24.607086
1779793436.370,/benchmark/inference_ms,24.686958
1779793436.415,/benchmark/inference_ms,24.324495
1779793436.461,/benchmark/inference_ms,24.399183
1779793436.509,/benchmark/inference_ms,24.341072
1779793436.558,/benchmark/inference_ms,25.431976
1779793436.605,/benchmark/inference_ms,25.399849
1779793436.651,/benchmark/inference_ms,24.928173
1779793436.701,/benchmark/inference_ms,25.415081
1779793436.748,/benchmark/inference_ms,24.998411
1779793436.795,/benchmark/inference_ms,25.531368
1779793436.844,/benchmark/inference_ms,25.159147
1779793436.891,/benchmark/inference_ms,25.756199
1779793436.938,/benchmark/inference_ms,25.210379
1779793436.984,/benchmark/inference_ms,24.940044
1779793437.031,/benchmark/inference_ms,24.823692
1779793437.080,/benchmark/inference_ms,24.309616
1779793437.123,/benchmark/inference_ms,24.330320
1779793437.169,/benchmark/inference_ms,24.167568
1779793437.217,/benchmark/inference_ms,24.568687
1779793437.264,/benchmark/inference_ms,24.488367
1779793437.310,/benchmark/inference_ms,24.618702
1779793437.356,/benchmark/inference_ms,23.905363
1779793437.401,/benchmark/inference_ms,23.963379
1779793437.447,/benchmark/inference_ms,24.394545
1779793437.493,/benchmark/inference_ms,24.302511
1779793437.539,/benchmark/inference_ms,24.328144
1779793437.587,/benchmark/inference_ms,24.202353
1779793437.630,/benchmark/inference_ms,24.499695
1779793437.675,/benchmark/inference_ms,24.279858
1779793437.721,/benchmark/inference_ms,24.655853
1779793437.766,/benchmark/inference_ms,24.381008
1779793437.811,/benchmark/inference_ms,24.369232
1779793437.857,/benchmark/inference_ms,24.418287
1779793437.903,/benchmark/inference_ms,24.596079
1779793437.950,/benchmark/inference_ms,25.016108
1779793437.997,/benchmark/inference_ms,24.460783
1779793438.043,/benchmark/inference_ms,24.499088
1779793438.090,/benchmark/inference_ms,25.896679
1779793438.137,/benchmark/inference_ms,23.488117
1779793438.181,/benchmark/inference_ms,23.391796
1779793438.226,/benchmark/inference_ms,23.488916
1779793438.273,/benchmark/inference_ms,23.968979
1779793438.318,/benchmark/inference_ms,23.912851
1779793438.364,/benchmark/inference_ms,24.009491
1779793438.409,/benchmark/inference_ms,23.945202
1779793438.454,/benchmark/inference_ms,24.014322
1779793438.501,/benchmark/inference_ms,24.090931
1779793438.546,/benchmark/inference_ms,24.154034
1779793438.591,/benchmark/inference_ms,23.842068
1779793438.637,/benchmark/inference_ms,23.876499
1779793438.683,/benchmark/inference_ms,24.266802
1779793438.727,/benchmark/inference_ms,23.792883
1779793438.774,/benchmark/inference_ms,23.815187
1779793438.818,/benchmark/inference_ms,23.713268
1779793438.863,/benchmark/inference_ms,23.814003
1779793438.909,/benchmark/inference_ms,23.790323
1779793438.954,/benchmark/inference_ms,24.121874
1779793438.999,/benchmark/inference_ms,23.830132
1779793439.045,/benchmark/inference_ms,24.324753
1779793439.090,/benchmark/inference_ms,24.428305
1779793439.136,/benchmark/inference_ms,24.201649
1779793439.182,/benchmark/inference_ms,24.426800
1779793439.227,/benchmark/inference_ms,24.250000
1779793439.276,/benchmark/inference_ms,24.408880
1779793439.324,/benchmark/inference_ms,24.509199
1779793439.370,/benchmark/inference_ms,24.677967
1779793439.414,/benchmark/inference_ms,24.138226
1779793439.461,/benchmark/inference_ms,24.418991
1779793439.505,/benchmark/inference_ms,24.184689
1779793439.551,/benchmark/inference_ms,24.367121
1779793439.597,/benchmark/inference_ms,24.529230
1779793439.643,/benchmark/inference_ms,25.015501
1779793439.689,/benchmark/inference_ms,24.382095
1779793439.735,/benchmark/inference_ms,24.189905
1779793439.781,/benchmark/inference_ms,24.186579
1779793439.827,/benchmark/inference_ms,24.324177
1779793439.873,/benchmark/inference_ms,24.267536
1779793439.918,/benchmark/inference_ms,24.153809
1779793439.965,/benchmark/inference_ms,24.232754
1779793440.010,/benchmark/inference_ms,24.411472
1779793440.056,/benchmark/inference_ms,24.271954
1779793440.102,/benchmark/inference_ms,24.565647
1779793440.147,/benchmark/inference_ms,24.419249
1779793440.193,/benchmark/inference_ms,24.537136
1779793440.240,/benchmark/inference_ms,24.641680
1779793440.284,/benchmark/inference_ms,24.519152
1779793440.330,/benchmark/inference_ms,24.996653
1779793440.374,/benchmark/inference_ms,24.579920
1779793440.420,/benchmark/inference_ms,24.323568
1779793440.467,/benchmark/inference_ms,24.657518
1779793440.512,/benchmark/inference_ms,25.083342
1779793440.559,/benchmark/inference_ms,24.209553
1779793440.603,/benchmark/inference_ms,24.521969
1779793440.648,/benchmark/inference_ms,24.185522
1779793440.695,/benchmark/inference_ms,24.456112
1779793440.740,/benchmark/inference_ms,24.195440
1779793440.786,/benchmark/inference_ms,24.477585
1779793440.831,/benchmark/inference_ms,24.637455
1779793440.875,/benchmark/inference_ms,24.285553
1779793440.921,/benchmark/inference_ms,24.164146
1779793440.966,/benchmark/inference_ms,24.155313
1779793441.012,/benchmark/inference_ms,24.604143
1779793441.057,/benchmark/inference_ms,24.112722
1779793441.102,/benchmark/inference_ms,24.532656
1779793441.148,/benchmark/inference_ms,24.267248
1779793441.191,/benchmark/inference_ms,24.313042
1779793441.237,/benchmark/inference_ms,24.980717
1779793441.280,/benchmark/inference_ms,24.159090
1779793441.325,/benchmark/inference_ms,24.194483
1779793441.370,/benchmark/inference_ms,24.182131
1779793441.416,/benchmark/inference_ms,24.561169
1779793441.459,/benchmark/inference_ms,24.210131
1779793441.506,/benchmark/inference_ms,24.737776
1779793441.550,/benchmark/inference_ms,24.233297
1779793441.596,/benchmark/inference_ms,24.613232
1779793441.640,/benchmark/inference_ms,25.035021
1779793441.685,/benchmark/inference_ms,24.202002
1779793441.729,/benchmark/inference_ms,24.254545
1779793441.774,/benchmark/inference_ms,24.261234
1779793441.818,/benchmark/inference_ms,24.344816
1779793441.863,/benchmark/inference_ms,24.422544
1779793441.907,/benchmark/inference_ms,24.421104
1779793441.953,/benchmark/inference_ms,24.362513
1779793441.999,/benchmark/inference_ms,24.273554
1779793442.043,/benchmark/inference_ms,24.392977
1779793442.088,/benchmark/inference_ms,24.702894
1779793442.133,/benchmark/inference_ms,24.236626
1779793442.179,/benchmark/inference_ms,24.269138
1779793442.226,/benchmark/inference_ms,24.998446
1779793442.272,/benchmark/inference_ms,24.291025
1779793442.318,/benchmark/inference_ms,24.346642
1779793442.363,/benchmark/inference_ms,24.259058
1779793442.408,/benchmark/inference_ms,24.803566
1779793442.453,/benchmark/inference_ms,23.985332
1779793442.501,/benchmark/inference_ms,24.583344
1779793442.546,/benchmark/inference_ms,24.742319
1779793442.591,/benchmark/inference_ms,24.572496
1779793442.637,/benchmark/inference_ms,24.653776
1779793442.681,/benchmark/inference_ms,24.370609
1779793442.726,/benchmark/inference_ms,24.495569
1779793442.772,/benchmark/inference_ms,24.945677
1779793442.817,/benchmark/inference_ms,24.260403
1779793442.863,/benchmark/inference_ms,24.408785
1779793442.907,/benchmark/inference_ms,24.305521
1779793442.953,/benchmark/inference_ms,24.904909
1779793442.998,/benchmark/inference_ms,24.416496
1779793443.044,/benchmark/inference_ms,24.585680
1779793443.088,/benchmark/inference_ms,24.283281
1779793443.134,/benchmark/inference_ms,24.830221
1779793443.180,/benchmark/inference_ms,24.324114
1779793443.225,/benchmark/inference_ms,24.372913
1779793443.269,/benchmark/inference_ms,24.324883
1779793443.318,/benchmark/inference_ms,24.870317
1779793443.361,/benchmark/inference_ms,24.516016
1779793443.407,/benchmark/inference_ms,24.547567
1779793443.452,/benchmark/inference_ms,24.550064
1779793443.498,/benchmark/inference_ms,24.973263
1779793443.545,/benchmark/inference_ms,24.410385
1779793443.593,/benchmark/inference_ms,24.898094
1779793443.638,/benchmark/inference_ms,24.206577
1779793443.683,/benchmark/inference_ms,24.272722
1779793443.727,/benchmark/inference_ms,24.357779
1779793443.772,/benchmark/inference_ms,24.419762
1779793443.816,/benchmark/inference_ms,24.923662
1779793443.862,/benchmark/inference_ms,24.271280
1779793443.909,/benchmark/inference_ms,24.368944
1779793443.953,/benchmark/inference_ms,24.323986
1779793443.999,/benchmark/inference_ms,24.820080
1779793444.043,/benchmark/inference_ms,24.543570
1779793444.089,/benchmark/inference_ms,24.395185
1779793444.134,/benchmark/inference_ms,24.268435
1779793444.178,/benchmark/inference_ms,24.864782
1779793444.223,/benchmark/inference_ms,24.349298
1779793444.267,/benchmark/inference_ms,24.399441
1779793444.312,/benchmark/inference_ms,24.326546
1779793444.357,/benchmark/inference_ms,24.187315
1779793444.401,/benchmark/inference_ms,24.895374
1779793444.446,/benchmark/inference_ms,24.353233
1779793444.491,/benchmark/inference_ms,24.362001
1779793444.536,/benchmark/inference_ms,24.346674
1779793444.580,/benchmark/inference_ms,24.163475
1779793444.624,/benchmark/inference_ms,24.775919
1779793444.670,/benchmark/inference_ms,24.135571
1779793444.714,/benchmark/inference_ms,24.085812
1779793444.760,/benchmark/inference_ms,24.394129
1779793444.805,/benchmark/inference_ms,24.546543
1779793444.850,/benchmark/inference_ms,24.328339
1779793444.897,/benchmark/inference_ms,24.164434
1779793444.943,/benchmark/inference_ms,23.892532
1779793444.988,/benchmark/inference_ms,24.753040
1779793445.033,/benchmark/inference_ms,24.191668
1779793445.080,/benchmark/inference_ms,24.146805
1779793445.124,/benchmark/inference_ms,24.128756
1779793445.168,/benchmark/inference_ms,24.976110
1779793445.213,/benchmark/inference_ms,24.096979
1779793445.258,/benchmark/inference_ms,24.174515
1779793445.303,/benchmark/inference_ms,24.098291
1779793445.348,/benchmark/inference_ms,24.132051
1779793445.391,/benchmark/inference_ms,24.390354
1779793445.437,/benchmark/inference_ms,24.715120
1779793445.482,/benchmark/inference_ms,24.297747
1779793445.528,/benchmark/inference_ms,24.215508
1779793445.573,/benchmark/inference_ms,24.501265
1779793445.618,/benchmark/inference_ms,24.752815
1779793445.663,/benchmark/inference_ms,24.334227
1779793445.708,/benchmark/inference_ms,24.273426
1779793445.754,/benchmark/inference_ms,24.222067
1779793445.799,/benchmark/inference_ms,24.245972
1779793445.846,/benchmark/inference_ms,24.266706
1779793445.891,/benchmark/inference_ms,24.289169
1779793445.936,/benchmark/inference_ms,24.249811
1779793445.981,/benchmark/inference_ms,24.327187
1779793446.025,/benchmark/inference_ms,24.680817
1779793446.070,/benchmark/inference_ms,24.270130
1779793446.116,/benchmark/inference_ms,24.166773
1779793446.161,/benchmark/inference_ms,24.392145
1779793446.207,/benchmark/inference_ms,24.922031
1779793446.251,/benchmark/inference_ms,24.166868
1779793446.296,/benchmark/inference_ms,24.414675
1779793446.340,/benchmark/inference_ms,24.461266
1779793446.386,/benchmark/inference_ms,24.714802
1779793446.431,/benchmark/inference_ms,24.542290
1779793446.475,/benchmark/inference_ms,23.613077
1779793446.518,/benchmark/inference_ms,23.694614
1779793446.563,/benchmark/inference_ms,23.753590
1779793446.610,/benchmark/inference_ms,24.880590
1779793446.655,/benchmark/inference_ms,24.667473
1779793446.701,/benchmark/inference_ms,24.539537
1779793446.746,/benchmark/inference_ms,24.580561
1779793446.791,/benchmark/inference_ms,24.823759
1779793446.838,/benchmark/inference_ms,24.999758
1779793446.883,/benchmark/inference_ms,24.449299
1779793446.931,/benchmark/inference_ms,24.874191
1779793446.979,/benchmark/inference_ms,25.478378
1779793447.024,/benchmark/inference_ms,24.369299
1779793447.072,/benchmark/inference_ms,24.912144
1779793447.117,/benchmark/inference_ms,24.331444
1779793447.161,/benchmark/inference_ms,23.949942
1779793447.205,/benchmark/inference_ms,23.999029
1779793447.249,/benchmark/inference_ms,23.866901
1779793447.293,/benchmark/inference_ms,24.067188
1779793447.340,/benchmark/inference_ms,23.957205
1779793447.383,/benchmark/inference_ms,23.782133
1779793447.428,/benchmark/inference_ms,24.358194
1779793447.472,/benchmark/inference_ms,24.569298
1779793447.517,/benchmark/inference_ms,24.351187
1779793447.563,/benchmark/inference_ms,24.279732
1779793447.609,/benchmark/inference_ms,24.826128
1779793447.654,/benchmark/inference_ms,24.732464
1779793447.699,/benchmark/inference_ms,24.603825
1779793447.746,/benchmark/inference_ms,24.640177
1779793447.792,/benchmark/inference_ms,24.394516
1779793447.837,/benchmark/inference_ms,24.910511
1779793447.882,/benchmark/inference_ms,24.335859
1779793447.927,/benchmark/inference_ms,24.517073
1779793447.973,/benchmark/inference_ms,24.361265
1779793448.019,/benchmark/inference_ms,24.903824
1779793448.065,/benchmark/inference_ms,24.374546
1779793448.111,/benchmark/inference_ms,24.391569
1779793448.155,/benchmark/inference_ms,24.386099
1779793448.200,/benchmark/inference_ms,24.824049
1779793448.245,/benchmark/inference_ms,24.240372
1779793448.291,/benchmark/inference_ms,24.362291
1779793448.338,/benchmark/inference_ms,24.740911
1779793448.383,/benchmark/inference_ms,24.851280
1779793448.426,/benchmark/inference_ms,24.195667
1779793448.475,/benchmark/inference_ms,24.635536
1779793448.520,/benchmark/inference_ms,24.207603
1779793448.565,/benchmark/inference_ms,24.811888
1779793448.610,/benchmark/inference_ms,24.417011
1779793448.656,/benchmark/inference_ms,24.251890
1779793448.701,/benchmark/inference_ms,24.501715
1779793448.747,/benchmark/inference_ms,24.950735
1779793448.791,/benchmark/inference_ms,24.365618
1779793448.837,/benchmark/inference_ms,24.222452
1779793448.883,/benchmark/inference_ms,24.225042
1779793448.928,/benchmark/inference_ms,25.064430
1779793448.973,/benchmark/inference_ms,24.152788
1779793449.019,/benchmark/inference_ms,24.511635
1779793449.064,/benchmark/inference_ms,24.489330
1779793449.109,/benchmark/inference_ms,24.849424
1779793449.155,/benchmark/inference_ms,24.557713
1779793449.199,/benchmark/inference_ms,23.988789
1779793449.244,/benchmark/inference_ms,24.471794
1779793449.292,/benchmark/inference_ms,25.016783
1779793449.336,/benchmark/inference_ms,24.610674
1779793449.383,/benchmark/inference_ms,24.610992
1779793449.427,/benchmark/inference_ms,24.410067
1779793449.472,/benchmark/inference_ms,24.869007
1779793449.517,/benchmark/inference_ms,24.252789
1779793449.562,/benchmark/inference_ms,24.373907
1779793449.610,/benchmark/inference_ms,25.691628
1779793449.654,/benchmark/inference_ms,24.497683
1779793449.700,/benchmark/inference_ms,24.759985
1779793449.744,/benchmark/inference_ms,24.461939
1779793449.791,/benchmark/inference_ms,24.416658
1779793449.837,/benchmark/inference_ms,24.861967
1779793449.882,/benchmark/inference_ms,24.420177
1779793449.929,/benchmark/inference_ms,24.269426
1779793449.975,/benchmark/inference_ms,24.455570
1779793450.019,/benchmark/inference_ms,24.951374
1779793450.064,/benchmark/inference_ms,24.153685
1779793450.111,/benchmark/inference_ms,24.763664
1779793450.155,/benchmark/inference_ms,24.067604
1779793450.201,/benchmark/inference_ms,25.018190
1779793450.246,/benchmark/inference_ms,24.312307
1779793450.293,/benchmark/inference_ms,24.307251
1779793450.337,/benchmark/inference_ms,24.831120
1779793450.385,/benchmark/inference_ms,25.592716
1779793450.429,/benchmark/inference_ms,24.733809
1779793450.476,/benchmark/inference_ms,25.418669
1779793450.521,/benchmark/inference_ms,25.084814
1779793450.567,/benchmark/inference_ms,24.712370
1779793450.613,/benchmark/inference_ms,25.016655
1779793450.658,/benchmark/inference_ms,25.140493
1779793450.704,/benchmark/inference_ms,25.140718
1779793450.750,/benchmark/inference_ms,24.747665
1779793450.795,/benchmark/inference_ms,24.871344
1779793450.842,/benchmark/inference_ms,24.754641
1779793450.887,/benchmark/inference_ms,25.124559
1779793450.933,/benchmark/inference_ms,24.778641
1779793450.981,/benchmark/inference_ms,25.078415
1779793451.027,/benchmark/inference_ms,25.286318
1779793451.072,/benchmark/inference_ms,24.878769
1779793451.120,/benchmark/inference_ms,25.512012
1779793451.166,/benchmark/inference_ms,25.310959
1779793451.211,/benchmark/inference_ms,24.725714
1779793451.260,/benchmark/inference_ms,25.532524
1779793451.304,/benchmark/inference_ms,25.444492
1779793451.352,/benchmark/inference_ms,25.047184
1779793451.397,/benchmark/inference_ms,24.988369
1779793451.441,/benchmark/inference_ms,24.493332
1779793451.487,/benchmark/inference_ms,24.632658
1779793451.532,/benchmark/inference_ms,24.917200
1779793451.579,/benchmark/inference_ms,24.502867
1779793451.626,/benchmark/inference_ms,24.584082
1779793451.668,/benchmark/inference_ms,24.265396
1779793451.714,/benchmark/inference_ms,24.763153
1779793451.762,/benchmark/inference_ms,24.507187
1779793451.807,/benchmark/inference_ms,24.528723
1779793451.851,/benchmark/inference_ms,24.578291
1779793451.895,/benchmark/inference_ms,24.565298
1779793451.941,/benchmark/inference_ms,25.790476
1779793452.002,/benchmark/inference_ms,40.507030
1779793452.057,/benchmark/inference_ms,33.821819
1779793452.114,/benchmark/inference_ms,33.952572
1779793452.168,/benchmark/inference_ms,32.467751
1779793452.224,/benchmark/inference_ms,33.340096
1779793452.279,/benchmark/inference_ms,32.627270
1779793452.332,/benchmark/inference_ms,33.176704
1779793452.388,/benchmark/inference_ms,33.138786
1779793452.445,/benchmark/inference_ms,34.331802
1779793452.500,/benchmark/inference_ms,33.493504
1779793452.554,/benchmark/inference_ms,32.461636
1779793452.608,/benchmark/inference_ms,32.371971
1779793452.661,/benchmark/inference_ms,33.061058
1779793452.719,/benchmark/inference_ms,33.514782
1779793452.771,/benchmark/inference_ms,30.820784
1779793452.826,/benchmark/inference_ms,32.649670
1779793452.875,/benchmark/inference_ms,32.398693
1779793452.926,/benchmark/inference_ms,32.952610
1779793452.980,/benchmark/inference_ms,31.122189
1779793453.029,/benchmark/inference_ms,31.387115
1779793453.084,/benchmark/inference_ms,32.369415
1779793453.133,/benchmark/inference_ms,32.873058
1779793453.184,/benchmark/inference_ms,31.038509
1779793453.238,/benchmark/inference_ms,30.786350
1779793453.287,/benchmark/inference_ms,32.360165
1779793453.340,/benchmark/inference_ms,32.580486
1779793453.392,/benchmark/inference_ms,31.136269
1779793453.446,/benchmark/inference_ms,32.822598
1779793453.495,/benchmark/inference_ms,32.356388
1779793453.562,/benchmark/inference_ms,32.062889
1779793453.600,/benchmark/inference_ms,32.778725
1779793453.652,/benchmark/inference_ms,32.391430
1779793453.704,/benchmark/inference_ms,32.507877
1779793453.757,/benchmark/inference_ms,31.291372
1779793453.805,/benchmark/inference_ms,30.837807
1779793453.857,/benchmark/inference_ms,30.994318
1779793453.908,/benchmark/inference_ms,32.469414
1779793453.962,/benchmark/inference_ms,33.116833
1779793454.013,/benchmark/inference_ms,31.097164
1779793454.067,/benchmark/inference_ms,32.048489
1779793454.117,/benchmark/inference_ms,32.764931
1779793454.170,/benchmark/inference_ms,31.311756
1779793454.223,/benchmark/inference_ms,31.651148
1779793454.272,/benchmark/inference_ms,32.359943
1779793454.323,/benchmark/inference_ms,32.329990
1779793454.376,/benchmark/inference_ms,31.343245
1779793454.426,/benchmark/inference_ms,31.421804
1779793454.473,/benchmark/inference_ms,26.906918
1779793454.523,/benchmark/inference_ms,30.872463
1779793454.574,/benchmark/inference_ms,32.173546
1779793454.627,/benchmark/inference_ms,32.566181
1779793454.679,/benchmark/inference_ms,31.850025
1779793454.724,/benchmark/inference_ms,28.850363
1779793454.777,/benchmark/inference_ms,32.884228
1779793454.829,/benchmark/inference_ms,31.112333
1779793454.882,/benchmark/inference_ms,33.298531
1779793454.931,/benchmark/inference_ms,29.683094
1779793454.983,/benchmark/inference_ms,31.457771
1779793455.034,/benchmark/inference_ms,32.483879
1779793455.087,/benchmark/inference_ms,32.711430
1779793455.142,/benchmark/inference_ms,32.690918
1779793455.195,/benchmark/inference_ms,32.308006
1779793455.247,/benchmark/inference_ms,31.382061
1779793455.299,/benchmark/inference_ms,32.615398
1779793455.351,/benchmark/inference_ms,33.056740
1779793455.403,/benchmark/inference_ms,31.136879
1779793455.455,/benchmark/inference_ms,31.773609
1779793455.505,/benchmark/inference_ms,31.645515
1779793455.557,/benchmark/inference_ms,32.193127
1779793455.608,/benchmark/inference_ms,31.503340
1779793455.660,/benchmark/inference_ms,31.137806
1779793455.714,/benchmark/inference_ms,31.210733
1779793455.763,/benchmark/inference_ms,32.251045
1779793455.818,/benchmark/inference_ms,32.976452
1779793455.869,/benchmark/inference_ms,31.514444
1779793455.922,/benchmark/inference_ms,30.909071
1779793455.975,/benchmark/inference_ms,31.660938
1779793456.027,/benchmark/inference_ms,31.936264
1779793456.070,/benchmark/inference_ms,27.182884
1779793456.121,/benchmark/inference_ms,32.244518
1779793456.173,/benchmark/inference_ms,31.019728
1779793456.225,/benchmark/inference_ms,32.822533
1779793456.279,/benchmark/inference_ms,32.399399
1779793456.334,/benchmark/inference_ms,32.607269
1779793456.382,/benchmark/inference_ms,31.942377
1779793456.435,/benchmark/inference_ms,30.837551
1779793456.484,/benchmark/inference_ms,31.269934
1779793456.530,/benchmark/inference_ms,25.826923
1779793456.584,/benchmark/inference_ms,31.396685
1779793456.636,/benchmark/inference_ms,32.275082
1779793456.689,/benchmark/inference_ms,32.877956
1779793456.739,/benchmark/inference_ms,32.101894
1779793456.793,/benchmark/inference_ms,32.169960
1779793456.846,/benchmark/inference_ms,32.404263
1779793456.898,/benchmark/inference_ms,32.702374
1779793456.953,/benchmark/inference_ms,33.105732
1779793456.999,/benchmark/inference_ms,28.620829
1779793457.050,/benchmark/inference_ms,32.110184
1779793457.102,/benchmark/inference_ms,32.254631
1779793457.155,/benchmark/inference_ms,32.589096
1779793457.208,/benchmark/inference_ms,32.786373
1779793457.260,/benchmark/inference_ms,31.552172
1779793457.313,/benchmark/inference_ms,32.456711
1779793457.363,/benchmark/inference_ms,31.260174
1779793457.420,/benchmark/inference_ms,32.485317
1779793457.467,/benchmark/inference_ms,31.451147
1779793457.519,/benchmark/inference_ms,32.219238
1779793457.571,/benchmark/inference_ms,31.443693
1779793457.623,/benchmark/inference_ms,32.658150
1779793457.666,/benchmark/inference_ms,22.721439
1779793457.718,/benchmark/inference_ms,32.344231
1779793457.771,/benchmark/inference_ms,32.282150
1779793457.819,/benchmark/inference_ms,32.202087
1779793457.872,/benchmark/inference_ms,32.533863
1779793457.924,/benchmark/inference_ms,32.520615
1779793457.978,/benchmark/inference_ms,32.560516
1779793458.030,/benchmark/inference_ms,32.848133
1779793458.086,/benchmark/inference_ms,31.522764
1779793458.132,/benchmark/inference_ms,30.035765
1779793458.186,/benchmark/inference_ms,32.181290
1779793458.240,/benchmark/inference_ms,31.016592
1779793458.291,/benchmark/inference_ms,32.767239
1779793458.343,/benchmark/inference_ms,32.709255
1779793458.395,/benchmark/inference_ms,32.455173
1779793458.448,/benchmark/inference_ms,32.352776
1779793458.502,/benchmark/inference_ms,32.951557
1779793458.558,/benchmark/inference_ms,31.152239
1779793458.610,/benchmark/inference_ms,35.734837
1779793458.664,/benchmark/inference_ms,32.777447
1779793458.716,/benchmark/inference_ms,31.013680
1779793458.766,/benchmark/inference_ms,31.134510
1779793458.815,/benchmark/inference_ms,28.737692
1779793458.867,/benchmark/inference_ms,31.639915
1779793458.920,/benchmark/inference_ms,31.093454
1779793458.971,/benchmark/inference_ms,32.845348
1779793459.025,/benchmark/inference_ms,32.399113
1779793459.077,/benchmark/inference_ms,32.460934
1779793459.128,/benchmark/inference_ms,32.569637
1779793459.182,/benchmark/inference_ms,32.975365
1779793459.235,/benchmark/inference_ms,31.274990
1779793459.285,/benchmark/inference_ms,31.963594
1779793459.340,/benchmark/inference_ms,32.004234
1779793459.393,/benchmark/inference_ms,32.803303
1779793459.444,/benchmark/inference_ms,31.271952
1779793459.496,/benchmark/inference_ms,29.980759
1779793459.546,/benchmark/inference_ms,31.313198
1779793459.598,/benchmark/inference_ms,32.823399
1779793459.650,/benchmark/inference_ms,32.840485
1779793459.704,/benchmark/inference_ms,32.907398
1779793459.756,/benchmark/inference_ms,32.505543
1779793459.809,/benchmark/inference_ms,32.623177
1779793459.861,/benchmark/inference_ms,33.053989
1779793459.915,/benchmark/inference_ms,33.190117
1779793459.967,/benchmark/inference_ms,31.012465
1779793460.017,/benchmark/inference_ms,31.082542
1779793460.071,/benchmark/inference_ms,32.808102
1779793460.124,/benchmark/inference_ms,33.015015
1779793460.172,/benchmark/inference_ms,28.188320
1779793460.227,/benchmark/inference_ms,31.001713
1779793460.278,/benchmark/inference_ms,32.945988
1779793460.329,/benchmark/inference_ms,31.511885
1779793460.382,/benchmark/inference_ms,33.113346
1779793460.435,/benchmark/inference_ms,31.898764
1779793460.488,/benchmark/inference_ms,32.028969
1779793460.539,/benchmark/inference_ms,31.505423
1779793460.590,/benchmark/inference_ms,33.061668
1779793460.639,/benchmark/inference_ms,28.340479
1779793460.692,/benchmark/inference_ms,31.087439
1779793460.746,/benchmark/inference_ms,32.784164
1779793460.795,/benchmark/inference_ms,32.329929
1779793460.848,/benchmark/inference_ms,32.922375
1779793460.902,/benchmark/inference_ms,31.675596
1779793460.954,/benchmark/inference_ms,32.685543
1779793461.007,/benchmark/inference_ms,32.051178
1779793461.060,/benchmark/inference_ms,32.676041
1779793461.108,/benchmark/inference_ms,32.492779
1779793461.161,/benchmark/inference_ms,31.198511
1779793461.212,/benchmark/inference_ms,31.157167
1779793461.262,/benchmark/inference_ms,32.308331
1779793461.313,/benchmark/inference_ms,30.260342
1779793461.365,/benchmark/inference_ms,32.401802
1779793461.418,/benchmark/inference_ms,31.902571
1779793461.468,/benchmark/inference_ms,32.726055
1779793461.522,/benchmark/inference_ms,32.976387
1779793461.575,/benchmark/inference_ms,31.601742
1779793461.628,/benchmark/inference_ms,32.041901
1779793461.681,/benchmark/inference_ms,32.133163
1779793461.730,/benchmark/inference_ms,32.462440
1779793461.774,/benchmark/inference_ms,24.258423
1779793461.824,/benchmark/inference_ms,30.875793
1779793461.876,/benchmark/inference_ms,30.975634
1779793461.929,/benchmark/inference_ms,32.126251
1779793461.982,/benchmark/inference_ms,33.114052
1779793462.034,/benchmark/inference_ms,30.891186
1779793462.086,/benchmark/inference_ms,31.440367
1779793462.139,/benchmark/inference_ms,32.575752
1779793462.192,/benchmark/inference_ms,31.333519
1779793462.236,/benchmark/inference_ms,24.230230
1779793462.285,/benchmark/inference_ms,31.568398
1779793462.338,/benchmark/inference_ms,32.945255
1779793462.391,/benchmark/inference_ms,31.216816
1779793462.440,/benchmark/inference_ms,31.604750
1779793462.494,/benchmark/inference_ms,31.780333
1779793462.545,/benchmark/inference_ms,32.728550
1779793462.598,/benchmark/inference_ms,31.711212
1779793462.649,/benchmark/inference_ms,31.213488
1779793462.695,/benchmark/inference_ms,26.096430
1779793462.749,/benchmark/inference_ms,31.530062
1779793462.801,/benchmark/inference_ms,31.151920
1779793462.850,/benchmark/inference_ms,32.504330
1779793462.901,/benchmark/inference_ms,32.134155
1779793462.951,/benchmark/inference_ms,30.757395
1779793463.002,/benchmark/inference_ms,32.266792
1779793463.053,/benchmark/inference_ms,32.478889
1779793463.106,/benchmark/inference_ms,32.865829
1779793463.155,/benchmark/inference_ms,28.630270
1779793463.209,/benchmark/inference_ms,31.883244
1779793463.261,/benchmark/inference_ms,31.500942
1779793463.310,/benchmark/inference_ms,31.281937
1779793463.360,/benchmark/inference_ms,32.648487
1779793463.413,/benchmark/inference_ms,32.381416
1779793463.466,/benchmark/inference_ms,31.736174
1779793463.518,/benchmark/inference_ms,32.367146
1779793463.569,/benchmark/inference_ms,31.025873
1779793463.617,/benchmark/inference_ms,29.510490
1779793463.671,/benchmark/inference_ms,32.495464
1779793463.720,/benchmark/inference_ms,30.953938
1779793463.774,/benchmark/inference_ms,31.519375
1779793463.826,/benchmark/inference_ms,32.927494
1779793463.879,/benchmark/inference_ms,31.837196
1779793463.931,/benchmark/inference_ms,30.989521
1779793463.980,/benchmark/inference_ms,31.275248
1779793464.035,/benchmark/inference_ms,32.653736
1779793464.080,/benchmark/inference_ms,26.088366
1779793464.134,/benchmark/inference_ms,32.267563
1779793464.186,/benchmark/inference_ms,32.896198
1779793464.241,/benchmark/inference_ms,33.196709
1779793464.293,/benchmark/inference_ms,31.677519
1779793464.348,/benchmark/inference_ms,32.826374
1779793464.397,/benchmark/inference_ms,32.186764
1779793464.448,/benchmark/inference_ms,30.842003
1779793464.503,/benchmark/inference_ms,31.338863
1779793464.553,/benchmark/inference_ms,28.703007
1779793464.604,/benchmark/inference_ms,31.690062
1779793464.659,/benchmark/inference_ms,33.899937
1779793464.712,/benchmark/inference_ms,32.964424
1779793464.765,/benchmark/inference_ms,32.429962
1779793464.813,/benchmark/inference_ms,31.102449
1779793464.864,/benchmark/inference_ms,32.457706
1779793464.914,/benchmark/inference_ms,31.995852
1779793464.966,/benchmark/inference_ms,32.693798
1779793465.013,/benchmark/inference_ms,28.530272
1779793465.066,/benchmark/inference_ms,32.603271
1779793465.117,/benchmark/inference_ms,32.342632
1779793465.171,/benchmark/inference_ms,32.337196
1779793465.220,/benchmark/inference_ms,32.398922
1779793465.271,/benchmark/inference_ms,31.542063
1779793465.324,/benchmark/inference_ms,32.468395
1779793465.373,/benchmark/inference_ms,32.006668
1779793465.424,/benchmark/inference_ms,32.011467
1779793465.478,/benchmark/inference_ms,31.188433
1779793465.525,/benchmark/inference_ms,31.136881
1779793465.578,/benchmark/inference_ms,31.426865
1779793465.627,/benchmark/inference_ms,31.771181
1779793465.680,/benchmark/inference_ms,31.124369
1779793465.733,/benchmark/inference_ms,32.220810
1779793465.785,/benchmark/inference_ms,32.273514
1779793465.834,/benchmark/inference_ms,30.888563
1779793465.888,/benchmark/inference_ms,33.023270
1779793465.936,/benchmark/inference_ms,28.017475
1779793465.989,/benchmark/inference_ms,32.214348
1779793466.039,/benchmark/inference_ms,32.260941
1779793466.091,/benchmark/inference_ms,32.611530
1779793466.143,/benchmark/inference_ms,32.355850
1779793466.195,/benchmark/inference_ms,31.179089
1779793466.247,/benchmark/inference_ms,32.651241
1779793466.298,/benchmark/inference_ms,32.485992
1779793466.350,/benchmark/inference_ms,31.077522
1779793466.397,/benchmark/inference_ms,28.362465
1779793466.453,/benchmark/inference_ms,34.042175
1779793466.502,/benchmark/inference_ms,32.265865
1779793466.553,/benchmark/inference_ms,32.726631
1779793466.604,/benchmark/inference_ms,32.234985
1779793466.657,/benchmark/inference_ms,31.284241
1779793466.706,/benchmark/inference_ms,31.998093
1779793466.760,/benchmark/inference_ms,32.139755
1779793466.809,/benchmark/inference_ms,32.099564
1779793466.861,/benchmark/inference_ms,31.177874
1779793466.910,/benchmark/inference_ms,31.624559
1779793466.962,/benchmark/inference_ms,31.942829
1779793467.013,/benchmark/inference_ms,32.137932
1779793467.067,/benchmark/inference_ms,32.862728
1779793467.123,/benchmark/inference_ms,35.953846
1779793467.177,/benchmark/inference_ms,32.857899
1779793467.229,/benchmark/inference_ms,33.134277
1779793467.284,/benchmark/inference_ms,32.840618
1779793467.334,/benchmark/inference_ms,32.641865
1779793467.386,/benchmark/inference_ms,31.363089
1779793467.438,/benchmark/inference_ms,32.986053
1779793467.491,/benchmark/inference_ms,32.585194
1779793467.537,/benchmark/inference_ms,25.678032
1779793467.584,/benchmark/inference_ms,30.654804
1779793467.639,/benchmark/inference_ms,32.314796
1779793467.690,/benchmark/inference_ms,32.239883
1779793467.739,/benchmark/inference_ms,32.600906
1779793467.787,/benchmark/inference_ms,28.966206
1779793467.838,/benchmark/inference_ms,32.632328
1779793467.892,/benchmark/inference_ms,33.012009
1779793467.944,/benchmark/inference_ms,32.843433
1779793467.992,/benchmark/inference_ms,32.255917
1779793468.045,/benchmark/inference_ms,32.718281
1779793468.095,/benchmark/inference_ms,32.203339
1779793468.148,/benchmark/inference_ms,31.037458
1779793468.201,/benchmark/inference_ms,32.826950
1779793468.249,/benchmark/inference_ms,28.420481
1779793468.302,/benchmark/inference_ms,31.877678
1779793468.352,/benchmark/inference_ms,32.372074
1779793468.404,/benchmark/inference_ms,31.495855
1779793468.456,/benchmark/inference_ms,32.446602
1779793468.509,/benchmark/inference_ms,32.465801
1779793468.562,/benchmark/inference_ms,32.937286
1779793468.614,/benchmark/inference_ms,32.690857
1779793468.669,/benchmark/inference_ms,33.303749
1779793468.718,/benchmark/inference_ms,30.931988
1779793468.772,/benchmark/inference_ms,32.311436
1779793468.823,/benchmark/inference_ms,31.405169
1779793468.874,/benchmark/inference_ms,32.099373
1779793468.928,/benchmark/inference_ms,32.994152
1779793468.981,/benchmark/inference_ms,31.977228
1779793469.029,/benchmark/inference_ms,31.526672
1779793469.083,/benchmark/inference_ms,32.534092
1779793469.132,/benchmark/inference_ms,32.418186
1779793469.179,/benchmark/inference_ms,28.589058
1779793469.232,/benchmark/inference_ms,32.328331
1779793469.282,/benchmark/inference_ms,32.379211
1779793469.334,/benchmark/inference_ms,32.778027
1779793469.386,/benchmark/inference_ms,32.538506
1779793469.436,/benchmark/inference_ms,30.976402
1779793469.489,/benchmark/inference_ms,30.889011
1779793469.543,/benchmark/inference_ms,33.042698
1779793469.591,/benchmark/inference_ms,32.105839
1779793469.644,/benchmark/inference_ms,30.408758
1779793469.694,/benchmark/inference_ms,30.914515
1779793469.748,/benchmark/inference_ms,32.812263
1779793469.801,/benchmark/inference_ms,32.916874
1779793469.852,/benchmark/inference_ms,31.343889
1779793469.905,/benchmark/inference_ms,31.634480
1779793469.957,/benchmark/inference_ms,32.741322
1779793470.007,/benchmark/inference_ms,31.407537
1779793470.061,/benchmark/inference_ms,32.825035
1779793470.109,/benchmark/inference_ms,28.799681
1779793470.160,/benchmark/inference_ms,32.826538
1779793470.208,/benchmark/inference_ms,30.961107
1779793470.263,/benchmark/inference_ms,32.653961
1779793470.315,/benchmark/inference_ms,31.339602
1779793470.363,/benchmark/inference_ms,30.799252
1779793470.415,/benchmark/inference_ms,30.775126
1779793470.466,/benchmark/inference_ms,32.255051
1779793470.519,/benchmark/inference_ms,32.676521
1779793470.567,/benchmark/inference_ms,30.798197
1779793470.618,/benchmark/inference_ms,30.904596
1779793470.671,/benchmark/inference_ms,31.288881
1779793470.724,/benchmark/inference_ms,32.659115
1779793470.776,/benchmark/inference_ms,32.516747
1779793470.827,/benchmark/inference_ms,32.558540
1779793470.879,/benchmark/inference_ms,31.140627
1779793470.932,/benchmark/inference_ms,32.445900
1779793470.985,/benchmark/inference_ms,32.583565
1779793471.032,/benchmark/inference_ms,27.127274
1779793471.086,/benchmark/inference_ms,32.355850
1779793471.135,/benchmark/inference_ms,32.293293
1779793471.189,/benchmark/inference_ms,33.033798
1779793471.241,/benchmark/inference_ms,32.639500
1779793471.295,/benchmark/inference_ms,31.907087
1779793471.344,/benchmark/inference_ms,32.059021
1779793471.397,/benchmark/inference_ms,32.313805
1779793471.447,/benchmark/inference_ms,32.225742
1779793471.495,/benchmark/inference_ms,31.115028
1779793471.546,/benchmark/inference_ms,32.579243
1779793471.599,/benchmark/inference_ms,31.116531
1779793471.652,/benchmark/inference_ms,32.914665
1779793471.704,/benchmark/inference_ms,32.842983
1779793471.755,/benchmark/inference_ms,31.859375
1779793471.809,/benchmark/inference_ms,32.434605
1779793471.861,/benchmark/inference_ms,32.794537
1779793471.915,/benchmark/inference_ms,31.151859
1779793471.962,/benchmark/inference_ms,28.717537
1779793472.014,/benchmark/inference_ms,31.022388
1779793472.067,/benchmark/inference_ms,31.098547
1779793472.118,/benchmark/inference_ms,32.902699
1779793472.172,/benchmark/inference_ms,32.618572
1779793472.224,/benchmark/inference_ms,32.881577
1779793472.278,/benchmark/inference_ms,31.385363
1779793472.329,/benchmark/inference_ms,32.716843
1779793472.378,/benchmark/inference_ms,32.969543
1779793472.430,/benchmark/inference_ms,30.840214
1779793472.483,/benchmark/inference_ms,32.047855
1779793472.535,/benchmark/inference_ms,32.950985
1779793472.588,/benchmark/inference_ms,31.137363
1779793472.636,/benchmark/inference_ms,32.459949
1779793472.688,/benchmark/inference_ms,31.814926
1779793472.742,/benchmark/inference_ms,32.987335
1779793472.794,/benchmark/inference_ms,31.415026
1779793472.845,/benchmark/inference_ms,32.443180
1779793472.896,/benchmark/inference_ms,30.760855
1779793472.948,/benchmark/inference_ms,30.913462
1779793472.999,/benchmark/inference_ms,32.453003
1779793473.051,/benchmark/inference_ms,32.209328
1779793473.101,/benchmark/inference_ms,32.465710
1779793473.151,/benchmark/inference_ms,31.095987
1779793473.204,/benchmark/inference_ms,32.824650
1779793473.258,/benchmark/inference_ms,31.674128
1779793473.308,/benchmark/inference_ms,32.556587
1779793473.358,/benchmark/inference_ms,27.476423
1779793473.408,/benchmark/inference_ms,32.120430
1779793473.462,/benchmark/inference_ms,32.795307
1779793473.510,/benchmark/inference_ms,32.105328
1779793473.562,/benchmark/inference_ms,32.666698
1779793473.613,/benchmark/inference_ms,31.874542
1779793473.665,/benchmark/inference_ms,30.883636
1779793473.716,/benchmark/inference_ms,30.667702
1779793473.767,/benchmark/inference_ms,32.507309
1779793473.812,/benchmark/inference_ms,25.137077
1779793473.865,/benchmark/inference_ms,32.382988
1779793473.917,/benchmark/inference_ms,32.491180
1779793473.966,/benchmark/inference_ms,32.637802
1779793474.020,/benchmark/inference_ms,32.641994
1779793474.068,/benchmark/inference_ms,30.854101
1779793474.119,/benchmark/inference_ms,32.161903
1779793474.172,/benchmark/inference_ms,32.557484
1779793474.221,/benchmark/inference_ms,32.006477
1779793474.275,/benchmark/inference_ms,31.668467
1779793474.328,/benchmark/inference_ms,32.731339
1779793474.378,/benchmark/inference_ms,30.908503
1779793474.429,/benchmark/inference_ms,32.633869
1779793474.480,/benchmark/inference_ms,31.108437
1779793474.529,/benchmark/inference_ms,28.623426
1779793474.580,/benchmark/inference_ms,31.628338
1779793474.631,/benchmark/inference_ms,32.234447
1779793474.682,/benchmark/inference_ms,31.197077
1779793474.734,/benchmark/inference_ms,31.380722
1779793474.788,/benchmark/inference_ms,31.850864
1779793474.837,/benchmark/inference_ms,31.588657
1779793474.888,/benchmark/inference_ms,31.151348
1779793474.942,/benchmark/inference_ms,32.993546
1779793474.992,/benchmark/inference_ms,29.909756
1779793475.045,/benchmark/inference_ms,32.573452
1779793475.094,/benchmark/inference_ms,32.273808
1779793475.147,/benchmark/inference_ms,32.750477
1779793475.200,/benchmark/inference_ms,32.959946
1779793475.253,/benchmark/inference_ms,31.923153
1779793475.305,/benchmark/inference_ms,32.090096
1779793475.355,/benchmark/inference_ms,32.221840
1779793475.408,/benchmark/inference_ms,32.821548
1779793475.459,/benchmark/inference_ms,29.700541
1779793475.512,/benchmark/inference_ms,32.314316
1779793475.561,/benchmark/inference_ms,32.239021
1779793475.612,/benchmark/inference_ms,32.070957
1779793475.666,/benchmark/inference_ms,32.513615
1779793475.718,/benchmark/inference_ms,32.407661
1779793475.769,/benchmark/inference_ms,30.979284
1779793475.825,/benchmark/inference_ms,31.205685
1779793475.872,/benchmark/inference_ms,32.007439
1779793475.923,/benchmark/inference_ms,31.586546
1779793475.973,/benchmark/inference_ms,31.046804
1779793476.026,/benchmark/inference_ms,31.805040
1779793476.080,/benchmark/inference_ms,32.648109
1779793476.130,/benchmark/inference_ms,31.196917
1779793476.180,/benchmark/inference_ms,31.569458
1779793476.233,/benchmark/inference_ms,32.805195
1779793476.286,/benchmark/inference_ms,32.914284
1779793476.340,/benchmark/inference_ms,31.278004
1779793476.388,/benchmark/inference_ms,31.170099
1779793476.440,/benchmark/inference_ms,31.959185
1779793476.491,/benchmark/inference_ms,31.053205
1779793476.544,/benchmark/inference_ms,32.923019
1779793476.599,/benchmark/inference_ms,32.724972
1779793476.650,/benchmark/inference_ms,30.882294
1779793476.699,/benchmark/inference_ms,31.380787
1779793476.752,/benchmark/inference_ms,32.782990
1779793476.807,/benchmark/inference_ms,33.138603
1779793476.852,/benchmark/inference_ms,28.899586
1779793476.905,/benchmark/inference_ms,31.481108
1779793476.960,/benchmark/inference_ms,32.953388
1779793477.009,/benchmark/inference_ms,32.390896
1779793477.060,/benchmark/inference_ms,32.310478
1779793477.112,/benchmark/inference_ms,31.275446
1779793477.165,/benchmark/inference_ms,32.424496
1779793477.218,/benchmark/inference_ms,31.386965
1779793477.267,/benchmark/inference_ms,32.451725
1779793477.318,/benchmark/inference_ms,29.660444
1779793477.371,/benchmark/inference_ms,32.164848
1779793477.424,/benchmark/inference_ms,30.659800
1779793477.475,/benchmark/inference_ms,32.572395
1779793477.527,/benchmark/inference_ms,32.956074
1779793477.586,/benchmark/inference_ms,33.088234
1779793477.632,/benchmark/inference_ms,31.084181
1779793477.683,/benchmark/inference_ms,32.454895
1779793477.735,/benchmark/inference_ms,32.253136
1779793477.781,/benchmark/inference_ms,27.147114
1779793477.834,/benchmark/inference_ms,31.471123
1779793477.887,/benchmark/inference_ms,33.141384
1779793477.939,/benchmark/inference_ms,32.397774
1779793477.992,/benchmark/inference_ms,32.340973
1779793478.041,/benchmark/inference_ms,31.980049
1779793478.093,/benchmark/inference_ms,32.545261
1779793478.146,/benchmark/inference_ms,31.357620
1779793478.198,/benchmark/inference_ms,32.884937
1779793478.246,/benchmark/inference_ms,28.716227
1779793478.300,/benchmark/inference_ms,32.340111
1779793478.348,/benchmark/inference_ms,31.935472
1779793478.399,/benchmark/inference_ms,31.563795
1779793478.453,/benchmark/inference_ms,32.009296
1779793478.507,/benchmark/inference_ms,32.206799
1779793478.558,/benchmark/inference_ms,31.554258
1779793478.609,/benchmark/inference_ms,32.044689
1779793478.662,/benchmark/inference_ms,32.131054
1779793478.705,/benchmark/inference_ms,25.808371
1779793478.758,/benchmark/inference_ms,32.778893
1779793478.808,/benchmark/inference_ms,31.844177
1779793478.860,/benchmark/inference_ms,32.437294
1779793478.910,/benchmark/inference_ms,32.006416
1779793478.958,/benchmark/inference_ms,28.458565
1779793479.009,/benchmark/inference_ms,32.337231
1779793479.060,/benchmark/inference_ms,32.508240
1779793479.111,/benchmark/inference_ms,32.045586
1779793479.162,/benchmark/inference_ms,32.582958
1779793479.214,/benchmark/inference_ms,32.938988
1779793479.265,/benchmark/inference_ms,32.441517
1779793479.317,/benchmark/inference_ms,32.480526
1779793479.367,/benchmark/inference_ms,32.366573
1779793479.410,/benchmark/inference_ms,23.971836
1779793479.463,/benchmark/inference_ms,31.949873
1779793479.512,/benchmark/inference_ms,32.490093
1779793479.565,/benchmark/inference_ms,32.919819
1779793479.615,/benchmark/inference_ms,32.165039
1779793479.664,/benchmark/inference_ms,29.750877
1779793479.717,/benchmark/inference_ms,32.017456
1779793479.767,/benchmark/inference_ms,32.644238
1779793479.817,/benchmark/inference_ms,31.440884
1779793479.870,/benchmark/inference_ms,31.856209
1779793479.924,/benchmark/inference_ms,31.466003
1779793479.973,/benchmark/inference_ms,31.278069
1779793480.026,/benchmark/inference_ms,32.335533
1779793480.075,/benchmark/inference_ms,32.324242
1779793480.125,/benchmark/inference_ms,29.698780
1779793480.179,/benchmark/inference_ms,31.528402
1779793480.231,/benchmark/inference_ms,32.672268
1779793480.285,/benchmark/inference_ms,33.082478
1779793480.337,/benchmark/inference_ms,31.289654
1779793480.390,/benchmark/inference_ms,32.707245
1779793480.441,/benchmark/inference_ms,30.844152
1779793480.491,/benchmark/inference_ms,31.272213
1779793480.545,/benchmark/inference_ms,31.922482
1779793480.592,/benchmark/inference_ms,29.859165
1779793480.645,/benchmark/inference_ms,31.792658
1779793480.694,/benchmark/inference_ms,31.868370
1779793480.747,/benchmark/inference_ms,32.354286
1779793480.797,/benchmark/inference_ms,32.315758
1779793480.850,/benchmark/inference_ms,32.766956
1779793480.904,/benchmark/inference_ms,32.532814
1779793480.952,/benchmark/inference_ms,31.257622
1779793481.007,/benchmark/inference_ms,33.175148
1779793481.055,/benchmark/inference_ms,28.727747
1779793481.106,/benchmark/inference_ms,32.221138
1779793481.160,/benchmark/inference_ms,30.869593
1779793481.211,/benchmark/inference_ms,32.290993
1779793481.260,/benchmark/inference_ms,31.381332
1779793481.312,/benchmark/inference_ms,33.076523
1779793481.364,/benchmark/inference_ms,30.933720
1779793481.417,/benchmark/inference_ms,31.583538
1779793481.468,/benchmark/inference_ms,32.914379
1779793481.516,/benchmark/inference_ms,27.777225
1779793481.568,/benchmark/inference_ms,31.352148
1779793481.622,/benchmark/inference_ms,32.970348
1779793481.673,/benchmark/inference_ms,30.907352
1779793481.726,/benchmark/inference_ms,32.206001
1779793481.779,/benchmark/inference_ms,32.638412
1779793481.830,/benchmark/inference_ms,33.139370
1779793481.882,/benchmark/inference_ms,30.967735
1779793481.932,/benchmark/inference_ms,32.393360
1779793481.985,/benchmark/inference_ms,32.289135
1779793482.035,/benchmark/inference_ms,31.736179
1779793482.088,/benchmark/inference_ms,33.051243
1779793482.141,/benchmark/inference_ms,30.901560
1779793302.051,/benchmark/latency_ms,55.551353
1779793302.103,/benchmark/latency_ms,57.712330
1779793302.147,/benchmark/latency_ms,54.503010
1779793302.200,/benchmark/latency_ms,56.738640
1779793302.263,/benchmark/latency_ms,58.831806
1779793302.301,/benchmark/latency_ms,60.735027
1779793302.355,/benchmark/latency_ms,62.928673
1779793302.405,/benchmark/latency_ms,65.896233
1779793302.456,/benchmark/latency_ms,67.774940
1779793302.507,/benchmark/latency_ms,57.060558
1779793302.557,/benchmark/latency_ms,59.161053
1779793302.608,/benchmark/latency_ms,61.613129
1779793302.659,/benchmark/latency_ms,64.540627
1779793302.722,/benchmark/latency_ms,66.128426
1779793302.764,/benchmark/latency_ms,67.604286
1779793302.813,/benchmark/latency_ms,57.364746
1779793302.867,/benchmark/latency_ms,58.712864
1779793302.913,/benchmark/latency_ms,60.680050
1779793302.965,/benchmark/latency_ms,62.677124
1779793303.020,/benchmark/latency_ms,66.003624
1779793303.069,/benchmark/latency_ms,56.529011
1779793303.132,/benchmark/latency_ms,58.749859
1779793303.173,/benchmark/latency_ms,60.100407
1779793303.226,/benchmark/latency_ms,61.677067
1779793303.277,/benchmark/latency_ms,64.631767
1779793303.321,/benchmark/latency_ms,61.694538
1779793303.386,/benchmark/latency_ms,65.102356
1779793303.426,/benchmark/latency_ms,66.242699
1779793303.487,/benchmark/latency_ms,56.724400
1779793303.528,/benchmark/latency_ms,59.088512
1779793303.577,/benchmark/latency_ms,58.462467
1779793303.629,/benchmark/latency_ms,62.464550
1779793303.683,/benchmark/latency_ms,66.429131
1779793303.735,/benchmark/latency_ms,58.838848
1779793303.787,/benchmark/latency_ms,63.154209
1779793303.853,/benchmark/latency_ms,65.837868
1779793303.891,/benchmark/latency_ms,67.447006
1779793303.944,/benchmark/latency_ms,58.828640
1779793304.008,/benchmark/latency_ms,62.882530
1779793304.045,/benchmark/latency_ms,60.537876
1779793304.095,/benchmark/latency_ms,61.985867
1779793304.148,/benchmark/latency_ms,64.488632
1779793304.198,/benchmark/latency_ms,65.929131
1779793304.248,/benchmark/latency_ms,56.275444
1779793304.301,/benchmark/latency_ms,59.226974
1779793304.351,/benchmark/latency_ms,60.879345
1779793304.405,/benchmark/latency_ms,63.251457
1779793304.459,/benchmark/latency_ms,68.045502
1779793304.501,/benchmark/latency_ms,51.268925
1779793304.553,/benchmark/latency_ms,64.714165
1779793304.602,/benchmark/latency_ms,65.963913
1779793304.655,/benchmark/latency_ms,68.016472
1779793304.707,/benchmark/latency_ms,60.389557
1779793304.772,/benchmark/latency_ms,62.887844
1779793304.809,/benchmark/latency_ms,64.844849
1779793304.872,/benchmark/latency_ms,66.505348
1779793304.914,/benchmark/latency_ms,58.325382
1779793304.969,/benchmark/latency_ms,63.195488
1779793305.022,/benchmark/latency_ms,66.358917
1779793305.071,/benchmark/latency_ms,67.857185
1779793305.122,/benchmark/latency_ms,57.058674
1779793305.175,/benchmark/latency_ms,61.181168
1779793305.224,/benchmark/latency_ms,59.742393
1779793305.275,/benchmark/latency_ms,61.775692
1779793305.329,/benchmark/latency_ms,65.998383
1779793305.379,/benchmark/latency_ms,67.025604
1779793305.431,/benchmark/latency_ms,56.955666
1779793305.483,/benchmark/latency_ms,60.320568
1779793305.533,/benchmark/latency_ms,61.759949
1779793305.586,/benchmark/latency_ms,65.691887
1779793305.638,/benchmark/latency_ms,56.386452
1779793305.692,/benchmark/latency_ms,59.448479
1779793305.744,/benchmark/latency_ms,61.791946
1779793305.797,/benchmark/latency_ms,63.478973
1779793305.844,/benchmark/latency_ms,65.707535
1779793305.897,/benchmark/latency_ms,57.770508
1779793305.949,/benchmark/latency_ms,61.173935
1779793306.002,/benchmark/latency_ms,64.725876
1779793306.055,/benchmark/latency_ms,66.504646
1779793306.107,/benchmark/latency_ms,58.063496
1779793306.156,/benchmark/latency_ms,58.923553
1779793306.208,/benchmark/latency_ms,61.903595
1779793306.261,/benchmark/latency_ms,63.179329
1779793306.313,/benchmark/latency_ms,65.543762
1779793306.363,/benchmark/latency_ms,67.218277
1779793306.415,/benchmark/latency_ms,57.218254
1779793306.468,/benchmark/latency_ms,59.654045
1779793306.521,/benchmark/latency_ms,61.731918
1779793306.568,/benchmark/latency_ms,63.828541
1779793306.620,/benchmark/latency_ms,64.796471
1779793306.672,/benchmark/latency_ms,67.584511
1779793306.726,/benchmark/latency_ms,68.198906
1779793306.778,/benchmark/latency_ms,58.426693
1779793306.830,/benchmark/latency_ms,62.048618
1779793306.878,/benchmark/latency_ms,60.755634
1779793306.929,/benchmark/latency_ms,62.560966
1779793306.982,/benchmark/latency_ms,66.723274
1779793307.036,/benchmark/latency_ms,58.594597
1779793307.090,/benchmark/latency_ms,63.331394
1779793307.143,/benchmark/latency_ms,66.473709
1779793307.194,/benchmark/latency_ms,55.393406
1779793307.245,/benchmark/latency_ms,57.225266
1779793307.297,/benchmark/latency_ms,59.130466
1779793307.345,/benchmark/latency_ms,59.579678
1779793307.398,/benchmark/latency_ms,61.887791
1779793307.451,/benchmark/latency_ms,62.911396
1779793307.500,/benchmark/latency_ms,65.906609
1779793307.550,/benchmark/latency_ms,55.440029
1779793307.601,/benchmark/latency_ms,57.212914
1779793307.654,/benchmark/latency_ms,61.313904
1779793307.707,/benchmark/latency_ms,64.571930
1779793307.769,/benchmark/latency_ms,66.801544
1779793307.806,/benchmark/latency_ms,54.902946
1779793307.858,/benchmark/latency_ms,58.388424
1779793307.911,/benchmark/latency_ms,62.468681
1779793307.963,/benchmark/latency_ms,64.924438
1779793308.014,/benchmark/latency_ms,67.194275
1779793308.064,/benchmark/latency_ms,54.982723
1779793308.114,/benchmark/latency_ms,57.295055
1779793308.167,/benchmark/latency_ms,61.726894
1779793308.220,/benchmark/latency_ms,63.946716
1779793308.270,/benchmark/latency_ms,66.479881
1779793308.319,/benchmark/latency_ms,55.426941
1779793308.372,/benchmark/latency_ms,58.135563
1779793308.425,/benchmark/latency_ms,64.866394
1779793308.479,/benchmark/latency_ms,67.411751
1779793308.542,/benchmark/latency_ms,58.237831
1779793308.582,/benchmark/latency_ms,60.491096
1779793308.638,/benchmark/latency_ms,66.951401
1779793308.691,/benchmark/latency_ms,57.337070
1779793308.740,/benchmark/latency_ms,59.534046
1779793308.782,/benchmark/latency_ms,52.623604
1779793308.825,/benchmark/latency_ms,48.239925
1779793308.867,/benchmark/latency_ms,52.880531
1779793308.908,/benchmark/latency_ms,45.541706
1779793308.949,/benchmark/latency_ms,52.357590
1779793308.993,/benchmark/latency_ms,46.621185
1779793309.046,/benchmark/latency_ms,51.389309
1779793309.078,/benchmark/latency_ms,56.612278
1779793309.111,/benchmark/latency_ms,60.552250
1779793309.156,/benchmark/latency_ms,53.215824
1779793309.198,/benchmark/latency_ms,46.018021
1779793309.238,/benchmark/latency_ms,52.206520
1779793309.279,/benchmark/latency_ms,57.037971
1779793309.321,/benchmark/latency_ms,49.408173
1779793309.373,/benchmark/latency_ms,54.720356
1779793309.417,/benchmark/latency_ms,49.041199
1779793309.447,/benchmark/latency_ms,54.249191
1779793309.488,/benchmark/latency_ms,49.112465
1779793309.542,/benchmark/latency_ms,55.766876
1779793309.579,/benchmark/latency_ms,63.019333
1779793309.624,/benchmark/latency_ms,66.469803
1779793309.667,/benchmark/latency_ms,54.000618
1779793309.713,/benchmark/latency_ms,58.397800
1779793309.759,/benchmark/latency_ms,60.578136
1779793309.803,/benchmark/latency_ms,51.178112
1779793309.848,/benchmark/latency_ms,53.553806
1779793309.892,/benchmark/latency_ms,55.668606
1779793309.938,/benchmark/latency_ms,59.435650
1779793309.983,/benchmark/latency_ms,62.326603
1779793310.030,/benchmark/latency_ms,52.380535
1779793310.073,/benchmark/latency_ms,54.705479
1779793310.118,/benchmark/latency_ms,57.689262
1779793310.163,/benchmark/latency_ms,60.421978
1779793310.208,/benchmark/latency_ms,63.153831
1779793310.254,/benchmark/latency_ms,53.793674
1779793310.299,/benchmark/latency_ms,55.837116
1779793310.341,/benchmark/latency_ms,58.251114
1779793310.386,/benchmark/latency_ms,60.452187
1779793310.431,/benchmark/latency_ms,51.640892
1779793310.475,/benchmark/latency_ms,54.000042
1779793310.522,/benchmark/latency_ms,57.363792
1779793310.565,/benchmark/latency_ms,60.308701
1779793310.611,/benchmark/latency_ms,62.695049
1779793310.654,/benchmark/latency_ms,51.494015
1779793310.709,/benchmark/latency_ms,53.617455
1779793310.743,/benchmark/latency_ms,56.448055
1779793310.788,/benchmark/latency_ms,59.544289
1779793310.832,/benchmark/latency_ms,62.151470
1779793310.880,/benchmark/latency_ms,52.448887
1779793310.922,/benchmark/latency_ms,54.169834
1779793310.969,/benchmark/latency_ms,57.822350
1779793311.025,/benchmark/latency_ms,62.414570
1779793311.061,/benchmark/latency_ms,53.320847
1779793311.106,/benchmark/latency_ms,56.019485
1779793311.152,/benchmark/latency_ms,59.105957
1779793311.197,/benchmark/latency_ms,63.622978
1779793311.242,/benchmark/latency_ms,53.393585
1779793311.299,/benchmark/latency_ms,56.298904
1779793311.333,/benchmark/latency_ms,59.537476
1779793311.387,/benchmark/latency_ms,61.858128
1779793311.424,/benchmark/latency_ms,53.119411
1779793311.467,/benchmark/latency_ms,55.294754
1779793311.514,/benchmark/latency_ms,58.941383
1779793311.557,/benchmark/latency_ms,62.086864
1779793311.603,/benchmark/latency_ms,52.430965
1779793311.649,/benchmark/latency_ms,55.093666
1779793311.694,/benchmark/latency_ms,58.838600
1779793311.739,/benchmark/latency_ms,61.650162
1779793311.786,/benchmark/latency_ms,52.749748
1779793311.829,/benchmark/latency_ms,55.365631
1779793311.875,/benchmark/latency_ms,59.296772
1779793311.920,/benchmark/latency_ms,63.028618
1779793311.969,/benchmark/latency_ms,54.700325
1779793312.014,/benchmark/latency_ms,59.099972
1779793312.061,/benchmark/latency_ms,62.554893
1779793312.105,/benchmark/latency_ms,51.885597
1779793312.153,/benchmark/latency_ms,56.265404
1779793312.197,/benchmark/latency_ms,58.311050
1779793312.244,/benchmark/latency_ms,61.616501
1779793312.300,/benchmark/latency_ms,52.536503
1779793312.336,/benchmark/latency_ms,56.003742
1779793312.380,/benchmark/latency_ms,59.428226
1779793312.425,/benchmark/latency_ms,62.852585
1779793312.473,/benchmark/latency_ms,54.498920
1779793312.520,/benchmark/latency_ms,58.056046
1779793312.564,/benchmark/latency_ms,61.571922
1779793312.611,/benchmark/latency_ms,52.784119
1779793312.656,/benchmark/latency_ms,55.646210
1779793312.702,/benchmark/latency_ms,59.703106
1779793312.748,/benchmark/latency_ms,63.128166
1779793312.795,/benchmark/latency_ms,53.936142
1779793312.851,/benchmark/latency_ms,57.360310
1779793312.887,/benchmark/latency_ms,60.479229
1779793312.931,/benchmark/latency_ms,63.971073
1779793312.976,/benchmark/latency_ms,53.001106
1779793313.023,/benchmark/latency_ms,56.060062
1779793313.069,/benchmark/latency_ms,61.626198
1779793313.117,/benchmark/latency_ms,53.029812
1779793313.162,/benchmark/latency_ms,56.315643
1779793313.210,/benchmark/latency_ms,60.569885
1779793313.254,/benchmark/latency_ms,63.778851
1779793313.302,/benchmark/latency_ms,54.177837
1779793313.346,/benchmark/latency_ms,57.921616
1779793313.392,/benchmark/latency_ms,61.185047
1779793313.440,/benchmark/latency_ms,52.636662
1779793313.485,/benchmark/latency_ms,55.771458
1779793313.531,/benchmark/latency_ms,59.704613
1779793313.576,/benchmark/latency_ms,63.357704
1779793313.622,/benchmark/latency_ms,53.169651
1779793313.667,/benchmark/latency_ms,55.990749
1779793313.712,/benchmark/latency_ms,59.264935
1779793313.759,/benchmark/latency_ms,62.328941
1779793313.816,/benchmark/latency_ms,53.294449
1779793313.860,/benchmark/latency_ms,56.201885
1779793313.896,/benchmark/latency_ms,59.761505
1779793313.942,/benchmark/latency_ms,63.368999
1779793313.987,/benchmark/latency_ms,54.223339
1779793314.035,/benchmark/latency_ms,59.957794
1779793314.085,/benchmark/latency_ms,63.345192
1779793314.128,/benchmark/latency_ms,54.908230
1779793314.175,/benchmark/latency_ms,57.914928
1779793314.231,/benchmark/latency_ms,61.728210
1779793314.267,/benchmark/latency_ms,53.354420
1779793314.313,/benchmark/latency_ms,56.655930
1779793314.356,/benchmark/latency_ms,60.030659
1779793314.402,/benchmark/latency_ms,62.913197
1779793314.451,/benchmark/latency_ms,53.936558
1779793314.495,/benchmark/latency_ms,57.270775
1779793314.541,/benchmark/latency_ms,60.504543
1779793314.598,/benchmark/latency_ms,64.318176
1779793314.633,/benchmark/latency_ms,53.115604
1779793314.678,/benchmark/latency_ms,56.377308
1779793314.723,/benchmark/latency_ms,59.860065
1779793314.770,/benchmark/latency_ms,63.565350
1779793314.816,/benchmark/latency_ms,54.944649
1779793314.863,/benchmark/latency_ms,58.288013
1779793314.907,/benchmark/latency_ms,62.186291
1779793314.956,/benchmark/latency_ms,53.362225
1779793315.002,/benchmark/latency_ms,58.954662
1779793315.049,/benchmark/latency_ms,62.407089
1779793315.095,/benchmark/latency_ms,53.954990
1779793315.141,/benchmark/latency_ms,57.859314
1779793315.188,/benchmark/latency_ms,61.651062
1779793315.234,/benchmark/latency_ms,64.631905
1779793315.280,/benchmark/latency_ms,54.961353
1779793315.339,/benchmark/latency_ms,58.896172
1779793315.371,/benchmark/latency_ms,62.233810
1779793315.418,/benchmark/latency_ms,52.908085
1779793315.463,/benchmark/latency_ms,56.410271
1779793315.509,/benchmark/latency_ms,60.089825
1779793315.556,/benchmark/latency_ms,64.050980
1779793315.601,/benchmark/latency_ms,54.832359
1779793315.648,/benchmark/latency_ms,58.406540
1779793315.692,/benchmark/latency_ms,61.914261
1779793315.741,/benchmark/latency_ms,53.403091
1779793315.785,/benchmark/latency_ms,57.019543
1779793315.831,/benchmark/latency_ms,60.865276
1779793315.878,/benchmark/latency_ms,63.860455
1779793315.924,/benchmark/latency_ms,55.058372
1779793315.971,/benchmark/latency_ms,60.151073
1779793316.017,/benchmark/latency_ms,63.654793
1779793316.064,/benchmark/latency_ms,54.445549
1779793316.110,/benchmark/latency_ms,57.956306
1779793316.157,/benchmark/latency_ms,61.501720
1779793316.204,/benchmark/latency_ms,52.733208
1779793316.249,/benchmark/latency_ms,55.377094
1779793316.293,/benchmark/latency_ms,58.966988
1779793316.338,/benchmark/latency_ms,62.105812
1779793316.386,/benchmark/latency_ms,53.131062
1779793316.432,/benchmark/latency_ms,55.081608
1779793316.476,/benchmark/latency_ms,57.798801
1779793316.521,/benchmark/latency_ms,60.535679
1779793316.567,/benchmark/latency_ms,63.390858
1779793316.614,/benchmark/latency_ms,53.358196
1779793316.660,/benchmark/latency_ms,55.592228
1779793316.705,/benchmark/latency_ms,58.302319
1779793316.749,/benchmark/latency_ms,60.878174
1779793316.794,/benchmark/latency_ms,62.819950
1779793316.840,/benchmark/latency_ms,50.546024
1779793316.884,/benchmark/latency_ms,51.711937
1779793316.930,/benchmark/latency_ms,56.264832
1779793316.976,/benchmark/latency_ms,59.136074
1779793317.024,/benchmark/latency_ms,64.475647
1779793317.073,/benchmark/latency_ms,54.173073
1779793317.114,/benchmark/latency_ms,56.526428
1779793317.161,/benchmark/latency_ms,61.572567
1779793317.207,/benchmark/latency_ms,51.242275
1779793317.264,/benchmark/latency_ms,54.337101
1779793317.302,/benchmark/latency_ms,60.424736
1779793317.347,/benchmark/latency_ms,63.576363
1779793317.389,/benchmark/latency_ms,50.885513
1779793317.436,/benchmark/latency_ms,54.533325
1779793317.481,/benchmark/latency_ms,56.440254
1779793317.526,/benchmark/latency_ms,58.639278
1779793317.571,/benchmark/latency_ms,60.815392
1779793317.616,/benchmark/latency_ms,62.781391
1779793317.662,/benchmark/latency_ms,51.820866
1779793317.706,/benchmark/latency_ms,53.959633
1779793317.765,/benchmark/latency_ms,70.631927
1779793317.796,/benchmark/latency_ms,58.755947
1779793317.843,/benchmark/latency_ms,63.040363
1779793317.889,/benchmark/latency_ms,51.801662
1779793317.938,/benchmark/latency_ms,56.279808
1779793317.994,/benchmark/latency_ms,58.897644
1779793318.027,/benchmark/latency_ms,60.949371
1779793318.070,/benchmark/latency_ms,63.004303
1779793318.116,/benchmark/latency_ms,52.179455
1779793318.161,/benchmark/latency_ms,53.724308
1779793318.206,/benchmark/latency_ms,56.117249
1779793318.251,/benchmark/latency_ms,58.203697
1779793318.296,/benchmark/latency_ms,60.549278
1779793318.342,/benchmark/latency_ms,62.831566
1779793318.400,/benchmark/latency_ms,52.619194
1779793318.434,/benchmark/latency_ms,57.157948
1779793318.479,/benchmark/latency_ms,58.840973
1779793318.524,/benchmark/latency_ms,61.141499
1779793318.570,/benchmark/latency_ms,62.628754
1779793318.617,/benchmark/latency_ms,52.639866
1779793318.660,/benchmark/latency_ms,54.463120
1779793318.705,/benchmark/latency_ms,56.913177
1779793318.750,/benchmark/latency_ms,59.255592
1779793318.795,/benchmark/latency_ms,61.334812
1779793318.841,/benchmark/latency_ms,63.144363
1779793318.884,/benchmark/latency_ms,50.562347
1779793318.928,/benchmark/latency_ms,51.755585
1779793318.972,/benchmark/latency_ms,53.011223
1779793319.017,/benchmark/latency_ms,54.811401
1779793319.063,/benchmark/latency_ms,57.434200
1779793319.105,/benchmark/latency_ms,59.900677
1779793319.151,/benchmark/latency_ms,61.403450
1779793319.208,/benchmark/latency_ms,63.693226
1779793319.241,/benchmark/latency_ms,51.143623
1779793319.285,/benchmark/latency_ms,52.482269
1779793319.329,/benchmark/latency_ms,53.941521
1779793319.375,/benchmark/latency_ms,55.484390
1779793319.420,/benchmark/latency_ms,59.065708
1779793319.476,/benchmark/latency_ms,61.516666
1779793319.521,/benchmark/latency_ms,63.722538
1779793319.555,/benchmark/latency_ms,51.365700
1779793319.610,/benchmark/latency_ms,52.984535
1779793319.644,/benchmark/latency_ms,54.877514
1779793319.689,/benchmark/latency_ms,57.516792
1779793319.735,/benchmark/latency_ms,59.384872
1779793319.789,/benchmark/latency_ms,61.861816
1779793319.824,/benchmark/latency_ms,50.654186
1779793319.879,/benchmark/latency_ms,52.615387
1779793319.913,/benchmark/latency_ms,54.213295
1779793319.958,/benchmark/latency_ms,56.772350
1779793320.003,/benchmark/latency_ms,59.228939
1779793320.049,/benchmark/latency_ms,61.679482
1779793320.093,/benchmark/latency_ms,63.804554
1779793320.151,/benchmark/latency_ms,53.151768
1779793320.183,/benchmark/latency_ms,54.701710
1779793320.228,/benchmark/latency_ms,56.810108
1779793320.273,/benchmark/latency_ms,59.399563
1779793320.318,/benchmark/latency_ms,61.508797
1779793320.363,/benchmark/latency_ms,63.574474
1779793320.424,/benchmark/latency_ms,54.332462
1779793320.456,/benchmark/latency_ms,56.975163
1779793320.501,/benchmark/latency_ms,59.135307
1779793320.546,/benchmark/latency_ms,61.835640
1779793320.602,/benchmark/latency_ms,64.084297
1779793320.635,/benchmark/latency_ms,51.592964
1779793320.681,/benchmark/latency_ms,53.180729
1779793320.727,/benchmark/latency_ms,55.353256
1779793320.771,/benchmark/latency_ms,57.753494
1779793320.814,/benchmark/latency_ms,59.561256
1779793320.859,/benchmark/latency_ms,61.568764
1779793320.904,/benchmark/latency_ms,63.838985
1779793320.949,/benchmark/latency_ms,51.395653
1779793320.993,/benchmark/latency_ms,53.159225
1779793321.038,/benchmark/latency_ms,55.318504
1779793321.085,/benchmark/latency_ms,57.670296
1779793321.129,/benchmark/latency_ms,60.340900
1779793321.184,/benchmark/latency_ms,62.059734
1779793321.218,/benchmark/latency_ms,51.219143
1779793321.262,/benchmark/latency_ms,52.286015
1779793321.307,/benchmark/latency_ms,54.379185
1779793321.366,/benchmark/latency_ms,59.222157
1779793321.399,/benchmark/latency_ms,61.164383
1779793321.444,/benchmark/latency_ms,62.976593
1779793321.488,/benchmark/latency_ms,50.583885
1779793321.543,/benchmark/latency_ms,51.582214
1779793321.579,/benchmark/latency_ms,53.268250
1779793321.621,/benchmark/latency_ms,54.459278
1779793321.666,/benchmark/latency_ms,56.564610
1779793321.711,/benchmark/latency_ms,59.033966
1779793321.765,/benchmark/latency_ms,61.036350
1779793321.799,/benchmark/latency_ms,63.078384
1779793321.845,/benchmark/latency_ms,52.396767
1779793321.891,/benchmark/latency_ms,53.562263
1779793321.934,/benchmark/latency_ms,55.253227
1779793321.979,/benchmark/latency_ms,57.659897
1779793322.024,/benchmark/latency_ms,59.604683
1779793322.069,/benchmark/latency_ms,61.427647
1779793322.115,/benchmark/latency_ms,63.108688
1779793322.157,/benchmark/latency_ms,50.823212
1779793322.204,/benchmark/latency_ms,52.351711
1779793322.247,/benchmark/latency_ms,54.197395
1779793322.294,/benchmark/latency_ms,58.579826
1779793322.341,/benchmark/latency_ms,61.705147
1779793322.386,/benchmark/latency_ms,51.354694
1779793322.432,/benchmark/latency_ms,53.277531
1779793322.480,/benchmark/latency_ms,58.398994
1779793322.524,/benchmark/latency_ms,62.273209
1779793322.573,/benchmark/latency_ms,53.983253
1779793322.631,/benchmark/latency_ms,57.406235
1779793322.661,/benchmark/latency_ms,61.128674
1779793322.708,/benchmark/latency_ms,64.674438
1779793322.754,/benchmark/latency_ms,53.351543
1779793322.800,/benchmark/latency_ms,56.062790
1779793322.846,/benchmark/latency_ms,59.928040
1779793322.890,/benchmark/latency_ms,63.408592
1779793322.937,/benchmark/latency_ms,54.518448
1779793322.993,/benchmark/latency_ms,57.744888
1779793323.028,/benchmark/latency_ms,61.201824
1779793323.073,/benchmark/latency_ms,64.747108
1779793323.117,/benchmark/latency_ms,53.642456
1779793323.164,/benchmark/latency_ms,57.175583
1779793323.210,/benchmark/latency_ms,60.818340
1779793323.256,/benchmark/latency_ms,64.209579
1779793323.300,/benchmark/latency_ms,53.100506
1779793323.347,/benchmark/latency_ms,55.962276
1779793323.393,/benchmark/latency_ms,60.076839
1779793323.440,/benchmark/latency_ms,65.846558
1779793323.487,/benchmark/latency_ms,56.493668
1779793323.533,/benchmark/latency_ms,59.859787
1779793323.578,/benchmark/latency_ms,63.103954
1779793323.625,/benchmark/latency_ms,54.570961
1779793323.671,/benchmark/latency_ms,57.740440
1779793323.717,/benchmark/latency_ms,61.638653
1779793323.764,/benchmark/latency_ms,52.917660
1779793323.809,/benchmark/latency_ms,55.552361
1779793323.855,/benchmark/latency_ms,59.529354
1779793323.902,/benchmark/latency_ms,63.058163
1779793323.959,/benchmark/latency_ms,54.495251
1779793323.995,/benchmark/latency_ms,57.881046
1779793324.039,/benchmark/latency_ms,60.908802
1779793324.084,/benchmark/latency_ms,64.161484
1779793324.129,/benchmark/latency_ms,52.667072
1779793324.174,/benchmark/latency_ms,55.320557
1779793324.233,/benchmark/latency_ms,58.869488
1779793324.277,/benchmark/latency_ms,62.362934
1779793324.314,/benchmark/latency_ms,53.458553
1779793324.359,/benchmark/latency_ms,56.572514
1779793324.405,/benchmark/latency_ms,62.322746
1779793324.451,/benchmark/latency_ms,51.784519
1779793324.508,/benchmark/latency_ms,54.795696
1779793324.556,/benchmark/latency_ms,60.747780
1779793324.590,/benchmark/latency_ms,64.271370
1779793324.635,/benchmark/latency_ms,53.357403
1779793324.682,/benchmark/latency_ms,58.269077
1779793324.729,/benchmark/latency_ms,61.797054
1779793324.777,/benchmark/latency_ms,52.906139
1779793324.822,/benchmark/latency_ms,56.171974
1779793324.877,/benchmark/latency_ms,59.846348
1779793324.912,/benchmark/latency_ms,63.515858
1779793324.959,/benchmark/latency_ms,54.386963
1779793325.006,/benchmark/latency_ms,58.160152
1779793325.053,/benchmark/latency_ms,63.394066
1779793325.108,/benchmark/latency_ms,52.942654
1779793325.154,/benchmark/latency_ms,55.823082
1779793325.190,/benchmark/latency_ms,60.951618
1779793325.235,/benchmark/latency_ms,64.627434
1779793325.282,/benchmark/latency_ms,55.373356
1779793325.328,/benchmark/latency_ms,59.334862
1779793325.373,/benchmark/latency_ms,62.617081
1779793325.420,/benchmark/latency_ms,53.443161
1779793325.467,/benchmark/latency_ms,56.423557
1779793325.513,/benchmark/latency_ms,59.320881
1779793325.557,/benchmark/latency_ms,62.998196
1779793325.606,/benchmark/latency_ms,54.805038
1779793325.650,/benchmark/latency_ms,58.118359
1779793325.696,/benchmark/latency_ms,62.295929
1779793325.744,/benchmark/latency_ms,54.200691
1779793325.790,/benchmark/latency_ms,58.148312
1779793325.846,/benchmark/latency_ms,61.602367
1779793325.884,/benchmark/latency_ms,52.810303
1779793325.927,/benchmark/latency_ms,55.367821
1779793325.975,/benchmark/latency_ms,59.629005
1779793326.023,/benchmark/latency_ms,65.393539
1779793326.070,/benchmark/latency_ms,56.235271
1779793326.125,/benchmark/latency_ms,60.035179
1779793326.160,/benchmark/latency_ms,63.531155
1779793326.205,/benchmark/latency_ms,52.606369
1779793326.251,/benchmark/latency_ms,54.531475
1779793326.298,/benchmark/latency_ms,60.275307
1779793326.344,/benchmark/latency_ms,65.069481
1779793326.390,/benchmark/latency_ms,53.186588
1779793326.437,/benchmark/latency_ms,56.443684
1779793326.486,/benchmark/latency_ms,60.935493
1779793326.532,/benchmark/latency_ms,65.917854
1779793326.585,/benchmark/latency_ms,55.758858
1779793326.627,/benchmark/latency_ms,59.341488
1779793326.674,/benchmark/latency_ms,63.223186
1779793326.722,/benchmark/latency_ms,53.959641
1779793326.767,/benchmark/latency_ms,57.409054
1779793326.814,/benchmark/latency_ms,61.804893
1779793326.860,/benchmark/latency_ms,64.294281
1779793326.909,/benchmark/latency_ms,53.996281
1779793326.968,/benchmark/latency_ms,72.268143
1779793327.005,/benchmark/latency_ms,63.923309
1779793327.053,/benchmark/latency_ms,54.200054
1779793327.099,/benchmark/latency_ms,58.962673
1779793327.148,/benchmark/latency_ms,64.198380
1779793327.194,/benchmark/latency_ms,53.292988
1779793327.242,/benchmark/latency_ms,59.870380
1779793327.290,/benchmark/latency_ms,65.028358
1779793327.343,/benchmark/latency_ms,57.886555
1779793327.388,/benchmark/latency_ms,63.408115
1779793327.435,/benchmark/latency_ms,55.629292
1779793327.484,/benchmark/latency_ms,61.201218
1779793327.531,/benchmark/latency_ms,54.098679
1779793327.582,/benchmark/latency_ms,58.391193
1779793327.626,/benchmark/latency_ms,63.080311
1779793327.675,/benchmark/latency_ms,56.103977
1779793327.722,/benchmark/latency_ms,58.899410
1779793327.776,/benchmark/latency_ms,61.456482
1779793327.812,/benchmark/latency_ms,63.673874
1779793327.856,/benchmark/latency_ms,51.213867
1779793327.910,/benchmark/latency_ms,53.332283
1779793327.944,/benchmark/latency_ms,55.789417
1779793327.989,/benchmark/latency_ms,57.594013
1779793328.034,/benchmark/latency_ms,59.911919
1779793328.079,/benchmark/latency_ms,62.327389
1779793328.125,/benchmark/latency_ms,50.973709
1779793328.171,/benchmark/latency_ms,53.261311
1779793328.214,/benchmark/latency_ms,55.208561
1779793328.258,/benchmark/latency_ms,56.957218
1779793328.303,/benchmark/latency_ms,58.670197
1779793328.348,/benchmark/latency_ms,61.434593
1779793328.404,/benchmark/latency_ms,63.885330
1779793328.437,/benchmark/latency_ms,51.024239
1779793328.482,/benchmark/latency_ms,52.719971
1779793328.526,/benchmark/latency_ms,54.309940
1779793328.572,/benchmark/latency_ms,56.910530
1779793328.619,/benchmark/latency_ms,61.263233
1779793328.665,/benchmark/latency_ms,63.402420
1779793328.708,/benchmark/latency_ms,51.313610
1779793328.756,/benchmark/latency_ms,55.219055
1779793328.801,/benchmark/latency_ms,57.465759
1779793328.848,/benchmark/latency_ms,61.375076
1779793328.891,/benchmark/latency_ms,63.106167
1779793328.937,/benchmark/latency_ms,50.814766
1779793328.982,/benchmark/latency_ms,54.786865
1779793329.029,/benchmark/latency_ms,57.094978
1779793329.072,/benchmark/latency_ms,59.726479
1779793329.116,/benchmark/latency_ms,61.636578
1779793329.161,/benchmark/latency_ms,63.450069
1779793329.220,/benchmark/latency_ms,53.050816
1779793329.263,/benchmark/latency_ms,54.189911
1779793329.298,/benchmark/latency_ms,57.049637
1779793329.342,/benchmark/latency_ms,58.688694
1779793329.387,/benchmark/latency_ms,60.382477
1779793329.433,/benchmark/latency_ms,62.553276
1779793329.478,/benchmark/latency_ms,52.492229
1779793329.523,/benchmark/latency_ms,54.780437
1779793329.568,/benchmark/latency_ms,57.130306
1779793329.616,/benchmark/latency_ms,61.302788
1779793329.660,/benchmark/latency_ms,64.344048
1779793329.707,/benchmark/latency_ms,53.593243
1779793329.751,/benchmark/latency_ms,56.618664
1779793329.798,/benchmark/latency_ms,59.940590
1779793329.841,/benchmark/latency_ms,63.471924
1779793329.887,/benchmark/latency_ms,54.588726
1779793329.934,/benchmark/latency_ms,58.523670
1779793329.982,/benchmark/latency_ms,62.237598
1779793330.028,/benchmark/latency_ms,54.003513
1779793330.075,/benchmark/latency_ms,57.713856
1779793330.119,/benchmark/latency_ms,61.156136
1779793330.165,/benchmark/latency_ms,51.096302
1779793330.212,/benchmark/latency_ms,56.189323
1779793330.257,/benchmark/latency_ms,59.217491
1779793330.304,/benchmark/latency_ms,62.822651
1779793330.351,/benchmark/latency_ms,54.126457
1779793330.395,/benchmark/latency_ms,57.851357
1779793330.442,/benchmark/latency_ms,61.446629
1779793330.489,/benchmark/latency_ms,53.294304
1779793330.534,/benchmark/latency_ms,55.959179
1779793330.579,/benchmark/latency_ms,59.876240
1779793330.625,/benchmark/latency_ms,63.291222
1779793330.674,/benchmark/latency_ms,54.720821
1779793330.718,/benchmark/latency_ms,58.760056
1779793330.764,/benchmark/latency_ms,63.143414
1779793330.811,/benchmark/latency_ms,53.774109
1779793330.858,/benchmark/latency_ms,57.664383
1779793330.902,/benchmark/latency_ms,61.634724
1779793330.950,/benchmark/latency_ms,53.461086
1779793330.997,/benchmark/latency_ms,57.339008
1779793331.041,/benchmark/latency_ms,61.112167
1779793331.088,/benchmark/latency_ms,64.311661
1779793331.134,/benchmark/latency_ms,56.175114
1779793331.181,/benchmark/latency_ms,60.236332
1779793331.227,/benchmark/latency_ms,64.578224
1779793331.271,/benchmark/latency_ms,53.815262
1779793331.318,/benchmark/latency_ms,57.716415
1779793331.362,/benchmark/latency_ms,61.045193
1779793331.409,/benchmark/latency_ms,64.619209
1779793331.454,/benchmark/latency_ms,53.684029
1779793331.498,/benchmark/latency_ms,56.819527
1779793331.545,/benchmark/latency_ms,60.984585
1779793331.592,/benchmark/latency_ms,53.300705
1779793331.637,/benchmark/latency_ms,55.426353
1779793331.682,/benchmark/latency_ms,58.335835
1779793331.728,/benchmark/latency_ms,60.520844
1779793331.771,/benchmark/latency_ms,62.239777
1779793331.819,/benchmark/latency_ms,52.134186
1779793331.900,/benchmark/latency_ms,79.092804
1779793331.943,/benchmark/latency_ms,61.281544
1779793331.997,/benchmark/latency_ms,71.177505
1779793332.051,/benchmark/latency_ms,66.840195
1779793332.103,/benchmark/latency_ms,63.526997
1779793332.161,/benchmark/latency_ms,62.152191
1779793332.214,/benchmark/latency_ms,59.393845
1779793332.267,/benchmark/latency_ms,69.983177
1779793332.325,/benchmark/latency_ms,68.594894
1779793332.392,/benchmark/latency_ms,67.640472
1779793332.449,/benchmark/latency_ms,66.753281
1779793332.493,/benchmark/latency_ms,65.575333
1779793332.546,/benchmark/latency_ms,62.797886
1779793332.602,/benchmark/latency_ms,61.275108
1779793332.653,/benchmark/latency_ms,72.764885
1779793332.709,/benchmark/latency_ms,70.037254
1779793332.765,/benchmark/latency_ms,66.793823
1779793332.821,/benchmark/latency_ms,79.961601
1779793332.875,/benchmark/latency_ms,62.794971
1779793332.941,/benchmark/latency_ms,61.219143
1779793332.977,/benchmark/latency_ms,64.496429
1779793333.029,/benchmark/latency_ms,67.080154
1779793333.081,/benchmark/latency_ms,57.438625
1779793333.132,/benchmark/latency_ms,72.193237
1779793333.185,/benchmark/latency_ms,63.066265
1779793333.237,/benchmark/latency_ms,67.815063
1779793333.288,/benchmark/latency_ms,58.329212
1779793333.339,/benchmark/latency_ms,60.143536
1779793333.389,/benchmark/latency_ms,63.192760
1779793333.442,/benchmark/latency_ms,67.610809
1779793333.495,/benchmark/latency_ms,58.695545
1779793333.548,/benchmark/latency_ms,62.712254
1779793333.598,/benchmark/latency_ms,65.715942
1779793333.651,/benchmark/latency_ms,56.493195
1779793333.699,/benchmark/latency_ms,59.126583
1779793333.753,/benchmark/latency_ms,63.961876
1779793333.808,/benchmark/latency_ms,66.741669
1779793333.856,/benchmark/latency_ms,56.955238
1779793333.909,/benchmark/latency_ms,59.549843
1779793333.962,/benchmark/latency_ms,64.470612
1779793334.012,/benchmark/latency_ms,66.285507
1779793334.066,/benchmark/latency_ms,56.830250
1779793334.116,/benchmark/latency_ms,61.255913
1779793334.168,/benchmark/latency_ms,65.265770
1779793334.221,/benchmark/latency_ms,56.002380
1779793334.272,/benchmark/latency_ms,57.749603
1779793334.324,/benchmark/latency_ms,60.380943
1779793334.375,/benchmark/latency_ms,63.263226
1779793334.427,/benchmark/latency_ms,65.809578
1779793334.477,/benchmark/latency_ms,56.460938
1779793334.531,/benchmark/latency_ms,58.670876
1779793334.583,/benchmark/latency_ms,63.259003
1779793334.633,/benchmark/latency_ms,65.672554
1779793334.685,/benchmark/latency_ms,55.869488
1779793334.737,/benchmark/latency_ms,58.277981
1779793334.790,/benchmark/latency_ms,62.758591
1779793334.836,/benchmark/latency_ms,60.121552
1779793334.887,/benchmark/latency_ms,62.305954
1779793334.937,/benchmark/latency_ms,65.031181
1779793334.988,/benchmark/latency_ms,67.722359
1779793335.043,/benchmark/latency_ms,60.391888
1779793335.096,/benchmark/latency_ms,63.830551
1779793335.150,/benchmark/latency_ms,66.479683
1779793335.197,/benchmark/latency_ms,55.993454
1779793335.251,/benchmark/latency_ms,58.792667
1779793335.292,/benchmark/latency_ms,52.355145
1779793335.345,/benchmark/latency_ms,66.612900
1779793335.393,/benchmark/latency_ms,56.619404
1779793335.445,/benchmark/latency_ms,59.481525
1779793335.496,/benchmark/latency_ms,61.140457
1779793335.549,/benchmark/latency_ms,62.614689
1779793335.598,/benchmark/latency_ms,64.983116
1779793335.649,/benchmark/latency_ms,67.586044
1779793335.702,/benchmark/latency_ms,59.355606
1779793335.749,/benchmark/latency_ms,56.208237
1779793335.803,/benchmark/latency_ms,59.892242
1779793335.852,/benchmark/latency_ms,62.198372
1779793335.903,/benchmark/latency_ms,65.291405
1779793335.955,/benchmark/latency_ms,67.596313
1779793336.006,/benchmark/latency_ms,58.101536
1779793336.060,/benchmark/latency_ms,62.700096
1779793336.112,/benchmark/latency_ms,65.470505
1779793336.164,/benchmark/latency_ms,55.172405
1779793336.208,/benchmark/latency_ms,49.365982
1779793336.259,/benchmark/latency_ms,63.823895
1779793336.309,/benchmark/latency_ms,66.183304
1779793336.360,/benchmark/latency_ms,55.947922
1779793336.413,/benchmark/latency_ms,58.571934
1779793336.465,/benchmark/latency_ms,60.842030
1779793336.513,/benchmark/latency_ms,63.525146
1779793336.566,/benchmark/latency_ms,77.419960
1779793336.621,/benchmark/latency_ms,67.263229
1779793336.662,/benchmark/latency_ms,61.143021
1779793336.715,/benchmark/latency_ms,62.815582
1779793336.765,/benchmark/latency_ms,62.547554
1779793336.818,/benchmark/latency_ms,64.283958
1779793336.871,/benchmark/latency_ms,66.447746
1779793336.920,/benchmark/latency_ms,56.719948
1779793336.974,/benchmark/latency_ms,60.023026
1779793337.026,/benchmark/latency_ms,61.503113
1779793337.077,/benchmark/latency_ms,64.122681
1779793337.132,/benchmark/latency_ms,72.036415
1779793337.173,/benchmark/latency_ms,63.588444
1779793337.227,/benchmark/latency_ms,65.674126
1779793337.275,/benchmark/latency_ms,67.006050
1779793337.328,/benchmark/latency_ms,57.208359
1779793337.382,/benchmark/latency_ms,60.962349
1779793337.433,/benchmark/latency_ms,65.080017
1779793337.486,/benchmark/latency_ms,68.432053
1779793337.539,/benchmark/latency_ms,57.880196
1779793337.590,/benchmark/latency_ms,61.336555
1779793337.643,/benchmark/latency_ms,65.428719
1779793337.697,/benchmark/latency_ms,67.381470
1779793337.747,/benchmark/latency_ms,56.283470
1779793337.800,/benchmark/latency_ms,60.686893
1779793337.854,/benchmark/latency_ms,63.961018
1779793337.906,/benchmark/latency_ms,65.861580
1779793337.957,/benchmark/latency_ms,67.591965
1779793338.009,/benchmark/latency_ms,59.496662
1779793338.062,/benchmark/latency_ms,62.156551
1779793338.111,/benchmark/latency_ms,64.555092
1779793338.164,/benchmark/latency_ms,66.136971
1779793338.217,/benchmark/latency_ms,67.712860
1779793338.259,/benchmark/latency_ms,52.356491
1779793338.313,/benchmark/latency_ms,66.864578
1779793338.362,/benchmark/latency_ms,55.761459
1779793338.412,/benchmark/latency_ms,58.066338
1779793338.468,/benchmark/latency_ms,64.284119
1779793338.534,/benchmark/latency_ms,69.162033
1779793338.574,/benchmark/latency_ms,56.815434
1779793338.625,/benchmark/latency_ms,58.292320
1779793338.690,/benchmark/latency_ms,62.380741
1779793338.725,/benchmark/latency_ms,61.942150
1779793338.776,/benchmark/latency_ms,63.966167
1779793338.829,/benchmark/latency_ms,65.099152
1779793338.880,/benchmark/latency_ms,67.566658
1779793338.934,/benchmark/latency_ms,59.008060
1779793338.985,/benchmark/latency_ms,61.065422
1779793339.038,/benchmark/latency_ms,64.760567
1779793339.088,/benchmark/latency_ms,66.673988
1779793339.142,/benchmark/latency_ms,57.977413
1779793339.195,/benchmark/latency_ms,62.204136
1779793339.245,/benchmark/latency_ms,64.020920
1779793339.307,/benchmark/latency_ms,66.024399
1779793339.351,/benchmark/latency_ms,57.604134
1779793339.398,/benchmark/latency_ms,56.234737
1779793339.451,/benchmark/latency_ms,59.765911
1779793339.503,/benchmark/latency_ms,63.635422
1779793339.556,/benchmark/latency_ms,65.585068
1779793339.608,/benchmark/latency_ms,55.988594
1779793339.657,/benchmark/latency_ms,57.266602
1779793339.709,/benchmark/latency_ms,58.207458
1779793339.761,/benchmark/latency_ms,60.749008
1779793339.810,/benchmark/latency_ms,62.599426
1779793339.870,/benchmark/latency_ms,61.023407
1779793339.912,/benchmark/latency_ms,63.998810
1779793339.960,/benchmark/latency_ms,65.102417
1779793340.013,/benchmark/latency_ms,66.440811
1779793340.064,/benchmark/latency_ms,67.949371
1779793340.114,/benchmark/latency_ms,57.983780
1779793340.168,/benchmark/latency_ms,61.189903
1779793340.218,/benchmark/latency_ms,62.526466
1779793340.272,/benchmark/latency_ms,65.645676
1779793340.317,/benchmark/latency_ms,62.927841
1779793340.370,/benchmark/latency_ms,65.988045
1779793340.422,/benchmark/latency_ms,66.248398
1779793340.472,/benchmark/latency_ms,68.317757
1779793340.537,/benchmark/latency_ms,57.241417
1779793340.574,/benchmark/latency_ms,60.185268
1779793340.627,/benchmark/latency_ms,63.706875
1779793340.680,/benchmark/latency_ms,64.956337
1779793340.730,/benchmark/latency_ms,67.540833
1779793340.779,/benchmark/latency_ms,53.684834
1779793340.832,/benchmark/latency_ms,56.825134
1779793340.880,/benchmark/latency_ms,57.008526
1779793340.934,/benchmark/latency_ms,59.083359
1779793340.994,/benchmark/latency_ms,61.161327
1779793341.034,/benchmark/latency_ms,61.786572
1779793341.083,/benchmark/latency_ms,63.576191
1779793341.135,/benchmark/latency_ms,65.351250
1779793341.187,/benchmark/latency_ms,67.244423
1779793341.237,/benchmark/latency_ms,57.809925
1779793341.290,/benchmark/latency_ms,59.666939
1779793341.340,/benchmark/latency_ms,61.121517
1779793341.392,/benchmark/latency_ms,63.241951
1779793341.458,/benchmark/latency_ms,65.188980
1779793341.490,/benchmark/latency_ms,63.859451
1779793341.543,/benchmark/latency_ms,65.899536
1779793341.593,/benchmark/latency_ms,67.532288
1779793341.647,/benchmark/latency_ms,58.667393
1779793341.701,/benchmark/latency_ms,61.783501
1779793341.752,/benchmark/latency_ms,66.472679
1779793341.805,/benchmark/latency_ms,67.199142
1779793341.855,/benchmark/latency_ms,56.716911
1779793341.908,/benchmark/latency_ms,61.121296
1779793341.961,/benchmark/latency_ms,64.000092
1779793342.009,/benchmark/latency_ms,65.724464
1779793342.062,/benchmark/latency_ms,67.523300
1779793342.114,/benchmark/latency_ms,60.150997
1779793342.161,/benchmark/latency_ms,57.011822
1779793342.215,/benchmark/latency_ms,59.443291
1779793342.277,/benchmark/latency_ms,61.679150
1779793342.317,/benchmark/latency_ms,63.885277
1779793342.368,/benchmark/latency_ms,65.297264
1779793342.416,/benchmark/latency_ms,66.268715
1779793342.469,/benchmark/latency_ms,67.733887
1779793342.520,/benchmark/latency_ms,58.348709
1779793342.570,/benchmark/latency_ms,60.610641
1779793342.620,/benchmark/latency_ms,60.911377
1779793342.674,/benchmark/latency_ms,62.209705
1779793342.722,/benchmark/latency_ms,64.609879
1779793342.786,/benchmark/latency_ms,66.681099
1779793342.826,/benchmark/latency_ms,58.381283
1779793342.879,/benchmark/latency_ms,59.629562
1779793342.930,/benchmark/latency_ms,62.988354
1779793342.985,/benchmark/latency_ms,64.283958
1779793343.047,/benchmark/latency_ms,66.611526
1779793343.083,/benchmark/latency_ms,53.449192
1779793343.133,/benchmark/latency_ms,66.798859
1779793343.186,/benchmark/latency_ms,55.501209
1779793343.235,/benchmark/latency_ms,57.627178
1779793343.286,/benchmark/latency_ms,62.082058
1779793343.337,/benchmark/latency_ms,65.555695
1779793343.391,/benchmark/latency_ms,67.509506
1779793343.444,/benchmark/latency_ms,69.866707
1779793343.493,/benchmark/latency_ms,59.553085
1779793343.544,/benchmark/latency_ms,61.113010
1779793343.598,/benchmark/latency_ms,65.469910
1779793343.649,/benchmark/latency_ms,67.197830
1779793343.702,/benchmark/latency_ms,58.820740
1779793343.756,/benchmark/latency_ms,63.402271
1779793343.807,/benchmark/latency_ms,78.951408
1779793343.860,/benchmark/latency_ms,58.812927
1779793343.913,/benchmark/latency_ms,62.807236
1779793343.966,/benchmark/latency_ms,67.067207
1779793344.016,/benchmark/latency_ms,55.916309
1779793344.069,/benchmark/latency_ms,57.620651
1779793344.122,/benchmark/latency_ms,59.724285
1779793344.173,/benchmark/latency_ms,63.553986
1779793344.223,/benchmark/latency_ms,66.485291
1779793344.291,/benchmark/latency_ms,61.651085
1779793344.332,/benchmark/latency_ms,65.580307
1779793344.385,/benchmark/latency_ms,55.467419
1779793344.441,/benchmark/latency_ms,63.900734
1779793344.498,/benchmark/latency_ms,69.307541
1779793344.552,/benchmark/latency_ms,60.570900
1779793344.603,/benchmark/latency_ms,64.747803
1779793344.657,/benchmark/latency_ms,68.064606
1779793344.710,/benchmark/latency_ms,58.955040
1779793344.763,/benchmark/latency_ms,62.859844
1779793344.829,/benchmark/latency_ms,67.127304
1779793344.867,/benchmark/latency_ms,56.542896
1779793344.915,/benchmark/latency_ms,56.459728
1779793344.967,/benchmark/latency_ms,59.333439
1779793345.022,/benchmark/latency_ms,63.326916
1779793345.074,/benchmark/latency_ms,68.163712
1779793345.139,/benchmark/latency_ms,58.493031
1779793345.180,/benchmark/latency_ms,63.165829
1779793345.234,/benchmark/latency_ms,67.787460
1779793345.283,/benchmark/latency_ms,58.018089
1779793345.338,/benchmark/latency_ms,61.896908
1779793345.387,/benchmark/latency_ms,63.126884
1779793345.438,/benchmark/latency_ms,65.109558
1779793345.489,/benchmark/latency_ms,67.849190
1779793345.543,/benchmark/latency_ms,58.539619
1779793345.592,/benchmark/latency_ms,61.112434
1779793345.642,/benchmark/latency_ms,64.720795
1779793345.699,/benchmark/latency_ms,67.767365
1779793345.749,/benchmark/latency_ms,60.266586
1779793345.801,/benchmark/latency_ms,63.023075
1779793345.855,/benchmark/latency_ms,64.002525
1779793345.903,/benchmark/latency_ms,67.360229
1779793345.955,/benchmark/latency_ms,82.347870
1779793346.007,/benchmark/latency_ms,60.028988
1779793346.061,/benchmark/latency_ms,62.320202
1779793346.111,/benchmark/latency_ms,64.904411
1779793346.177,/benchmark/latency_ms,67.014984
1779793346.213,/benchmark/latency_ms,56.361843
1779793346.279,/benchmark/latency_ms,60.316761
1779793346.318,/benchmark/latency_ms,61.311344
1779793346.387,/benchmark/latency_ms,68.446526
1779793346.426,/benchmark/latency_ms,59.120193
1779793346.479,/benchmark/latency_ms,62.879848
1779793346.523,/benchmark/latency_ms,60.520920
1779793346.577,/benchmark/latency_ms,63.121189
1779793346.627,/benchmark/latency_ms,65.581718
1779793346.680,/benchmark/latency_ms,56.410515
1779793346.734,/benchmark/latency_ms,60.297241
1779793346.782,/benchmark/latency_ms,63.585537
1779793346.834,/benchmark/latency_ms,66.346733
1779793346.887,/benchmark/latency_ms,56.641876
1779793346.937,/benchmark/latency_ms,60.248505
1779793346.999,/benchmark/latency_ms,59.502941
1779793347.040,/benchmark/latency_ms,62.925545
1779793347.095,/benchmark/latency_ms,66.744881
1779793347.149,/benchmark/latency_ms,67.755493
1779793347.200,/benchmark/latency_ms,58.330280
1779793347.252,/benchmark/latency_ms,61.091602
1779793347.315,/benchmark/latency_ms,61.019318
1779793347.358,/benchmark/latency_ms,64.344604
1779793347.411,/benchmark/latency_ms,66.781006
1779793347.455,/benchmark/latency_ms,65.274261
1779793347.521,/benchmark/latency_ms,55.672249
1779793347.559,/benchmark/latency_ms,58.613094
1779793347.612,/benchmark/latency_ms,63.796543
1779793347.665,/benchmark/latency_ms,68.312485
1779793347.716,/benchmark/latency_ms,58.241257
1779793347.769,/benchmark/latency_ms,60.797333
1779793347.817,/benchmark/latency_ms,63.796352
1779793347.870,/benchmark/latency_ms,66.618507
1779793347.918,/benchmark/latency_ms,53.708744
1779793347.972,/benchmark/latency_ms,58.526245
1779793348.038,/benchmark/latency_ms,63.364868
1779793348.074,/benchmark/latency_ms,65.790291
1779793348.128,/benchmark/latency_ms,56.110710
1779793348.180,/benchmark/latency_ms,60.236317
1779793348.234,/benchmark/latency_ms,65.312599
1779793348.283,/benchmark/latency_ms,55.546333
1779793348.334,/benchmark/latency_ms,58.555336
1779793348.386,/benchmark/latency_ms,58.274761
1779793348.436,/benchmark/latency_ms,61.152790
1779793348.491,/benchmark/latency_ms,65.914162
1779793348.539,/benchmark/latency_ms,56.897362
1779793348.590,/benchmark/latency_ms,59.501568
1779793348.645,/benchmark/latency_ms,64.302498
1779793348.695,/benchmark/latency_ms,66.707626
1779793348.746,/benchmark/latency_ms,57.001842
1779793348.801,/benchmark/latency_ms,61.382710
1779793348.848,/benchmark/latency_ms,59.325985
1779793348.901,/benchmark/latency_ms,62.108494
1779793348.949,/benchmark/latency_ms,64.960793
1779793349.014,/benchmark/latency_ms,67.140778
1779793349.056,/benchmark/latency_ms,59.466049
1779793349.107,/benchmark/latency_ms,62.060814
1779793349.157,/benchmark/latency_ms,66.422867
1779793349.209,/benchmark/latency_ms,57.786156
1779793349.262,/benchmark/latency_ms,61.774323
1779793349.310,/benchmark/latency_ms,60.737495
1779793349.363,/benchmark/latency_ms,63.314117
1779793349.413,/benchmark/latency_ms,66.578033
1779793349.466,/benchmark/latency_ms,59.023941
1779793349.533,/benchmark/latency_ms,63.230438
1779793349.571,/benchmark/latency_ms,65.306007
1779793349.623,/benchmark/latency_ms,67.617516
1779793349.676,/benchmark/latency_ms,58.570568
1779793349.728,/benchmark/latency_ms,61.234646
1779793349.775,/benchmark/latency_ms,61.346355
1779793349.827,/benchmark/latency_ms,64.274719
1779793349.879,/benchmark/latency_ms,66.373268
1779793349.940,/benchmark/latency_ms,56.704117
1779793349.982,/benchmark/latency_ms,59.188194
1779793350.031,/benchmark/latency_ms,61.332054
1779793350.085,/benchmark/latency_ms,64.732956
1779793350.136,/benchmark/latency_ms,67.288490
1779793350.186,/benchmark/latency_ms,58.349960
1779793350.239,/benchmark/latency_ms,59.847679
1779793350.291,/benchmark/latency_ms,65.170975
1779793350.342,/benchmark/latency_ms,67.310059
1779793350.393,/benchmark/latency_ms,58.351593
1779793350.446,/benchmark/latency_ms,60.742424
1779793350.500,/benchmark/latency_ms,65.623253
1779793350.553,/benchmark/latency_ms,58.656361
1779793350.602,/benchmark/latency_ms,61.262005
1779793350.655,/benchmark/latency_ms,66.183571
1779793350.708,/benchmark/latency_ms,56.529621
1779793350.760,/benchmark/latency_ms,59.583584
1779793350.824,/benchmark/latency_ms,64.034149
1779793350.878,/benchmark/latency_ms,67.381386
1779793350.915,/benchmark/latency_ms,58.076588
1779793350.967,/benchmark/latency_ms,63.071690
1779793351.032,/benchmark/latency_ms,65.254135
1779793351.071,/benchmark/latency_ms,56.274967
1779793351.121,/benchmark/latency_ms,59.038692
1779793351.175,/benchmark/latency_ms,61.765938
1779793351.237,/benchmark/latency_ms,64.608124
1779793351.274,/benchmark/latency_ms,67.809898
1779793351.328,/benchmark/latency_ms,60.585243
1779793351.380,/benchmark/latency_ms,62.964172
1779793351.433,/benchmark/latency_ms,67.737541
1779793351.483,/benchmark/latency_ms,58.451817
1779793351.550,/benchmark/latency_ms,60.726490
1779793351.590,/benchmark/latency_ms,65.455032
1779793351.638,/benchmark/latency_ms,54.241959
1779793351.691,/benchmark/latency_ms,58.608360
1779793351.742,/benchmark/latency_ms,61.064888
1779793351.794,/benchmark/latency_ms,65.415771
1779793351.847,/benchmark/latency_ms,66.494995
1779793351.896,/benchmark/latency_ms,56.371193
1779793351.949,/benchmark/latency_ms,60.733433
1779793352.003,/benchmark/latency_ms,63.251690
1779793352.052,/benchmark/latency_ms,66.063507
1779793352.099,/benchmark/latency_ms,63.981701
1779793352.152,/benchmark/latency_ms,66.672592
1779793352.201,/benchmark/latency_ms,57.017876
1779793352.256,/benchmark/latency_ms,61.492500
1779793352.309,/benchmark/latency_ms,64.809982
1779793352.358,/benchmark/latency_ms,55.098785
1779793352.409,/benchmark/latency_ms,57.552563
1779793352.461,/benchmark/latency_ms,59.821091
1779793352.516,/benchmark/latency_ms,65.347481
1779793352.561,/benchmark/latency_ms,62.576557
1779793352.614,/benchmark/latency_ms,65.409271
1779793352.665,/benchmark/latency_ms,55.344894
1779793352.716,/benchmark/latency_ms,58.201550
1779793352.770,/benchmark/latency_ms,62.608974
1779793352.820,/benchmark/latency_ms,77.611557
1779793352.884,/benchmark/latency_ms,57.718609
1779793352.926,/benchmark/latency_ms,59.434086
1779793352.979,/benchmark/latency_ms,63.197544
1779793353.028,/benchmark/latency_ms,61.514359
1779793353.078,/benchmark/latency_ms,63.618473
1779793353.129,/benchmark/latency_ms,65.205978
1779793353.183,/benchmark/latency_ms,66.967796
1779793353.231,/benchmark/latency_ms,56.203770
1779793353.285,/benchmark/latency_ms,58.987495
1779793353.338,/benchmark/latency_ms,63.005165
1779793353.389,/benchmark/latency_ms,64.592766
1779793353.454,/benchmark/latency_ms,66.078522
1779793353.487,/benchmark/latency_ms,64.115746
1779793353.540,/benchmark/latency_ms,65.189407
1779793353.590,/benchmark/latency_ms,66.888718
1779793353.643,/benchmark/latency_ms,58.112751
1779793353.710,/benchmark/latency_ms,61.764950
1779793353.750,/benchmark/latency_ms,63.613575
1779793353.800,/benchmark/latency_ms,66.083191
1779793353.851,/benchmark/latency_ms,67.183502
1779793353.904,/benchmark/latency_ms,58.627625
1779793353.951,/benchmark/latency_ms,55.896416
1779793354.004,/benchmark/latency_ms,57.700146
1779793354.057,/benchmark/latency_ms,58.826698
1779793354.109,/benchmark/latency_ms,62.904877
1779793354.162,/benchmark/latency_ms,64.820671
1779793354.224,/benchmark/latency_ms,65.682648
1779793354.275,/benchmark/latency_ms,67.040558
1779793354.313,/benchmark/latency_ms,55.836575
1779793354.366,/benchmark/latency_ms,59.147526
1779793354.412,/benchmark/latency_ms,54.439335
1779793354.466,/benchmark/latency_ms,56.828693
1779793354.515,/benchmark/latency_ms,58.108528
1779793354.566,/benchmark/latency_ms,59.754147
1779793354.618,/benchmark/latency_ms,61.649334
1779793354.668,/benchmark/latency_ms,62.886669
1779793354.718,/benchmark/latency_ms,64.583679
1779793354.771,/benchmark/latency_ms,65.639320
1779793354.824,/benchmark/latency_ms,56.738583
1779793354.873,/benchmark/latency_ms,57.847027
1779793354.927,/benchmark/latency_ms,59.432037
1779793354.980,/benchmark/latency_ms,63.286732
1779793355.029,/benchmark/latency_ms,65.355644
1779793355.082,/benchmark/latency_ms,66.882545
1779793355.130,/benchmark/latency_ms,53.956043
1779793355.196,/benchmark/latency_ms,68.339371
1779793355.237,/benchmark/latency_ms,58.247150
1779793355.288,/benchmark/latency_ms,60.428864
1779793355.336,/benchmark/latency_ms,61.279610
1779793355.389,/benchmark/latency_ms,65.327713
1779793355.443,/benchmark/latency_ms,66.444023
1779793355.493,/benchmark/latency_ms,68.233131
1779793355.542,/benchmark/latency_ms,57.019573
1779793355.592,/benchmark/latency_ms,55.712223
1779793355.643,/benchmark/latency_ms,57.279316
1779793355.697,/benchmark/latency_ms,59.295784
1779793355.746,/benchmark/latency_ms,63.037743
1779793355.799,/benchmark/latency_ms,66.090263
1779793355.850,/benchmark/latency_ms,55.865662
1779793355.904,/benchmark/latency_ms,59.502308
1779793355.957,/benchmark/latency_ms,63.027790
1779793356.008,/benchmark/latency_ms,64.852867
1779793356.054,/benchmark/latency_ms,62.569489
1779793356.107,/benchmark/latency_ms,63.860264
1779793356.159,/benchmark/latency_ms,65.778748
1779793356.213,/benchmark/latency_ms,68.542183
1779793356.261,/benchmark/latency_ms,67.430260
1779793356.315,/benchmark/latency_ms,68.014572
1779793356.365,/benchmark/latency_ms,66.369911
1779793356.417,/benchmark/latency_ms,67.000626
1779793356.469,/benchmark/latency_ms,65.097153
1779793356.517,/benchmark/latency_ms,62.084309
1779793356.568,/benchmark/latency_ms,64.104164
1779793356.619,/benchmark/latency_ms,66.239799
1779793356.672,/benchmark/latency_ms,58.099602
1779793356.726,/benchmark/latency_ms,60.855614
1779793356.778,/benchmark/latency_ms,65.528641
1779793356.830,/benchmark/latency_ms,56.167519
1779793356.881,/benchmark/latency_ms,59.150249
1779793356.930,/benchmark/latency_ms,61.313976
1779793356.978,/benchmark/latency_ms,59.580421
1779793357.031,/benchmark/latency_ms,62.090645
1779793357.082,/benchmark/latency_ms,65.215202
1779793357.135,/benchmark/latency_ms,57.182232
1779793357.189,/benchmark/latency_ms,62.047478
1779793357.243,/benchmark/latency_ms,65.091682
1779793357.290,/benchmark/latency_ms,67.378349
1779793357.340,/benchmark/latency_ms,57.669685
1779793357.396,/benchmark/latency_ms,62.138935
1779793357.444,/benchmark/latency_ms,61.274876
1779793357.496,/benchmark/latency_ms,64.432968
1779793357.549,/benchmark/latency_ms,65.668701
1779793357.599,/benchmark/latency_ms,66.921906
1779793357.652,/benchmark/latency_ms,58.323601
1779793357.707,/benchmark/latency_ms,61.271194
1779793357.757,/benchmark/latency_ms,62.852081
1779793357.808,/benchmark/latency_ms,64.147331
1779793357.861,/benchmark/latency_ms,66.480217
1779793357.914,/benchmark/latency_ms,57.539955
1779793357.962,/benchmark/latency_ms,60.425346
1779793358.014,/benchmark/latency_ms,60.989086
1779793358.066,/benchmark/latency_ms,63.033806
1779793358.119,/benchmark/latency_ms,65.923866
1779793358.167,/benchmark/latency_ms,53.711922
1779793358.219,/benchmark/latency_ms,67.398102
1779793358.284,/benchmark/latency_ms,68.621574
1779793358.320,/benchmark/latency_ms,57.056122
1779793358.374,/benchmark/latency_ms,59.296715
1779793358.425,/benchmark/latency_ms,62.638866
1779793358.480,/benchmark/latency_ms,64.406021
1779793358.531,/benchmark/latency_ms,67.032951
1779793358.582,/benchmark/latency_ms,58.440495
1779793358.632,/benchmark/latency_ms,57.004955
1779793358.682,/benchmark/latency_ms,59.067757
1779793358.748,/benchmark/latency_ms,60.687874
1779793358.788,/benchmark/latency_ms,64.381958
1779793358.840,/benchmark/latency_ms,66.904022
1779793358.889,/benchmark/latency_ms,57.569302
1779793358.941,/benchmark/latency_ms,59.185097
1779793358.992,/benchmark/latency_ms,60.991230
1779793359.043,/benchmark/latency_ms,62.992847
1779793359.093,/benchmark/latency_ms,61.143166
1779793359.142,/benchmark/latency_ms,62.982704
1779793359.194,/benchmark/latency_ms,64.686661
1779793359.246,/benchmark/latency_ms,66.499641
1779793359.298,/benchmark/latency_ms,68.186890
1779793359.350,/benchmark/latency_ms,57.512150
1779793359.399,/benchmark/latency_ms,58.442863
1779793359.453,/benchmark/latency_ms,59.945316
1779793359.506,/benchmark/latency_ms,63.539116
1779793359.564,/benchmark/latency_ms,62.381493
1779793359.613,/benchmark/latency_ms,63.065842
1779793359.653,/benchmark/latency_ms,64.485832
1779793359.707,/benchmark/latency_ms,78.675011
1779793359.760,/benchmark/latency_ms,58.186512
1779793359.806,/benchmark/latency_ms,58.128433
1779793359.858,/benchmark/latency_ms,59.961990
1779793359.911,/benchmark/latency_ms,63.582253
1779793359.964,/benchmark/latency_ms,66.406326
1779793360.017,/benchmark/latency_ms,56.193726
1779793360.067,/benchmark/latency_ms,58.187283
1779793360.128,/benchmark/latency_ms,58.539310
1779793360.169,/benchmark/latency_ms,59.946278
1779793360.219,/benchmark/latency_ms,62.101238
1779793360.266,/benchmark/latency_ms,60.577858
1779793360.319,/benchmark/latency_ms,62.488823
1779793360.369,/benchmark/latency_ms,63.892555
1779793360.422,/benchmark/latency_ms,65.555519
1779793360.473,/benchmark/latency_ms,67.656502
1779793360.522,/benchmark/latency_ms,57.675285
1779793360.576,/benchmark/latency_ms,58.870445
1779793360.641,/benchmark/latency_ms,62.395733
1779793360.681,/benchmark/latency_ms,66.764473
1779793360.727,/benchmark/latency_ms,50.297703
1779793360.775,/benchmark/latency_ms,63.042000
1779793360.841,/benchmark/latency_ms,66.878265
1779793360.880,/benchmark/latency_ms,55.735107
1779793360.933,/benchmark/latency_ms,58.573040
1779793360.982,/benchmark/latency_ms,59.729576
1779793361.034,/benchmark/latency_ms,61.972855
1779793361.084,/benchmark/latency_ms,62.825108
1779793361.137,/benchmark/latency_ms,64.837509
1779793361.188,/benchmark/latency_ms,66.749176
1779793361.240,/benchmark/latency_ms,57.409176
1779793361.289,/benchmark/latency_ms,59.371433
1779793361.341,/benchmark/latency_ms,61.520603
1779793361.392,/benchmark/latency_ms,64.806984
1779793361.441,/benchmark/latency_ms,62.495316
1779793361.493,/benchmark/latency_ms,63.390701
1779793361.546,/benchmark/latency_ms,65.454529
1779793361.595,/benchmark/latency_ms,66.806999
1779793361.648,/benchmark/latency_ms,57.105434
1779793361.713,/benchmark/latency_ms,59.480011
1779793361.751,/benchmark/latency_ms,63.319057
1779793361.805,/benchmark/latency_ms,65.180740
1779793361.855,/benchmark/latency_ms,67.103157
1779793361.901,/benchmark/latency_ms,52.451160
1779793361.953,/benchmark/latency_ms,65.962875
1779793362.006,/benchmark/latency_ms,67.930611
1779793362.066,/benchmark/latency_ms,56.889820
1779793362.109,/benchmark/latency_ms,61.046944
1779793362.170,/benchmark/latency_ms,59.983433
1779793362.208,/benchmark/latency_ms,61.268734
1779793362.262,/benchmark/latency_ms,64.879333
1779793362.315,/benchmark/latency_ms,67.601936
1779793362.364,/benchmark/latency_ms,57.420120
1779793362.416,/benchmark/latency_ms,60.909889
1779793362.467,/benchmark/latency_ms,61.798107
1779793362.521,/benchmark/latency_ms,66.174110
1779793362.577,/benchmark/latency_ms,66.861786
1779793362.625,/benchmark/latency_ms,55.800198
1779793362.684,/benchmark/latency_ms,56.675549
1779793362.725,/benchmark/latency_ms,58.371059
1779793362.778,/benchmark/latency_ms,61.999256
1779793362.844,/benchmark/latency_ms,64.429352
1779793362.878,/benchmark/latency_ms,65.094727
1779793362.926,/benchmark/latency_ms,64.859627
1779793362.979,/benchmark/latency_ms,66.075996
1779793363.031,/benchmark/latency_ms,57.967060
1779793363.080,/benchmark/latency_ms,56.199364
1779793363.130,/benchmark/latency_ms,59.265102
1779793363.184,/benchmark/latency_ms,60.542629
1779793363.251,/benchmark/latency_ms,64.411598
1779793363.287,/benchmark/latency_ms,66.687325
1779793363.337,/benchmark/latency_ms,52.761913
1779793363.390,/benchmark/latency_ms,66.909302
1779793363.438,/benchmark/latency_ms,67.440819
1779793363.491,/benchmark/latency_ms,57.016315
1779793363.541,/benchmark/latency_ms,59.531017
1779793363.595,/benchmark/latency_ms,62.623287
1779793363.644,/benchmark/latency_ms,64.418152
1779793363.697,/benchmark/latency_ms,66.042175
1779793363.747,/benchmark/latency_ms,55.525478
1779793363.791,/benchmark/latency_ms,50.642216
1779793363.844,/benchmark/latency_ms,64.458603
1779793363.906,/benchmark/latency_ms,65.553825
1779793363.945,/benchmark/latency_ms,67.134972
1779793363.993,/benchmark/latency_ms,56.938717
1779793364.044,/benchmark/latency_ms,54.875114
1779793364.095,/benchmark/latency_ms,56.616512
1779793364.144,/benchmark/latency_ms,57.723961
1779793364.199,/benchmark/latency_ms,61.940510
1779793364.262,/benchmark/latency_ms,63.844749
1779793364.303,/benchmark/latency_ms,65.236610
1779793364.351,/benchmark/latency_ms,66.378494
1779793364.403,/benchmark/latency_ms,67.343925
1779793364.455,/benchmark/latency_ms,57.979671
1779793364.502,/benchmark/latency_ms,53.934002
1779793364.550,/benchmark/latency_ms,66.303581
1779793364.602,/benchmark/latency_ms,67.248566
1779793364.655,/benchmark/latency_ms,55.498280
1779793364.717,/benchmark/latency_ms,59.763851
1779793364.756,/benchmark/latency_ms,61.384354
1779793364.809,/benchmark/latency_ms,63.178738
1779793364.862,/benchmark/latency_ms,64.288719
1779793364.911,/benchmark/latency_ms,66.406685
1779793364.966,/benchmark/latency_ms,58.296150
1779793365.032,/benchmark/latency_ms,61.363232
1779793365.073,/benchmark/latency_ms,64.732491
1779793365.122,/benchmark/latency_ms,66.052032
1779793365.175,/benchmark/latency_ms,67.977463
1779793365.225,/benchmark/latency_ms,55.847462
1779793365.274,/benchmark/latency_ms,57.368763
1779793365.338,/benchmark/latency_ms,58.492371
1779793365.379,/benchmark/latency_ms,61.995613
1779793365.432,/benchmark/latency_ms,64.336876
1779793365.479,/benchmark/latency_ms,65.384453
1779793365.534,/benchmark/latency_ms,66.734528
1779793365.598,/benchmark/latency_ms,57.789177
1779793365.639,/benchmark/latency_ms,61.075268
1779793365.683,/benchmark/latency_ms,57.361885
1779793365.732,/benchmark/latency_ms,57.298492
1779793365.782,/benchmark/latency_ms,56.627232
1779793365.833,/benchmark/latency_ms,57.699963
1779793365.885,/benchmark/latency_ms,58.891026
1779793365.932,/benchmark/latency_ms,59.297260
1779793365.984,/benchmark/latency_ms,60.827908
1779793366.034,/benchmark/latency_ms,61.803837
1779793366.086,/benchmark/latency_ms,63.773266
1779793366.139,/benchmark/latency_ms,65.723877
1779793366.190,/benchmark/latency_ms,66.899452
1779793366.240,/benchmark/latency_ms,67.662743
1779793366.294,/benchmark/latency_ms,57.151871
1779793366.342,/benchmark/latency_ms,58.273911
1779793366.391,/benchmark/latency_ms,57.409149
1779793366.440,/benchmark/latency_ms,57.061279
1779793366.490,/benchmark/latency_ms,58.975666
1779793366.544,/benchmark/latency_ms,61.381664
1779793366.596,/benchmark/latency_ms,63.472050
1779793366.640,/benchmark/latency_ms,57.016254
1779793366.688,/benchmark/latency_ms,57.106525
1779793366.740,/benchmark/latency_ms,60.171593
1779793366.795,/benchmark/latency_ms,63.971630
1779793366.861,/benchmark/latency_ms,67.817459
1779793366.903,/benchmark/latency_ms,58.185333
1779793366.954,/benchmark/latency_ms,63.444244
1779793367.007,/benchmark/latency_ms,67.984596
1779793367.060,/benchmark/latency_ms,61.147396
1779793367.109,/benchmark/latency_ms,58.832340
1779793367.159,/benchmark/latency_ms,60.802982
1779793367.212,/benchmark/latency_ms,63.511635
1779793367.263,/benchmark/latency_ms,66.185860
1779793367.315,/benchmark/latency_ms,58.147129
1779793367.363,/benchmark/latency_ms,58.304630
1779793367.429,/benchmark/latency_ms,62.300446
1779793367.470,/benchmark/latency_ms,67.383095
1779793367.524,/benchmark/latency_ms,57.290588
1779793367.574,/benchmark/latency_ms,59.844299
1779793367.627,/benchmark/latency_ms,65.691689
1779793367.678,/benchmark/latency_ms,56.129318
1779793367.733,/benchmark/latency_ms,60.773224
1779793367.782,/benchmark/latency_ms,63.276375
1779793367.830,/benchmark/latency_ms,62.165340
1779793367.882,/benchmark/latency_ms,65.111526
1779793367.936,/benchmark/latency_ms,67.138046
1779793367.983,/benchmark/latency_ms,57.910393
1779793368.035,/benchmark/latency_ms,60.549129
1779793368.086,/benchmark/latency_ms,63.098618
1779793368.139,/benchmark/latency_ms,66.027489
1779793368.189,/benchmark/latency_ms,67.700699
1779793368.243,/benchmark/latency_ms,59.227184
1779793368.288,/benchmark/latency_ms,53.865429
1779793368.340,/benchmark/latency_ms,56.767105
1779793368.392,/benchmark/latency_ms,57.491901
1779793368.442,/benchmark/latency_ms,59.813549
1779793368.498,/benchmark/latency_ms,65.821480
1779793368.546,/benchmark/latency_ms,63.396374
1779793368.597,/benchmark/latency_ms,65.374794
1779793368.649,/benchmark/latency_ms,66.850433
1779793368.706,/benchmark/latency_ms,57.335613
1779793368.756,/benchmark/latency_ms,61.621731
1779793368.800,/benchmark/latency_ms,54.900558
1779793368.842,/benchmark/latency_ms,47.244064
1779793368.883,/benchmark/latency_ms,51.690659
1779793368.937,/benchmark/latency_ms,57.732571
1779793368.966,/benchmark/latency_ms,51.375397
1779793369.006,/benchmark/latency_ms,55.724266
1779793369.050,/benchmark/latency_ms,48.987286
1779793369.091,/benchmark/latency_ms,54.609394
1779793369.133,/benchmark/latency_ms,46.419334
1779793369.173,/benchmark/latency_ms,51.234055
1779793369.213,/benchmark/latency_ms,55.919083
1779793369.258,/benchmark/latency_ms,49.369045
1779793369.300,/benchmark/latency_ms,53.545113
1779793369.340,/benchmark/latency_ms,47.055462
1779793369.394,/benchmark/latency_ms,49.678322
1779793369.421,/benchmark/latency_ms,53.908756
1779793369.475,/benchmark/latency_ms,47.212387
1779793369.504,/benchmark/latency_ms,50.569199
1779793369.548,/benchmark/latency_ms,57.675163
1779793369.610,/benchmark/latency_ms,55.684361
1779793369.644,/benchmark/latency_ms,61.695553
1779793369.688,/benchmark/latency_ms,63.357590
1779793369.735,/benchmark/latency_ms,53.090397
1779793369.779,/benchmark/latency_ms,55.618568
1779793369.825,/benchmark/latency_ms,59.885452
1779793369.870,/benchmark/latency_ms,62.779194
1779793369.916,/benchmark/latency_ms,53.273113
1779793369.963,/benchmark/latency_ms,57.787899
1779793370.008,/benchmark/latency_ms,61.051910
1779793370.054,/benchmark/latency_ms,51.441288
1779793370.099,/benchmark/latency_ms,53.525658
1779793370.143,/benchmark/latency_ms,54.652691
1779793370.189,/benchmark/latency_ms,56.523270
1779793370.233,/benchmark/latency_ms,59.110931
1779793370.277,/benchmark/latency_ms,61.890625
1779793370.323,/benchmark/latency_ms,52.604256
1779793370.367,/benchmark/latency_ms,54.691219
1779793370.414,/benchmark/latency_ms,57.713947
1779793370.457,/benchmark/latency_ms,60.450348
1779793370.502,/benchmark/latency_ms,50.118000
1779793370.549,/benchmark/latency_ms,53.997398
1779793370.596,/benchmark/latency_ms,55.452141
1779793370.639,/benchmark/latency_ms,58.267097
1779793370.683,/benchmark/latency_ms,61.306915
1779793370.730,/benchmark/latency_ms,50.998344
1779793370.775,/benchmark/latency_ms,53.711609
1779793370.818,/benchmark/latency_ms,56.177925
1779793370.863,/benchmark/latency_ms,59.201588
1779793370.907,/benchmark/latency_ms,61.889248
1779793370.956,/benchmark/latency_ms,52.578911
1779793370.999,/benchmark/latency_ms,54.969330
1779793371.044,/benchmark/latency_ms,57.945850
1779793371.089,/benchmark/latency_ms,60.958920
1779793371.135,/benchmark/latency_ms,51.678120
1779793371.193,/benchmark/latency_ms,53.956375
1779793371.225,/benchmark/latency_ms,57.343937
1779793371.271,/benchmark/latency_ms,60.719753
1779793371.329,/benchmark/latency_ms,50.960331
1779793371.359,/benchmark/latency_ms,53.033115
1779793371.404,/benchmark/latency_ms,56.007210
1779793371.462,/benchmark/latency_ms,61.568165
1779793371.498,/benchmark/latency_ms,50.245903
1779793371.539,/benchmark/latency_ms,52.402946
1779793371.588,/benchmark/latency_ms,57.172928
1779793371.633,/benchmark/latency_ms,59.737839
1779793371.678,/benchmark/latency_ms,63.025818
1779793371.725,/benchmark/latency_ms,51.668388
1779793371.766,/benchmark/latency_ms,53.792503
1779793371.816,/benchmark/latency_ms,56.065098
1779793371.856,/benchmark/latency_ms,60.012463
1779793371.901,/benchmark/latency_ms,63.086300
1779793371.948,/benchmark/latency_ms,51.544582
1779793371.991,/benchmark/latency_ms,53.899448
1779793372.038,/benchmark/latency_ms,58.356697
1779793372.086,/benchmark/latency_ms,60.732361
1779793372.128,/benchmark/latency_ms,63.713112
1779793372.174,/benchmark/latency_ms,52.124451
1779793372.221,/benchmark/latency_ms,55.811691
1779793372.265,/benchmark/latency_ms,58.190842
1779793372.309,/benchmark/latency_ms,61.345924
1779793372.357,/benchmark/latency_ms,51.571144
1779793372.400,/benchmark/latency_ms,54.043285
1779793372.445,/benchmark/latency_ms,57.137730
1779793372.491,/benchmark/latency_ms,59.612274
1779793372.536,/benchmark/latency_ms,62.819805
1779793372.587,/benchmark/latency_ms,52.701794
1779793372.627,/benchmark/latency_ms,54.949009
1779793372.671,/benchmark/latency_ms,58.321564
1779793372.716,/benchmark/latency_ms,61.095303
1779793372.763,/benchmark/latency_ms,52.279137
1779793372.809,/benchmark/latency_ms,54.382099
1779793372.865,/benchmark/latency_ms,57.156067
1779793372.896,/benchmark/latency_ms,59.936111
1779793372.952,/benchmark/latency_ms,61.892067
1779793372.987,/benchmark/latency_ms,53.075035
1779793373.031,/benchmark/latency_ms,55.445038
1779793373.080,/benchmark/latency_ms,58.068287
1779793373.134,/benchmark/latency_ms,61.196327
1779793373.166,/benchmark/latency_ms,77.350975
1779793373.213,/benchmark/latency_ms,54.041142
1779793373.258,/benchmark/latency_ms,57.523712
1779793373.303,/benchmark/latency_ms,61.106697
1779793373.349,/benchmark/latency_ms,51.634663
1779793373.394,/benchmark/latency_ms,53.704411
1779793373.438,/benchmark/latency_ms,56.744614
1779793373.483,/benchmark/latency_ms,59.855888
1779793373.528,/benchmark/latency_ms,61.976036
1779793373.575,/benchmark/latency_ms,52.963005
1779793373.623,/benchmark/latency_ms,54.649170
1779793373.664,/benchmark/latency_ms,57.308483
1779793373.709,/benchmark/latency_ms,60.791180
1779793373.756,/benchmark/latency_ms,63.584278
1779793373.801,/benchmark/latency_ms,52.164997
1779793373.845,/benchmark/latency_ms,54.553555
1779793373.892,/benchmark/latency_ms,57.545090
1779793373.935,/benchmark/latency_ms,60.667213
1779793373.992,/benchmark/latency_ms,63.315098
1779793374.026,/benchmark/latency_ms,54.294037
1779793374.075,/benchmark/latency_ms,56.739880
1779793374.117,/benchmark/latency_ms,59.356213
1779793374.162,/benchmark/latency_ms,62.279587
1779793374.209,/benchmark/latency_ms,52.375267
1779793374.255,/benchmark/latency_ms,54.928467
1779793374.300,/benchmark/latency_ms,58.362236
1779793374.343,/benchmark/latency_ms,61.048809
1779793374.387,/benchmark/latency_ms,63.082203
1779793374.432,/benchmark/latency_ms,51.760456
1779793374.480,/benchmark/latency_ms,55.353840
1779793374.535,/benchmark/latency_ms,57.686432
1779793374.569,/benchmark/latency_ms,60.575916
1779793374.615,/benchmark/latency_ms,63.292637
1779793374.660,/benchmark/latency_ms,53.368412
1779793374.704,/benchmark/latency_ms,55.270767
1779793374.748,/benchmark/latency_ms,57.720989
1779793374.795,/benchmark/latency_ms,61.252361
1779793374.840,/benchmark/latency_ms,51.360554
1779793374.884,/benchmark/latency_ms,54.110455
1779793374.932,/benchmark/latency_ms,57.355618
1779793374.975,/benchmark/latency_ms,62.016357
1779793375.020,/benchmark/latency_ms,50.855213
1779793375.065,/benchmark/latency_ms,52.503300
1779793375.112,/benchmark/latency_ms,57.407906
1779793375.159,/benchmark/latency_ms,62.471169
1779793375.205,/benchmark/latency_ms,51.116142
1779793375.248,/benchmark/latency_ms,53.279167
1779793375.294,/benchmark/latency_ms,57.828960
1779793375.338,/benchmark/latency_ms,60.492878
1779793375.386,/benchmark/latency_ms,63.507099
1779793375.429,/benchmark/latency_ms,51.617481
1779793375.477,/benchmark/latency_ms,56.258827
1779793375.533,/benchmark/latency_ms,59.158424
1779793375.564,/benchmark/latency_ms,61.898438
1779793375.611,/benchmark/latency_ms,53.000416
1779793375.656,/benchmark/latency_ms,55.447025
1779793375.701,/benchmark/latency_ms,57.956673
1779793375.746,/benchmark/latency_ms,61.234184
1779793375.792,/benchmark/latency_ms,51.122509
1779793375.839,/benchmark/latency_ms,53.911930
1779793375.883,/benchmark/latency_ms,56.657032
1779793375.928,/benchmark/latency_ms,59.683025
1779793375.983,/benchmark/latency_ms,62.647938
1779793376.017,/benchmark/latency_ms,53.603870
1779793376.064,/benchmark/latency_ms,56.142189
1779793376.108,/benchmark/latency_ms,58.748444
1779793376.153,/benchmark/latency_ms,61.781639
1779793376.199,/benchmark/latency_ms,52.055717
1779793376.244,/benchmark/latency_ms,54.720791
1779793376.292,/benchmark/latency_ms,58.837528
1779793376.348,/benchmark/latency_ms,63.377213
1779793376.385,/benchmark/latency_ms,67.989792
1779793376.432,/benchmark/latency_ms,56.159725
1779793376.482,/benchmark/latency_ms,63.134975
1779793376.529,/benchmark/latency_ms,54.614902
1779793376.575,/benchmark/latency_ms,59.639507
1779793376.625,/benchmark/latency_ms,64.775604
1779793376.676,/benchmark/latency_ms,57.188133
1779793376.724,/benchmark/latency_ms,63.086365
1779793376.772,/benchmark/latency_ms,55.638638
1779793376.818,/benchmark/latency_ms,60.884205
1779793376.866,/benchmark/latency_ms,66.896904
1779793376.914,/benchmark/latency_ms,57.071781
1779793376.963,/benchmark/latency_ms,63.830551
1779793377.012,/benchmark/latency_ms,56.548233
1779793377.059,/benchmark/latency_ms,60.964302
1779793377.108,/benchmark/latency_ms,53.387711
1779793377.156,/benchmark/latency_ms,58.349407
1779793377.205,/benchmark/latency_ms,63.534523
1779793377.252,/benchmark/latency_ms,55.244465
1779793377.299,/benchmark/latency_ms,58.671547
1779793377.343,/benchmark/latency_ms,60.442352
1779793377.388,/benchmark/latency_ms,63.577309
1779793377.433,/benchmark/latency_ms,64.859314
1779793377.477,/benchmark/latency_ms,53.047234
1779793377.525,/benchmark/latency_ms,58.277824
1779793377.569,/benchmark/latency_ms,61.562248
1779793377.618,/benchmark/latency_ms,52.409958
1779793377.661,/benchmark/latency_ms,54.458263
1779793377.706,/benchmark/latency_ms,58.358398
1779793377.750,/benchmark/latency_ms,61.744293
1779793377.798,/benchmark/latency_ms,52.378021
1779793377.844,/benchmark/latency_ms,55.452335
1779793377.889,/benchmark/latency_ms,58.234367
1779793377.935,/benchmark/latency_ms,63.685276
1779793377.981,/benchmark/latency_ms,54.710613
1779793378.026,/benchmark/latency_ms,57.532227
1779793378.071,/benchmark/latency_ms,60.348495
1779793378.117,/benchmark/latency_ms,50.985104
1779793378.175,/benchmark/latency_ms,53.743389
1779793378.207,/benchmark/latency_ms,57.188168
1779793378.252,/benchmark/latency_ms,60.293713
1779793378.297,/benchmark/latency_ms,63.753723
1779793378.343,/benchmark/latency_ms,52.096745
1779793378.386,/benchmark/latency_ms,54.649334
1779793378.431,/benchmark/latency_ms,58.290272
1779793378.478,/benchmark/latency_ms,61.623241
1779793378.522,/benchmark/latency_ms,52.056904
1779793378.566,/benchmark/latency_ms,53.857628
1779793378.611,/benchmark/latency_ms,57.138504
1779793378.656,/benchmark/latency_ms,60.970539
1779793378.704,/benchmark/latency_ms,52.272072
1779793378.749,/benchmark/latency_ms,55.230389
1779793378.794,/benchmark/latency_ms,58.458111
1779793378.839,/benchmark/latency_ms,62.117767
1779793378.886,/benchmark/latency_ms,53.505119
1779793378.934,/benchmark/latency_ms,57.062920
1779793378.977,/benchmark/latency_ms,60.644272
1779793379.024,/benchmark/latency_ms,52.131145
1779793379.071,/benchmark/latency_ms,57.169064
1779793379.115,/benchmark/latency_ms,60.175537
1779793379.161,/benchmark/latency_ms,63.318047
1779793379.206,/benchmark/latency_ms,52.364422
1779793379.253,/benchmark/latency_ms,54.740246
1779793379.298,/benchmark/latency_ms,59.053532
1779793379.340,/benchmark/latency_ms,62.067814
1779793379.390,/benchmark/latency_ms,53.926685
1779793379.433,/benchmark/latency_ms,57.463779
1779793379.480,/benchmark/latency_ms,61.025806
1779793379.526,/benchmark/latency_ms,51.501259
1779793379.572,/benchmark/latency_ms,54.234840
1779793379.628,/benchmark/latency_ms,57.616451
1779793379.661,/benchmark/latency_ms,60.974190
1779793379.709,/benchmark/latency_ms,52.675365
1779793379.754,/benchmark/latency_ms,55.332245
1779793379.801,/benchmark/latency_ms,58.938782
1779793379.847,/benchmark/latency_ms,64.482101
1779793379.894,/benchmark/latency_ms,55.983280
1779793379.941,/benchmark/latency_ms,59.820248
1779793379.986,/benchmark/latency_ms,63.824249
1779793380.031,/benchmark/latency_ms,53.133282
1779793380.076,/benchmark/latency_ms,56.674442
1779793380.136,/benchmark/latency_ms,60.377296
1779793380.169,/benchmark/latency_ms,52.033577
1779793380.214,/benchmark/latency_ms,55.572243
1779793380.273,/benchmark/latency_ms,59.806454
1779793380.305,/benchmark/latency_ms,63.280735
1779793380.351,/benchmark/latency_ms,52.461575
1779793380.395,/benchmark/latency_ms,55.850449
1779793380.443,/benchmark/latency_ms,59.835445
1779793380.488,/benchmark/latency_ms,64.140953
1779793380.530,/benchmark/latency_ms,52.758469
1779793380.575,/benchmark/latency_ms,57.081287
1779793380.622,/benchmark/latency_ms,60.729839
1779793380.670,/benchmark/latency_ms,51.859211
1779793380.713,/benchmark/latency_ms,54.596058
1779793380.758,/benchmark/latency_ms,58.304192
1779793380.807,/benchmark/latency_ms,63.770458
1779793380.852,/benchmark/latency_ms,54.360859
1779793380.897,/benchmark/latency_ms,57.663780
1779793380.944,/benchmark/latency_ms,60.922993
1779793380.990,/benchmark/latency_ms,52.645222
1779793381.035,/benchmark/latency_ms,55.365845
1779793381.081,/benchmark/latency_ms,59.451931
1779793381.126,/benchmark/latency_ms,61.955242
1779793381.173,/benchmark/latency_ms,53.557632
1779793381.230,/benchmark/latency_ms,56.788330
1779793381.261,/benchmark/latency_ms,60.256149
1779793381.307,/benchmark/latency_ms,63.585953
1779793381.353,/benchmark/latency_ms,53.764221
1779793381.399,/benchmark/latency_ms,57.869316
1779793381.445,/benchmark/latency_ms,61.437771
1779793381.489,/benchmark/latency_ms,52.789574
1779793381.536,/benchmark/latency_ms,56.945480
1779793381.581,/benchmark/latency_ms,60.118549
1779793381.629,/benchmark/latency_ms,52.711109
1779793381.673,/benchmark/latency_ms,55.234196
1779793381.734,/benchmark/latency_ms,60.925522
1779793381.765,/benchmark/latency_ms,50.457684
1779793381.810,/benchmark/latency_ms,53.631264
1779793381.859,/benchmark/latency_ms,59.645145
1779793381.903,/benchmark/latency_ms,62.929634
1779793381.949,/benchmark/latency_ms,53.145699
1779793382.006,/benchmark/latency_ms,57.235016
1779793382.040,/benchmark/latency_ms,60.611954
1779793382.088,/benchmark/latency_ms,52.930660
1779793382.143,/benchmark/latency_ms,55.998547
1779793382.179,/benchmark/latency_ms,60.687187
1779793382.227,/benchmark/latency_ms,52.449673
1779793382.270,/benchmark/latency_ms,56.180622
1779793382.316,/benchmark/latency_ms,60.205910
1779793382.362,/benchmark/latency_ms,51.316753
1779793382.420,/benchmark/latency_ms,54.884216
1779793382.465,/benchmark/latency_ms,58.519073
1779793382.497,/benchmark/latency_ms,62.381477
1779793382.544,/benchmark/latency_ms,54.079708
1779793382.590,/benchmark/latency_ms,58.080772
1779793382.647,/benchmark/latency_ms,61.743786
1779793382.682,/benchmark/latency_ms,53.360901
1779793382.728,/benchmark/latency_ms,55.795731
1779793382.771,/benchmark/latency_ms,58.372066
1779793382.819,/benchmark/latency_ms,62.238632
1779793382.862,/benchmark/latency_ms,50.182198
1779793382.908,/benchmark/latency_ms,53.699905
1779793382.954,/benchmark/latency_ms,56.008911
1779793383.011,/benchmark/latency_ms,58.424480
1779793383.042,/benchmark/latency_ms,60.764530
1779793383.087,/benchmark/latency_ms,63.107841
1779793383.131,/benchmark/latency_ms,51.344463
1779793383.188,/benchmark/latency_ms,54.568443
1779793383.221,/benchmark/latency_ms,58.314465
1779793383.266,/benchmark/latency_ms,62.323242
1779793383.314,/benchmark/latency_ms,54.755898
1779793383.360,/benchmark/latency_ms,58.595745
1779793383.405,/benchmark/latency_ms,62.338631
1779793383.452,/benchmark/latency_ms,53.336227
1779793383.499,/benchmark/latency_ms,56.676235
1779793383.543,/benchmark/latency_ms,59.735962
1779793383.599,/benchmark/latency_ms,63.015652
1779793383.636,/benchmark/latency_ms,53.765343
1779793383.679,/benchmark/latency_ms,56.866219
1779793383.726,/benchmark/latency_ms,60.325493
1779793383.772,/benchmark/latency_ms,51.052979
1779793383.817,/benchmark/latency_ms,54.572796
1779793383.863,/benchmark/latency_ms,60.472595
1779793383.910,/benchmark/latency_ms,51.651981
1779793383.955,/benchmark/latency_ms,55.392632
1779793384.002,/benchmark/latency_ms,58.919201
1779793384.047,/benchmark/latency_ms,62.648136
1779793384.107,/benchmark/latency_ms,54.952312
1779793384.140,/benchmark/latency_ms,57.800392
1779793384.187,/benchmark/latency_ms,63.304035
1779793384.231,/benchmark/latency_ms,53.237286
1779793384.278,/benchmark/latency_ms,58.437572
1779793384.324,/benchmark/latency_ms,62.435047
1779793384.371,/benchmark/latency_ms,54.832314
1779793384.416,/benchmark/latency_ms,58.248642
1779793384.463,/benchmark/latency_ms,61.666862
1779793384.508,/benchmark/latency_ms,52.679016
1779793384.553,/benchmark/latency_ms,56.343922
1779793384.611,/benchmark/latency_ms,60.720181
1779793384.646,/benchmark/latency_ms,64.198112
1779793384.704,/benchmark/latency_ms,52.996357
1779793384.739,/benchmark/latency_ms,58.617634
1779793384.793,/benchmark/latency_ms,62.666409
1779793384.830,/benchmark/latency_ms,54.826618
1779793384.878,/benchmark/latency_ms,60.847858
1779793384.927,/benchmark/latency_ms,54.868313
1779793384.974,/benchmark/latency_ms,62.159336
1779793385.023,/benchmark/latency_ms,54.817017
1779793385.072,/benchmark/latency_ms,60.056183
1779793385.116,/benchmark/latency_ms,63.127846
1779793385.162,/benchmark/latency_ms,62.379818
1779793385.207,/benchmark/latency_ms,51.602482
1779793385.251,/benchmark/latency_ms,52.675945
1779793385.295,/benchmark/latency_ms,53.887745
1779793385.341,/benchmark/latency_ms,54.423805
1779793385.387,/benchmark/latency_ms,58.196644
1779793385.432,/benchmark/latency_ms,59.863419
1779793385.477,/benchmark/latency_ms,61.802895
1779793385.535,/benchmark/latency_ms,63.105572
1779793385.568,/benchmark/latency_ms,52.431816
1779793385.613,/benchmark/latency_ms,53.398659
1779793385.656,/benchmark/latency_ms,54.196190
1779793385.700,/benchmark/latency_ms,55.984756
1779793385.745,/benchmark/latency_ms,58.241188
1779793385.790,/benchmark/latency_ms,61.030483
1779793385.834,/benchmark/latency_ms,62.500874
1779793385.881,/benchmark/latency_ms,52.307529
1779793385.926,/benchmark/latency_ms,55.225239
1779793385.974,/benchmark/latency_ms,59.879257
1779793386.019,/benchmark/latency_ms,61.646221
1779793386.065,/benchmark/latency_ms,63.679073
1779793386.120,/benchmark/latency_ms,51.607662
1779793386.166,/benchmark/latency_ms,52.041740
1779793386.197,/benchmark/latency_ms,53.330948
1779793386.241,/benchmark/latency_ms,53.789860
1779793386.289,/benchmark/latency_ms,56.665424
1779793386.332,/benchmark/latency_ms,59.126560
1779793386.379,/benchmark/latency_ms,61.472912
1779793386.425,/benchmark/latency_ms,64.315163
1779793386.469,/benchmark/latency_ms,53.435268
1779793386.514,/benchmark/latency_ms,56.124722
1779793386.560,/benchmark/latency_ms,59.788921
1779793386.608,/benchmark/latency_ms,63.516193
1779793386.655,/benchmark/latency_ms,53.503685
1779793386.702,/benchmark/latency_ms,60.581944
1779793386.749,/benchmark/latency_ms,64.032768
1779793386.796,/benchmark/latency_ms,54.489502
1779793386.853,/benchmark/latency_ms,57.364426
1779793386.889,/benchmark/latency_ms,61.163155
1779793386.937,/benchmark/latency_ms,66.271217
1779793386.983,/benchmark/latency_ms,56.989517
1779793387.041,/benchmark/latency_ms,61.089012
1779793387.075,/benchmark/latency_ms,64.231773
1779793387.133,/benchmark/latency_ms,53.235622
1779793387.167,/benchmark/latency_ms,54.341373
1779793387.213,/benchmark/latency_ms,57.935238
1779793387.257,/benchmark/latency_ms,61.553009
1779793387.317,/benchmark/latency_ms,51.929901
1779793387.348,/benchmark/latency_ms,54.355007
1779793387.394,/benchmark/latency_ms,58.167206
1779793387.443,/benchmark/latency_ms,62.897831
1779793387.500,/benchmark/latency_ms,52.469803
1779793387.533,/benchmark/latency_ms,54.877148
1779793387.579,/benchmark/latency_ms,60.348858
1779793387.624,/benchmark/latency_ms,64.306786
1779793387.674,/benchmark/latency_ms,54.720604
1779793387.731,/benchmark/latency_ms,58.180454
1779793387.763,/benchmark/latency_ms,61.390064
1779793387.810,/benchmark/latency_ms,52.948551
1779793387.857,/benchmark/latency_ms,55.738262
1779793387.901,/benchmark/latency_ms,59.557949
1779793387.947,/benchmark/latency_ms,62.654728
1779793388.007,/benchmark/latency_ms,54.329597
1779793388.043,/benchmark/latency_ms,59.943771
1779793388.089,/benchmark/latency_ms,63.448963
1779793388.150,/benchmark/latency_ms,53.836613
1779793388.182,/benchmark/latency_ms,56.635731
1779793388.248,/benchmark/latency_ms,64.347809
1779793388.281,/benchmark/latency_ms,54.101791
1779793388.336,/benchmark/latency_ms,56.595119
1779793388.383,/benchmark/latency_ms,59.916924
1779793388.415,/benchmark/latency_ms,63.580002
1779793388.463,/benchmark/latency_ms,54.915581
1779793388.522,/benchmark/latency_ms,58.243206
1779793388.555,/benchmark/latency_ms,62.351662
1779793388.602,/benchmark/latency_ms,53.456039
1779793388.647,/benchmark/latency_ms,55.442394
1779793388.693,/benchmark/latency_ms,59.867805
1779793388.739,/benchmark/latency_ms,63.310566
1779793388.788,/benchmark/latency_ms,54.745308
1779793388.832,/benchmark/latency_ms,58.145512
1779793388.877,/benchmark/latency_ms,61.358547
1779793388.926,/benchmark/latency_ms,53.173832
1779793388.971,/benchmark/latency_ms,55.495575
1779793389.017,/benchmark/latency_ms,59.477596
1779793389.062,/benchmark/latency_ms,61.816528
1779793389.109,/benchmark/latency_ms,63.410213
1779793389.152,/benchmark/latency_ms,50.442394
1779793389.196,/benchmark/latency_ms,51.768047
1779793389.240,/benchmark/latency_ms,53.287525
1779793389.286,/benchmark/latency_ms,56.029526
1779793389.333,/benchmark/latency_ms,58.102024
1779793389.376,/benchmark/latency_ms,59.791100
1779793389.421,/benchmark/latency_ms,61.418709
1779793389.465,/benchmark/latency_ms,63.328072
1779793389.512,/benchmark/latency_ms,52.736778
1779793389.556,/benchmark/latency_ms,53.542980
1779793389.602,/benchmark/latency_ms,56.579346
1779793389.648,/benchmark/latency_ms,59.579517
1779793389.695,/benchmark/latency_ms,61.715729
1779793389.741,/benchmark/latency_ms,53.662758
1779793389.788,/benchmark/latency_ms,56.716305
1779793389.831,/benchmark/latency_ms,60.065754
1779793389.877,/benchmark/latency_ms,63.786980
1779793389.924,/benchmark/latency_ms,54.544926
1779793389.973,/benchmark/latency_ms,59.935867
1779793390.020,/benchmark/latency_ms,62.992104
1779793390.066,/benchmark/latency_ms,54.147137
1779793390.112,/benchmark/latency_ms,58.042503
1779793390.158,/benchmark/latency_ms,61.375893
1779793390.207,/benchmark/latency_ms,64.484283
1779793390.250,/benchmark/latency_ms,53.066280
1779793390.294,/benchmark/latency_ms,56.352982
1779793390.340,/benchmark/latency_ms,60.384090
1779793390.386,/benchmark/latency_ms,63.497028
1779793390.434,/benchmark/latency_ms,54.561630
1779793390.478,/benchmark/latency_ms,57.361549
1779793390.525,/benchmark/latency_ms,60.774677
1779793390.571,/benchmark/latency_ms,64.234627
1779793390.617,/benchmark/latency_ms,53.446854
1779793390.661,/benchmark/latency_ms,56.070198
1779793390.706,/benchmark/latency_ms,59.063873
1779793390.765,/benchmark/latency_ms,63.153416
1779793390.800,/benchmark/latency_ms,54.012516
1779793390.845,/benchmark/latency_ms,57.249454
1779793390.889,/benchmark/latency_ms,61.011703
1779793390.938,/benchmark/latency_ms,65.212631
1779793390.983,/benchmark/latency_ms,55.784855
1779793391.030,/benchmark/latency_ms,59.578304
1779793391.075,/benchmark/latency_ms,63.819973
1779793391.134,/benchmark/latency_ms,54.925213
1779793391.168,/benchmark/latency_ms,58.803108
1779793391.214,/benchmark/latency_ms,62.519115
1779793391.263,/benchmark/latency_ms,53.696293
1779793391.307,/benchmark/latency_ms,56.455315
1779793391.353,/benchmark/latency_ms,59.285252
1779793391.400,/benchmark/latency_ms,62.882347
1779793391.446,/benchmark/latency_ms,54.012997
1779793391.491,/benchmark/latency_ms,56.691059
1779793391.538,/benchmark/latency_ms,60.704090
1779793391.586,/benchmark/latency_ms,64.628700
1779793391.642,/benchmark/latency_ms,53.632008
1779793391.674,/benchmark/latency_ms,56.540371
1779793391.720,/benchmark/latency_ms,59.305763
1779793391.767,/benchmark/latency_ms,62.149937
1779793391.812,/benchmark/latency_ms,52.778893
1779793391.858,/benchmark/latency_ms,56.920498
1779793391.923,/benchmark/latency_ms,78.301414
1779793391.978,/benchmark/latency_ms,61.445011
1779793392.027,/benchmark/latency_ms,69.919456
1779793392.083,/benchmark/latency_ms,64.665565
1779793392.132,/benchmark/latency_ms,59.203266
1779793392.188,/benchmark/latency_ms,70.823448
1779793392.256,/benchmark/latency_ms,69.206207
1779793392.300,/benchmark/latency_ms,67.298065
1779793392.359,/benchmark/latency_ms,67.007950
1779793392.413,/benchmark/latency_ms,65.672409
1779793392.480,/benchmark/latency_ms,62.368301
1779793392.521,/benchmark/latency_ms,72.496880
1779793392.578,/benchmark/latency_ms,69.628799
1779793392.633,/benchmark/latency_ms,68.271660
1779793392.686,/benchmark/latency_ms,66.258453
1779793392.743,/benchmark/latency_ms,64.453758
1779793392.797,/benchmark/latency_ms,61.880016
1779793392.852,/benchmark/latency_ms,72.710991
1779793392.917,/benchmark/latency_ms,70.136223
1779793392.962,/benchmark/latency_ms,68.134315
1779793393.019,/benchmark/latency_ms,69.705406
1779793393.075,/benchmark/latency_ms,68.033546
1779793393.126,/benchmark/latency_ms,63.445255
1779793393.192,/benchmark/latency_ms,63.089195
1779793393.230,/benchmark/latency_ms,65.791100
1779793393.283,/benchmark/latency_ms,56.207031
1779793393.332,/benchmark/latency_ms,58.648842
1779793393.398,/benchmark/latency_ms,59.723328
1779793393.434,/benchmark/latency_ms,62.665901
1779793393.487,/benchmark/latency_ms,64.992897
1779793393.550,/benchmark/latency_ms,66.693077
1779793393.588,/benchmark/latency_ms,56.394711
1779793393.640,/benchmark/latency_ms,59.587265
1779793393.692,/benchmark/latency_ms,63.908325
1779793393.745,/benchmark/latency_ms,66.278229
1779793393.799,/benchmark/latency_ms,58.642952
1779793393.851,/benchmark/latency_ms,60.943928
1779793393.901,/benchmark/latency_ms,63.577480
1779793393.954,/benchmark/latency_ms,68.428810
1779793394.020,/benchmark/latency_ms,58.957382
1779793394.057,/benchmark/latency_ms,61.406452
1779793394.122,/benchmark/latency_ms,66.401108
1779793394.160,/benchmark/latency_ms,55.736187
1779793394.214,/benchmark/latency_ms,59.810562
1779793394.264,/benchmark/latency_ms,60.901306
1779793394.330,/benchmark/latency_ms,62.932587
1779793394.370,/benchmark/latency_ms,67.151344
1779793394.420,/benchmark/latency_ms,57.171154
1779793394.474,/benchmark/latency_ms,59.551872
1779793394.527,/benchmark/latency_ms,63.649258
1779793394.578,/benchmark/latency_ms,67.232750
1779793394.631,/benchmark/latency_ms,57.774158
1779793394.678,/benchmark/latency_ms,55.862041
1779793394.733,/benchmark/latency_ms,60.095680
1779793394.787,/benchmark/latency_ms,64.446724
1779793394.840,/benchmark/latency_ms,67.191666
1779793394.885,/benchmark/latency_ms,54.491234
1779793394.939,/benchmark/latency_ms,57.029778
1779793394.991,/benchmark/latency_ms,61.321590
1779793395.044,/benchmark/latency_ms,63.133709
1779793395.093,/benchmark/latency_ms,65.315712
1779793395.142,/benchmark/latency_ms,65.954872
1779793395.200,/benchmark/latency_ms,57.662895
1779793395.253,/benchmark/latency_ms,61.819283
1779793395.301,/benchmark/latency_ms,64.685669
1779793395.354,/benchmark/latency_ms,64.023109
1779793395.404,/benchmark/latency_ms,66.765747
1779793395.457,/benchmark/latency_ms,58.596905
1779793395.506,/benchmark/latency_ms,60.762779
1779793395.559,/benchmark/latency_ms,63.075981
1779793395.612,/benchmark/latency_ms,66.259956
1779793395.664,/benchmark/latency_ms,56.092537
1779793395.712,/benchmark/latency_ms,58.835239
1779793395.763,/benchmark/latency_ms,60.974777
1779793395.813,/benchmark/latency_ms,60.787868
1779793395.863,/benchmark/latency_ms,63.270859
1779793395.917,/benchmark/latency_ms,65.800636
1779793395.966,/benchmark/latency_ms,56.028954
1779793396.020,/benchmark/latency_ms,57.509998
1779793396.071,/benchmark/latency_ms,61.249722
1779793396.134,/benchmark/latency_ms,66.440437
1779793396.176,/benchmark/latency_ms,55.933628
1779793396.230,/benchmark/latency_ms,60.091839
1779793396.279,/benchmark/latency_ms,61.018139
1779793396.332,/benchmark/latency_ms,65.497276
1779793396.385,/benchmark/latency_ms,59.166088
1779793396.449,/benchmark/latency_ms,61.950581
1779793396.479,/benchmark/latency_ms,56.174873
1779793396.535,/benchmark/latency_ms,57.725426
1779793396.584,/benchmark/latency_ms,60.074688
1779793396.638,/benchmark/latency_ms,61.793015
1779793396.691,/benchmark/latency_ms,65.770653
1779793396.741,/benchmark/latency_ms,67.411087
1779793396.795,/benchmark/latency_ms,57.853615
1779793396.856,/benchmark/latency_ms,59.942944
1779793396.897,/benchmark/latency_ms,64.742271
1779793396.942,/benchmark/latency_ms,60.640030
1779793396.996,/benchmark/latency_ms,62.643280
1779793397.045,/benchmark/latency_ms,64.852898
1779793397.097,/benchmark/latency_ms,67.110130
1779793397.163,/benchmark/latency_ms,58.399437
1779793397.204,/benchmark/latency_ms,60.680286
1779793397.254,/benchmark/latency_ms,62.566032
1779793397.306,/benchmark/latency_ms,67.313072
1779793397.359,/benchmark/latency_ms,57.260338
1779793397.406,/benchmark/latency_ms,55.517792
1779793397.459,/benchmark/latency_ms,57.747280
1779793397.513,/benchmark/latency_ms,61.578297
1779793397.562,/benchmark/latency_ms,64.191750
1779793397.613,/benchmark/latency_ms,66.266617
1779793397.677,/benchmark/latency_ms,67.297333
1779793397.718,/benchmark/latency_ms,59.313511
1779793397.772,/benchmark/latency_ms,61.518806
1779793397.823,/benchmark/latency_ms,66.060799
1779793397.880,/benchmark/latency_ms,51.271515
1779793397.921,/benchmark/latency_ms,65.616669
1779793397.973,/benchmark/latency_ms,55.552219
1779793398.024,/benchmark/latency_ms,56.662102
1779793398.077,/benchmark/latency_ms,58.770824
1779793398.127,/benchmark/latency_ms,62.438450
1779793398.180,/benchmark/latency_ms,66.518585
1779793398.233,/benchmark/latency_ms,56.588055
1779793398.287,/benchmark/latency_ms,60.361504
1779793398.335,/benchmark/latency_ms,62.444595
1779793398.387,/benchmark/latency_ms,64.352936
1779793398.442,/benchmark/latency_ms,67.025047
1779793398.493,/benchmark/latency_ms,58.591049
1779793398.548,/benchmark/latency_ms,61.277115
1779793398.602,/benchmark/latency_ms,67.348946
1779793398.652,/benchmark/latency_ms,56.235737
1779793398.705,/benchmark/latency_ms,58.280655
1779793398.756,/benchmark/latency_ms,60.264065
1779793398.810,/benchmark/latency_ms,64.570595
1779793398.861,/benchmark/latency_ms,66.340317
1779793398.910,/benchmark/latency_ms,66.897942
1779793398.964,/benchmark/latency_ms,57.321491
1779793399.030,/benchmark/latency_ms,60.830654
1779793399.068,/benchmark/latency_ms,64.306213
1779793399.121,/benchmark/latency_ms,67.376465
1779793399.185,/benchmark/latency_ms,57.262741
1779793399.220,/benchmark/latency_ms,54.409317
1779793399.270,/benchmark/latency_ms,56.595703
1779793399.326,/benchmark/latency_ms,57.811535
1779793399.374,/benchmark/latency_ms,59.171497
1779793399.437,/benchmark/latency_ms,60.684414
1779793399.475,/benchmark/latency_ms,61.885014
1779793399.527,/benchmark/latency_ms,63.502796
1779793399.579,/benchmark/latency_ms,65.019012
1779793399.628,/benchmark/latency_ms,67.260216
1779793399.678,/benchmark/latency_ms,53.622635
1779793399.728,/benchmark/latency_ms,55.718430
1779793399.782,/benchmark/latency_ms,58.253742
1779793399.835,/benchmark/latency_ms,60.404961
1779793399.898,/benchmark/latency_ms,63.580173
1779793399.939,/benchmark/latency_ms,66.133850
1779793399.988,/benchmark/latency_ms,55.574944
1779793400.043,/benchmark/latency_ms,57.684914
1779793400.092,/benchmark/latency_ms,61.354553
1779793400.138,/benchmark/latency_ms,58.408398
1779793400.192,/benchmark/latency_ms,60.776833
1779793400.244,/benchmark/latency_ms,61.677143
1779793400.292,/benchmark/latency_ms,62.764179
1779793400.356,/benchmark/latency_ms,64.484550
1779793400.398,/benchmark/latency_ms,66.492477
1779793400.447,/benchmark/latency_ms,67.714676
1779793400.500,/benchmark/latency_ms,57.176949
1779793400.565,/benchmark/latency_ms,60.693951
1779793400.599,/benchmark/latency_ms,58.816841
1779793400.665,/benchmark/latency_ms,62.016087
1779793400.706,/benchmark/latency_ms,65.235268
1779793400.759,/benchmark/latency_ms,66.537628
1779793400.807,/benchmark/latency_ms,56.647800
1779793400.861,/benchmark/latency_ms,58.644012
1779793400.911,/benchmark/latency_ms,59.912548
1779793400.961,/benchmark/latency_ms,61.425213
1779793401.014,/benchmark/latency_ms,63.867115
1779793401.060,/benchmark/latency_ms,62.473110
1779793401.110,/benchmark/latency_ms,63.491375
1779793401.164,/benchmark/latency_ms,64.264008
1779793401.226,/benchmark/latency_ms,65.591141
1779793401.263,/benchmark/latency_ms,67.298164
1779793401.315,/benchmark/latency_ms,56.766586
1779793401.368,/benchmark/latency_ms,57.533844
1779793401.418,/benchmark/latency_ms,58.875084
1779793401.471,/benchmark/latency_ms,62.590420
1779793401.522,/benchmark/latency_ms,62.854259
1779793401.572,/benchmark/latency_ms,64.559624
1779793401.624,/benchmark/latency_ms,66.393181
1779793401.689,/benchmark/latency_ms,67.001686
1779793401.726,/benchmark/latency_ms,57.116566
1779793401.776,/benchmark/latency_ms,56.753273
1779793401.829,/benchmark/latency_ms,58.891243
1779793401.881,/benchmark/latency_ms,62.006809
1779793401.934,/benchmark/latency_ms,64.468742
1779793401.996,/benchmark/latency_ms,66.496506
1779793402.037,/benchmark/latency_ms,56.323196
1779793402.087,/benchmark/latency_ms,57.254456
1779793402.138,/benchmark/latency_ms,59.052204
1779793402.190,/benchmark/latency_ms,62.706005
1779793402.242,/benchmark/latency_ms,63.995052
1779793402.292,/benchmark/latency_ms,65.998718
1779793402.343,/benchmark/latency_ms,67.071701
1779793402.406,/benchmark/latency_ms,55.939037
1779793402.446,/benchmark/latency_ms,57.176151
1779793402.495,/benchmark/latency_ms,58.900459
1779793402.549,/benchmark/latency_ms,60.049126
1779793402.601,/benchmark/latency_ms,64.795204
1779793402.654,/benchmark/latency_ms,67.973297
1779793402.706,/benchmark/latency_ms,57.867668
1779793402.757,/benchmark/latency_ms,58.586575
1779793402.811,/benchmark/latency_ms,60.380581
1779793402.859,/benchmark/latency_ms,62.073017
1779793402.908,/benchmark/latency_ms,61.194462
1779793402.962,/benchmark/latency_ms,63.667759
1779793403.013,/benchmark/latency_ms,65.657631
1779793403.064,/benchmark/latency_ms,66.748184
1779793403.114,/benchmark/latency_ms,57.421944
1779793403.167,/benchmark/latency_ms,59.722504
1779793403.222,/benchmark/latency_ms,61.658394
1779793403.268,/benchmark/latency_ms,62.205879
1779793403.322,/benchmark/latency_ms,64.781319
1779793403.371,/benchmark/latency_ms,64.925514
1779793403.422,/benchmark/latency_ms,67.030487
1779793403.475,/benchmark/latency_ms,58.135506
1779793403.529,/benchmark/latency_ms,62.540916
1779793403.583,/benchmark/latency_ms,66.652863
1779793403.630,/benchmark/latency_ms,55.036423
1779793403.684,/benchmark/latency_ms,58.343376
1779793403.749,/benchmark/latency_ms,60.274403
1779793403.786,/benchmark/latency_ms,61.989944
1779793403.834,/benchmark/latency_ms,59.234154
1779793403.884,/benchmark/latency_ms,60.603939
1779793403.934,/benchmark/latency_ms,59.804199
1779793403.992,/benchmark/latency_ms,62.878162
1779793404.040,/benchmark/latency_ms,64.942535
1779793404.090,/benchmark/latency_ms,65.590431
1779793404.144,/benchmark/latency_ms,67.391449
1779793404.197,/benchmark/latency_ms,58.516975
1779793404.249,/benchmark/latency_ms,61.657722
1779793404.294,/benchmark/latency_ms,57.905396
1779793404.345,/benchmark/latency_ms,59.954502
1779793404.411,/benchmark/latency_ms,60.824608
1779793404.450,/benchmark/latency_ms,58.503887
1779793404.509,/benchmark/latency_ms,65.320068
1779793404.562,/benchmark/latency_ms,78.748016
1779793404.610,/benchmark/latency_ms,65.464645
1779793404.676,/benchmark/latency_ms,64.429710
1779793404.718,/benchmark/latency_ms,62.935829
1779793404.768,/benchmark/latency_ms,61.957241
1779793404.820,/benchmark/latency_ms,61.530010
1779793404.874,/benchmark/latency_ms,63.026451
1779793404.936,/benchmark/latency_ms,62.886547
1779793404.978,/benchmark/latency_ms,76.296158
1779793405.026,/benchmark/latency_ms,63.882732
1779793405.081,/benchmark/latency_ms,61.466496
1779793405.131,/benchmark/latency_ms,59.661385
1779793405.183,/benchmark/latency_ms,60.881699
1779793405.230,/benchmark/latency_ms,59.610760
1779793405.283,/benchmark/latency_ms,63.286770
1779793405.335,/benchmark/latency_ms,64.582794
1779793405.387,/benchmark/latency_ms,65.478050
1779793405.440,/benchmark/latency_ms,67.439125
1779793405.491,/benchmark/latency_ms,57.649910
1779793405.542,/benchmark/latency_ms,59.081100
1779793405.597,/benchmark/latency_ms,62.698391
1779793405.646,/benchmark/latency_ms,64.981926
1779793405.698,/benchmark/latency_ms,66.009827
1779793405.750,/benchmark/latency_ms,68.684013
1779793405.802,/benchmark/latency_ms,59.254219
1779793405.857,/benchmark/latency_ms,62.465527
1779793405.903,/benchmark/latency_ms,62.576248
1779793405.956,/benchmark/latency_ms,62.479191
1779793406.008,/benchmark/latency_ms,60.359364
1779793406.057,/benchmark/latency_ms,60.662914
1779793406.120,/benchmark/latency_ms,61.618752
1779793406.160,/benchmark/latency_ms,62.454296
1779793406.223,/benchmark/latency_ms,63.697491
1779793406.263,/benchmark/latency_ms,64.828781
1779793406.313,/benchmark/latency_ms,66.296097
1779793406.366,/benchmark/latency_ms,57.078552
1779793406.420,/benchmark/latency_ms,70.423882
1779793406.467,/benchmark/latency_ms,58.423698
1779793406.523,/benchmark/latency_ms,62.249977
1779793406.576,/benchmark/latency_ms,65.558952
1779793406.628,/benchmark/latency_ms,67.999763
1779793406.678,/benchmark/latency_ms,57.140888
1779793406.729,/benchmark/latency_ms,59.680138
1779793406.781,/benchmark/latency_ms,62.632248
1779793406.829,/benchmark/latency_ms,60.901794
1779793406.882,/benchmark/latency_ms,61.901276
1779793406.931,/benchmark/latency_ms,64.510414
1779793406.995,/benchmark/latency_ms,66.392128
1779793407.038,/benchmark/latency_ms,56.707771
1779793407.088,/benchmark/latency_ms,60.537830
1779793407.141,/benchmark/latency_ms,64.791885
1779793407.191,/benchmark/latency_ms,68.023254
1779793407.244,/benchmark/latency_ms,59.996681
1779793407.289,/benchmark/latency_ms,55.544868
1779793407.342,/benchmark/latency_ms,58.422642
1779793407.396,/benchmark/latency_ms,62.474586
1779793407.446,/benchmark/latency_ms,62.570007
1779793407.499,/benchmark/latency_ms,64.175980
1779793407.552,/benchmark/latency_ms,64.576172
1779793407.603,/benchmark/latency_ms,65.686440
1779793407.656,/benchmark/latency_ms,65.732933
1779793407.719,/benchmark/latency_ms,64.993385
1779793407.752,/benchmark/latency_ms,56.531422
1779793407.801,/benchmark/latency_ms,54.526249
1779793407.866,/benchmark/latency_ms,57.071869
1779793407.905,/benchmark/latency_ms,60.112488
1779793407.959,/benchmark/latency_ms,62.285755
1779793408.005,/benchmark/latency_ms,63.894608
1779793408.060,/benchmark/latency_ms,66.331139
1779793408.108,/benchmark/latency_ms,56.621086
1779793408.163,/benchmark/latency_ms,59.125999
1779793408.210,/benchmark/latency_ms,61.112164
1779793408.276,/benchmark/latency_ms,65.585411
1779793408.314,/benchmark/latency_ms,55.673092
1779793408.368,/benchmark/latency_ms,60.042664
1779793408.420,/benchmark/latency_ms,63.847698
1779793408.473,/benchmark/latency_ms,64.562347
1779793408.525,/benchmark/latency_ms,66.797119
1779793408.580,/benchmark/latency_ms,58.066391
1779793408.632,/benchmark/latency_ms,62.245274
1779793408.678,/benchmark/latency_ms,57.115101
1779793408.728,/benchmark/latency_ms,58.770737
1779793408.779,/benchmark/latency_ms,59.562572
1779793408.835,/benchmark/latency_ms,63.765106
1779793408.888,/benchmark/latency_ms,67.513176
1779793408.948,/benchmark/latency_ms,56.775166
1779793408.989,/benchmark/latency_ms,57.962357
1779793409.041,/benchmark/latency_ms,59.636429
1779793409.090,/benchmark/latency_ms,61.708061
1779793409.143,/benchmark/latency_ms,61.604706
1779793409.190,/benchmark/latency_ms,63.437363
1779793409.241,/benchmark/latency_ms,64.784943
1779793409.293,/benchmark/latency_ms,66.831520
1779793409.344,/benchmark/latency_ms,55.856869
1779793409.392,/benchmark/latency_ms,52.656246
1779793409.444,/benchmark/latency_ms,66.947868
1779793409.494,/benchmark/latency_ms,67.095551
1779793409.545,/benchmark/latency_ms,67.968407
1779793409.596,/benchmark/latency_ms,57.133755
1779793409.649,/benchmark/latency_ms,61.010918
1779793409.703,/benchmark/latency_ms,60.702885
1779793409.757,/benchmark/latency_ms,64.316338
1779793409.810,/benchmark/latency_ms,68.456184
1779793409.856,/benchmark/latency_ms,53.554737
1779793409.908,/benchmark/latency_ms,66.140289
1779793409.957,/benchmark/latency_ms,67.215675
1779793410.021,/benchmark/latency_ms,56.106403
1779793410.061,/benchmark/latency_ms,57.505016
1779793410.114,/benchmark/latency_ms,59.930027
1779793410.163,/benchmark/latency_ms,60.559750
1779793410.217,/benchmark/latency_ms,62.547546
1779793410.264,/benchmark/latency_ms,63.074680
1779793410.312,/benchmark/latency_ms,60.568264
1779793410.364,/benchmark/latency_ms,61.989662
1779793410.416,/benchmark/latency_ms,63.556309
1779793410.465,/benchmark/latency_ms,64.731377
1779793410.518,/benchmark/latency_ms,66.982971
1779793410.572,/benchmark/latency_ms,57.046398
1779793410.620,/benchmark/latency_ms,58.516598
1779793410.674,/benchmark/latency_ms,59.215439
1779793410.723,/benchmark/latency_ms,60.562885
1779793410.771,/benchmark/latency_ms,57.867161
1779793410.824,/benchmark/latency_ms,62.204540
1779793410.877,/benchmark/latency_ms,65.207085
1779793410.929,/benchmark/latency_ms,66.771523
1779793410.979,/benchmark/latency_ms,56.410015
1779793411.033,/benchmark/latency_ms,60.298634
1779793411.084,/benchmark/latency_ms,61.744095
1779793411.137,/benchmark/latency_ms,65.593925
1779793411.191,/benchmark/latency_ms,67.402817
1779793411.236,/benchmark/latency_ms,50.195019
1779793411.285,/benchmark/latency_ms,64.396111
1779793411.335,/benchmark/latency_ms,63.309273
1779793411.387,/benchmark/latency_ms,64.700912
1779793411.438,/benchmark/latency_ms,66.901634
1779793411.490,/benchmark/latency_ms,55.631172
1779793411.539,/benchmark/latency_ms,56.024067
1779793411.592,/benchmark/latency_ms,57.503452
1779793411.647,/benchmark/latency_ms,59.277393
1779793411.696,/benchmark/latency_ms,61.057796
1779793411.748,/benchmark/latency_ms,64.367409
1779793411.800,/benchmark/latency_ms,65.438568
1779793411.849,/benchmark/latency_ms,67.584221
1779793411.903,/benchmark/latency_ms,58.443573
1779793411.951,/benchmark/latency_ms,58.161465
1779793412.002,/benchmark/latency_ms,60.082218
1779793412.054,/benchmark/latency_ms,60.960838
1779793412.108,/benchmark/latency_ms,65.375656
1779793412.160,/benchmark/latency_ms,66.698593
1779793412.212,/benchmark/latency_ms,56.820705
1779793412.261,/benchmark/latency_ms,56.913216
1779793412.314,/benchmark/latency_ms,59.510799
1779793412.365,/benchmark/latency_ms,62.341564
1779793412.416,/benchmark/latency_ms,62.866779
1779793412.467,/benchmark/latency_ms,64.423378
1779793412.520,/benchmark/latency_ms,65.788071
1779793412.570,/benchmark/latency_ms,66.380455
1779793412.622,/benchmark/latency_ms,57.967480
1779793412.676,/benchmark/latency_ms,60.224617
1779793412.724,/benchmark/latency_ms,60.590664
1779793412.777,/benchmark/latency_ms,61.731426
1779793412.827,/benchmark/latency_ms,63.689877
1779793412.877,/benchmark/latency_ms,64.484528
1779793412.930,/benchmark/latency_ms,66.042213
1779793412.980,/benchmark/latency_ms,66.266823
1779793413.044,/benchmark/latency_ms,67.973885
1779793413.085,/benchmark/latency_ms,59.402096
1779793413.137,/benchmark/latency_ms,63.594837
1779793413.191,/benchmark/latency_ms,64.370895
1779793413.244,/benchmark/latency_ms,67.971771
1779793413.297,/benchmark/latency_ms,59.191891
1779793413.348,/benchmark/latency_ms,60.337322
1779793413.397,/benchmark/latency_ms,61.009159
1779793413.451,/benchmark/latency_ms,63.761108
1779793413.504,/benchmark/latency_ms,65.366638
1779793413.554,/benchmark/latency_ms,66.899391
1779793413.608,/benchmark/latency_ms,59.379375
1779793413.658,/benchmark/latency_ms,59.114067
1779793413.710,/benchmark/latency_ms,60.599049
1779793413.762,/benchmark/latency_ms,64.398674
1779793413.814,/benchmark/latency_ms,65.959686
1779793413.868,/benchmark/latency_ms,66.013641
1779793413.916,/benchmark/latency_ms,67.143265
1779793413.969,/benchmark/latency_ms,55.533867
1779793414.019,/benchmark/latency_ms,57.262589
1779793414.071,/benchmark/latency_ms,60.698666
1779793414.122,/benchmark/latency_ms,61.643234
1779793414.175,/benchmark/latency_ms,64.646675
1779793414.230,/benchmark/latency_ms,68.287514
1779793414.281,/benchmark/latency_ms,55.460522
1779793414.330,/benchmark/latency_ms,56.320354
1779793414.385,/benchmark/latency_ms,59.054386
1779793414.438,/benchmark/latency_ms,62.930202
1779793414.501,/benchmark/latency_ms,63.865910
1779793414.539,/benchmark/latency_ms,67.230980
1779793414.589,/benchmark/latency_ms,57.264671
1779793414.643,/benchmark/latency_ms,61.520485
1779793414.696,/benchmark/latency_ms,64.242737
1779793414.745,/benchmark/latency_ms,64.548241
1779793414.797,/benchmark/latency_ms,66.914368
1779793414.848,/benchmark/latency_ms,58.896629
1779793414.902,/benchmark/latency_ms,61.716194
1779793414.951,/benchmark/latency_ms,63.495449
1779793415.005,/benchmark/latency_ms,67.109253
1779793415.057,/benchmark/latency_ms,57.127201
1779793415.108,/benchmark/latency_ms,61.139175
1779793415.172,/benchmark/latency_ms,63.647255
1779793415.219,/benchmark/latency_ms,61.438663
1779793415.258,/benchmark/latency_ms,64.093269
1779793415.310,/benchmark/latency_ms,66.854881
1779793415.365,/benchmark/latency_ms,59.183350
1779793415.416,/benchmark/latency_ms,63.546234
1779793415.479,/benchmark/latency_ms,66.835587
1779793415.520,/benchmark/latency_ms,56.755524
1779793415.572,/benchmark/latency_ms,61.907299
1779793415.623,/benchmark/latency_ms,76.342247
1779793415.673,/benchmark/latency_ms,63.659897
1779793415.726,/benchmark/latency_ms,68.022591
1779793415.776,/benchmark/latency_ms,58.149914
1779793415.831,/benchmark/latency_ms,62.083168
1779793415.885,/benchmark/latency_ms,65.032333
1779793415.932,/benchmark/latency_ms,65.696136
1779793415.995,/benchmark/latency_ms,55.809864
1779793416.035,/benchmark/latency_ms,58.251835
1779793416.086,/benchmark/latency_ms,62.839966
1779793416.140,/benchmark/latency_ms,64.226997
1779793416.193,/benchmark/latency_ms,56.652386
1779793416.244,/benchmark/latency_ms,59.529812
1779793416.296,/benchmark/latency_ms,64.286385
1779793416.349,/benchmark/latency_ms,68.146622
1779793416.397,/benchmark/latency_ms,56.736069
1779793416.450,/benchmark/latency_ms,59.292530
1779793416.505,/benchmark/latency_ms,64.453270
1779793416.555,/benchmark/latency_ms,67.281860
1779793416.603,/benchmark/latency_ms,54.098804
1779793416.655,/benchmark/latency_ms,80.650543
1779793416.708,/benchmark/latency_ms,60.135887
1779793416.761,/benchmark/latency_ms,64.166328
1779793416.814,/benchmark/latency_ms,67.635422
1779793416.870,/benchmark/latency_ms,61.730019
1779793416.924,/benchmark/latency_ms,64.184341
1779793416.972,/benchmark/latency_ms,67.297348
1779793417.026,/benchmark/latency_ms,57.503197
1779793417.072,/benchmark/latency_ms,68.889114
1779793417.124,/benchmark/latency_ms,59.388691
1779793417.174,/benchmark/latency_ms,61.504551
1779793417.225,/benchmark/latency_ms,63.979191
1779793417.275,/benchmark/latency_ms,65.760300
1779793417.329,/benchmark/latency_ms,57.145153
1779793417.384,/benchmark/latency_ms,60.578316
1779793417.438,/benchmark/latency_ms,63.753944
1779793417.486,/benchmark/latency_ms,65.887337
1779793417.533,/benchmark/latency_ms,64.496246
1779793417.584,/benchmark/latency_ms,66.581322
1779793417.637,/benchmark/latency_ms,58.484055
1779793417.704,/benchmark/latency_ms,61.490025
1779793417.746,/benchmark/latency_ms,66.627464
1779793417.799,/benchmark/latency_ms,66.768517
1779793417.865,/benchmark/latency_ms,67.835487
1779793417.906,/benchmark/latency_ms,68.503998
1779793417.959,/benchmark/latency_ms,67.868065
1779793418.005,/benchmark/latency_ms,63.064091
1779793418.059,/benchmark/latency_ms,62.335873
1779793418.106,/benchmark/latency_ms,61.053738
1779793418.171,/benchmark/latency_ms,60.009010
1779793418.209,/benchmark/latency_ms,58.089436
1779793418.263,/benchmark/latency_ms,58.219612
1779793418.314,/benchmark/latency_ms,56.380806
1779793418.363,/benchmark/latency_ms,68.668823
1779793418.417,/benchmark/latency_ms,69.059860
1779793418.465,/benchmark/latency_ms,64.202484
1779793418.518,/benchmark/latency_ms,63.070587
1779793418.571,/benchmark/latency_ms,62.510017
1779793418.619,/benchmark/latency_ms,61.071499
1779793418.673,/benchmark/latency_ms,58.949944
1779793418.723,/benchmark/latency_ms,58.297977
1779793418.776,/benchmark/latency_ms,59.263733
1779793418.829,/benchmark/latency_ms,57.595615
1779793418.892,/benchmark/latency_ms,57.205891
1779793418.923,/benchmark/latency_ms,59.647346
1779793418.976,/benchmark/latency_ms,60.936329
1779793419.028,/benchmark/latency_ms,61.589512
1779793419.083,/benchmark/latency_ms,62.601856
1779793419.135,/benchmark/latency_ms,63.290588
1779793419.188,/benchmark/latency_ms,63.598362
1779793419.241,/benchmark/latency_ms,64.865776
1779793419.296,/benchmark/latency_ms,64.976463
1779793419.363,/benchmark/latency_ms,65.691147
1779793419.398,/benchmark/latency_ms,61.515530
1779793419.451,/benchmark/latency_ms,60.394638
1779793419.499,/benchmark/latency_ms,59.128857
1779793419.554,/benchmark/latency_ms,57.926079
1779793419.604,/benchmark/latency_ms,56.671207
1779793419.654,/benchmark/latency_ms,54.681683
1779793419.709,/benchmark/latency_ms,68.381500
1779793419.770,/benchmark/latency_ms,66.929962
1779793419.808,/benchmark/latency_ms,65.844109
1779793419.854,/benchmark/latency_ms,58.324539
1779793419.906,/benchmark/latency_ms,57.435329
1779793419.972,/benchmark/latency_ms,55.523884
1779793420.007,/benchmark/latency_ms,67.099106
1779793420.061,/benchmark/latency_ms,68.155136
1779793420.114,/benchmark/latency_ms,65.573074
1779793420.164,/benchmark/latency_ms,63.426971
1779793420.213,/benchmark/latency_ms,61.422539
1779793420.265,/benchmark/latency_ms,59.854034
1779793420.330,/benchmark/latency_ms,58.287899
1779793420.368,/benchmark/latency_ms,57.836349
1779793420.419,/benchmark/latency_ms,68.155586
1779793420.473,/benchmark/latency_ms,67.351814
1779793420.533,/benchmark/latency_ms,65.388557
1779793420.570,/benchmark/latency_ms,61.106281
1779793420.622,/benchmark/latency_ms,59.067032
1779793420.676,/benchmark/latency_ms,57.121250
1779793420.723,/benchmark/latency_ms,54.438614
1779793420.776,/benchmark/latency_ms,68.543549
1779793420.829,/benchmark/latency_ms,67.153923
1779793420.883,/benchmark/latency_ms,65.044914
1779793420.930,/benchmark/latency_ms,63.158077
1779793420.982,/benchmark/latency_ms,61.897156
1779793421.027,/benchmark/latency_ms,54.642452
1779793421.082,/benchmark/latency_ms,66.945831
1779793421.131,/benchmark/latency_ms,64.522011
1779793421.181,/benchmark/latency_ms,62.780319
1779793421.233,/benchmark/latency_ms,61.285290
1779793421.281,/benchmark/latency_ms,58.586941
1779793421.338,/benchmark/latency_ms,59.121078
1779793421.390,/benchmark/latency_ms,58.392925
1779793421.439,/benchmark/latency_ms,57.044548
1779793421.493,/benchmark/latency_ms,55.518604
1779793421.542,/benchmark/latency_ms,57.049091
1779793421.594,/benchmark/latency_ms,59.350037
1779793421.646,/benchmark/latency_ms,61.566826
1779793421.695,/benchmark/latency_ms,63.104061
1779793421.746,/benchmark/latency_ms,63.522076
1779793421.799,/benchmark/latency_ms,63.379456
1779793421.850,/benchmark/latency_ms,62.191174
1779793421.900,/benchmark/latency_ms,61.112076
1779793421.953,/benchmark/latency_ms,59.705589
1779793422.002,/benchmark/latency_ms,58.408318
1779793422.054,/benchmark/latency_ms,57.228516
1779793422.104,/benchmark/latency_ms,56.007690
1779793422.158,/benchmark/latency_ms,67.775269
1779793422.204,/benchmark/latency_ms,62.156902
1779793422.258,/benchmark/latency_ms,61.019951
1779793422.307,/benchmark/latency_ms,59.465141
1779793422.357,/benchmark/latency_ms,58.467422
1779793422.410,/benchmark/latency_ms,56.576294
1779793422.456,/benchmark/latency_ms,64.768372
1779793422.508,/benchmark/latency_ms,65.046577
1779793422.562,/benchmark/latency_ms,64.067932
1779793422.626,/benchmark/latency_ms,64.322998
1779793422.665,/benchmark/latency_ms,63.070015
1779793422.715,/benchmark/latency_ms,61.989639
1779793422.770,/benchmark/latency_ms,63.064384
1779793422.822,/benchmark/latency_ms,64.029915
1779793422.876,/benchmark/latency_ms,65.336884
1779793422.924,/benchmark/latency_ms,61.415657
1779793422.976,/benchmark/latency_ms,60.196049
1779793423.029,/benchmark/latency_ms,60.910702
1779793423.082,/benchmark/latency_ms,63.471230
1779793423.132,/benchmark/latency_ms,62.870724
1779793423.185,/benchmark/latency_ms,63.058243
1779793423.235,/benchmark/latency_ms,61.645641
1779793423.288,/benchmark/latency_ms,61.126350
1779793423.339,/benchmark/latency_ms,60.022293
1779793423.388,/benchmark/latency_ms,54.330612
1779793423.440,/benchmark/latency_ms,68.248703
1779793423.492,/benchmark/latency_ms,66.806221
1779793423.558,/benchmark/latency_ms,65.528816
1779793423.596,/benchmark/latency_ms,77.416458
1779793423.648,/benchmark/latency_ms,64.639221
1779793423.702,/benchmark/latency_ms,65.365234
1779793423.751,/benchmark/latency_ms,64.012253
1779793423.804,/benchmark/latency_ms,63.044769
1779793423.850,/benchmark/latency_ms,58.122879
1779793423.905,/benchmark/latency_ms,59.080761
1779793423.956,/benchmark/latency_ms,59.734295
1779793424.008,/benchmark/latency_ms,61.337418
1779793424.058,/benchmark/latency_ms,61.800232
1779793424.106,/benchmark/latency_ms,59.721748
1779793424.157,/benchmark/latency_ms,61.150223
1779793424.210,/benchmark/latency_ms,60.729713
1779793424.263,/benchmark/latency_ms,62.523174
1779793424.312,/benchmark/latency_ms,62.020870
1779793424.365,/benchmark/latency_ms,64.599930
1779793424.414,/benchmark/latency_ms,66.004753
1779793424.467,/benchmark/latency_ms,65.705330
1779793424.519,/benchmark/latency_ms,64.815956
1779793424.561,/benchmark/latency_ms,56.300972
1779793424.612,/benchmark/latency_ms,66.968590
1779793424.666,/benchmark/latency_ms,67.572678
1779793424.719,/benchmark/latency_ms,66.915436
1779793424.769,/benchmark/latency_ms,67.379593
1779793424.821,/benchmark/latency_ms,66.610512
1779793424.875,/benchmark/latency_ms,67.086792
1779793424.926,/benchmark/latency_ms,65.757393
1779793424.977,/benchmark/latency_ms,65.038803
1779793425.028,/benchmark/latency_ms,63.601952
1779793425.081,/benchmark/latency_ms,63.152416
1779793425.143,/benchmark/latency_ms,62.085960
1779793425.185,/benchmark/latency_ms,60.883888
1779793425.236,/benchmark/latency_ms,59.163288
1779793425.297,/benchmark/latency_ms,59.847351
1779793425.337,/benchmark/latency_ms,61.907112
1779793425.387,/benchmark/latency_ms,64.704247
1779793425.440,/benchmark/latency_ms,63.976925
1779793425.490,/benchmark/latency_ms,62.189255
1779793425.539,/benchmark/latency_ms,58.916954
1779793425.590,/benchmark/latency_ms,57.706467
1779793425.643,/benchmark/latency_ms,56.811176
1779793425.696,/benchmark/latency_ms,56.250187
1779793425.740,/benchmark/latency_ms,64.193016
1779793425.793,/benchmark/latency_ms,64.470551
1779793425.848,/benchmark/latency_ms,64.801430
1779793425.901,/benchmark/latency_ms,63.728447
1779793425.952,/benchmark/latency_ms,64.304604
1779793426.005,/benchmark/latency_ms,64.414490
1779793426.071,/benchmark/latency_ms,65.083893
1779793426.110,/benchmark/latency_ms,66.155411
1779793426.161,/benchmark/latency_ms,64.909653
1779793426.214,/benchmark/latency_ms,62.839108
1779793426.267,/benchmark/latency_ms,63.081570
1779793426.316,/benchmark/latency_ms,61.898602
1779793426.369,/benchmark/latency_ms,60.167988
1779793426.422,/benchmark/latency_ms,59.007740
1779793426.463,/benchmark/latency_ms,48.182270
1779793426.505,/benchmark/latency_ms,52.162758
1779793426.546,/benchmark/latency_ms,55.532719
1779793426.589,/benchmark/latency_ms,59.521656
1779793426.631,/benchmark/latency_ms,51.257835
1779793426.674,/benchmark/latency_ms,56.601067
1779793426.718,/benchmark/latency_ms,47.993504
1779793426.758,/benchmark/latency_ms,53.826458
1779793426.804,/benchmark/latency_ms,48.572155
1779793426.847,/benchmark/latency_ms,53.570461
1779793426.887,/benchmark/latency_ms,58.592957
1779793426.930,/benchmark/latency_ms,51.271881
1779793426.971,/benchmark/latency_ms,67.821251
1779793427.016,/benchmark/latency_ms,49.446774
1779793427.057,/benchmark/latency_ms,54.958996
1779793427.102,/benchmark/latency_ms,49.750294
1779793427.154,/benchmark/latency_ms,54.502808
1779793427.195,/benchmark/latency_ms,58.552799
1779793427.226,/benchmark/latency_ms,48.652313
1779793427.282,/benchmark/latency_ms,54.892021
1779793427.316,/benchmark/latency_ms,55.919247
1779793427.361,/benchmark/latency_ms,56.038734
1779793427.419,/benchmark/latency_ms,57.503590
1779793427.452,/benchmark/latency_ms,57.007626
1779793427.496,/benchmark/latency_ms,55.957264
1779793427.543,/benchmark/latency_ms,55.098259
1779793427.585,/benchmark/latency_ms,55.317108
1779793427.633,/benchmark/latency_ms,58.761627
1779793427.680,/benchmark/latency_ms,62.223881
1779793427.727,/benchmark/latency_ms,53.193310
1779793427.773,/benchmark/latency_ms,56.082287
1779793427.818,/benchmark/latency_ms,59.858776
1779793427.868,/benchmark/latency_ms,65.324631
1779793427.912,/benchmark/latency_ms,82.995689
1779793427.971,/benchmark/latency_ms,63.080067
1779793428.004,/benchmark/latency_ms,64.049438
1779793428.050,/benchmark/latency_ms,49.920883
1779793428.094,/benchmark/latency_ms,50.862511
1779793428.154,/benchmark/latency_ms,52.978786
1779793428.188,/benchmark/latency_ms,53.914108
1779793428.245,/benchmark/latency_ms,54.272568
1779793428.292,/benchmark/latency_ms,54.539288
1779793428.324,/benchmark/latency_ms,55.047543
1779793428.370,/benchmark/latency_ms,55.784306
1779793428.414,/benchmark/latency_ms,56.454731
1779793428.459,/benchmark/latency_ms,56.755882
1779793428.510,/benchmark/latency_ms,57.656742
1779793428.556,/benchmark/latency_ms,62.043499
1779793428.605,/benchmark/latency_ms,64.167519
1779793428.654,/benchmark/latency_ms,68.525345
1779793428.705,/benchmark/latency_ms,57.056904
1779793428.752,/benchmark/latency_ms,60.257301
1779793428.801,/benchmark/latency_ms,64.695549
1779793428.847,/benchmark/latency_ms,52.501892
1779793428.893,/benchmark/latency_ms,53.339840
1779793428.940,/benchmark/latency_ms,54.127514
1779793428.984,/benchmark/latency_ms,54.262714
1779793429.043,/benchmark/latency_ms,54.960403
1779793429.075,/benchmark/latency_ms,55.108501
1779793429.123,/benchmark/latency_ms,70.650742
1779793429.166,/benchmark/latency_ms,56.376907
1779793429.214,/benchmark/latency_ms,59.467323
1779793429.261,/benchmark/latency_ms,62.011723
1779793429.309,/benchmark/latency_ms,63.142021
1779793429.355,/benchmark/latency_ms,64.813599
1779793429.402,/benchmark/latency_ms,51.726791
1779793429.447,/benchmark/latency_ms,52.253925
1779793429.493,/benchmark/latency_ms,53.297405
1779793429.540,/benchmark/latency_ms,53.294434
1779793429.587,/benchmark/latency_ms,54.569592
1779793429.632,/benchmark/latency_ms,55.851986
1779793429.677,/benchmark/latency_ms,55.333748
1779793429.724,/benchmark/latency_ms,55.802162
1779793429.768,/benchmark/latency_ms,56.241390
1779793429.815,/benchmark/latency_ms,56.693420
1779793429.859,/benchmark/latency_ms,56.881195
1779793429.908,/benchmark/latency_ms,59.714584
1779793429.954,/benchmark/latency_ms,61.149712
1779793430.001,/benchmark/latency_ms,61.799885
1779793430.046,/benchmark/latency_ms,62.634087
1779793430.093,/benchmark/latency_ms,63.659969
1779793430.140,/benchmark/latency_ms,63.981091
1779793430.184,/benchmark/latency_ms,64.865242
1779793430.230,/benchmark/latency_ms,51.048813
1779793430.277,/benchmark/latency_ms,51.393291
1779793430.321,/benchmark/latency_ms,52.131817
1779793430.367,/benchmark/latency_ms,52.446789
1779793430.413,/benchmark/latency_ms,52.294567
1779793430.458,/benchmark/latency_ms,52.978817
1779793430.504,/benchmark/latency_ms,53.336224
1779793430.549,/benchmark/latency_ms,53.656830
1779793430.610,/benchmark/latency_ms,54.397785
1779793430.640,/benchmark/latency_ms,54.102013
1779793430.685,/benchmark/latency_ms,53.598495
1779793430.730,/benchmark/latency_ms,53.502014
1779793430.778,/benchmark/latency_ms,53.805565
1779793430.833,/benchmark/latency_ms,54.022942
1779793430.878,/benchmark/latency_ms,53.870941
1779793430.914,/benchmark/latency_ms,56.307919
1779793430.965,/benchmark/latency_ms,59.020157
1779793431.010,/benchmark/latency_ms,61.225872
1779793431.057,/benchmark/latency_ms,62.221931
1779793431.104,/benchmark/latency_ms,62.884647
1779793431.149,/benchmark/latency_ms,63.760738
1779793431.197,/benchmark/latency_ms,64.550941
1779793431.241,/benchmark/latency_ms,65.114265
1779793431.287,/benchmark/latency_ms,51.278572
1779793431.333,/benchmark/latency_ms,51.612206
1779793431.379,/benchmark/latency_ms,51.915497
1779793431.424,/benchmark/latency_ms,52.493095
1779793431.471,/benchmark/latency_ms,52.624615
1779793431.514,/benchmark/latency_ms,52.271400
1779793431.572,/benchmark/latency_ms,54.048893
1779793431.607,/benchmark/latency_ms,55.223381
1779793431.666,/benchmark/latency_ms,56.010639
1779793431.712,/benchmark/latency_ms,56.819275
1779793431.746,/benchmark/latency_ms,58.042885
1779793431.792,/benchmark/latency_ms,59.850811
1779793431.841,/benchmark/latency_ms,63.134502
1779793431.887,/benchmark/latency_ms,65.024796
1779793431.934,/benchmark/latency_ms,51.300301
1779793431.980,/benchmark/latency_ms,52.440933
1779793432.040,/benchmark/latency_ms,56.036400
1779793432.077,/benchmark/latency_ms,56.609261
1779793432.125,/benchmark/latency_ms,58.332451
1779793432.170,/benchmark/latency_ms,61.566063
1779793432.217,/benchmark/latency_ms,63.598660
1779793432.264,/benchmark/latency_ms,65.455002
1779793432.312,/benchmark/latency_ms,51.718540
1779793432.359,/benchmark/latency_ms,55.611507
1779793432.405,/benchmark/latency_ms,56.442253
1779793432.454,/benchmark/latency_ms,57.829350
1779793432.501,/benchmark/latency_ms,59.937435
1779793432.545,/benchmark/latency_ms,61.077843
1779793432.605,/benchmark/latency_ms,62.948776
1779793432.638,/benchmark/latency_ms,64.709084
1779793432.686,/benchmark/latency_ms,65.815414
1779793432.731,/benchmark/latency_ms,52.569767
1779793432.780,/benchmark/latency_ms,53.692638
1779793432.823,/benchmark/latency_ms,54.706554
1779793432.872,/benchmark/latency_ms,55.814835
1779793432.915,/benchmark/latency_ms,56.187664
1779793432.964,/benchmark/latency_ms,57.670567
1779793433.008,/benchmark/latency_ms,58.893536
1779793433.059,/benchmark/latency_ms,62.519978
1779793433.104,/benchmark/latency_ms,63.836838
1779793433.150,/benchmark/latency_ms,64.897469
1779793433.197,/benchmark/latency_ms,66.043671
1779793433.244,/benchmark/latency_ms,52.716549
1779793433.290,/benchmark/latency_ms,53.944382
1779793433.340,/benchmark/latency_ms,56.964619
1779793433.387,/benchmark/latency_ms,60.297722
1779793433.431,/benchmark/latency_ms,75.664032
1779793433.479,/benchmark/latency_ms,61.627056
1779793433.523,/benchmark/latency_ms,62.282700
1779793433.571,/benchmark/latency_ms,64.223747
1779793433.619,/benchmark/latency_ms,64.903229
1779793433.663,/benchmark/latency_ms,50.969200
1779793433.709,/benchmark/latency_ms,53.701153
1779793433.755,/benchmark/latency_ms,53.961533
1779793433.801,/benchmark/latency_ms,54.252125
1779793433.846,/benchmark/latency_ms,54.562588
1779793433.894,/benchmark/latency_ms,54.410206
1779793433.937,/benchmark/latency_ms,54.473690
1779793433.982,/benchmark/latency_ms,54.411644
1779793434.029,/benchmark/latency_ms,54.724922
1779793434.073,/benchmark/latency_ms,54.390141
1779793434.118,/benchmark/latency_ms,54.984665
1779793434.166,/benchmark/latency_ms,54.965946
1779793434.211,/benchmark/latency_ms,58.032932
1779793434.260,/benchmark/latency_ms,61.384243
1779793434.306,/benchmark/latency_ms,62.200718
1779793434.353,/benchmark/latency_ms,63.850147
1779793434.411,/benchmark/latency_ms,64.622688
1779793434.444,/benchmark/latency_ms,51.243279
1779793434.490,/benchmark/latency_ms,52.127178
1779793434.538,/benchmark/latency_ms,52.354729
1779793434.586,/benchmark/latency_ms,52.463112
1779793434.626,/benchmark/latency_ms,53.235203
1779793434.672,/benchmark/latency_ms,53.631042
1779793434.729,/benchmark/latency_ms,53.699711
1779793434.763,/benchmark/latency_ms,54.463837
1779793434.811,/benchmark/latency_ms,54.603130
1779793434.854,/benchmark/latency_ms,54.640957
1779793434.911,/benchmark/latency_ms,55.140568
1779793434.945,/benchmark/latency_ms,55.178806
1779793434.990,/benchmark/latency_ms,55.811893
1779793435.049,/benchmark/latency_ms,56.282227
1779793435.083,/benchmark/latency_ms,55.431541
1779793435.126,/benchmark/latency_ms,55.291607
1779793435.172,/benchmark/latency_ms,55.578964
1779793435.219,/benchmark/latency_ms,55.705685
1779793435.265,/benchmark/latency_ms,59.226688
1779793435.312,/benchmark/latency_ms,59.705215
1779793435.357,/benchmark/latency_ms,61.020405
1779793435.404,/benchmark/latency_ms,61.755665
1779793435.462,/benchmark/latency_ms,62.552654
1779793435.495,/benchmark/latency_ms,63.509445
1779793435.555,/benchmark/latency_ms,65.873207
1779793435.588,/benchmark/latency_ms,51.422928
1779793435.635,/benchmark/latency_ms,53.903393
1779793435.681,/benchmark/latency_ms,54.178528
1779793435.728,/benchmark/latency_ms,54.387325
1779793435.772,/benchmark/latency_ms,54.946812
1779793435.819,/benchmark/latency_ms,55.644085
1779793435.861,/benchmark/latency_ms,55.989395
1779793435.907,/benchmark/latency_ms,56.344944
1779793435.953,/benchmark/latency_ms,56.858383
1779793436.000,/benchmark/latency_ms,58.048389
1779793436.045,/benchmark/latency_ms,58.935875
1779793436.103,/benchmark/latency_ms,60.789658
1779793436.137,/benchmark/latency_ms,61.628178
1779793436.196,/benchmark/latency_ms,62.146065
1779793436.229,/benchmark/latency_ms,63.563335
1779793436.290,/benchmark/latency_ms,66.147865
1779793436.325,/benchmark/latency_ms,53.466915
1779793436.370,/benchmark/latency_ms,51.691566
1779793436.417,/benchmark/latency_ms,51.843212
1779793436.462,/benchmark/latency_ms,52.583271
1779793436.523,/benchmark/latency_ms,69.779137
1779793436.560,/benchmark/latency_ms,59.144962
1779793436.608,/benchmark/latency_ms,60.790970
1779793436.653,/benchmark/latency_ms,62.048080
1779793436.702,/benchmark/latency_ms,65.580185
1779793436.749,/benchmark/latency_ms,52.724327
1779793436.796,/benchmark/latency_ms,54.666588
1779793436.844,/benchmark/latency_ms,57.614571
1779793436.891,/benchmark/latency_ms,59.010242
1779793436.939,/benchmark/latency_ms,60.724697
1779793436.985,/benchmark/latency_ms,62.300240
1779793437.032,/benchmark/latency_ms,63.405354
1779793437.083,/benchmark/latency_ms,64.423012
1779793437.124,/benchmark/latency_ms,64.321091
1779793437.172,/benchmark/latency_ms,64.159683
1779793437.218,/benchmark/latency_ms,66.304825
1779793437.265,/benchmark/latency_ms,52.858055
1779793437.312,/benchmark/latency_ms,52.659206
1779793437.368,/benchmark/latency_ms,51.666927
1779793437.415,/benchmark/latency_ms,51.449005
1779793437.448,/benchmark/latency_ms,51.752144
1779793437.493,/benchmark/latency_ms,52.234604
1779793437.540,/benchmark/latency_ms,52.609383
1779793437.599,/benchmark/latency_ms,53.364964
1779793437.642,/benchmark/latency_ms,54.004738
1779793437.678,/benchmark/latency_ms,54.558300
1779793437.721,/benchmark/latency_ms,54.693565
1779793437.769,/benchmark/latency_ms,54.738651
1779793437.812,/benchmark/latency_ms,55.183449
1779793437.860,/benchmark/latency_ms,55.317112
1779793437.903,/benchmark/latency_ms,55.690327
1779793437.951,/benchmark/latency_ms,58.526440
1779793437.998,/benchmark/latency_ms,60.032158
1779793438.046,/benchmark/latency_ms,61.469524
1779793438.091,/benchmark/latency_ms,63.887177
1779793438.139,/benchmark/latency_ms,63.663719
1779793438.195,/benchmark/latency_ms,60.602299
1779793438.227,/benchmark/latency_ms,60.331291
1779793438.274,/benchmark/latency_ms,62.269199
1779793438.321,/benchmark/latency_ms,62.104176
1779793438.364,/benchmark/latency_ms,61.923508
1779793438.423,/benchmark/latency_ms,61.831985
1779793438.468,/benchmark/latency_ms,61.349365
1779793438.501,/benchmark/latency_ms,61.294357
1779793438.547,/benchmark/latency_ms,61.373718
1779793438.592,/benchmark/latency_ms,60.748890
1779793438.637,/benchmark/latency_ms,60.671803
1779793438.685,/benchmark/latency_ms,61.138199
1779793438.728,/benchmark/latency_ms,60.698299
1779793438.774,/benchmark/latency_ms,61.027702
1779793438.819,/benchmark/latency_ms,60.472572
1779793438.864,/benchmark/latency_ms,60.204926
1779793438.910,/benchmark/latency_ms,60.553947
1779793438.957,/benchmark/latency_ms,60.278076
1779793439.002,/benchmark/latency_ms,59.563042
1779793439.046,/benchmark/latency_ms,59.482208
1779793439.092,/benchmark/latency_ms,60.348286
1779793439.137,/benchmark/latency_ms,61.087002
1779793439.182,/benchmark/latency_ms,61.606674
1779793439.226,/benchmark/latency_ms,62.916332
1779793439.277,/benchmark/latency_ms,66.171959
1779793439.327,/benchmark/latency_ms,54.254559
1779793439.370,/benchmark/latency_ms,55.134171
1779793439.415,/benchmark/latency_ms,54.591709
1779793439.461,/benchmark/latency_ms,55.337048
1779793439.507,/benchmark/latency_ms,55.737209
1779793439.552,/benchmark/latency_ms,55.760216
1779793439.598,/benchmark/latency_ms,57.217102
1779793439.644,/benchmark/latency_ms,58.498535
1779793439.691,/benchmark/latency_ms,59.637665
1779793439.738,/benchmark/latency_ms,60.499229
1779793439.782,/benchmark/latency_ms,61.327190
1779793439.827,/benchmark/latency_ms,62.639248
1779793439.873,/benchmark/latency_ms,63.820454
1779793439.932,/benchmark/latency_ms,63.803879
1779793439.965,/benchmark/latency_ms,64.967972
1779793440.024,/benchmark/latency_ms,50.969170
1779793440.059,/benchmark/latency_ms,51.678799
1779793440.105,/benchmark/latency_ms,53.014473
1779793440.148,/benchmark/latency_ms,53.275654
1779793440.196,/benchmark/latency_ms,51.772175
1779793440.252,/benchmark/latency_ms,53.661827
1779793440.286,/benchmark/latency_ms,53.451237
1779793440.342,/benchmark/latency_ms,55.903862
1779793440.375,/benchmark/latency_ms,58.778118
1779793440.421,/benchmark/latency_ms,62.264175
1779793440.479,/benchmark/latency_ms,53.839108
1779793440.526,/benchmark/latency_ms,57.195919
1779793440.573,/benchmark/latency_ms,62.301426
1779793440.604,/benchmark/latency_ms,51.362003
1779793440.648,/benchmark/latency_ms,53.507908
1779793440.695,/benchmark/latency_ms,58.298248
1779793440.740,/benchmark/latency_ms,61.948307
1779793440.787,/benchmark/latency_ms,53.468357
1779793440.831,/benchmark/latency_ms,55.474457
1779793440.876,/benchmark/latency_ms,59.144131
1779793440.923,/benchmark/latency_ms,62.455536
1779793440.966,/benchmark/latency_ms,51.486671
1779793441.013,/benchmark/latency_ms,56.522804
1779793441.058,/benchmark/latency_ms,59.086853
1779793441.116,/benchmark/latency_ms,62.544559
1779793441.160,/benchmark/latency_ms,52.520298
1779793441.192,/benchmark/latency_ms,54.720448
1779793441.237,/benchmark/latency_ms,57.407631
1779793441.281,/benchmark/latency_ms,59.460579
1779793441.337,/benchmark/latency_ms,61.901268
1779793441.371,/benchmark/latency_ms,51.676083
1779793441.416,/benchmark/latency_ms,54.707775
1779793441.460,/benchmark/latency_ms,56.938320
1779793441.506,/benchmark/latency_ms,60.526588
1779793441.550,/benchmark/latency_ms,49.571964
1779793441.597,/benchmark/latency_ms,53.750435
1779793441.641,/benchmark/latency_ms,57.243378
1779793441.699,/benchmark/latency_ms,60.148224
1779793441.730,/benchmark/latency_ms,62.539120
1779793441.774,/benchmark/latency_ms,51.405842
1779793441.819,/benchmark/latency_ms,53.291080
1779793441.863,/benchmark/latency_ms,55.693947
1779793441.908,/benchmark/latency_ms,58.805897
1779793441.953,/benchmark/latency_ms,61.405880
1779793442.011,/benchmark/latency_ms,52.917480
1779793442.046,/benchmark/latency_ms,54.991776
1779793442.089,/benchmark/latency_ms,58.325386
1779793442.136,/benchmark/latency_ms,61.862804
1779793442.181,/benchmark/latency_ms,52.098030
1779793442.227,/benchmark/latency_ms,58.098827
1779793442.272,/benchmark/latency_ms,61.025658
1779793442.319,/benchmark/latency_ms,52.080879
1779793442.364,/benchmark/latency_ms,54.820637
1779793442.409,/benchmark/latency_ms,58.178474
1779793442.455,/benchmark/latency_ms,61.287704
1779793442.504,/benchmark/latency_ms,53.312168
1779793442.549,/benchmark/latency_ms,56.522678
1779793442.592,/benchmark/latency_ms,59.987007
1779793442.640,/benchmark/latency_ms,63.567978
1779793442.682,/benchmark/latency_ms,52.164528
1779793442.729,/benchmark/latency_ms,54.461185
1779793442.773,/benchmark/latency_ms,57.564335
1779793442.817,/benchmark/latency_ms,60.820251
1779793442.877,/benchmark/latency_ms,51.233109
1779793442.908,/benchmark/latency_ms,53.980389
1779793442.954,/benchmark/latency_ms,56.923283
1779793443.010,/benchmark/latency_ms,60.775547
1779793443.045,/benchmark/latency_ms,51.626450
1779793443.089,/benchmark/latency_ms,54.001637
1779793443.135,/benchmark/latency_ms,57.150707
1779793443.181,/benchmark/latency_ms,62.208019
1779793443.226,/benchmark/latency_ms,51.430641
1779793443.269,/benchmark/latency_ms,53.397480
1779793443.318,/benchmark/latency_ms,59.151463
1779793443.361,/benchmark/latency_ms,62.679443
1779793443.408,/benchmark/latency_ms,53.344746
1779793443.452,/benchmark/latency_ms,55.998295
1779793443.500,/benchmark/latency_ms,59.374435
1779793443.547,/benchmark/latency_ms,64.887299
1779793443.594,/benchmark/latency_ms,56.142326
1779793443.638,/benchmark/latency_ms,60.173218
1779793443.684,/benchmark/latency_ms,63.238190
1779793443.727,/benchmark/latency_ms,51.912849
1779793443.772,/benchmark/latency_ms,54.704609
1779793443.817,/benchmark/latency_ms,57.819344
1779793443.874,/benchmark/latency_ms,60.887676
1779793443.909,/benchmark/latency_ms,52.135822
1779793443.954,/benchmark/latency_ms,54.469666
1779793443.999,/benchmark/latency_ms,57.799343
1779793444.046,/benchmark/latency_ms,61.413658
1779793444.090,/benchmark/latency_ms,51.752850
1779793444.134,/benchmark/latency_ms,53.833988
1779793444.181,/benchmark/latency_ms,56.948658
1779793444.223,/benchmark/latency_ms,59.833572
1779793444.281,/benchmark/latency_ms,62.404179
1779793444.313,/benchmark/latency_ms,52.109200
1779793444.369,/benchmark/latency_ms,54.390404
1779793444.403,/benchmark/latency_ms,57.284241
1779793444.449,/benchmark/latency_ms,60.172131
1779793444.493,/benchmark/latency_ms,63.580074
1779793444.536,/benchmark/latency_ms,52.255981
1779793444.580,/benchmark/latency_ms,54.817886
1779793444.625,/benchmark/latency_ms,57.366001
1779793444.670,/benchmark/latency_ms,60.532639
1779793444.715,/benchmark/latency_ms,63.127567
1779793444.763,/benchmark/latency_ms,53.445190
1779793444.817,/benchmark/latency_ms,56.302521
1779793444.851,/benchmark/latency_ms,58.974472
1779793444.898,/benchmark/latency_ms,64.321289
1779793444.943,/benchmark/latency_ms,54.306915
1779793444.988,/benchmark/latency_ms,57.446415
1779793445.034,/benchmark/latency_ms,60.666237
1779793445.082,/benchmark/latency_ms,51.695827
1779793445.124,/benchmark/latency_ms,53.953381
1779793445.169,/benchmark/latency_ms,56.773045
1779793445.214,/benchmark/latency_ms,60.152931
1779793445.260,/benchmark/latency_ms,62.877522
1779793445.304,/benchmark/latency_ms,51.721203
1779793445.348,/benchmark/latency_ms,53.932037
1779793445.393,/benchmark/latency_ms,56.586613
1779793445.438,/benchmark/latency_ms,59.244648
1779793445.483,/benchmark/latency_ms,62.244884
1779793445.531,/benchmark/latency_ms,52.243469
1779793445.576,/benchmark/latency_ms,54.827232
1779793445.619,/benchmark/latency_ms,56.950932
1779793445.664,/benchmark/latency_ms,59.920357
1779793445.710,/benchmark/latency_ms,62.717842
1779793445.755,/benchmark/latency_ms,53.559399
1779793445.802,/benchmark/latency_ms,56.012760
1779793445.849,/benchmark/latency_ms,61.019867
1779793445.892,/benchmark/latency_ms,63.477806
1779793445.937,/benchmark/latency_ms,52.328716
1779793445.981,/benchmark/latency_ms,54.702881
1779793446.027,/benchmark/latency_ms,57.797264
1779793446.071,/benchmark/latency_ms,60.871838
1779793446.119,/benchmark/latency_ms,51.468628
1779793446.162,/benchmark/latency_ms,53.926502
1779793446.207,/benchmark/latency_ms,57.497776
1779793446.263,/benchmark/latency_ms,60.556866
1779793446.297,/benchmark/latency_ms,63.374317
1779793446.342,/benchmark/latency_ms,52.178127
1779793446.386,/benchmark/latency_ms,54.573380
1779793446.431,/benchmark/latency_ms,57.191345
1779793446.488,/benchmark/latency_ms,58.423946
1779793446.519,/benchmark/latency_ms,74.029327
1779793446.563,/benchmark/latency_ms,62.026901
1779793446.622,/benchmark/latency_ms,51.296406
1779793446.656,/benchmark/latency_ms,56.768181
1779793446.703,/benchmark/latency_ms,62.089527
1779793446.748,/benchmark/latency_ms,51.251316
1779793446.792,/benchmark/latency_ms,53.893608
1779793446.852,/benchmark/latency_ms,58.968105
1779793446.884,/benchmark/latency_ms,62.192020
1779793446.932,/benchmark/latency_ms,53.129257
1779793446.979,/benchmark/latency_ms,57.991440
1779793447.025,/benchmark/latency_ms,62.795219
1779793447.076,/benchmark/latency_ms,54.014149
1779793447.118,/benchmark/latency_ms,55.626171
1779793447.173,/benchmark/latency_ms,57.272053
1779793447.207,/benchmark/latency_ms,59.145706
1779793447.263,/benchmark/latency_ms,60.629951
1779793447.294,/benchmark/latency_ms,62.300823
1779793447.340,/benchmark/latency_ms,51.547604
1779793447.384,/benchmark/latency_ms,52.677773
1779793447.428,/benchmark/latency_ms,54.110275
1779793447.473,/benchmark/latency_ms,56.630325
1779793447.518,/benchmark/latency_ms,59.511684
1779793447.563,/benchmark/latency_ms,62.254742
1779793447.610,/benchmark/latency_ms,53.126221
1779793447.668,/benchmark/latency_ms,55.807133
1779793447.700,/benchmark/latency_ms,59.127495
1779793447.748,/benchmark/latency_ms,62.530293
1779793447.804,/benchmark/latency_ms,53.683720
1779793447.849,/benchmark/latency_ms,57.161972
1779793447.885,/benchmark/latency_ms,60.139683
1779793447.928,/benchmark/latency_ms,63.167027
1779793447.974,/benchmark/latency_ms,53.830025
1779793448.020,/benchmark/latency_ms,57.093716
1779793448.065,/benchmark/latency_ms,60.205189
1779793448.112,/benchmark/latency_ms,51.251575
1779793448.156,/benchmark/latency_ms,54.101734
1779793448.201,/benchmark/latency_ms,56.561047
1779793448.246,/benchmark/latency_ms,59.592232
1779793448.292,/benchmark/latency_ms,62.845299
1779793448.341,/benchmark/latency_ms,54.704323
1779793448.396,/benchmark/latency_ms,57.902992
1779793448.428,/benchmark/latency_ms,60.608639
1779793448.475,/benchmark/latency_ms,52.222034
1779793448.521,/benchmark/latency_ms,54.929859
1779793448.566,/benchmark/latency_ms,58.081264
1779793448.613,/benchmark/latency_ms,61.895226
1779793448.659,/benchmark/latency_ms,51.662003
1779793448.702,/benchmark/latency_ms,54.222855
1779793448.747,/benchmark/latency_ms,57.343540
1779793448.794,/benchmark/latency_ms,60.656513
1779793448.837,/benchmark/latency_ms,63.455215
1779793448.884,/benchmark/latency_ms,54.976643
1779793448.929,/benchmark/latency_ms,58.014481
1779793448.974,/benchmark/latency_ms,61.092735
1779793449.020,/benchmark/latency_ms,50.839191
1779793449.067,/benchmark/latency_ms,53.374027
1779793449.109,/benchmark/latency_ms,56.163994
1779793449.155,/benchmark/latency_ms,59.814854
1779793449.202,/benchmark/latency_ms,62.446548
1779793449.245,/benchmark/latency_ms,53.101101
1779793449.293,/benchmark/latency_ms,57.395603
1779793449.338,/benchmark/latency_ms,60.456867
1779793449.384,/benchmark/latency_ms,51.325912
1779793449.430,/benchmark/latency_ms,53.351372
1779793449.484,/benchmark/latency_ms,55.962234
1779793449.518,/benchmark/latency_ms,59.356010
1779793449.563,/benchmark/latency_ms,62.172535
1779793449.611,/benchmark/latency_ms,54.398182
1779793449.666,/benchmark/latency_ms,55.444992
1779793449.700,/benchmark/latency_ms,58.661423
1779793449.747,/benchmark/latency_ms,62.113018
1779793449.794,/benchmark/latency_ms,52.720558
1779793449.838,/benchmark/latency_ms,58.055664
1779793449.884,/benchmark/latency_ms,60.937279
1779793449.930,/benchmark/latency_ms,51.409687
1779793449.975,/benchmark/latency_ms,53.988167
1779793450.033,/benchmark/latency_ms,57.825649
1779793450.077,/benchmark/latency_ms,60.890369
1779793450.114,/benchmark/latency_ms,52.101940
1779793450.156,/benchmark/latency_ms,54.714371
1779793450.202,/benchmark/latency_ms,58.493069
1779793450.249,/benchmark/latency_ms,61.956059
1779793450.293,/benchmark/latency_ms,52.445938
1779793450.340,/benchmark/latency_ms,55.346977
1779793450.385,/benchmark/latency_ms,59.664616
1779793450.432,/benchmark/latency_ms,63.193909
1779793450.476,/benchmark/latency_ms,53.480717
1779793450.521,/benchmark/latency_ms,56.872917
1779793450.567,/benchmark/latency_ms,60.773983
1779793450.613,/benchmark/latency_ms,64.706635
1779793450.658,/benchmark/latency_ms,53.516586
1779793450.704,/benchmark/latency_ms,56.829273
1779793450.750,/benchmark/latency_ms,61.046238
1779793450.795,/benchmark/latency_ms,64.255081
1779793450.842,/benchmark/latency_ms,55.686398
1779793450.902,/benchmark/latency_ms,59.135273
1779793450.936,/benchmark/latency_ms,63.052467
1779793450.981,/benchmark/latency_ms,54.612869
1779793451.028,/benchmark/latency_ms,58.333935
1779793451.073,/benchmark/latency_ms,62.308987
1779793451.120,/benchmark/latency_ms,53.279629
1779793451.166,/benchmark/latency_ms,56.972855
1779793451.214,/benchmark/latency_ms,60.858849
1779793451.260,/benchmark/latency_ms,53.429325
1779793451.306,/benchmark/latency_ms,56.656441
1779793451.354,/benchmark/latency_ms,60.572674
1779793451.411,/benchmark/latency_ms,64.495338
1779793451.442,/benchmark/latency_ms,52.974796
1779793451.487,/benchmark/latency_ms,55.596447
1779793451.533,/benchmark/latency_ms,58.833290
1779793451.581,/benchmark/latency_ms,62.024796
1779793451.626,/benchmark/latency_ms,64.062767
1779793451.668,/benchmark/latency_ms,51.409878
1779793451.715,/benchmark/latency_ms,55.709824
1779793451.763,/benchmark/latency_ms,60.218277
1779793451.808,/benchmark/latency_ms,62.101273
1779793451.854,/benchmark/latency_ms,63.608593
1779793451.909,/benchmark/latency_ms,51.026745
1779793451.942,/benchmark/latency_ms,53.857162
1779793452.003,/benchmark/latency_ms,69.950027
1779793452.060,/benchmark/latency_ms,68.505783
1779793452.117,/benchmark/latency_ms,68.307060
1779793452.180,/benchmark/latency_ms,63.394291
1779793452.238,/benchmark/latency_ms,62.135773
1779793452.279,/benchmark/latency_ms,72.498528
1779793452.332,/benchmark/latency_ms,69.703598
1779793452.400,/benchmark/latency_ms,67.987190
1779793452.445,/benchmark/latency_ms,66.820061
1779793452.512,/benchmark/latency_ms,64.855080
1779793452.556,/benchmark/latency_ms,62.299580
1779793452.609,/benchmark/latency_ms,72.149506
1779793452.661,/benchmark/latency_ms,69.218353
1779793452.719,/benchmark/latency_ms,69.243279
1779793452.774,/benchmark/latency_ms,62.543705
1779793452.838,/benchmark/latency_ms,65.128456
1779793452.878,/benchmark/latency_ms,67.777145
1779793452.929,/benchmark/latency_ms,58.324017
1779793452.980,/benchmark/latency_ms,60.815105
1779793453.029,/benchmark/latency_ms,63.283829
1779793453.085,/benchmark/latency_ms,66.643646
1779793453.135,/benchmark/latency_ms,58.709328
1779793453.187,/benchmark/latency_ms,60.727173
1779793453.238,/benchmark/latency_ms,63.188438
1779793453.299,/benchmark/latency_ms,66.330627
1779793453.340,/benchmark/latency_ms,59.030636
1779793453.395,/benchmark/latency_ms,61.656639
1779793453.447,/benchmark/latency_ms,66.543198
1779793453.498,/benchmark/latency_ms,56.418972
1779793453.547,/benchmark/latency_ms,59.507530
1779793453.602,/benchmark/latency_ms,64.080627
1779793453.655,/benchmark/latency_ms,67.056091
1779793453.705,/benchmark/latency_ms,56.812729
1779793453.757,/benchmark/latency_ms,60.138309
1779793453.806,/benchmark/latency_ms,62.243160
1779793453.857,/benchmark/latency_ms,65.047623
1779793453.908,/benchmark/latency_ms,55.816063
1779793453.962,/benchmark/latency_ms,61.015488
1779793454.014,/benchmark/latency_ms,63.659538
1779793454.067,/benchmark/latency_ms,66.608063
1779793454.117,/benchmark/latency_ms,58.646866
1779793454.171,/benchmark/latency_ms,63.447220
1779793454.224,/benchmark/latency_ms,66.445763
1779793454.273,/benchmark/latency_ms,56.423805
1779793454.324,/benchmark/latency_ms,58.082451
1779793454.378,/benchmark/latency_ms,60.096840
1779793454.429,/benchmark/latency_ms,62.631351
1779793454.476,/benchmark/latency_ms,60.562279
1779793454.526,/benchmark/latency_ms,62.402588
1779793454.577,/benchmark/latency_ms,63.598610
1779793454.627,/benchmark/latency_ms,65.242889
1779793454.691,/benchmark/latency_ms,67.007393
1779793454.725,/benchmark/latency_ms,53.078224
1779793454.780,/benchmark/latency_ms,69.165810
1779793454.829,/benchmark/latency_ms,58.389202
1779793454.883,/benchmark/latency_ms,74.083382
1779793454.932,/benchmark/latency_ms,62.041885
1779793454.997,/benchmark/latency_ms,65.358055
1779793455.035,/benchmark/latency_ms,67.137444
1779793455.090,/benchmark/latency_ms,58.619473
1779793455.154,/benchmark/latency_ms,62.949753
1779793455.195,/benchmark/latency_ms,66.633156
1779793455.247,/benchmark/latency_ms,56.090782
1779793455.311,/benchmark/latency_ms,58.888496
1779793455.363,/benchmark/latency_ms,62.957367
1779793455.404,/benchmark/latency_ms,64.754379
1779793455.456,/benchmark/latency_ms,67.033279
1779793455.507,/benchmark/latency_ms,68.172890
1779793455.558,/benchmark/latency_ms,58.502735
1779793455.609,/benchmark/latency_ms,61.310623
1779793455.663,/benchmark/latency_ms,63.821842
1779793455.714,/benchmark/latency_ms,65.520714
1779793455.764,/benchmark/latency_ms,67.340668
1779793455.818,/benchmark/latency_ms,59.316814
1779793455.870,/benchmark/latency_ms,62.524506
1779793455.922,/benchmark/latency_ms,64.780685
1779793455.975,/benchmark/latency_ms,65.990952
1779793456.027,/benchmark/latency_ms,67.999901
1779793456.072,/benchmark/latency_ms,53.423439
1779793456.122,/benchmark/latency_ms,68.158173
1779793456.173,/benchmark/latency_ms,57.172344
1779793456.226,/benchmark/latency_ms,60.798115
1779793456.293,/benchmark/latency_ms,65.675690
1779793456.335,/benchmark/latency_ms,68.367165
1779793456.383,/benchmark/latency_ms,57.574841
1779793456.436,/benchmark/latency_ms,58.518032
1779793456.483,/benchmark/latency_ms,60.960293
1779793456.532,/benchmark/latency_ms,57.433048
1779793456.584,/benchmark/latency_ms,61.051460
1779793456.637,/benchmark/latency_ms,64.747055
1779793456.690,/benchmark/latency_ms,67.597954
1779793456.742,/benchmark/latency_ms,58.965679
1779793456.806,/benchmark/latency_ms,62.129822
1779793456.847,/benchmark/latency_ms,66.577187
1779793456.901,/benchmark/latency_ms,56.833214
1779793456.953,/benchmark/latency_ms,61.724159
1779793457.002,/benchmark/latency_ms,61.481281
1779793457.064,/benchmark/latency_ms,65.183182
1779793457.103,/benchmark/latency_ms,67.410500
1779793457.156,/benchmark/latency_ms,58.237877
1779793457.208,/benchmark/latency_ms,62.349148
1779793457.262,/benchmark/latency_ms,66.056458
1779793457.315,/benchmark/latency_ms,58.213779
1779793457.366,/benchmark/latency_ms,61.044994
1779793457.417,/benchmark/latency_ms,65.452873
1779793457.470,/benchmark/latency_ms,66.700645
1779793457.520,/benchmark/latency_ms,57.040413
1779793457.571,/benchmark/latency_ms,59.490253
1779793457.626,/benchmark/latency_ms,63.677910
1779793457.667,/benchmark/latency_ms,57.963989
1779793457.719,/benchmark/latency_ms,60.419369
1779793457.774,/benchmark/latency_ms,63.132439
1779793457.820,/benchmark/latency_ms,65.089806
1779793457.886,/benchmark/latency_ms,67.340706
1779793457.924,/benchmark/latency_ms,58.410355
1779793457.981,/benchmark/latency_ms,62.755291
1779793458.033,/benchmark/latency_ms,66.899681
1779793458.087,/benchmark/latency_ms,57.501976
1779793458.135,/benchmark/latency_ms,59.174641
1779793458.187,/benchmark/latency_ms,63.323574
1779793458.236,/benchmark/latency_ms,65.994987
1779793458.291,/benchmark/latency_ms,58.360210
1779793458.346,/benchmark/latency_ms,62.506172
1779793458.396,/benchmark/latency_ms,66.476006
1779793458.450,/benchmark/latency_ms,58.530869
1779793458.505,/benchmark/latency_ms,62.508827
1779793458.554,/benchmark/latency_ms,65.285896
1779793458.613,/benchmark/latency_ms,72.036324
1779793458.665,/benchmark/latency_ms,64.075989
1779793458.730,/benchmark/latency_ms,65.391914
1779793458.769,/benchmark/latency_ms,55.955360
1779793458.815,/benchmark/latency_ms,55.239685
1779793458.867,/benchmark/latency_ms,57.761909
1779793458.920,/benchmark/latency_ms,60.591591
1779793458.972,/benchmark/latency_ms,65.064911
1779793459.025,/benchmark/latency_ms,67.250526
1779793459.077,/benchmark/latency_ms,58.855186
1779793459.129,/benchmark/latency_ms,63.409592
1779793459.182,/benchmark/latency_ms,68.158302
1779793459.236,/benchmark/latency_ms,57.795254
1779793459.287,/benchmark/latency_ms,61.220581
1779793459.341,/benchmark/latency_ms,66.367561
1779793459.394,/benchmark/latency_ms,57.874840
1779793459.447,/benchmark/latency_ms,60.464680
1779793459.499,/benchmark/latency_ms,61.675266
1779793459.547,/benchmark/latency_ms,64.199318
1779793459.599,/benchmark/latency_ms,67.238724
1779793459.651,/benchmark/latency_ms,57.195290
1779793459.704,/benchmark/latency_ms,61.254978
1779793459.757,/benchmark/latency_ms,65.527275
1779793459.808,/benchmark/latency_ms,67.686401
1779793459.862,/benchmark/latency_ms,58.984818
1779793459.915,/benchmark/latency_ms,63.521622
1779793459.970,/benchmark/latency_ms,65.653198
1779793460.020,/benchmark/latency_ms,67.481567
1779793460.072,/benchmark/latency_ms,58.539413
1779793460.127,/benchmark/latency_ms,63.151962
1779793460.175,/benchmark/latency_ms,62.247166
1779793460.227,/benchmark/latency_ms,64.961136
1779793460.281,/benchmark/latency_ms,67.944702
1779793460.330,/benchmark/latency_ms,57.694458
1779793460.383,/benchmark/latency_ms,61.946560
1779793460.435,/benchmark/latency_ms,65.526634
1779793460.488,/benchmark/latency_ms,67.026535
1779793460.542,/benchmark/latency_ms,56.245377
1779793460.593,/benchmark/latency_ms,60.509800
1779793460.640,/benchmark/latency_ms,60.380363
1779793460.693,/benchmark/latency_ms,61.909473
1779793460.746,/benchmark/latency_ms,65.778442
1779793460.796,/benchmark/latency_ms,67.990242
1779793460.849,/benchmark/latency_ms,59.625549
1779793460.903,/benchmark/latency_ms,62.113663
1779793460.954,/benchmark/latency_ms,65.570732
1779793461.008,/benchmark/latency_ms,67.617760
1779793461.056,/benchmark/latency_ms,57.026173
1779793461.108,/benchmark/latency_ms,60.048203
1779793461.162,/benchmark/latency_ms,61.847298
1779793461.212,/benchmark/latency_ms,63.903156
1779793461.263,/benchmark/latency_ms,65.984169
1779793461.316,/benchmark/latency_ms,54.503372
1779793461.365,/benchmark/latency_ms,58.115479
1779793461.418,/benchmark/latency_ms,60.052364
1779793461.469,/benchmark/latency_ms,64.194290
1779793461.523,/benchmark/latency_ms,68.816055
1779793461.578,/benchmark/latency_ms,59.686127
1779793461.629,/benchmark/latency_ms,64.455795
1779793461.681,/benchmark/latency_ms,66.929314
1779793461.733,/benchmark/latency_ms,57.313213
1779793461.777,/benchmark/latency_ms,52.488598
1779793461.827,/benchmark/latency_ms,65.982094
1779793461.876,/benchmark/latency_ms,56.152225
1779793461.929,/benchmark/latency_ms,60.913609
1779793461.985,/benchmark/latency_ms,65.702927
1779793462.035,/benchmark/latency_ms,56.509823
1779793462.086,/benchmark/latency_ms,59.512878
1779793462.151,/benchmark/latency_ms,63.553497
1779793462.193,/benchmark/latency_ms,66.799141
1779793462.234,/benchmark/latency_ms,49.533031
1779793462.285,/benchmark/latency_ms,63.282810
1779793462.339,/benchmark/latency_ms,66.362633
1779793462.392,/benchmark/latency_ms,56.476482
1779793462.441,/benchmark/latency_ms,58.143513
1779793462.494,/benchmark/latency_ms,61.062855
1779793462.548,/benchmark/latency_ms,64.311157
1779793462.598,/benchmark/latency_ms,66.477318
1779793462.652,/benchmark/latency_ms,56.307457
1779793462.698,/benchmark/latency_ms,54.076077
1779793462.747,/benchmark/latency_ms,57.044094
1779793462.802,/benchmark/latency_ms,58.332661
1779793462.850,/benchmark/latency_ms,60.255116
1779793462.902,/benchmark/latency_ms,62.325760
1779793462.951,/benchmark/latency_ms,63.048187
1779793463.003,/benchmark/latency_ms,64.774612
1779793463.056,/benchmark/latency_ms,66.432167
1779793463.108,/benchmark/latency_ms,58.373432
1779793463.167,/benchmark/latency_ms,58.005402
1779793463.209,/benchmark/latency_ms,61.211208
1779793463.258,/benchmark/latency_ms,62.954685
1779793463.310,/benchmark/latency_ms,64.935310
1779793463.361,/benchmark/latency_ms,67.480354
1779793463.413,/benchmark/latency_ms,58.798260
1779793463.466,/benchmark/latency_ms,60.882633
1779793463.532,/benchmark/latency_ms,64.461105
1779793463.570,/benchmark/latency_ms,66.926628
1779793463.618,/benchmark/latency_ms,53.552402
1779793463.671,/benchmark/latency_ms,57.101471
1779793463.721,/benchmark/latency_ms,57.734970
1779793463.774,/benchmark/latency_ms,60.052975
1779793463.826,/benchmark/latency_ms,63.834167
1779793463.880,/benchmark/latency_ms,67.159912
1779793463.934,/benchmark/latency_ms,57.148224
1779793463.983,/benchmark/latency_ms,58.707989
1779793464.036,/benchmark/latency_ms,62.993053
1779793464.082,/benchmark/latency_ms,60.442699
1779793464.135,/benchmark/latency_ms,64.432274
1779793464.187,/benchmark/latency_ms,68.065918
1779793464.241,/benchmark/latency_ms,60.314571
1779793464.296,/benchmark/latency_ms,64.281494
1779793464.349,/benchmark/latency_ms,67.232773
1779793464.398,/benchmark/latency_ms,56.369442
1779793464.449,/benchmark/latency_ms,58.062904
1779793464.504,/benchmark/latency_ms,63.729015
1779793464.556,/benchmark/latency_ms,64.400116
1779793464.607,/benchmark/latency_ms,65.827278
1779793464.659,/benchmark/latency_ms,69.204826
1779793464.713,/benchmark/latency_ms,97.457214
1779793464.766,/benchmark/latency_ms,59.735825
1779793464.816,/benchmark/latency_ms,60.565002
1779793464.864,/benchmark/latency_ms,62.056484
1779793464.926,/benchmark/latency_ms,63.071899
1779793464.968,/benchmark/latency_ms,65.678383
1779793465.014,/benchmark/latency_ms,63.320061
1779793465.069,/benchmark/latency_ms,65.696045
1779793465.120,/benchmark/latency_ms,66.438568
1779793465.172,/benchmark/latency_ms,81.161179
1779793465.223,/benchmark/latency_ms,58.480217
1779793465.273,/benchmark/latency_ms,60.120045
1779793465.326,/benchmark/latency_ms,61.381607
1779793465.376,/benchmark/latency_ms,63.265629
1779793465.425,/benchmark/latency_ms,65.874924
1779793465.475,/benchmark/latency_ms,54.550285
1779793465.526,/benchmark/latency_ms,56.326115
1779793465.581,/benchmark/latency_ms,57.748569
1779793465.628,/benchmark/latency_ms,59.510483
1779793465.683,/benchmark/latency_ms,61.671619
1779793465.734,/benchmark/latency_ms,65.825745
1779793465.788,/benchmark/latency_ms,67.862564
1779793465.835,/benchmark/latency_ms,56.702499
1779793465.889,/benchmark/latency_ms,60.944714
1779793465.938,/benchmark/latency_ms,60.473869
1779793465.990,/benchmark/latency_ms,62.294403
1779793466.039,/benchmark/latency_ms,63.661179
1779793466.103,/benchmark/latency_ms,64.867416
1779793466.155,/benchmark/latency_ms,66.831596
1779793466.195,/benchmark/latency_ms,55.729351
1779793466.249,/benchmark/latency_ms,71.590225
1779793466.300,/benchmark/latency_ms,62.645664
1779793466.351,/benchmark/latency_ms,64.514328
1779793466.400,/benchmark/latency_ms,62.763969
1779793466.453,/benchmark/latency_ms,66.088112
1779793466.502,/benchmark/latency_ms,79.737572
1779793466.556,/benchmark/latency_ms,56.815556
1779793466.606,/benchmark/latency_ms,57.803707
1779793466.660,/benchmark/latency_ms,58.338394
1779793466.707,/benchmark/latency_ms,57.683643
1779793466.760,/benchmark/latency_ms,57.921276
1779793466.823,/benchmark/latency_ms,58.424728
1779793466.864,/benchmark/latency_ms,58.519001
1779793466.913,/benchmark/latency_ms,59.116852
1779793466.963,/benchmark/latency_ms,59.165237
1779793467.016,/benchmark/latency_ms,59.762707
1779793467.068,/benchmark/latency_ms,62.962528
1779793467.126,/benchmark/latency_ms,68.536194
1779793467.177,/benchmark/latency_ms,59.262035
1779793467.232,/benchmark/latency_ms,63.084190
1779793467.282,/benchmark/latency_ms,67.625130
1779793467.335,/benchmark/latency_ms,58.091164
1779793467.387,/benchmark/latency_ms,59.129044
1779793467.439,/benchmark/latency_ms,63.317116
1779793467.492,/benchmark/latency_ms,67.093765
1779793467.538,/benchmark/latency_ms,51.642208
1779793467.586,/benchmark/latency_ms,64.547707
1779793467.640,/benchmark/latency_ms,78.099854
1779793467.693,/benchmark/latency_ms,67.097321
1779793467.740,/benchmark/latency_ms,57.194496
1779793467.790,/benchmark/latency_ms,55.430283
1779793467.841,/benchmark/latency_ms,57.130718
1779793467.892,/benchmark/latency_ms,58.915092
1779793467.946,/benchmark/latency_ms,61.485863
1779793467.995,/benchmark/latency_ms,63.826012
1779793468.048,/benchmark/latency_ms,66.423180
1779793468.107,/benchmark/latency_ms,67.273544
1779793468.160,/benchmark/latency_ms,57.053089
1779793468.202,/benchmark/latency_ms,61.626438
1779793468.251,/benchmark/latency_ms,60.999050
1779793468.305,/benchmark/latency_ms,62.940224
1779793468.364,/benchmark/latency_ms,65.046768
1779793468.403,/benchmark/latency_ms,66.714828
1779793468.457,/benchmark/latency_ms,58.678936
1779793468.510,/benchmark/latency_ms,62.293987
1779793468.566,/benchmark/latency_ms,65.537071
1779793468.617,/benchmark/latency_ms,68.075714
1779793468.670,/benchmark/latency_ms,58.980824
1779793468.721,/benchmark/latency_ms,60.291183
1779793468.774,/benchmark/latency_ms,63.539902
1779793468.824,/benchmark/latency_ms,65.836403
1779793468.876,/benchmark/latency_ms,67.010185
1779793468.929,/benchmark/latency_ms,57.859550
1779793468.981,/benchmark/latency_ms,61.932163
1779793469.031,/benchmark/latency_ms,62.790691
1779793469.083,/benchmark/latency_ms,76.987091
1779793469.135,/benchmark/latency_ms,67.496803
1779793469.182,/benchmark/latency_ms,53.963219
1779793469.235,/benchmark/latency_ms,68.049728
1779793469.283,/benchmark/latency_ms,57.224064
1779793469.334,/benchmark/latency_ms,59.039448
1779793469.387,/benchmark/latency_ms,61.290443
1779793469.437,/benchmark/latency_ms,63.805660
1779793469.492,/benchmark/latency_ms,65.106583
1779793469.544,/benchmark/latency_ms,81.025017
1779793469.593,/benchmark/latency_ms,57.914719
1779793469.647,/benchmark/latency_ms,58.570522
1779793469.706,/benchmark/latency_ms,59.320534
1779793469.748,/benchmark/latency_ms,62.752098
1779793469.802,/benchmark/latency_ms,66.845482
1779793469.853,/benchmark/latency_ms,55.884232
1779793469.905,/benchmark/latency_ms,58.808697
1779793469.960,/benchmark/latency_ms,61.662247
1779793470.009,/benchmark/latency_ms,63.632061
1779793470.062,/benchmark/latency_ms,66.460587
1779793470.110,/benchmark/latency_ms,53.384758
1779793470.161,/benchmark/latency_ms,67.303848
1779793470.211,/benchmark/latency_ms,55.033421
1779793470.264,/benchmark/latency_ms,58.536026
1779793470.318,/benchmark/latency_ms,60.902733
1779793470.364,/benchmark/latency_ms,62.826401
1779793470.418,/benchmark/latency_ms,64.312408
1779793470.467,/benchmark/latency_ms,65.535919
1779793470.519,/benchmark/latency_ms,67.845222
1779793470.568,/benchmark/latency_ms,56.308422
1779793470.619,/benchmark/latency_ms,58.144859
1779793470.672,/benchmark/latency_ms,59.717587
1779793470.725,/benchmark/latency_ms,63.996891
1779793470.777,/benchmark/latency_ms,68.256676
1779793470.830,/benchmark/latency_ms,57.975998
1779793470.879,/benchmark/latency_ms,59.974579
1779793470.932,/benchmark/latency_ms,63.789436
1779793470.985,/benchmark/latency_ms,67.860229
1779793471.044,/benchmark/latency_ms,53.292889
1779793471.087,/benchmark/latency_ms,67.423241
1779793471.137,/benchmark/latency_ms,56.279400
1779793471.189,/benchmark/latency_ms,60.648945
1779793471.244,/benchmark/latency_ms,64.374557
1779793471.298,/benchmark/latency_ms,67.160622
1779793471.345,/benchmark/latency_ms,81.085312
1779793471.397,/benchmark/latency_ms,58.100830
1779793471.447,/benchmark/latency_ms,58.841816
1779793471.496,/benchmark/latency_ms,59.175545
1779793471.548,/benchmark/latency_ms,60.862061
1779793471.600,/benchmark/latency_ms,62.461956
1779793471.652,/benchmark/latency_ms,66.438766
1779793471.707,/benchmark/latency_ms,57.226402
1779793471.767,/benchmark/latency_ms,59.969746
1779793471.809,/benchmark/latency_ms,63.206432
1779793471.864,/benchmark/latency_ms,67.236969
1779793471.915,/benchmark/latency_ms,56.832966
1779793471.974,/benchmark/latency_ms,56.861092
1779793472.015,/benchmark/latency_ms,59.026711
1779793472.068,/benchmark/latency_ms,60.732178
1779793472.119,/benchmark/latency_ms,65.542488
1779793472.172,/benchmark/latency_ms,57.474880
1779793472.227,/benchmark/latency_ms,61.951721
1779793472.278,/benchmark/latency_ms,63.643646
1779793472.332,/benchmark/latency_ms,65.588791
1779793472.381,/benchmark/latency_ms,68.047363
1779793472.431,/benchmark/latency_ms,56.821766
1779793472.484,/benchmark/latency_ms,59.220825
1779793472.535,/benchmark/latency_ms,63.044704
1779793472.588,/benchmark/latency_ms,65.401939
1779793472.637,/benchmark/latency_ms,55.363724
1779793472.689,/benchmark/latency_ms,58.900059
1779793472.742,/benchmark/latency_ms,62.204582
1779793472.794,/benchmark/latency_ms,64.321022
1779793472.848,/benchmark/latency_ms,66.964554
1779793472.897,/benchmark/latency_ms,57.000450
1779793472.948,/benchmark/latency_ms,59.042969
1779793473.000,/benchmark/latency_ms,61.040974
1779793473.054,/benchmark/latency_ms,63.204323
1779793473.103,/benchmark/latency_ms,65.335030
1779793473.152,/benchmark/latency_ms,66.439468
1779793473.207,/benchmark/latency_ms,57.548481
1779793473.260,/benchmark/latency_ms,59.514839
1779793473.309,/benchmark/latency_ms,63.653439
1779793473.358,/benchmark/latency_ms,62.360710
1779793473.409,/benchmark/latency_ms,63.717152
1779793473.474,/benchmark/latency_ms,65.644981
1779793473.511,/benchmark/latency_ms,67.100426
1779793473.563,/benchmark/latency_ms,57.377281
1779793473.616,/benchmark/latency_ms,59.855286
1779793473.666,/benchmark/latency_ms,61.833992
1779793473.717,/benchmark/latency_ms,63.711807
1779793473.768,/benchmark/latency_ms,66.302383
1779793473.813,/benchmark/latency_ms,50.722534
1779793473.865,/benchmark/latency_ms,65.799637
1779793473.918,/benchmark/latency_ms,66.991402
1779793473.967,/benchmark/latency_ms,57.343906
1779793474.020,/benchmark/latency_ms,59.668182
1779793474.069,/benchmark/latency_ms,60.583092
1779793474.119,/benchmark/latency_ms,62.373096
1779793474.173,/benchmark/latency_ms,64.709404
1779793474.222,/benchmark/latency_ms,67.022446
1779793474.276,/benchmark/latency_ms,57.464676
1779793474.329,/benchmark/latency_ms,61.661869
1779793474.379,/benchmark/latency_ms,63.494049
1779793474.432,/benchmark/latency_ms,66.239281
1779793474.481,/benchmark/latency_ms,55.413837
1779793474.529,/benchmark/latency_ms,55.053295
1779793474.580,/benchmark/latency_ms,57.191299
1779793474.634,/benchmark/latency_ms,59.212952
1779793474.685,/benchmark/latency_ms,60.926510
1779793474.735,/benchmark/latency_ms,63.749279
1779793474.791,/benchmark/latency_ms,66.561005
1779793474.840,/benchmark/latency_ms,56.494343
1779793474.902,/benchmark/latency_ms,57.766335
1779793474.942,/benchmark/latency_ms,61.622314
1779793474.992,/benchmark/latency_ms,62.671654
1779793475.057,/benchmark/latency_ms,65.451225
1779793475.095,/benchmark/latency_ms,66.652237
1779793475.150,/benchmark/latency_ms,58.618366
1779793475.201,/benchmark/latency_ms,62.522343
1779793475.267,/benchmark/latency_ms,66.273911
1779793475.306,/benchmark/latency_ms,67.692619
1779793475.355,/benchmark/latency_ms,56.534439
1779793475.411,/benchmark/latency_ms,61.173294
1779793475.460,/benchmark/latency_ms,62.645191
1779793475.512,/benchmark/latency_ms,64.442459
1779793475.563,/benchmark/latency_ms,65.432442
1779793475.614,/benchmark/latency_ms,67.844429
1779793475.666,/benchmark/latency_ms,58.965530
1779793475.721,/benchmark/latency_ms,62.379398
1779793475.772,/benchmark/latency_ms,63.187332
1779793475.821,/benchmark/latency_ms,65.877266
1779793475.873,/benchmark/latency_ms,67.368973
1779793475.923,/benchmark/latency_ms,57.031429
1779793475.973,/benchmark/latency_ms,58.254974
1779793476.028,/benchmark/latency_ms,60.113590
1779793476.082,/benchmark/latency_ms,63.687618
1779793476.132,/benchmark/latency_ms,66.014290
1779793476.181,/benchmark/latency_ms,55.769100
1779793476.245,/benchmark/latency_ms,58.807613
1779793476.289,/benchmark/latency_ms,63.024708
1779793476.340,/benchmark/latency_ms,65.459702
1779793476.391,/benchmark/latency_ms,66.799759
1779793476.441,/benchmark/latency_ms,68.087624
1779793476.494,/benchmark/latency_ms,56.827045
1779793476.547,/benchmark/latency_ms,60.683762
1779793476.600,/benchmark/latency_ms,64.800667
1779793476.651,/benchmark/latency_ms,66.944366
1779793476.702,/benchmark/latency_ms,67.566154
1779793476.755,/benchmark/latency_ms,57.802849
1779793476.808,/benchmark/latency_ms,62.019211
1779793476.853,/benchmark/latency_ms,60.241013
1779793476.908,/benchmark/latency_ms,62.681896
1779793476.961,/benchmark/latency_ms,66.114006
1779793477.012,/benchmark/latency_ms,68.305061
1779793477.063,/benchmark/latency_ms,58.148258
1779793477.112,/benchmark/latency_ms,60.192150
1779793477.165,/benchmark/latency_ms,63.432037
1779793477.219,/benchmark/latency_ms,66.015800
1779793477.270,/benchmark/latency_ms,56.297161
1779793477.319,/benchmark/latency_ms,56.980167
1779793477.372,/benchmark/latency_ms,61.628845
1779793477.425,/benchmark/latency_ms,63.076870
1779793477.478,/benchmark/latency_ms,65.663765
1779793477.528,/benchmark/latency_ms,58.139874
1779793477.589,/benchmark/latency_ms,62.596264
1779793477.634,/benchmark/latency_ms,64.520798
1779793477.684,/benchmark/latency_ms,66.693008
1779793477.736,/benchmark/latency_ms,56.474091
1779793477.782,/benchmark/latency_ms,54.886292
1779793477.846,/benchmark/latency_ms,57.208900
1779793477.887,/benchmark/latency_ms,61.300976
1779793477.939,/benchmark/latency_ms,64.831451
1779793477.992,/benchmark/latency_ms,66.587730
1779793478.042,/benchmark/latency_ms,66.058258
1779793478.094,/benchmark/latency_ms,67.980042
1779793478.158,/benchmark/latency_ms,57.297989
1779793478.198,/benchmark/latency_ms,61.816494
1779793478.260,/benchmark/latency_ms,62.389736
1779793478.300,/benchmark/latency_ms,65.462837
1779793478.350,/benchmark/latency_ms,66.406296
1779793478.401,/benchmark/latency_ms,57.011017
1779793478.453,/benchmark/latency_ms,61.273487
1779793478.508,/benchmark/latency_ms,65.734970
1779793478.558,/benchmark/latency_ms,67.481323
1779793478.612,/benchmark/latency_ms,57.202309
1779793478.665,/benchmark/latency_ms,59.736603
1779793478.706,/benchmark/latency_ms,55.396526
1779793478.759,/benchmark/latency_ms,58.618942
1779793478.809,/benchmark/latency_ms,59.660919
1779793478.863,/benchmark/latency_ms,61.598991
1779793478.913,/benchmark/latency_ms,63.985634
1779793478.959,/benchmark/latency_ms,62.517704
1779793479.012,/benchmark/latency_ms,63.913631
1779793479.072,/benchmark/latency_ms,65.713783
1779793479.113,/benchmark/latency_ms,79.477898
1779793479.163,/benchmark/latency_ms,56.881702
1779793479.216,/benchmark/latency_ms,59.564026
1779793479.263,/benchmark/latency_ms,60.255062
1779793479.319,/benchmark/latency_ms,61.339729
1779793479.370,/benchmark/latency_ms,63.740993
1779793479.411,/benchmark/latency_ms,57.412743
1779793479.464,/benchmark/latency_ms,59.135452
1779793479.512,/benchmark/latency_ms,60.167736
1779793479.566,/benchmark/latency_ms,62.610218
1779793479.615,/benchmark/latency_ms,64.466431
1779793479.664,/benchmark/latency_ms,63.849827
1779793479.719,/benchmark/latency_ms,65.156891
1779793479.768,/benchmark/latency_ms,66.992691
1779793479.818,/benchmark/latency_ms,55.995438
1779793479.882,/benchmark/latency_ms,58.907742
1779793479.925,/benchmark/latency_ms,62.670471
1779793479.985,/benchmark/latency_ms,65.091293
1779793480.038,/benchmark/latency_ms,66.956596
1779793480.078,/benchmark/latency_ms,56.837322
1779793480.128,/benchmark/latency_ms,57.775173
1779793480.180,/benchmark/latency_ms,59.510941
1779793480.233,/benchmark/latency_ms,62.999527
1779793480.286,/benchmark/latency_ms,67.199310
1779793480.337,/benchmark/latency_ms,57.583527
1779793480.391,/benchmark/latency_ms,61.972462
1779793480.444,/benchmark/latency_ms,63.445862
1779793480.492,/benchmark/latency_ms,65.370522
1779793480.545,/benchmark/latency_ms,67.572845
1779793480.593,/benchmark/latency_ms,56.412746
1779793480.648,/benchmark/latency_ms,58.507683
1779793480.697,/benchmark/latency_ms,59.453724
1779793480.749,/benchmark/latency_ms,61.909515
1779793480.809,/benchmark/latency_ms,64.139908
1779793480.851,/benchmark/latency_ms,68.181480
1779793480.904,/benchmark/latency_ms,56.946793
1779793480.955,/benchmark/latency_ms,59.213722
1779793481.008,/benchmark/latency_ms,62.817387
1779793481.058,/benchmark/latency_ms,63.142632
1779793481.107,/benchmark/latency_ms,65.357719
1779793481.160,/benchmark/latency_ms,66.911285
1779793481.224,/benchmark/latency_ms,56.298187
1779793481.258,/benchmark/latency_ms,58.319843
1779793481.312,/benchmark/latency_ms,62.500553
1779793481.365,/benchmark/latency_ms,64.425728
1779793481.417,/benchmark/latency_ms,66.027222
1779793481.469,/benchmark/latency_ms,58.112549
1779793481.516,/benchmark/latency_ms,57.090343
1779793481.568,/benchmark/latency_ms,59.618328
1779793481.625,/benchmark/latency_ms,63.202568
1779793481.673,/benchmark/latency_ms,64.876190
1779793481.726,/benchmark/latency_ms,67.072052
1779793481.780,/benchmark/latency_ms,58.338722
1779793481.832,/benchmark/latency_ms,62.256622
1779793481.883,/benchmark/latency_ms,64.195076
1779793481.933,/benchmark/latency_ms,66.377625
1779793481.987,/benchmark/latency_ms,56.107086
1779793482.036,/benchmark/latency_ms,58.719391
1779793482.100,/benchmark/latency_ms,62.016460
1779793482.153,/benchmark/latency_ms,64.473663
1779793302.073,/node/cpu_percent,34.683544
1779793302.573,/node/cpu_percent,35.264484
1779793303.071,/node/cpu_percent,35.516373
1779793303.573,/node/cpu_percent,36.523930
1779793304.072,/node/cpu_percent,36.616161
1779793304.573,/node/cpu_percent,36.272041
1779793305.073,/node/cpu_percent,35.949368
1779793305.573,/node/cpu_percent,36.111111
1779793306.073,/node/cpu_percent,35.678391
1779793306.573,/node/cpu_percent,46.384041
1779793307.075,/node/cpu_percent,50.632912
1779793307.573,/node/cpu_percent,37.055836
1779793308.073,/node/cpu_percent,36.090225
1779793308.573,/node/cpu_percent,38.095238
1779793309.078,/node/cpu_percent,34.085213
1779793309.573,/node/cpu_percent,32.908165
1779793310.075,/node/cpu_percent,35.012596
1779793310.575,/node/cpu_percent,33.416458
1779793311.076,/node/cpu_percent,33.080807
1779793311.573,/node/cpu_percent,33.164558
1779793312.076,/node/cpu_percent,32.911392
1779793312.573,/node/cpu_percent,34.090908
1779793313.073,/node/cpu_percent,33.753147
1779793313.573,/node/cpu_percent,34.912720
1779793314.074,/node/cpu_percent,34.739452
1779793314.573,/node/cpu_percent,34.170853
1779793315.073,/node/cpu_percent,34.250000
1779793315.574,/node/cpu_percent,35.012596
1779793316.074,/node/cpu_percent,33.417721
1779793316.575,/node/cpu_percent,43.718594
1779793317.073,/node/cpu_percent,47.474747
1779793317.573,/node/cpu_percent,35.264484
1779793318.074,/node/cpu_percent,35.189873
1779793318.573,/node/cpu_percent,33.753147
1779793319.074,/node/cpu_percent,33.333332
1779793319.573,/node/cpu_percent,33.834587
1779793320.074,/node/cpu_percent,33.249371
1779793320.573,/node/cpu_percent,33.585857
1779793321.074,/node/cpu_percent,33.333332
1779793321.574,/node/cpu_percent,34.508816
1779793322.073,/node/cpu_percent,33.668343
1779793322.575,/node/cpu_percent,34.085213
1779793323.075,/node/cpu_percent,33.919598
1779793323.573,/node/cpu_percent,34.005039
1779793324.074,/node/cpu_percent,33.333332
1779793324.573,/node/cpu_percent,34.005039
1779793325.073,/node/cpu_percent,33.333332
1779793325.573,/node/cpu_percent,34.936710
1779793326.074,/node/cpu_percent,32.908165
1779793326.574,/node/cpu_percent,44.020355
1779793327.074,/node/cpu_percent,48.614609
1779793327.574,/node/cpu_percent,39.698494
1779793328.073,/node/cpu_percent,33.333332
1779793328.574,/node/cpu_percent,34.085213
1779793329.074,/node/cpu_percent,33.919598
1779793329.574,/node/cpu_percent,34.595959
1779793330.077,/node/cpu_percent,34.936710
1779793330.573,/node/cpu_percent,33.924049
1779793331.074,/node/cpu_percent,33.838383
1779793331.574,/node/cpu_percent,33.668343
1779793332.074,/node/cpu_percent,35.696201
1779793332.573,/node/cpu_percent,42.065491
1779793333.073,/node/cpu_percent,42.569271
1779793333.575,/node/cpu_percent,30.478590
1779793334.074,/node/cpu_percent,28.715364
1779793334.574,/node/cpu_percent,34.015347
1779793335.074,/node/cpu_percent,36.020149
1779793335.576,/node/cpu_percent,36.432159
1779793336.074,/node/cpu_percent,36.408978
1779793336.573,/node/cpu_percent,46.000000
1779793337.077,/node/cpu_percent,48.860760
1779793337.574,/node/cpu_percent,35.204082
1779793338.073,/node/cpu_percent,37.376236
1779793338.578,/node/cpu_percent,38.071068
1779793339.074,/node/cpu_percent,35.516373
1779793339.574,/node/cpu_percent,35.929649
1779793340.073,/node/cpu_percent,34.595959
1779793340.576,/node/cpu_percent,36.523930
1779793341.074,/node/cpu_percent,35.786800
1779793341.574,/node/cpu_percent,36.815922
1779793342.074,/node/cpu_percent,35.264484
1779793342.574,/node/cpu_percent,35.025379
1779793343.074,/node/cpu_percent,34.860050
1779793343.574,/node/cpu_percent,37.250000
1779793344.074,/node/cpu_percent,37.000000
1779793344.574,/node/cpu_percent,42.211056
1779793345.076,/node/cpu_percent,37.755100
1779793345.574,/node/cpu_percent,35.714287
1779793346.076,/node/cpu_percent,40.404041
1779793346.578,/node/cpu_percent,45.822784
1779793347.074,/node/cpu_percent,49.363869
1779793347.574,/node/cpu_percent,37.000000
1779793348.077,/node/cpu_percent,35.175880
1779793348.574,/node/cpu_percent,35.660847
1779793349.074,/node/cpu_percent,35.516373
1779793349.573,/node/cpu_percent,36.708862
1779793350.074,/node/cpu_percent,37.688442
1779793350.574,/node/cpu_percent,35.189873
1779793351.074,/node/cpu_percent,35.175880
1779793351.574,/node/cpu_percent,35.768261
1779793352.074,/node/cpu_percent,35.678391
1779793352.576,/node/cpu_percent,35.858585
1779793353.074,/node/cpu_percent,36.224491
1779793353.574,/node/cpu_percent,38.095238
1779793354.074,/node/cpu_percent,37.055836
1779793354.574,/node/cpu_percent,35.368958
1779793355.074,/node/cpu_percent,34.430378
1779793355.574,/node/cpu_percent,36.432159
1779793356.074,/node/cpu_percent,35.114502
1779793356.574,/node/cpu_percent,47.435898
1779793357.074,/node/cpu_percent,50.000000
1779793357.576,/node/cpu_percent,37.406483
1779793358.074,/node/cpu_percent,35.516373
1779793358.574,/node/cpu_percent,34.948978
1779793359.074,/node/cpu_percent,35.839600
1779793359.574,/node/cpu_percent,35.858585
1779793360.074,/node/cpu_percent,35.768261
1779793360.577,/node/cpu_percent,35.678391
1779793361.074,/node/cpu_percent,35.839600
1779793361.574,/node/cpu_percent,35.012596
1779793362.074,/node/cpu_percent,34.760704
1779793362.577,/node/cpu_percent,34.860050
1779793363.073,/node/cpu_percent,35.678391
1779793363.574,/node/cpu_percent,35.858585
1779793364.074,/node/cpu_percent,35.516373
1779793364.574,/node/cpu_percent,35.786800
1779793365.076,/node/cpu_percent,35.204082
1779793365.574,/node/cpu_percent,36.272041
1779793366.075,/node/cpu_percent,34.517765
1779793366.574,/node/cpu_percent,45.153061
1779793367.075,/node/cpu_percent,48.854961
1779793367.575,/node/cpu_percent,36.500000
1779793368.075,/node/cpu_percent,36.750000
1779793368.574,/node/cpu_percent,37.404579
1779793369.074,/node/cpu_percent,33.333332
1779793369.575,/node/cpu_percent,33.333332
1779793370.075,/node/cpu_percent,34.183674
1779793370.576,/node/cpu_percent,32.569973
1779793371.075,/node/cpu_percent,33.333332
1779793371.575,/node/cpu_percent,33.333332
1779793372.075,/node/cpu_percent,32.575756
1779793372.576,/node/cpu_percent,33.500000
1779793373.075,/node/cpu_percent,33.165829
1779793373.577,/node/cpu_percent,33.668343
1779793374.076,/node/cpu_percent,33.500000
1779793374.575,/node/cpu_percent,32.745590
1779793375.075,/node/cpu_percent,33.750000
1779793375.575,/node/cpu_percent,34.825871
1779793376.075,/node/cpu_percent,33.915211
1779793376.578,/node/cpu_percent,44.913151
1779793377.075,/node/cpu_percent,46.835442
1779793377.575,/node/cpu_percent,36.111111
1779793378.075,/node/cpu_percent,34.605598
1779793378.575,/node/cpu_percent,33.164558
1779793379.075,/node/cpu_percent,32.487309
1779793379.575,/node/cpu_percent,32.233501
1779793380.078,/node/cpu_percent,32.824429
1779793380.576,/node/cpu_percent,32.487309
1779793381.076,/node/cpu_percent,33.501259
1779793381.576,/node/cpu_percent,33.417721
1779793382.075,/node/cpu_percent,33.333332
1779793382.575,/node/cpu_percent,32.658226
1779793383.076,/node/cpu_percent,32.911392
1779793383.575,/node/cpu_percent,33.583961
1779793384.075,/node/cpu_percent,33.080807
1779793384.575,/node/cpu_percent,33.753147
1779793385.074,/node/cpu_percent,34.090908
1779793385.575,/node/cpu_percent,34.673367
1779793386.075,/node/cpu_percent,33.668343
1779793386.575,/node/cpu_percent,43.718594
1779793387.077,/node/cpu_percent,47.704082
1779793387.575,/node/cpu_percent,35.411472
1779793388.076,/node/cpu_percent,33.078880
1779793388.575,/node/cpu_percent,35.101009
1779793389.077,/node/cpu_percent,33.078880
1779793389.575,/node/cpu_percent,33.834587
1779793390.075,/node/cpu_percent,35.114502
1779793390.576,/node/cpu_percent,34.170853
1779793391.078,/node/cpu_percent,34.005039
1779793391.577,/node/cpu_percent,33.080807
1779793392.076,/node/cpu_percent,34.837093
1779793392.579,/node/cpu_percent,41.708542
1779793393.077,/node/cpu_percent,41.813602
1779793393.577,/node/cpu_percent,31.645569
1779793394.075,/node/cpu_percent,29.145729
1779793394.575,/node/cpu_percent,35.678391
1779793395.075,/node/cpu_percent,34.517765
1779793395.575,/node/cpu_percent,36.202530
1779793396.075,/node/cpu_percent,36.340851
1779793396.575,/node/cpu_percent,45.801525
1779793397.075,/node/cpu_percent,48.492462
1779793397.577,/node/cpu_percent,35.012596
1779793398.079,/node/cpu_percent,35.427135
1779793398.575,/node/cpu_percent,37.721519
1779793399.075,/node/cpu_percent,36.548222
1779793399.576,/node/cpu_percent,34.430378
1779793400.075,/node/cpu_percent,35.500000
1779793400.575,/node/cpu_percent,35.087719
1779793401.075,/node/cpu_percent,35.353535
1779793401.575,/node/cpu_percent,36.500000
1779793402.077,/node/cpu_percent,35.189873
1779793402.575,/node/cpu_percent,35.189873
1779793403.075,/node/cpu_percent,35.012596
1779793403.575,/node/cpu_percent,34.683544
1779793404.075,/node/cpu_percent,36.523930
1779793404.576,/node/cpu_percent,40.350876
1779793405.076,/node/cpu_percent,39.240505
1779793405.575,/node/cpu_percent,37.027706
1779793406.075,/node/cpu_percent,38.734177
1779793406.579,/node/cpu_percent,44.696968
1779793407.077,/node/cpu_percent,49.494949
1779793407.575,/node/cpu_percent,37.121212
1779793408.075,/node/cpu_percent,35.696201
1779793408.577,/node/cpu_percent,35.696201
1779793409.076,/node/cpu_percent,34.848484
1779793409.576,/node/cpu_percent,36.020149
1779793410.076,/node/cpu_percent,36.616161
1779793410.575,/node/cpu_percent,35.678391
1779793411.076,/node/cpu_percent,36.272041
1779793411.576,/node/cpu_percent,36.523930
1779793412.075,/node/cpu_percent,35.264484
1779793412.575,/node/cpu_percent,34.936710
1779793413.076,/node/cpu_percent,34.605598
1779793413.576,/node/cpu_percent,36.683418
1779793414.075,/node/cpu_percent,36.500000
1779793414.576,/node/cpu_percent,35.714287
1779793415.075,/node/cpu_percent,35.353535
1779793415.577,/node/cpu_percent,35.606060
1779793416.076,/node/cpu_percent,34.848484
1779793416.575,/node/cpu_percent,45.454544
1779793417.075,/node/cpu_percent,50.375938
1779793417.576,/node/cpu_percent,35.443039
1779793418.075,/node/cpu_percent,35.696201
1779793418.576,/node/cpu_percent,34.848484
1779793419.076,/node/cpu_percent,34.343433
1779793419.576,/node/cpu_percent,36.132317
1779793420.076,/node/cpu_percent,35.323383
1779793420.576,/node/cpu_percent,35.678391
1779793421.076,/node/cpu_percent,34.936710
1779793421.576,/node/cpu_percent,34.683544
1779793422.076,/node/cpu_percent,35.660847
1779793422.577,/node/cpu_percent,34.673367
1779793423.074,/node/cpu_percent,35.264484
1779793423.576,/node/cpu_percent,33.756344
1779793424.076,/node/cpu_percent,34.508816
1779793424.576,/node/cpu_percent,34.936710
1779793425.076,/node/cpu_percent,34.936710
1779793425.576,/node/cpu_percent,35.606060
1779793426.076,/node/cpu_percent,35.264484
1779793426.575,/node/cpu_percent,43.216080
1779793427.076,/node/cpu_percent,46.851387
1779793427.576,/node/cpu_percent,33.167084
1779793428.077,/node/cpu_percent,34.250000
1779793428.576,/node/cpu_percent,33.333332
1779793429.078,/node/cpu_percent,34.090908
1779793429.576,/node/cpu_percent,33.665836
1779793430.076,/node/cpu_percent,33.924049
1779793430.577,/node/cpu_percent,31.989925
1779793431.076,/node/cpu_percent,32.997482
1779793431.576,/node/cpu_percent,31.818182
1779793432.077,/node/cpu_percent,32.741116
1779793432.576,/node/cpu_percent,33.080807
1779793433.076,/node/cpu_percent,32.911392
1779793433.576,/node/cpu_percent,33.165829
1779793434.076,/node/cpu_percent,31.898735
1779793434.577,/node/cpu_percent,32.745590
1779793435.077,/node/cpu_percent,32.493702
1779793435.576,/node/cpu_percent,33.333332
1779793436.077,/node/cpu_percent,32.581455
1779793436.576,/node/cpu_percent,42.317379
1779793437.076,/node/cpu_percent,46.819340
1779793437.580,/node/cpu_percent,34.005039
1779793438.076,/node/cpu_percent,34.430378
1779793438.576,/node/cpu_percent,32.741116
1779793439.076,/node/cpu_percent,32.241814
1779793439.579,/node/cpu_percent,32.405064
1779793440.076,/node/cpu_percent,31.979696
1779793440.577,/node/cpu_percent,36.548222
1779793441.077,/node/cpu_percent,32.828281
1779793441.577,/node/cpu_percent,34.683544
1779793442.076,/node/cpu_percent,32.405064
1779793442.576,/node/cpu_percent,33.501259
1779793443.076,/node/cpu_percent,33.080807
1779793443.577,/node/cpu_percent,33.585857
1779793444.076,/node/cpu_percent,32.914574
1779793444.577,/node/cpu_percent,32.994923
1779793445.077,/node/cpu_percent,33.665836
1779793445.578,/node/cpu_percent,35.000000
1779793446.077,/node/cpu_percent,33.165829
1779793446.578,/node/cpu_percent,42.606518
1779793447.076,/node/cpu_percent,48.110832
1779793447.578,/node/cpu_percent,34.422112
1779793448.077,/node/cpu_percent,32.658226
1779793448.577,/node/cpu_percent,34.005039
1779793449.077,/node/cpu_percent,32.397961
1779793449.577,/node/cpu_percent,33.585857
1779793450.079,/node/cpu_percent,34.683544
1779793450.577,/node/cpu_percent,33.753147
1779793451.076,/node/cpu_percent,33.502537
1779793451.577,/node/cpu_percent,33.333332
1779793452.077,/node/cpu_percent,33.924049
1779793452.577,/node/cpu_percent,41.984734
1779793453.077,/node/cpu_percent,41.854637
1779793453.578,/node/cpu_percent,33.670887
1779793454.077,/node/cpu_percent,28.607595
1779793454.579,/node/cpu_percent,34.860050
1779793455.077,/node/cpu_percent,35.588974
1779793455.576,/node/cpu_percent,36.408978
1779793456.076,/node/cpu_percent,36.815922
1779793456.576,/node/cpu_percent,46.329113
1779793457.076,/node/cpu_percent,49.238579
1779793457.576,/node/cpu_percent,34.936710
1779793458.077,/node/cpu_percent,34.508816
1779793458.576,/node/cpu_percent,36.523930
1779793459.078,/node/cpu_percent,37.721519
1779793459.577,/node/cpu_percent,36.523930
1779793460.077,/node/cpu_percent,34.848484
1779793460.578,/node/cpu_percent,35.087719
1779793461.077,/node/cpu_percent,35.443039
1779793461.580,/node/cpu_percent,36.020149
1779793462.077,/node/cpu_percent,36.090225
1779793462.577,/node/cpu_percent,36.180904
1779793463.077,/node/cpu_percent,34.760704
1779793463.577,/node/cpu_percent,35.101009
1779793464.077,/node/cpu_percent,36.340851
1779793464.577,/node/cpu_percent,38.000000
1779793465.077,/node/cpu_percent,41.836735
1779793465.582,/node/cpu_percent,36.962025
1779793466.079,/node/cpu_percent,37.121212
1779793466.577,/node/cpu_percent,48.232323
1779793467.077,/node/cpu_percent,50.000000
1779793467.577,/node/cpu_percent,38.734177
1779793468.077,/node/cpu_percent,36.340851
1779793468.579,/node/cpu_percent,36.180904
1779793469.077,/node/cpu_percent,37.406483
1779793469.577,/node/cpu_percent,36.132317
1779793470.077,/node/cpu_percent,37.688442
1779793470.577,/node/cpu_percent,35.606060
1779793471.077,/node/cpu_percent,37.064678
1779793471.577,/node/cpu_percent,36.455696
1779793472.077,/node/cpu_percent,35.678391
1779793472.577,/node/cpu_percent,35.411472
1779793473.077,/node/cpu_percent,35.264484
1779793473.578,/node/cpu_percent,35.189873
1779793474.077,/node/cpu_percent,35.353535
1779793474.581,/node/cpu_percent,35.768261
1779793475.077,/node/cpu_percent,36.363636
1779793475.578,/node/cpu_percent,35.516373
1779793476.078,/node/cpu_percent,36.500000
1779793476.577,/node/cpu_percent,45.063290
1779793477.078,/node/cpu_percent,49.242424
1779793477.578,/node/cpu_percent,35.443039
1779793478.077,/node/cpu_percent,35.606060
1779793478.577,/node/cpu_percent,36.250000
1779793479.079,/node/cpu_percent,34.693878
1779793479.577,/node/cpu_percent,35.929649
1779793480.080,/node/cpu_percent,36.090225
1779793480.577,/node/cpu_percent,35.532993
1779793481.077,/node/cpu_percent,36.111111
1779793481.578,/node/cpu_percent,36.111111
1779793482.077,/node/cpu_percent,35.696201
1779793302.074,/node/memory_percent,31.702021
1779793302.574,/node/memory_percent,31.667042
1779793303.074,/node/memory_percent,31.656637
1779793303.574,/node/memory_percent,31.688507
1779793304.078,/node/memory_percent,31.673109
1779793304.574,/node/memory_percent,31.662386
1779793305.074,/node/memory_percent,31.668547
1779793305.574,/node/memory_percent,31.678667
1779793306.074,/node/memory_percent,31.677902
1779793306.574,/node/memory_percent,31.651608
1779793307.078,/node/memory_percent,31.679773
1779793307.576,/node/memory_percent,31.687729
1779793308.077,/node/memory_percent,31.689140
1779793308.576,/node/memory_percent,31.667801
1779793309.080,/node/memory_percent,31.674892
1779793309.574,/node/memory_percent,31.692205
1779793310.077,/node/memory_percent,31.695898
1779793310.576,/node/memory_percent,31.676205
1779793311.079,/node/memory_percent,31.689817
1779793311.578,/node/memory_percent,31.674564
1779793312.078,/node/memory_percent,31.694759
1779793312.579,/node/memory_percent,31.668869
1779793313.078,/node/memory_percent,31.681190
1779793313.579,/node/memory_percent,31.680363
1779793314.076,/node/memory_percent,31.697657
1779793314.576,/node/memory_percent,31.692137
1779793315.076,/node/memory_percent,31.696339
1779793315.574,/node/memory_percent,31.693398
1779793316.078,/node/memory_percent,31.703188
1779793316.576,/node/memory_percent,31.664948
1779793317.078,/node/memory_percent,31.678759
1779793317.576,/node/memory_percent,31.696196
1779793318.075,/node/memory_percent,31.681339
1779793318.576,/node/memory_percent,31.665625
1779793319.075,/node/memory_percent,31.685411
1779793319.576,/node/memory_percent,31.681265
1779793320.076,/node/memory_percent,31.701275
1779793320.576,/node/memory_percent,31.694424
1779793321.076,/node/memory_percent,31.663729
1779793321.574,/node/memory_percent,31.685062
1779793322.076,/node/memory_percent,31.669479
1779793322.577,/node/memory_percent,31.697222
1779793323.079,/node/memory_percent,31.685043
1779793323.580,/node/memory_percent,31.683640
1779793324.074,/node/memory_percent,31.666700
1779793324.578,/node/memory_percent,31.686628
1779793325.078,/node/memory_percent,31.686716
1779793325.578,/node/memory_percent,31.686094
1779793326.078,/node/memory_percent,31.693722
1779793326.580,/node/memory_percent,31.700684
1779793327.077,/node/memory_percent,31.693970
1779793327.577,/node/memory_percent,31.684113
1779793328.076,/node/memory_percent,31.670462
1779793328.575,/node/memory_percent,31.683620
1779793329.078,/node/memory_percent,31.675117
1779793329.577,/node/memory_percent,31.703251
1779793330.081,/node/memory_percent,31.688469
1779793330.576,/node/memory_percent,31.678398
1779793331.078,/node/memory_percent,31.688046
1779793331.580,/node/memory_percent,31.694338
1779793332.078,/node/memory_percent,31.687500
1779793332.578,/node/memory_percent,31.687866
1779793333.076,/node/memory_percent,31.677311
1779793333.577,/node/memory_percent,31.684391
1779793334.076,/node/memory_percent,31.681992
1779793334.576,/node/memory_percent,31.701952
1779793335.076,/node/memory_percent,31.701468
1779793335.578,/node/memory_percent,31.686344
1779793336.076,/node/memory_percent,31.693075
1779793336.575,/node/memory_percent,31.686251
1779793337.078,/node/memory_percent,31.703053
1779793337.576,/node/memory_percent,31.689220
1779793338.076,/node/memory_percent,31.679834
1779793338.579,/node/memory_percent,31.687090
1779793339.076,/node/memory_percent,31.705017
1779793339.576,/node/memory_percent,31.708441
1779793340.076,/node/memory_percent,31.700378
1779793340.578,/node/memory_percent,31.715708
1779793341.076,/node/memory_percent,31.702723
1779793341.578,/node/memory_percent,31.711021
1779793342.079,/node/memory_percent,31.686754
1779793342.577,/node/memory_percent,31.690359
1779793343.078,/node/memory_percent,31.710947
1779793343.576,/node/memory_percent,31.715851
1779793344.078,/node/memory_percent,31.702791
1779793344.578,/node/memory_percent,31.721514
1779793345.078,/node/memory_percent,31.703966
1779793345.578,/node/memory_percent,31.720793
1779793346.078,/node/memory_percent,31.704575
1779793346.580,/node/memory_percent,31.697538
1779793347.077,/node/memory_percent,31.697937
1779793347.578,/node/memory_percent,31.646479
1779793348.078,/node/memory_percent,31.674694
1779793348.576,/node/memory_percent,31.674042
1779793349.075,/node/memory_percent,31.682035
1779793349.576,/node/memory_percent,31.679985
1779793350.080,/node/memory_percent,31.668833
1779793350.577,/node/memory_percent,31.686790
1779793351.075,/node/memory_percent,31.665514
1779793351.579,/node/memory_percent,31.693840
1779793352.077,/node/memory_percent,31.697552
1779793352.580,/node/memory_percent,31.652472
1779793353.075,/node/memory_percent,31.674347
1779793353.575,/node/memory_percent,31.679873
1779793354.075,/node/memory_percent,31.648388
1779793354.577,/node/memory_percent,31.660379
1779793355.075,/node/memory_percent,31.689264
1779793355.575,/node/memory_percent,31.694374
1779793356.075,/node/memory_percent,31.675303
1779793356.577,/node/memory_percent,31.651520
1779793357.077,/node/memory_percent,31.708784
1779793357.578,/node/memory_percent,31.688227
1779793358.075,/node/memory_percent,31.693504
1779793358.575,/node/memory_percent,31.709877
1779793359.078,/node/memory_percent,31.693995
1779793359.575,/node/memory_percent,31.692844
1779793360.077,/node/memory_percent,31.666607
1779793360.579,/node/memory_percent,31.687904
1779793361.075,/node/memory_percent,31.696333
1779793361.575,/node/memory_percent,31.672407
1779793362.075,/node/memory_percent,31.663916
1779793362.581,/node/memory_percent,31.667124
1779793363.075,/node/memory_percent,31.696245
1779793363.575,/node/memory_percent,31.658998
1779793364.075,/node/memory_percent,31.694212
1779793364.577,/node/memory_percent,31.684608
1779793365.077,/node/memory_percent,31.692429
1779793365.577,/node/memory_percent,31.684776
1779793366.076,/node/memory_percent,31.680941
1779793366.577,/node/memory_percent,31.706589
1779793367.077,/node/memory_percent,31.668415
1779793367.577,/node/memory_percent,31.688992
1779793368.077,/node/memory_percent,31.691826
1779793368.577,/node/memory_percent,31.684031
1779793369.079,/node/memory_percent,31.674936
1779793369.579,/node/memory_percent,31.705339
1779793370.077,/node/memory_percent,31.693884
1779793370.578,/node/memory_percent,31.684336
1779793371.079,/node/memory_percent,31.675800
1779793371.580,/node/memory_percent,31.681774
1779793372.077,/node/memory_percent,31.684036
1779793372.577,/node/memory_percent,31.679182
1779793373.077,/node/memory_percent,31.683172
1779793373.579,/node/memory_percent,31.706738
1779793374.080,/node/memory_percent,31.685349
1779793374.578,/node/memory_percent,31.697233
1779793375.078,/node/memory_percent,31.674402
1779793375.578,/node/memory_percent,31.674091
1779793376.078,/node/memory_percent,31.666533
1779793376.581,/node/memory_percent,31.675850
1779793377.081,/node/memory_percent,31.664972
1779793377.580,/node/memory_percent,31.660061
1779793378.080,/node/memory_percent,31.679790
1779793378.578,/node/memory_percent,31.677790
1779793379.078,/node/memory_percent,31.677460
1779793379.576,/node/memory_percent,31.672743
1779793380.082,/node/memory_percent,31.628391
1779793380.580,/node/memory_percent,31.647535
1779793381.076,/node/memory_percent,31.673588
1779793381.578,/node/memory_percent,31.648991
1779793382.078,/node/memory_percent,31.665462
1779793382.578,/node/memory_percent,31.687468
1779793383.078,/node/memory_percent,31.672325
1779793383.576,/node/memory_percent,31.663332
1779793384.080,/node/memory_percent,31.675957
1779793384.576,/node/memory_percent,31.680948
1779793385.079,/node/memory_percent,31.688072
1779793385.578,/node/memory_percent,31.681799
1779793386.078,/node/memory_percent,31.697475
1779793386.578,/node/memory_percent,31.684174
1779793387.079,/node/memory_percent,31.690390
1779793387.576,/node/memory_percent,31.691223
1779793388.078,/node/memory_percent,31.686375
1779793388.578,/node/memory_percent,31.693989
1779793389.079,/node/memory_percent,31.700472
1779793389.578,/node/memory_percent,31.698004
1779793390.078,/node/memory_percent,31.691496
1779793390.576,/node/memory_percent,31.689911
1779793391.079,/node/memory_percent,31.675396
1779793391.580,/node/memory_percent,31.686537
1779793392.076,/node/memory_percent,31.677828
1779793392.582,/node/memory_percent,31.673172
1779793393.080,/node/memory_percent,31.688499
1779793393.580,/node/memory_percent,31.679020
1779793394.078,/node/memory_percent,31.671108
1779793394.580,/node/memory_percent,31.684391
1779793395.076,/node/memory_percent,31.700659
1779793395.578,/node/memory_percent,31.695736
1779793396.079,/node/memory_percent,31.676802
1779793396.579,/node/memory_percent,31.698757
1779793397.080,/node/memory_percent,31.672401
1779793397.579,/node/memory_percent,31.652323
1779793398.083,/node/memory_percent,31.667416
1779793398.580,/node/memory_percent,31.682148
1779793399.076,/node/memory_percent,31.697912
1779793399.576,/node/memory_percent,31.692225
1779793400.078,/node/memory_percent,31.685678
1779793400.576,/node/memory_percent,31.691994
1779793401.078,/node/memory_percent,31.684162
1779793401.576,/node/memory_percent,31.662996
1779793402.078,/node/memory_percent,31.685915
1779793402.577,/node/memory_percent,31.693678
1779793403.077,/node/memory_percent,31.669865
1779793403.576,/node/memory_percent,31.673376
1779793404.078,/node/memory_percent,31.698229
1779793404.578,/node/memory_percent,31.689594
1779793405.076,/node/memory_percent,31.700235
1779793405.576,/node/memory_percent,31.702332
1779793406.076,/node/memory_percent,31.695282
1779793406.582,/node/memory_percent,31.689781
1779793407.079,/node/memory_percent,31.705496
1779793407.576,/node/memory_percent,31.707521
1779793408.079,/node/memory_percent,31.696438
1779793408.577,/node/memory_percent,31.646511
1779793409.078,/node/memory_percent,31.670473
1779793409.579,/node/memory_percent,31.705906
1779793410.080,/node/memory_percent,31.678268
1779793410.581,/node/memory_percent,31.668596
1779793411.078,/node/memory_percent,31.693592
1779793411.576,/node/memory_percent,31.689371
1779793412.079,/node/memory_percent,31.701237
1779793412.580,/node/memory_percent,31.673054
1779793413.077,/node/memory_percent,31.695656
1779793413.578,/node/memory_percent,31.685486
1779793414.076,/node/memory_percent,31.671007
1779793414.577,/node/memory_percent,31.670069
1779793415.078,/node/memory_percent,31.686884
1779793415.578,/node/memory_percent,31.709095
1779793416.078,/node/memory_percent,31.700136
1779793416.580,/node/memory_percent,31.654280
1779793417.078,/node/memory_percent,31.699808
1779793417.577,/node/memory_percent,31.708479
1779793418.080,/node/memory_percent,31.686039
1779793418.580,/node/memory_percent,31.696836
1779793419.076,/node/memory_percent,31.689116
1779793419.577,/node/memory_percent,31.690304
1779793420.080,/node/memory_percent,31.658800
1779793420.577,/node/memory_percent,31.680481
1779793421.077,/node/memory_percent,31.705956
1779793421.578,/node/memory_percent,31.689022
1779793422.078,/node/memory_percent,31.664045
1779793422.579,/node/memory_percent,31.663990
1779793423.077,/node/memory_percent,31.697035
1779793423.576,/node/memory_percent,31.694201
1779793424.078,/node/memory_percent,31.690638
1779793424.579,/node/memory_percent,31.696369
1779793425.078,/node/memory_percent,31.685921
1779793425.577,/node/memory_percent,31.696762
1779793426.081,/node/memory_percent,31.699360
1779793426.576,/node/memory_percent,31.700447
1779793427.077,/node/memory_percent,31.703127
1779793427.581,/node/memory_percent,31.687935
1779793428.082,/node/memory_percent,31.659719
1779793428.580,/node/memory_percent,31.673794
1779793429.080,/node/memory_percent,31.660969
1779793429.579,/node/memory_percent,31.705532
1779793430.082,/node/memory_percent,31.685181
1779793430.577,/node/memory_percent,31.711500
1779793431.079,/node/memory_percent,31.726618
1779793431.581,/node/memory_percent,31.695997
1779793432.079,/node/memory_percent,31.717119
1779793432.579,/node/memory_percent,31.710064
1779793433.080,/node/memory_percent,31.704531
1779793433.580,/node/memory_percent,31.704184
1779793434.077,/node/memory_percent,31.713650
1779793434.581,/node/memory_percent,31.708540
1779793435.080,/node/memory_percent,31.703239
1779793435.577,/node/memory_percent,31.697470
1779793436.079,/node/memory_percent,31.687798
1779793436.581,/node/memory_percent,31.704792
1779793437.085,/node/memory_percent,31.690420
1779793437.581,/node/memory_percent,31.724106
1779793438.079,/node/memory_percent,31.629454
1779793438.579,/node/memory_percent,31.719667
1779793439.077,/node/memory_percent,31.701292
1779793439.581,/node/memory_percent,31.673208
1779793440.080,/node/memory_percent,31.723143
1779793440.577,/node/memory_percent,31.730696
1779793441.078,/node/memory_percent,31.722422
1779793441.580,/node/memory_percent,31.732746
1779793442.078,/node/memory_percent,31.720688
1779793442.582,/node/memory_percent,31.730602
1779793443.080,/node/memory_percent,31.721464
1779793443.577,/node/memory_percent,31.712755
1779793444.077,/node/memory_percent,31.722210
1779793444.577,/node/memory_percent,31.713583
1779793445.078,/node/memory_percent,31.715017
1779793445.581,/node/memory_percent,31.724815
1779793446.081,/node/memory_percent,31.710791
1779793446.580,/node/memory_percent,31.742132
1779793447.079,/node/memory_percent,31.746334
1779793447.581,/node/memory_percent,31.730453
1779793448.081,/node/memory_percent,31.728607
1779793448.581,/node/memory_percent,31.755838
1779793449.081,/node/memory_percent,31.764462
1779793449.578,/node/memory_percent,31.734034
1779793450.080,/node/memory_percent,31.756716
1779793450.580,/node/memory_percent,31.758867
1779793451.077,/node/memory_percent,31.720867
1779793451.583,/node/memory_percent,31.749144
1779793452.081,/node/memory_percent,31.738241
1779793452.581,/node/memory_percent,31.751955
1779793453.080,/node/memory_percent,31.740269
1779793453.580,/node/memory_percent,31.745745
1779793454.078,/node/memory_percent,31.754883
1779793454.583,/node/memory_percent,31.736967
1779793455.077,/node/memory_percent,31.755945
1779793455.577,/node/memory_percent,31.751425
1779793456.083,/node/memory_percent,31.768812
1779793456.580,/node/memory_percent,31.778708
1779793457.079,/node/memory_percent,31.742014
1779793457.581,/node/memory_percent,31.746950
1779793458.078,/node/memory_percent,31.737545
1779793458.579,/node/memory_percent,31.785086
1779793459.079,/node/memory_percent,31.775631
1779793459.578,/node/memory_percent,31.773773
1779793460.081,/node/memory_percent,31.764654
1779793460.578,/node/memory_percent,31.787498
1779793461.081,/node/memory_percent,31.781363
1779793461.584,/node/memory_percent,31.773380
1779793462.078,/node/memory_percent,31.782227
1779793462.577,/node/memory_percent,31.780020
1779793463.082,/node/memory_percent,31.770130
1779793463.578,/node/memory_percent,31.781181
1779793464.078,/node/memory_percent,31.777676
1779793464.580,/node/memory_percent,31.783905
1779793465.079,/node/memory_percent,31.797991
1779793465.585,/node/memory_percent,31.795628
1779793466.083,/node/memory_percent,31.780293
1779793466.578,/node/memory_percent,31.765661
1779793467.078,/node/memory_percent,31.755037
1779793467.579,/node/memory_percent,31.779964
1779793468.079,/node/memory_percent,31.764442
1779793468.581,/node/memory_percent,31.758213
1779793469.080,/node/memory_percent,31.751593
1779793469.581,/node/memory_percent,31.785837
1779793470.080,/node/memory_percent,31.783165
1779793470.580,/node/memory_percent,31.768768
1779793471.078,/node/memory_percent,31.782967
1779793471.578,/node/memory_percent,31.777254
1779793472.080,/node/memory_percent,31.761490
1779793472.579,/node/memory_percent,31.791159
1779793473.080,/node/memory_percent,31.765226
1779793473.583,/node/memory_percent,31.779150
1779793474.080,/node/memory_percent,31.760365
1779793474.584,/node/memory_percent,31.792389
1779793475.080,/node/memory_percent,31.778372
1779793475.582,/node/memory_percent,31.783215
1779793476.078,/node/memory_percent,31.791687
1779793476.578,/node/memory_percent,31.788641
1779793477.080,/node/memory_percent,31.788691
1779793477.582,/node/memory_percent,31.772238
1779793478.080,/node/memory_percent,31.779797
1779793478.580,/node/memory_percent,31.791222
1779793479.080,/node/memory_percent,31.785652
1779793479.580,/node/memory_percent,31.775780
1779793480.084,/node/memory_percent,31.775309
1779793480.580,/node/memory_percent,31.773424
1779793481.080,/node/memory_percent,31.797991
1779793481.578,/node/memory_percent,31.796318
1779793482.082,/node/memory_percent,31.798618
1779793302.076,/node/gpu_percent,99.400002
1779793302.577,/node/gpu_percent,99.400002
1779793303.072,/node/gpu_percent,99.099998
1779793303.578,/node/gpu_percent,99.099998
1779793304.076,/node/gpu_percent,99.400002
1779793304.576,/node/gpu_percent,99.400002
1779793305.076,/node/gpu_percent,99.400002
1779793305.576,/node/gpu_percent,99.000000
1779793306.077,/node/gpu_percent,99.400002
1779793306.576,/node/gpu_percent,99.000000
1779793307.076,/node/gpu_percent,98.900002
1779793307.575,/node/gpu_percent,98.099998
1779793308.075,/node/gpu_percent,99.300003
1779793308.575,/node/gpu_percent,98.800003
1779793309.080,/node/gpu_percent,48.400002
1779793309.580,/node/gpu_percent,53.299999
1779793310.076,/node/gpu_percent,25.400000
1779793310.576,/node/gpu_percent,36.000000
1779793311.078,/node/gpu_percent,0.000000
1779793311.575,/node/gpu_percent,8.500000
1779793312.077,/node/gpu_percent,0.000000
1779793312.577,/node/gpu_percent,0.000000
1779793313.075,/node/gpu_percent,46.799999
1779793313.577,/node/gpu_percent,45.599998
1779793314.078,/node/gpu_percent,71.699997
1779793314.578,/node/gpu_percent,77.699997
1779793315.080,/node/gpu_percent,0.000000
1779793315.576,/node/gpu_percent,0.000000
1779793316.077,/node/gpu_percent,0.000000
1779793316.575,/node/gpu_percent,37.400002
1779793317.075,/node/gpu_percent,11.100000
1779793317.575,/node/gpu_percent,75.000000
1779793318.077,/node/gpu_percent,32.400002
1779793318.578,/node/gpu_percent,77.000000
1779793319.076,/node/gpu_percent,2.000000
1779793319.578,/node/gpu_percent,37.000000
1779793320.080,/node/gpu_percent,20.600000
1779793320.574,/node/gpu_percent,67.800003
1779793321.078,/node/gpu_percent,58.000000
1779793321.580,/node/gpu_percent,71.099998
1779793322.075,/node/gpu_percent,0.000000
1779793322.576,/node/gpu_percent,53.599998
1779793323.078,/node/gpu_percent,25.400000
1779793323.579,/node/gpu_percent,89.800003
1779793324.077,/node/gpu_percent,92.699997
1779793324.577,/node/gpu_percent,18.100000
1779793325.075,/node/gpu_percent,20.299999
1779793325.577,/node/gpu_percent,20.000000
1779793326.077,/node/gpu_percent,38.799999
1779793326.577,/node/gpu_percent,55.599998
1779793327.076,/node/gpu_percent,0.000000
1779793327.576,/node/gpu_percent,57.500000
1779793328.080,/node/gpu_percent,71.199997
1779793328.577,/node/gpu_percent,43.299999
1779793329.077,/node/gpu_percent,10.800000
1779793329.576,/node/gpu_percent,40.000000
1779793330.080,/node/gpu_percent,32.299999
1779793330.580,/node/gpu_percent,78.199997
1779793331.077,/node/gpu_percent,83.800003
1779793331.578,/node/gpu_percent,4.300000
1779793332.078,/node/gpu_percent,99.699997
1779793332.577,/node/gpu_percent,99.099998
1779793333.075,/node/gpu_percent,99.000000
1779793333.576,/node/gpu_percent,99.400002
1779793334.079,/node/gpu_percent,99.599998
1779793334.578,/node/gpu_percent,98.800003
1779793335.079,/node/gpu_percent,98.900002
1779793335.577,/node/gpu_percent,99.400002
1779793336.076,/node/gpu_percent,99.400002
1779793336.574,/node/gpu_percent,99.199997
1779793337.082,/node/gpu_percent,99.199997
1779793337.578,/node/gpu_percent,98.900002
1779793338.079,/node/gpu_percent,99.400002
1779793338.578,/node/gpu_percent,99.300003
1779793339.078,/node/gpu_percent,99.199997
1779793339.579,/node/gpu_percent,99.400002
1779793340.079,/node/gpu_percent,78.400002
1779793340.577,/node/gpu_percent,99.000000
1779793341.079,/node/gpu_percent,99.000000
1779793341.578,/node/gpu_percent,99.400002
1779793342.078,/node/gpu_percent,99.500000
1779793342.576,/node/gpu_percent,99.400002
1779793343.077,/node/gpu_percent,98.900002
1779793343.578,/node/gpu_percent,99.000000
1779793344.078,/node/gpu_percent,99.199997
1779793344.579,/node/gpu_percent,99.400002
1779793345.078,/node/gpu_percent,98.800003
1779793345.579,/node/gpu_percent,99.199997
1779793346.077,/node/gpu_percent,99.500000
1779793346.579,/node/gpu_percent,98.900002
1779793347.076,/node/gpu_percent,99.000000
1779793347.578,/node/gpu_percent,99.400002
1779793348.077,/node/gpu_percent,99.099998
1779793348.578,/node/gpu_percent,98.800003
1779793349.077,/node/gpu_percent,79.199997
1779793349.575,/node/gpu_percent,99.300003
1779793350.077,/node/gpu_percent,98.900002
1779793350.576,/node/gpu_percent,99.500000
1779793351.077,/node/gpu_percent,99.400002
1779793351.578,/node/gpu_percent,99.099998
1779793352.076,/node/gpu_percent,86.099998
1779793352.578,/node/gpu_percent,99.300003
1779793353.079,/node/gpu_percent,99.000000
1779793353.577,/node/gpu_percent,98.800003
1779793354.077,/node/gpu_percent,99.500000
1779793354.576,/node/gpu_percent,99.500000
1779793355.077,/node/gpu_percent,98.800003
1779793355.577,/node/gpu_percent,99.000000
1779793356.077,/node/gpu_percent,99.300003
1779793356.576,/node/gpu_percent,99.199997
1779793357.076,/node/gpu_percent,99.000000
1779793357.577,/node/gpu_percent,99.400002
1779793358.077,/node/gpu_percent,99.400002
1779793358.577,/node/gpu_percent,99.199997
1779793359.077,/node/gpu_percent,99.300003
1779793359.577,/node/gpu_percent,99.199997
1779793360.077,/node/gpu_percent,99.199997
1779793360.578,/node/gpu_percent,99.099998
1779793361.077,/node/gpu_percent,99.000000
1779793361.577,/node/gpu_percent,99.300003
1779793362.077,/node/gpu_percent,99.500000
1779793362.578,/node/gpu_percent,99.000000
1779793363.074,/node/gpu_percent,98.199997
1779793363.577,/node/gpu_percent,98.800003
1779793364.078,/node/gpu_percent,99.199997
1779793364.577,/node/gpu_percent,99.199997
1779793365.076,/node/gpu_percent,99.000000
1779793365.576,/node/gpu_percent,98.800003
1779793366.078,/node/gpu_percent,99.000000
1779793366.576,/node/gpu_percent,99.300003
1779793367.076,/node/gpu_percent,99.500000
1779793367.578,/node/gpu_percent,99.000000
1779793368.076,/node/gpu_percent,98.800003
1779793368.576,/node/gpu_percent,99.000000
1779793369.076,/node/gpu_percent,21.700001
1779793369.578,/node/gpu_percent,51.400002
1779793370.080,/node/gpu_percent,1.600000
1779793370.577,/node/gpu_percent,53.099998
1779793371.078,/node/gpu_percent,25.200001
1779793371.577,/node/gpu_percent,67.500000
1779793372.081,/node/gpu_percent,58.900002
1779793372.577,/node/gpu_percent,90.099998
1779793373.081,/node/gpu_percent,39.599998
1779793373.578,/node/gpu_percent,85.099998
1779793374.080,/node/gpu_percent,32.700001
1779793374.577,/node/gpu_percent,62.500000
1779793375.078,/node/gpu_percent,8.100000
1779793375.577,/node/gpu_percent,0.000000
1779793376.078,/node/gpu_percent,9.200000
1779793376.580,/node/gpu_percent,36.299999
1779793377.078,/node/gpu_percent,2.700000
1779793377.578,/node/gpu_percent,19.299999
1779793378.078,/node/gpu_percent,79.699997
1779793378.578,/node/gpu_percent,21.600000
1779793379.077,/node/gpu_percent,2.100000
1779793379.579,/node/gpu_percent,51.200001
1779793380.079,/node/gpu_percent,39.900002
1779793380.579,/node/gpu_percent,92.500000
1779793381.082,/node/gpu_percent,72.500000
1779793381.582,/node/gpu_percent,61.500000
1779793382.077,/node/gpu_percent,71.800003
1779793382.577,/node/gpu_percent,88.699997
1779793383.077,/node/gpu_percent,56.299999
1779793383.578,/node/gpu_percent,88.500000
1779793384.079,/node/gpu_percent,7.100000
1779793384.578,/node/gpu_percent,16.500000
1779793385.078,/node/gpu_percent,0.000000
1779793385.577,/node/gpu_percent,32.500000
1779793386.077,/node/gpu_percent,0.000000
1779793386.577,/node/gpu_percent,6.200000
1779793387.078,/node/gpu_percent,43.599998
1779793387.580,/node/gpu_percent,76.300003
1779793388.078,/node/gpu_percent,63.599998
1779793388.578,/node/gpu_percent,39.900002
1779793389.078,/node/gpu_percent,5.900000
1779793389.577,/node/gpu_percent,24.299999
1779793390.077,/node/gpu_percent,39.500000
1779793390.578,/node/gpu_percent,24.000000
1779793391.078,/node/gpu_percent,91.199997
1779793391.579,/node/gpu_percent,89.199997
1779793392.078,/node/gpu_percent,99.300003
1779793392.580,/node/gpu_percent,98.800003
1779793393.078,/node/gpu_percent,99.500000
1779793393.579,/node/gpu_percent,99.400002
1779793394.078,/node/gpu_percent,99.800003
1779793394.579,/node/gpu_percent,99.300003
1779793395.078,/node/gpu_percent,99.199997
1779793395.577,/node/gpu_percent,93.300003
1779793396.078,/node/gpu_percent,99.199997
1779793396.578,/node/gpu_percent,98.800003
1779793397.080,/node/gpu_percent,98.800003
1779793397.578,/node/gpu_percent,99.400002
1779793398.082,/node/gpu_percent,79.500000
1779793398.579,/node/gpu_percent,99.400002
1779793399.078,/node/gpu_percent,99.400002
1779793399.580,/node/gpu_percent,99.300003
1779793400.077,/node/gpu_percent,99.199997
1779793400.578,/node/gpu_percent,99.199997
1779793401.077,/node/gpu_percent,83.000000
1779793401.578,/node/gpu_percent,99.300003
1779793402.077,/node/gpu_percent,99.000000
1779793402.578,/node/gpu_percent,99.400002
1779793403.079,/node/gpu_percent,99.500000
1779793403.579,/node/gpu_percent,98.900002
1779793404.078,/node/gpu_percent,98.800003
1779793404.577,/node/gpu_percent,99.400002
1779793405.082,/node/gpu_percent,99.000000
1779793405.579,/node/gpu_percent,98.800003
1779793406.079,/node/gpu_percent,99.500000
1779793406.581,/node/gpu_percent,99.300003
1779793407.078,/node/gpu_percent,99.099998
1779793407.579,/node/gpu_percent,99.500000
1779793408.078,/node/gpu_percent,99.400002
1779793408.580,/node/gpu_percent,98.699997
1779793409.077,/node/gpu_percent,98.800003
1779793409.579,/node/gpu_percent,99.400002
1779793410.081,/node/gpu_percent,79.000000
1779793410.579,/node/gpu_percent,99.400002
1779793411.078,/node/gpu_percent,98.800003
1779793411.578,/node/gpu_percent,98.900002
1779793412.077,/node/gpu_percent,99.500000
1779793412.578,/node/gpu_percent,99.400002
1779793413.079,/node/gpu_percent,99.099998
1779793413.577,/node/gpu_percent,99.500000
1779793414.079,/node/gpu_percent,99.400002
1779793414.580,/node/gpu_percent,99.199997
1779793415.077,/node/gpu_percent,99.400002
1779793415.577,/node/gpu_percent,99.500000
1779793416.078,/node/gpu_percent,98.900002
1779793416.580,/node/gpu_percent,95.599998
1779793417.077,/node/gpu_percent,99.000000
1779793417.579,/node/gpu_percent,98.800003
1779793418.078,/node/gpu_percent,99.300003
1779793418.578,/node/gpu_percent,99.300003
1779793419.079,/node/gpu_percent,99.000000
1779793419.579,/node/gpu_percent,99.500000
1779793420.081,/node/gpu_percent,83.500000
1779793420.580,/node/gpu_percent,99.500000
1779793421.082,/node/gpu_percent,98.900002
1779793421.581,/node/gpu_percent,98.800003
1779793422.081,/node/gpu_percent,99.500000
1779793422.577,/node/gpu_percent,99.500000
1779793423.075,/node/gpu_percent,99.199997
1779793423.579,/node/gpu_percent,99.199997
1779793424.081,/node/gpu_percent,83.599998
1779793424.581,/node/gpu_percent,95.500000
1779793425.082,/node/gpu_percent,99.000000
1779793425.579,/node/gpu_percent,98.900002
1779793426.079,/node/gpu_percent,99.500000
1779793426.578,/node/gpu_percent,48.599998
1779793427.079,/node/gpu_percent,0.900000
1779793427.581,/node/gpu_percent,91.500000
1779793428.080,/node/gpu_percent,1.600000
1779793428.579,/node/gpu_percent,0.000000
1779793429.078,/node/gpu_percent,20.100000
1779793429.581,/node/gpu_percent,74.699997
1779793430.080,/node/gpu_percent,74.099998
1779793430.579,/node/gpu_percent,6.900000
1779793431.079,/node/gpu_percent,6.000000
1779793431.580,/node/gpu_percent,19.500000
1779793432.078,/node/gpu_percent,58.299999
1779793432.578,/node/gpu_percent,87.199997
1779793433.079,/node/gpu_percent,0.000000
1779793433.579,/node/gpu_percent,13.600000
1779793434.079,/node/gpu_percent,76.500000
1779793434.580,/node/gpu_percent,80.400002
1779793435.079,/node/gpu_percent,42.599998
1779793435.579,/node/gpu_percent,68.699997
1779793436.078,/node/gpu_percent,88.400002
1779793436.581,/node/gpu_percent,0.000000
1779793437.084,/node/gpu_percent,51.500000
1779793437.580,/node/gpu_percent,58.500000
1779793438.078,/node/gpu_percent,63.299999
1779793438.578,/node/gpu_percent,93.000000
1779793439.080,/node/gpu_percent,48.900002
1779793439.580,/node/gpu_percent,56.700001
1779793440.078,/node/gpu_percent,0.000000
1779793440.580,/node/gpu_percent,4.500000
1779793441.080,/node/gpu_percent,2.100000
1779793441.579,/node/gpu_percent,31.600000
1779793442.080,/node/gpu_percent,83.199997
1779793442.580,/node/gpu_percent,44.099998
1779793443.079,/node/gpu_percent,91.500000
1779793443.580,/node/gpu_percent,21.100000
1779793444.080,/node/gpu_percent,77.000000
1779793444.581,/node/gpu_percent,76.099998
1779793445.083,/node/gpu_percent,77.300003
1779793445.580,/node/gpu_percent,5.300000
1779793446.079,/node/gpu_percent,40.700001
1779793446.579,/node/gpu_percent,1.900000
1779793447.078,/node/gpu_percent,64.300003
1779793447.580,/node/gpu_percent,0.000000
1779793448.079,/node/gpu_percent,38.599998
1779793448.579,/node/gpu_percent,4.900000
1779793449.079,/node/gpu_percent,0.000000
1779793449.580,/node/gpu_percent,2.500000
1779793450.079,/node/gpu_percent,0.000000
1779793450.579,/node/gpu_percent,38.400002
1779793451.079,/node/gpu_percent,32.299999
1779793451.582,/node/gpu_percent,75.800003
1779793452.079,/node/gpu_percent,86.900002
1779793452.579,/node/gpu_percent,99.599998
1779793453.079,/node/gpu_percent,99.000000
1779793453.579,/node/gpu_percent,99.500000
1779793454.080,/node/gpu_percent,99.699997
1779793454.581,/node/gpu_percent,99.199997
1779793455.081,/node/gpu_percent,99.000000
1779793455.580,/node/gpu_percent,99.400002
1779793456.080,/node/gpu_percent,89.000000
1779793456.579,/node/gpu_percent,98.900002
1779793457.078,/node/gpu_percent,99.400002
1779793457.579,/node/gpu_percent,99.400002
1779793458.080,/node/gpu_percent,98.800003
1779793458.579,/node/gpu_percent,83.099998
1779793459.081,/node/gpu_percent,98.900002
1779793459.580,/node/gpu_percent,99.199997
1779793460.079,/node/gpu_percent,99.400002
1779793460.580,/node/gpu_percent,99.000000
1779793461.079,/node/gpu_percent,77.900002
1779793461.582,/node/gpu_percent,99.000000
1779793462.080,/node/gpu_percent,98.800003
1779793462.580,/node/gpu_percent,98.800003
1779793463.079,/node/gpu_percent,99.500000
1779793463.582,/node/gpu_percent,99.500000
1779793464.084,/node/gpu_percent,99.000000
1779793464.579,/node/gpu_percent,99.400002
1779793465.080,/node/gpu_percent,99.500000
1779793465.584,/node/gpu_percent,99.000000
1779793466.082,/node/gpu_percent,98.800003
1779793466.580,/node/gpu_percent,99.500000
1779793467.080,/node/gpu_percent,79.099998
1779793467.581,/node/gpu_percent,99.099998
1779793468.080,/node/gpu_percent,99.199997
1779793468.580,/node/gpu_percent,99.400002
1779793469.084,/node/gpu_percent,98.800003
1779793469.579,/node/gpu_percent,98.800003
1779793470.079,/node/gpu_percent,99.400002
1779793470.582,/node/gpu_percent,99.400002
1779793471.080,/node/gpu_percent,99.099998
1779793471.580,/node/gpu_percent,99.400002
1779793472.082,/node/gpu_percent,99.500000
1779793472.582,/node/gpu_percent,99.000000
1779793473.082,/node/gpu_percent,99.400002
1779793473.581,/node/gpu_percent,80.199997
1779793474.082,/node/gpu_percent,99.300003
1779793474.583,/node/gpu_percent,99.199997
1779793475.082,/node/gpu_percent,99.400002
1779793475.581,/node/gpu_percent,99.400002
1779793476.084,/node/gpu_percent,99.400002
1779793476.580,/node/gpu_percent,99.400002
1779793477.079,/node/gpu_percent,78.599998
1779793477.581,/node/gpu_percent,98.800003
1779793478.082,/node/gpu_percent,99.000000
1779793478.582,/node/gpu_percent,99.400002
1779793479.079,/node/gpu_percent,99.500000
1779793479.582,/node/gpu_percent,99.500000
1779793480.083,/node/gpu_percent,98.900002
1779793480.582,/node/gpu_percent,99.000000
1779793481.082,/node/gpu_percent,99.199997
1779793481.581,/node/gpu_percent,99.300003
1779793482.081,/node/gpu_percent,98.699997
1779793302.078,/node/io_read_mbs,0.000000
1779793302.577,/node/io_read_mbs,0.000000
1779793303.075,/node/io_read_mbs,0.000000
1779793303.579,/node/io_read_mbs,0.000000
1779793304.078,/node/io_read_mbs,0.000000
1779793304.577,/node/io_read_mbs,0.000000
1779793305.077,/node/io_read_mbs,0.000000
1779793305.577,/node/io_read_mbs,0.000000
1779793306.077,/node/io_read_mbs,0.000000
1779793306.577,/node/io_read_mbs,0.000000
1779793307.078,/node/io_read_mbs,0.000000
1779793307.577,/node/io_read_mbs,0.000000
1779793308.077,/node/io_read_mbs,0.000000
1779793308.577,/node/io_read_mbs,0.000000
1779793309.081,/node/io_read_mbs,0.000000
1779793309.581,/node/io_read_mbs,0.000000
1779793310.078,/node/io_read_mbs,0.000000
1779793310.579,/node/io_read_mbs,0.000000
1779793311.082,/node/io_read_mbs,0.000000
1779793311.579,/node/io_read_mbs,0.000000
1779793312.079,/node/io_read_mbs,0.000000
1779793312.579,/node/io_read_mbs,0.000000
1779793313.079,/node/io_read_mbs,0.000000
1779793313.579,/node/io_read_mbs,0.000000
1779793314.081,/node/io_read_mbs,0.000000
1779793314.579,/node/io_read_mbs,0.000000
1779793315.081,/node/io_read_mbs,0.000000
1779793315.579,/node/io_read_mbs,0.000000
1779793316.079,/node/io_read_mbs,0.000000
1779793316.579,/node/io_read_mbs,0.000000
1779793317.079,/node/io_read_mbs,0.000000
1779793317.577,/node/io_read_mbs,0.000000
1779793318.079,/node/io_read_mbs,0.000000
1779793318.579,/node/io_read_mbs,0.000000
1779793319.079,/node/io_read_mbs,0.000000
1779793319.579,/node/io_read_mbs,0.000000
1779793320.081,/node/io_read_mbs,0.000000
1779793320.578,/node/io_read_mbs,0.000000
1779793321.081,/node/io_read_mbs,0.000000
1779793321.581,/node/io_read_mbs,0.000000
1779793322.077,/node/io_read_mbs,0.000000
1779793322.578,/node/io_read_mbs,0.000000
1779793323.080,/node/io_read_mbs,0.000000
1779793323.581,/node/io_read_mbs,0.000000
1779793324.077,/node/io_read_mbs,0.000000
1779793324.579,/node/io_read_mbs,0.000000
1779793325.079,/node/io_read_mbs,0.000000
1779793325.579,/node/io_read_mbs,0.000000
1779793326.079,/node/io_read_mbs,0.000000
1779793326.581,/node/io_read_mbs,0.000000
1779793327.078,/node/io_read_mbs,0.000000
1779793327.578,/node/io_read_mbs,0.000000
1779793328.081,/node/io_read_mbs,0.000000
1779793328.578,/node/io_read_mbs,0.000000
1779793329.080,/node/io_read_mbs,0.000000
1779793329.578,/node/io_read_mbs,0.000000
1779793330.082,/node/io_read_mbs,0.000000
1779793330.581,/node/io_read_mbs,0.000000
1779793331.079,/node/io_read_mbs,0.000000
1779793331.581,/node/io_read_mbs,0.000000
1779793332.079,/node/io_read_mbs,0.000000
1779793332.579,/node/io_read_mbs,0.000000
1779793333.077,/node/io_read_mbs,0.000000
1779793333.578,/node/io_read_mbs,0.000000
1779793334.079,/node/io_read_mbs,0.000000
1779793334.579,/node/io_read_mbs,0.000000
1779793335.079,/node/io_read_mbs,0.000000
1779793335.579,/node/io_read_mbs,0.000000
1779793336.078,/node/io_read_mbs,0.000000
1779793336.577,/node/io_read_mbs,0.000000
1779793337.083,/node/io_read_mbs,0.000000
1779793337.581,/node/io_read_mbs,0.000000
1779793338.079,/node/io_read_mbs,0.000000
1779793338.580,/node/io_read_mbs,0.000000
1779793339.081,/node/io_read_mbs,0.000000
1779793339.579,/node/io_read_mbs,0.000000
1779793340.079,/node/io_read_mbs,0.000000
1779793340.579,/node/io_read_mbs,0.000000
1779793341.079,/node/io_read_mbs,0.000000
1779793341.579,/node/io_read_mbs,0.000000
1779793342.080,/node/io_read_mbs,0.000000
1779793342.578,/node/io_read_mbs,0.000000
1779793343.079,/node/io_read_mbs,0.000000
1779793343.581,/node/io_read_mbs,0.000000
1779793344.080,/node/io_read_mbs,0.000000
1779793344.579,/node/io_read_mbs,0.000000
1779793345.081,/node/io_read_mbs,0.000000
1779793345.579,/node/io_read_mbs,0.000000
1779793346.079,/node/io_read_mbs,0.000000
1779793346.582,/node/io_read_mbs,0.000000
1779793347.078,/node/io_read_mbs,0.000000
1779793347.580,/node/io_read_mbs,0.000000
1779793348.079,/node/io_read_mbs,0.000000
1779793348.579,/node/io_read_mbs,0.000000
1779793349.078,/node/io_read_mbs,0.000000
1779793349.577,/node/io_read_mbs,0.000000
1779793350.081,/node/io_read_mbs,0.000000
1779793350.578,/node/io_read_mbs,0.000000
1779793351.078,/node/io_read_mbs,0.000000
1779793351.580,/node/io_read_mbs,0.000000
1779793352.078,/node/io_read_mbs,0.000000
1779793352.580,/node/io_read_mbs,0.000000
1779793353.080,/node/io_read_mbs,0.000000
1779793353.578,/node/io_read_mbs,0.000000
1779793354.078,/node/io_read_mbs,0.000000
1779793354.578,/node/io_read_mbs,0.000000
1779793355.078,/node/io_read_mbs,0.000000
1779793355.578,/node/io_read_mbs,0.000000
1779793356.078,/node/io_read_mbs,0.000000
1779793356.578,/node/io_read_mbs,0.000000
1779793357.078,/node/io_read_mbs,0.000000
1779793357.579,/node/io_read_mbs,0.000000
1779793358.078,/node/io_read_mbs,0.000000
1779793358.578,/node/io_read_mbs,0.000000
1779793359.079,/node/io_read_mbs,0.000000
1779793359.578,/node/io_read_mbs,0.000000
1779793360.078,/node/io_read_mbs,0.000000
1779793360.580,/node/io_read_mbs,0.000000
1779793361.078,/node/io_read_mbs,0.000000
1779793361.578,/node/io_read_mbs,0.000000
1779793362.080,/node/io_read_mbs,0.000000
1779793362.582,/node/io_read_mbs,0.000000
1779793363.077,/node/io_read_mbs,0.000000
1779793363.578,/node/io_read_mbs,0.000000
1779793364.078,/node/io_read_mbs,0.000000
1779793364.578,/node/io_read_mbs,0.000000
1779793365.078,/node/io_read_mbs,0.000000
1779793365.578,/node/io_read_mbs,0.000000
1779793366.079,/node/io_read_mbs,0.000000
1779793366.578,/node/io_read_mbs,0.000000
1779793367.078,/node/io_read_mbs,0.000000
1779793367.579,/node/io_read_mbs,0.000000
1779793368.079,/node/io_read_mbs,0.000000
1779793368.578,/node/io_read_mbs,0.000000
1779793369.080,/node/io_read_mbs,0.000000
1779793369.580,/node/io_read_mbs,0.000000
1779793370.080,/node/io_read_mbs,0.000000
1779793370.579,/node/io_read_mbs,0.000000
1779793371.080,/node/io_read_mbs,0.000000
1779793371.580,/node/io_read_mbs,0.000000
1779793372.082,/node/io_read_mbs,0.000000
1779793372.580,/node/io_read_mbs,0.000000
1779793373.082,/node/io_read_mbs,0.000000
1779793373.580,/node/io_read_mbs,0.000000
1779793374.081,/node/io_read_mbs,0.000000
1779793374.579,/node/io_read_mbs,0.000000
1779793375.079,/node/io_read_mbs,0.000000
1779793375.579,/node/io_read_mbs,0.000000
1779793376.079,/node/io_read_mbs,0.000000
1779793376.581,/node/io_read_mbs,0.000000
1779793377.082,/node/io_read_mbs,0.000000
1779793377.581,/node/io_read_mbs,0.000000
1779793378.080,/node/io_read_mbs,0.000000
1779793378.579,/node/io_read_mbs,0.000000
1779793379.079,/node/io_read_mbs,0.000000
1779793379.579,/node/io_read_mbs,0.000000
1779793380.083,/node/io_read_mbs,0.000000
1779793380.581,/node/io_read_mbs,0.000000
1779793381.083,/node/io_read_mbs,0.000000
1779793381.583,/node/io_read_mbs,0.000000
1779793382.079,/node/io_read_mbs,0.000000
1779793382.579,/node/io_read_mbs,0.000000
1779793383.079,/node/io_read_mbs,0.000000
1779793383.579,/node/io_read_mbs,0.000000
1779793384.080,/node/io_read_mbs,0.000000
1779793384.579,/node/io_read_mbs,0.000000
1779793385.080,/node/io_read_mbs,0.000000
1779793385.579,/node/io_read_mbs,0.000000
1779793386.079,/node/io_read_mbs,0.000000
1779793386.579,/node/io_read_mbs,0.000000
1779793387.080,/node/io_read_mbs,0.000000
1779793387.581,/node/io_read_mbs,0.000000
1779793388.079,/node/io_read_mbs,0.000000
1779793388.579,/node/io_read_mbs,0.000000
1779793389.080,/node/io_read_mbs,0.000000
1779793389.579,/node/io_read_mbs,0.000000
1779793390.079,/node/io_read_mbs,0.000000
1779793390.579,/node/io_read_mbs,0.000000
1779793391.080,/node/io_read_mbs,0.000000
1779793391.581,/node/io_read_mbs,0.000000
1779793392.079,/node/io_read_mbs,0.000000
1779793392.583,/node/io_read_mbs,0.000000
1779793393.081,/node/io_read_mbs,0.000000
1779793393.581,/node/io_read_mbs,0.000000
1779793394.079,/node/io_read_mbs,0.000000
1779793394.581,/node/io_read_mbs,0.000000
1779793395.081,/node/io_read_mbs,0.000000
1779793395.579,/node/io_read_mbs,0.000000
1779793396.080,/node/io_read_mbs,0.000000
1779793396.580,/node/io_read_mbs,0.000000
1779793397.081,/node/io_read_mbs,0.000000
1779793397.580,/node/io_read_mbs,0.000000
1779793398.084,/node/io_read_mbs,0.000000
1779793398.581,/node/io_read_mbs,0.000000
1779793399.079,/node/io_read_mbs,0.000000
1779793399.581,/node/io_read_mbs,0.000000
1779793400.079,/node/io_read_mbs,0.000000
1779793400.579,/node/io_read_mbs,0.000000
1779793401.079,/node/io_read_mbs,0.000000
1779793401.579,/node/io_read_mbs,0.000000
1779793402.079,/node/io_read_mbs,0.000000
1779793402.579,/node/io_read_mbs,0.000000
1779793403.079,/node/io_read_mbs,0.000000
1779793403.579,/node/io_read_mbs,0.000000
1779793404.079,/node/io_read_mbs,0.000000
1779793404.580,/node/io_read_mbs,0.000000
1779793405.083,/node/io_read_mbs,0.000000
1779793405.579,/node/io_read_mbs,0.000000
1779793406.079,/node/io_read_mbs,0.000000
1779793406.583,/node/io_read_mbs,0.000000
1779793407.080,/node/io_read_mbs,0.000000
1779793407.579,/node/io_read_mbs,0.000000
1779793408.080,/node/io_read_mbs,0.000000
1779793408.581,/node/io_read_mbs,0.000000
1779793409.079,/node/io_read_mbs,0.000000
1779793409.580,/node/io_read_mbs,0.000000
1779793410.082,/node/io_read_mbs,0.000000
1779793410.582,/node/io_read_mbs,0.000000
1779793411.079,/node/io_read_mbs,0.000000
1779793411.579,/node/io_read_mbs,0.000000
1779793412.079,/node/io_read_mbs,0.000000
1779793412.581,/node/io_read_mbs,0.000000
1779793413.079,/node/io_read_mbs,0.000000
1779793413.579,/node/io_read_mbs,0.000000
1779793414.079,/node/io_read_mbs,0.000000
1779793414.582,/node/io_read_mbs,0.000000
1779793415.079,/node/io_read_mbs,0.000000
1779793415.579,/node/io_read_mbs,0.000000
1779793416.079,/node/io_read_mbs,0.000000
1779793416.580,/node/io_read_mbs,0.000000
1779793417.079,/node/io_read_mbs,0.000000
1779793417.579,/node/io_read_mbs,0.000000
1779793418.081,/node/io_read_mbs,0.000000
1779793418.581,/node/io_read_mbs,0.000000
1779793419.080,/node/io_read_mbs,0.000000
1779793419.582,/node/io_read_mbs,0.000000
1779793420.082,/node/io_read_mbs,0.000000
1779793420.582,/node/io_read_mbs,0.000000
1779793421.084,/node/io_read_mbs,0.000000
1779793421.583,/node/io_read_mbs,0.000000
1779793422.082,/node/io_read_mbs,0.000000
1779793422.580,/node/io_read_mbs,0.000000
1779793423.078,/node/io_read_mbs,0.000000
1779793423.581,/node/io_read_mbs,0.000000
1779793424.081,/node/io_read_mbs,0.000000
1779793424.583,/node/io_read_mbs,0.000000
1779793425.083,/node/io_read_mbs,0.000000
1779793425.580,/node/io_read_mbs,0.000000
1779793426.081,/node/io_read_mbs,0.000000
1779793426.579,/node/io_read_mbs,0.000000
1779793427.081,/node/io_read_mbs,0.000000
1779793427.582,/node/io_read_mbs,0.000000
1779793428.083,/node/io_read_mbs,0.000000
1779793428.580,/node/io_read_mbs,0.000000
1779793429.080,/node/io_read_mbs,0.000000
1779793429.583,/node/io_read_mbs,0.000000
1779793430.083,/node/io_read_mbs,0.000000
1779793430.580,/node/io_read_mbs,0.000000
1779793431.080,/node/io_read_mbs,0.000000
1779793431.582,/node/io_read_mbs,0.000000
1779793432.083,/node/io_read_mbs,0.000000
1779793432.580,/node/io_read_mbs,0.000000
1779793433.081,/node/io_read_mbs,0.000000
1779793433.580,/node/io_read_mbs,0.000000
1779793434.081,/node/io_read_mbs,0.000000
1779793434.586,/node/io_read_mbs,0.000000
1779793435.084,/node/io_read_mbs,0.000000
1779793435.580,/node/io_read_mbs,0.000000
1779793436.080,/node/io_read_mbs,0.000000
1779793436.582,/node/io_read_mbs,0.000000
1779793437.086,/node/io_read_mbs,0.000000
1779793437.583,/node/io_read_mbs,0.000000
1779793438.080,/node/io_read_mbs,0.000000
1779793438.580,/node/io_read_mbs,0.000000
1779793439.081,/node/io_read_mbs,0.000000
1779793439.581,/node/io_read_mbs,0.000000
1779793440.080,/node/io_read_mbs,0.000000
1779793440.582,/node/io_read_mbs,0.000000
1779793441.082,/node/io_read_mbs,0.000000
1779793441.580,/node/io_read_mbs,0.000000
1779793442.082,/node/io_read_mbs,0.000000
1779793442.583,/node/io_read_mbs,0.000000
1779793443.080,/node/io_read_mbs,0.000000
1779793443.580,/node/io_read_mbs,0.000000
1779793444.081,/node/io_read_mbs,0.000000
1779793444.582,/node/io_read_mbs,0.000000
1779793445.084,/node/io_read_mbs,0.000000
1779793445.582,/node/io_read_mbs,0.000000
1779793446.082,/node/io_read_mbs,0.000000
1779793446.582,/node/io_read_mbs,0.000000
1779793447.080,/node/io_read_mbs,0.000000
1779793447.581,/node/io_read_mbs,0.000000
1779793448.083,/node/io_read_mbs,0.000000
1779793448.582,/node/io_read_mbs,0.000000
1779793449.081,/node/io_read_mbs,0.000000
1779793449.581,/node/io_read_mbs,0.000000
1779793450.081,/node/io_read_mbs,0.000000
1779793450.580,/node/io_read_mbs,0.000000
1779793451.080,/node/io_read_mbs,0.000000
1779793451.584,/node/io_read_mbs,0.000000
1779793452.082,/node/io_read_mbs,0.000000
1779793452.582,/node/io_read_mbs,0.000000
1779793453.080,/node/io_read_mbs,0.000000
1779793453.582,/node/io_read_mbs,0.000000
1779793454.082,/node/io_read_mbs,0.000000
1779793454.584,/node/io_read_mbs,0.000000
1779793455.081,/node/io_read_mbs,0.000000
1779793455.581,/node/io_read_mbs,0.000000
1779793456.083,/node/io_read_mbs,0.000000
1779793456.581,/node/io_read_mbs,0.000000
1779793457.080,/node/io_read_mbs,0.000000
1779793457.582,/node/io_read_mbs,0.000000
1779793458.082,/node/io_read_mbs,0.000000
1779793458.580,/node/io_read_mbs,0.000000
1779793459.082,/node/io_read_mbs,0.000000
1779793459.581,/node/io_read_mbs,0.000000
1779793460.083,/node/io_read_mbs,0.000000
1779793460.583,/node/io_read_mbs,0.000000
1779793461.082,/node/io_read_mbs,0.000000
1779793461.584,/node/io_read_mbs,0.000000
1779793462.082,/node/io_read_mbs,0.000000
1779793462.581,/node/io_read_mbs,0.000000
1779793463.083,/node/io_read_mbs,0.000000
1779793463.583,/node/io_read_mbs,0.000000
1779793464.085,/node/io_read_mbs,0.000000
1779793464.581,/node/io_read_mbs,0.000000
1779793465.081,/node/io_read_mbs,0.000000
1779793465.586,/node/io_read_mbs,0.000000
1779793466.084,/node/io_read_mbs,0.000000
1779793466.582,/node/io_read_mbs,0.000000
1779793467.082,/node/io_read_mbs,0.000000
1779793467.583,/node/io_read_mbs,0.000000
1779793468.081,/node/io_read_mbs,0.000000
1779793468.582,/node/io_read_mbs,0.000000
1779793469.085,/node/io_read_mbs,0.000000
1779793469.583,/node/io_read_mbs,0.000000
1779793470.081,/node/io_read_mbs,0.000000
1779793470.585,/node/io_read_mbs,0.000000
1779793471.082,/node/io_read_mbs,0.000000
1779793471.582,/node/io_read_mbs,0.000000
1779793472.085,/node/io_read_mbs,0.000000
1779793472.584,/node/io_read_mbs,0.000000
1779793473.084,/node/io_read_mbs,0.000000
1779793473.583,/node/io_read_mbs,0.000000
1779793474.085,/node/io_read_mbs,0.000000
1779793474.584,/node/io_read_mbs,0.000000
1779793475.085,/node/io_read_mbs,0.000000
1779793475.583,/node/io_read_mbs,0.000000
1779793476.085,/node/io_read_mbs,0.000000
1779793476.583,/node/io_read_mbs,0.000000
1779793477.082,/node/io_read_mbs,0.000000
1779793477.583,/node/io_read_mbs,0.000000
1779793478.084,/node/io_read_mbs,0.000000
1779793478.584,/node/io_read_mbs,0.000000
1779793479.083,/node/io_read_mbs,0.000000
1779793479.585,/node/io_read_mbs,0.000000
1779793480.085,/node/io_read_mbs,0.000000
1779793480.585,/node/io_read_mbs,0.000000
1779793481.085,/node/io_read_mbs,0.000000
1779793481.582,/node/io_read_mbs,0.000000
1779793482.083,/node/io_read_mbs,0.000000
1779793302.079,/node/io_write_mbs,0.000000
1779793302.578,/node/io_write_mbs,0.015632
1779793303.076,/node/io_write_mbs,0.000000
1779793303.580,/node/io_write_mbs,0.000000
1779793304.079,/node/io_write_mbs,0.000000
1779793304.578,/node/io_write_mbs,0.000000
1779793305.078,/node/io_write_mbs,0.000000
1779793305.578,/node/io_write_mbs,0.000000
1779793306.078,/node/io_write_mbs,0.046862
1779793306.578,/node/io_write_mbs,0.000000
1779793307.079,/node/io_write_mbs,0.000000
1779793307.578,/node/io_write_mbs,0.000000
1779793308.078,/node/io_write_mbs,0.000000
1779793308.578,/node/io_write_mbs,0.000000
1779793309.081,/node/io_write_mbs,0.000000
1779793309.582,/node/io_write_mbs,0.000000
1779793310.079,/node/io_write_mbs,0.000000
1779793310.580,/node/io_write_mbs,0.000000
1779793311.083,/node/io_write_mbs,0.062537
1779793311.580,/node/io_write_mbs,0.000000
1779793312.080,/node/io_write_mbs,0.000000
1779793312.580,/node/io_write_mbs,0.000000
1779793313.080,/node/io_write_mbs,0.000000
1779793313.580,/node/io_write_mbs,0.000000
1779793314.082,/node/io_write_mbs,0.000000
1779793314.580,/node/io_write_mbs,0.000000
1779793315.082,/node/io_write_mbs,0.031266
1779793315.580,/node/io_write_mbs,0.000000
1779793316.080,/node/io_write_mbs,0.062411
1779793316.580,/node/io_write_mbs,0.000000
1779793317.080,/node/io_write_mbs,0.000000
1779793317.578,/node/io_write_mbs,0.000000
1779793318.079,/node/io_write_mbs,0.000000
1779793318.580,/node/io_write_mbs,0.000000
1779793319.080,/node/io_write_mbs,0.000000
1779793319.580,/node/io_write_mbs,0.000000
1779793320.082,/node/io_write_mbs,0.000000
1779793320.579,/node/io_write_mbs,0.000000
1779793321.082,/node/io_write_mbs,0.062520
1779793321.582,/node/io_write_mbs,0.000000
1779793322.078,/node/io_write_mbs,0.000000
1779793322.579,/node/io_write_mbs,0.000000
1779793323.081,/node/io_write_mbs,0.000000
1779793323.582,/node/io_write_mbs,0.000000
1779793324.078,/node/io_write_mbs,0.000000
1779793324.580,/node/io_write_mbs,0.000000
1779793325.080,/node/io_write_mbs,0.000000
1779793325.580,/node/io_write_mbs,0.000000
1779793326.080,/node/io_write_mbs,0.046759
1779793326.582,/node/io_write_mbs,0.000000
1779793327.079,/node/io_write_mbs,0.000000
1779793327.579,/node/io_write_mbs,0.000000
1779793328.082,/node/io_write_mbs,0.000000
1779793328.579,/node/io_write_mbs,0.000000
1779793329.081,/node/io_write_mbs,0.000000
1779793329.579,/node/io_write_mbs,0.000000
1779793330.083,/node/io_write_mbs,0.000000
1779793330.582,/node/io_write_mbs,0.000000
1779793331.080,/node/io_write_mbs,0.062477
1779793331.582,/node/io_write_mbs,0.000000
1779793332.080,/node/io_write_mbs,0.000000
1779793332.580,/node/io_write_mbs,0.000000
1779793333.078,/node/io_write_mbs,0.000000
1779793333.579,/node/io_write_mbs,0.000000
1779793334.080,/node/io_write_mbs,0.000000
1779793334.580,/node/io_write_mbs,0.000000
1779793335.080,/node/io_write_mbs,0.046861
1779793335.580,/node/io_write_mbs,0.000000
1779793336.091,/node/io_write_mbs,0.000000
1779793336.578,/node/io_write_mbs,0.000000
1779793337.084,/node/io_write_mbs,0.015640
1779793337.582,/node/io_write_mbs,0.000000
1779793338.080,/node/io_write_mbs,0.000000
1779793338.581,/node/io_write_mbs,0.000000
1779793339.082,/node/io_write_mbs,0.000000
1779793339.580,/node/io_write_mbs,0.000000
1779793340.080,/node/io_write_mbs,0.000000
1779793340.580,/node/io_write_mbs,0.000000
1779793341.080,/node/io_write_mbs,0.046906
1779793341.580,/node/io_write_mbs,0.000000
1779793342.081,/node/io_write_mbs,0.000000
1779793342.580,/node/io_write_mbs,0.000000
1779793343.080,/node/io_write_mbs,0.000000
1779793343.582,/node/io_write_mbs,0.000000
1779793344.082,/node/io_write_mbs,0.000000
1779793344.582,/node/io_write_mbs,0.000000
1779793345.081,/node/io_write_mbs,0.000000
1779793345.582,/node/io_write_mbs,0.000000
1779793346.080,/node/io_write_mbs,0.046810
1779793346.583,/node/io_write_mbs,0.000000
1779793347.079,/node/io_write_mbs,0.031196
1779793347.582,/node/io_write_mbs,0.000000
1779793348.080,/node/io_write_mbs,0.000000
1779793348.580,/node/io_write_mbs,0.000000
1779793349.079,/node/io_write_mbs,0.000000
1779793349.578,/node/io_write_mbs,0.000000
1779793350.082,/node/io_write_mbs,0.000000
1779793350.579,/node/io_write_mbs,0.000000
1779793351.079,/node/io_write_mbs,0.062489
1779793351.581,/node/io_write_mbs,0.000000
1779793352.079,/node/io_write_mbs,0.000000
1779793352.581,/node/io_write_mbs,0.000000
1779793353.081,/node/io_write_mbs,0.000000
1779793353.579,/node/io_write_mbs,0.000000
1779793354.079,/node/io_write_mbs,0.000000
1779793354.579,/node/io_write_mbs,0.000000
1779793355.079,/node/io_write_mbs,0.031255
1779793355.579,/node/io_write_mbs,0.000000
1779793356.079,/node/io_write_mbs,0.046882
1779793356.579,/node/io_write_mbs,0.000000
1779793357.079,/node/io_write_mbs,0.000000
1779793357.580,/node/io_write_mbs,0.000000
1779793358.079,/node/io_write_mbs,0.000000
1779793358.579,/node/io_write_mbs,0.000000
1779793359.080,/node/io_write_mbs,0.000000
1779793359.579,/node/io_write_mbs,0.000000
1779793360.079,/node/io_write_mbs,0.000000
1779793360.581,/node/io_write_mbs,0.000000
1779793361.079,/node/io_write_mbs,0.046855
1779793361.579,/node/io_write_mbs,0.000000
1779793362.081,/node/io_write_mbs,0.000000
1779793362.583,/node/io_write_mbs,0.000000
1779793363.078,/node/io_write_mbs,0.000000
1779793363.579,/node/io_write_mbs,0.000000
1779793364.079,/node/io_write_mbs,0.000000
1779793364.579,/node/io_write_mbs,0.000000
1779793365.079,/node/io_write_mbs,0.000000
1779793365.579,/node/io_write_mbs,0.000000
1779793366.080,/node/io_write_mbs,0.000000
1779793366.579,/node/io_write_mbs,0.000000
1779793367.079,/node/io_write_mbs,0.000000
1779793367.579,/node/io_write_mbs,0.000000
1779793368.080,/node/io_write_mbs,0.000000
1779793368.579,/node/io_write_mbs,0.000000
1779793369.081,/node/io_write_mbs,0.000000
1779793369.581,/node/io_write_mbs,0.000000
1779793370.081,/node/io_write_mbs,0.000000
1779793370.580,/node/io_write_mbs,0.000000
1779793371.081,/node/io_write_mbs,0.062462
1779793371.581,/node/io_write_mbs,0.000000
1779793372.083,/node/io_write_mbs,0.000000
1779793372.582,/node/io_write_mbs,0.031238
1779793373.083,/node/io_write_mbs,0.000000
1779793373.581,/node/io_write_mbs,0.000000
1779793374.084,/node/io_write_mbs,0.000000
1779793374.580,/node/io_write_mbs,0.000000
1779793375.080,/node/io_write_mbs,0.031244
1779793375.580,/node/io_write_mbs,0.000000
1779793376.080,/node/io_write_mbs,0.109412
1779793376.582,/node/io_write_mbs,0.000000
1779793377.083,/node/io_write_mbs,0.000000
1779793377.582,/node/io_write_mbs,0.000000
1779793378.081,/node/io_write_mbs,0.000000
1779793378.580,/node/io_write_mbs,0.000000
1779793379.080,/node/io_write_mbs,0.000000
1779793379.580,/node/io_write_mbs,0.000000
1779793380.084,/node/io_write_mbs,0.000000
1779793380.582,/node/io_write_mbs,0.000000
1779793381.084,/node/io_write_mbs,0.109378
1779793381.584,/node/io_write_mbs,0.000000
1779793382.080,/node/io_write_mbs,0.000000
1779793382.580,/node/io_write_mbs,0.000000
1779793383.080,/node/io_write_mbs,0.000000
1779793383.580,/node/io_write_mbs,0.000000
1779793384.081,/node/io_write_mbs,0.000000
1779793384.580,/node/io_write_mbs,0.000000
1779793385.081,/node/io_write_mbs,0.000000
1779793385.580,/node/io_write_mbs,0.000000
1779793386.080,/node/io_write_mbs,0.046884
1779793386.580,/node/io_write_mbs,0.000000
1779793387.081,/node/io_write_mbs,0.000000
1779793387.582,/node/io_write_mbs,0.000000
1779793388.080,/node/io_write_mbs,0.000000
1779793388.580,/node/io_write_mbs,0.000000
1779793389.081,/node/io_write_mbs,0.000000
1779793389.580,/node/io_write_mbs,0.000000
1779793390.080,/node/io_write_mbs,0.000000
1779793390.580,/node/io_write_mbs,0.000000
1779793391.081,/node/io_write_mbs,0.062501
1779793391.582,/node/io_write_mbs,0.000000
1779793392.080,/node/io_write_mbs,0.000000
1779793392.584,/node/io_write_mbs,0.000000
1779793393.081,/node/io_write_mbs,0.000000
1779793393.582,/node/io_write_mbs,0.000000
1779793394.080,/node/io_write_mbs,0.000000
1779793394.582,/node/io_write_mbs,0.000000
1779793395.082,/node/io_write_mbs,0.031256
1779793395.580,/node/io_write_mbs,0.000000
1779793396.082,/node/io_write_mbs,0.046881
1779793396.581,/node/io_write_mbs,0.000000
1779793397.083,/node/io_write_mbs,0.000000
1779793397.581,/node/io_write_mbs,0.000000
1779793398.085,/node/io_write_mbs,0.000000
1779793398.581,/node/io_write_mbs,0.000000
1779793399.080,/node/io_write_mbs,0.000000
1779793399.582,/node/io_write_mbs,0.000000
1779793400.080,/node/io_write_mbs,0.000000
1779793400.580,/node/io_write_mbs,0.000000
1779793401.080,/node/io_write_mbs,0.046853
1779793401.580,/node/io_write_mbs,0.000000
1779793402.080,/node/io_write_mbs,0.000000
1779793402.580,/node/io_write_mbs,0.000000
1779793403.080,/node/io_write_mbs,0.000000
1779793403.580,/node/io_write_mbs,0.000000
1779793404.080,/node/io_write_mbs,0.000000
1779793404.581,/node/io_write_mbs,0.031257
1779793405.084,/node/io_write_mbs,0.000000
1779793405.581,/node/io_write_mbs,0.000000
1779793406.080,/node/io_write_mbs,0.046887
1779793406.584,/node/io_write_mbs,0.000000
1779793407.081,/node/io_write_mbs,0.000000
1779793407.580,/node/io_write_mbs,0.000000
1779793408.080,/node/io_write_mbs,0.000000
1779793408.582,/node/io_write_mbs,0.000000
1779793409.081,/node/io_write_mbs,0.000000
1779793409.580,/node/io_write_mbs,0.015625
1779793410.084,/node/io_write_mbs,0.000000
1779793410.583,/node/io_write_mbs,0.000000
1779793411.080,/node/io_write_mbs,0.062506
1779793411.580,/node/io_write_mbs,0.000000
1779793412.080,/node/io_write_mbs,0.000000
1779793412.582,/node/io_write_mbs,0.000000
1779793413.080,/node/io_write_mbs,0.000000
1779793413.580,/node/io_write_mbs,0.000000
1779793414.080,/node/io_write_mbs,0.000000
1779793414.582,/node/io_write_mbs,0.000000
1779793415.080,/node/io_write_mbs,0.031231
1779793415.580,/node/io_write_mbs,0.000000
1779793416.080,/node/io_write_mbs,0.109445
1779793416.580,/node/io_write_mbs,0.000000
1779793417.080,/node/io_write_mbs,0.000000
1779793417.581,/node/io_write_mbs,0.000000
1779793418.082,/node/io_write_mbs,0.000000
1779793418.582,/node/io_write_mbs,0.000000
1779793419.080,/node/io_write_mbs,0.000000
1779793419.582,/node/io_write_mbs,0.000000
1779793420.084,/node/io_write_mbs,0.000000
1779793420.582,/node/io_write_mbs,0.000000
1779793421.085,/node/io_write_mbs,0.109434
1779793421.584,/node/io_write_mbs,0.000000
1779793422.083,/node/io_write_mbs,0.000000
1779793422.581,/node/io_write_mbs,0.000000
1779793423.079,/node/io_write_mbs,0.000000
1779793423.582,/node/io_write_mbs,0.000000
1779793424.082,/node/io_write_mbs,0.000000
1779793424.584,/node/io_write_mbs,0.000000
1779793425.084,/node/io_write_mbs,0.000000
1779793425.581,/node/io_write_mbs,0.000000
1779793426.083,/node/io_write_mbs,0.046881
1779793426.588,/node/io_write_mbs,0.000000
1779793427.082,/node/io_write_mbs,0.000000
1779793427.583,/node/io_write_mbs,0.000000
1779793428.084,/node/io_write_mbs,0.000000
1779793428.581,/node/io_write_mbs,0.000000
1779793429.082,/node/io_write_mbs,0.000000
1779793429.584,/node/io_write_mbs,0.000000
1779793430.084,/node/io_write_mbs,0.000000
1779793430.581,/node/io_write_mbs,0.000000
1779793431.082,/node/io_write_mbs,0.078092
1779793431.583,/node/io_write_mbs,0.000000
1779793432.084,/node/io_write_mbs,0.000000
1779793432.581,/node/io_write_mbs,0.000000
1779793433.081,/node/io_write_mbs,0.000000
1779793433.581,/node/io_write_mbs,0.000000
1779793434.081,/node/io_write_mbs,0.000000
1779793434.587,/node/io_write_mbs,0.000000
1779793435.085,/node/io_write_mbs,0.046829
1779793435.581,/node/io_write_mbs,0.000000
1779793436.081,/node/io_write_mbs,0.046830
1779793436.582,/node/io_write_mbs,0.000000
1779793437.086,/node/io_write_mbs,0.000000
1779793437.584,/node/io_write_mbs,0.000000
1779793438.081,/node/io_write_mbs,0.000000
1779793438.581,/node/io_write_mbs,0.000000
1779793439.082,/node/io_write_mbs,0.000000
1779793439.583,/node/io_write_mbs,0.000000
1779793440.082,/node/io_write_mbs,0.000000
1779793440.584,/node/io_write_mbs,0.000000
1779793441.083,/node/io_write_mbs,0.046856
1779793441.581,/node/io_write_mbs,0.000000
1779793442.083,/node/io_write_mbs,0.015636
1779793442.584,/node/io_write_mbs,0.000000
1779793443.081,/node/io_write_mbs,0.000000
1779793443.582,/node/io_write_mbs,0.000000
1779793444.081,/node/io_write_mbs,0.000000
1779793444.583,/node/io_write_mbs,0.000000
1779793445.085,/node/io_write_mbs,0.000000
1779793445.583,/node/io_write_mbs,0.000000
1779793446.083,/node/io_write_mbs,0.046838
1779793446.582,/node/io_write_mbs,0.000000
1779793447.082,/node/io_write_mbs,0.000000
1779793447.582,/node/io_write_mbs,0.000000
1779793448.083,/node/io_write_mbs,0.000000
1779793448.583,/node/io_write_mbs,0.000000
1779793449.081,/node/io_write_mbs,0.000000
1779793449.582,/node/io_write_mbs,0.000000
1779793450.082,/node/io_write_mbs,0.000000
1779793450.582,/node/io_write_mbs,0.000000
1779793451.081,/node/io_write_mbs,0.062528
1779793451.586,/node/io_write_mbs,0.000000
1779793452.083,/node/io_write_mbs,0.000000
1779793452.583,/node/io_write_mbs,0.000000
1779793453.081,/node/io_write_mbs,0.000000
1779793453.594,/node/io_write_mbs,0.000000
1779793454.084,/node/io_write_mbs,0.000000
1779793454.585,/node/io_write_mbs,0.000000
1779793455.082,/node/io_write_mbs,0.046922
1779793455.581,/node/io_write_mbs,0.000000
1779793456.084,/node/io_write_mbs,0.000000
1779793456.582,/node/io_write_mbs,0.000000
1779793457.082,/node/io_write_mbs,0.000000
1779793457.583,/node/io_write_mbs,0.000000
1779793458.083,/node/io_write_mbs,0.000000
1779793458.581,/node/io_write_mbs,0.000000
1779793459.083,/node/io_write_mbs,0.000000
1779793459.582,/node/io_write_mbs,0.000000
1779793460.084,/node/io_write_mbs,0.000000
1779793460.583,/node/io_write_mbs,0.000000
1779793461.084,/node/io_write_mbs,0.046869
1779793461.586,/node/io_write_mbs,0.000000
1779793462.084,/node/io_write_mbs,0.000000
1779793462.582,/node/io_write_mbs,0.031263
1779793463.083,/node/io_write_mbs,0.000000
1779793463.583,/node/io_write_mbs,0.000000
1779793464.085,/node/io_write_mbs,0.000000
1779793464.582,/node/io_write_mbs,0.000000
1779793465.083,/node/io_write_mbs,0.000000
1779793465.588,/node/io_write_mbs,0.000000
1779793466.084,/node/io_write_mbs,0.046776
1779793466.583,/node/io_write_mbs,0.000000
1779793467.084,/node/io_write_mbs,0.000000
1779793467.584,/node/io_write_mbs,0.000000
1779793468.083,/node/io_write_mbs,0.000000
1779793468.583,/node/io_write_mbs,0.000000
1779793469.085,/node/io_write_mbs,0.000000
1779793469.583,/node/io_write_mbs,0.000000
1779793470.082,/node/io_write_mbs,0.000000
1779793470.585,/node/io_write_mbs,0.000000
1779793471.084,/node/io_write_mbs,0.000000
1779793471.584,/node/io_write_mbs,0.015621
1779793472.097,/node/io_write_mbs,0.000000
1779793472.585,/node/io_write_mbs,0.000000
1779793473.086,/node/io_write_mbs,0.000000
1779793473.583,/node/io_write_mbs,0.000000
1779793474.086,/node/io_write_mbs,0.000000
1779793474.585,/node/io_write_mbs,0.000000
1779793475.085,/node/io_write_mbs,0.000000
1779793475.584,/node/io_write_mbs,0.062491
1779793476.085,/node/io_write_mbs,0.000000
1779793476.584,/node/io_write_mbs,0.000000
1779793477.083,/node/io_write_mbs,0.000000
1779793477.584,/node/io_write_mbs,0.015631
1779793478.086,/node/io_write_mbs,0.000000
1779793478.585,/node/io_write_mbs,0.000000
1779793479.084,/node/io_write_mbs,0.000000
1779793479.586,/node/io_write_mbs,0.000000
1779793480.086,/node/io_write_mbs,0.000000
1779793480.586,/node/io_write_mbs,0.015616
1779793481.086,/node/io_write_mbs,0.046883
1779793481.583,/node/io_write_mbs,0.000000
1779793482.084,/node/io_write_mbs,0.000000
1779793308.736,/llava/metrics_inference_ms,36974.617188
1779793368.747,/llava/metrics_inference_ms,36930.031250
1779793426.430,/llava/metrics_inference_ms,34558.734375
1779793308.736,/llava/metrics_latency_ms,36999.109375
1779793368.748,/llava/metrics_latency_ms,36954.402344
1779793426.432,/llava/metrics_latency_ms,34583.421875
