{
  "elapsed_s": 25.156265020370483,
  "latency": {
    "samples": 56,
    "avg_ms": 707.6333588191441,
    "p50_ms": 595.1830749511719,
    "p95_ms": 1576.0432434082031,
    "jitter_p95_p50_ms": 980.8601684570312,
    "first_sample_unix": 1773996685.4407775,
    "last_sample_unix": 1773996710.335133
  },
  "inference": {
    "samples": 55,
    "avg_ms": 616.8830221002752,
    "p50_ms": 431.6112976074219,
    "p95_ms": 1479.2649780273423,
    "jitter_p95_p50_ms": 1047.6536804199204,
    "first_sample_unix": 1773996685.4408922,
    "last_sample_unix": 1773996709.744688
  },
  "effective_fps": 2.2260856273637426
}