timestamp_unix,topic,value
1779482596.901,/benchmark/inference_ms,233.017883
1779482597.176,/benchmark/inference_ms,236.288452
1779482597.608,/benchmark/inference_ms,383.274017
1779482597.995,/benchmark/inference_ms,343.052094
1779482598.338,/benchmark/inference_ms,303.657135
1779482598.779,/benchmark/inference_ms,397.882996
1779482599.149,/benchmark/inference_ms,329.269165
1779482599.530,/benchmark/inference_ms,338.714355
1779482599.891,/benchmark/inference_ms,316.817841
1779482600.260,/benchmark/inference_ms,326.149414
1779482600.632,/benchmark/inference_ms,322.716217
1779482601.002,/benchmark/inference_ms,330.913605
1779482601.412,/benchmark/inference_ms,359.086792
1779482601.801,/benchmark/inference_ms,345.790894
1779482602.160,/benchmark/inference_ms,312.242310
1779482602.543,/benchmark/inference_ms,340.704468
1779482602.926,/benchmark/inference_ms,335.987366
1779482603.347,/benchmark/inference_ms,386.280090
1779482603.754,/benchmark/inference_ms,364.487366
1779482604.108,/benchmark/inference_ms,314.545959
1779482604.526,/benchmark/inference_ms,375.851410
1779482604.908,/benchmark/inference_ms,340.022736
1779482605.295,/benchmark/inference_ms,343.428162
1779482605.699,/benchmark/inference_ms,358.581512
1779482606.082,/benchmark/inference_ms,342.055573
1779482606.441,/benchmark/inference_ms,332.848389
1779482606.818,/benchmark/inference_ms,341.419342
1779482607.106,/benchmark/inference_ms,246.087555
1779482607.497,/benchmark/inference_ms,345.859680
1779482607.888,/benchmark/inference_ms,335.768738
1779482608.248,/benchmark/inference_ms,320.545898
1779482608.689,/benchmark/inference_ms,380.186676
1779482609.058,/benchmark/inference_ms,331.430969
1779482609.431,/benchmark/inference_ms,328.510559
1779482609.833,/benchmark/inference_ms,355.271881
1779482610.270,/benchmark/inference_ms,375.249939
1779482610.680,/benchmark/inference_ms,370.594208
1779482611.043,/benchmark/inference_ms,315.822815
1779482611.376,/benchmark/inference_ms,292.716553
1779482611.802,/benchmark/inference_ms,381.700043
1779482612.209,/benchmark/inference_ms,365.000488
1779482612.574,/benchmark/inference_ms,321.699585
1779482612.958,/benchmark/inference_ms,331.001221
1779482613.344,/benchmark/inference_ms,331.184967
1779482613.730,/benchmark/inference_ms,346.758514
1779482614.180,/benchmark/inference_ms,398.055115
1779482614.566,/benchmark/inference_ms,341.725922
1779482614.934,/benchmark/inference_ms,325.023041
1779482615.288,/benchmark/inference_ms,308.848419
1779482615.698,/benchmark/inference_ms,369.528168
1779482616.054,/benchmark/inference_ms,309.311096
1779482616.386,/benchmark/inference_ms,306.424408
1779482616.751,/benchmark/inference_ms,334.068848
1779482617.102,/benchmark/inference_ms,302.899231
1779482617.395,/benchmark/inference_ms,255.844925
1779482617.783,/benchmark/inference_ms,346.141724
1779482618.210,/benchmark/inference_ms,372.054230
1779482618.578,/benchmark/inference_ms,338.004944
1779482618.967,/benchmark/inference_ms,345.933624
1779482619.372,/benchmark/inference_ms,363.948181
1779482619.814,/benchmark/inference_ms,396.897308
1779482620.203,/benchmark/inference_ms,347.687836
1779482620.594,/benchmark/inference_ms,347.210327
1779482620.957,/benchmark/inference_ms,313.459229
1779482621.351,/benchmark/inference_ms,336.011169
1779482621.749,/benchmark/inference_ms,352.467865
1779482622.145,/benchmark/inference_ms,352.189209
1779482622.494,/benchmark/inference_ms,299.460327
1779482622.864,/benchmark/inference_ms,332.042267
1779482623.246,/benchmark/inference_ms,337.854340
1779482623.672,/benchmark/inference_ms,376.781860
1779482624.066,/benchmark/inference_ms,350.691559
1779482624.501,/benchmark/inference_ms,388.895355
1779482624.924,/benchmark/inference_ms,376.002655
1779482625.311,/benchmark/inference_ms,342.217712
1779482625.724,/benchmark/inference_ms,366.798706
1779482626.095,/benchmark/inference_ms,325.578247
1779482626.532,/benchmark/inference_ms,394.766418
1779482626.878,/benchmark/inference_ms,308.515259
1779482627.199,/benchmark/inference_ms,281.931671
1779482627.538,/benchmark/inference_ms,301.667542
1779482627.903,/benchmark/inference_ms,321.622803
1779482628.267,/benchmark/inference_ms,320.999878
1779482628.617,/benchmark/inference_ms,306.952148
1779482629.047,/benchmark/inference_ms,382.325043
1779482629.462,/benchmark/inference_ms,374.868591
1779482629.822,/benchmark/inference_ms,319.256287
1779482630.174,/benchmark/inference_ms,310.893066
1779482630.532,/benchmark/inference_ms,315.772736
1779482630.911,/benchmark/inference_ms,324.084717
1779482631.311,/benchmark/inference_ms,373.139771
1779482631.709,/benchmark/inference_ms,351.882111
1779482632.115,/benchmark/inference_ms,360.222198
1779482632.492,/benchmark/inference_ms,308.069794
1779482632.898,/benchmark/inference_ms,360.839966
1779482633.255,/benchmark/inference_ms,315.106110
1779482633.613,/benchmark/inference_ms,306.344574
1779482634.030,/benchmark/inference_ms,371.778534
1779482634.436,/benchmark/inference_ms,365.699402
1779482634.782,/benchmark/inference_ms,311.547394
1779482635.160,/benchmark/inference_ms,338.998505
1779482635.539,/benchmark/inference_ms,333.936371
1779482635.923,/benchmark/inference_ms,344.067352
1779482636.290,/benchmark/inference_ms,326.944366
1779482636.628,/benchmark/inference_ms,295.002319
1779482636.935,/benchmark/inference_ms,277.748444
1779482637.236,/benchmark/inference_ms,256.765259
1779482637.640,/benchmark/inference_ms,363.390594
1779482638.025,/benchmark/inference_ms,339.596680
1779482638.408,/benchmark/inference_ms,343.442657
1779482638.769,/benchmark/inference_ms,315.716614
1779482639.130,/benchmark/inference_ms,320.924072
1779482639.494,/benchmark/inference_ms,315.800964
1779482639.884,/benchmark/inference_ms,342.781586
1779482640.250,/benchmark/inference_ms,323.994080
1779482640.625,/benchmark/inference_ms,334.069275
1779482641.000,/benchmark/inference_ms,336.217407
1779482641.373,/benchmark/inference_ms,333.697174
1779482641.744,/benchmark/inference_ms,327.913422
1779482642.116,/benchmark/inference_ms,327.617828
1779482642.467,/benchmark/inference_ms,308.274445
1779482642.838,/benchmark/inference_ms,328.901398
1779482643.168,/benchmark/inference_ms,286.181183
1779482643.536,/benchmark/inference_ms,320.226837
1779482643.917,/benchmark/inference_ms,336.956055
1779482644.296,/benchmark/inference_ms,335.328491
1779482644.680,/benchmark/inference_ms,340.221802
1779482645.098,/benchmark/inference_ms,369.526306
1779482645.478,/benchmark/inference_ms,333.515533
1779482645.869,/benchmark/inference_ms,343.370361
1779482646.263,/benchmark/inference_ms,353.170868
1779482646.662,/benchmark/inference_ms,353.004089
1779482646.990,/benchmark/inference_ms,281.607910
1779482647.353,/benchmark/inference_ms,323.480682
1779482647.721,/benchmark/inference_ms,323.812988
1779482648.129,/benchmark/inference_ms,366.563446
1779482648.460,/benchmark/inference_ms,280.733795
1779482648.929,/benchmark/inference_ms,422.211761
1779482649.293,/benchmark/inference_ms,322.725891
1779482649.679,/benchmark/inference_ms,327.393188
1779482650.081,/benchmark/inference_ms,364.724243
1779482650.459,/benchmark/inference_ms,328.652100
1779482650.834,/benchmark/inference_ms,330.625854
1779482651.206,/benchmark/inference_ms,306.338928
1779482651.636,/benchmark/inference_ms,381.576874
1779482652.061,/benchmark/inference_ms,375.737396
1779482652.447,/benchmark/inference_ms,344.473145
1779482652.834,/benchmark/inference_ms,343.173157
1779482653.238,/benchmark/inference_ms,354.305817
1779482653.684,/benchmark/inference_ms,403.022522
1779482654.025,/benchmark/inference_ms,299.259369
1779482654.411,/benchmark/inference_ms,343.705719
1779482654.811,/benchmark/inference_ms,353.160675
1779482655.196,/benchmark/inference_ms,341.694763
1779482655.664,/benchmark/inference_ms,423.823120
1779482656.080,/benchmark/inference_ms,372.419830
1779482656.454,/benchmark/inference_ms,341.190063
1779482656.775,/benchmark/inference_ms,274.574615
1779482657.088,/benchmark/inference_ms,273.693787
1779482657.440,/benchmark/inference_ms,312.252228
1779482657.827,/benchmark/inference_ms,346.281128
1779482658.165,/benchmark/inference_ms,293.593903
1779482658.527,/benchmark/inference_ms,315.109161
1779482658.861,/benchmark/inference_ms,296.547913
1779482659.247,/benchmark/inference_ms,333.681854
1779482659.642,/benchmark/inference_ms,349.710846
1779482660.021,/benchmark/inference_ms,332.647614
1779482660.410,/benchmark/inference_ms,336.591125
1779482660.778,/benchmark/inference_ms,331.068024
1779482661.153,/benchmark/inference_ms,334.352112
1779482661.512,/benchmark/inference_ms,314.705292
1779482661.842,/benchmark/inference_ms,290.029236
1779482662.241,/benchmark/inference_ms,344.272064
1779482662.631,/benchmark/inference_ms,336.250092
1779482662.993,/benchmark/inference_ms,320.804443
1779482663.385,/benchmark/inference_ms,352.792389
1779482663.782,/benchmark/inference_ms,339.733429
1779482664.116,/benchmark/inference_ms,293.412415
1779482664.504,/benchmark/inference_ms,339.051300
1779482664.873,/benchmark/inference_ms,328.971802
1779482665.268,/benchmark/inference_ms,343.632294
1779482665.644,/benchmark/inference_ms,323.151428
1779482665.999,/benchmark/inference_ms,312.574921
1779482666.355,/benchmark/inference_ms,329.767761
1779482666.750,/benchmark/inference_ms,352.144958
1779482667.113,/benchmark/inference_ms,334.772156
1779482667.484,/benchmark/inference_ms,331.870361
1779482667.812,/benchmark/inference_ms,283.424042
1779482668.162,/benchmark/inference_ms,305.052795
1779482668.549,/benchmark/inference_ms,342.009827
1779482668.919,/benchmark/inference_ms,329.472504
1779482669.292,/benchmark/inference_ms,327.222656
1779482669.642,/benchmark/inference_ms,305.723602
1779482670.058,/benchmark/inference_ms,341.986206
1779482670.436,/benchmark/inference_ms,332.591522
1779482670.795,/benchmark/inference_ms,320.894226
1779482671.140,/benchmark/inference_ms,302.640350
1779482671.552,/benchmark/inference_ms,355.211182
1779482671.930,/benchmark/inference_ms,331.911713
1779482672.270,/benchmark/inference_ms,296.277008
1779482672.701,/benchmark/inference_ms,380.818817
1779482673.039,/benchmark/inference_ms,296.140625
1779482673.397,/benchmark/inference_ms,313.858795
1779482673.775,/benchmark/inference_ms,334.761383
1779482674.140,/benchmark/inference_ms,317.963287
1779482674.544,/benchmark/inference_ms,341.821259
1779482674.904,/benchmark/inference_ms,321.554352
1779482675.267,/benchmark/inference_ms,315.009766
1779482675.675,/benchmark/inference_ms,346.089386
1779482676.046,/benchmark/inference_ms,328.581451
1779482676.427,/benchmark/inference_ms,336.762329
1779482676.854,/benchmark/inference_ms,383.090118
1779482677.151,/benchmark/inference_ms,254.957291
1779482677.493,/benchmark/inference_ms,300.220337
1779482677.885,/benchmark/inference_ms,345.829437
1779482678.257,/benchmark/inference_ms,319.455750
1779482678.645,/benchmark/inference_ms,344.171478
1779482679.036,/benchmark/inference_ms,344.098145
1779482679.435,/benchmark/inference_ms,351.758942
1779482679.826,/benchmark/inference_ms,346.531586
1779482680.207,/benchmark/inference_ms,336.613464
1779482680.590,/benchmark/inference_ms,339.658295
1779482680.980,/benchmark/inference_ms,341.162598
1779482681.331,/benchmark/inference_ms,310.463196
1779482681.721,/benchmark/inference_ms,338.533936
1779482682.112,/benchmark/inference_ms,343.631653
1779482682.467,/benchmark/inference_ms,311.385284
1779482682.900,/benchmark/inference_ms,390.990845
1779482683.277,/benchmark/inference_ms,312.567810
1779482683.689,/benchmark/inference_ms,370.927979
1779482684.087,/benchmark/inference_ms,349.086731
1779482684.456,/benchmark/inference_ms,326.054474
1779482684.874,/benchmark/inference_ms,375.192749
1779482685.254,/benchmark/inference_ms,335.188416
1779482685.637,/benchmark/inference_ms,339.116211
1779482686.049,/benchmark/inference_ms,369.547119
1779482686.433,/benchmark/inference_ms,343.970673
1779482686.688,/benchmark/inference_ms,219.114716
1779482686.998,/benchmark/inference_ms,267.423096
1779482687.246,/benchmark/inference_ms,220.008469
1779482687.594,/benchmark/inference_ms,312.826416
1779482687.965,/benchmark/inference_ms,328.704041
1779482688.389,/benchmark/inference_ms,383.045776
1779482688.820,/benchmark/inference_ms,354.014160
1779482689.207,/benchmark/inference_ms,337.669067
1779482689.581,/benchmark/inference_ms,333.995758
1779482689.980,/benchmark/inference_ms,358.428223
1779482690.335,/benchmark/inference_ms,305.370056
1779482690.708,/benchmark/inference_ms,332.889069
1779482691.120,/benchmark/inference_ms,368.502625
1779482691.440,/benchmark/inference_ms,279.484741
1779482691.830,/benchmark/inference_ms,339.453369
1779482692.214,/benchmark/inference_ms,340.606171
1779482692.612,/benchmark/inference_ms,354.627319
1779482692.984,/benchmark/inference_ms,326.861969
1779482693.386,/benchmark/inference_ms,361.019623
1779482693.764,/benchmark/inference_ms,334.392456
1779482694.143,/benchmark/inference_ms,334.400360
1779482694.490,/benchmark/inference_ms,302.875366
1779482694.854,/benchmark/inference_ms,325.566681
1779482695.259,/benchmark/inference_ms,356.919464
1779482695.591,/benchmark/inference_ms,292.893158
1779482695.940,/benchmark/inference_ms,301.389893
1779482696.354,/benchmark/inference_ms,372.424652
1779482696.674,/benchmark/inference_ms,280.158417
1779482697.038,/benchmark/inference_ms,339.080444
1779482697.365,/benchmark/inference_ms,287.422211
1779482697.734,/benchmark/inference_ms,321.395111
1779482698.063,/benchmark/inference_ms,287.128662
1779482698.432,/benchmark/inference_ms,328.839478
1779482698.804,/benchmark/inference_ms,324.682831
1779482699.168,/benchmark/inference_ms,307.075470
1779482699.499,/benchmark/inference_ms,292.936218
1779482699.899,/benchmark/inference_ms,360.532532
1779482700.288,/benchmark/inference_ms,344.716736
1779482700.654,/benchmark/inference_ms,318.509338
1779482701.034,/benchmark/inference_ms,329.032715
1779482701.401,/benchmark/inference_ms,325.476562
1779482701.766,/benchmark/inference_ms,321.536377
1779482702.116,/benchmark/inference_ms,305.289612
1779482702.494,/benchmark/inference_ms,335.965759
1779482702.842,/benchmark/inference_ms,300.044556
1779482703.200,/benchmark/inference_ms,316.427795
1779482703.550,/benchmark/inference_ms,307.604736
1779482703.945,/benchmark/inference_ms,352.457611
1779482704.265,/benchmark/inference_ms,282.930237
1779482704.628,/benchmark/inference_ms,320.807312
1779482705.063,/benchmark/inference_ms,393.037476
1779482705.459,/benchmark/inference_ms,352.560394
1779482705.841,/benchmark/inference_ms,332.846924
1779482706.263,/benchmark/inference_ms,384.722290
1779482706.625,/benchmark/inference_ms,314.571808
1779482707.009,/benchmark/inference_ms,344.420319
1779482707.389,/benchmark/inference_ms,304.325256
1779482707.762,/benchmark/inference_ms,332.636261
1779482708.100,/benchmark/inference_ms,294.539703
1779482708.475,/benchmark/inference_ms,328.138824
1779482708.800,/benchmark/inference_ms,284.396790
1779482709.151,/benchmark/inference_ms,306.937439
1779482709.579,/benchmark/inference_ms,380.558014
1779482709.939,/benchmark/inference_ms,315.587036
1779482710.370,/benchmark/inference_ms,377.634125
1779482710.753,/benchmark/inference_ms,345.402924
1779482711.116,/benchmark/inference_ms,319.525391
1779482711.491,/benchmark/inference_ms,331.624847
1779482711.845,/benchmark/inference_ms,310.670135
1779482712.220,/benchmark/inference_ms,328.294769
1779482712.614,/benchmark/inference_ms,337.214294
1779482712.970,/benchmark/inference_ms,304.211914
1779482713.347,/benchmark/inference_ms,333.394196
1779482713.720,/benchmark/inference_ms,332.197113
1779482714.128,/benchmark/inference_ms,359.478607
1779482714.515,/benchmark/inference_ms,348.300446
1779482714.958,/benchmark/inference_ms,386.466919
1779482715.359,/benchmark/inference_ms,344.936920
1779482715.715,/benchmark/inference_ms,308.850800
1779482716.069,/benchmark/inference_ms,307.102875
1779482716.413,/benchmark/inference_ms,305.236389
1779482716.771,/benchmark/inference_ms,316.487854
1779482717.048,/benchmark/inference_ms,251.251892
1779482717.397,/benchmark/inference_ms,305.587952
1779482717.734,/benchmark/inference_ms,295.950897
1779482718.098,/benchmark/inference_ms,320.277863
1779482718.431,/benchmark/inference_ms,291.925079
1779482718.793,/benchmark/inference_ms,323.795319
1779482719.203,/benchmark/inference_ms,355.520355
1779482719.565,/benchmark/inference_ms,314.565765
1779482719.939,/benchmark/inference_ms,331.308655
1779482720.314,/benchmark/inference_ms,327.331787
1779482720.649,/benchmark/inference_ms,293.117584
1779482721.039,/benchmark/inference_ms,341.262573
1779482721.436,/benchmark/inference_ms,356.492126
1779482721.815,/benchmark/inference_ms,335.223511
1779482722.143,/benchmark/inference_ms,285.432404
1779482722.539,/benchmark/inference_ms,352.430603
1779482722.915,/benchmark/inference_ms,329.542084
1779482723.296,/benchmark/inference_ms,339.692627
1779482723.662,/benchmark/inference_ms,321.690216
1779482724.053,/benchmark/inference_ms,347.333069
1779482724.453,/benchmark/inference_ms,349.966736
1779482724.820,/benchmark/inference_ms,310.160187
1779482725.195,/benchmark/inference_ms,335.235962
1779482725.578,/benchmark/inference_ms,338.556396
1779482725.984,/benchmark/inference_ms,331.674622
1779482726.348,/benchmark/inference_ms,326.197418
1779482726.777,/benchmark/inference_ms,375.394287
1779482727.127,/benchmark/inference_ms,317.233917
1779482727.498,/benchmark/inference_ms,328.304474
1779482727.866,/benchmark/inference_ms,324.839020
1779482728.248,/benchmark/inference_ms,334.929321
1779482728.607,/benchmark/inference_ms,315.588623
1779482728.949,/benchmark/inference_ms,299.392761
1779482729.354,/benchmark/inference_ms,363.031586
1779482729.701,/benchmark/inference_ms,290.184662
1779482730.095,/benchmark/inference_ms,343.684326
1779482730.418,/benchmark/inference_ms,299.149414
1779482730.795,/benchmark/inference_ms,342.765991
1779482731.170,/benchmark/inference_ms,322.170959
1779482731.584,/benchmark/inference_ms,375.335327
1779482731.939,/benchmark/inference_ms,311.095612
1779482732.308,/benchmark/inference_ms,323.101288
1779482732.658,/benchmark/inference_ms,309.812378
1779482733.058,/benchmark/inference_ms,360.592682
1779482733.422,/benchmark/inference_ms,323.517181
1779482733.790,/benchmark/inference_ms,328.001465
1779482734.155,/benchmark/inference_ms,319.188965
1779482734.519,/benchmark/inference_ms,321.092010
1779482734.873,/benchmark/inference_ms,306.942444
1779482735.260,/benchmark/inference_ms,348.216614
1779482735.653,/benchmark/inference_ms,348.090546
1779482736.020,/benchmark/inference_ms,319.042114
1779482736.387,/benchmark/inference_ms,326.878937
1779482736.722,/benchmark/inference_ms,296.290222
1779482737.146,/benchmark/inference_ms,384.271637
1779482737.567,/benchmark/inference_ms,371.559326
1779482737.987,/benchmark/inference_ms,380.792755
1779482738.403,/benchmark/inference_ms,372.486084
1779482738.740,/benchmark/inference_ms,291.955872
1779482739.094,/benchmark/inference_ms,303.593842
1779482739.473,/benchmark/inference_ms,342.117645
1779482739.908,/benchmark/inference_ms,392.793518
1779482740.252,/benchmark/inference_ms,298.471619
1779482740.618,/benchmark/inference_ms,324.545044
1779482740.983,/benchmark/inference_ms,323.991699
1779482741.375,/benchmark/inference_ms,349.236908
1779482741.728,/benchmark/inference_ms,310.888489
1779482742.124,/benchmark/inference_ms,348.424377
1779482742.474,/benchmark/inference_ms,312.882935
1779482742.843,/benchmark/inference_ms,324.763855
1779482743.205,/benchmark/inference_ms,322.279358
1779482743.603,/benchmark/inference_ms,351.907898
1779482744.016,/benchmark/inference_ms,362.142731
1779482744.416,/benchmark/inference_ms,358.502502
1779482744.819,/benchmark/inference_ms,331.339233
1779482745.203,/benchmark/inference_ms,343.931549
1779482745.595,/benchmark/inference_ms,346.941132
1779482745.935,/benchmark/inference_ms,296.620575
1779482746.285,/benchmark/inference_ms,311.138214
1779482746.682,/benchmark/inference_ms,357.394623
1779482747.030,/benchmark/inference_ms,318.387024
1779482747.444,/benchmark/inference_ms,375.875580
1779482747.788,/benchmark/inference_ms,305.579407
1779482748.141,/benchmark/inference_ms,306.022430
1779482748.536,/benchmark/inference_ms,339.024658
1779482748.864,/benchmark/inference_ms,295.816345
1779482749.272,/benchmark/inference_ms,355.883728
1779482749.635,/benchmark/inference_ms,325.772369
1779482750.019,/benchmark/inference_ms,339.499664
1779482750.366,/benchmark/inference_ms,303.577087
1779482750.738,/benchmark/inference_ms,327.651398
1779482751.119,/benchmark/inference_ms,336.267548
1779482751.433,/benchmark/inference_ms,276.097504
1779482751.807,/benchmark/inference_ms,332.581116
1779482752.133,/benchmark/inference_ms,282.813019
1779482752.476,/benchmark/inference_ms,296.570618
1779482752.852,/benchmark/inference_ms,333.575806
1779482753.263,/benchmark/inference_ms,368.288177
1779482753.659,/benchmark/inference_ms,340.891571
1779482754.043,/benchmark/inference_ms,341.054596
1779482754.458,/benchmark/inference_ms,370.984406
1779482754.806,/benchmark/inference_ms,307.450897
1779482755.174,/benchmark/inference_ms,323.647644
1779482755.517,/benchmark/inference_ms,301.937469
1779482755.864,/benchmark/inference_ms,305.466187
1779482756.248,/benchmark/inference_ms,348.133575
1779482756.595,/benchmark/inference_ms,300.051483
1779482756.946,/benchmark/inference_ms,322.461426
1779482757.194,/benchmark/inference_ms,223.632416
1779482757.558,/benchmark/inference_ms,320.757355
1779482757.909,/benchmark/inference_ms,314.973236
1779482758.235,/benchmark/inference_ms,282.734955
1779482758.643,/benchmark/inference_ms,368.041443
1779482759.023,/benchmark/inference_ms,342.182495
1779482759.402,/benchmark/inference_ms,335.003174
1779482759.787,/benchmark/inference_ms,341.644012
1779482760.136,/benchmark/inference_ms,307.993683
1779482760.537,/benchmark/inference_ms,353.163757
1779482760.924,/benchmark/inference_ms,342.967651
1779482761.247,/benchmark/inference_ms,283.130157
1779482761.654,/benchmark/inference_ms,361.257507
1779482762.049,/benchmark/inference_ms,351.651245
1779482762.441,/benchmark/inference_ms,345.761169
1779482762.801,/benchmark/inference_ms,313.857483
1779482763.185,/benchmark/inference_ms,319.228546
1779482763.537,/benchmark/inference_ms,312.608337
1779482763.947,/benchmark/inference_ms,365.848114
1779482764.326,/benchmark/inference_ms,338.628357
1779482764.693,/benchmark/inference_ms,324.141754
1779482765.037,/benchmark/inference_ms,297.995880
1779482765.377,/benchmark/inference_ms,294.621796
1779482765.753,/benchmark/inference_ms,333.801636
1779482766.098,/benchmark/inference_ms,305.563599
1779482766.485,/benchmark/inference_ms,341.894135
1779482766.751,/benchmark/inference_ms,227.918045
1779482767.044,/benchmark/inference_ms,248.821075
1779482767.377,/benchmark/inference_ms,296.996216
1779482767.726,/benchmark/inference_ms,302.620178
1779482768.158,/benchmark/inference_ms,389.587616
1779482768.526,/benchmark/inference_ms,324.246338
1779482768.904,/benchmark/inference_ms,335.383575
1779482769.275,/benchmark/inference_ms,328.120148
1779482769.624,/benchmark/inference_ms,304.168365
1779482770.040,/benchmark/inference_ms,372.948181
1779482770.434,/benchmark/inference_ms,343.194855
1779482770.818,/benchmark/inference_ms,338.372101
1779482771.183,/benchmark/inference_ms,317.596039
1779482771.565,/benchmark/inference_ms,338.131134
1779482771.931,/benchmark/inference_ms,324.031830
1779482772.288,/benchmark/inference_ms,316.457153
1779482772.620,/benchmark/inference_ms,290.252716
1779482772.997,/benchmark/inference_ms,337.053253
1779482773.354,/benchmark/inference_ms,304.045624
1779482773.725,/benchmark/inference_ms,330.148468
1779482774.132,/benchmark/inference_ms,361.042938
1779482774.513,/benchmark/inference_ms,338.218933
1779482774.891,/benchmark/inference_ms,333.636169
1779482775.294,/benchmark/inference_ms,360.356720
1779482775.702,/benchmark/inference_ms,368.170471
1779482776.025,/benchmark/inference_ms,280.466309
1779482776.422,/benchmark/inference_ms,354.328827
1779482776.765,/benchmark/inference_ms,318.588440
1779482596.902,/benchmark/latency_ms,271.891571
1779482597.190,/benchmark/latency_ms,286.982574
1779482597.609,/benchmark/latency_ms,446.904541
1779482597.995,/benchmark/latency_ms,382.653046
1779482598.340,/benchmark/latency_ms,349.506042
1779482598.780,/benchmark/latency_ms,438.156982
1779482599.151,/benchmark/latency_ms,386.766846
1779482599.530,/benchmark/latency_ms,387.629761
1779482599.892,/benchmark/latency_ms,383.414703
1779482600.261,/benchmark/latency_ms,385.298004
1779482600.632,/benchmark/latency_ms,387.079712
1779482601.004,/benchmark/latency_ms,384.238739
1779482601.414,/benchmark/latency_ms,425.365173
1779482601.803,/benchmark/latency_ms,391.711670
1779482602.160,/benchmark/latency_ms,354.357452
1779482602.543,/benchmark/latency_ms,378.595917
1779482602.928,/benchmark/latency_ms,403.240082
1779482603.348,/benchmark/latency_ms,423.612823
1779482603.754,/benchmark/latency_ms,404.192108
1779482604.105,/benchmark/latency_ms,358.382874
1779482604.527,/benchmark/latency_ms,437.724030
1779482604.909,/benchmark/latency_ms,397.210510
1779482605.308,/benchmark/latency_ms,403.191315
1779482605.700,/benchmark/latency_ms,419.883331
1779482606.083,/benchmark/latency_ms,399.906342
1779482606.442,/benchmark/latency_ms,371.843292
1779482606.821,/benchmark/latency_ms,373.207245
1779482607.118,/benchmark/latency_ms,300.742035
1779482607.494,/benchmark/latency_ms,395.455627
1779482607.890,/benchmark/latency_ms,413.451447
1779482608.249,/benchmark/latency_ms,362.646515
1779482608.674,/benchmark/latency_ms,417.019470
1779482609.060,/benchmark/latency_ms,403.268250
1779482609.431,/benchmark/latency_ms,392.151703
1779482609.834,/benchmark/latency_ms,418.424347
1779482610.270,/benchmark/latency_ms,452.004517
1779482610.681,/benchmark/latency_ms,426.728760
1779482611.043,/benchmark/latency_ms,355.331421
1779482611.377,/benchmark/latency_ms,349.766968
1779482611.816,/benchmark/latency_ms,440.373383
1779482612.210,/benchmark/latency_ms,423.120178
1779482612.574,/benchmark/latency_ms,379.346069
1779482612.958,/benchmark/latency_ms,375.376099
1779482613.346,/benchmark/latency_ms,369.487030
1779482613.732,/benchmark/latency_ms,392.512024
1779482614.180,/benchmark/latency_ms,462.947235
1779482614.568,/benchmark/latency_ms,396.968994
1779482614.934,/benchmark/latency_ms,366.163727
1779482615.301,/benchmark/latency_ms,347.632782
1779482615.700,/benchmark/latency_ms,429.358093
1779482616.057,/benchmark/latency_ms,377.754974
1779482616.388,/benchmark/latency_ms,328.390320
1779482616.751,/benchmark/latency_ms,363.158020
1779482617.102,/benchmark/latency_ms,342.027008
1779482617.397,/benchmark/latency_ms,302.417725
1779482617.783,/benchmark/latency_ms,381.515930
1779482618.195,/benchmark/latency_ms,427.187714
1779482618.578,/benchmark/latency_ms,378.675629
1779482618.969,/benchmark/latency_ms,405.603973
1779482619.372,/benchmark/latency_ms,422.228607
1779482619.815,/benchmark/latency_ms,448.967590
1779482620.205,/benchmark/latency_ms,386.026276
1779482620.595,/benchmark/latency_ms,406.138031
1779482620.958,/benchmark/latency_ms,381.893005
1779482621.352,/benchmark/latency_ms,395.522644
1779482621.749,/benchmark/latency_ms,417.886627
1779482622.157,/benchmark/latency_ms,414.473389
1779482622.492,/benchmark/latency_ms,353.958649
1779482622.865,/benchmark/latency_ms,374.083160
1779482623.258,/benchmark/latency_ms,377.490326
1779482623.674,/benchmark/latency_ms,418.190033
1779482624.067,/benchmark/latency_ms,390.187683
1779482624.502,/benchmark/latency_ms,454.378601
1779482624.936,/benchmark/latency_ms,438.037384
1779482625.312,/benchmark/latency_ms,403.292816
1779482625.736,/benchmark/latency_ms,431.189972
1779482626.095,/benchmark/latency_ms,367.635529
1779482626.529,/benchmark/latency_ms,441.804749
1779482626.879,/benchmark/latency_ms,342.117950
1779482627.199,/benchmark/latency_ms,333.850647
1779482627.540,/benchmark/latency_ms,356.723114
1779482627.904,/benchmark/latency_ms,380.941071
1779482628.268,/benchmark/latency_ms,377.714722
1779482628.618,/benchmark/latency_ms,365.284485
1779482629.047,/benchmark/latency_ms,445.714569
1779482629.463,/benchmark/latency_ms,437.452026
1779482629.823,/benchmark/latency_ms,353.172028
1779482630.176,/benchmark/latency_ms,366.343506
1779482630.533,/benchmark/latency_ms,379.595093
1779482630.898,/benchmark/latency_ms,361.768921
1779482631.312,/benchmark/latency_ms,427.509155
1779482631.709,/benchmark/latency_ms,392.020081
1779482632.115,/benchmark/latency_ms,420.310303
1779482632.492,/benchmark/latency_ms,373.678650
1779482632.900,/benchmark/latency_ms,412.906219
1779482633.256,/benchmark/latency_ms,358.901123
1779482633.616,/benchmark/latency_ms,348.618683
1779482634.032,/benchmark/latency_ms,433.291229
1779482634.450,/benchmark/latency_ms,425.072266
1779482634.781,/benchmark/latency_ms,358.664154
1779482635.162,/benchmark/latency_ms,387.776337
1779482635.539,/benchmark/latency_ms,394.216461
1779482635.925,/benchmark/latency_ms,405.835449
1779482636.304,/benchmark/latency_ms,383.876984
1779482636.628,/benchmark/latency_ms,352.237518
1779482636.937,/benchmark/latency_ms,320.938202
1779482637.239,/benchmark/latency_ms,299.049133
1779482637.641,/benchmark/latency_ms,410.352417
1779482638.025,/benchmark/latency_ms,403.718018
1779482638.409,/benchmark/latency_ms,400.981628
1779482638.769,/benchmark/latency_ms,375.617279
1779482639.133,/benchmark/latency_ms,358.860809
1779482639.490,/benchmark/latency_ms,376.363129
1779482639.886,/benchmark/latency_ms,388.456116
1779482640.250,/benchmark/latency_ms,362.403687
1779482640.628,/benchmark/latency_ms,389.994141
1779482641.003,/benchmark/latency_ms,382.373230
1779482641.374,/benchmark/latency_ms,380.577484
1779482641.747,/benchmark/latency_ms,384.674316
1779482642.116,/benchmark/latency_ms,367.781311
1779482642.468,/benchmark/latency_ms,366.950043
1779482642.850,/benchmark/latency_ms,366.929901
1779482643.170,/benchmark/latency_ms,345.157257
1779482643.537,/benchmark/latency_ms,383.214050
1779482643.929,/benchmark/latency_ms,388.767639
1779482644.298,/benchmark/latency_ms,396.019592
1779482644.680,/benchmark/latency_ms,401.115173
1779482645.100,/benchmark/latency_ms,436.028137
1779482645.479,/benchmark/latency_ms,399.093842
1779482645.871,/benchmark/latency_ms,409.373413
1779482646.264,/benchmark/latency_ms,390.646881
1779482646.663,/benchmark/latency_ms,405.240875
1779482647.002,/benchmark/latency_ms,346.202576
1779482647.354,/benchmark/latency_ms,368.077118
1779482647.722,/benchmark/latency_ms,381.774475
1779482648.129,/benchmark/latency_ms,404.548584
1779482648.462,/benchmark/latency_ms,338.619019
1779482648.929,/benchmark/latency_ms,456.680267
1779482649.291,/benchmark/latency_ms,358.161499
1779482649.666,/benchmark/latency_ms,386.758148
1779482650.082,/benchmark/latency_ms,410.363159
1779482650.461,/benchmark/latency_ms,391.729309
1779482650.846,/benchmark/latency_ms,369.140442
1779482651.206,/benchmark/latency_ms,348.664337
1779482651.634,/benchmark/latency_ms,424.800812
1779482652.062,/benchmark/latency_ms,435.509857
1779482652.448,/benchmark/latency_ms,407.958740
1779482652.835,/benchmark/latency_ms,383.835175
1779482653.236,/benchmark/latency_ms,400.870697
1779482653.685,/benchmark/latency_ms,442.625153
1779482654.026,/benchmark/latency_ms,336.859802
1779482654.414,/benchmark/latency_ms,399.492950
1779482654.811,/benchmark/latency_ms,397.044403
1779482655.197,/benchmark/latency_ms,399.658051
1779482655.665,/benchmark/latency_ms,490.507416
1779482656.081,/benchmark/latency_ms,411.104004
1779482656.453,/benchmark/latency_ms,391.751038
1779482656.775,/benchmark/latency_ms,328.231079
1779482657.089,/benchmark/latency_ms,327.818909
1779482657.441,/benchmark/latency_ms,368.371124
1779482657.825,/benchmark/latency_ms,401.025299
1779482658.167,/benchmark/latency_ms,334.349091
1779482658.523,/benchmark/latency_ms,374.199371
1779482658.863,/benchmark/latency_ms,354.781036
1779482659.250,/benchmark/latency_ms,401.530243
1779482659.642,/benchmark/latency_ms,410.368500
1779482660.035,/benchmark/latency_ms,395.480927
1779482660.397,/benchmark/latency_ms,397.907684
1779482660.774,/benchmark/latency_ms,371.758392
1779482661.153,/benchmark/latency_ms,373.807190
1779482661.514,/benchmark/latency_ms,374.094299
1779482661.843,/benchmark/latency_ms,337.311798
1779482662.244,/benchmark/latency_ms,414.941650
1779482662.631,/benchmark/latency_ms,404.762115
1779482662.994,/benchmark/latency_ms,383.346436
1779482663.387,/benchmark/latency_ms,410.885315
1779482663.794,/benchmark/latency_ms,413.499146
1779482664.116,/benchmark/latency_ms,352.514862
1779482664.502,/benchmark/latency_ms,401.715851
1779482664.885,/benchmark/latency_ms,392.998016
1779482665.268,/benchmark/latency_ms,414.070251
1779482665.643,/benchmark/latency_ms,394.525421
1779482665.999,/benchmark/latency_ms,373.208740
1779482666.358,/benchmark/latency_ms,353.194214
1779482666.748,/benchmark/latency_ms,402.442261
1779482667.114,/benchmark/latency_ms,377.397858
1779482667.484,/benchmark/latency_ms,377.945923
1779482667.815,/benchmark/latency_ms,347.528015
1779482668.165,/benchmark/latency_ms,345.387268
1779482668.551,/benchmark/latency_ms,404.814117
1779482668.920,/benchmark/latency_ms,392.526611
1779482669.295,/benchmark/latency_ms,391.735687
1779482669.642,/benchmark/latency_ms,358.311981
1779482670.070,/benchmark/latency_ms,384.909698
1779482670.448,/benchmark/latency_ms,385.412903
1779482670.795,/benchmark/latency_ms,361.917145
1779482671.140,/benchmark/latency_ms,359.083649
1779482671.554,/benchmark/latency_ms,405.464417
1779482671.931,/benchmark/latency_ms,396.957581
1779482672.270,/benchmark/latency_ms,355.733398
1779482672.702,/benchmark/latency_ms,447.503174
1779482673.042,/benchmark/latency_ms,353.692047
1779482673.409,/benchmark/latency_ms,377.082153
1779482673.775,/benchmark/latency_ms,393.675446
1779482674.141,/benchmark/latency_ms,384.239899
1779482674.544,/benchmark/latency_ms,425.002106
1779482674.907,/benchmark/latency_ms,380.410217
1779482675.268,/benchmark/latency_ms,355.506836
1779482675.662,/benchmark/latency_ms,409.420013
1779482676.049,/benchmark/latency_ms,401.110229
1779482676.428,/benchmark/latency_ms,397.084076
1779482676.857,/benchmark/latency_ms,442.427063
1779482677.151,/benchmark/latency_ms,311.149628
1779482677.494,/benchmark/latency_ms,359.283234
1779482677.886,/benchmark/latency_ms,389.438416
1779482678.259,/benchmark/latency_ms,359.785797
1779482678.648,/benchmark/latency_ms,403.511047
1779482679.037,/benchmark/latency_ms,409.031708
1779482679.436,/benchmark/latency_ms,418.043488
1779482679.824,/benchmark/latency_ms,381.163788
1779482680.210,/benchmark/latency_ms,400.227386
1779482680.590,/benchmark/latency_ms,403.574707
1779482680.981,/benchmark/latency_ms,387.032043
1779482681.331,/benchmark/latency_ms,366.162415
1779482681.723,/benchmark/latency_ms,404.200195
1779482682.113,/benchmark/latency_ms,411.687134
1779482682.467,/benchmark/latency_ms,371.315918
1779482682.901,/benchmark/latency_ms,430.141083
1779482683.278,/benchmark/latency_ms,371.586578
1779482683.687,/benchmark/latency_ms,407.877441
1779482684.088,/benchmark/latency_ms,415.111725
1779482684.456,/benchmark/latency_ms,383.096771
1779482684.870,/benchmark/latency_ms,411.028259
1779482685.255,/benchmark/latency_ms,380.398773
1779482685.639,/benchmark/latency_ms,404.248840
1779482686.049,/benchmark/latency_ms,432.472687
1779482686.436,/benchmark/latency_ms,404.455139
1779482686.689,/benchmark/latency_ms,268.128632
1779482686.998,/benchmark/latency_ms,322.892822
1779482687.246,/benchmark/latency_ms,242.567062
1779482687.595,/benchmark/latency_ms,354.512848
1779482687.968,/benchmark/latency_ms,385.048676
1779482688.392,/benchmark/latency_ms,438.745117
1779482688.822,/benchmark/latency_ms,397.397125
1779482689.208,/benchmark/latency_ms,384.235748
1779482689.583,/benchmark/latency_ms,388.756866
1779482689.980,/benchmark/latency_ms,415.630554
1779482690.336,/benchmark/latency_ms,351.505951
1779482690.711,/benchmark/latency_ms,369.692932
1779482691.121,/benchmark/latency_ms,428.442169
1779482691.441,/benchmark/latency_ms,333.520935
1779482691.843,/benchmark/latency_ms,407.672943
1779482692.216,/benchmark/latency_ms,386.190552
1779482692.624,/benchmark/latency_ms,394.854401
1779482692.985,/benchmark/latency_ms,385.408478
1779482693.384,/benchmark/latency_ms,398.771790
1779482693.764,/benchmark/latency_ms,393.401947
1779482694.146,/benchmark/latency_ms,394.517822
1779482694.490,/benchmark/latency_ms,344.985565
1779482694.866,/benchmark/latency_ms,362.320740
1779482695.260,/benchmark/latency_ms,419.060059
1779482695.591,/benchmark/latency_ms,339.465668
1779482695.941,/benchmark/latency_ms,363.444275
1779482696.357,/benchmark/latency_ms,430.098083
1779482696.676,/benchmark/latency_ms,333.107330
1779482697.049,/benchmark/latency_ms,381.353210
1779482697.367,/benchmark/latency_ms,340.874725
1779482697.735,/benchmark/latency_ms,389.188843
1779482698.075,/benchmark/latency_ms,322.948334
1779482698.430,/benchmark/latency_ms,386.003906
1779482698.804,/benchmark/latency_ms,367.547607
1779482699.168,/benchmark/latency_ms,385.355957
1779482699.500,/benchmark/latency_ms,334.203796
1779482699.902,/benchmark/latency_ms,415.824554
1779482700.291,/benchmark/latency_ms,403.869568
1779482700.655,/benchmark/latency_ms,380.726654
1779482701.035,/benchmark/latency_ms,396.040039
1779482701.402,/benchmark/latency_ms,369.136658
1779482701.770,/benchmark/latency_ms,385.704987
1779482702.117,/benchmark/latency_ms,367.724915
1779482702.495,/benchmark/latency_ms,374.853363
1779482702.842,/benchmark/latency_ms,362.056580
1779482703.200,/benchmark/latency_ms,380.452881
1779482703.551,/benchmark/latency_ms,347.173248
1779482703.957,/benchmark/latency_ms,388.546356
1779482704.266,/benchmark/latency_ms,321.619080
1779482704.629,/benchmark/latency_ms,376.232941
1779482705.061,/benchmark/latency_ms,429.668945
1779482705.459,/benchmark/latency_ms,411.283478
1779482705.842,/benchmark/latency_ms,395.381348
1779482706.263,/benchmark/latency_ms,425.942993
1779482706.625,/benchmark/latency_ms,369.299377
1779482707.010,/benchmark/latency_ms,393.934448
1779482707.390,/benchmark/latency_ms,342.865906
1779482707.763,/benchmark/latency_ms,388.024750
1779482708.101,/benchmark/latency_ms,355.868683
1779482708.475,/benchmark/latency_ms,388.353424
1779482708.814,/benchmark/latency_ms,322.323883
1779482709.154,/benchmark/latency_ms,367.005280
1779482709.580,/benchmark/latency_ms,421.380524
1779482709.941,/benchmark/latency_ms,355.969147
1779482710.370,/benchmark/latency_ms,446.967072
1779482710.754,/benchmark/latency_ms,407.062347
1779482711.116,/benchmark/latency_ms,360.162659
1779482711.503,/benchmark/latency_ms,370.950653
1779482711.847,/benchmark/latency_ms,372.249115
1779482712.222,/benchmark/latency_ms,366.275848
1779482712.611,/benchmark/latency_ms,387.699890
1779482712.972,/benchmark/latency_ms,374.183929
1779482713.350,/benchmark/latency_ms,380.583649
1779482713.722,/benchmark/latency_ms,378.730042
1779482714.128,/benchmark/latency_ms,422.558136
1779482714.518,/benchmark/latency_ms,405.850952
1779482714.959,/benchmark/latency_ms,458.469849
1779482715.361,/benchmark/latency_ms,421.158966
1779482715.716,/benchmark/latency_ms,352.795563
1779482716.070,/benchmark/latency_ms,352.218750
1779482716.414,/benchmark/latency_ms,340.032684
1779482716.772,/benchmark/latency_ms,373.168732
1779482717.049,/benchmark/latency_ms,292.388123
1779482717.397,/benchmark/latency_ms,347.545227
1779482717.735,/benchmark/latency_ms,353.360291
1779482718.101,/benchmark/latency_ms,379.701080
1779482718.433,/benchmark/latency_ms,354.656860
1779482718.794,/benchmark/latency_ms,357.036224
1779482719.205,/benchmark/latency_ms,425.273987
1779482719.566,/benchmark/latency_ms,354.563293
1779482719.939,/benchmark/latency_ms,370.516937
1779482720.310,/benchmark/latency_ms,392.291321
1779482720.649,/benchmark/latency_ms,355.461243
1779482721.041,/benchmark/latency_ms,387.796936
1779482721.437,/benchmark/latency_ms,400.614716
1779482721.817,/benchmark/latency_ms,373.175934
1779482722.156,/benchmark/latency_ms,324.716766
1779482722.540,/benchmark/latency_ms,411.412811
1779482722.928,/benchmark/latency_ms,394.029022
1779482723.297,/benchmark/latency_ms,377.101562
1779482723.676,/benchmark/latency_ms,384.458435
1779482724.054,/benchmark/latency_ms,411.672638
1779482724.455,/benchmark/latency_ms,415.584015
1779482724.807,/benchmark/latency_ms,373.539276
1779482725.195,/benchmark/latency_ms,399.607147
1779482725.578,/benchmark/latency_ms,403.863861
1779482725.984,/benchmark/latency_ms,372.051361
1779482726.360,/benchmark/latency_ms,384.849213
1779482726.789,/benchmark/latency_ms,441.857208
1779482727.128,/benchmark/latency_ms,364.717621
1779482727.511,/benchmark/latency_ms,386.697418
1779482727.867,/benchmark/latency_ms,382.892212
1779482728.250,/benchmark/latency_ms,394.596100
1779482728.609,/benchmark/latency_ms,356.670380
1779482728.962,/benchmark/latency_ms,358.001953
1779482729.368,/benchmark/latency_ms,420.621948
1779482729.714,/benchmark/latency_ms,348.890167
1779482730.096,/benchmark/latency_ms,407.838898
1779482730.419,/benchmark/latency_ms,321.967926
1779482730.808,/benchmark/latency_ms,384.356934
1779482731.171,/benchmark/latency_ms,390.041565
1779482731.587,/benchmark/latency_ms,428.373169
1779482731.952,/benchmark/latency_ms,367.737457
1779482732.304,/benchmark/latency_ms,359.994385
1779482732.671,/benchmark/latency_ms,347.034332
1779482733.060,/benchmark/latency_ms,405.569885
1779482733.423,/benchmark/latency_ms,371.934174
1779482733.791,/benchmark/latency_ms,364.111786
1779482734.156,/benchmark/latency_ms,382.539398
1779482734.531,/benchmark/latency_ms,379.849945
1779482734.875,/benchmark/latency_ms,368.743622
1779482735.262,/benchmark/latency_ms,403.602325
1779482735.654,/benchmark/latency_ms,409.640503
1779482736.022,/benchmark/latency_ms,361.770142
1779482736.388,/benchmark/latency_ms,363.506226
1779482736.724,/benchmark/latency_ms,347.368408
1779482737.147,/benchmark/latency_ms,439.330414
1779482737.579,/benchmark/latency_ms,433.427155
1779482737.988,/benchmark/latency_ms,418.897491
1779482738.404,/benchmark/latency_ms,432.045715
1779482738.741,/benchmark/latency_ms,355.267731
1779482739.090,/benchmark/latency_ms,357.372467
1779482739.474,/benchmark/latency_ms,402.825836
1779482739.906,/benchmark/latency_ms,451.634888
1779482740.250,/benchmark/latency_ms,361.310028
1779482740.619,/benchmark/latency_ms,361.711914
1779482740.984,/benchmark/latency_ms,374.314636
1779482741.377,/benchmark/latency_ms,389.291016
1779482741.741,/benchmark/latency_ms,368.869263
1779482742.120,/benchmark/latency_ms,407.190826
1779482742.474,/benchmark/latency_ms,370.091614
1779482742.840,/benchmark/latency_ms,364.255219
1779482743.217,/benchmark/latency_ms,362.652832
1779482743.600,/benchmark/latency_ms,407.733734
1779482744.018,/benchmark/latency_ms,435.805481
1779482744.419,/benchmark/latency_ms,417.328735
1779482744.820,/benchmark/latency_ms,370.155487
1779482745.204,/benchmark/latency_ms,399.433685
1779482745.595,/benchmark/latency_ms,386.058167
1779482745.936,/benchmark/latency_ms,356.123810
1779482746.286,/benchmark/latency_ms,371.932098
1779482746.682,/benchmark/latency_ms,408.789917
1779482747.028,/benchmark/latency_ms,360.709076
1779482747.445,/benchmark/latency_ms,422.233154
1779482747.801,/benchmark/latency_ms,341.236603
1779482748.138,/benchmark/latency_ms,363.104736
1779482748.522,/benchmark/latency_ms,397.608246
1779482748.864,/benchmark/latency_ms,340.081268
1779482749.275,/benchmark/latency_ms,402.762421
1779482749.636,/benchmark/latency_ms,365.424408
1779482750.021,/benchmark/latency_ms,400.524841
1779482750.367,/benchmark/latency_ms,366.229370
1779482750.736,/benchmark/latency_ms,390.687500
1779482751.120,/benchmark/latency_ms,395.194183
1779482751.435,/benchmark/latency_ms,311.316528
1779482751.807,/benchmark/latency_ms,371.410034
1779482752.133,/benchmark/latency_ms,340.768188
1779482752.476,/benchmark/latency_ms,355.624023
1779482752.853,/benchmark/latency_ms,395.284912
1779482753.264,/benchmark/latency_ms,407.607391
1779482753.660,/benchmark/latency_ms,389.112518
1779482754.044,/benchmark/latency_ms,394.207123
1779482754.459,/benchmark/latency_ms,407.751801
1779482754.807,/benchmark/latency_ms,368.455872
1779482755.175,/benchmark/latency_ms,382.687225
1779482755.518,/benchmark/latency_ms,360.340302
1779482755.865,/benchmark/latency_ms,341.698425
1779482756.249,/benchmark/latency_ms,399.208191
1779482756.597,/benchmark/latency_ms,361.390747
1779482756.947,/benchmark/latency_ms,370.602844
1779482757.196,/benchmark/latency_ms,261.378479
1779482757.555,/benchmark/latency_ms,356.494965
1779482757.910,/benchmark/latency_ms,349.413483
1779482758.237,/benchmark/latency_ms,341.659546
1779482758.657,/benchmark/latency_ms,424.454865
1779482759.024,/benchmark/latency_ms,386.554840
1779482759.403,/benchmark/latency_ms,394.729156
1779482759.788,/benchmark/latency_ms,401.078857
1779482760.138,/benchmark/latency_ms,368.073456
1779482760.534,/benchmark/latency_ms,414.199066
1779482760.925,/benchmark/latency_ms,387.185211
1779482761.247,/benchmark/latency_ms,319.492035
1779482761.651,/benchmark/latency_ms,417.929932
1779482762.051,/benchmark/latency_ms,390.770569
1779482762.440,/benchmark/latency_ms,410.446472
1779482762.802,/benchmark/latency_ms,373.760925
1779482763.185,/benchmark/latency_ms,366.395508
1779482763.537,/benchmark/latency_ms,369.671875
1779482763.948,/benchmark/latency_ms,426.476776
1779482764.328,/benchmark/latency_ms,394.486572
1779482764.695,/benchmark/latency_ms,363.582733
1779482765.039,/benchmark/latency_ms,340.450775
1779482765.378,/benchmark/latency_ms,335.659607
1779482765.754,/benchmark/latency_ms,393.996002
1779482766.099,/benchmark/latency_ms,361.083191
1779482766.486,/benchmark/latency_ms,405.175049
1779482766.752,/benchmark/latency_ms,264.186493
1779482767.044,/benchmark/latency_ms,307.143524
1779482767.378,/benchmark/latency_ms,347.886444
1779482767.727,/benchmark/latency_ms,362.928711
1779482768.157,/benchmark/latency_ms,449.801056
1779482768.529,/benchmark/latency_ms,385.441559
1779482768.906,/benchmark/latency_ms,398.112244
1779482769.278,/benchmark/latency_ms,386.335571
1779482769.625,/benchmark/latency_ms,342.384277
1779482770.036,/benchmark/latency_ms,426.580780
1779482770.431,/benchmark/latency_ms,393.667938
1779482770.814,/benchmark/latency_ms,384.554199
1779482771.184,/benchmark/latency_ms,389.011108
1779482771.566,/benchmark/latency_ms,400.882812
1779482771.932,/benchmark/latency_ms,386.893219
1779482772.289,/benchmark/latency_ms,353.756042
1779482772.621,/benchmark/latency_ms,343.339508
1779482772.998,/benchmark/latency_ms,375.236572
1779482773.368,/benchmark/latency_ms,378.031006
1779482773.726,/benchmark/latency_ms,391.203766
1779482774.131,/benchmark/latency_ms,400.075531
1779482774.510,/benchmark/latency_ms,375.599152
1779482774.889,/benchmark/latency_ms,394.564056
1779482775.295,/benchmark/latency_ms,398.638824
1779482775.714,/benchmark/latency_ms,404.042664
1779482776.025,/benchmark/latency_ms,319.591125
1779482776.423,/benchmark/latency_ms,412.682861
1779482776.765,/benchmark/latency_ms,338.851105
1779482597.278,/node/cpu_percent,34.263958
1779482597.778,/node/cpu_percent,21.393034
1779482598.277,/node/cpu_percent,19.849247
1779482598.777,/node/cpu_percent,20.100502
1779482599.276,/node/cpu_percent,21.105528
1779482599.777,/node/cpu_percent,19.849247
1779482600.277,/node/cpu_percent,22.636816
1779482600.777,/node/cpu_percent,19.696970
1779482601.278,/node/cpu_percent,20.151133
1779482601.780,/node/cpu_percent,20.698254
1779482602.277,/node/cpu_percent,20.448877
1779482602.777,/node/cpu_percent,20.551378
1779482603.277,/node/cpu_percent,21.641790
1779482603.776,/node/cpu_percent,20.403023
1779482604.277,/node/cpu_percent,19.338423
1779482604.776,/node/cpu_percent,20.351759
1779482605.277,/node/cpu_percent,21.518988
1779482605.776,/node/cpu_percent,20.100502
1779482606.277,/node/cpu_percent,22.885572
1779482606.776,/node/cpu_percent,34.256927
1779482607.278,/node/cpu_percent,34.586468
1779482607.778,/node/cpu_percent,21.065990
1779482608.276,/node/cpu_percent,18.622450
1779482608.777,/node/cpu_percent,20.750000
1779482609.275,/node/cpu_percent,20.750000
1779482609.782,/node/cpu_percent,19.696970
1779482610.276,/node/cpu_percent,22.613066
1779482610.776,/node/cpu_percent,20.551378
1779482611.276,/node/cpu_percent,21.091812
1779482611.778,/node/cpu_percent,21.265823
1779482612.276,/node/cpu_percent,19.647356
1779482612.776,/node/cpu_percent,21.197008
1779482613.277,/node/cpu_percent,21.641790
1779482613.778,/node/cpu_percent,21.052631
1779482614.276,/node/cpu_percent,21.144279
1779482614.775,/node/cpu_percent,20.603016
1779482615.278,/node/cpu_percent,21.836227
1779482615.775,/node/cpu_percent,19.035534
1779482616.278,/node/cpu_percent,22.727272
1779482616.775,/node/cpu_percent,33.502537
1779482617.276,/node/cpu_percent,32.323231
1779482617.776,/node/cpu_percent,21.052631
1779482618.276,/node/cpu_percent,19.899244
1779482618.777,/node/cpu_percent,22.556391
1779482619.277,/node/cpu_percent,23.484848
1779482619.776,/node/cpu_percent,20.750000
1779482620.275,/node/cpu_percent,22.864321
1779482620.775,/node/cpu_percent,20.500000
1779482621.275,/node/cpu_percent,20.654911
1779482621.776,/node/cpu_percent,20.000000
1779482622.275,/node/cpu_percent,19.444445
1779482622.775,/node/cpu_percent,21.158689
1779482623.275,/node/cpu_percent,20.716112
1779482623.776,/node/cpu_percent,31.552162
1779482624.276,/node/cpu_percent,23.618090
1779482624.774,/node/cpu_percent,21.945137
1779482625.275,/node/cpu_percent,25.757576
1779482625.777,/node/cpu_percent,20.454546
1779482626.275,/node/cpu_percent,21.608040
1779482626.775,/node/cpu_percent,35.714287
1779482627.276,/node/cpu_percent,34.605598
1779482627.776,/node/cpu_percent,21.303259
1779482628.274,/node/cpu_percent,20.100502
1779482628.775,/node/cpu_percent,19.949495
1779482629.275,/node/cpu_percent,19.543148
1779482629.775,/node/cpu_percent,21.052631
1779482630.276,/node/cpu_percent,23.441397
1779482630.774,/node/cpu_percent,19.796955
1779482631.273,/node/cpu_percent,20.300753
1779482631.774,/node/cpu_percent,20.403023
1779482632.276,/node/cpu_percent,18.987341
1779482632.774,/node/cpu_percent,20.151133
1779482633.274,/node/cpu_percent,20.000000
1779482633.774,/node/cpu_percent,21.836227
1779482634.274,/node/cpu_percent,20.698254
1779482634.774,/node/cpu_percent,20.454546
1779482635.276,/node/cpu_percent,19.949495
1779482635.774,/node/cpu_percent,20.351759
1779482636.274,/node/cpu_percent,21.012659
1779482636.774,/node/cpu_percent,35.087719
1779482637.275,/node/cpu_percent,34.924622
1779482637.774,/node/cpu_percent,22.704082
1779482638.276,/node/cpu_percent,22.166246
1779482638.773,/node/cpu_percent,20.854271
1779482639.276,/node/cpu_percent,20.351759
1779482639.776,/node/cpu_percent,19.746836
1779482640.275,/node/cpu_percent,22.556391
1779482640.774,/node/cpu_percent,20.500000
1779482641.274,/node/cpu_percent,20.603016
1779482641.773,/node/cpu_percent,21.804512
1779482642.274,/node/cpu_percent,20.300753
1779482642.774,/node/cpu_percent,19.592875
1779482643.273,/node/cpu_percent,20.947632
1779482643.773,/node/cpu_percent,20.854271
1779482644.275,/node/cpu_percent,24.438902
1779482644.772,/node/cpu_percent,20.151133
1779482645.273,/node/cpu_percent,19.899244
1779482645.773,/node/cpu_percent,20.551378
1779482646.273,/node/cpu_percent,21.265823
1779482646.774,/node/cpu_percent,35.338345
1779482647.273,/node/cpu_percent,35.162094
1779482647.774,/node/cpu_percent,21.144279
1779482648.275,/node/cpu_percent,20.500000
1779482648.773,/node/cpu_percent,20.551378
1779482649.272,/node/cpu_percent,22.864321
1779482649.775,/node/cpu_percent,19.899244
1779482650.275,/node/cpu_percent,22.305765
1779482650.773,/node/cpu_percent,21.339951
1779482651.272,/node/cpu_percent,20.802006
1779482651.775,/node/cpu_percent,20.300753
1779482652.275,/node/cpu_percent,19.444445
1779482652.773,/node/cpu_percent,19.543148
1779482653.272,/node/cpu_percent,21.945137
1779482653.774,/node/cpu_percent,20.151133
1779482654.273,/node/cpu_percent,21.481482
1779482654.772,/node/cpu_percent,19.696970
1779482655.271,/node/cpu_percent,20.654911
1779482655.775,/node/cpu_percent,20.895523
1779482656.273,/node/cpu_percent,22.670025
1779482656.776,/node/cpu_percent,35.368958
1779482657.275,/node/cpu_percent,34.079601
1779482657.773,/node/cpu_percent,20.253164
1779482658.274,/node/cpu_percent,20.403023
1779482658.773,/node/cpu_percent,20.551378
1779482659.273,/node/cpu_percent,21.052631
1779482659.776,/node/cpu_percent,20.100502
1779482660.274,/node/cpu_percent,22.500000
1779482660.774,/node/cpu_percent,20.551378
1779482661.273,/node/cpu_percent,21.446384
1779482661.773,/node/cpu_percent,21.197008
1779482662.273,/node/cpu_percent,19.949495
1779482662.773,/node/cpu_percent,21.250000
1779482663.274,/node/cpu_percent,20.698254
1779482663.773,/node/cpu_percent,20.759493
1779482664.274,/node/cpu_percent,20.750000
1779482664.772,/node/cpu_percent,21.265823
1779482665.273,/node/cpu_percent,20.151133
1779482665.774,/node/cpu_percent,20.750000
1779482666.274,/node/cpu_percent,21.212122
1779482666.773,/node/cpu_percent,33.502537
1779482667.274,/node/cpu_percent,34.912720
1779482667.774,/node/cpu_percent,24.937027
1779482668.274,/node/cpu_percent,20.202021
1779482668.774,/node/cpu_percent,19.592875
1779482669.274,/node/cpu_percent,19.746836
1779482669.774,/node/cpu_percent,19.592875
1779482670.274,/node/cpu_percent,22.885572
1779482670.773,/node/cpu_percent,21.000000
1779482671.275,/node/cpu_percent,20.551378
1779482671.774,/node/cpu_percent,21.608040
1779482672.272,/node/cpu_percent,19.746836
1779482672.773,/node/cpu_percent,21.105528
1779482673.273,/node/cpu_percent,19.899244
1779482673.773,/node/cpu_percent,21.303259
1779482674.273,/node/cpu_percent,20.050125
1779482674.772,/node/cpu_percent,20.448877
1779482675.271,/node/cpu_percent,20.750000
1779482675.774,/node/cpu_percent,21.588089
1779482676.273,/node/cpu_percent,21.859297
1779482676.773,/node/cpu_percent,34.010151
1779482677.272,/node/cpu_percent,34.335838
1779482677.773,/node/cpu_percent,21.250000
1779482678.274,/node/cpu_percent,20.500000
1779482678.773,/node/cpu_percent,21.339951
1779482679.272,/node/cpu_percent,23.690773
1779482679.772,/node/cpu_percent,20.100502
1779482680.274,/node/cpu_percent,21.158689
1779482680.772,/node/cpu_percent,21.804512
1779482681.272,/node/cpu_percent,19.592875
1779482681.772,/node/cpu_percent,19.493671
1779482682.273,/node/cpu_percent,20.750000
1779482682.773,/node/cpu_percent,20.202021
1779482683.272,/node/cpu_percent,20.506329
1779482683.772,/node/cpu_percent,31.094528
1779482684.273,/node/cpu_percent,25.062656
1779482684.772,/node/cpu_percent,21.339951
1779482685.272,/node/cpu_percent,27.318296
1779482685.772,/node/cpu_percent,20.947632
1779482686.272,/node/cpu_percent,23.366835
1779482686.772,/node/cpu_percent,34.936710
1779482687.273,/node/cpu_percent,36.250000
1779482687.771,/node/cpu_percent,20.947632
1779482688.272,/node/cpu_percent,20.403023
1779482688.771,/node/cpu_percent,20.500000
1779482689.272,/node/cpu_percent,21.250000
1779482689.772,/node/cpu_percent,20.300753
1779482690.274,/node/cpu_percent,22.194513
1779482690.771,/node/cpu_percent,20.610687
1779482691.272,/node/cpu_percent,20.654911
1779482691.772,/node/cpu_percent,20.403023
1779482692.272,/node/cpu_percent,21.782179
1779482692.772,/node/cpu_percent,20.551378
1779482693.274,/node/cpu_percent,20.802006
1779482693.771,/node/cpu_percent,20.403023
1779482694.273,/node/cpu_percent,20.050762
1779482694.771,/node/cpu_percent,20.300753
1779482695.273,/node/cpu_percent,21.608040
1779482695.773,/node/cpu_percent,20.843672
1779482696.273,/node/cpu_percent,23.250000
1779482696.771,/node/cpu_percent,34.343433
1779482697.271,/node/cpu_percent,35.025379
1779482697.773,/node/cpu_percent,24.433249
1779482698.271,/node/cpu_percent,22.670025
1779482698.771,/node/cpu_percent,20.100502
1779482699.271,/node/cpu_percent,20.454546
1779482699.771,/node/cpu_percent,19.493671
1779482700.271,/node/cpu_percent,20.050762
1779482700.771,/node/cpu_percent,22.885572
1779482701.271,/node/cpu_percent,19.746836
1779482701.770,/node/cpu_percent,21.553885
1779482702.271,/node/cpu_percent,20.654911
1779482702.771,/node/cpu_percent,21.339951
1779482703.270,/node/cpu_percent,20.854271
1779482703.771,/node/cpu_percent,20.947632
1779482704.270,/node/cpu_percent,20.000000
1779482704.771,/node/cpu_percent,19.543148
1779482705.271,/node/cpu_percent,21.553885
1779482705.771,/node/cpu_percent,20.300753
1779482706.271,/node/cpu_percent,21.662468
1779482706.772,/node/cpu_percent,34.090908
1779482707.270,/node/cpu_percent,34.085213
1779482707.770,/node/cpu_percent,20.802006
1779482708.271,/node/cpu_percent,20.300753
1779482708.772,/node/cpu_percent,20.947632
1779482709.269,/node/cpu_percent,22.474747
1779482709.771,/node/cpu_percent,21.393034
1779482710.270,/node/cpu_percent,19.796955
1779482710.770,/node/cpu_percent,24.120604
1779482711.270,/node/cpu_percent,20.654911
1779482711.770,/node/cpu_percent,20.500000
1779482712.270,/node/cpu_percent,21.534653
1779482712.770,/node/cpu_percent,19.746836
1779482713.270,/node/cpu_percent,20.403023
1779482713.770,/node/cpu_percent,20.403023
1779482714.270,/node/cpu_percent,20.947632
1779482714.770,/node/cpu_percent,20.500000
1779482715.270,/node/cpu_percent,21.339951
1779482715.769,/node/cpu_percent,21.105528
1779482716.270,/node/cpu_percent,20.663265
1779482716.769,/node/cpu_percent,36.363636
1779482717.272,/node/cpu_percent,34.500000
1779482717.769,/node/cpu_percent,22.556391
1779482718.271,/node/cpu_percent,21.000000
1779482718.769,/node/cpu_percent,20.854271
1779482719.268,/node/cpu_percent,22.029703
1779482719.770,/node/cpu_percent,21.052631
1779482720.268,/node/cpu_percent,20.551378
1779482720.769,/node/cpu_percent,21.464647
1779482721.269,/node/cpu_percent,20.500000
1779482721.769,/node/cpu_percent,20.551378
1779482722.271,/node/cpu_percent,19.338423
1779482722.769,/node/cpu_percent,20.654911
1779482723.268,/node/cpu_percent,20.551378
1779482723.769,/node/cpu_percent,21.212122
1779482724.269,/node/cpu_percent,19.543148
1779482724.769,/node/cpu_percent,19.899244
1779482725.271,/node/cpu_percent,22.029703
1779482725.769,/node/cpu_percent,19.949495
1779482726.269,/node/cpu_percent,23.690773
1779482726.769,/node/cpu_percent,34.586468
1779482727.269,/node/cpu_percent,33.417721
1779482727.769,/node/cpu_percent,24.433249
1779482728.268,/node/cpu_percent,20.947632
1779482728.770,/node/cpu_percent,19.949495
1779482729.269,/node/cpu_percent,19.746836
1779482729.770,/node/cpu_percent,20.646767
1779482730.268,/node/cpu_percent,21.969696
1779482730.769,/node/cpu_percent,22.921915
1779482731.268,/node/cpu_percent,20.812183
1779482731.770,/node/cpu_percent,23.057644
1779482732.268,/node/cpu_percent,19.949495
1779482732.768,/node/cpu_percent,21.000000
1779482733.267,/node/cpu_percent,20.551378
1779482733.769,/node/cpu_percent,21.197008
1779482734.269,/node/cpu_percent,19.796955
1779482734.768,/node/cpu_percent,19.493671
1779482735.268,/node/cpu_percent,20.551378
1779482735.768,/node/cpu_percent,19.949495
1779482736.268,/node/cpu_percent,21.969696
1779482736.768,/node/cpu_percent,36.318409
1779482737.269,/node/cpu_percent,34.170853
1779482737.768,/node/cpu_percent,20.551378
1779482738.269,/node/cpu_percent,21.105528
1779482738.768,/node/cpu_percent,19.849247
1779482739.268,/node/cpu_percent,21.750000
1779482739.766,/node/cpu_percent,23.192020
1779482740.267,/node/cpu_percent,20.750000
1779482740.767,/node/cpu_percent,22.942644
1779482741.267,/node/cpu_percent,20.403023
1779482741.770,/node/cpu_percent,21.339951
1779482742.267,/node/cpu_percent,20.947632
1779482742.768,/node/cpu_percent,20.802006
1779482743.267,/node/cpu_percent,22.388060
1779482743.767,/node/cpu_percent,30.099503
1779482744.267,/node/cpu_percent,26.448362
1779482744.767,/node/cpu_percent,20.646767
1779482745.268,/node/cpu_percent,26.395939
1779482745.769,/node/cpu_percent,20.551378
1779482746.267,/node/cpu_percent,21.969696
1779482746.767,/node/cpu_percent,35.012596
1779482747.267,/node/cpu_percent,34.430378
1779482747.767,/node/cpu_percent,24.874372
1779482748.267,/node/cpu_percent,20.351759
1779482748.767,/node/cpu_percent,20.750000
1779482749.268,/node/cpu_percent,19.592875
1779482749.767,/node/cpu_percent,21.534653
1779482750.270,/node/cpu_percent,20.812183
1779482750.767,/node/cpu_percent,21.265823
1779482751.266,/node/cpu_percent,20.202021
1779482751.770,/node/cpu_percent,19.132652
1779482752.266,/node/cpu_percent,20.750000
1779482752.768,/node/cpu_percent,20.454546
1779482753.266,/node/cpu_percent,21.464647
1779482753.768,/node/cpu_percent,20.454546
1779482754.266,/node/cpu_percent,19.181585
1779482754.767,/node/cpu_percent,19.083969
1779482755.267,/node/cpu_percent,20.947632
1779482755.766,/node/cpu_percent,21.000000
1779482756.266,/node/cpu_percent,22.025316
1779482756.766,/node/cpu_percent,34.005039
1779482757.266,/node/cpu_percent,34.517765
1779482757.766,/node/cpu_percent,23.929472
1779482758.266,/node/cpu_percent,22.921915
1779482758.766,/node/cpu_percent,20.551378
1779482759.266,/node/cpu_percent,20.750000
1779482759.766,/node/cpu_percent,20.351759
1779482760.266,/node/cpu_percent,20.300753
1779482760.766,/node/cpu_percent,22.942644
1779482761.266,/node/cpu_percent,21.000000
1779482761.766,/node/cpu_percent,21.012659
1779482762.265,/node/cpu_percent,20.403023
1779482762.766,/node/cpu_percent,20.351759
1779482763.265,/node/cpu_percent,21.000000
1779482763.767,/node/cpu_percent,20.603016
1779482764.265,/node/cpu_percent,20.300753
1779482764.765,/node/cpu_percent,21.356785
1779482765.265,/node/cpu_percent,20.551378
1779482765.766,/node/cpu_percent,20.750000
1779482766.265,/node/cpu_percent,20.565552
1779482766.767,/node/cpu_percent,34.250000
1779482767.267,/node/cpu_percent,33.501259
1779482767.766,/node/cpu_percent,21.250000
1779482768.265,/node/cpu_percent,20.500000
1779482768.765,/node/cpu_percent,20.300753
1779482769.265,/node/cpu_percent,20.854271
1779482769.765,/node/cpu_percent,21.518988
1779482770.265,/node/cpu_percent,20.253164
1779482770.765,/node/cpu_percent,22.000000
1779482771.266,/node/cpu_percent,22.000000
1779482771.765,/node/cpu_percent,20.300753
1779482772.265,/node/cpu_percent,21.339951
1779482772.765,/node/cpu_percent,20.947632
1779482773.266,/node/cpu_percent,20.351759
1779482773.765,/node/cpu_percent,20.906801
1779482774.267,/node/cpu_percent,20.906801
1779482774.765,/node/cpu_percent,20.100502
1779482775.267,/node/cpu_percent,22.305765
1779482775.766,/node/cpu_percent,20.750000
1779482776.266,/node/cpu_percent,22.110552
1779482776.767,/node/cpu_percent,36.202530
1779482597.278,/node/memory_percent,28.492302
1779482597.780,/node/memory_percent,28.499294
1779482598.281,/node/memory_percent,28.499903
1779482598.782,/node/memory_percent,28.513653
1779482599.279,/node/memory_percent,28.516003
1779482599.783,/node/memory_percent,28.515947
1779482600.281,/node/memory_percent,28.515947
1779482600.780,/node/memory_percent,28.515947
1779482601.280,/node/memory_percent,28.517887
1779482601.781,/node/memory_percent,28.518669
1779482602.280,/node/memory_percent,28.513548
1779482602.781,/node/memory_percent,28.517601
1779482603.282,/node/memory_percent,28.523804
1779482603.782,/node/memory_percent,28.523804
1779482604.282,/node/memory_percent,28.528112
1779482604.779,/node/memory_percent,28.534409
1779482605.281,/node/memory_percent,28.535093
1779482605.779,/node/memory_percent,28.510408
1779482606.281,/node/memory_percent,28.526838
1779482606.779,/node/memory_percent,28.491705
1779482607.280,/node/memory_percent,28.510166
1779482607.781,/node/memory_percent,28.481180
1779482608.279,/node/memory_percent,28.481573
1779482608.779,/node/memory_percent,28.496454
1779482609.277,/node/memory_percent,28.499952
1779482609.782,/node/memory_percent,28.502302
1779482610.279,/node/memory_percent,28.477631
1779482610.779,/node/memory_percent,28.503229
1779482611.279,/node/memory_percent,28.503614
1779482611.780,/node/memory_percent,28.488541
1779482612.280,/node/memory_percent,28.493587
1779482612.779,/node/memory_percent,28.507717
1779482613.279,/node/memory_percent,28.507139
1779482613.778,/node/memory_percent,28.510975
1779482614.280,/node/memory_percent,28.499407
1779482614.777,/node/memory_percent,28.499182
1779482615.283,/node/memory_percent,28.484301
1779482615.778,/node/memory_percent,28.507797
1779482616.278,/node/memory_percent,28.504248
1779482616.779,/node/memory_percent,28.492949
1779482617.280,/node/memory_percent,28.503851
1779482617.780,/node/memory_percent,28.504608
1779482618.278,/node/memory_percent,28.500301
1779482618.781,/node/memory_percent,28.511639
1779482619.277,/node/memory_percent,28.515108
1779482619.780,/node/memory_percent,28.553076
1779482620.279,/node/memory_percent,28.560492
1779482620.780,/node/memory_percent,28.539967
1779482621.280,/node/memory_percent,28.531506
1779482621.777,/node/memory_percent,28.509016
1779482622.281,/node/memory_percent,28.520372
1779482622.780,/node/memory_percent,28.520292
1779482623.279,/node/memory_percent,28.522095
1779482623.778,/node/memory_percent,28.516514
1779482624.277,/node/memory_percent,28.516861
1779482624.778,/node/memory_percent,28.523487
1779482625.280,/node/memory_percent,28.526186
1779482625.781,/node/memory_percent,28.540363
1779482626.280,/node/memory_percent,28.558981
1779482626.777,/node/memory_percent,28.535641
1779482627.279,/node/memory_percent,28.535641
1779482627.777,/node/memory_percent,28.536026
1779482628.279,/node/memory_percent,28.536026
1779482628.779,/node/memory_percent,28.536026
1779482629.278,/node/memory_percent,28.525036
1779482629.779,/node/memory_percent,28.525036
1779482630.278,/node/memory_percent,28.527758
1779482630.779,/node/memory_percent,28.527758
1779482631.274,/node/memory_percent,28.523052
1779482631.778,/node/memory_percent,28.499269
1779482632.278,/node/memory_percent,28.499449
1779482632.780,/node/memory_percent,28.505976
1779482633.277,/node/memory_percent,28.505976
1779482633.777,/node/memory_percent,28.539356
1779482634.278,/node/memory_percent,28.519453
1779482634.777,/node/memory_percent,28.519423
1779482635.277,/node/memory_percent,28.507860
1779482635.779,/node/memory_percent,28.513716
1779482636.278,/node/memory_percent,28.514088
1779482636.775,/node/memory_percent,28.517221
1779482637.277,/node/memory_percent,28.517221
1779482637.780,/node/memory_percent,28.516718
1779482638.277,/node/memory_percent,28.516718
1779482638.779,/node/memory_percent,28.500687
1779482639.277,/node/memory_percent,28.501078
1779482639.777,/node/memory_percent,28.490866
1779482640.277,/node/memory_percent,28.496328
1779482640.776,/node/memory_percent,28.496328
1779482641.275,/node/memory_percent,28.472622
1779482641.776,/node/memory_percent,28.473385
1779482642.276,/node/memory_percent,28.492990
1779482642.778,/node/memory_percent,28.494110
1779482643.278,/node/memory_percent,28.494881
1779482643.776,/node/memory_percent,28.494881
1779482644.276,/node/memory_percent,28.509701
1779482644.774,/node/memory_percent,28.511223
1779482645.276,/node/memory_percent,28.514343
1779482645.778,/node/memory_percent,28.518259
1779482646.276,/node/memory_percent,28.506462
1779482646.777,/node/memory_percent,28.522493
1779482647.276,/node/memory_percent,28.502302
1779482647.777,/node/memory_percent,28.511286
1779482648.278,/node/memory_percent,28.490305
1779482648.778,/node/memory_percent,28.500183
1779482649.272,/node/memory_percent,28.489578
1779482649.776,/node/memory_percent,28.493494
1779482650.276,/node/memory_percent,28.509302
1779482650.778,/node/memory_percent,28.510675
1779482651.275,/node/memory_percent,28.513809
1779482651.776,/node/memory_percent,28.493452
1779482652.275,/node/memory_percent,28.493202
1779482652.778,/node/memory_percent,28.494768
1779482653.272,/node/memory_percent,28.494757
1779482653.774,/node/memory_percent,28.521877
1779482654.275,/node/memory_percent,28.541252
1779482654.774,/node/memory_percent,28.541252
1779482655.272,/node/memory_percent,28.541626
1779482655.776,/node/memory_percent,28.516954
1779482656.278,/node/memory_percent,28.515388
1779482656.778,/node/memory_percent,28.517714
1779482657.278,/node/memory_percent,28.521629
1779482657.777,/node/memory_percent,28.521629
1779482658.278,/node/memory_percent,28.525936
1779482658.780,/node/memory_percent,28.493694
1779482659.278,/node/memory_percent,28.509918
1779482659.778,/node/memory_percent,28.522928
1779482660.280,/node/memory_percent,28.522928
1779482660.782,/node/memory_percent,28.522928
1779482661.277,/node/memory_percent,28.523314
1779482661.779,/node/memory_percent,28.523314
1779482662.278,/node/memory_percent,28.518595
1779482662.776,/node/memory_percent,28.527994
1779482663.277,/node/memory_percent,28.512882
1779482663.777,/node/memory_percent,28.507002
1779482664.276,/node/memory_percent,28.524626
1779482664.774,/node/memory_percent,28.519547
1779482665.279,/node/memory_percent,28.499842
1779482665.776,/node/memory_percent,28.517334
1779482666.276,/node/memory_percent,28.517334
1779482666.778,/node/memory_percent,28.517334
1779482667.275,/node/memory_percent,28.499151
1779482667.777,/node/memory_percent,28.483200
1779482668.276,/node/memory_percent,28.483593
1779482668.776,/node/memory_percent,28.514343
1779482669.279,/node/memory_percent,28.514511
1779482669.780,/node/memory_percent,28.514511
1779482670.278,/node/memory_percent,28.515270
1779482670.778,/node/memory_percent,28.515656
1779482671.277,/node/memory_percent,28.503111
1779482671.778,/node/memory_percent,28.487421
1779482672.275,/node/memory_percent,28.490946
1779482672.778,/node/memory_percent,28.487806
1779482673.276,/node/memory_percent,28.491724
1779482673.778,/node/memory_percent,28.514088
1779482674.278,/node/memory_percent,28.507362
1779482674.773,/node/memory_percent,28.520180
1779482675.273,/node/memory_percent,28.525259
1779482675.776,/node/memory_percent,28.499872
1779482676.276,/node/memory_percent,28.500904
1779482676.776,/node/memory_percent,28.470638
1779482677.275,/node/memory_percent,28.493620
1779482677.776,/node/memory_percent,28.495577
1779482678.279,/node/memory_percent,28.504944
1779482678.778,/node/memory_percent,28.508862
1779482679.278,/node/memory_percent,28.500643
1779482679.778,/node/memory_percent,28.476139
1779482680.275,/node/memory_percent,28.478035
1779482680.775,/node/memory_percent,28.478035
1779482681.276,/node/memory_percent,28.478409
1779482681.777,/node/memory_percent,28.466312
1779482682.277,/node/memory_percent,28.467094
1779482682.773,/node/memory_percent,28.468586
1779482683.276,/node/memory_percent,28.451473
1779482683.774,/node/memory_percent,28.466398
1779482684.276,/node/memory_percent,28.467518
1779482684.776,/node/memory_percent,28.498915
1779482685.275,/node/memory_percent,28.491829
1779482685.776,/node/memory_percent,28.493961
1779482686.275,/node/memory_percent,28.494719
1779482686.776,/node/memory_percent,28.498617
1779482687.276,/node/memory_percent,28.489996
1779482687.775,/node/memory_percent,28.489996
1779482688.275,/node/memory_percent,28.495049
1779482688.775,/node/memory_percent,28.488379
1779482689.275,/node/memory_percent,28.488379
1779482689.775,/node/memory_percent,28.505274
1779482690.276,/node/memory_percent,28.525942
1779482690.775,/node/memory_percent,28.526329
1779482691.275,/node/memory_percent,28.519442
1779482691.776,/node/memory_percent,28.519442
1779482692.276,/node/memory_percent,28.519827
1779482692.774,/node/memory_percent,28.534763
1779482693.275,/node/memory_percent,28.516066
1779482693.776,/node/memory_percent,28.523071
1779482694.274,/node/memory_percent,28.524227
1779482694.777,/node/memory_percent,28.524612
1779482695.274,/node/memory_percent,28.540619
1779482695.774,/node/memory_percent,28.522604
1779482696.274,/node/memory_percent,28.516302
1779482696.772,/node/memory_percent,28.523350
1779482697.274,/node/memory_percent,28.535776
1779482697.778,/node/memory_percent,28.541706
1779482698.273,/node/memory_percent,28.542055
1779482698.774,/node/memory_percent,28.541931
1779482699.274,/node/memory_percent,28.501774
1779482699.774,/node/memory_percent,28.483431
1779482700.274,/node/memory_percent,28.489666
1779482700.774,/node/memory_percent,28.489666
1779482701.274,/node/memory_percent,28.500263
1779482701.775,/node/memory_percent,28.504883
1779482702.274,/node/memory_percent,28.510744
1779482702.774,/node/memory_percent,28.510744
1779482703.275,/node/memory_percent,28.510744
1779482703.775,/node/memory_percent,28.510744
1779482704.275,/node/memory_percent,28.523668
1779482704.775,/node/memory_percent,28.523668
1779482705.276,/node/memory_percent,28.536926
1779482705.775,/node/memory_percent,28.536926
1779482706.275,/node/memory_percent,28.499264
1779482706.773,/node/memory_percent,28.523432
1779482707.275,/node/memory_percent,28.497940
1779482707.775,/node/memory_percent,28.500681
1779482708.274,/node/memory_percent,28.501446
1779482708.772,/node/memory_percent,28.501446
1779482709.269,/node/memory_percent,28.501831
1779482709.772,/node/memory_percent,28.502613
1779482710.274,/node/memory_percent,28.512907
1779482710.773,/node/memory_percent,28.529194
1779482711.276,/node/memory_percent,28.544603
1779482711.773,/node/memory_percent,28.540407
1779482712.273,/node/memory_percent,28.540781
1779482712.773,/node/memory_percent,28.500780
1779482713.273,/node/memory_percent,28.510433
1779482713.776,/node/memory_percent,28.502211
1779482714.276,/node/memory_percent,28.503813
1779482714.773,/node/memory_percent,28.508427
1779482715.274,/node/memory_percent,28.515450
1779482715.776,/node/memory_percent,28.461040
1779482716.275,/node/memory_percent,28.462191
1779482716.774,/node/memory_percent,28.465044
1779482717.275,/node/memory_percent,28.513578
1779482717.774,/node/memory_percent,28.513578
1779482718.272,/node/memory_percent,28.499649
1779482718.772,/node/memory_percent,28.514530
1779482719.268,/node/memory_percent,28.518055
1779482719.772,/node/memory_percent,28.525103
1779482720.268,/node/memory_percent,28.525490
1779482720.772,/node/memory_percent,28.518105
1779482721.272,/node/memory_percent,28.528622
1779482721.772,/node/memory_percent,28.528622
1779482722.273,/node/memory_percent,28.503950
1779482722.772,/node/memory_percent,28.528677
1779482723.271,/node/memory_percent,28.530947
1779482723.772,/node/memory_percent,28.530947
1779482724.273,/node/memory_percent,28.527031
1779482724.772,/node/memory_percent,28.521940
1779482725.276,/node/memory_percent,28.488981
1779482725.775,/node/memory_percent,28.469090
1779482726.275,/node/memory_percent,28.497156
1779482726.773,/node/memory_percent,28.506163
1779482727.273,/node/memory_percent,28.511223
1779482727.773,/node/memory_percent,28.513573
1779482728.273,/node/memory_percent,28.489056
1779482728.771,/node/memory_percent,28.494539
1779482729.271,/node/memory_percent,28.505871
1779482729.771,/node/memory_percent,28.517227
1779482730.273,/node/memory_percent,28.504498
1779482730.774,/node/memory_percent,28.501707
1779482731.271,/node/memory_percent,28.515326
1779482731.771,/node/memory_percent,28.522692
1779482732.271,/node/memory_percent,28.525358
1779482732.773,/node/memory_percent,28.487310
1779482733.270,/node/memory_percent,28.536106
1779482733.770,/node/memory_percent,28.536106
1779482734.270,/node/memory_percent,28.536480
1779482734.771,/node/memory_percent,28.536472
1779482735.271,/node/memory_percent,28.536858
1779482735.771,/node/memory_percent,28.536858
1779482736.271,/node/memory_percent,28.536858
1779482736.772,/node/memory_percent,28.538425
1779482737.270,/node/memory_percent,28.538425
1779482737.772,/node/memory_percent,28.538425
1779482738.270,/node/memory_percent,28.501595
1779482738.769,/node/memory_percent,28.525091
1779482739.269,/node/memory_percent,28.525875
1779482739.767,/node/memory_percent,28.527391
1779482740.270,/node/memory_percent,28.527777
1779482740.772,/node/memory_percent,28.527763
1779482741.270,/node/memory_percent,28.529324
1779482741.773,/node/memory_percent,28.529324
1779482742.272,/node/memory_percent,28.530083
1779482742.771,/node/memory_percent,28.530083
1779482743.270,/node/memory_percent,28.530804
1779482743.770,/node/memory_percent,28.500929
1779482744.270,/node/memory_percent,28.503452
1779482744.770,/node/memory_percent,28.510103
1779482745.269,/node/memory_percent,28.524469
1779482745.771,/node/memory_percent,28.530151
1779482746.270,/node/memory_percent,28.532476
1779482746.770,/node/memory_percent,28.530394
1779482747.271,/node/memory_percent,28.505268
1779482747.770,/node/memory_percent,28.515898
1779482748.270,/node/memory_percent,28.518185
1779482748.770,/node/memory_percent,28.518520
1779482749.270,/node/memory_percent,28.533781
1779482749.773,/node/memory_percent,28.536131
1779482750.271,/node/memory_percent,28.538090
1779482750.771,/node/memory_percent,28.531183
1779482751.269,/node/memory_percent,28.531574
1779482751.772,/node/memory_percent,28.531574
1779482752.272,/node/memory_percent,28.531948
1779482752.769,/node/memory_percent,28.531948
1779482753.269,/node/memory_percent,28.502148
1779482753.769,/node/memory_percent,28.522499
1779482754.269,/node/memory_percent,28.521143
1779482754.769,/node/memory_percent,28.498199
1779482755.269,/node/memory_percent,28.500488
1779482755.769,/node/memory_percent,28.522636
1779482756.269,/node/memory_percent,28.541582
1779482756.770,/node/memory_percent,28.542757
1779482757.270,/node/memory_percent,28.541166
1779482757.769,/node/memory_percent,28.544298
1779482758.269,/node/memory_percent,28.545033
1779482758.769,/node/memory_percent,28.527565
1779482759.270,/node/memory_percent,28.528324
1779482759.770,/node/memory_percent,28.535641
1779482760.272,/node/memory_percent,28.517670
1779482760.770,/node/memory_percent,28.522406
1779482761.270,/node/memory_percent,28.522741
1779482761.767,/node/memory_percent,28.524700
1779482762.266,/node/memory_percent,28.530182
1779482762.770,/node/memory_percent,28.530567
1779482763.268,/node/memory_percent,28.530952
1779482763.768,/node/memory_percent,28.480267
1779482764.268,/node/memory_percent,28.515444
1779482764.768,/node/memory_percent,28.503763
1779482765.268,/node/memory_percent,28.513075
1779482765.768,/node/memory_percent,28.529299
1779482766.268,/node/memory_percent,28.529505
1779482766.770,/node/memory_percent,28.531071
1779482767.269,/node/memory_percent,28.538506
1779482767.767,/node/memory_percent,28.520491
1779482768.270,/node/memory_percent,28.535025
1779482768.768,/node/memory_percent,28.536522
1779482769.271,/node/memory_percent,28.537281
1779482769.768,/node/memory_percent,28.537281
1779482770.271,/node/memory_percent,28.539576
1779482770.771,/node/memory_percent,28.539576
1779482771.269,/node/memory_percent,28.539549
1779482771.769,/node/memory_percent,28.539549
1779482772.269,/node/memory_percent,28.539936
1779482772.769,/node/memory_percent,28.545858
1779482773.267,/node/memory_percent,28.535000
1779482773.770,/node/memory_percent,28.539513
1779482774.269,/node/memory_percent,28.541010
1779482774.769,/node/memory_percent,28.546885
1779482775.267,/node/memory_percent,28.547258
1779482775.767,/node/memory_percent,28.557930
1779482776.268,/node/memory_percent,28.560560
1779482776.767,/node/memory_percent,28.556911
1779482597.280,/node/gpu_percent,4.500000
1779482597.779,/node/gpu_percent,3.600000
1779482598.281,/node/gpu_percent,4.100000
1779482598.781,/node/gpu_percent,0.000000
1779482599.278,/node/gpu_percent,3.700000
1779482599.781,/node/gpu_percent,11.000000
1779482600.281,/node/gpu_percent,0.000000
1779482600.779,/node/gpu_percent,3.700000
1779482601.279,/node/gpu_percent,6.000000
1779482601.780,/node/gpu_percent,2.000000
1779482602.279,/node/gpu_percent,6.900000
1779482602.780,/node/gpu_percent,2.900000
1779482603.280,/node/gpu_percent,1.700000
1779482603.778,/node/gpu_percent,0.000000
1779482604.280,/node/gpu_percent,4.100000
1779482604.779,/node/gpu_percent,13.700000
1779482605.278,/node/gpu_percent,2.300000
1779482605.778,/node/gpu_percent,9.000000
1779482606.279,/node/gpu_percent,7.000000
1779482606.778,/node/gpu_percent,3.100000
1779482607.282,/node/gpu_percent,3.700000
1779482607.781,/node/gpu_percent,7.100000
1779482608.278,/node/gpu_percent,0.000000
1779482608.778,/node/gpu_percent,5.800000
1779482609.278,/node/gpu_percent,2.700000
1779482609.782,/node/gpu_percent,4.400000
1779482610.278,/node/gpu_percent,0.000000
1779482610.778,/node/gpu_percent,6.800000
1779482611.278,/node/gpu_percent,12.000000
1779482611.780,/node/gpu_percent,3.800000
1779482612.280,/node/gpu_percent,9.800000
1779482612.778,/node/gpu_percent,2.900000
1779482613.281,/node/gpu_percent,3.700000
1779482613.780,/node/gpu_percent,9.300000
1779482614.280,/node/gpu_percent,4.900000
1779482614.777,/node/gpu_percent,4.300000
1779482615.280,/node/gpu_percent,1.600000
1779482615.777,/node/gpu_percent,7.300000
1779482616.278,/node/gpu_percent,4.400000
1779482616.777,/node/gpu_percent,0.000000
1779482617.278,/node/gpu_percent,4.000000
1779482617.778,/node/gpu_percent,0.000000
1779482618.278,/node/gpu_percent,8.500000
1779482618.780,/node/gpu_percent,4.900000
1779482619.279,/node/gpu_percent,3.600000
1779482619.779,/node/gpu_percent,1.400000
1779482620.277,/node/gpu_percent,9.900000
1779482620.779,/node/gpu_percent,6.200000
1779482621.279,/node/gpu_percent,2.900000
1779482621.779,/node/gpu_percent,0.000000
1779482622.279,/node/gpu_percent,3.500000
1779482622.779,/node/gpu_percent,8.700000
1779482623.277,/node/gpu_percent,0.000000
1779482623.780,/node/gpu_percent,5.200000
1779482624.279,/node/gpu_percent,5.600000
1779482624.776,/node/gpu_percent,4.800000
1779482625.279,/node/gpu_percent,1.000000
1779482625.777,/node/gpu_percent,9.400000
1779482626.278,/node/gpu_percent,4.300000
1779482626.778,/node/gpu_percent,12.000000
1779482627.278,/node/gpu_percent,8.000000
1779482627.779,/node/gpu_percent,9.300000
1779482628.277,/node/gpu_percent,0.000000
1779482628.776,/node/gpu_percent,5.700000
1779482629.277,/node/gpu_percent,3.000000
1779482629.776,/node/gpu_percent,2.000000
1779482630.281,/node/gpu_percent,3.000000
1779482630.778,/node/gpu_percent,9.700000
1779482631.276,/node/gpu_percent,1.600000
1779482631.777,/node/gpu_percent,6.600000
1779482632.279,/node/gpu_percent,3.500000
1779482632.778,/node/gpu_percent,7.700000
1779482633.276,/node/gpu_percent,0.000000
1779482633.776,/node/gpu_percent,4.200000
1779482634.278,/node/gpu_percent,5.400000
1779482634.775,/node/gpu_percent,1.600000
1779482635.276,/node/gpu_percent,10.400000
1779482635.777,/node/gpu_percent,3.100000
1779482636.278,/node/gpu_percent,1.900000
1779482636.778,/node/gpu_percent,8.100000
1779482637.276,/node/gpu_percent,4.500000
1779482637.777,/node/gpu_percent,3.600000
1779482638.276,/node/gpu_percent,11.900000
1779482638.776,/node/gpu_percent,0.000000
1779482639.276,/node/gpu_percent,5.400000
1779482639.776,/node/gpu_percent,4.900000
1779482640.276,/node/gpu_percent,0.000000
1779482640.776,/node/gpu_percent,3.000000
1779482641.277,/node/gpu_percent,3.200000
1779482641.776,/node/gpu_percent,0.000000
1779482642.276,/node/gpu_percent,4.800000
1779482642.776,/node/gpu_percent,1.900000
1779482643.276,/node/gpu_percent,6.400000
1779482643.775,/node/gpu_percent,6.200000
1779482644.279,/node/gpu_percent,2.300000
1779482644.775,/node/gpu_percent,7.300000
1779482645.275,/node/gpu_percent,4.600000
1779482645.777,/node/gpu_percent,4.500000
1779482646.275,/node/gpu_percent,0.000000
1779482646.775,/node/gpu_percent,6.500000
1779482647.274,/node/gpu_percent,3.600000
1779482647.775,/node/gpu_percent,8.400000
1779482648.278,/node/gpu_percent,3.600000
1779482648.777,/node/gpu_percent,12.000000
1779482649.274,/node/gpu_percent,6.700000
1779482649.775,/node/gpu_percent,3.200000
1779482650.277,/node/gpu_percent,4.900000
1779482650.777,/node/gpu_percent,4.100000
1779482651.274,/node/gpu_percent,4.800000
1779482651.775,/node/gpu_percent,5.200000
1779482652.277,/node/gpu_percent,6.000000
1779482652.775,/node/gpu_percent,2.100000
1779482653.273,/node/gpu_percent,0.000000
1779482653.777,/node/gpu_percent,4.200000
1779482654.274,/node/gpu_percent,4.200000
1779482654.773,/node/gpu_percent,1.900000
1779482655.274,/node/gpu_percent,8.200000
1779482655.775,/node/gpu_percent,5.900000
1779482656.275,/node/gpu_percent,2.900000
1779482656.777,/node/gpu_percent,0.000000
1779482657.276,/node/gpu_percent,5.000000
1779482657.775,/node/gpu_percent,6.200000
1779482658.277,/node/gpu_percent,4.600000
1779482658.777,/node/gpu_percent,6.700000
1779482659.277,/node/gpu_percent,0.000000
1779482659.777,/node/gpu_percent,3.800000
1779482660.277,/node/gpu_percent,5.900000
1779482660.779,/node/gpu_percent,0.000000
1779482661.276,/node/gpu_percent,3.500000
1779482661.777,/node/gpu_percent,5.600000
1779482662.277,/node/gpu_percent,0.500000
1779482662.775,/node/gpu_percent,6.500000
1779482663.275,/node/gpu_percent,14.000000
1779482663.777,/node/gpu_percent,2.100000
1779482664.275,/node/gpu_percent,5.700000
1779482664.774,/node/gpu_percent,7.600000
1779482665.276,/node/gpu_percent,0.000000
1779482665.776,/node/gpu_percent,3.700000
1779482666.275,/node/gpu_percent,5.200000
1779482666.777,/node/gpu_percent,0.000000
1779482667.276,/node/gpu_percent,7.300000
1779482667.775,/node/gpu_percent,1.800000
1779482668.275,/node/gpu_percent,9.000000
1779482668.776,/node/gpu_percent,5.400000
1779482669.277,/node/gpu_percent,1.600000
1779482669.777,/node/gpu_percent,4.100000
1779482670.278,/node/gpu_percent,4.200000
1779482670.777,/node/gpu_percent,1.600000
1779482671.279,/node/gpu_percent,3.400000
1779482671.777,/node/gpu_percent,3.800000
1779482672.274,/node/gpu_percent,0.000000
1779482672.777,/node/gpu_percent,5.400000
1779482673.275,/node/gpu_percent,6.200000
1779482673.777,/node/gpu_percent,0.000000
1779482674.275,/node/gpu_percent,6.300000
1779482674.774,/node/gpu_percent,6.600000
1779482675.274,/node/gpu_percent,0.000000
1779482675.776,/node/gpu_percent,4.300000
1779482676.275,/node/gpu_percent,4.600000
1779482676.775,/node/gpu_percent,4.400000
1779482677.277,/node/gpu_percent,5.300000
1779482677.775,/node/gpu_percent,11.700000
1779482678.277,/node/gpu_percent,0.000000
1779482678.778,/node/gpu_percent,4.600000
1779482679.276,/node/gpu_percent,4.500000
1779482679.777,/node/gpu_percent,0.500000
1779482680.277,/node/gpu_percent,8.000000
1779482680.774,/node/gpu_percent,7.100000
1779482681.275,/node/gpu_percent,2.900000
1779482681.776,/node/gpu_percent,18.400000
1779482682.276,/node/gpu_percent,3.800000
1779482682.776,/node/gpu_percent,10.100000
1779482683.274,/node/gpu_percent,0.000000
1779482683.774,/node/gpu_percent,7.600000
1779482684.275,/node/gpu_percent,7.300000
1779482684.774,/node/gpu_percent,6.400000
1779482685.275,/node/gpu_percent,0.000000
1779482685.774,/node/gpu_percent,5.000000
1779482686.274,/node/gpu_percent,4.000000
1779482686.774,/node/gpu_percent,2.800000
1779482687.274,/node/gpu_percent,0.000000
1779482687.774,/node/gpu_percent,8.200000
1779482688.274,/node/gpu_percent,8.000000
1779482688.774,/node/gpu_percent,1.400000
1779482689.274,/node/gpu_percent,4.800000
1779482689.774,/node/gpu_percent,4.500000
1779482690.275,/node/gpu_percent,2.900000
1779482690.774,/node/gpu_percent,15.700000
1779482691.274,/node/gpu_percent,7.500000
1779482691.775,/node/gpu_percent,1.100000
1779482692.276,/node/gpu_percent,14.100000
1779482692.775,/node/gpu_percent,2.800000
1779482693.274,/node/gpu_percent,4.300000
1779482693.775,/node/gpu_percent,0.000000
1779482694.273,/node/gpu_percent,4.200000
1779482694.776,/node/gpu_percent,6.600000
1779482695.274,/node/gpu_percent,0.000000
1779482695.773,/node/gpu_percent,7.600000
1779482696.274,/node/gpu_percent,2.200000
1779482696.774,/node/gpu_percent,6.600000
1779482697.273,/node/gpu_percent,2.500000
1779482697.776,/node/gpu_percent,4.500000
1779482698.272,/node/gpu_percent,4.100000
1779482698.773,/node/gpu_percent,0.800000
1779482699.273,/node/gpu_percent,5.900000
1779482699.773,/node/gpu_percent,0.800000
1779482700.273,/node/gpu_percent,1.600000
1779482700.773,/node/gpu_percent,4.500000
1779482701.273,/node/gpu_percent,6.300000
1779482701.774,/node/gpu_percent,0.000000
1779482702.273,/node/gpu_percent,2.900000
1779482702.773,/node/gpu_percent,3.900000
1779482703.274,/node/gpu_percent,12.200000
1779482703.775,/node/gpu_percent,3.200000
1779482704.274,/node/gpu_percent,0.000000
1779482704.775,/node/gpu_percent,4.300000
1779482705.274,/node/gpu_percent,3.700000
1779482705.774,/node/gpu_percent,3.500000
1779482706.273,/node/gpu_percent,0.000000
1779482706.772,/node/gpu_percent,4.600000
1779482707.272,/node/gpu_percent,13.500000
1779482707.774,/node/gpu_percent,0.000000
1779482708.276,/node/gpu_percent,4.100000
1779482708.775,/node/gpu_percent,0.800000
1779482709.271,/node/gpu_percent,5.400000
1779482709.774,/node/gpu_percent,5.300000
1779482710.272,/node/gpu_percent,3.000000
1779482710.772,/node/gpu_percent,0.000000
1779482711.274,/node/gpu_percent,2.400000
1779482711.772,/node/gpu_percent,6.600000
1779482712.272,/node/gpu_percent,16.500000
1779482712.772,/node/gpu_percent,5.100000
1779482713.272,/node/gpu_percent,4.900000
1779482713.773,/node/gpu_percent,13.700000
1779482714.273,/node/gpu_percent,4.900000
1779482714.772,/node/gpu_percent,4.200000
1779482715.273,/node/gpu_percent,5.100000
1779482715.773,/node/gpu_percent,14.200000
1779482716.273,/node/gpu_percent,6.600000
1779482716.773,/node/gpu_percent,0.000000
1779482717.275,/node/gpu_percent,12.900000
1779482717.771,/node/gpu_percent,0.000000
1779482718.274,/node/gpu_percent,8.200000
1779482718.771,/node/gpu_percent,1.600000
1779482719.270,/node/gpu_percent,17.100000
1779482719.772,/node/gpu_percent,5.400000
1779482720.270,/node/gpu_percent,2.000000
1779482720.772,/node/gpu_percent,5.300000
1779482721.271,/node/gpu_percent,2.400000
1779482721.771,/node/gpu_percent,1.400000
1779482722.272,/node/gpu_percent,3.100000
1779482722.774,/node/gpu_percent,2.800000
1779482723.269,/node/gpu_percent,2.000000
1779482723.771,/node/gpu_percent,3.700000
1779482724.273,/node/gpu_percent,5.400000
1779482724.771,/node/gpu_percent,0.600000
1779482725.273,/node/gpu_percent,7.600000
1779482725.772,/node/gpu_percent,4.800000
1779482726.272,/node/gpu_percent,6.000000
1779482726.773,/node/gpu_percent,0.000000
1779482727.273,/node/gpu_percent,3.800000
1779482727.773,/node/gpu_percent,9.100000
1779482728.272,/node/gpu_percent,0.000000
1779482728.770,/node/gpu_percent,5.400000
1779482729.273,/node/gpu_percent,3.800000
1779482729.770,/node/gpu_percent,11.100000
1779482730.270,/node/gpu_percent,6.300000
1779482730.772,/node/gpu_percent,2.000000
1779482731.270,/node/gpu_percent,5.200000
1779482731.771,/node/gpu_percent,6.400000
1779482732.270,/node/gpu_percent,2.300000
1779482732.771,/node/gpu_percent,7.600000
1779482733.268,/node/gpu_percent,6.500000
1779482733.772,/node/gpu_percent,2.200000
1779482734.273,/node/gpu_percent,6.000000
1779482734.770,/node/gpu_percent,9.500000
1779482735.270,/node/gpu_percent,0.000000
1779482735.770,/node/gpu_percent,3.000000
1779482736.271,/node/gpu_percent,3.900000
1779482736.772,/node/gpu_percent,14.300000
1779482737.269,/node/gpu_percent,5.000000
1779482737.772,/node/gpu_percent,4.300000
1779482738.272,/node/gpu_percent,8.600000
1779482738.771,/node/gpu_percent,0.000000
1779482739.271,/node/gpu_percent,4.900000
1779482739.770,/node/gpu_percent,8.100000
1779482740.270,/node/gpu_percent,0.000000
1779482740.771,/node/gpu_percent,4.800000
1779482741.269,/node/gpu_percent,7.700000
1779482741.773,/node/gpu_percent,7.400000
1779482742.269,/node/gpu_percent,3.100000
1779482742.770,/node/gpu_percent,4.000000
1779482743.269,/node/gpu_percent,10.800000
1779482743.770,/node/gpu_percent,3.200000
1779482744.269,/node/gpu_percent,3.000000
1779482744.769,/node/gpu_percent,3.900000
1779482745.272,/node/gpu_percent,15.700000
1779482745.771,/node/gpu_percent,3.700000
1779482746.269,/node/gpu_percent,1.900000
1779482746.770,/node/gpu_percent,6.400000
1779482747.270,/node/gpu_percent,6.200000
1779482747.769,/node/gpu_percent,1.900000
1779482748.269,/node/gpu_percent,4.600000
1779482748.769,/node/gpu_percent,12.100000
1779482749.276,/node/gpu_percent,0.000000
1779482749.770,/node/gpu_percent,4.300000
1779482750.270,/node/gpu_percent,10.800000
1779482750.771,/node/gpu_percent,0.000000
1779482751.269,/node/gpu_percent,7.000000
1779482751.772,/node/gpu_percent,3.500000
1779482752.270,/node/gpu_percent,3.700000
1779482752.768,/node/gpu_percent,9.600000
1779482753.268,/node/gpu_percent,0.000000
1779482753.768,/node/gpu_percent,5.200000
1779482754.269,/node/gpu_percent,2.900000
1779482754.769,/node/gpu_percent,1.900000
1779482755.269,/node/gpu_percent,6.400000
1779482755.768,/node/gpu_percent,14.000000
1779482756.268,/node/gpu_percent,0.000000
1779482756.768,/node/gpu_percent,3.400000
1779482757.270,/node/gpu_percent,4.800000
1779482757.768,/node/gpu_percent,3.300000
1779482758.268,/node/gpu_percent,0.000000
1779482758.768,/node/gpu_percent,8.400000
1779482759.270,/node/gpu_percent,4.200000
1779482759.769,/node/gpu_percent,0.400000
1779482760.269,/node/gpu_percent,4.100000
1779482760.770,/node/gpu_percent,3.800000
1779482761.268,/node/gpu_percent,0.000000
1779482761.769,/node/gpu_percent,4.200000
1779482762.266,/node/gpu_percent,5.000000
1779482762.770,/node/gpu_percent,2.100000
1779482763.267,/node/gpu_percent,6.200000
1779482763.767,/node/gpu_percent,2.800000
1779482764.268,/node/gpu_percent,4.000000
1779482764.768,/node/gpu_percent,5.100000
1779482765.267,/node/gpu_percent,12.700000
1779482765.768,/node/gpu_percent,0.000000
1779482766.268,/node/gpu_percent,3.700000
1779482766.769,/node/gpu_percent,0.000000
1779482767.268,/node/gpu_percent,8.700000
1779482767.769,/node/gpu_percent,0.500000
1779482768.269,/node/gpu_percent,10.000000
1779482768.767,/node/gpu_percent,4.300000
1779482769.269,/node/gpu_percent,1.600000
1779482769.767,/node/gpu_percent,3.300000
1779482770.268,/node/gpu_percent,3.400000
1779482770.769,/node/gpu_percent,1.400000
1779482771.266,/node/gpu_percent,7.200000
1779482771.769,/node/gpu_percent,5.200000
1779482772.269,/node/gpu_percent,2.100000
1779482772.769,/node/gpu_percent,2.900000
1779482773.266,/node/gpu_percent,4.600000
1779482773.768,/node/gpu_percent,15.600000
1779482774.271,/node/gpu_percent,5.700000
1779482774.769,/node/gpu_percent,10.800000
1779482775.269,/node/gpu_percent,0.600000
1779482775.769,/node/gpu_percent,9.700000
1779482776.267,/node/gpu_percent,3.900000
1779482776.769,/node/gpu_percent,1.600000
1779482597.281,/node/io_read_mbs,0.000000
1779482597.783,/node/io_read_mbs,0.000000
1779482598.282,/node/io_read_mbs,0.000000
1779482598.784,/node/io_read_mbs,0.000000
1779482599.281,/node/io_read_mbs,0.000000
1779482599.784,/node/io_read_mbs,0.000000
1779482600.283,/node/io_read_mbs,0.000000
1779482600.782,/node/io_read_mbs,0.000000
1779482601.283,/node/io_read_mbs,0.000000
1779482601.783,/node/io_read_mbs,0.000000
1779482602.282,/node/io_read_mbs,0.000000
1779482602.782,/node/io_read_mbs,0.000000
1779482603.282,/node/io_read_mbs,0.000000
1779482603.784,/node/io_read_mbs,0.000000
1779482604.282,/node/io_read_mbs,0.000000
1779482604.782,/node/io_read_mbs,0.000000
1779482605.283,/node/io_read_mbs,0.000000
1779482605.781,/node/io_read_mbs,0.000000
1779482606.284,/node/io_read_mbs,0.000000
1779482606.780,/node/io_read_mbs,0.000000
1779482607.285,/node/io_read_mbs,0.000000
1779482607.782,/node/io_read_mbs,0.000000
1779482608.281,/node/io_read_mbs,0.000000
1779482608.782,/node/io_read_mbs,0.000000
1779482609.280,/node/io_read_mbs,0.000000
1779482609.782,/node/io_read_mbs,0.000000
1779482610.281,/node/io_read_mbs,0.000000
1779482610.781,/node/io_read_mbs,0.000000
1779482611.281,/node/io_read_mbs,0.000000
1779482611.782,/node/io_read_mbs,0.000000
1779482612.282,/node/io_read_mbs,0.000000
1779482612.781,/node/io_read_mbs,0.000000
1779482613.284,/node/io_read_mbs,0.000000
1779482613.782,/node/io_read_mbs,0.000000
1779482614.284,/node/io_read_mbs,0.000000
1779482614.780,/node/io_read_mbs,0.000000
1779482615.284,/node/io_read_mbs,0.000000
1779482615.780,/node/io_read_mbs,0.000000
1779482616.282,/node/io_read_mbs,0.000000
1779482616.779,/node/io_read_mbs,0.000000
1779482617.281,/node/io_read_mbs,0.000000
1779482617.784,/node/io_read_mbs,0.000000
1779482618.281,/node/io_read_mbs,0.000000
1779482618.783,/node/io_read_mbs,0.000000
1779482619.279,/node/io_read_mbs,0.000000
1779482619.782,/node/io_read_mbs,0.000000
1779482620.279,/node/io_read_mbs,0.000000
1779482620.781,/node/io_read_mbs,0.000000
1779482621.282,/node/io_read_mbs,0.000000
1779482621.780,/node/io_read_mbs,0.000000
1779482622.282,/node/io_read_mbs,0.000000
1779482622.781,/node/io_read_mbs,0.000000
1779482623.281,/node/io_read_mbs,0.000000
1779482623.781,/node/io_read_mbs,0.000000
1779482624.281,/node/io_read_mbs,0.000000
1779482624.780,/node/io_read_mbs,0.000000
1779482625.281,/node/io_read_mbs,0.000000
1779482625.782,/node/io_read_mbs,0.000000
1779482626.281,/node/io_read_mbs,0.000000
1779482626.779,/node/io_read_mbs,0.000000
1779482627.282,/node/io_read_mbs,0.000000
1779482627.780,/node/io_read_mbs,0.000000
1779482628.282,/node/io_read_mbs,0.000000
1779482628.782,/node/io_read_mbs,0.000000
1779482629.280,/node/io_read_mbs,0.000000
1779482629.782,/node/io_read_mbs,0.000000
1779482630.284,/node/io_read_mbs,0.000000
1779482630.780,/node/io_read_mbs,0.000000
1779482631.277,/node/io_read_mbs,0.000000
1779482631.779,/node/io_read_mbs,0.000000
1779482632.279,/node/io_read_mbs,0.000000
1779482632.781,/node/io_read_mbs,0.000000
1779482633.280,/node/io_read_mbs,0.000000
1779482633.780,/node/io_read_mbs,0.000000
1779482634.279,/node/io_read_mbs,0.000000
1779482634.778,/node/io_read_mbs,0.000000
1779482635.281,/node/io_read_mbs,0.000000
1779482635.779,/node/io_read_mbs,0.000000
1779482636.280,/node/io_read_mbs,0.000000
1779482636.779,/node/io_read_mbs,0.000000
1779482637.280,/node/io_read_mbs,0.000000
1779482637.781,/node/io_read_mbs,0.000000
1779482638.281,/node/io_read_mbs,0.000000
1779482638.780,/node/io_read_mbs,0.000000
1779482639.281,/node/io_read_mbs,0.000000
1779482639.781,/node/io_read_mbs,0.000000
1779482640.281,/node/io_read_mbs,0.000000
1779482640.779,/node/io_read_mbs,0.000000
1779482641.278,/node/io_read_mbs,0.000000
1779482641.779,/node/io_read_mbs,0.000000
1779482642.279,/node/io_read_mbs,0.000000
1779482642.779,/node/io_read_mbs,0.000000
1779482643.278,/node/io_read_mbs,0.000000
1779482643.778,/node/io_read_mbs,0.000000
1779482644.281,/node/io_read_mbs,0.000000
1779482644.777,/node/io_read_mbs,0.000000
1779482645.278,/node/io_read_mbs,0.000000
1779482645.778,/node/io_read_mbs,0.000000
1779482646.277,/node/io_read_mbs,0.000000
1779482646.779,/node/io_read_mbs,0.000000
1779482647.276,/node/io_read_mbs,0.000000
1779482647.779,/node/io_read_mbs,0.000000
1779482648.281,/node/io_read_mbs,0.000000
1779482648.779,/node/io_read_mbs,0.000000
1779482649.276,/node/io_read_mbs,0.000000
1779482649.780,/node/io_read_mbs,0.000000
1779482650.279,/node/io_read_mbs,0.000000
1779482650.781,/node/io_read_mbs,0.000000
1779482651.277,/node/io_read_mbs,0.000000
1779482651.780,/node/io_read_mbs,0.000000
1779482652.278,/node/io_read_mbs,0.000000
1779482652.779,/node/io_read_mbs,0.000000
1779482653.275,/node/io_read_mbs,0.000000
1779482653.777,/node/io_read_mbs,0.000000
1779482654.278,/node/io_read_mbs,0.000000
1779482654.776,/node/io_read_mbs,0.000000
1779482655.275,/node/io_read_mbs,0.000000
1779482655.780,/node/io_read_mbs,0.000000
1779482656.280,/node/io_read_mbs,0.000000
1779482656.780,/node/io_read_mbs,0.000000
1779482657.279,/node/io_read_mbs,0.000000
1779482657.780,/node/io_read_mbs,0.000000
1779482658.280,/node/io_read_mbs,0.000000
1779482658.781,/node/io_read_mbs,0.000000
1779482659.279,/node/io_read_mbs,0.000000
1779482659.780,/node/io_read_mbs,0.000000
1779482660.281,/node/io_read_mbs,0.000000
1779482660.782,/node/io_read_mbs,0.000000
1779482661.278,/node/io_read_mbs,0.000000
1779482661.780,/node/io_read_mbs,0.000000
1779482662.279,/node/io_read_mbs,0.000000
1779482662.778,/node/io_read_mbs,0.000000
1779482663.279,/node/io_read_mbs,0.000000
1779482663.778,/node/io_read_mbs,0.000000
1779482664.278,/node/io_read_mbs,0.000000
1779482664.775,/node/io_read_mbs,0.000000
1779482665.279,/node/io_read_mbs,0.000000
1779482665.778,/node/io_read_mbs,0.000000
1779482666.278,/node/io_read_mbs,0.000000
1779482666.780,/node/io_read_mbs,0.000000
1779482667.278,/node/io_read_mbs,0.000000
1779482667.779,/node/io_read_mbs,0.000000
1779482668.278,/node/io_read_mbs,0.000000
1779482668.778,/node/io_read_mbs,0.000000
1779482669.281,/node/io_read_mbs,0.000000
1779482669.781,/node/io_read_mbs,0.000000
1779482670.280,/node/io_read_mbs,0.000000
1779482670.779,/node/io_read_mbs,0.000000
1779482671.282,/node/io_read_mbs,0.000000
1779482671.778,/node/io_read_mbs,0.000000
1779482672.278,/node/io_read_mbs,0.000000
1779482672.779,/node/io_read_mbs,0.000000
1779482673.278,/node/io_read_mbs,0.000000
1779482673.780,/node/io_read_mbs,0.000000
1779482674.280,/node/io_read_mbs,0.000000
1779482674.776,/node/io_read_mbs,0.000000
1779482675.275,/node/io_read_mbs,0.000000
1779482675.778,/node/io_read_mbs,0.000000
1779482676.278,/node/io_read_mbs,0.000000
1779482676.777,/node/io_read_mbs,0.000000
1779482677.279,/node/io_read_mbs,0.000000
1779482677.778,/node/io_read_mbs,0.000000
1779482678.280,/node/io_read_mbs,0.000000
1779482678.779,/node/io_read_mbs,0.000000
1779482679.279,/node/io_read_mbs,0.000000
1779482679.779,/node/io_read_mbs,0.000000
1779482680.278,/node/io_read_mbs,0.000000
1779482680.778,/node/io_read_mbs,0.000000
1779482681.277,/node/io_read_mbs,0.000000
1779482681.778,/node/io_read_mbs,0.000000
1779482682.278,/node/io_read_mbs,0.000000
1779482682.777,/node/io_read_mbs,0.000000
1779482683.279,/node/io_read_mbs,0.000000
1779482683.777,/node/io_read_mbs,0.000000
1779482684.278,/node/io_read_mbs,0.000000
1779482684.778,/node/io_read_mbs,0.000000
1779482685.278,/node/io_read_mbs,0.000000
1779482685.779,/node/io_read_mbs,0.000000
1779482686.277,/node/io_read_mbs,0.000000
1779482686.778,/node/io_read_mbs,0.000000
1779482687.277,/node/io_read_mbs,0.000000
1779482687.778,/node/io_read_mbs,0.000000
1779482688.277,/node/io_read_mbs,0.000000
1779482688.777,/node/io_read_mbs,0.000000
1779482689.277,/node/io_read_mbs,0.000000
1779482689.777,/node/io_read_mbs,0.000000
1779482690.278,/node/io_read_mbs,0.000000
1779482690.777,/node/io_read_mbs,0.000000
1779482691.277,/node/io_read_mbs,0.000000
1779482691.777,/node/io_read_mbs,0.000000
1779482692.277,/node/io_read_mbs,0.000000
1779482692.777,/node/io_read_mbs,0.000000
1779482693.278,/node/io_read_mbs,0.000000
1779482693.779,/node/io_read_mbs,0.000000
1779482694.278,/node/io_read_mbs,0.000000
1779482694.778,/node/io_read_mbs,0.000000
1779482695.278,/node/io_read_mbs,0.000000
1779482695.778,/node/io_read_mbs,0.000000
1779482696.278,/node/io_read_mbs,0.000000
1779482696.775,/node/io_read_mbs,0.000000
1779482697.276,/node/io_read_mbs,0.000000
1779482697.779,/node/io_read_mbs,0.000000
1779482698.276,/node/io_read_mbs,0.000000
1779482698.776,/node/io_read_mbs,0.000000
1779482699.276,/node/io_read_mbs,0.000000
1779482699.776,/node/io_read_mbs,0.000000
1779482700.276,/node/io_read_mbs,0.000000
1779482700.775,/node/io_read_mbs,0.000000
1779482701.276,/node/io_read_mbs,0.000000
1779482701.778,/node/io_read_mbs,0.000000
1779482702.276,/node/io_read_mbs,0.000000
1779482702.776,/node/io_read_mbs,0.000000
1779482703.276,/node/io_read_mbs,0.000000
1779482703.776,/node/io_read_mbs,0.000000
1779482704.278,/node/io_read_mbs,0.000000
1779482704.776,/node/io_read_mbs,0.000000
1779482705.279,/node/io_read_mbs,0.000000
1779482705.776,/node/io_read_mbs,0.000000
1779482706.276,/node/io_read_mbs,0.000000
1779482706.777,/node/io_read_mbs,0.000000
1779482707.276,/node/io_read_mbs,0.000000
1779482707.776,/node/io_read_mbs,0.000000
1779482708.277,/node/io_read_mbs,0.000000
1779482708.776,/node/io_read_mbs,0.000000
1779482709.273,/node/io_read_mbs,0.000000
1779482709.775,/node/io_read_mbs,0.000000
1779482710.275,/node/io_read_mbs,0.000000
1779482710.775,/node/io_read_mbs,0.000000
1779482711.277,/node/io_read_mbs,0.000000
1779482711.775,/node/io_read_mbs,0.000000
1779482712.275,/node/io_read_mbs,0.000000
1779482712.774,/node/io_read_mbs,0.000000
1779482713.275,/node/io_read_mbs,0.000000
1779482713.777,/node/io_read_mbs,0.000000
1779482714.277,/node/io_read_mbs,0.000000
1779482714.775,/node/io_read_mbs,0.000000
1779482715.275,/node/io_read_mbs,0.000000
1779482715.777,/node/io_read_mbs,0.000000
1779482716.275,/node/io_read_mbs,0.000000
1779482716.776,/node/io_read_mbs,0.000000
1779482717.277,/node/io_read_mbs,0.000000
1779482717.776,/node/io_read_mbs,0.000000
1779482718.275,/node/io_read_mbs,0.000000
1779482718.774,/node/io_read_mbs,0.000000
1779482719.272,/node/io_read_mbs,0.000000
1779482719.775,/node/io_read_mbs,0.000000
1779482720.272,/node/io_read_mbs,0.000000
1779482720.775,/node/io_read_mbs,0.000000
1779482721.274,/node/io_read_mbs,0.000000
1779482721.774,/node/io_read_mbs,0.000000
1779482722.275,/node/io_read_mbs,0.000000
1779482722.775,/node/io_read_mbs,0.000000
1779482723.273,/node/io_read_mbs,0.000000
1779482723.774,/node/io_read_mbs,0.000000
1779482724.275,/node/io_read_mbs,0.000000
1779482724.774,/node/io_read_mbs,0.000000
1779482725.276,/node/io_read_mbs,0.000000
1779482725.775,/node/io_read_mbs,0.000000
1779482726.276,/node/io_read_mbs,0.000000
1779482726.775,/node/io_read_mbs,0.000000
1779482727.274,/node/io_read_mbs,0.000000
1779482727.775,/node/io_read_mbs,0.000000
1779482728.274,/node/io_read_mbs,0.000000
1779482728.775,/node/io_read_mbs,0.000000
1779482729.274,/node/io_read_mbs,0.000000
1779482729.775,/node/io_read_mbs,0.000000
1779482730.275,/node/io_read_mbs,0.000000
1779482730.774,/node/io_read_mbs,0.000000
1779482731.273,/node/io_read_mbs,0.000000
1779482731.775,/node/io_read_mbs,0.000000
1779482732.273,/node/io_read_mbs,0.000000
1779482732.775,/node/io_read_mbs,0.000000
1779482733.271,/node/io_read_mbs,0.000000
1779482733.773,/node/io_read_mbs,0.000000
1779482734.273,/node/io_read_mbs,0.000000
1779482734.773,/node/io_read_mbs,0.000000
1779482735.273,/node/io_read_mbs,0.000000
1779482735.773,/node/io_read_mbs,0.000000
1779482736.272,/node/io_read_mbs,0.000000
1779482736.774,/node/io_read_mbs,0.000000
1779482737.273,/node/io_read_mbs,0.000000
1779482737.773,/node/io_read_mbs,0.000000
1779482738.273,/node/io_read_mbs,0.000000
1779482738.773,/node/io_read_mbs,0.000000
1779482739.274,/node/io_read_mbs,0.000000
1779482739.771,/node/io_read_mbs,0.000000
1779482740.272,/node/io_read_mbs,0.000000
1779482740.773,/node/io_read_mbs,0.000000
1779482741.272,/node/io_read_mbs,0.000000
1779482741.775,/node/io_read_mbs,0.000000
1779482742.275,/node/io_read_mbs,0.000000
1779482742.773,/node/io_read_mbs,0.000000
1779482743.272,/node/io_read_mbs,0.000000
1779482743.773,/node/io_read_mbs,0.000000
1779482744.273,/node/io_read_mbs,0.000000
1779482744.772,/node/io_read_mbs,0.000000
1779482745.272,/node/io_read_mbs,0.000000
1779482745.774,/node/io_read_mbs,0.000000
1779482746.272,/node/io_read_mbs,0.000000
1779482746.772,/node/io_read_mbs,0.000000
1779482747.272,/node/io_read_mbs,0.000000
1779482747.772,/node/io_read_mbs,0.000000
1779482748.272,/node/io_read_mbs,0.234257
1779482748.771,/node/io_read_mbs,0.000000
1779482749.277,/node/io_read_mbs,0.000000
1779482749.775,/node/io_read_mbs,0.000000
1779482750.273,/node/io_read_mbs,0.000000
1779482750.773,/node/io_read_mbs,0.000000
1779482751.271,/node/io_read_mbs,0.000000
1779482751.774,/node/io_read_mbs,0.000000
1779482752.272,/node/io_read_mbs,0.000000
1779482752.773,/node/io_read_mbs,0.000000
1779482753.271,/node/io_read_mbs,0.000000
1779482753.773,/node/io_read_mbs,0.000000
1779482754.272,/node/io_read_mbs,0.000000
1779482754.771,/node/io_read_mbs,0.000000
1779482755.272,/node/io_read_mbs,0.000000
1779482755.771,/node/io_read_mbs,0.000000
1779482756.270,/node/io_read_mbs,0.000000
1779482756.772,/node/io_read_mbs,0.000000
1779482757.271,/node/io_read_mbs,0.000000
1779482757.771,/node/io_read_mbs,0.000000
1779482758.271,/node/io_read_mbs,0.000000
1779482758.771,/node/io_read_mbs,0.000000
1779482759.272,/node/io_read_mbs,0.000000
1779482759.771,/node/io_read_mbs,0.000000
1779482760.273,/node/io_read_mbs,0.000000
1779482760.772,/node/io_read_mbs,0.000000
1779482761.272,/node/io_read_mbs,0.000000
1779482761.770,/node/io_read_mbs,0.000000
1779482762.268,/node/io_read_mbs,0.000000
1779482762.771,/node/io_read_mbs,0.000000
1779482763.270,/node/io_read_mbs,0.000000
1779482763.772,/node/io_read_mbs,0.000000
1779482764.270,/node/io_read_mbs,0.000000
1779482764.770,/node/io_read_mbs,0.000000
1779482765.270,/node/io_read_mbs,0.000000
1779482765.769,/node/io_read_mbs,0.000000
1779482766.270,/node/io_read_mbs,0.000000
1779482766.773,/node/io_read_mbs,0.000000
1779482767.272,/node/io_read_mbs,0.000000
1779482767.770,/node/io_read_mbs,0.000000
1779482768.271,/node/io_read_mbs,0.000000
1779482768.770,/node/io_read_mbs,0.000000
1779482769.273,/node/io_read_mbs,0.000000
1779482769.769,/node/io_read_mbs,0.000000
1779482770.273,/node/io_read_mbs,0.000000
1779482770.774,/node/io_read_mbs,0.000000
1779482771.269,/node/io_read_mbs,0.000000
1779482771.771,/node/io_read_mbs,0.000000
1779482772.272,/node/io_read_mbs,0.000000
1779482772.771,/node/io_read_mbs,0.000000
1779482773.270,/node/io_read_mbs,0.000000
1779482773.770,/node/io_read_mbs,0.000000
1779482774.274,/node/io_read_mbs,0.000000
1779482774.770,/node/io_read_mbs,0.000000
1779482775.269,/node/io_read_mbs,0.000000
1779482775.770,/node/io_read_mbs,0.000000
1779482776.270,/node/io_read_mbs,0.000000
1779482776.771,/node/io_read_mbs,0.000000
1779482597.281,/node/io_write_mbs,0.000000
1779482597.783,/node/io_write_mbs,0.000000
1779482598.285,/node/io_write_mbs,0.000000
1779482598.785,/node/io_write_mbs,0.000000
1779482599.281,/node/io_write_mbs,0.000000
1779482599.785,/node/io_write_mbs,0.000000
1779482600.283,/node/io_write_mbs,0.000000
1779482600.783,/node/io_write_mbs,0.000000
1779482601.284,/node/io_write_mbs,0.000000
1779482601.784,/node/io_write_mbs,0.000000
1779482602.283,/node/io_write_mbs,0.000000
1779482602.783,/node/io_write_mbs,0.000000
1779482603.283,/node/io_write_mbs,0.000000
1779482603.784,/node/io_write_mbs,0.046887
1779482604.283,/node/io_write_mbs,0.000000
1779482604.784,/node/io_write_mbs,0.000000
1779482605.286,/node/io_write_mbs,0.000000
1779482605.783,/node/io_write_mbs,0.000000
1779482606.286,/node/io_write_mbs,0.000000
1779482606.781,/node/io_write_mbs,0.000000
1779482607.286,/node/io_write_mbs,0.000000
1779482607.782,/node/io_write_mbs,0.000000
1779482608.282,/node/io_write_mbs,0.000000
1779482608.782,/node/io_write_mbs,0.000000
1779482609.280,/node/io_write_mbs,0.000000
1779482609.783,/node/io_write_mbs,0.000000
1779482610.294,/node/io_write_mbs,0.000000
1779482610.782,/node/io_write_mbs,0.000000
1779482611.294,/node/io_write_mbs,0.000000
1779482611.782,/node/io_write_mbs,0.000000
1779482612.282,/node/io_write_mbs,0.000000
1779482612.782,/node/io_write_mbs,0.000000
1779482613.285,/node/io_write_mbs,0.000000
1779482613.795,/node/io_write_mbs,0.000000
1779482614.284,/node/io_write_mbs,0.000000
1779482614.782,/node/io_write_mbs,0.000000
1779482615.285,/node/io_write_mbs,0.000000
1779482615.793,/node/io_write_mbs,0.000000
1779482616.295,/node/io_write_mbs,0.000000
1779482616.780,/node/io_write_mbs,0.000000
1779482617.295,/node/io_write_mbs,0.000000
1779482617.796,/node/io_write_mbs,0.000000
1779482618.281,/node/io_write_mbs,0.000000
1779482618.786,/node/io_write_mbs,0.000000
1779482619.292,/node/io_write_mbs,0.000000
1779482619.782,/node/io_write_mbs,0.000000
1779482620.282,/node/io_write_mbs,0.000000
1779482620.782,/node/io_write_mbs,0.000000
1779482621.283,/node/io_write_mbs,0.000000
1779482621.781,/node/io_write_mbs,0.000000
1779482622.283,/node/io_write_mbs,0.000000
1779482622.781,/node/io_write_mbs,0.000000
1779482623.282,/node/io_write_mbs,0.000000
1779482623.782,/node/io_write_mbs,0.046892
1779482624.294,/node/io_write_mbs,0.000000
1779482624.782,/node/io_write_mbs,0.000000
1779482625.284,/node/io_write_mbs,0.000000
1779482625.785,/node/io_write_mbs,0.000000
1779482626.293,/node/io_write_mbs,0.000000
1779482626.783,/node/io_write_mbs,0.000000
1779482627.284,/node/io_write_mbs,0.000000
1779482627.782,/node/io_write_mbs,0.000000
1779482628.284,/node/io_write_mbs,0.000000
1779482628.784,/node/io_write_mbs,0.015635
1779482629.281,/node/io_write_mbs,0.000000
1779482629.782,/node/io_write_mbs,0.000000
1779482630.296,/node/io_write_mbs,0.000000
1779482630.781,/node/io_write_mbs,0.000000
1779482631.277,/node/io_write_mbs,0.000000
1779482631.780,/node/io_write_mbs,0.000000
1779482632.282,/node/io_write_mbs,0.000000
1779482632.782,/node/io_write_mbs,0.000000
1779482633.280,/node/io_write_mbs,0.000000
1779482633.780,/node/io_write_mbs,0.000000
1779482634.282,/node/io_write_mbs,0.000000
1779482634.780,/node/io_write_mbs,0.000000
1779482635.293,/node/io_write_mbs,0.000000
1779482635.792,/node/io_write_mbs,0.000000
1779482636.282,/node/io_write_mbs,0.000000
1779482636.780,/node/io_write_mbs,0.000000
1779482637.281,/node/io_write_mbs,0.000000
1779482637.781,/node/io_write_mbs,0.000000
1779482638.282,/node/io_write_mbs,0.000000
1779482638.780,/node/io_write_mbs,0.046919
1779482639.293,/node/io_write_mbs,0.000000
1779482639.782,/node/io_write_mbs,0.000000
1779482640.293,/node/io_write_mbs,0.000000
1779482640.779,/node/io_write_mbs,0.000000
1779482641.280,/node/io_write_mbs,0.000000
1779482641.781,/node/io_write_mbs,0.000000
1779482642.281,/node/io_write_mbs,0.000000
1779482642.780,/node/io_write_mbs,0.000000
1779482643.280,/node/io_write_mbs,0.000000
1779482643.791,/node/io_write_mbs,0.000000
1779482644.281,/node/io_write_mbs,0.000000
1779482644.778,/node/io_write_mbs,0.000000
1779482645.280,/node/io_write_mbs,0.000000
1779482645.791,/node/io_write_mbs,0.000000
1779482646.278,/node/io_write_mbs,0.000000
1779482646.791,/node/io_write_mbs,0.000000
1779482647.277,/node/io_write_mbs,0.000000
1779482647.779,/node/io_write_mbs,0.000000
1779482648.283,/node/io_write_mbs,0.000000
1779482648.780,/node/io_write_mbs,0.000000
1779482649.277,/node/io_write_mbs,0.000000
1779482649.781,/node/io_write_mbs,0.000000
1779482650.280,/node/io_write_mbs,0.000000
1779482650.781,/node/io_write_mbs,0.000000
1779482651.279,/node/io_write_mbs,0.000000
1779482651.792,/node/io_write_mbs,0.000000
1779482652.279,/node/io_write_mbs,0.000000
1779482652.779,/node/io_write_mbs,0.000000
1779482653.276,/node/io_write_mbs,0.000000
1779482653.778,/node/io_write_mbs,0.000000
1779482654.279,/node/io_write_mbs,0.000000
1779482654.777,/node/io_write_mbs,0.000000
1779482655.277,/node/io_write_mbs,0.000000
1779482655.792,/node/io_write_mbs,0.000000
1779482656.282,/node/io_write_mbs,0.000000
1779482656.781,/node/io_write_mbs,0.000000
1779482657.280,/node/io_write_mbs,0.000000
1779482657.780,/node/io_write_mbs,0.000000
1779482658.282,/node/io_write_mbs,0.000000
1779482658.782,/node/io_write_mbs,0.046842
1779482659.281,/node/io_write_mbs,0.000000
1779482659.782,/node/io_write_mbs,0.000000
1779482660.293,/node/io_write_mbs,0.000000
1779482660.783,/node/io_write_mbs,0.000000
1779482661.279,/node/io_write_mbs,0.000000
1779482661.793,/node/io_write_mbs,0.000000
1779482662.281,/node/io_write_mbs,0.000000
1779482662.780,/node/io_write_mbs,0.000000
1779482663.280,/node/io_write_mbs,0.000000
1779482663.779,/node/io_write_mbs,0.015631
1779482664.279,/node/io_write_mbs,0.000000
1779482664.777,/node/io_write_mbs,0.000000
1779482665.280,/node/io_write_mbs,0.000000
1779482665.780,/node/io_write_mbs,0.000000
1779482666.279,/node/io_write_mbs,0.000000
1779482666.781,/node/io_write_mbs,0.000000
1779482667.278,/node/io_write_mbs,0.000000
1779482667.780,/node/io_write_mbs,0.000000
1779482668.279,/node/io_write_mbs,0.000000
1779482668.779,/node/io_write_mbs,0.000000
1779482669.282,/node/io_write_mbs,0.015635
1779482669.782,/node/io_write_mbs,0.000000
1779482670.280,/node/io_write_mbs,0.000000
1779482670.780,/node/io_write_mbs,0.000000
1779482671.283,/node/io_write_mbs,0.000000
1779482671.780,/node/io_write_mbs,0.000000
1779482672.279,/node/io_write_mbs,0.000000
1779482672.780,/node/io_write_mbs,0.000000
1779482673.279,/node/io_write_mbs,0.000000
1779482673.781,/node/io_write_mbs,0.000000
1779482674.281,/node/io_write_mbs,0.000000
1779482674.777,/node/io_write_mbs,0.000000
1779482675.277,/node/io_write_mbs,0.000000
1779482675.791,/node/io_write_mbs,0.000000
1779482676.290,/node/io_write_mbs,0.000000
1779482676.777,/node/io_write_mbs,0.000000
1779482677.282,/node/io_write_mbs,0.000000
1779482677.778,/node/io_write_mbs,0.000000
1779482678.281,/node/io_write_mbs,0.000000
1779482678.782,/node/io_write_mbs,0.046895
1779482679.279,/node/io_write_mbs,0.000000
1779482679.780,/node/io_write_mbs,0.000000
1779482680.279,/node/io_write_mbs,0.000000
1779482680.778,/node/io_write_mbs,0.000000
1779482681.278,/node/io_write_mbs,0.000000
1779482681.779,/node/io_write_mbs,0.000000
1779482682.279,/node/io_write_mbs,0.000000
1779482682.778,/node/io_write_mbs,0.000000
1779482683.279,/node/io_write_mbs,0.000000
1779482683.778,/node/io_write_mbs,0.000000
1779482684.279,/node/io_write_mbs,0.000000
1779482684.779,/node/io_write_mbs,0.000000
1779482685.278,/node/io_write_mbs,0.000000
1779482685.780,/node/io_write_mbs,0.000000
1779482686.278,/node/io_write_mbs,0.000000
1779482686.780,/node/io_write_mbs,0.000000
1779482687.277,/node/io_write_mbs,0.000000
1779482687.780,/node/io_write_mbs,0.000000
1779482688.278,/node/io_write_mbs,0.000000
1779482688.778,/node/io_write_mbs,0.000000
1779482689.278,/node/io_write_mbs,0.000000
1779482689.778,/node/io_write_mbs,0.000000
1779482690.279,/node/io_write_mbs,0.000000
1779482690.778,/node/io_write_mbs,0.000000
1779482691.278,/node/io_write_mbs,0.000000
1779482691.778,/node/io_write_mbs,0.000000
1779482692.278,/node/io_write_mbs,0.000000
1779482692.777,/node/io_write_mbs,0.000000
1779482693.279,/node/io_write_mbs,0.000000
1779482693.780,/node/io_write_mbs,0.000000
1779482694.279,/node/io_write_mbs,0.000000
1779482694.780,/node/io_write_mbs,0.000000
1779482695.279,/node/io_write_mbs,0.000000
1779482695.779,/node/io_write_mbs,0.000000
1779482696.279,/node/io_write_mbs,0.000000
1779482696.776,/node/io_write_mbs,0.000000
1779482697.288,/node/io_write_mbs,0.000000
1779482697.780,/node/io_write_mbs,0.000000
1779482698.277,/node/io_write_mbs,0.000000
1779482698.788,/node/io_write_mbs,0.046898
1779482699.288,/node/io_write_mbs,0.000000
1779482699.777,/node/io_write_mbs,0.000000
1779482700.277,/node/io_write_mbs,0.000000
1779482700.776,/node/io_write_mbs,0.000000
1779482701.289,/node/io_write_mbs,0.000000
1779482701.779,/node/io_write_mbs,0.000000
1779482702.277,/node/io_write_mbs,0.000000
1779482702.777,/node/io_write_mbs,0.000000
1779482703.277,/node/io_write_mbs,0.000000
1779482703.777,/node/io_write_mbs,0.015625
1779482704.279,/node/io_write_mbs,0.000000
1779482704.788,/node/io_write_mbs,0.000000
1779482705.280,/node/io_write_mbs,0.000000
1779482705.777,/node/io_write_mbs,0.000000
1779482706.277,/node/io_write_mbs,0.000000
1779482706.778,/node/io_write_mbs,0.000000
1779482707.277,/node/io_write_mbs,0.000000
1779482707.777,/node/io_write_mbs,0.000000
1779482708.278,/node/io_write_mbs,0.000000
1779482708.776,/node/io_write_mbs,0.000000
1779482709.273,/node/io_write_mbs,0.000000
1779482709.776,/node/io_write_mbs,0.000000
1779482710.276,/node/io_write_mbs,0.000000
1779482710.776,/node/io_write_mbs,0.000000
1779482711.278,/node/io_write_mbs,0.000000
1779482711.788,/node/io_write_mbs,0.000000
1779482712.276,/node/io_write_mbs,0.000000
1779482712.775,/node/io_write_mbs,0.000000
1779482713.276,/node/io_write_mbs,0.000000
1779482713.778,/node/io_write_mbs,0.046835
1779482714.278,/node/io_write_mbs,0.000000
1779482714.776,/node/io_write_mbs,0.000000
1779482715.276,/node/io_write_mbs,0.000000
1779482715.778,/node/io_write_mbs,0.000000
1779482716.276,/node/io_write_mbs,0.000000
1779482716.777,/node/io_write_mbs,0.000000
1779482717.279,/node/io_write_mbs,0.000000
1779482717.777,/node/io_write_mbs,0.000000
1779482718.276,/node/io_write_mbs,0.000000
1779482718.775,/node/io_write_mbs,0.000000
1779482719.273,/node/io_write_mbs,0.000000
1779482719.775,/node/io_write_mbs,0.000000
1779482720.273,/node/io_write_mbs,0.000000
1779482720.775,/node/io_write_mbs,0.000000
1779482721.275,/node/io_write_mbs,0.000000
1779482721.775,/node/io_write_mbs,0.000000
1779482722.276,/node/io_write_mbs,0.000000
1779482722.776,/node/io_write_mbs,0.000000
1779482723.274,/node/io_write_mbs,0.000000
1779482723.775,/node/io_write_mbs,0.000000
1779482724.275,/node/io_write_mbs,0.000000
1779482724.775,/node/io_write_mbs,0.000000
1779482725.277,/node/io_write_mbs,0.000000
1779482725.776,/node/io_write_mbs,0.000000
1779482726.277,/node/io_write_mbs,0.000000
1779482726.775,/node/io_write_mbs,0.000000
1779482727.275,/node/io_write_mbs,0.000000
1779482727.775,/node/io_write_mbs,0.000000
1779482728.274,/node/io_write_mbs,0.000000
1779482728.776,/node/io_write_mbs,0.000000
1779482729.275,/node/io_write_mbs,0.000000
1779482729.776,/node/io_write_mbs,0.000000
1779482730.276,/node/io_write_mbs,0.000000
1779482730.775,/node/io_write_mbs,0.000000
1779482731.274,/node/io_write_mbs,0.000000
1779482731.788,/node/io_write_mbs,0.000000
1779482732.274,/node/io_write_mbs,0.000000
1779482732.776,/node/io_write_mbs,0.000000
1779482733.273,/node/io_write_mbs,0.000000
1779482733.774,/node/io_write_mbs,0.046853
1779482734.274,/node/io_write_mbs,0.000000
1779482734.774,/node/io_write_mbs,0.000000
1779482735.274,/node/io_write_mbs,0.000000
1779482735.774,/node/io_write_mbs,0.000000
1779482736.275,/node/io_write_mbs,0.000000
1779482736.774,/node/io_write_mbs,0.000000
1779482737.274,/node/io_write_mbs,0.000000
1779482737.774,/node/io_write_mbs,0.000000
1779482738.274,/node/io_write_mbs,0.015627
1779482738.773,/node/io_write_mbs,0.000000
1779482739.274,/node/io_write_mbs,0.000000
1779482739.773,/node/io_write_mbs,0.000000
1779482740.273,/node/io_write_mbs,0.000000
1779482740.774,/node/io_write_mbs,0.000000
1779482741.284,/node/io_write_mbs,0.000000
1779482741.778,/node/io_write_mbs,0.000000
1779482742.275,/node/io_write_mbs,0.000000
1779482742.774,/node/io_write_mbs,0.000000
1779482743.273,/node/io_write_mbs,0.000000
1779482743.773,/node/io_write_mbs,0.000000
1779482744.273,/node/io_write_mbs,0.015619
1779482744.773,/node/io_write_mbs,0.000000
1779482745.284,/node/io_write_mbs,0.000000
1779482745.774,/node/io_write_mbs,0.000000
1779482746.273,/node/io_write_mbs,0.000000
1779482746.784,/node/io_write_mbs,0.000000
1779482747.273,/node/io_write_mbs,0.000000
1779482747.773,/node/io_write_mbs,0.000000
1779482748.273,/node/io_write_mbs,0.000000
1779482748.773,/node/io_write_mbs,0.000000
1779482749.278,/node/io_write_mbs,0.000000
1779482749.778,/node/io_write_mbs,0.000000
1779482750.274,/node/io_write_mbs,0.000000
1779482750.773,/node/io_write_mbs,0.000000
1779482751.272,/node/io_write_mbs,0.000000
1779482751.777,/node/io_write_mbs,0.000000
1779482752.273,/node/io_write_mbs,0.000000
1779482752.774,/node/io_write_mbs,0.000000
1779482753.272,/node/io_write_mbs,0.000000
1779482753.774,/node/io_write_mbs,0.046854
1779482754.272,/node/io_write_mbs,0.000000
1779482754.772,/node/io_write_mbs,0.000000
1779482755.283,/node/io_write_mbs,0.000000
1779482755.772,/node/io_write_mbs,0.000000
1779482756.272,/node/io_write_mbs,0.000000
1779482756.772,/node/io_write_mbs,0.000000
1779482757.272,/node/io_write_mbs,0.000000
1779482757.772,/node/io_write_mbs,0.000000
1779482758.272,/node/io_write_mbs,0.000000
1779482758.772,/node/io_write_mbs,0.000000
1779482759.272,/node/io_write_mbs,0.000000
1779482759.772,/node/io_write_mbs,0.000000
1779482760.274,/node/io_write_mbs,0.000000
1779482760.772,/node/io_write_mbs,0.000000
1779482761.273,/node/io_write_mbs,0.000000
1779482761.771,/node/io_write_mbs,0.000000
1779482762.270,/node/io_write_mbs,0.000000
1779482762.774,/node/io_write_mbs,0.000000
1779482763.271,/node/io_write_mbs,0.000000
1779482763.773,/node/io_write_mbs,0.000000
1779482764.271,/node/io_write_mbs,0.000000
1779482764.771,/node/io_write_mbs,0.000000
1779482765.271,/node/io_write_mbs,0.000000
1779482765.783,/node/io_write_mbs,0.000000
1779482766.271,/node/io_write_mbs,0.000000
1779482766.773,/node/io_write_mbs,0.000000
1779482767.272,/node/io_write_mbs,0.000000
1779482767.771,/node/io_write_mbs,0.000000
1779482768.272,/node/io_write_mbs,0.000000
1779482768.771,/node/io_write_mbs,0.000000
1779482769.273,/node/io_write_mbs,0.000000
1779482769.770,/node/io_write_mbs,0.000000
1779482770.273,/node/io_write_mbs,0.000000
1779482770.786,/node/io_write_mbs,0.000000
1779482771.270,/node/io_write_mbs,0.000000
1779482771.771,/node/io_write_mbs,0.000000
1779482772.272,/node/io_write_mbs,0.000000
1779482772.771,/node/io_write_mbs,0.000000
1779482773.273,/node/io_write_mbs,0.000000
1779482773.783,/node/io_write_mbs,0.046853
1779482774.276,/node/io_write_mbs,0.000000
1779482774.771,/node/io_write_mbs,0.000000
1779482775.270,/node/io_write_mbs,0.000000
1779482775.771,/node/io_write_mbs,0.000000
1779482776.271,/node/io_write_mbs,0.000000
1779482776.771,/node/io_write_mbs,0.000000
