timestamp_unix,topic,value
1779463750.079,/benchmark/inference_ms,26.038485
1779463750.127,/benchmark/inference_ms,26.083443
1779463750.173,/benchmark/inference_ms,26.229134
1779463750.220,/benchmark/inference_ms,26.112242
1779463750.267,/benchmark/inference_ms,26.142544
1779463750.314,/benchmark/inference_ms,25.986742
1779463750.362,/benchmark/inference_ms,25.909145
1779463750.410,/benchmark/inference_ms,25.720192
1779463750.456,/benchmark/inference_ms,25.364717
1779463750.506,/benchmark/inference_ms,25.690081
1779463750.552,/benchmark/inference_ms,26.031860
1779463750.599,/benchmark/inference_ms,26.031092
1779463750.646,/benchmark/inference_ms,26.509153
1779463750.694,/benchmark/inference_ms,26.134768
1779463750.741,/benchmark/inference_ms,26.609694
1779463750.788,/benchmark/inference_ms,26.180845
1779463750.836,/benchmark/inference_ms,26.003254
1779463750.884,/benchmark/inference_ms,25.923416
1779463750.931,/benchmark/inference_ms,25.398954
1779463750.979,/benchmark/inference_ms,25.415724
1779463751.026,/benchmark/inference_ms,25.910488
1779463751.073,/benchmark/inference_ms,26.288748
1779463751.120,/benchmark/inference_ms,25.828573
1779463751.167,/benchmark/inference_ms,25.660675
1779463751.213,/benchmark/inference_ms,25.778111
1779463751.261,/benchmark/inference_ms,27.152107
1779463751.310,/benchmark/inference_ms,27.411234
1779463751.357,/benchmark/inference_ms,27.144396
1779463751.409,/benchmark/inference_ms,29.975586
1779463751.454,/benchmark/inference_ms,26.037718
1779463751.503,/benchmark/inference_ms,26.147823
1779463751.549,/benchmark/inference_ms,26.010870
1779463751.596,/benchmark/inference_ms,26.306828
1779463751.642,/benchmark/inference_ms,25.814461
1779463751.689,/benchmark/inference_ms,25.860540
1779463751.738,/benchmark/inference_ms,26.233709
1779463751.783,/benchmark/inference_ms,25.838556
1779463751.831,/benchmark/inference_ms,25.877691
1779463751.878,/benchmark/inference_ms,25.843580
1779463751.926,/benchmark/inference_ms,25.712193
1779463751.972,/benchmark/inference_ms,25.698978
1779463752.019,/benchmark/inference_ms,25.251858
1779463752.066,/benchmark/inference_ms,24.955997
1779463752.115,/benchmark/inference_ms,25.096762
1779463752.161,/benchmark/inference_ms,25.634821
1779463752.208,/benchmark/inference_ms,25.740162
1779463752.255,/benchmark/inference_ms,26.125107
1779463752.301,/benchmark/inference_ms,25.763041
1779463752.347,/benchmark/inference_ms,25.442444
1779463752.394,/benchmark/inference_ms,25.941050
1779463752.442,/benchmark/inference_ms,25.462893
1779463752.488,/benchmark/inference_ms,25.272850
1779463752.535,/benchmark/inference_ms,25.610918
1779463752.582,/benchmark/inference_ms,24.970045
1779463752.629,/benchmark/inference_ms,25.358255
1779463752.675,/benchmark/inference_ms,25.634789
1779463752.721,/benchmark/inference_ms,25.602854
1779463752.768,/benchmark/inference_ms,25.559464
1779463752.814,/benchmark/inference_ms,25.424812
1779463752.861,/benchmark/inference_ms,25.945560
1779463752.908,/benchmark/inference_ms,25.495338
1779463752.955,/benchmark/inference_ms,25.342031
1779463753.001,/benchmark/inference_ms,25.064985
1779463753.049,/benchmark/inference_ms,25.360975
1779463753.096,/benchmark/inference_ms,24.910082
1779463753.143,/benchmark/inference_ms,25.276724
1779463753.191,/benchmark/inference_ms,25.507467
1779463753.238,/benchmark/inference_ms,26.384649
1779463753.286,/benchmark/inference_ms,27.289801
1779463753.334,/benchmark/inference_ms,25.905468
1779463753.380,/benchmark/inference_ms,25.809855
1779463753.427,/benchmark/inference_ms,25.813696
1779463753.475,/benchmark/inference_ms,25.131577
1779463753.520,/benchmark/inference_ms,25.583368
1779463753.567,/benchmark/inference_ms,25.263315
1779463753.615,/benchmark/inference_ms,25.289619
1779463753.661,/benchmark/inference_ms,25.270803
1779463753.708,/benchmark/inference_ms,25.863901
1779463753.755,/benchmark/inference_ms,25.629318
1779463753.801,/benchmark/inference_ms,25.981752
1779463753.849,/benchmark/inference_ms,26.073589
1779463753.895,/benchmark/inference_ms,25.961498
1779463753.942,/benchmark/inference_ms,25.841438
1779463753.990,/benchmark/inference_ms,26.010073
1779463754.036,/benchmark/inference_ms,25.935419
1779463754.084,/benchmark/inference_ms,25.572426
1779463754.131,/benchmark/inference_ms,25.254932
1779463754.179,/benchmark/inference_ms,26.596611
1779463754.228,/benchmark/inference_ms,26.680511
1779463754.275,/benchmark/inference_ms,25.500525
1779463754.328,/benchmark/inference_ms,25.850719
1779463754.369,/benchmark/inference_ms,25.532843
1779463754.422,/benchmark/inference_ms,26.272207
1779463754.465,/benchmark/inference_ms,26.634562
1779463754.512,/benchmark/inference_ms,26.104021
1779463754.560,/benchmark/inference_ms,25.811071
1779463754.607,/benchmark/inference_ms,25.882526
1779463754.654,/benchmark/inference_ms,25.940157
1779463754.701,/benchmark/inference_ms,25.873631
1779463754.748,/benchmark/inference_ms,25.818144
1779463754.795,/benchmark/inference_ms,26.768667
1779463754.845,/benchmark/inference_ms,26.786716
1779463754.893,/benchmark/inference_ms,24.959711
1779463754.939,/benchmark/inference_ms,25.446157
1779463754.988,/benchmark/inference_ms,26.071320
1779463755.036,/benchmark/inference_ms,24.883970
1779463755.081,/benchmark/inference_ms,25.264469
1779463755.128,/benchmark/inference_ms,24.873093
1779463755.174,/benchmark/inference_ms,24.808935
1779463755.218,/benchmark/inference_ms,25.408401
1779463755.266,/benchmark/inference_ms,25.124220
1779463755.312,/benchmark/inference_ms,25.167097
1779463755.360,/benchmark/inference_ms,24.900963
1779463755.407,/benchmark/inference_ms,26.257458
1779463755.454,/benchmark/inference_ms,26.452778
1779463755.502,/benchmark/inference_ms,26.341646
1779463755.549,/benchmark/inference_ms,26.126486
1779463755.596,/benchmark/inference_ms,26.255217
1779463755.644,/benchmark/inference_ms,26.032440
1779463755.695,/benchmark/inference_ms,25.839424
1779463755.740,/benchmark/inference_ms,25.790403
1779463755.787,/benchmark/inference_ms,25.945309
1779463755.835,/benchmark/inference_ms,25.948477
1779463755.883,/benchmark/inference_ms,27.034292
1779463755.930,/benchmark/inference_ms,26.553413
1779463755.977,/benchmark/inference_ms,25.999002
1779463756.023,/benchmark/inference_ms,25.515404
1779463756.070,/benchmark/inference_ms,25.986715
1779463756.116,/benchmark/inference_ms,25.792482
1779463756.163,/benchmark/inference_ms,25.826754
1779463756.212,/benchmark/inference_ms,25.687943
1779463756.258,/benchmark/inference_ms,25.379250
1779463756.306,/benchmark/inference_ms,25.552267
1779463756.352,/benchmark/inference_ms,25.394707
1779463756.399,/benchmark/inference_ms,25.349012
1779463756.445,/benchmark/inference_ms,25.308886
1779463756.495,/benchmark/inference_ms,26.818846
1779463756.546,/benchmark/inference_ms,27.700861
1779463756.592,/benchmark/inference_ms,26.226259
1779463756.642,/benchmark/inference_ms,26.177845
1779463756.688,/benchmark/inference_ms,25.536333
1779463756.734,/benchmark/inference_ms,25.143066
1779463756.782,/benchmark/inference_ms,25.424240
1779463756.829,/benchmark/inference_ms,25.643530
1779463756.875,/benchmark/inference_ms,25.072159
1779463756.922,/benchmark/inference_ms,24.996096
1779463756.968,/benchmark/inference_ms,25.392017
1779463757.014,/benchmark/inference_ms,24.491667
1779463757.061,/benchmark/inference_ms,24.551474
1779463757.106,/benchmark/inference_ms,24.685453
1779463757.151,/benchmark/inference_ms,24.767786
1779463757.201,/benchmark/inference_ms,24.690540
1779463757.242,/benchmark/inference_ms,24.359482
1779463757.287,/benchmark/inference_ms,24.323578
1779463757.332,/benchmark/inference_ms,24.340155
1779463757.377,/benchmark/inference_ms,24.229822
1779463757.422,/benchmark/inference_ms,24.027044
1779463757.467,/benchmark/inference_ms,23.883947
1779463757.512,/benchmark/inference_ms,24.250750
1779463757.557,/benchmark/inference_ms,24.261534
1779463757.603,/benchmark/inference_ms,24.243740
1779463757.648,/benchmark/inference_ms,24.670734
1779463757.694,/benchmark/inference_ms,24.458069
1779463757.739,/benchmark/inference_ms,24.532434
1779463757.784,/benchmark/inference_ms,24.391319
1779463757.830,/benchmark/inference_ms,24.781610
1779463757.876,/benchmark/inference_ms,24.480949
1779463757.923,/benchmark/inference_ms,24.837416
1779463757.968,/benchmark/inference_ms,24.983362
1779463758.014,/benchmark/inference_ms,24.982306
1779463758.060,/benchmark/inference_ms,24.865446
1779463758.106,/benchmark/inference_ms,24.181665
1779463758.151,/benchmark/inference_ms,24.260895
1779463758.197,/benchmark/inference_ms,24.417112
1779463758.244,/benchmark/inference_ms,24.886984
1779463758.291,/benchmark/inference_ms,24.911398
1779463758.336,/benchmark/inference_ms,24.549044
1779463758.383,/benchmark/inference_ms,24.232351
1779463758.427,/benchmark/inference_ms,24.483702
1779463758.474,/benchmark/inference_ms,24.965540
1779463758.521,/benchmark/inference_ms,25.534639
1779463758.567,/benchmark/inference_ms,24.829897
1779463758.613,/benchmark/inference_ms,24.509621
1779463758.658,/benchmark/inference_ms,24.425625
1779463758.704,/benchmark/inference_ms,24.624657
1779463758.751,/benchmark/inference_ms,24.755436
1779463758.795,/benchmark/inference_ms,24.574514
1779463758.842,/benchmark/inference_ms,24.702190
1779463758.887,/benchmark/inference_ms,24.271454
1779463758.933,/benchmark/inference_ms,24.512821
1779463758.979,/benchmark/inference_ms,24.981123
1779463759.025,/benchmark/inference_ms,25.123838
1779463759.072,/benchmark/inference_ms,25.256826
1779463759.119,/benchmark/inference_ms,24.950245
1779463759.165,/benchmark/inference_ms,24.296734
1779463759.214,/benchmark/inference_ms,24.562483
1779463759.258,/benchmark/inference_ms,24.932646
1779463759.303,/benchmark/inference_ms,24.994244
1779463759.349,/benchmark/inference_ms,25.083040
1779463759.395,/benchmark/inference_ms,24.654928
1779463759.442,/benchmark/inference_ms,24.440504
1779463759.487,/benchmark/inference_ms,24.347931
1779463759.533,/benchmark/inference_ms,24.761644
1779463759.579,/benchmark/inference_ms,24.864426
1779463759.626,/benchmark/inference_ms,25.127104
1779463759.671,/benchmark/inference_ms,24.828810
1779463759.717,/benchmark/inference_ms,24.757101
1779463759.762,/benchmark/inference_ms,24.294622
1779463759.809,/benchmark/inference_ms,25.112320
1779463759.854,/benchmark/inference_ms,24.897608
1779463759.900,/benchmark/inference_ms,24.892263
1779463759.947,/benchmark/inference_ms,24.766508
1779463759.992,/benchmark/inference_ms,24.461143
1779463760.038,/benchmark/inference_ms,24.701967
1779463760.084,/benchmark/inference_ms,24.888647
1779463760.130,/benchmark/inference_ms,24.979527
1779463760.176,/benchmark/inference_ms,24.799309
1779463760.222,/benchmark/inference_ms,24.700945
1779463760.268,/benchmark/inference_ms,24.497305
1779463760.313,/benchmark/inference_ms,24.533813
1779463760.359,/benchmark/inference_ms,24.836651
1779463760.405,/benchmark/inference_ms,25.158815
1779463760.450,/benchmark/inference_ms,24.574579
1779463760.496,/benchmark/inference_ms,24.556757
1779463760.541,/benchmark/inference_ms,24.484470
1779463760.587,/benchmark/inference_ms,25.008165
1779463760.633,/benchmark/inference_ms,25.083874
1779463760.678,/benchmark/inference_ms,24.833450
1779463760.726,/benchmark/inference_ms,24.758511
1779463760.769,/benchmark/inference_ms,24.455801
1779463760.816,/benchmark/inference_ms,24.527765
1779463760.861,/benchmark/inference_ms,24.845835
1779463760.907,/benchmark/inference_ms,24.828524
1779463760.952,/benchmark/inference_ms,24.589363
1779463760.999,/benchmark/inference_ms,24.414492
1779463761.044,/benchmark/inference_ms,24.531094
1779463761.090,/benchmark/inference_ms,24.785484
1779463761.136,/benchmark/inference_ms,24.660786
1779463761.182,/benchmark/inference_ms,24.799213
1779463761.228,/benchmark/inference_ms,24.466297
1779463761.274,/benchmark/inference_ms,24.296576
1779463761.320,/benchmark/inference_ms,25.176607
1779463761.366,/benchmark/inference_ms,24.776335
1779463761.413,/benchmark/inference_ms,24.837387
1779463761.459,/benchmark/inference_ms,24.818220
1779463761.505,/benchmark/inference_ms,24.609907
1779463761.550,/benchmark/inference_ms,24.497784
1779463761.596,/benchmark/inference_ms,24.450489
1779463761.643,/benchmark/inference_ms,24.768335
1779463761.689,/benchmark/inference_ms,24.928297
1779463761.736,/benchmark/inference_ms,24.862411
1779463761.780,/benchmark/inference_ms,24.296352
1779463761.826,/benchmark/inference_ms,24.624788
1779463761.872,/benchmark/inference_ms,24.706001
1779463761.918,/benchmark/inference_ms,24.888969
1779463761.963,/benchmark/inference_ms,24.941544
1779463762.010,/benchmark/inference_ms,24.261377
1779463762.055,/benchmark/inference_ms,24.551765
1779463762.102,/benchmark/inference_ms,25.198399
1779463762.150,/benchmark/inference_ms,26.289175
1779463762.198,/benchmark/inference_ms,26.150364
1779463762.244,/benchmark/inference_ms,25.058756
1779463762.290,/benchmark/inference_ms,24.912554
1779463762.336,/benchmark/inference_ms,24.718929
1779463762.382,/benchmark/inference_ms,24.729010
1779463762.430,/benchmark/inference_ms,26.613995
1779463762.527,/benchmark/inference_ms,25.664143
1779463762.576,/benchmark/inference_ms,26.158684
1779463762.624,/benchmark/inference_ms,25.820168
1779463762.672,/benchmark/inference_ms,25.281244
1779463762.718,/benchmark/inference_ms,25.577873
1779463762.766,/benchmark/inference_ms,25.453077
1779463762.814,/benchmark/inference_ms,25.805769
1779463762.862,/benchmark/inference_ms,25.335356
1779463762.909,/benchmark/inference_ms,25.544884
1779463762.956,/benchmark/inference_ms,25.268093
1779463763.004,/benchmark/inference_ms,25.342522
1779463763.052,/benchmark/inference_ms,25.255678
1779463763.098,/benchmark/inference_ms,24.931883
1779463763.146,/benchmark/inference_ms,25.109732
1779463763.193,/benchmark/inference_ms,24.921131
1779463763.239,/benchmark/inference_ms,25.324381
1779463763.286,/benchmark/inference_ms,25.351194
1779463763.333,/benchmark/inference_ms,26.023682
1779463763.382,/benchmark/inference_ms,26.013826
1779463763.428,/benchmark/inference_ms,25.683823
1779463763.476,/benchmark/inference_ms,26.092127
1779463763.524,/benchmark/inference_ms,25.994883
1779463763.572,/benchmark/inference_ms,26.029026
1779463763.619,/benchmark/inference_ms,25.751917
1779463763.667,/benchmark/inference_ms,26.266073
1779463763.714,/benchmark/inference_ms,26.086271
1779463763.762,/benchmark/inference_ms,25.912357
1779463763.810,/benchmark/inference_ms,25.581011
1779463763.859,/benchmark/inference_ms,25.305212
1779463763.906,/benchmark/inference_ms,25.797131
1779463763.953,/benchmark/inference_ms,25.745996
1779463764.001,/benchmark/inference_ms,25.649551
1779463764.048,/benchmark/inference_ms,25.755659
1779463764.108,/benchmark/inference_ms,25.709583
1779463764.142,/benchmark/inference_ms,25.508150
1779463764.191,/benchmark/inference_ms,25.935110
1779463764.237,/benchmark/inference_ms,25.854761
1779463764.285,/benchmark/inference_ms,26.057184
1779463764.332,/benchmark/inference_ms,25.611954
1779463764.380,/benchmark/inference_ms,25.699503
1779463764.427,/benchmark/inference_ms,25.712719
1779463764.474,/benchmark/inference_ms,25.696718
1779463764.521,/benchmark/inference_ms,25.908262
1779463764.569,/benchmark/inference_ms,26.286552
1779463764.616,/benchmark/inference_ms,25.840906
1779463764.663,/benchmark/inference_ms,25.565077
1779463764.714,/benchmark/inference_ms,25.716431
1779463764.755,/benchmark/inference_ms,25.571220
1779463764.801,/benchmark/inference_ms,25.755566
1779463764.849,/benchmark/inference_ms,25.627441
1779463764.896,/benchmark/inference_ms,25.335804
1779463764.947,/benchmark/inference_ms,25.731052
1779463764.991,/benchmark/inference_ms,25.443705
1779463765.036,/benchmark/inference_ms,25.151266
1779463765.085,/benchmark/inference_ms,25.332254
1779463765.132,/benchmark/inference_ms,25.255457
1779463765.178,/benchmark/inference_ms,24.796465
1779463765.227,/benchmark/inference_ms,25.515894
1779463765.272,/benchmark/inference_ms,25.054472
1779463765.322,/benchmark/inference_ms,25.726255
1779463765.369,/benchmark/inference_ms,25.829197
1779463765.416,/benchmark/inference_ms,25.818027
1779463765.463,/benchmark/inference_ms,25.816011
1779463765.510,/benchmark/inference_ms,25.607891
1779463765.557,/benchmark/inference_ms,25.814220
1779463765.604,/benchmark/inference_ms,25.843561
1779463765.650,/benchmark/inference_ms,25.736912
1779463765.699,/benchmark/inference_ms,25.836140
1779463765.744,/benchmark/inference_ms,25.683313
1779463765.795,/benchmark/inference_ms,25.913992
1779463765.841,/benchmark/inference_ms,25.805132
1779463765.887,/benchmark/inference_ms,25.826187
1779463765.935,/benchmark/inference_ms,25.837580
1779463765.984,/benchmark/inference_ms,25.596596
1779463766.030,/benchmark/inference_ms,25.500792
1779463766.078,/benchmark/inference_ms,26.150337
1779463766.126,/benchmark/inference_ms,25.373596
1779463766.174,/benchmark/inference_ms,25.557814
1779463766.222,/benchmark/inference_ms,25.740816
1779463766.271,/benchmark/inference_ms,27.005377
1779463766.321,/benchmark/inference_ms,27.200251
1779463766.370,/benchmark/inference_ms,26.718988
1779463766.418,/benchmark/inference_ms,25.286720
1779463766.466,/benchmark/inference_ms,26.303482
1779463766.514,/benchmark/inference_ms,26.398136
1779463766.562,/benchmark/inference_ms,26.205023
1779463766.610,/benchmark/inference_ms,26.468309
1779463766.657,/benchmark/inference_ms,26.206974
1779463766.705,/benchmark/inference_ms,26.718636
1779463766.752,/benchmark/inference_ms,25.969128
1779463766.799,/benchmark/inference_ms,25.954184
1779463766.849,/benchmark/inference_ms,26.131872
1779463766.895,/benchmark/inference_ms,26.033190
1779463766.942,/benchmark/inference_ms,25.816589
1779463766.990,/benchmark/inference_ms,25.850187
1779463767.038,/benchmark/inference_ms,25.532984
1779463767.086,/benchmark/inference_ms,25.699121
1779463767.133,/benchmark/inference_ms,24.547005
1779463767.181,/benchmark/inference_ms,26.218943
1779463767.229,/benchmark/inference_ms,25.409405
1779463767.276,/benchmark/inference_ms,25.314753
1779463767.323,/benchmark/inference_ms,25.265985
1779463767.370,/benchmark/inference_ms,25.475353
1779463767.419,/benchmark/inference_ms,26.138626
1779463767.467,/benchmark/inference_ms,25.743376
1779463767.514,/benchmark/inference_ms,25.909515
1779463767.562,/benchmark/inference_ms,26.479254
1779463767.610,/benchmark/inference_ms,26.149443
1779463767.657,/benchmark/inference_ms,26.191200
1779463767.704,/benchmark/inference_ms,26.145824
1779463767.753,/benchmark/inference_ms,25.654867
1779463767.800,/benchmark/inference_ms,25.978600
1779463767.849,/benchmark/inference_ms,25.701778
1779463767.896,/benchmark/inference_ms,25.578165
1779463767.950,/benchmark/inference_ms,25.549303
1779463767.991,/benchmark/inference_ms,25.972233
1779463768.039,/benchmark/inference_ms,26.173409
1779463768.086,/benchmark/inference_ms,25.976265
1779463768.134,/benchmark/inference_ms,26.052870
1779463768.181,/benchmark/inference_ms,26.162338
1779463768.228,/benchmark/inference_ms,26.019688
1779463768.276,/benchmark/inference_ms,25.801647
1779463768.325,/benchmark/inference_ms,25.434397
1779463768.371,/benchmark/inference_ms,25.226948
1779463768.418,/benchmark/inference_ms,25.761425
1779463768.467,/benchmark/inference_ms,26.364220
1779463768.515,/benchmark/inference_ms,26.186752
1779463768.566,/benchmark/inference_ms,25.566233
1779463768.613,/benchmark/inference_ms,25.995049
1779463768.661,/benchmark/inference_ms,25.708916
1779463768.710,/benchmark/inference_ms,25.637623
1779463768.755,/benchmark/inference_ms,25.914572
1779463768.802,/benchmark/inference_ms,25.734930
1779463768.849,/benchmark/inference_ms,25.891628
1779463768.896,/benchmark/inference_ms,26.098213
1779463768.947,/benchmark/inference_ms,25.678835
1779463768.989,/benchmark/inference_ms,25.602806
1779463769.036,/benchmark/inference_ms,25.783792
1779463769.084,/benchmark/inference_ms,25.907532
1779463769.130,/benchmark/inference_ms,25.739250
1779463769.178,/benchmark/inference_ms,25.741652
1779463769.225,/benchmark/inference_ms,25.563641
1779463769.271,/benchmark/inference_ms,25.252132
1779463769.318,/benchmark/inference_ms,24.918640
1779463769.364,/benchmark/inference_ms,24.818901
1779463769.411,/benchmark/inference_ms,25.353792
1779463769.459,/benchmark/inference_ms,25.924171
1779463769.505,/benchmark/inference_ms,25.821232
1779463769.552,/benchmark/inference_ms,25.686132
1779463769.599,/benchmark/inference_ms,25.677013
1779463769.647,/benchmark/inference_ms,26.222656
1779463769.694,/benchmark/inference_ms,26.217089
1779463769.741,/benchmark/inference_ms,25.771763
1779463769.787,/benchmark/inference_ms,25.795025
1779463769.834,/benchmark/inference_ms,25.770449
1779463769.881,/benchmark/inference_ms,25.543865
1779463769.928,/benchmark/inference_ms,25.215206
1779463769.975,/benchmark/inference_ms,25.869293
1779463770.023,/benchmark/inference_ms,25.522491
1779463770.070,/benchmark/inference_ms,25.431839
1779463770.119,/benchmark/inference_ms,25.291395
1779463770.165,/benchmark/inference_ms,25.411936
1779463770.213,/benchmark/inference_ms,25.354210
1779463770.260,/benchmark/inference_ms,25.891886
1779463770.307,/benchmark/inference_ms,26.095846
1779463770.355,/benchmark/inference_ms,26.012522
1779463770.401,/benchmark/inference_ms,25.447390
1779463770.450,/benchmark/inference_ms,26.105383
1779463770.496,/benchmark/inference_ms,26.200068
1779463770.543,/benchmark/inference_ms,26.010729
1779463770.590,/benchmark/inference_ms,26.168579
1779463770.638,/benchmark/inference_ms,26.265442
1779463770.686,/benchmark/inference_ms,27.229277
1779463770.735,/benchmark/inference_ms,26.864426
1779463770.784,/benchmark/inference_ms,27.285339
1779463770.836,/benchmark/inference_ms,26.921129
1779463770.883,/benchmark/inference_ms,27.080931
1779463770.936,/benchmark/inference_ms,27.059748
1779463770.985,/benchmark/inference_ms,26.584373
1779463771.032,/benchmark/inference_ms,25.868752
1779463771.081,/benchmark/inference_ms,27.227839
1779463771.129,/benchmark/inference_ms,26.987656
1779463771.181,/benchmark/inference_ms,27.028837
1779463771.228,/benchmark/inference_ms,27.342201
1779463771.276,/benchmark/inference_ms,26.839405
1779463771.322,/benchmark/inference_ms,25.014286
1779463771.368,/benchmark/inference_ms,24.926802
1779463771.415,/benchmark/inference_ms,24.645182
1779463771.463,/benchmark/inference_ms,27.179359
1779463771.512,/benchmark/inference_ms,26.825548
1779463771.560,/benchmark/inference_ms,25.729622
1779463771.607,/benchmark/inference_ms,24.513634
1779463771.652,/benchmark/inference_ms,24.671227
1779463771.700,/benchmark/inference_ms,25.929165
1779463771.748,/benchmark/inference_ms,26.635284
1779463771.795,/benchmark/inference_ms,26.215460
1779463771.840,/benchmark/inference_ms,24.859636
1779463771.886,/benchmark/inference_ms,24.352648
1779463771.932,/benchmark/inference_ms,24.660572
1779463771.978,/benchmark/inference_ms,24.592319
1779463772.026,/benchmark/inference_ms,25.756691
1779463772.073,/benchmark/inference_ms,25.575453
1779463772.120,/benchmark/inference_ms,25.410658
1779463772.165,/benchmark/inference_ms,24.731258
1779463772.213,/benchmark/inference_ms,24.690140
1779463772.258,/benchmark/inference_ms,25.849298
1779463772.306,/benchmark/inference_ms,27.003368
1779463772.354,/benchmark/inference_ms,26.870892
1779463772.401,/benchmark/inference_ms,25.260839
1779463772.446,/benchmark/inference_ms,24.978577
1779463772.493,/benchmark/inference_ms,25.018608
1779463772.539,/benchmark/inference_ms,24.789240
1779463772.586,/benchmark/inference_ms,25.174923
1779463772.633,/benchmark/inference_ms,25.349669
1779463772.678,/benchmark/inference_ms,25.047440
1779463772.725,/benchmark/inference_ms,25.038446
1779463772.771,/benchmark/inference_ms,24.879286
1779463772.817,/benchmark/inference_ms,25.091022
1779463772.864,/benchmark/inference_ms,25.072206
1779463772.910,/benchmark/inference_ms,25.202921
1779463772.956,/benchmark/inference_ms,24.697243
1779463773.003,/benchmark/inference_ms,24.532385
1779463773.049,/benchmark/inference_ms,25.124748
1779463773.094,/benchmark/inference_ms,25.128044
1779463773.140,/benchmark/inference_ms,24.820951
1779463773.187,/benchmark/inference_ms,24.490116
1779463773.233,/benchmark/inference_ms,25.506239
1779463773.282,/benchmark/inference_ms,25.152843
1779463773.327,/benchmark/inference_ms,25.104078
1779463773.374,/benchmark/inference_ms,25.138189
1779463773.420,/benchmark/inference_ms,24.823544
1779463773.466,/benchmark/inference_ms,25.063185
1779463773.512,/benchmark/inference_ms,25.280647
1779463773.559,/benchmark/inference_ms,25.368324
1779463773.606,/benchmark/inference_ms,24.807961
1779463773.651,/benchmark/inference_ms,24.669725
1779463773.698,/benchmark/inference_ms,24.870485
1779463773.742,/benchmark/inference_ms,24.719517
1779463773.788,/benchmark/inference_ms,24.859320
1779463773.833,/benchmark/inference_ms,24.365768
1779463773.878,/benchmark/inference_ms,24.403303
1779463773.923,/benchmark/inference_ms,24.652126
1779463773.985,/benchmark/inference_ms,25.105453
1779463774.015,/benchmark/inference_ms,24.897844
1779463774.061,/benchmark/inference_ms,25.089680
1779463774.106,/benchmark/inference_ms,24.699774
1779463774.150,/benchmark/inference_ms,24.300652
1779463774.200,/benchmark/inference_ms,24.681534
1779463774.243,/benchmark/inference_ms,24.612673
1779463774.290,/benchmark/inference_ms,25.222538
1779463774.335,/benchmark/inference_ms,25.217962
1779463774.381,/benchmark/inference_ms,25.110863
1779463774.427,/benchmark/inference_ms,24.469063
1779463774.474,/benchmark/inference_ms,24.577026
1779463774.519,/benchmark/inference_ms,24.580097
1779463774.566,/benchmark/inference_ms,26.010382
1779463774.614,/benchmark/inference_ms,26.130154
1779463774.662,/benchmark/inference_ms,26.418495
1779463774.712,/benchmark/inference_ms,26.125801
1779463774.756,/benchmark/inference_ms,27.433626
1779463774.805,/benchmark/inference_ms,27.055048
1779463774.853,/benchmark/inference_ms,26.976938
1779463774.901,/benchmark/inference_ms,25.800694
1779463774.950,/benchmark/inference_ms,25.921392
1779463774.996,/benchmark/inference_ms,25.626589
1779463775.043,/benchmark/inference_ms,25.472000
1779463775.091,/benchmark/inference_ms,25.573664
1779463775.141,/benchmark/inference_ms,26.912462
1779463775.192,/benchmark/inference_ms,26.458014
1779463775.237,/benchmark/inference_ms,25.164333
1779463775.285,/benchmark/inference_ms,25.198605
1779463775.331,/benchmark/inference_ms,24.904823
1779463775.379,/benchmark/inference_ms,25.148943
1779463775.425,/benchmark/inference_ms,25.108719
1779463775.474,/benchmark/inference_ms,25.594559
1779463775.520,/benchmark/inference_ms,25.928755
1779463775.568,/benchmark/inference_ms,26.025038
1779463775.617,/benchmark/inference_ms,25.752537
1779463775.664,/benchmark/inference_ms,25.731897
1779463775.713,/benchmark/inference_ms,26.013487
1779463775.760,/benchmark/inference_ms,26.085899
1779463775.808,/benchmark/inference_ms,26.139017
1779463775.855,/benchmark/inference_ms,26.150089
1779463775.903,/benchmark/inference_ms,26.576473
1779463775.951,/benchmark/inference_ms,26.017006
1779463775.998,/benchmark/inference_ms,26.325859
1779463776.045,/benchmark/inference_ms,25.629181
1779463776.094,/benchmark/inference_ms,26.265383
1779463776.141,/benchmark/inference_ms,25.659901
1779463776.188,/benchmark/inference_ms,25.799479
1779463776.237,/benchmark/inference_ms,26.073612
1779463776.284,/benchmark/inference_ms,26.211624
1779463776.332,/benchmark/inference_ms,26.428961
1779463776.385,/benchmark/inference_ms,29.579790
1779463776.431,/benchmark/inference_ms,26.397186
1779463776.480,/benchmark/inference_ms,25.612671
1779463776.530,/benchmark/inference_ms,26.410786
1779463776.581,/benchmark/inference_ms,27.009899
1779463776.626,/benchmark/inference_ms,24.999573
1779463776.674,/benchmark/inference_ms,26.661079
1779463776.723,/benchmark/inference_ms,26.920366
1779463776.772,/benchmark/inference_ms,28.522774
1779463776.821,/benchmark/inference_ms,27.387678
1779463776.869,/benchmark/inference_ms,26.379873
1779463776.916,/benchmark/inference_ms,26.175081
1779463776.963,/benchmark/inference_ms,25.885653
1779463777.011,/benchmark/inference_ms,27.146151
1779463777.102,/benchmark/inference_ms,25.826744
1779463777.150,/benchmark/inference_ms,25.462149
1779463777.199,/benchmark/inference_ms,25.666878
1779463777.245,/benchmark/inference_ms,25.986513
1779463777.297,/benchmark/inference_ms,28.885736
1779463777.347,/benchmark/inference_ms,27.490074
1779463777.394,/benchmark/inference_ms,24.738527
1779463777.445,/benchmark/inference_ms,26.580925
1779463777.489,/benchmark/inference_ms,26.289413
1779463777.537,/benchmark/inference_ms,26.271912
1779463777.585,/benchmark/inference_ms,26.434816
1779463777.633,/benchmark/inference_ms,26.049295
1779463777.681,/benchmark/inference_ms,25.816631
1779463777.729,/benchmark/inference_ms,26.185963
1779463777.776,/benchmark/inference_ms,25.292938
1779463777.824,/benchmark/inference_ms,25.654558
1779463777.872,/benchmark/inference_ms,26.007378
1779463777.923,/benchmark/inference_ms,27.654774
1779463777.968,/benchmark/inference_ms,26.159019
1779463778.015,/benchmark/inference_ms,25.473476
1779463778.063,/benchmark/inference_ms,25.680542
1779463778.110,/benchmark/inference_ms,25.908693
1779463778.158,/benchmark/inference_ms,25.930517
1779463778.205,/benchmark/inference_ms,26.138412
1779463778.254,/benchmark/inference_ms,26.119789
1779463778.300,/benchmark/inference_ms,25.776827
1779463778.349,/benchmark/inference_ms,25.938902
1779463778.395,/benchmark/inference_ms,25.447685
1779463778.441,/benchmark/inference_ms,25.429575
1779463778.489,/benchmark/inference_ms,25.540771
1779463778.537,/benchmark/inference_ms,25.146673
1779463778.583,/benchmark/inference_ms,25.385897
1779463778.631,/benchmark/inference_ms,25.468678
1779463778.678,/benchmark/inference_ms,25.565378
1779463778.727,/benchmark/inference_ms,26.441410
1779463778.775,/benchmark/inference_ms,25.812761
1779463778.823,/benchmark/inference_ms,26.408709
1779463778.870,/benchmark/inference_ms,26.091408
1779463778.931,/benchmark/inference_ms,26.241898
1779463778.966,/benchmark/inference_ms,26.620380
1779463779.013,/benchmark/inference_ms,26.178827
1779463779.060,/benchmark/inference_ms,26.127150
1779463779.109,/benchmark/inference_ms,26.554655
1779463779.158,/benchmark/inference_ms,26.762072
1779463779.203,/benchmark/inference_ms,24.830301
1779463779.250,/benchmark/inference_ms,24.702850
1779463779.296,/benchmark/inference_ms,24.601734
1779463779.342,/benchmark/inference_ms,24.893021
1779463779.387,/benchmark/inference_ms,24.908955
1779463779.433,/benchmark/inference_ms,24.782015
1779463779.479,/benchmark/inference_ms,24.760160
1779463779.526,/benchmark/inference_ms,24.813183
1779463779.572,/benchmark/inference_ms,25.233551
1779463779.618,/benchmark/inference_ms,25.371946
1779463779.665,/benchmark/inference_ms,24.823071
1779463779.713,/benchmark/inference_ms,25.006680
1779463779.757,/benchmark/inference_ms,25.004023
1779463779.803,/benchmark/inference_ms,25.154226
1779463779.850,/benchmark/inference_ms,24.701187
1779463779.896,/benchmark/inference_ms,24.387630
1779463779.943,/benchmark/inference_ms,25.469543
1779463779.988,/benchmark/inference_ms,25.222000
1779463780.035,/benchmark/inference_ms,25.686047
1779463780.081,/benchmark/inference_ms,24.913467
1779463780.128,/benchmark/inference_ms,24.777824
1779463780.174,/benchmark/inference_ms,24.931034
1779463780.220,/benchmark/inference_ms,25.682753
1779463780.267,/benchmark/inference_ms,25.028919
1779463780.313,/benchmark/inference_ms,24.762560
1779463780.361,/benchmark/inference_ms,25.740797
1779463780.411,/benchmark/inference_ms,26.342758
1779463780.458,/benchmark/inference_ms,25.600899
1779463780.504,/benchmark/inference_ms,24.647013
1779463780.550,/benchmark/inference_ms,24.982809
1779463780.596,/benchmark/inference_ms,24.861757
1779463780.642,/benchmark/inference_ms,25.194098
1779463780.688,/benchmark/inference_ms,24.629669
1779463780.734,/benchmark/inference_ms,24.429260
1779463780.780,/benchmark/inference_ms,24.557705
1779463780.826,/benchmark/inference_ms,25.407658
1779463780.873,/benchmark/inference_ms,25.194704
1779463780.919,/benchmark/inference_ms,25.194481
1779463780.966,/benchmark/inference_ms,24.989559
1779463781.012,/benchmark/inference_ms,24.856445
1779463781.061,/benchmark/inference_ms,27.351875
1779463781.111,/benchmark/inference_ms,27.526430
1779463781.157,/benchmark/inference_ms,24.808607
1779463781.203,/benchmark/inference_ms,24.938204
1779463781.248,/benchmark/inference_ms,25.101076
1779463781.295,/benchmark/inference_ms,24.904285
1779463781.342,/benchmark/inference_ms,24.591145
1779463781.388,/benchmark/inference_ms,24.716452
1779463781.436,/benchmark/inference_ms,27.006001
1779463781.484,/benchmark/inference_ms,25.618467
1779463781.532,/benchmark/inference_ms,25.883577
1779463781.579,/benchmark/inference_ms,25.887321
1779463781.626,/benchmark/inference_ms,26.330984
1779463781.675,/benchmark/inference_ms,27.689753
1779463781.726,/benchmark/inference_ms,25.776733
1779463781.771,/benchmark/inference_ms,25.449577
1779463781.818,/benchmark/inference_ms,25.791420
1779463781.871,/benchmark/inference_ms,23.583502
1779463781.915,/benchmark/inference_ms,25.622562
1779463781.963,/benchmark/inference_ms,26.190990
1779463782.010,/benchmark/inference_ms,25.828283
1779463782.056,/benchmark/inference_ms,25.822908
1779463782.104,/benchmark/inference_ms,25.890299
1779463782.151,/benchmark/inference_ms,25.765310
1779463782.199,/benchmark/inference_ms,25.641413
1779463782.243,/benchmark/inference_ms,25.597572
1779463782.290,/benchmark/inference_ms,25.572454
1779463782.341,/benchmark/inference_ms,25.657412
1779463782.384,/benchmark/inference_ms,25.483721
1779463782.436,/benchmark/inference_ms,27.357637
1779463782.483,/benchmark/inference_ms,27.477312
1779463782.532,/benchmark/inference_ms,26.218031
1779463782.579,/benchmark/inference_ms,25.244465
1779463782.625,/benchmark/inference_ms,25.004475
1779463782.671,/benchmark/inference_ms,25.074553
1779463782.720,/benchmark/inference_ms,26.817978
1779463782.769,/benchmark/inference_ms,26.111538
1779463782.816,/benchmark/inference_ms,26.317739
1779463782.861,/benchmark/inference_ms,24.265013
1779463782.905,/benchmark/inference_ms,24.430607
1779463782.950,/benchmark/inference_ms,24.255348
1779463782.996,/benchmark/inference_ms,24.789314
1779463783.042,/benchmark/inference_ms,24.820513
1779463783.087,/benchmark/inference_ms,25.103607
1779463783.138,/benchmark/inference_ms,26.588161
1779463783.183,/benchmark/inference_ms,25.823038
1779463783.231,/benchmark/inference_ms,25.887451
1779463783.278,/benchmark/inference_ms,25.322191
1779463783.325,/benchmark/inference_ms,24.922495
1779463783.372,/benchmark/inference_ms,25.074169
1779463783.419,/benchmark/inference_ms,25.882235
1779463783.467,/benchmark/inference_ms,26.292973
1779463783.516,/benchmark/inference_ms,27.073648
1779463783.564,/benchmark/inference_ms,26.818426
1779463783.612,/benchmark/inference_ms,27.168428
1779463783.659,/benchmark/inference_ms,25.780958
1779463783.706,/benchmark/inference_ms,24.859713
1779463783.753,/benchmark/inference_ms,25.356718
1779463783.800,/benchmark/inference_ms,25.438507
1779463783.849,/benchmark/inference_ms,25.950682
1779463783.897,/benchmark/inference_ms,25.065048
1779463783.944,/benchmark/inference_ms,25.037786
1779463783.991,/benchmark/inference_ms,25.522087
1779463784.038,/benchmark/inference_ms,25.649380
1779463784.085,/benchmark/inference_ms,26.069462
1779463784.133,/benchmark/inference_ms,25.577448
1779463784.180,/benchmark/inference_ms,25.756609
1779463784.228,/benchmark/inference_ms,26.176947
1779463784.276,/benchmark/inference_ms,26.081781
1779463784.324,/benchmark/inference_ms,25.932859
1779463784.370,/benchmark/inference_ms,26.330317
1779463784.418,/benchmark/inference_ms,25.793440
1779463784.465,/benchmark/inference_ms,26.007929
1779463784.513,/benchmark/inference_ms,25.872574
1779463784.560,/benchmark/inference_ms,26.031321
1779463784.608,/benchmark/inference_ms,26.115860
1779463784.655,/benchmark/inference_ms,26.016184
1779463784.704,/benchmark/inference_ms,26.166962
1779463784.751,/benchmark/inference_ms,25.946075
1779463784.797,/benchmark/inference_ms,25.749058
1779463784.844,/benchmark/inference_ms,25.329136
1779463784.892,/benchmark/inference_ms,25.896540
1779463784.939,/benchmark/inference_ms,26.026808
1779463784.987,/benchmark/inference_ms,25.968443
1779463785.034,/benchmark/inference_ms,26.062199
1779463785.082,/benchmark/inference_ms,26.083895
1779463785.130,/benchmark/inference_ms,25.837503
1779463785.175,/benchmark/inference_ms,25.708036
1779463785.223,/benchmark/inference_ms,25.878622
1779463785.270,/benchmark/inference_ms,25.732611
1779463785.317,/benchmark/inference_ms,25.900892
1779463785.364,/benchmark/inference_ms,25.699972
1779463785.411,/benchmark/inference_ms,25.572714
1779463785.460,/benchmark/inference_ms,25.725796
1779463785.506,/benchmark/inference_ms,25.756290
1779463785.554,/benchmark/inference_ms,25.972218
1779463785.604,/benchmark/inference_ms,25.771938
1779463785.650,/benchmark/inference_ms,25.483435
1779463785.698,/benchmark/inference_ms,25.822046
1779463785.745,/benchmark/inference_ms,26.106070
1779463785.793,/benchmark/inference_ms,26.136597
1779463785.840,/benchmark/inference_ms,26.140211
1779463785.887,/benchmark/inference_ms,26.033337
1779463785.935,/benchmark/inference_ms,26.379114
1779463785.983,/benchmark/inference_ms,26.064663
1779463786.031,/benchmark/inference_ms,25.889532
1779463786.079,/benchmark/inference_ms,26.189684
1779463786.127,/benchmark/inference_ms,26.084438
1779463786.175,/benchmark/inference_ms,26.090199
1779463786.224,/benchmark/inference_ms,26.732128
1779463786.272,/benchmark/inference_ms,26.480585
1779463786.320,/benchmark/inference_ms,26.603558
1779463786.368,/benchmark/inference_ms,25.644167
1779463786.415,/benchmark/inference_ms,25.875807
1779463786.462,/benchmark/inference_ms,26.206484
1779463786.508,/benchmark/inference_ms,25.811682
1779463786.557,/benchmark/inference_ms,25.816193
1779463786.605,/benchmark/inference_ms,25.183992
1779463786.653,/benchmark/inference_ms,26.059641
1779463786.699,/benchmark/inference_ms,25.880222
1779463786.747,/benchmark/inference_ms,25.902908
1779463786.795,/benchmark/inference_ms,26.081270
1779463786.842,/benchmark/inference_ms,25.984827
1779463786.889,/benchmark/inference_ms,25.622568
1779463786.937,/benchmark/inference_ms,25.751715
1779463786.983,/benchmark/inference_ms,24.653898
1779463787.032,/benchmark/inference_ms,25.995802
1779463787.079,/benchmark/inference_ms,25.646023
1779463787.126,/benchmark/inference_ms,25.821539
1779463787.174,/benchmark/inference_ms,26.119255
1779463787.222,/benchmark/inference_ms,26.555176
1779463787.268,/benchmark/inference_ms,25.810722
1779463787.315,/benchmark/inference_ms,26.008186
1779463787.362,/benchmark/inference_ms,25.790915
1779463787.409,/benchmark/inference_ms,25.956093
1779463787.456,/benchmark/inference_ms,25.769476
1779463787.505,/benchmark/inference_ms,25.806307
1779463787.551,/benchmark/inference_ms,25.976091
1779463787.599,/benchmark/inference_ms,25.792419
1779463787.646,/benchmark/inference_ms,26.345901
1779463787.696,/benchmark/inference_ms,25.762501
1779463787.742,/benchmark/inference_ms,27.420137
1779463787.790,/benchmark/inference_ms,25.494253
1779463787.838,/benchmark/inference_ms,25.613960
1779463787.883,/benchmark/inference_ms,24.872643
1779463787.931,/benchmark/inference_ms,25.534603
1779463787.978,/benchmark/inference_ms,26.613350
1779463788.028,/benchmark/inference_ms,27.839289
1779463788.076,/benchmark/inference_ms,26.727779
1779463788.123,/benchmark/inference_ms,25.132858
1779463788.168,/benchmark/inference_ms,24.702698
1779463788.214,/benchmark/inference_ms,25.543819
1779463788.262,/benchmark/inference_ms,25.062141
1779463788.310,/benchmark/inference_ms,26.761024
1779463788.357,/benchmark/inference_ms,26.030684
1779463788.404,/benchmark/inference_ms,25.928255
1779463788.450,/benchmark/inference_ms,24.389654
1779463788.497,/benchmark/inference_ms,25.042782
1779463788.542,/benchmark/inference_ms,24.989185
1779463788.588,/benchmark/inference_ms,24.940578
1779463788.636,/benchmark/inference_ms,25.829250
1779463788.685,/benchmark/inference_ms,26.436846
1779463788.732,/benchmark/inference_ms,26.053049
1779463788.781,/benchmark/inference_ms,26.087065
1779463788.828,/benchmark/inference_ms,26.097624
1779463788.876,/benchmark/inference_ms,26.044218
1779463788.924,/benchmark/inference_ms,25.706598
1779463788.974,/benchmark/inference_ms,26.022301
1779463789.019,/benchmark/inference_ms,25.436399
1779463789.066,/benchmark/inference_ms,25.806179
1779463789.114,/benchmark/inference_ms,26.491692
1779463789.163,/benchmark/inference_ms,27.172180
1779463789.212,/benchmark/inference_ms,26.754562
1779463789.262,/benchmark/inference_ms,27.046616
1779463789.306,/benchmark/inference_ms,27.433098
1779463789.354,/benchmark/inference_ms,25.989630
1779463789.403,/benchmark/inference_ms,25.960255
1779463789.451,/benchmark/inference_ms,25.998205
1779463789.502,/benchmark/inference_ms,26.881758
1779463789.550,/benchmark/inference_ms,26.718180
1779463789.597,/benchmark/inference_ms,25.103518
1779463789.645,/benchmark/inference_ms,25.609962
1779463789.695,/benchmark/inference_ms,26.226870
1779463789.739,/benchmark/inference_ms,25.777252
1779463789.788,/benchmark/inference_ms,26.857950
1779463789.836,/benchmark/inference_ms,26.177143
1779463789.885,/benchmark/inference_ms,26.577513
1779463789.933,/benchmark/inference_ms,26.395502
1779463789.981,/benchmark/inference_ms,26.294962
1779463790.028,/benchmark/inference_ms,26.039900
1779463790.075,/benchmark/inference_ms,26.089754
1779463790.123,/benchmark/inference_ms,26.362961
1779463790.170,/benchmark/inference_ms,25.696585
1779463790.217,/benchmark/inference_ms,25.707752
1779463790.265,/benchmark/inference_ms,25.536430
1779463790.312,/benchmark/inference_ms,25.279608
1779463790.360,/benchmark/inference_ms,25.219707
1779463790.407,/benchmark/inference_ms,25.339575
1779463790.454,/benchmark/inference_ms,25.122494
1779463790.500,/benchmark/inference_ms,25.076384
1779463790.549,/benchmark/inference_ms,25.928513
1779463790.596,/benchmark/inference_ms,25.990494
1779463790.644,/benchmark/inference_ms,25.985023
1779463790.691,/benchmark/inference_ms,25.965120
1779463790.738,/benchmark/inference_ms,25.906881
1779463790.785,/benchmark/inference_ms,25.807365
1779463790.832,/benchmark/inference_ms,25.866531
1779463790.879,/benchmark/inference_ms,25.627756
1779463790.926,/benchmark/inference_ms,25.819204
1779463790.975,/benchmark/inference_ms,25.743656
1779463791.020,/benchmark/inference_ms,25.703274
1779463791.067,/benchmark/inference_ms,25.739594
1779463791.115,/benchmark/inference_ms,25.626637
1779463791.163,/benchmark/inference_ms,25.561520
1779463791.211,/benchmark/inference_ms,25.375637
1779463791.258,/benchmark/inference_ms,25.454514
1779463791.303,/benchmark/inference_ms,25.394709
1779463791.351,/benchmark/inference_ms,25.439381
1779463791.398,/benchmark/inference_ms,25.226780
1779463791.448,/benchmark/inference_ms,25.124352
1779463791.493,/benchmark/inference_ms,25.501137
1779463791.540,/benchmark/inference_ms,25.748169
1779463791.588,/benchmark/inference_ms,25.792103
1779463791.635,/benchmark/inference_ms,26.035870
1779463791.682,/benchmark/inference_ms,25.795879
1779463791.729,/benchmark/inference_ms,26.068413
1779463791.777,/benchmark/inference_ms,25.946945
1779463791.824,/benchmark/inference_ms,25.863684
1779463791.871,/benchmark/inference_ms,25.829542
1779463791.919,/benchmark/inference_ms,26.141977
1779463791.967,/benchmark/inference_ms,27.201620
1779463792.015,/benchmark/inference_ms,27.813984
1779463792.064,/benchmark/inference_ms,27.590183
1779463792.111,/benchmark/inference_ms,25.072033
1779463792.156,/benchmark/inference_ms,25.051426
1779463792.203,/benchmark/inference_ms,24.589268
1779463792.250,/benchmark/inference_ms,25.454611
1779463792.296,/benchmark/inference_ms,25.458963
1779463792.342,/benchmark/inference_ms,25.442324
1779463792.389,/benchmark/inference_ms,25.347479
1779463792.439,/benchmark/inference_ms,27.082745
1779463792.487,/benchmark/inference_ms,25.231739
1779463792.532,/benchmark/inference_ms,25.450994
1779463792.580,/benchmark/inference_ms,25.447220
1779463792.628,/benchmark/inference_ms,25.395382
1779463792.674,/benchmark/inference_ms,25.106464
1779463792.722,/benchmark/inference_ms,26.234840
1779463792.771,/benchmark/inference_ms,26.782116
1779463792.821,/benchmark/inference_ms,27.575785
1779463792.868,/benchmark/inference_ms,25.515923
1779463792.914,/benchmark/inference_ms,25.477970
1779463792.962,/benchmark/inference_ms,26.568363
1779463793.011,/benchmark/inference_ms,26.201784
1779463793.058,/benchmark/inference_ms,25.486643
1779463793.105,/benchmark/inference_ms,25.843655
1779463793.153,/benchmark/inference_ms,25.608656
1779463793.201,/benchmark/inference_ms,25.541010
1779463793.248,/benchmark/inference_ms,25.515444
1779463793.296,/benchmark/inference_ms,25.673550
1779463793.344,/benchmark/inference_ms,25.728428
1779463793.391,/benchmark/inference_ms,25.987650
1779463793.439,/benchmark/inference_ms,25.597424
1779463793.487,/benchmark/inference_ms,25.604687
1779463793.536,/benchmark/inference_ms,26.691977
1779463793.585,/benchmark/inference_ms,26.400434
1779463793.632,/benchmark/inference_ms,25.289883
1779463793.679,/benchmark/inference_ms,25.444981
1779463793.727,/benchmark/inference_ms,25.743723
1779463793.774,/benchmark/inference_ms,25.886789
1779463793.821,/benchmark/inference_ms,25.960066
1779463793.869,/benchmark/inference_ms,25.929443
1779463793.916,/benchmark/inference_ms,26.094301
1779463793.965,/benchmark/inference_ms,25.726700
1779463794.010,/benchmark/inference_ms,25.841639
1779463794.056,/benchmark/inference_ms,25.320505
1779463794.104,/benchmark/inference_ms,25.553011
1779463794.151,/benchmark/inference_ms,25.953541
1779463794.201,/benchmark/inference_ms,27.188919
1779463794.247,/benchmark/inference_ms,25.323675
1779463794.293,/benchmark/inference_ms,25.246557
1779463794.341,/benchmark/inference_ms,25.174433
1779463794.388,/benchmark/inference_ms,24.947529
1779463794.436,/benchmark/inference_ms,25.384312
1779463794.483,/benchmark/inference_ms,25.463253
1779463794.531,/benchmark/inference_ms,25.475061
1779463794.578,/benchmark/inference_ms,24.826700
1779463794.626,/benchmark/inference_ms,25.154081
1779463794.672,/benchmark/inference_ms,24.684656
1779463794.719,/benchmark/inference_ms,25.213150
1779463794.765,/benchmark/inference_ms,25.778603
1779463794.814,/benchmark/inference_ms,25.512629
1779463794.861,/benchmark/inference_ms,25.799337
1779463794.908,/benchmark/inference_ms,25.804522
1779463794.955,/benchmark/inference_ms,25.823498
1779463795.002,/benchmark/inference_ms,25.537907
1779463795.049,/benchmark/inference_ms,25.692942
1779463795.096,/benchmark/inference_ms,25.954630
1779463795.144,/benchmark/inference_ms,26.010017
1779463795.190,/benchmark/inference_ms,25.509653
1779463795.237,/benchmark/inference_ms,25.748236
1779463795.287,/benchmark/inference_ms,25.598513
1779463795.331,/benchmark/inference_ms,25.822664
1779463795.378,/benchmark/inference_ms,25.293148
1779463795.425,/benchmark/inference_ms,25.271421
1779463795.473,/benchmark/inference_ms,25.343769
1779463795.521,/benchmark/inference_ms,26.496658
1779463795.570,/benchmark/inference_ms,26.453331
1779463795.617,/benchmark/inference_ms,24.909416
1779463795.664,/benchmark/inference_ms,25.558130
1779463795.713,/benchmark/inference_ms,25.723949
1779463795.757,/benchmark/inference_ms,25.986403
1779463795.803,/benchmark/inference_ms,25.818056
1779463795.851,/benchmark/inference_ms,25.726892
1779463795.897,/benchmark/inference_ms,25.839977
1779463795.945,/benchmark/inference_ms,25.915302
1779463795.992,/benchmark/inference_ms,25.575155
1779463796.039,/benchmark/inference_ms,25.455959
1779463796.088,/benchmark/inference_ms,26.983969
1779463796.138,/benchmark/inference_ms,27.039518
1779463796.189,/benchmark/inference_ms,26.338968
1779463796.234,/benchmark/inference_ms,25.281502
1779463796.281,/benchmark/inference_ms,25.122532
1779463796.328,/benchmark/inference_ms,24.388350
1779463796.379,/benchmark/inference_ms,25.805195
1779463796.428,/benchmark/inference_ms,25.851210
1779463796.475,/benchmark/inference_ms,25.627920
1779463796.523,/benchmark/inference_ms,26.243484
1779463796.571,/benchmark/inference_ms,25.611986
1779463796.618,/benchmark/inference_ms,25.777004
1779463796.666,/benchmark/inference_ms,25.733837
1779463796.713,/benchmark/inference_ms,25.184673
1779463796.759,/benchmark/inference_ms,25.259262
1779463796.806,/benchmark/inference_ms,25.095140
1779463796.853,/benchmark/inference_ms,25.092197
1779463796.902,/benchmark/inference_ms,25.653873
1779463796.949,/benchmark/inference_ms,25.274687
1779463796.997,/benchmark/inference_ms,25.659151
1779463797.049,/benchmark/inference_ms,25.832043
1779463797.096,/benchmark/inference_ms,25.898121
1779463797.143,/benchmark/inference_ms,25.400537
1779463797.191,/benchmark/inference_ms,25.437817
1779463797.239,/benchmark/inference_ms,25.883114
1779463797.284,/benchmark/inference_ms,25.677488
1779463797.331,/benchmark/inference_ms,25.746286
1779463797.380,/benchmark/inference_ms,26.578545
1779463797.427,/benchmark/inference_ms,25.655025
1779463797.475,/benchmark/inference_ms,25.965767
1779463797.522,/benchmark/inference_ms,25.685232
1779463797.569,/benchmark/inference_ms,25.718895
1779463797.617,/benchmark/inference_ms,25.856554
1779463797.665,/benchmark/inference_ms,26.025509
1779463797.711,/benchmark/inference_ms,25.439928
1779463797.759,/benchmark/inference_ms,26.618351
1779463797.807,/benchmark/inference_ms,26.194334
1779463797.854,/benchmark/inference_ms,26.191837
1779463797.902,/benchmark/inference_ms,26.321722
1779463797.953,/benchmark/inference_ms,25.984999
1779463797.999,/benchmark/inference_ms,25.381275
1779463798.046,/benchmark/inference_ms,25.693840
1779463798.094,/benchmark/inference_ms,25.685232
1779463798.142,/benchmark/inference_ms,26.337530
1779463798.190,/benchmark/inference_ms,25.741903
1779463798.242,/benchmark/inference_ms,25.825357
1779463798.284,/benchmark/inference_ms,26.077795
1779463798.331,/benchmark/inference_ms,25.777006
1779463798.378,/benchmark/inference_ms,25.289375
1779463798.425,/benchmark/inference_ms,25.602900
1779463798.473,/benchmark/inference_ms,25.516888
1779463798.522,/benchmark/inference_ms,25.889898
1779463798.570,/benchmark/inference_ms,25.167044
1779463798.618,/benchmark/inference_ms,26.346779
1779463798.666,/benchmark/inference_ms,26.164928
1779463798.716,/benchmark/inference_ms,26.216927
1779463798.759,/benchmark/inference_ms,26.232700
1779463798.807,/benchmark/inference_ms,26.096546
1779463798.855,/benchmark/inference_ms,25.898666
1779463798.902,/benchmark/inference_ms,25.948521
1779463798.951,/benchmark/inference_ms,25.422907
1779463798.998,/benchmark/inference_ms,25.950953
1779463799.047,/benchmark/inference_ms,26.517780
1779463799.093,/benchmark/inference_ms,24.395296
1779463799.141,/benchmark/inference_ms,26.350651
1779463799.188,/benchmark/inference_ms,26.551090
1779463799.239,/benchmark/inference_ms,26.818251
1779463799.285,/benchmark/inference_ms,25.884619
1779463799.333,/benchmark/inference_ms,25.550936
1779463799.382,/benchmark/inference_ms,25.844397
1779463799.430,/benchmark/inference_ms,25.664660
1779463799.478,/benchmark/inference_ms,25.796526
1779463799.526,/benchmark/inference_ms,26.140577
1779463799.574,/benchmark/inference_ms,25.848845
1779463799.622,/benchmark/inference_ms,26.490582
1779463799.670,/benchmark/inference_ms,26.246014
1779463799.717,/benchmark/inference_ms,26.480822
1779463799.765,/benchmark/inference_ms,26.288445
1779463799.813,/benchmark/inference_ms,26.246527
1779463799.859,/benchmark/inference_ms,25.031113
1779463799.905,/benchmark/inference_ms,24.695574
1779463799.951,/benchmark/inference_ms,25.045961
1779463799.998,/benchmark/inference_ms,25.435291
1779463800.044,/benchmark/inference_ms,25.091335
1779463800.091,/benchmark/inference_ms,24.865393
1779463800.139,/benchmark/inference_ms,25.628757
1779463800.191,/benchmark/inference_ms,29.871519
1779463800.239,/benchmark/inference_ms,25.519224
1779463800.284,/benchmark/inference_ms,25.303137
1779463800.332,/benchmark/inference_ms,25.559734
1779463800.380,/benchmark/inference_ms,25.576662
1779463800.427,/benchmark/inference_ms,25.558264
1779463800.474,/benchmark/inference_ms,24.702902
1779463800.521,/benchmark/inference_ms,25.096775
1779463800.569,/benchmark/inference_ms,25.405373
1779463800.617,/benchmark/inference_ms,25.385757
1779463800.663,/benchmark/inference_ms,25.574200
1779463800.711,/benchmark/inference_ms,25.056555
1779463800.758,/benchmark/inference_ms,25.747601
1779463800.805,/benchmark/inference_ms,25.820686
1779463800.851,/benchmark/inference_ms,25.779087
1779463800.897,/benchmark/inference_ms,25.323969
1779463800.944,/benchmark/inference_ms,26.824747
1779463800.991,/benchmark/inference_ms,25.653397
1779463801.037,/benchmark/inference_ms,25.546904
1779463801.084,/benchmark/inference_ms,25.684277
1779463801.131,/benchmark/inference_ms,25.348991
1779463801.179,/benchmark/inference_ms,25.479643
1779463801.226,/benchmark/inference_ms,27.145346
1779463801.278,/benchmark/inference_ms,25.313538
1779463801.322,/benchmark/inference_ms,26.021992
1779463801.370,/benchmark/inference_ms,25.674677
1779463801.416,/benchmark/inference_ms,25.816399
1779463801.463,/benchmark/inference_ms,26.167267
1779463801.510,/benchmark/inference_ms,25.857838
1779463801.557,/benchmark/inference_ms,25.844975
1779463801.607,/benchmark/inference_ms,25.813200
1779463801.651,/benchmark/inference_ms,25.445469
1779463801.701,/benchmark/inference_ms,25.629238
1779463801.751,/benchmark/inference_ms,25.877455
1779463801.796,/benchmark/inference_ms,25.826479
1779463801.843,/benchmark/inference_ms,25.387423
1779463801.891,/benchmark/inference_ms,25.696501
1779463801.938,/benchmark/inference_ms,25.721907
1779463801.987,/benchmark/inference_ms,25.642199
1779463802.034,/benchmark/inference_ms,25.655222
1779463802.082,/benchmark/inference_ms,25.432638
1779463802.129,/benchmark/inference_ms,25.254021
1779463802.176,/benchmark/inference_ms,25.425087
1779463802.223,/benchmark/inference_ms,25.695028
1779463802.270,/benchmark/inference_ms,25.176487
1779463802.317,/benchmark/inference_ms,25.446941
1779463802.366,/benchmark/inference_ms,25.965483
1779463802.413,/benchmark/inference_ms,25.693748
1779463802.464,/benchmark/inference_ms,28.905731
1779463802.511,/benchmark/inference_ms,25.711861
1779463802.559,/benchmark/inference_ms,25.451229
1779463802.606,/benchmark/inference_ms,25.272133
1779463802.653,/benchmark/inference_ms,25.344481
1779463802.701,/benchmark/inference_ms,25.278852
1779463802.749,/benchmark/inference_ms,25.150887
1779463802.795,/benchmark/inference_ms,25.080267
1779463802.842,/benchmark/inference_ms,24.834259
1779463802.889,/benchmark/inference_ms,25.223078
1779463802.936,/benchmark/inference_ms,25.352289
1779463802.983,/benchmark/inference_ms,25.399872
1779463803.030,/benchmark/inference_ms,25.499165
1779463803.078,/benchmark/inference_ms,25.848913
1779463803.125,/benchmark/inference_ms,26.009035
1779463803.173,/benchmark/inference_ms,25.713238
1779463803.220,/benchmark/inference_ms,25.737492
1779463803.268,/benchmark/inference_ms,25.745493
1779463803.314,/benchmark/inference_ms,25.418655
1779463803.361,/benchmark/inference_ms,25.609978
1779463803.408,/benchmark/inference_ms,25.941645
1779463803.455,/benchmark/inference_ms,26.168804
1779463803.502,/benchmark/inference_ms,25.775507
1779463803.549,/benchmark/inference_ms,25.444191
1779463803.595,/benchmark/inference_ms,25.732117
1779463803.643,/benchmark/inference_ms,25.711157
1779463803.690,/benchmark/inference_ms,25.985708
1779463803.739,/benchmark/inference_ms,27.039047
1779463803.785,/benchmark/inference_ms,25.484509
1779463803.833,/benchmark/inference_ms,25.484797
1779463803.880,/benchmark/inference_ms,25.263332
1779463803.928,/benchmark/inference_ms,25.232422
1779463803.976,/benchmark/inference_ms,25.334049
1779463804.022,/benchmark/inference_ms,25.105354
1779463804.069,/benchmark/inference_ms,25.752916
1779463804.118,/benchmark/inference_ms,25.457535
1779463804.165,/benchmark/inference_ms,25.600761
1779463804.213,/benchmark/inference_ms,25.856689
1779463804.260,/benchmark/inference_ms,25.917326
1779463804.307,/benchmark/inference_ms,25.518524
1779463804.353,/benchmark/inference_ms,25.563452
1779463804.400,/benchmark/inference_ms,25.933262
1779463804.448,/benchmark/inference_ms,26.982025
1779463804.501,/benchmark/inference_ms,26.992105
1779463804.547,/benchmark/inference_ms,26.952106
1779463804.593,/benchmark/inference_ms,25.185768
1779463804.645,/benchmark/inference_ms,26.579800
1779463804.692,/benchmark/inference_ms,26.965578
1779463804.739,/benchmark/inference_ms,24.372038
1779463804.783,/benchmark/inference_ms,25.375298
1779463804.830,/benchmark/inference_ms,25.671608
1779463804.877,/benchmark/inference_ms,25.445663
1779463804.923,/benchmark/inference_ms,25.169769
1779463804.970,/benchmark/inference_ms,25.107531
1779463805.017,/benchmark/inference_ms,24.785559
1779463805.064,/benchmark/inference_ms,25.304996
1779463805.110,/benchmark/inference_ms,25.555613
1779463805.156,/benchmark/inference_ms,25.483040
1779463805.203,/benchmark/inference_ms,24.688442
1779463805.248,/benchmark/inference_ms,24.577984
1779463805.295,/benchmark/inference_ms,25.315205
1779463805.341,/benchmark/inference_ms,25.215048
1779463805.387,/benchmark/inference_ms,25.325926
1779463805.434,/benchmark/inference_ms,24.783417
1779463805.481,/benchmark/inference_ms,25.907248
1779463805.528,/benchmark/inference_ms,26.030573
1779463805.576,/benchmark/inference_ms,26.355871
1779463805.623,/benchmark/inference_ms,26.843534
1779463805.671,/benchmark/inference_ms,25.905775
1779463805.719,/benchmark/inference_ms,26.325474
1779463805.766,/benchmark/inference_ms,25.830868
1779463805.813,/benchmark/inference_ms,25.676792
1779463805.861,/benchmark/inference_ms,25.973614
1779463805.908,/benchmark/inference_ms,26.375969
1779463805.968,/benchmark/inference_ms,26.235876
1779463806.004,/benchmark/inference_ms,26.339296
1779463806.051,/benchmark/inference_ms,26.329762
1779463806.099,/benchmark/inference_ms,25.583773
1779463806.147,/benchmark/inference_ms,25.657978
1779463806.196,/benchmark/inference_ms,25.478848
1779463806.243,/benchmark/inference_ms,26.522301
1779463806.290,/benchmark/inference_ms,26.221733
1779463806.339,/benchmark/inference_ms,26.653015
1779463806.392,/benchmark/inference_ms,32.359089
1779463806.442,/benchmark/inference_ms,26.910158
1779463806.500,/benchmark/inference_ms,27.253250
1779463806.552,/benchmark/inference_ms,30.109406
1779463806.599,/benchmark/inference_ms,26.589624
1779463806.652,/benchmark/inference_ms,27.455227
1779463806.699,/benchmark/inference_ms,27.907883
1779463806.751,/benchmark/inference_ms,27.535929
1779463806.797,/benchmark/inference_ms,26.990923
1779463806.852,/benchmark/inference_ms,27.558199
1779463806.900,/benchmark/inference_ms,27.249571
1779463806.950,/benchmark/inference_ms,28.539028
1779463806.999,/benchmark/inference_ms,26.356449
1779463807.052,/benchmark/inference_ms,26.363970
1779463807.098,/benchmark/inference_ms,27.433340
1779463807.151,/benchmark/inference_ms,30.435572
1779463807.200,/benchmark/inference_ms,26.318052
1779463807.248,/benchmark/inference_ms,25.875252
1779463807.295,/benchmark/inference_ms,26.482334
1779463807.343,/benchmark/inference_ms,25.952433
1779463807.391,/benchmark/inference_ms,25.606461
1779463807.439,/benchmark/inference_ms,25.606939
1779463807.486,/benchmark/inference_ms,25.607292
1779463807.533,/benchmark/inference_ms,25.798710
1779463807.581,/benchmark/inference_ms,26.004013
1779463807.628,/benchmark/inference_ms,26.049070
1779463807.677,/benchmark/inference_ms,27.067432
1779463807.728,/benchmark/inference_ms,27.287745
1779463807.774,/benchmark/inference_ms,26.393089
1779463807.822,/benchmark/inference_ms,27.394335
1779463807.870,/benchmark/inference_ms,27.354239
1779463807.919,/benchmark/inference_ms,27.154343
1779463807.967,/benchmark/inference_ms,26.837906
1779463808.016,/benchmark/inference_ms,26.098988
1779463808.066,/benchmark/inference_ms,26.944366
1779463808.114,/benchmark/inference_ms,26.575996
1779463808.162,/benchmark/inference_ms,27.139208
1779463808.214,/benchmark/inference_ms,29.550196
1779463808.266,/benchmark/inference_ms,28.222563
1779463808.312,/benchmark/inference_ms,25.257706
1779463808.358,/benchmark/inference_ms,25.599133
1779463808.403,/benchmark/inference_ms,25.395878
1779463808.451,/benchmark/inference_ms,24.479717
1779463808.495,/benchmark/inference_ms,24.347433
1779463808.542,/benchmark/inference_ms,24.565283
1779463808.587,/benchmark/inference_ms,25.052849
1779463808.633,/benchmark/inference_ms,24.784761
1779463808.679,/benchmark/inference_ms,24.903509
1779463808.726,/benchmark/inference_ms,24.935316
1779463808.771,/benchmark/inference_ms,24.773851
1779463808.817,/benchmark/inference_ms,24.533604
1779463808.863,/benchmark/inference_ms,25.608990
1779463808.916,/benchmark/inference_ms,26.412514
1779463808.960,/benchmark/inference_ms,26.133802
1779463809.007,/benchmark/inference_ms,26.417057
1779463809.055,/benchmark/inference_ms,26.593052
1779463809.102,/benchmark/inference_ms,25.700924
1779463809.149,/benchmark/inference_ms,26.010063
1779463809.197,/benchmark/inference_ms,26.614716
1779463809.246,/benchmark/inference_ms,27.822481
1779463809.296,/benchmark/inference_ms,27.329922
1779463809.346,/benchmark/inference_ms,26.967791
1779463809.391,/benchmark/inference_ms,25.992306
1779463809.439,/benchmark/inference_ms,25.177164
1779463809.487,/benchmark/inference_ms,26.079630
1779463809.534,/benchmark/inference_ms,25.266539
1779463809.581,/benchmark/inference_ms,26.298790
1779463809.629,/benchmark/inference_ms,26.364325
1779463809.676,/benchmark/inference_ms,26.175306
1779463809.724,/benchmark/inference_ms,25.874292
1779463809.770,/benchmark/inference_ms,25.859383
1779463809.818,/benchmark/inference_ms,26.056175
1779463809.864,/benchmark/inference_ms,26.995535
1779463809.911,/benchmark/inference_ms,26.035183
1779463809.958,/benchmark/inference_ms,25.824150
1779463810.005,/benchmark/inference_ms,25.705402
1779463810.055,/benchmark/inference_ms,27.005453
1779463810.102,/benchmark/inference_ms,25.929556
1779463810.149,/benchmark/inference_ms,25.684317
1779463810.200,/benchmark/inference_ms,25.722555
1779463810.244,/benchmark/inference_ms,25.905558
1779463810.292,/benchmark/inference_ms,25.791929
1779463810.340,/benchmark/inference_ms,25.840694
1779463810.387,/benchmark/inference_ms,25.872663
1779463810.435,/benchmark/inference_ms,26.099215
1779463810.485,/benchmark/inference_ms,26.927090
1779463810.532,/benchmark/inference_ms,25.860407
1779463810.580,/benchmark/inference_ms,25.844536
1779463810.628,/benchmark/inference_ms,26.006546
1779463810.676,/benchmark/inference_ms,26.278408
1779463810.724,/benchmark/inference_ms,26.248745
1779463810.771,/benchmark/inference_ms,26.035217
1779463810.819,/benchmark/inference_ms,25.947348
1779463810.869,/benchmark/inference_ms,25.993107
1779463810.915,/benchmark/inference_ms,26.287239
1779463810.962,/benchmark/inference_ms,25.991762
1779463811.013,/benchmark/inference_ms,25.685020
1779463811.058,/benchmark/inference_ms,25.629120
1779463811.106,/benchmark/inference_ms,26.010929
1779463811.154,/benchmark/inference_ms,25.878103
1779463811.201,/benchmark/inference_ms,25.937941
1779463811.249,/benchmark/inference_ms,25.795769
1779463811.297,/benchmark/inference_ms,26.002195
1779463811.346,/benchmark/inference_ms,26.102768
1779463811.393,/benchmark/inference_ms,26.037266
1779463811.440,/benchmark/inference_ms,25.939573
1779463811.487,/benchmark/inference_ms,25.830906
1779463811.535,/benchmark/inference_ms,26.182060
1779463811.583,/benchmark/inference_ms,26.205803
1779463811.631,/benchmark/inference_ms,25.954964
1779463811.678,/benchmark/inference_ms,26.250475
1779463811.728,/benchmark/inference_ms,26.736568
1779463811.774,/benchmark/inference_ms,25.796154
1779463811.821,/benchmark/inference_ms,25.951893
1779463811.869,/benchmark/inference_ms,26.383717
1779463811.916,/benchmark/inference_ms,26.190443
1779463811.964,/benchmark/inference_ms,26.369926
1779463812.013,/benchmark/inference_ms,27.231367
1779463812.061,/benchmark/inference_ms,26.130638
1779463812.110,/benchmark/inference_ms,26.359558
1779463812.157,/benchmark/inference_ms,26.057650
1779463812.207,/benchmark/inference_ms,25.848633
1779463812.252,/benchmark/inference_ms,26.134447
1779463812.299,/benchmark/inference_ms,25.671583
1779463812.347,/benchmark/inference_ms,25.886488
1779463812.395,/benchmark/inference_ms,25.741854
1779463812.442,/benchmark/inference_ms,25.755133
1779463812.490,/benchmark/inference_ms,25.687582
1779463812.539,/benchmark/inference_ms,26.652798
1779463812.587,/benchmark/inference_ms,25.770300
1779463812.634,/benchmark/inference_ms,25.513573
1779463812.683,/benchmark/inference_ms,26.386213
1779463812.730,/benchmark/inference_ms,26.248587
1779463812.778,/benchmark/inference_ms,25.452070
1779463812.824,/benchmark/inference_ms,25.773115
1779463812.871,/benchmark/inference_ms,25.782875
1779463812.919,/benchmark/inference_ms,25.811098
1779463812.966,/benchmark/inference_ms,25.863033
1779463813.014,/benchmark/inference_ms,25.894520
1779463813.061,/benchmark/inference_ms,26.108561
1779463813.110,/benchmark/inference_ms,26.685629
1779463813.157,/benchmark/inference_ms,25.360971
1779463813.204,/benchmark/inference_ms,25.696127
1779463813.253,/benchmark/inference_ms,26.924788
1779463813.305,/benchmark/inference_ms,26.780825
1779463813.352,/benchmark/inference_ms,26.721979
1779463813.400,/benchmark/inference_ms,25.535236
1779463813.451,/benchmark/inference_ms,25.326572
1779463813.494,/benchmark/inference_ms,25.532804
1779463813.542,/benchmark/inference_ms,25.676928
1779463813.590,/benchmark/inference_ms,25.209583
1779463813.637,/benchmark/inference_ms,25.296782
1779463813.686,/benchmark/inference_ms,25.152658
1779463813.733,/benchmark/inference_ms,25.323341
1779463813.779,/benchmark/inference_ms,25.702208
1779463813.827,/benchmark/inference_ms,25.775965
1779463813.875,/benchmark/inference_ms,26.027443
1779463813.923,/benchmark/inference_ms,25.844442
1779463813.970,/benchmark/inference_ms,25.792475
1779463814.016,/benchmark/inference_ms,25.938967
1779463814.065,/benchmark/inference_ms,26.174511
1779463814.112,/benchmark/inference_ms,26.046995
1779463814.158,/benchmark/inference_ms,26.045332
1779463814.205,/benchmark/inference_ms,26.049397
1779463814.251,/benchmark/inference_ms,26.022036
1779463814.298,/benchmark/inference_ms,25.818876
1779463814.344,/benchmark/inference_ms,25.996885
1779463814.392,/benchmark/inference_ms,26.101074
1779463814.439,/benchmark/inference_ms,26.020277
1779463814.487,/benchmark/inference_ms,25.707422
1779463814.533,/benchmark/inference_ms,25.715424
1779463814.581,/benchmark/inference_ms,25.492840
1779463814.629,/benchmark/inference_ms,25.866138
1779463814.676,/benchmark/inference_ms,25.455145
1779463814.724,/benchmark/inference_ms,25.867193
1779463814.770,/benchmark/inference_ms,25.505575
1779463814.819,/benchmark/inference_ms,25.298414
1779463814.868,/benchmark/inference_ms,26.493923
1779463814.917,/benchmark/inference_ms,26.784954
1779463814.963,/benchmark/inference_ms,26.417383
1779463815.011,/benchmark/inference_ms,25.736607
1779463815.058,/benchmark/inference_ms,25.463369
1779463815.107,/benchmark/inference_ms,27.403687
1779463815.155,/benchmark/inference_ms,27.011923
1779463815.203,/benchmark/inference_ms,26.812057
1779463815.249,/benchmark/inference_ms,26.002966
1779463815.296,/benchmark/inference_ms,25.762112
1779463815.343,/benchmark/inference_ms,26.139984
1779463815.391,/benchmark/inference_ms,26.801563
1779463815.440,/benchmark/inference_ms,26.612322
1779463815.490,/benchmark/inference_ms,26.863832
1779463815.536,/benchmark/inference_ms,25.081751
1779463815.583,/benchmark/inference_ms,25.007000
1779463815.630,/benchmark/inference_ms,25.186771
1779463815.677,/benchmark/inference_ms,25.470951
1779463815.725,/benchmark/inference_ms,26.224239
1779463815.772,/benchmark/inference_ms,25.747711
1779463815.819,/benchmark/inference_ms,25.538118
1779463815.867,/benchmark/inference_ms,26.066229
1779463815.913,/benchmark/inference_ms,25.688002
1779463815.961,/benchmark/inference_ms,26.075476
1779463816.006,/benchmark/inference_ms,25.459753
1779463816.056,/benchmark/inference_ms,26.018518
1779463816.102,/benchmark/inference_ms,25.909594
1779463816.149,/benchmark/inference_ms,25.798845
1779463816.198,/benchmark/inference_ms,25.594151
1779463816.242,/benchmark/inference_ms,25.574598
1779463816.288,/benchmark/inference_ms,25.754623
1779463816.336,/benchmark/inference_ms,25.854750
1779463816.383,/benchmark/inference_ms,25.742817
1779463816.432,/benchmark/inference_ms,26.710110
1779463816.479,/benchmark/inference_ms,26.448807
1779463816.527,/benchmark/inference_ms,25.530024
1779463816.575,/benchmark/inference_ms,25.880381
1779463816.624,/benchmark/inference_ms,26.568388
1779463816.671,/benchmark/inference_ms,25.965368
1779463816.720,/benchmark/inference_ms,26.795963
1779463816.768,/benchmark/inference_ms,25.838238
1779463816.815,/benchmark/inference_ms,25.927834
1779463816.863,/benchmark/inference_ms,26.019320
1779463816.911,/benchmark/inference_ms,26.026999
1779463816.957,/benchmark/inference_ms,25.018139
1779463817.003,/benchmark/inference_ms,25.071512
1779463817.049,/benchmark/inference_ms,24.952988
1779463817.095,/benchmark/inference_ms,24.844160
1779463817.142,/benchmark/inference_ms,24.624071
1779463817.189,/benchmark/inference_ms,26.170994
1779463817.257,/benchmark/inference_ms,24.944798
1779463817.303,/benchmark/inference_ms,24.601130
1779463817.349,/benchmark/inference_ms,24.775364
1779463817.395,/benchmark/inference_ms,25.062233
1779463817.442,/benchmark/inference_ms,25.280018
1779463817.490,/benchmark/inference_ms,25.191957
1779463817.536,/benchmark/inference_ms,25.031641
1779463817.581,/benchmark/inference_ms,24.977404
1779463817.628,/benchmark/inference_ms,25.441387
1779463817.674,/benchmark/inference_ms,25.407534
1779463817.722,/benchmark/inference_ms,25.357134
1779463817.767,/benchmark/inference_ms,24.844961
1779463817.814,/benchmark/inference_ms,25.000027
1779463817.860,/benchmark/inference_ms,25.332945
1779463817.907,/benchmark/inference_ms,24.962139
1779463817.953,/benchmark/inference_ms,24.810913
1779463817.999,/benchmark/inference_ms,25.111446
1779463818.045,/benchmark/inference_ms,25.181782
1779463818.092,/benchmark/inference_ms,25.719044
1779463818.139,/benchmark/inference_ms,25.685093
1779463818.188,/benchmark/inference_ms,25.307730
1779463818.235,/benchmark/inference_ms,25.534634
1779463818.283,/benchmark/inference_ms,25.860254
1779463818.330,/benchmark/inference_ms,25.760641
1779463818.377,/benchmark/inference_ms,25.709124
1779463818.426,/benchmark/inference_ms,25.770243
1779463818.477,/benchmark/inference_ms,25.944059
1779463818.521,/benchmark/inference_ms,26.464905
1779463818.570,/benchmark/inference_ms,26.220753
1779463818.617,/benchmark/inference_ms,26.610851
1779463818.665,/benchmark/inference_ms,26.294991
1779463818.715,/benchmark/inference_ms,26.396938
1779463818.758,/benchmark/inference_ms,25.778625
1779463818.805,/benchmark/inference_ms,25.880318
1779463818.851,/benchmark/inference_ms,25.899452
1779463818.897,/benchmark/inference_ms,25.757826
1779463818.947,/benchmark/inference_ms,25.914429
1779463818.994,/benchmark/inference_ms,26.031351
1779463819.040,/benchmark/inference_ms,26.195505
1779463819.089,/benchmark/inference_ms,27.367243
1779463819.138,/benchmark/inference_ms,25.602407
1779463819.186,/benchmark/inference_ms,25.558441
1779463819.233,/benchmark/inference_ms,25.551977
1779463819.279,/benchmark/inference_ms,25.126137
1779463819.327,/benchmark/inference_ms,25.065050
1779463819.374,/benchmark/inference_ms,25.044252
1779463819.421,/benchmark/inference_ms,25.180439
1779463819.467,/benchmark/inference_ms,25.123257
1779463819.515,/benchmark/inference_ms,25.877277
1779463819.562,/benchmark/inference_ms,25.625286
1779463819.610,/benchmark/inference_ms,25.767681
1779463819.657,/benchmark/inference_ms,25.717669
1779463819.704,/benchmark/inference_ms,25.901661
1779463819.752,/benchmark/inference_ms,26.405771
1779463819.800,/benchmark/inference_ms,25.978491
1779463819.846,/benchmark/inference_ms,26.150229
1779463819.894,/benchmark/inference_ms,26.017593
1779463819.943,/benchmark/inference_ms,25.772930
1779463819.990,/benchmark/inference_ms,25.415342
1779463820.038,/benchmark/inference_ms,25.578312
1779463820.085,/benchmark/inference_ms,25.951740
1779463820.132,/benchmark/inference_ms,26.112535
1779463820.180,/benchmark/inference_ms,26.277714
1779463820.228,/benchmark/inference_ms,26.654852
1779463820.275,/benchmark/inference_ms,26.217426
1779463820.323,/benchmark/inference_ms,26.170965
1779463820.372,/benchmark/inference_ms,26.057945
1779463820.420,/benchmark/inference_ms,25.820353
1779463820.467,/benchmark/inference_ms,25.851295
1779463820.515,/benchmark/inference_ms,25.564812
1779463820.562,/benchmark/inference_ms,25.432751
1779463820.609,/benchmark/inference_ms,25.330385
1779463820.659,/benchmark/inference_ms,26.471273
1779463820.706,/benchmark/inference_ms,26.660707
1779463820.753,/benchmark/inference_ms,26.048506
1779463820.805,/benchmark/inference_ms,26.314384
1779463820.851,/benchmark/inference_ms,26.546057
1779463820.898,/benchmark/inference_ms,26.362478
1779463820.945,/benchmark/inference_ms,26.210163
1779463820.993,/benchmark/inference_ms,26.007580
1779463821.040,/benchmark/inference_ms,25.829473
1779463821.086,/benchmark/inference_ms,25.753094
1779463821.134,/benchmark/inference_ms,25.704294
1779463821.181,/benchmark/inference_ms,25.470766
1779463821.229,/benchmark/inference_ms,25.742149
1779463821.276,/benchmark/inference_ms,25.203512
1779463821.323,/benchmark/inference_ms,25.134298
1779463821.370,/benchmark/inference_ms,25.310900
1779463821.416,/benchmark/inference_ms,24.965216
1779463821.463,/benchmark/inference_ms,25.271572
1779463821.511,/benchmark/inference_ms,25.143290
1779463821.558,/benchmark/inference_ms,25.330227
1779463821.606,/benchmark/inference_ms,26.013723
1779463821.653,/benchmark/inference_ms,25.973694
1779463821.703,/benchmark/inference_ms,26.071098
1779463821.749,/benchmark/inference_ms,26.279762
1779463821.796,/benchmark/inference_ms,26.002140
1779463821.844,/benchmark/inference_ms,26.021147
1779463821.891,/benchmark/inference_ms,26.069338
1779463821.938,/benchmark/inference_ms,25.622185
1779463821.984,/benchmark/inference_ms,25.790436
1779463822.031,/benchmark/inference_ms,25.839682
1779463822.079,/benchmark/inference_ms,26.236565
1779463822.127,/benchmark/inference_ms,25.901377
1779463822.175,/benchmark/inference_ms,25.610186
1779463822.222,/benchmark/inference_ms,25.538317
1779463822.270,/benchmark/inference_ms,25.351187
1779463822.317,/benchmark/inference_ms,25.521133
1779463822.365,/benchmark/inference_ms,26.002012
1779463822.413,/benchmark/inference_ms,26.208309
1779463822.463,/benchmark/inference_ms,27.736929
1779463822.508,/benchmark/inference_ms,25.197689
1779463822.556,/benchmark/inference_ms,24.634508
1779463822.601,/benchmark/inference_ms,24.516369
1779463822.645,/benchmark/inference_ms,24.261848
1779463822.691,/benchmark/inference_ms,24.593357
1779463822.737,/benchmark/inference_ms,25.323349
1779463822.783,/benchmark/inference_ms,24.904036
1779463822.829,/benchmark/inference_ms,24.828966
1779463822.875,/benchmark/inference_ms,25.005310
1779463822.922,/benchmark/inference_ms,25.006783
1779463822.967,/benchmark/inference_ms,25.327379
1779463823.013,/benchmark/inference_ms,25.126492
1779463823.059,/benchmark/inference_ms,24.898211
1779463823.106,/benchmark/inference_ms,25.145050
1779463823.154,/benchmark/inference_ms,25.334579
1779463823.201,/benchmark/inference_ms,25.224890
1779463823.245,/benchmark/inference_ms,25.017857
1779463823.291,/benchmark/inference_ms,25.729223
1779463823.339,/benchmark/inference_ms,26.685446
1779463823.386,/benchmark/inference_ms,25.174490
1779463823.434,/benchmark/inference_ms,26.258677
1779463823.480,/benchmark/inference_ms,26.355507
1779463823.528,/benchmark/inference_ms,26.640743
1779463823.576,/benchmark/inference_ms,26.373713
1779463823.625,/benchmark/inference_ms,28.371405
1779463823.671,/benchmark/inference_ms,25.959904
1779463823.717,/benchmark/inference_ms,25.152699
1779463823.764,/benchmark/inference_ms,24.729801
1779463823.810,/benchmark/inference_ms,25.194841
1779463823.855,/benchmark/inference_ms,25.469072
1779463823.902,/benchmark/inference_ms,25.080030
1779463823.951,/benchmark/inference_ms,24.799047
1779463823.994,/benchmark/inference_ms,24.753736
1779463824.039,/benchmark/inference_ms,25.237082
1779463824.085,/benchmark/inference_ms,25.351028
1779463824.131,/benchmark/inference_ms,24.820007
1779463824.177,/benchmark/inference_ms,24.801641
1779463824.226,/benchmark/inference_ms,27.947931
1779463824.274,/benchmark/inference_ms,26.437073
1779463824.322,/benchmark/inference_ms,25.480818
1779463824.368,/benchmark/inference_ms,24.833544
1779463824.414,/benchmark/inference_ms,25.146908
1779463824.459,/benchmark/inference_ms,25.097342
1779463824.505,/benchmark/inference_ms,24.730379
1779463824.551,/benchmark/inference_ms,25.097469
1779463824.600,/benchmark/inference_ms,26.163864
1779463824.647,/benchmark/inference_ms,26.381393
1779463824.693,/benchmark/inference_ms,25.759144
1779463824.742,/benchmark/inference_ms,25.362804
1779463824.786,/benchmark/inference_ms,24.971235
1779463824.831,/benchmark/inference_ms,24.600880
1779463824.877,/benchmark/inference_ms,24.581488
1779463824.923,/benchmark/inference_ms,24.714636
1779463824.969,/benchmark/inference_ms,25.064222
1779463825.014,/benchmark/inference_ms,25.063423
1779463825.061,/benchmark/inference_ms,26.021181
1779463825.109,/benchmark/inference_ms,26.079262
1779463825.156,/benchmark/inference_ms,26.017311
1779463825.205,/benchmark/inference_ms,25.842756
1779463825.250,/benchmark/inference_ms,25.447796
1779463825.296,/benchmark/inference_ms,25.399988
1779463825.344,/benchmark/inference_ms,25.430611
1779463825.392,/benchmark/inference_ms,25.313368
1779463825.438,/benchmark/inference_ms,25.155518
1779463825.487,/benchmark/inference_ms,25.113758
1779463825.534,/benchmark/inference_ms,25.003298
1779463825.581,/benchmark/inference_ms,25.287256
1779463825.628,/benchmark/inference_ms,25.566927
1779463825.675,/benchmark/inference_ms,25.852453
1779463825.722,/benchmark/inference_ms,25.660076
1779463825.769,/benchmark/inference_ms,25.844454
1779463825.815,/benchmark/inference_ms,25.692427
1779463825.862,/benchmark/inference_ms,25.984768
1779463825.908,/benchmark/inference_ms,25.682411
1779463825.956,/benchmark/inference_ms,25.858820
1779463826.002,/benchmark/inference_ms,25.817095
1779463826.049,/benchmark/inference_ms,25.765896
1779463826.097,/benchmark/inference_ms,25.425301
1779463826.144,/benchmark/inference_ms,25.655340
1779463826.192,/benchmark/inference_ms,25.419668
1779463826.238,/benchmark/inference_ms,25.273914
1779463826.285,/benchmark/inference_ms,25.070210
1779463826.334,/benchmark/inference_ms,26.119101
1779463826.383,/benchmark/inference_ms,27.722630
1779463826.433,/benchmark/inference_ms,26.825603
1779463826.481,/benchmark/inference_ms,26.941856
1779463826.532,/benchmark/inference_ms,26.449873
1779463826.579,/benchmark/inference_ms,26.553934
1779463826.627,/benchmark/inference_ms,26.949152
1779463826.676,/benchmark/inference_ms,26.643658
1779463826.726,/benchmark/inference_ms,27.842690
1779463826.777,/benchmark/inference_ms,26.984287
1779463826.823,/benchmark/inference_ms,26.823652
1779463826.871,/benchmark/inference_ms,26.556366
1779463826.917,/benchmark/inference_ms,25.410677
1779463826.965,/benchmark/inference_ms,25.282330
1779463827.010,/benchmark/inference_ms,25.005346
1779463827.056,/benchmark/inference_ms,24.777323
1779463827.103,/benchmark/inference_ms,25.070242
1779463827.149,/benchmark/inference_ms,25.380663
1779463827.194,/benchmark/inference_ms,24.912743
1779463827.242,/benchmark/inference_ms,25.687820
1779463827.286,/benchmark/inference_ms,24.534002
1779463827.332,/benchmark/inference_ms,24.461079
1779463827.378,/benchmark/inference_ms,24.954821
1779463827.424,/benchmark/inference_ms,24.956261
1779463827.470,/benchmark/inference_ms,24.434551
1779463827.516,/benchmark/inference_ms,24.832106
1779463827.561,/benchmark/inference_ms,25.131104
1779463827.608,/benchmark/inference_ms,24.743885
1779463827.654,/benchmark/inference_ms,24.585011
1779463827.699,/benchmark/inference_ms,24.715086
1779463827.743,/benchmark/inference_ms,24.752460
1779463827.789,/benchmark/inference_ms,24.806505
1779463827.835,/benchmark/inference_ms,24.562132
1779463827.880,/benchmark/inference_ms,24.611315
1779463827.925,/benchmark/inference_ms,24.663055
1779463827.970,/benchmark/inference_ms,24.407417
1779463828.015,/benchmark/inference_ms,24.416504
1779463828.060,/benchmark/inference_ms,24.236767
1779463828.106,/benchmark/inference_ms,24.350971
1779463828.150,/benchmark/inference_ms,24.035301
1779463828.196,/benchmark/inference_ms,24.500118
1779463828.241,/benchmark/inference_ms,24.301340
1779463828.287,/benchmark/inference_ms,24.880392
1779463828.333,/benchmark/inference_ms,25.791754
1779463828.380,/benchmark/inference_ms,25.922180
1779463828.424,/benchmark/inference_ms,24.448088
1779463828.470,/benchmark/inference_ms,24.189154
1779463828.516,/benchmark/inference_ms,24.675280
1779463828.562,/benchmark/inference_ms,24.801003
1779463828.608,/benchmark/inference_ms,24.715982
1779463828.654,/benchmark/inference_ms,25.333305
1779463828.704,/benchmark/inference_ms,25.299259
1779463828.746,/benchmark/inference_ms,24.874058
1779463828.792,/benchmark/inference_ms,24.861834
1779463828.839,/benchmark/inference_ms,24.857128
1779463828.886,/benchmark/inference_ms,25.810665
1779463828.934,/benchmark/inference_ms,26.064159
1779463828.981,/benchmark/inference_ms,25.775114
1779463829.029,/benchmark/inference_ms,26.512562
1779463829.078,/benchmark/inference_ms,26.661100
1779463829.126,/benchmark/inference_ms,26.502481
1779463829.174,/benchmark/inference_ms,26.100321
1779463829.221,/benchmark/inference_ms,27.034817
1779463829.269,/benchmark/inference_ms,26.507315
1779463829.315,/benchmark/inference_ms,25.243900
1779463829.362,/benchmark/inference_ms,24.893610
1779463829.407,/benchmark/inference_ms,24.989447
1779463829.453,/benchmark/inference_ms,24.529270
1779463829.499,/benchmark/inference_ms,24.931208
1779463829.546,/benchmark/inference_ms,25.405785
1779463829.592,/benchmark/inference_ms,25.486645
1779463829.639,/benchmark/inference_ms,24.973030
1779463829.684,/benchmark/inference_ms,24.871626
1779463829.731,/benchmark/inference_ms,24.951271
1779463829.777,/benchmark/inference_ms,25.545332
1779463829.823,/benchmark/inference_ms,25.111362
1779463829.872,/benchmark/inference_ms,26.942562
1779463829.919,/benchmark/inference_ms,25.778540
1779463829.966,/benchmark/inference_ms,25.545683
1779463830.013,/benchmark/inference_ms,24.986439
1779463830.058,/benchmark/inference_ms,24.360636
1779463830.104,/benchmark/inference_ms,24.699697
1779463830.150,/benchmark/inference_ms,24.481337
1779463830.196,/benchmark/inference_ms,24.577396
1779463830.244,/benchmark/inference_ms,24.675955
1779463830.287,/benchmark/inference_ms,24.620373
1779463830.333,/benchmark/inference_ms,24.839884
1779463830.378,/benchmark/inference_ms,24.621012
1779463830.425,/benchmark/inference_ms,25.962757
1779463830.472,/benchmark/inference_ms,25.452343
1779463830.519,/benchmark/inference_ms,24.369852
1779463830.563,/benchmark/inference_ms,24.358715
1779463830.610,/benchmark/inference_ms,24.495607
1779463830.657,/benchmark/inference_ms,26.137119
1779463830.704,/benchmark/inference_ms,25.961765
1779463830.755,/benchmark/inference_ms,25.967493
1779463830.798,/benchmark/inference_ms,25.640305
1779463830.845,/benchmark/inference_ms,25.683502
1779463830.892,/benchmark/inference_ms,25.500853
1779463830.939,/benchmark/inference_ms,25.570547
1779463830.988,/benchmark/inference_ms,25.834442
1779463831.032,/benchmark/inference_ms,25.928776
1779463831.080,/benchmark/inference_ms,25.790796
1779463831.126,/benchmark/inference_ms,24.811949
1779463831.174,/benchmark/inference_ms,25.650354
1779463831.221,/benchmark/inference_ms,25.877417
1779463831.268,/benchmark/inference_ms,26.508629
1779463831.316,/benchmark/inference_ms,25.643187
1779463831.362,/benchmark/inference_ms,25.325949
1779463831.409,/benchmark/inference_ms,25.256926
1779463831.454,/benchmark/inference_ms,25.115044
1779463831.500,/benchmark/inference_ms,24.149860
1779463831.546,/benchmark/inference_ms,24.321024
1779463831.593,/benchmark/inference_ms,24.690578
1779463831.638,/benchmark/inference_ms,24.838476
1779463831.684,/benchmark/inference_ms,24.838381
1779463831.729,/benchmark/inference_ms,24.778606
1779463831.776,/benchmark/inference_ms,24.967209
1779463831.822,/benchmark/inference_ms,24.318047
1779463831.868,/benchmark/inference_ms,24.647026
1779463831.913,/benchmark/inference_ms,24.711699
1779463831.960,/benchmark/inference_ms,25.105476
1779463832.006,/benchmark/inference_ms,25.494072
1779463832.052,/benchmark/inference_ms,24.607349
1779463832.098,/benchmark/inference_ms,24.918892
1779463832.145,/benchmark/inference_ms,24.990440
1779463832.190,/benchmark/inference_ms,24.609781
1779463832.235,/benchmark/inference_ms,24.883308
1779463832.282,/benchmark/inference_ms,25.125605
1779463832.327,/benchmark/inference_ms,24.981194
1779463832.373,/benchmark/inference_ms,24.686291
1779463832.418,/benchmark/inference_ms,24.474586
1779463832.465,/benchmark/inference_ms,25.428570
1779463832.511,/benchmark/inference_ms,24.880781
1779463832.556,/benchmark/inference_ms,24.787439
1779463832.601,/benchmark/inference_ms,24.364895
1779463832.647,/benchmark/inference_ms,25.014952
1779463832.693,/benchmark/inference_ms,25.203554
1779463832.742,/benchmark/inference_ms,25.208385
1779463832.786,/benchmark/inference_ms,24.670259
1779463832.831,/benchmark/inference_ms,24.307072
1779463832.878,/benchmark/inference_ms,25.143011
1779463832.923,/benchmark/inference_ms,24.912075
1779463832.969,/benchmark/inference_ms,24.973866
1779463833.018,/benchmark/inference_ms,24.983465
1779463833.064,/benchmark/inference_ms,25.126884
1779463833.110,/benchmark/inference_ms,25.050505
1779463833.156,/benchmark/inference_ms,24.744434
1779463833.202,/benchmark/inference_ms,24.412445
1779463833.248,/benchmark/inference_ms,25.103781
1779463833.294,/benchmark/inference_ms,25.091366
1779463833.340,/benchmark/inference_ms,25.007498
1779463833.386,/benchmark/inference_ms,24.770864
1779463833.432,/benchmark/inference_ms,24.386335
1779463833.478,/benchmark/inference_ms,25.371868
1779463833.524,/benchmark/inference_ms,25.456537
1779463833.570,/benchmark/inference_ms,24.787279
1779463833.617,/benchmark/inference_ms,25.070406
1779463833.663,/benchmark/inference_ms,25.035944
1779463833.712,/benchmark/inference_ms,25.594645
1779463833.756,/benchmark/inference_ms,25.328766
1779463833.802,/benchmark/inference_ms,24.904043
1779463833.848,/benchmark/inference_ms,24.719187
1779463833.895,/benchmark/inference_ms,25.370300
1779463833.941,/benchmark/inference_ms,25.230497
1779463833.989,/benchmark/inference_ms,24.670933
1779463834.033,/benchmark/inference_ms,24.844078
1779463834.080,/benchmark/inference_ms,25.269505
1779463834.128,/benchmark/inference_ms,26.313053
1779463834.173,/benchmark/inference_ms,25.939178
1779463834.221,/benchmark/inference_ms,26.073414
1779463834.270,/benchmark/inference_ms,26.136003
1779463834.317,/benchmark/inference_ms,26.083492
1779463834.364,/benchmark/inference_ms,25.801197
1779463834.412,/benchmark/inference_ms,25.749777
1779463834.460,/benchmark/inference_ms,25.950666
1779463834.508,/benchmark/inference_ms,25.755152
1779463834.556,/benchmark/inference_ms,25.715857
1779463834.604,/benchmark/inference_ms,25.680626
1779463834.652,/benchmark/inference_ms,25.686291
1779463834.699,/benchmark/inference_ms,25.687250
1779463834.745,/benchmark/inference_ms,25.222818
1779463834.792,/benchmark/inference_ms,25.005289
1779463834.838,/benchmark/inference_ms,24.873230
1779463834.887,/benchmark/inference_ms,26.560661
1779463834.935,/benchmark/inference_ms,26.387066
1779463834.981,/benchmark/inference_ms,24.924141
1779463835.026,/benchmark/inference_ms,24.234148
1779463835.073,/benchmark/inference_ms,24.669237
1779463835.119,/benchmark/inference_ms,24.472893
1779463835.164,/benchmark/inference_ms,24.651863
1779463835.212,/benchmark/inference_ms,24.975948
1779463835.255,/benchmark/inference_ms,24.750484
1779463835.302,/benchmark/inference_ms,24.419519
1779463835.348,/benchmark/inference_ms,24.312355
1779463835.393,/benchmark/inference_ms,24.736851
1779463835.439,/benchmark/inference_ms,25.016396
1779463835.487,/benchmark/inference_ms,25.067944
1779463835.531,/benchmark/inference_ms,24.921646
1779463835.577,/benchmark/inference_ms,24.744341
1779463835.623,/benchmark/inference_ms,24.431902
1779463835.669,/benchmark/inference_ms,24.410110
1779463835.716,/benchmark/inference_ms,26.247904
1779463835.764,/benchmark/inference_ms,26.452986
1779463835.812,/benchmark/inference_ms,26.154787
1779463835.859,/benchmark/inference_ms,25.991529
1779463835.904,/benchmark/inference_ms,24.503387
1779463835.952,/benchmark/inference_ms,24.337250
1779463835.995,/benchmark/inference_ms,24.440062
1779463836.043,/benchmark/inference_ms,25.930187
1779463836.091,/benchmark/inference_ms,26.392475
1779463836.138,/benchmark/inference_ms,26.413147
1779463836.185,/benchmark/inference_ms,25.199078
1779463836.231,/benchmark/inference_ms,24.887089
1779463836.277,/benchmark/inference_ms,25.510681
1779463836.325,/benchmark/inference_ms,25.252483
1779463836.373,/benchmark/inference_ms,26.074759
1779463836.425,/benchmark/inference_ms,29.473682
1779463836.477,/benchmark/inference_ms,26.260736
1779463836.524,/benchmark/inference_ms,26.374590
1779463836.571,/benchmark/inference_ms,26.124708
1779463836.624,/benchmark/inference_ms,25.908237
1779463836.670,/benchmark/inference_ms,25.874094
1779463836.717,/benchmark/inference_ms,25.930029
1779463836.765,/benchmark/inference_ms,26.130533
1779463836.814,/benchmark/inference_ms,25.585848
1779463836.860,/benchmark/inference_ms,25.472284
1779463836.907,/benchmark/inference_ms,25.827536
1779463836.954,/benchmark/inference_ms,25.655127
1779463837.001,/benchmark/inference_ms,25.785681
1779463837.049,/benchmark/inference_ms,25.874735
1779463837.096,/benchmark/inference_ms,26.019018
1779463837.146,/benchmark/inference_ms,26.240034
1779463837.194,/benchmark/inference_ms,26.345310
1779463837.241,/benchmark/inference_ms,25.750162
1779463837.294,/benchmark/inference_ms,27.805004
1779463837.339,/benchmark/inference_ms,26.655027
1779463837.388,/benchmark/inference_ms,26.326942
1779463837.437,/benchmark/inference_ms,26.579479
1779463837.488,/benchmark/inference_ms,27.025383
1779463837.534,/benchmark/inference_ms,26.785583
1779463837.583,/benchmark/inference_ms,27.105444
1779463837.631,/benchmark/inference_ms,27.254175
1779463837.680,/benchmark/inference_ms,27.287680
1779463837.728,/benchmark/inference_ms,27.230017
1779463837.776,/benchmark/inference_ms,26.321440
1779463837.824,/benchmark/inference_ms,26.106533
1779463837.871,/benchmark/inference_ms,26.002060
1779463837.919,/benchmark/inference_ms,25.886639
1779463837.967,/benchmark/inference_ms,26.345631
1779463838.013,/benchmark/inference_ms,25.894318
1779463838.060,/benchmark/inference_ms,25.837233
1779463838.107,/benchmark/inference_ms,25.823315
1779463838.154,/benchmark/inference_ms,25.417088
1779463838.204,/benchmark/inference_ms,24.695480
1779463838.247,/benchmark/inference_ms,24.975662
1779463838.293,/benchmark/inference_ms,25.237989
1779463838.339,/benchmark/inference_ms,24.864115
1779463838.386,/benchmark/inference_ms,25.010700
1779463838.432,/benchmark/inference_ms,24.942511
1779463838.478,/benchmark/inference_ms,25.164936
1779463838.525,/benchmark/inference_ms,25.723125
1779463838.572,/benchmark/inference_ms,25.204775
1779463838.618,/benchmark/inference_ms,24.884209
1779463838.664,/benchmark/inference_ms,24.918608
1779463838.712,/benchmark/inference_ms,25.005388
1779463838.757,/benchmark/inference_ms,25.250469
1779463838.804,/benchmark/inference_ms,25.134314
1779463838.850,/benchmark/inference_ms,24.879728
1779463838.897,/benchmark/inference_ms,24.606268
1779463838.943,/benchmark/inference_ms,25.377024
1779463838.990,/benchmark/inference_ms,25.404415
1779463839.036,/benchmark/inference_ms,24.912752
1779463839.083,/benchmark/inference_ms,25.289539
1779463839.128,/benchmark/inference_ms,24.611197
1779463839.175,/benchmark/inference_ms,25.531612
1779463839.224,/benchmark/inference_ms,26.814898
1779463839.270,/benchmark/inference_ms,25.479486
1779463839.316,/benchmark/inference_ms,25.771923
1779463839.365,/benchmark/inference_ms,25.438047
1779463839.411,/benchmark/inference_ms,25.488317
1779463839.459,/benchmark/inference_ms,25.851345
1779463839.508,/benchmark/inference_ms,25.415970
1779463839.556,/benchmark/inference_ms,25.431200
1779463839.604,/benchmark/inference_ms,25.490206
1779463839.651,/benchmark/inference_ms,25.111177
1779463839.699,/benchmark/inference_ms,25.270981
1779463839.746,/benchmark/inference_ms,25.563963
1779463839.793,/benchmark/inference_ms,25.515261
1779463839.841,/benchmark/inference_ms,25.282980
1779463839.889,/benchmark/inference_ms,25.428896
1779463839.936,/benchmark/inference_ms,25.430304
1779463839.983,/benchmark/inference_ms,25.356033
1779463840.031,/benchmark/inference_ms,25.302309
1779463840.079,/benchmark/inference_ms,26.080332
1779463840.127,/benchmark/inference_ms,25.492542
1779463840.175,/benchmark/inference_ms,25.792374
1779463840.223,/benchmark/inference_ms,26.269669
1779463840.271,/benchmark/inference_ms,26.269283
1779463840.318,/benchmark/inference_ms,26.350979
1779463840.365,/benchmark/inference_ms,26.137672
1779463840.413,/benchmark/inference_ms,26.204903
1779463840.464,/benchmark/inference_ms,26.248325
1779463840.509,/benchmark/inference_ms,26.098026
1779463840.556,/benchmark/inference_ms,25.829330
1779463840.605,/benchmark/inference_ms,25.809778
1779463840.653,/benchmark/inference_ms,25.537693
1779463840.702,/benchmark/inference_ms,26.076811
1779463840.747,/benchmark/inference_ms,25.773172
1779463840.794,/benchmark/inference_ms,26.005581
1779463840.842,/benchmark/inference_ms,26.041483
1779463840.890,/benchmark/inference_ms,25.580988
1779463840.936,/benchmark/inference_ms,25.551836
1779463840.983,/benchmark/inference_ms,24.896435
1779463841.030,/benchmark/inference_ms,24.508160
1779463841.078,/benchmark/inference_ms,25.629595
1779463841.125,/benchmark/inference_ms,25.710457
1779463841.173,/benchmark/inference_ms,25.363235
1779463841.220,/benchmark/inference_ms,26.080109
1779463841.267,/benchmark/inference_ms,25.657082
1779463841.314,/benchmark/inference_ms,25.565821
1779463841.361,/benchmark/inference_ms,25.743927
1779463841.408,/benchmark/inference_ms,25.912624
1779463841.454,/benchmark/inference_ms,25.545374
1779463841.501,/benchmark/inference_ms,25.851700
1779463841.547,/benchmark/inference_ms,25.564606
1779463841.594,/benchmark/inference_ms,25.684505
1779463841.641,/benchmark/inference_ms,25.440449
1779463841.686,/benchmark/inference_ms,24.044399
1779463841.732,/benchmark/inference_ms,24.474594
1779463841.777,/benchmark/inference_ms,24.252426
1779463841.823,/benchmark/inference_ms,24.396133
1779463841.870,/benchmark/inference_ms,24.576799
1779463841.916,/benchmark/inference_ms,24.894484
1779463841.961,/benchmark/inference_ms,24.889685
1779463842.009,/benchmark/inference_ms,25.847923
1779463842.055,/benchmark/inference_ms,24.385830
1779463842.101,/benchmark/inference_ms,25.585468
1779463842.147,/benchmark/inference_ms,25.195978
1779463842.194,/benchmark/inference_ms,25.161804
1779463842.241,/benchmark/inference_ms,24.551264
1779463842.286,/benchmark/inference_ms,24.535488
1779463842.332,/benchmark/inference_ms,24.780697
1779463842.378,/benchmark/inference_ms,24.999537
1779463842.425,/benchmark/inference_ms,25.322662
1779463842.476,/benchmark/inference_ms,27.295300
1779463842.521,/benchmark/inference_ms,25.101519
1779463842.567,/benchmark/inference_ms,25.239784
1779463842.614,/benchmark/inference_ms,25.216715
1779463842.660,/benchmark/inference_ms,24.843542
1779463842.706,/benchmark/inference_ms,25.186922
1779463842.753,/benchmark/inference_ms,24.911411
1779463842.798,/benchmark/inference_ms,25.225801
1779463842.845,/benchmark/inference_ms,24.754042
1779463842.891,/benchmark/inference_ms,24.872213
1779463842.936,/benchmark/inference_ms,25.267143
1779463842.983,/benchmark/inference_ms,25.047312
1779463843.030,/benchmark/inference_ms,24.933298
1779463843.076,/benchmark/inference_ms,24.890614
1779463843.123,/benchmark/inference_ms,25.232265
1779463843.170,/benchmark/inference_ms,25.330151
1779463843.216,/benchmark/inference_ms,25.236746
1779463843.263,/benchmark/inference_ms,25.128590
1779463843.309,/benchmark/inference_ms,24.993330
1779463843.356,/benchmark/inference_ms,25.233002
1779463843.402,/benchmark/inference_ms,25.292711
1779463843.451,/benchmark/inference_ms,24.999634
1779463843.495,/benchmark/inference_ms,25.125294
1779463843.541,/benchmark/inference_ms,24.476004
1779463843.587,/benchmark/inference_ms,25.064753
1779463843.634,/benchmark/inference_ms,25.270794
1779463843.680,/benchmark/inference_ms,24.736763
1779463843.729,/benchmark/inference_ms,25.480001
1779463843.773,/benchmark/inference_ms,25.315016
1779463843.819,/benchmark/inference_ms,25.131342
1779463843.865,/benchmark/inference_ms,24.513411
1779463843.912,/benchmark/inference_ms,25.165806
1779463843.958,/benchmark/inference_ms,25.575039
1779463844.005,/benchmark/inference_ms,25.145357
1779463844.052,/benchmark/inference_ms,24.871637
1779463844.098,/benchmark/inference_ms,24.615135
1779463844.145,/benchmark/inference_ms,25.353477
1779463844.193,/benchmark/inference_ms,24.917206
1779463844.241,/benchmark/inference_ms,24.875992
1779463844.283,/benchmark/inference_ms,24.603935
1779463844.330,/benchmark/inference_ms,24.988083
1779463844.377,/benchmark/inference_ms,25.446083
1779463844.423,/benchmark/inference_ms,24.894741
1779463844.471,/benchmark/inference_ms,25.009363
1779463844.517,/benchmark/inference_ms,24.694204
1779463844.563,/benchmark/inference_ms,24.960819
1779463844.609,/benchmark/inference_ms,25.060240
1779463844.655,/benchmark/inference_ms,24.921333
1779463844.703,/benchmark/inference_ms,24.592863
1779463844.747,/benchmark/inference_ms,24.554178
1779463844.795,/benchmark/inference_ms,25.592255
1779463844.844,/benchmark/inference_ms,25.767641
1779463844.889,/benchmark/inference_ms,26.021551
1779463844.937,/benchmark/inference_ms,25.978706
1779463844.983,/benchmark/inference_ms,25.271723
1779463845.030,/benchmark/inference_ms,25.858101
1779463845.078,/benchmark/inference_ms,26.072817
1779463845.125,/benchmark/inference_ms,25.709757
1779463845.173,/benchmark/inference_ms,27.185738
1779463845.222,/benchmark/inference_ms,27.226376
1779463845.269,/benchmark/inference_ms,25.061649
1779463845.316,/benchmark/inference_ms,25.324713
1779463845.364,/benchmark/inference_ms,25.386118
1779463845.411,/benchmark/inference_ms,25.376453
1779463845.460,/benchmark/inference_ms,25.491396
1779463845.507,/benchmark/inference_ms,25.241451
1779463845.554,/benchmark/inference_ms,25.274506
1779463845.601,/benchmark/inference_ms,24.970133
1779463845.648,/benchmark/inference_ms,24.880823
1779463845.695,/benchmark/inference_ms,25.678717
1779463845.742,/benchmark/inference_ms,25.751898
1779463845.790,/benchmark/inference_ms,25.735931
1779463845.838,/benchmark/inference_ms,25.948978
1779463845.887,/benchmark/inference_ms,26.405443
1779463845.931,/benchmark/inference_ms,25.979185
1779463845.979,/benchmark/inference_ms,25.360968
1779463846.025,/benchmark/inference_ms,25.986067
1779463846.072,/benchmark/inference_ms,25.889271
1779463846.119,/benchmark/inference_ms,25.608927
1779463846.165,/benchmark/inference_ms,25.705467
1779463846.213,/benchmark/inference_ms,25.452196
1779463846.260,/benchmark/inference_ms,25.365831
1779463846.306,/benchmark/inference_ms,25.191662
1779463846.354,/benchmark/inference_ms,25.294954
1779463846.401,/benchmark/inference_ms,25.394951
1779463846.447,/benchmark/inference_ms,25.589121
1779463846.496,/benchmark/inference_ms,25.974100
1779463846.544,/benchmark/inference_ms,25.606752
1779463846.591,/benchmark/inference_ms,25.810617
1779463846.638,/benchmark/inference_ms,26.172588
1779463846.686,/benchmark/inference_ms,26.676731
1779463846.733,/benchmark/inference_ms,26.177517
1779463846.782,/benchmark/inference_ms,26.863926
1779463846.831,/benchmark/inference_ms,26.315752
1779463846.879,/benchmark/inference_ms,26.070736
1779463846.927,/benchmark/inference_ms,26.433828
1779463846.977,/benchmark/inference_ms,26.761242
1779463847.026,/benchmark/inference_ms,26.548672
1779463847.077,/benchmark/inference_ms,27.241547
1779463847.123,/benchmark/inference_ms,26.632446
1779463847.171,/benchmark/inference_ms,27.159147
1779463847.220,/benchmark/inference_ms,27.007315
1779463847.269,/benchmark/inference_ms,26.704668
1779463847.318,/benchmark/inference_ms,27.064112
1779463847.366,/benchmark/inference_ms,25.672733
1779463847.413,/benchmark/inference_ms,26.104464
1779463847.462,/benchmark/inference_ms,26.826231
1779463847.508,/benchmark/inference_ms,25.608959
1779463847.556,/benchmark/inference_ms,25.525026
1779463847.603,/benchmark/inference_ms,25.370792
1779463847.650,/benchmark/inference_ms,25.608576
1779463847.697,/benchmark/inference_ms,25.296747
1779463847.745,/benchmark/inference_ms,25.281067
1779463847.791,/benchmark/inference_ms,25.101234
1779463847.839,/benchmark/inference_ms,24.897081
1779463847.886,/benchmark/inference_ms,25.165520
1779463847.933,/benchmark/inference_ms,24.903385
1779463847.980,/benchmark/inference_ms,25.718941
1779463848.028,/benchmark/inference_ms,26.082769
1779463848.075,/benchmark/inference_ms,26.307499
1779463848.123,/benchmark/inference_ms,26.142096
1779463848.170,/benchmark/inference_ms,26.293194
1779463848.218,/benchmark/inference_ms,26.587233
1779463848.266,/benchmark/inference_ms,25.830235
1779463848.314,/benchmark/inference_ms,25.624193
1779463848.361,/benchmark/inference_ms,25.509893
1779463848.410,/benchmark/inference_ms,25.877689
1779463848.457,/benchmark/inference_ms,25.789627
1779463848.505,/benchmark/inference_ms,26.034803
1779463848.552,/benchmark/inference_ms,26.103762
1779463848.599,/benchmark/inference_ms,25.915703
1779463848.647,/benchmark/inference_ms,26.009748
1779463848.694,/benchmark/inference_ms,25.946711
1779463848.741,/benchmark/inference_ms,25.942007
1779463848.790,/benchmark/inference_ms,25.965044
1779463848.838,/benchmark/inference_ms,25.492327
1779463848.886,/benchmark/inference_ms,25.418217
1779463848.935,/benchmark/inference_ms,25.940758
1779463848.982,/benchmark/inference_ms,25.946072
1779463849.028,/benchmark/inference_ms,25.278061
1779463849.075,/benchmark/inference_ms,25.823771
1779463849.126,/benchmark/inference_ms,26.280012
1779463849.171,/benchmark/inference_ms,26.105169
1779463849.219,/benchmark/inference_ms,26.432295
1779463849.269,/benchmark/inference_ms,26.043316
1779463849.316,/benchmark/inference_ms,25.749565
1779463849.365,/benchmark/inference_ms,25.638786
1779463849.413,/benchmark/inference_ms,25.705854
1779463849.461,/benchmark/inference_ms,25.769213
1779463849.510,/benchmark/inference_ms,26.125713
1779463849.558,/benchmark/inference_ms,26.533731
1779463849.606,/benchmark/inference_ms,26.336618
1779463849.654,/benchmark/inference_ms,26.468327
1779463849.704,/benchmark/inference_ms,26.745852
1779463849.748,/benchmark/inference_ms,26.153776
1779463849.797,/benchmark/inference_ms,26.283180
1779463849.844,/benchmark/inference_ms,26.198734
1779463849.892,/benchmark/inference_ms,25.867323
1779463849.939,/benchmark/inference_ms,25.631809
1779463849.988,/benchmark/inference_ms,25.249775
1779463850.035,/benchmark/inference_ms,25.276878
1779463850.083,/benchmark/inference_ms,25.880346
1779463850.130,/benchmark/inference_ms,25.998390
1779463850.177,/benchmark/inference_ms,25.900953
1779463850.224,/benchmark/inference_ms,26.114738
1779463850.271,/benchmark/inference_ms,25.745375
1779463850.318,/benchmark/inference_ms,25.660578
1779463850.366,/benchmark/inference_ms,25.622274
1779463850.413,/benchmark/inference_ms,25.257872
1779463850.461,/benchmark/inference_ms,25.544645
1779463850.509,/benchmark/inference_ms,25.682497
1779463850.555,/benchmark/inference_ms,26.032949
1779463850.603,/benchmark/inference_ms,26.430855
1779463850.650,/benchmark/inference_ms,26.400328
1779463850.700,/benchmark/inference_ms,26.336363
1779463850.744,/benchmark/inference_ms,26.116081
1779463850.792,/benchmark/inference_ms,26.110802
1779463850.840,/benchmark/inference_ms,25.889338
1779463850.888,/benchmark/inference_ms,25.455303
1779463850.935,/benchmark/inference_ms,26.028662
1779463850.983,/benchmark/inference_ms,26.573154
1779463851.030,/benchmark/inference_ms,26.298891
1779463851.078,/benchmark/inference_ms,26.462313
1779463851.127,/benchmark/inference_ms,26.445929
1779463851.174,/benchmark/inference_ms,26.120466
1779463851.223,/benchmark/inference_ms,26.534853
1779463851.271,/benchmark/inference_ms,25.678017
1779463851.320,/benchmark/inference_ms,25.588133
1779463851.367,/benchmark/inference_ms,25.321678
1779463851.415,/benchmark/inference_ms,26.114485
1779463851.464,/benchmark/inference_ms,26.387562
1779463851.511,/benchmark/inference_ms,26.325581
1779463851.558,/benchmark/inference_ms,26.140179
1779463851.606,/benchmark/inference_ms,26.142035
1779463851.653,/benchmark/inference_ms,26.343052
1779463851.702,/benchmark/inference_ms,25.876347
1779463851.748,/benchmark/inference_ms,25.751230
1779463851.796,/benchmark/inference_ms,25.427498
1779463851.844,/benchmark/inference_ms,25.650307
1779463851.892,/benchmark/inference_ms,25.456490
1779463851.939,/benchmark/inference_ms,25.662180
1779463851.987,/benchmark/inference_ms,26.066324
1779463852.035,/benchmark/inference_ms,26.405128
1779463852.082,/benchmark/inference_ms,25.975321
1779463852.129,/benchmark/inference_ms,26.064278
1779463852.177,/benchmark/inference_ms,26.006519
1779463852.225,/benchmark/inference_ms,26.411818
1779463852.272,/benchmark/inference_ms,25.758432
1779463852.321,/benchmark/inference_ms,25.831453
1779463852.368,/benchmark/inference_ms,25.445482
1779463852.415,/benchmark/inference_ms,25.656357
1779463852.464,/benchmark/inference_ms,26.144979
1779463852.512,/benchmark/inference_ms,26.199217
1779463852.559,/benchmark/inference_ms,26.155764
1779463852.606,/benchmark/inference_ms,26.308813
1779463852.654,/benchmark/inference_ms,26.002457
1779463852.704,/benchmark/inference_ms,25.843262
1779463852.748,/benchmark/inference_ms,25.715137
1779463852.795,/benchmark/inference_ms,25.891003
1779463852.842,/benchmark/inference_ms,25.855389
1779463852.890,/benchmark/inference_ms,25.644772
1779463852.938,/benchmark/inference_ms,25.686243
1779463852.983,/benchmark/inference_ms,25.551462
1779463853.031,/benchmark/inference_ms,25.670979
1779463853.079,/benchmark/inference_ms,25.619556
1779463853.127,/benchmark/inference_ms,25.533417
1779463853.173,/benchmark/inference_ms,25.290960
1779463853.221,/benchmark/inference_ms,25.650053
1779463853.268,/benchmark/inference_ms,25.039480
1779463853.316,/benchmark/inference_ms,25.190165
1779463853.363,/benchmark/inference_ms,25.426796
1779463853.410,/benchmark/inference_ms,26.108662
1779463853.459,/benchmark/inference_ms,26.121014
1779463853.506,/benchmark/inference_ms,26.069494
1779463853.554,/benchmark/inference_ms,26.254128
1779463853.602,/benchmark/inference_ms,26.043415
1779463853.650,/benchmark/inference_ms,25.893051
1779463853.700,/benchmark/inference_ms,26.241489
1779463853.747,/benchmark/inference_ms,26.413706
1779463853.795,/benchmark/inference_ms,25.915068
1779463853.843,/benchmark/inference_ms,26.349037
1779463853.890,/benchmark/inference_ms,25.989050
1779463853.938,/benchmark/inference_ms,26.105461
1779463853.986,/benchmark/inference_ms,26.121044
1779463854.033,/benchmark/inference_ms,25.702372
1779463854.080,/benchmark/inference_ms,25.710436
1779463854.128,/benchmark/inference_ms,25.667877
1779463854.175,/benchmark/inference_ms,25.820831
1779463854.223,/benchmark/inference_ms,26.268465
1779463854.270,/benchmark/inference_ms,26.242353
1779463854.321,/benchmark/inference_ms,26.018969
1779463854.366,/benchmark/inference_ms,26.318064
1779463854.414,/benchmark/inference_ms,26.275503
1779463854.460,/benchmark/inference_ms,25.811424
1779463854.508,/benchmark/inference_ms,26.021048
1779463854.555,/benchmark/inference_ms,26.088310
1779463854.602,/benchmark/inference_ms,26.074903
1779463854.650,/benchmark/inference_ms,25.988121
1779463854.700,/benchmark/inference_ms,25.971451
1779463854.743,/benchmark/inference_ms,25.794945
1779463854.792,/benchmark/inference_ms,27.058550
1779463854.842,/benchmark/inference_ms,27.287823
1779463854.888,/benchmark/inference_ms,25.769026
1779463854.936,/benchmark/inference_ms,25.490955
1779463854.983,/benchmark/inference_ms,25.244467
1779463855.030,/benchmark/inference_ms,25.453772
1779463855.078,/benchmark/inference_ms,25.290161
1779463855.124,/benchmark/inference_ms,25.268787
1779463855.171,/benchmark/inference_ms,25.265106
1779463855.218,/benchmark/inference_ms,25.190868
1779463855.263,/benchmark/inference_ms,25.253172
1779463855.312,/benchmark/inference_ms,25.796610
1779463855.359,/benchmark/inference_ms,25.921917
1779463855.406,/benchmark/inference_ms,26.005817
1779463855.455,/benchmark/inference_ms,26.039480
1779463855.500,/benchmark/inference_ms,25.984156
1779463855.548,/benchmark/inference_ms,26.295090
1779463855.596,/benchmark/inference_ms,26.298864
1779463855.643,/benchmark/inference_ms,26.067480
1779463855.691,/benchmark/inference_ms,25.748547
1779463855.738,/benchmark/inference_ms,25.517801
1779463855.786,/benchmark/inference_ms,25.529865
1779463855.833,/benchmark/inference_ms,25.138903
1779463855.879,/benchmark/inference_ms,24.881344
1779463855.926,/benchmark/inference_ms,25.327024
1779463855.974,/benchmark/inference_ms,25.512747
1779463856.021,/benchmark/inference_ms,25.698500
1779463856.072,/benchmark/inference_ms,26.247602
1779463856.118,/benchmark/inference_ms,25.636934
1779463856.165,/benchmark/inference_ms,25.733892
1779463856.212,/benchmark/inference_ms,26.040890
1779463856.259,/benchmark/inference_ms,26.139862
1779463856.306,/benchmark/inference_ms,25.995195
1779463856.354,/benchmark/inference_ms,25.943613
1779463856.401,/benchmark/inference_ms,25.931902
1779463856.450,/benchmark/inference_ms,25.901087
1779463856.496,/benchmark/inference_ms,25.925438
1779463856.542,/benchmark/inference_ms,24.435184
1779463856.588,/benchmark/inference_ms,25.187319
1779463856.634,/benchmark/inference_ms,24.908064
1779463856.680,/benchmark/inference_ms,24.745127
1779463856.727,/benchmark/inference_ms,25.166487
1779463856.774,/benchmark/inference_ms,25.979963
1779463856.821,/benchmark/inference_ms,25.430479
1779463856.869,/benchmark/inference_ms,25.619335
1779463856.918,/benchmark/inference_ms,25.496395
1779463856.965,/benchmark/inference_ms,26.106647
1779463857.011,/benchmark/inference_ms,25.468655
1779463857.059,/benchmark/inference_ms,25.336531
1779463857.105,/benchmark/inference_ms,24.879650
1779463857.152,/benchmark/inference_ms,25.849154
1779463857.198,/benchmark/inference_ms,25.718119
1779463857.246,/benchmark/inference_ms,25.827202
1779463857.293,/benchmark/inference_ms,25.751459
1779463857.342,/benchmark/inference_ms,25.851297
1779463857.391,/benchmark/inference_ms,25.687752
1779463857.437,/benchmark/inference_ms,25.333490
1779463857.483,/benchmark/inference_ms,25.420401
1779463857.532,/benchmark/inference_ms,25.516811
1779463857.578,/benchmark/inference_ms,25.767365
1779463857.625,/benchmark/inference_ms,25.608936
1779463857.671,/benchmark/inference_ms,25.229174
1779463857.718,/benchmark/inference_ms,25.862497
1779463857.764,/benchmark/inference_ms,25.467663
1779463857.810,/benchmark/inference_ms,24.452433
1779463857.857,/benchmark/inference_ms,25.442511
1779463857.903,/benchmark/inference_ms,24.422770
1779463857.948,/benchmark/inference_ms,24.420849
1779463857.994,/benchmark/inference_ms,24.467855
1779463858.040,/benchmark/inference_ms,24.952318
1779463858.087,/benchmark/inference_ms,25.313364
1779463858.133,/benchmark/inference_ms,24.844004
1779463858.179,/benchmark/inference_ms,24.695623
1779463858.225,/benchmark/inference_ms,25.666121
1779463858.272,/benchmark/inference_ms,25.108635
1779463858.318,/benchmark/inference_ms,24.850946
1779463858.364,/benchmark/inference_ms,24.582092
1779463858.410,/benchmark/inference_ms,24.545519
1779463858.456,/benchmark/inference_ms,25.039421
1779463858.505,/benchmark/inference_ms,26.045563
1779463858.551,/benchmark/inference_ms,25.838081
1779463858.598,/benchmark/inference_ms,25.839268
1779463858.646,/benchmark/inference_ms,25.823427
1779463858.693,/benchmark/inference_ms,25.834595
1779463858.741,/benchmark/inference_ms,25.598953
1779463858.787,/benchmark/inference_ms,25.988926
1779463858.835,/benchmark/inference_ms,25.569675
1779463858.883,/benchmark/inference_ms,25.312244
1779463858.930,/benchmark/inference_ms,25.583403
1779463858.978,/benchmark/inference_ms,25.213495
1779463859.024,/benchmark/inference_ms,25.143387
1779463859.072,/benchmark/inference_ms,25.080635
1779463859.119,/benchmark/inference_ms,25.376114
1779463859.166,/benchmark/inference_ms,25.880930
1779463859.213,/benchmark/inference_ms,25.785765
1779463859.260,/benchmark/inference_ms,25.476368
1779463859.308,/benchmark/inference_ms,26.125786
1779463859.354,/benchmark/inference_ms,25.906881
1779463859.402,/benchmark/inference_ms,25.822180
1779463859.452,/benchmark/inference_ms,27.151129
1779463859.496,/benchmark/inference_ms,25.658569
1779463859.543,/benchmark/inference_ms,25.364819
1779463859.591,/benchmark/inference_ms,25.717863
1779463859.643,/benchmark/inference_ms,25.701607
1779463859.687,/benchmark/inference_ms,26.766500
1779463859.734,/benchmark/inference_ms,25.770149
1779463859.782,/benchmark/inference_ms,25.262774
1779463859.827,/benchmark/inference_ms,24.704491
1779463859.873,/benchmark/inference_ms,24.839653
1779463859.919,/benchmark/inference_ms,25.151546
1779463859.965,/benchmark/inference_ms,24.853092
1779463860.013,/benchmark/inference_ms,25.957119
1779463860.060,/benchmark/inference_ms,26.098715
1779463860.109,/benchmark/inference_ms,25.739977
1779463860.157,/benchmark/inference_ms,25.932512
1779463860.206,/benchmark/inference_ms,26.076860
1779463860.253,/benchmark/inference_ms,25.740646
1779463860.301,/benchmark/inference_ms,25.872995
1779463860.349,/benchmark/inference_ms,26.246614
1779463860.396,/benchmark/inference_ms,26.471087
1779463860.444,/benchmark/inference_ms,25.643532
1779463860.492,/benchmark/inference_ms,26.588236
1779463860.541,/benchmark/inference_ms,26.580843
1779463860.588,/benchmark/inference_ms,26.550446
1779463860.634,/benchmark/inference_ms,24.673100
1779463860.680,/benchmark/inference_ms,25.460720
1779463860.726,/benchmark/inference_ms,25.089277
1779463860.773,/benchmark/inference_ms,24.749416
1779463860.819,/benchmark/inference_ms,24.866053
1779463860.865,/benchmark/inference_ms,25.153212
1779463860.911,/benchmark/inference_ms,24.887012
1779463860.957,/benchmark/inference_ms,24.916994
1779463861.007,/benchmark/inference_ms,24.851812
1779463861.052,/benchmark/inference_ms,25.445745
1779463861.098,/benchmark/inference_ms,25.560078
1779463861.144,/benchmark/inference_ms,24.898533
1779463861.192,/benchmark/inference_ms,26.664618
1779463861.243,/benchmark/inference_ms,25.920225
1779463861.288,/benchmark/inference_ms,25.509136
1779463861.335,/benchmark/inference_ms,25.139164
1779463861.383,/benchmark/inference_ms,25.491154
1779463861.430,/benchmark/inference_ms,25.352789
1779463861.477,/benchmark/inference_ms,25.297527
1779463861.524,/benchmark/inference_ms,25.223225
1779463861.572,/benchmark/inference_ms,24.929892
1779463861.619,/benchmark/inference_ms,25.339062
1779463861.667,/benchmark/inference_ms,25.491760
1779463861.715,/benchmark/inference_ms,26.185785
1779463861.762,/benchmark/inference_ms,25.347061
1779463861.811,/benchmark/inference_ms,26.450865
1779463861.859,/benchmark/inference_ms,26.372755
1779463861.906,/benchmark/inference_ms,26.672073
1779463861.953,/benchmark/inference_ms,25.689642
1779463862.004,/benchmark/inference_ms,27.391441
1779463862.055,/benchmark/inference_ms,27.788612
1779463862.105,/benchmark/inference_ms,28.165241
1779463862.151,/benchmark/inference_ms,24.837767
1779463862.199,/benchmark/inference_ms,24.309080
1779463862.244,/benchmark/inference_ms,24.898693
1779463862.289,/benchmark/inference_ms,24.422165
1779463862.335,/benchmark/inference_ms,25.252218
1779463862.383,/benchmark/inference_ms,26.230137
1779463862.432,/benchmark/inference_ms,27.350996
1779463862.482,/benchmark/inference_ms,27.626732
1779463862.530,/benchmark/inference_ms,26.111069
1779463862.578,/benchmark/inference_ms,26.390388
1779463862.626,/benchmark/inference_ms,25.634060
1779463862.674,/benchmark/inference_ms,25.731529
1779463862.722,/benchmark/inference_ms,26.036480
1779463862.769,/benchmark/inference_ms,25.367893
1779463862.816,/benchmark/inference_ms,25.219803
1779463862.863,/benchmark/inference_ms,25.615629
1779463862.910,/benchmark/inference_ms,25.140030
1779463862.958,/benchmark/inference_ms,25.588207
1779463863.005,/benchmark/inference_ms,25.738121
1779463863.054,/benchmark/inference_ms,26.337877
1779463863.104,/benchmark/inference_ms,27.389299
1779463863.154,/benchmark/inference_ms,27.585836
1779463863.200,/benchmark/inference_ms,25.394037
1779463863.248,/benchmark/inference_ms,26.571600
1779463863.296,/benchmark/inference_ms,27.166971
1779463863.343,/benchmark/inference_ms,25.412949
1779463863.389,/benchmark/inference_ms,25.683212
1779463863.436,/benchmark/inference_ms,25.861734
1779463863.484,/benchmark/inference_ms,26.752073
1779463863.530,/benchmark/inference_ms,26.306744
1779463863.577,/benchmark/inference_ms,25.767433
1779463863.624,/benchmark/inference_ms,25.636877
1779463863.671,/benchmark/inference_ms,25.590319
1779463863.718,/benchmark/inference_ms,25.570255
1779463863.765,/benchmark/inference_ms,25.304825
1779463863.812,/benchmark/inference_ms,25.744970
1779463863.859,/benchmark/inference_ms,25.362743
1779463863.906,/benchmark/inference_ms,25.173565
1779463863.952,/benchmark/inference_ms,25.042723
1779463863.999,/benchmark/inference_ms,25.334455
1779463864.045,/benchmark/inference_ms,25.984001
1779463864.092,/benchmark/inference_ms,25.822344
1779463864.138,/benchmark/inference_ms,25.774570
1779463864.185,/benchmark/inference_ms,25.763819
1779463864.231,/benchmark/inference_ms,26.237179
1779463864.277,/benchmark/inference_ms,25.918341
1779463864.324,/benchmark/inference_ms,26.053120
1779463864.370,/benchmark/inference_ms,25.538418
1779463864.416,/benchmark/inference_ms,25.744427
1779463864.464,/benchmark/inference_ms,25.836905
1779463864.508,/benchmark/inference_ms,25.220411
1779463864.555,/benchmark/inference_ms,25.220892
1779463864.603,/benchmark/inference_ms,25.502611
1779463864.650,/benchmark/inference_ms,25.581202
1779463864.696,/benchmark/inference_ms,25.094881
1779463864.743,/benchmark/inference_ms,25.575953
1779463864.791,/benchmark/inference_ms,26.579662
1779463864.838,/benchmark/inference_ms,26.567984
1779463864.884,/benchmark/inference_ms,25.781673
1779463864.931,/benchmark/inference_ms,25.755211
1779463864.979,/benchmark/inference_ms,27.139166
1779463865.027,/benchmark/inference_ms,26.438740
1779463865.074,/benchmark/inference_ms,25.030754
1779463865.120,/benchmark/inference_ms,24.946693
1779463865.167,/benchmark/inference_ms,25.146559
1779463865.215,/benchmark/inference_ms,25.488789
1779463865.270,/benchmark/inference_ms,25.789898
1779463865.307,/benchmark/inference_ms,26.034115
1779463865.354,/benchmark/inference_ms,25.972292
1779463865.401,/benchmark/inference_ms,25.958597
1779463865.448,/benchmark/inference_ms,26.161791
1779463865.495,/benchmark/inference_ms,26.177950
1779463865.542,/benchmark/inference_ms,25.915462
1779463865.589,/benchmark/inference_ms,25.899015
1779463865.636,/benchmark/inference_ms,25.750154
1779463865.682,/benchmark/inference_ms,25.917286
1779463865.729,/benchmark/inference_ms,25.941381
1779463865.776,/benchmark/inference_ms,25.657869
1779463865.823,/benchmark/inference_ms,25.429110
1779463865.870,/benchmark/inference_ms,25.148607
1779463865.917,/benchmark/inference_ms,25.838375
1779463865.964,/benchmark/inference_ms,25.119007
1779463866.010,/benchmark/inference_ms,25.814056
1779463866.057,/benchmark/inference_ms,25.345081
1779463866.104,/benchmark/inference_ms,25.982277
1779463866.151,/benchmark/inference_ms,25.889128
1779463866.198,/benchmark/inference_ms,25.722509
1779463866.243,/benchmark/inference_ms,25.980419
1779463866.289,/benchmark/inference_ms,25.523764
1779463866.336,/benchmark/inference_ms,25.359928
1779463866.383,/benchmark/inference_ms,26.005796
1779463866.432,/benchmark/inference_ms,29.036287
1779463866.483,/benchmark/inference_ms,28.022690
1779463866.530,/benchmark/inference_ms,26.825960
1779463866.578,/benchmark/inference_ms,25.482901
1779463866.625,/benchmark/inference_ms,24.554386
1779463866.672,/benchmark/inference_ms,26.366360
1779463866.718,/benchmark/inference_ms,24.990564
1779463866.764,/benchmark/inference_ms,25.062052
1779463866.811,/benchmark/inference_ms,25.268667
1779463866.857,/benchmark/inference_ms,25.172607
1779463866.902,/benchmark/inference_ms,24.752718
1779463866.949,/benchmark/inference_ms,24.647345
1779463866.994,/benchmark/inference_ms,25.109121
1779463867.040,/benchmark/inference_ms,25.639278
1779463867.087,/benchmark/inference_ms,25.815180
1779463867.133,/benchmark/inference_ms,25.221951
1779463867.179,/benchmark/inference_ms,25.171968
1779463867.225,/benchmark/inference_ms,25.236414
1779463867.271,/benchmark/inference_ms,25.145121
1779463867.317,/benchmark/inference_ms,25.158464
1779463867.363,/benchmark/inference_ms,25.203550
1779463867.411,/benchmark/inference_ms,25.763628
1779463867.456,/benchmark/inference_ms,24.580149
1779463867.502,/benchmark/inference_ms,25.221184
1779463867.547,/benchmark/inference_ms,25.181503
1779463867.594,/benchmark/inference_ms,25.033508
1779463867.639,/benchmark/inference_ms,24.907753
1779463867.685,/benchmark/inference_ms,25.014053
1779463867.732,/benchmark/inference_ms,25.775244
1779463867.779,/benchmark/inference_ms,25.279964
1779463867.826,/benchmark/inference_ms,25.485300
1779463867.872,/benchmark/inference_ms,25.061060
1779463867.919,/benchmark/inference_ms,26.602161
1779463867.966,/benchmark/inference_ms,24.952681
1779463868.011,/benchmark/inference_ms,25.288189
1779463868.057,/benchmark/inference_ms,25.283548
1779463868.104,/benchmark/inference_ms,25.272383
1779463868.150,/benchmark/inference_ms,24.911434
1779463868.196,/benchmark/inference_ms,25.550932
1779463868.242,/benchmark/inference_ms,25.236158
1779463868.288,/benchmark/inference_ms,25.467863
1779463868.334,/benchmark/inference_ms,25.361500
1779463868.381,/benchmark/inference_ms,24.822638
1779463868.427,/benchmark/inference_ms,25.227295
1779463868.473,/benchmark/inference_ms,25.676048
1779463868.520,/benchmark/inference_ms,25.885771
1779463868.565,/benchmark/inference_ms,24.728016
1779463868.611,/benchmark/inference_ms,25.111908
1779463868.655,/benchmark/inference_ms,24.979816
1779463868.704,/benchmark/inference_ms,25.062147
1779463868.747,/benchmark/inference_ms,24.931816
1779463868.792,/benchmark/inference_ms,24.556822
1779463868.838,/benchmark/inference_ms,25.299614
1779463868.884,/benchmark/inference_ms,25.350428
1779463868.929,/benchmark/inference_ms,24.994982
1779463868.977,/benchmark/inference_ms,24.803020
1779463869.021,/benchmark/inference_ms,24.262911
1779463869.067,/benchmark/inference_ms,25.248735
1779463869.112,/benchmark/inference_ms,25.240543
1779463869.159,/benchmark/inference_ms,24.929544
1779463869.204,/benchmark/inference_ms,24.844397
1779463869.251,/benchmark/inference_ms,25.677010
1779463869.295,/benchmark/inference_ms,25.039240
1779463869.343,/benchmark/inference_ms,25.378235
1779463869.391,/benchmark/inference_ms,26.732910
1779463869.438,/benchmark/inference_ms,25.596403
1779463869.486,/benchmark/inference_ms,26.119587
1779463869.533,/benchmark/inference_ms,26.361403
1779463869.580,/benchmark/inference_ms,26.263262
1779463869.627,/benchmark/inference_ms,26.363546
1779463869.674,/benchmark/inference_ms,26.078756
1779463869.721,/benchmark/inference_ms,26.172512
1779463869.769,/benchmark/inference_ms,25.750286
1779463869.817,/benchmark/inference_ms,25.632275
1779463869.863,/benchmark/inference_ms,25.545301
1779463869.911,/benchmark/inference_ms,25.826029
1779463869.958,/benchmark/inference_ms,26.361435
1779463870.005,/benchmark/inference_ms,26.020645
1779463870.066,/benchmark/inference_ms,26.444056
1779463870.099,/benchmark/inference_ms,25.886602
1779463870.148,/benchmark/inference_ms,25.139748
1779463870.194,/benchmark/inference_ms,25.208130
1779463870.243,/benchmark/inference_ms,25.285088
1779463870.288,/benchmark/inference_ms,24.254560
1779463870.333,/benchmark/inference_ms,24.337023
1779463870.378,/benchmark/inference_ms,24.507896
1779463870.423,/benchmark/inference_ms,24.833742
1779463870.468,/benchmark/inference_ms,25.065317
1779463870.518,/benchmark/inference_ms,25.680273
1779463870.563,/benchmark/inference_ms,25.819597
1779463870.609,/benchmark/inference_ms,24.258368
1779463870.655,/benchmark/inference_ms,24.468859
1779463870.704,/benchmark/inference_ms,24.505913
1779463870.746,/benchmark/inference_ms,24.731346
1779463870.792,/benchmark/inference_ms,24.984840
1779463870.836,/benchmark/inference_ms,24.342430
1779463870.882,/benchmark/inference_ms,24.388733
1779463870.927,/benchmark/inference_ms,24.569975
1779463870.973,/benchmark/inference_ms,25.419930
1779463871.020,/benchmark/inference_ms,25.266848
1779463871.065,/benchmark/inference_ms,25.203617
1779463871.112,/benchmark/inference_ms,25.539225
1779463871.158,/benchmark/inference_ms,24.680756
1779463871.206,/benchmark/inference_ms,25.557142
1779463871.251,/benchmark/inference_ms,25.688595
1779463871.296,/benchmark/inference_ms,25.219809
1779463871.343,/benchmark/inference_ms,25.034248
1779463871.390,/benchmark/inference_ms,24.624950
1779463871.437,/benchmark/inference_ms,25.419516
1779463871.482,/benchmark/inference_ms,25.528439
1779463871.529,/benchmark/inference_ms,25.122629
1779463871.575,/benchmark/inference_ms,25.184898
1779463871.621,/benchmark/inference_ms,25.162500
1779463871.668,/benchmark/inference_ms,25.474171
1779463871.714,/benchmark/inference_ms,25.173923
1779463871.760,/benchmark/inference_ms,25.021416
1779463871.806,/benchmark/inference_ms,24.457851
1779463871.852,/benchmark/inference_ms,25.339390
1779463871.898,/benchmark/inference_ms,25.112421
1779463871.945,/benchmark/inference_ms,26.042183
1779463871.991,/benchmark/inference_ms,24.814320
1779463872.037,/benchmark/inference_ms,25.117189
1779463872.085,/benchmark/inference_ms,26.469688
1779463872.134,/benchmark/inference_ms,28.380379
1779463872.182,/benchmark/inference_ms,26.968616
1779463872.232,/benchmark/inference_ms,27.476280
1779463872.279,/benchmark/inference_ms,26.573877
1779463872.328,/benchmark/inference_ms,27.863596
1779463872.377,/benchmark/inference_ms,27.503769
1779463872.426,/benchmark/inference_ms,27.625780
1779463872.478,/benchmark/inference_ms,27.644531
1779463872.524,/benchmark/inference_ms,26.643827
1779463872.575,/benchmark/inference_ms,28.142946
1779463872.626,/benchmark/inference_ms,25.455482
1779463872.671,/benchmark/inference_ms,25.783152
1779463872.718,/benchmark/inference_ms,25.712660
1779463872.765,/benchmark/inference_ms,25.638580
1779463872.814,/benchmark/inference_ms,25.219074
1779463872.860,/benchmark/inference_ms,25.492601
1779463872.907,/benchmark/inference_ms,25.500921
1779463872.954,/benchmark/inference_ms,25.008265
1779463873.002,/benchmark/inference_ms,25.721619
1779463873.049,/benchmark/inference_ms,25.760626
1779463873.096,/benchmark/inference_ms,25.998795
1779463873.143,/benchmark/inference_ms,25.745043
1779463873.190,/benchmark/inference_ms,25.926380
1779463873.236,/benchmark/inference_ms,26.090151
1779463873.283,/benchmark/inference_ms,26.189188
1779463873.329,/benchmark/inference_ms,25.957483
1779463873.376,/benchmark/inference_ms,25.936844
1779463873.423,/benchmark/inference_ms,26.083559
1779463873.469,/benchmark/inference_ms,25.723763
1779463873.517,/benchmark/inference_ms,25.781521
1779463873.564,/benchmark/inference_ms,25.473755
1779463873.612,/benchmark/inference_ms,25.630871
1779463873.659,/benchmark/inference_ms,25.434973
1779463873.706,/benchmark/inference_ms,25.381470
1779463873.753,/benchmark/inference_ms,25.099432
1779463873.800,/benchmark/inference_ms,25.301697
1779463873.847,/benchmark/inference_ms,25.763153
1779463873.894,/benchmark/inference_ms,25.632311
1779463873.942,/benchmark/inference_ms,25.944525
1779463873.991,/benchmark/inference_ms,26.385469
1779463874.036,/benchmark/inference_ms,25.961004
1779463874.083,/benchmark/inference_ms,25.920334
1779463874.130,/benchmark/inference_ms,25.686550
1779463874.176,/benchmark/inference_ms,25.907469
1779463874.222,/benchmark/inference_ms,25.652021
1779463874.270,/benchmark/inference_ms,25.280163
1779463874.317,/benchmark/inference_ms,25.484221
1779463874.364,/benchmark/inference_ms,25.225475
1779463874.411,/benchmark/inference_ms,25.348000
1779463874.458,/benchmark/inference_ms,26.047464
1779463874.506,/benchmark/inference_ms,26.583704
1779463874.553,/benchmark/inference_ms,25.934605
1779463874.600,/benchmark/inference_ms,25.902575
1779463874.647,/benchmark/inference_ms,26.328993
1779463874.695,/benchmark/inference_ms,26.087303
1779463874.744,/benchmark/inference_ms,25.513819
1779463874.788,/benchmark/inference_ms,25.265923
1779463874.837,/benchmark/inference_ms,25.525114
1779463874.885,/benchmark/inference_ms,25.767731
1779463874.932,/benchmark/inference_ms,26.037867
1779463874.981,/benchmark/inference_ms,25.815441
1779463875.026,/benchmark/inference_ms,26.324064
1779463875.073,/benchmark/inference_ms,25.973356
1779463875.121,/benchmark/inference_ms,25.530331
1779463875.169,/benchmark/inference_ms,25.652567
1779463875.219,/benchmark/inference_ms,25.769684
1779463875.263,/benchmark/inference_ms,25.948524
1779463875.314,/benchmark/inference_ms,27.388990
1779463875.359,/benchmark/inference_ms,25.939758
1779463875.406,/benchmark/inference_ms,26.100296
1779463875.454,/benchmark/inference_ms,25.996140
1779463875.500,/benchmark/inference_ms,25.610456
1779463875.548,/benchmark/inference_ms,25.663319
1779463875.596,/benchmark/inference_ms,25.474205
1779463875.643,/benchmark/inference_ms,25.871569
1779463875.690,/benchmark/inference_ms,25.883184
1779463875.737,/benchmark/inference_ms,26.323488
1779463875.784,/benchmark/inference_ms,25.983820
1779463875.831,/benchmark/inference_ms,25.862385
1779463875.879,/benchmark/inference_ms,25.723637
1779463875.941,/benchmark/inference_ms,25.301699
1779463875.974,/benchmark/inference_ms,25.872272
1779463876.021,/benchmark/inference_ms,25.943821
1779463876.068,/benchmark/inference_ms,25.903471
1779463876.115,/benchmark/inference_ms,26.012556
1779463876.163,/benchmark/inference_ms,25.678358
1779463876.210,/benchmark/inference_ms,25.425535
1779463876.257,/benchmark/inference_ms,25.400736
1779463876.304,/benchmark/inference_ms,26.565659
1779463876.355,/benchmark/inference_ms,28.132647
1779463876.407,/benchmark/inference_ms,28.154631
1779463876.455,/benchmark/inference_ms,28.538200
1779463876.503,/benchmark/inference_ms,26.601048
1779463876.550,/benchmark/inference_ms,25.591738
1779463876.599,/benchmark/inference_ms,25.630808
1779463876.645,/benchmark/inference_ms,26.029036
1779463876.693,/benchmark/inference_ms,26.480253
1779463876.741,/benchmark/inference_ms,26.379040
1779463876.788,/benchmark/inference_ms,25.896849
1779463876.834,/benchmark/inference_ms,25.641817
1779463876.882,/benchmark/inference_ms,25.797684
1779463876.928,/benchmark/inference_ms,25.811764
1779463876.976,/benchmark/inference_ms,27.013260
1779463877.023,/benchmark/inference_ms,26.390112
1779463877.070,/benchmark/inference_ms,25.102604
1779463877.116,/benchmark/inference_ms,24.553083
1779463877.165,/benchmark/inference_ms,25.604027
1779463877.211,/benchmark/inference_ms,25.303877
1779463877.258,/benchmark/inference_ms,24.666233
1779463877.301,/benchmark/inference_ms,25.049419
1779463877.348,/benchmark/inference_ms,25.077963
1779463877.395,/benchmark/inference_ms,25.167496
1779463877.442,/benchmark/inference_ms,26.413599
1779463877.488,/benchmark/inference_ms,24.876337
1779463877.534,/benchmark/inference_ms,24.551483
1779463877.581,/benchmark/inference_ms,25.383938
1779463877.627,/benchmark/inference_ms,25.349443
1779463877.672,/benchmark/inference_ms,25.144522
1779463877.721,/benchmark/inference_ms,24.623644
1779463877.764,/benchmark/inference_ms,25.182440
1779463877.810,/benchmark/inference_ms,25.248007
1779463877.856,/benchmark/inference_ms,25.382753
1779463877.901,/benchmark/inference_ms,24.847956
1779463877.947,/benchmark/inference_ms,24.876146
1779463877.992,/benchmark/inference_ms,25.361250
1779463878.039,/benchmark/inference_ms,25.296356
1779463878.085,/benchmark/inference_ms,25.473503
1779463878.131,/benchmark/inference_ms,24.848404
1779463878.177,/benchmark/inference_ms,25.296516
1779463878.223,/benchmark/inference_ms,25.423328
1779463878.269,/benchmark/inference_ms,24.938097
1779463878.315,/benchmark/inference_ms,24.964497
1779463878.361,/benchmark/inference_ms,25.073709
1779463878.407,/benchmark/inference_ms,25.373730
1779463878.455,/benchmark/inference_ms,24.909651
1779463878.500,/benchmark/inference_ms,25.045164
1779463878.546,/benchmark/inference_ms,24.617275
1779463878.593,/benchmark/inference_ms,25.108843
1779463878.639,/benchmark/inference_ms,25.096972
1779463878.685,/benchmark/inference_ms,25.165930
1779463878.730,/benchmark/inference_ms,24.950928
1779463878.777,/benchmark/inference_ms,25.056717
1779463878.823,/benchmark/inference_ms,25.169163
1779463878.869,/benchmark/inference_ms,25.417057
1779463878.915,/benchmark/inference_ms,25.043150
1779463878.961,/benchmark/inference_ms,24.800085
1779463879.007,/benchmark/inference_ms,25.029453
1779463879.053,/benchmark/inference_ms,25.169449
1779463879.099,/benchmark/inference_ms,25.098316
1779463879.144,/benchmark/inference_ms,24.571325
1779463879.190,/benchmark/inference_ms,24.314438
1779463879.238,/benchmark/inference_ms,25.192169
1779463879.282,/benchmark/inference_ms,24.781174
1779463879.328,/benchmark/inference_ms,24.684122
1779463879.374,/benchmark/inference_ms,24.642300
1779463879.419,/benchmark/inference_ms,24.902802
1779463879.465,/benchmark/inference_ms,24.877363
1779463879.512,/benchmark/inference_ms,24.689787
1779463879.558,/benchmark/inference_ms,24.458210
1779463879.604,/benchmark/inference_ms,24.987055
1779463879.650,/benchmark/inference_ms,25.293190
1779463879.695,/benchmark/inference_ms,24.903891
1779463879.743,/benchmark/inference_ms,24.769815
1779463879.788,/benchmark/inference_ms,24.785173
1779463879.834,/benchmark/inference_ms,25.047758
1779463879.880,/benchmark/inference_ms,25.098764
1779463879.926,/benchmark/inference_ms,25.039982
1779463879.971,/benchmark/inference_ms,24.684954
1779463880.018,/benchmark/inference_ms,25.286886
1779463880.064,/benchmark/inference_ms,25.500158
1779463880.110,/benchmark/inference_ms,24.463490
1779463880.155,/benchmark/inference_ms,24.812950
1779463880.203,/benchmark/inference_ms,24.895700
1779463880.248,/benchmark/inference_ms,25.256392
1779463880.294,/benchmark/inference_ms,25.114445
1779463880.339,/benchmark/inference_ms,25.001455
1779463880.386,/benchmark/inference_ms,25.051918
1779463880.431,/benchmark/inference_ms,25.130669
1779463880.480,/benchmark/inference_ms,25.232105
1779463880.524,/benchmark/inference_ms,25.082254
1779463880.569,/benchmark/inference_ms,24.822710
1779463880.616,/benchmark/inference_ms,24.944307
1779463880.663,/benchmark/inference_ms,25.120651
1779463880.709,/benchmark/inference_ms,25.329062
1779463880.755,/benchmark/inference_ms,24.789305
1779463880.801,/benchmark/inference_ms,24.853077
1779463880.846,/benchmark/inference_ms,25.183531
1779463880.893,/benchmark/inference_ms,25.213610
1779463880.939,/benchmark/inference_ms,25.159693
1779463880.986,/benchmark/inference_ms,24.939123
1779463881.031,/benchmark/inference_ms,24.283144
1779463881.077,/benchmark/inference_ms,25.259434
1779463881.124,/benchmark/inference_ms,25.377253
1779463881.170,/benchmark/inference_ms,25.014353
1779463881.215,/benchmark/inference_ms,24.422501
1779463881.261,/benchmark/inference_ms,25.533600
1779463881.308,/benchmark/inference_ms,25.130636
1779463881.354,/benchmark/inference_ms,25.229450
1779463881.400,/benchmark/inference_ms,24.897364
1779463881.447,/benchmark/inference_ms,24.496418
1779463881.492,/benchmark/inference_ms,25.277704
1779463881.539,/benchmark/inference_ms,25.103598
1779463881.585,/benchmark/inference_ms,24.939444
1779463881.631,/benchmark/inference_ms,24.784346
1779463881.676,/benchmark/inference_ms,24.543776
1779463881.723,/benchmark/inference_ms,25.349094
1779463881.770,/benchmark/inference_ms,25.448290
1779463881.817,/benchmark/inference_ms,25.200714
1779463881.863,/benchmark/inference_ms,24.732443
1779463881.910,/benchmark/inference_ms,24.861141
1779463881.956,/benchmark/inference_ms,25.109486
1779463882.002,/benchmark/inference_ms,25.315079
1779463882.048,/benchmark/inference_ms,24.830135
1779463882.093,/benchmark/inference_ms,24.609503
1779463882.140,/benchmark/inference_ms,25.097551
1779463882.186,/benchmark/inference_ms,25.451523
1779463882.234,/benchmark/inference_ms,25.116558
1779463882.277,/benchmark/inference_ms,24.660669
1779463882.323,/benchmark/inference_ms,24.834841
1779463882.369,/benchmark/inference_ms,25.081423
1779463882.417,/benchmark/inference_ms,25.826038
1779463882.466,/benchmark/inference_ms,27.958673
1779463882.514,/benchmark/inference_ms,26.013329
1779463882.561,/benchmark/inference_ms,25.737913
1779463882.608,/benchmark/inference_ms,25.476385
1779463882.655,/benchmark/inference_ms,25.479139
1779463882.706,/benchmark/inference_ms,25.654396
1779463882.749,/benchmark/inference_ms,25.525473
1779463882.796,/benchmark/inference_ms,25.093039
1779463882.842,/benchmark/inference_ms,25.430853
1779463882.889,/benchmark/inference_ms,25.930738
1779463882.938,/benchmark/inference_ms,27.077614
1779463882.987,/benchmark/inference_ms,27.216873
1779463883.035,/benchmark/inference_ms,26.614334
1779463883.082,/benchmark/inference_ms,25.830679
1779463883.128,/benchmark/inference_ms,25.857687
1779463883.175,/benchmark/inference_ms,25.607199
1779463883.223,/benchmark/inference_ms,26.104975
1779463883.270,/benchmark/inference_ms,25.873014
1779463883.317,/benchmark/inference_ms,25.839224
1779463883.365,/benchmark/inference_ms,25.916500
1779463883.413,/benchmark/inference_ms,26.146349
1779463883.460,/benchmark/inference_ms,26.006739
1779463883.508,/benchmark/inference_ms,25.794201
1779463883.555,/benchmark/inference_ms,26.463747
1779463883.604,/benchmark/inference_ms,27.036209
1779463883.652,/benchmark/inference_ms,27.274057
1779463883.699,/benchmark/inference_ms,25.374599
1779463883.746,/benchmark/inference_ms,25.604416
1779463883.792,/benchmark/inference_ms,24.887733
1779463883.838,/benchmark/inference_ms,24.908117
1779463883.884,/benchmark/inference_ms,25.339785
1779463883.931,/benchmark/inference_ms,25.726522
1779463883.980,/benchmark/inference_ms,25.710939
1779463884.024,/benchmark/inference_ms,24.902742
1779463884.070,/benchmark/inference_ms,25.109711
1779463884.117,/benchmark/inference_ms,25.125168
1779463884.165,/benchmark/inference_ms,25.489285
1779463884.211,/benchmark/inference_ms,25.142672
1779463884.257,/benchmark/inference_ms,24.756475
1779463884.304,/benchmark/inference_ms,24.816793
1779463884.351,/benchmark/inference_ms,25.103920
1779463884.398,/benchmark/inference_ms,25.664799
1779463884.444,/benchmark/inference_ms,25.035089
1779463884.492,/benchmark/inference_ms,24.700127
1779463884.535,/benchmark/inference_ms,24.543489
1779463884.582,/benchmark/inference_ms,26.017939
1779463884.632,/benchmark/inference_ms,26.392359
1779463884.681,/benchmark/inference_ms,26.614367
1779463884.728,/benchmark/inference_ms,25.921844
1779463884.775,/benchmark/inference_ms,25.934772
1779463884.823,/benchmark/inference_ms,26.175085
1779463884.871,/benchmark/inference_ms,26.225708
1779463884.918,/benchmark/inference_ms,26.167629
1779463884.965,/benchmark/inference_ms,25.765627
1779463885.015,/benchmark/inference_ms,26.493252
1779463885.060,/benchmark/inference_ms,26.303530
1779463885.109,/benchmark/inference_ms,26.188942
1779463885.158,/benchmark/inference_ms,26.012371
1779463885.206,/benchmark/inference_ms,25.780924
1779463885.253,/benchmark/inference_ms,25.595873
1779463885.299,/benchmark/inference_ms,26.443270
1779463885.347,/benchmark/inference_ms,26.334728
1779463885.396,/benchmark/inference_ms,26.663902
1779463885.444,/benchmark/inference_ms,26.755674
1779463885.494,/benchmark/inference_ms,25.708349
1779463885.539,/benchmark/inference_ms,26.497028
1779463885.587,/benchmark/inference_ms,24.854170
1779463885.632,/benchmark/inference_ms,25.070129
1779463885.678,/benchmark/inference_ms,24.968885
1779463885.725,/benchmark/inference_ms,24.569796
1779463885.772,/benchmark/inference_ms,25.543236
1779463885.816,/benchmark/inference_ms,24.849913
1779463885.863,/benchmark/inference_ms,24.902840
1779463885.909,/benchmark/inference_ms,24.605473
1779463885.954,/benchmark/inference_ms,25.104113
1779463886.000,/benchmark/inference_ms,25.078033
1779463886.046,/benchmark/inference_ms,25.086481
1779463886.092,/benchmark/inference_ms,24.809851
1779463886.138,/benchmark/inference_ms,24.107538
1779463886.184,/benchmark/inference_ms,25.216303
1779463886.230,/benchmark/inference_ms,25.298828
1779463886.276,/benchmark/inference_ms,24.858618
1779463886.323,/benchmark/inference_ms,25.113106
1779463886.369,/benchmark/inference_ms,25.181711
1779463886.415,/benchmark/inference_ms,25.428167
1779463886.462,/benchmark/inference_ms,25.411880
1779463886.509,/benchmark/inference_ms,24.850233
1779463886.556,/benchmark/inference_ms,25.399719
1779463886.602,/benchmark/inference_ms,25.281069
1779463886.648,/benchmark/inference_ms,25.232525
1779463886.696,/benchmark/inference_ms,25.418983
1779463886.742,/benchmark/inference_ms,25.365353
1779463886.788,/benchmark/inference_ms,25.614784
1779463886.835,/benchmark/inference_ms,25.927446
1779463886.882,/benchmark/inference_ms,25.493702
1779463886.930,/benchmark/inference_ms,24.513668
1779463886.975,/benchmark/inference_ms,24.147888
1779463887.022,/benchmark/inference_ms,25.872919
1779463887.067,/benchmark/inference_ms,25.301453
1779463887.113,/benchmark/inference_ms,24.969110
1779463887.159,/benchmark/inference_ms,24.905401
1779463887.208,/benchmark/inference_ms,24.432234
1779463887.250,/benchmark/inference_ms,25.415529
1779463887.296,/benchmark/inference_ms,25.064692
1779463887.342,/benchmark/inference_ms,25.298317
1779463887.388,/benchmark/inference_ms,24.569538
1779463887.433,/benchmark/inference_ms,24.995190
1779463887.480,/benchmark/inference_ms,26.294476
1779463887.526,/benchmark/inference_ms,25.090996
1779463887.572,/benchmark/inference_ms,24.777533
1779463887.619,/benchmark/inference_ms,24.998934
1779463887.664,/benchmark/inference_ms,25.186064
1779463887.710,/benchmark/inference_ms,25.036596
1779463887.757,/benchmark/inference_ms,24.734495
1779463887.802,/benchmark/inference_ms,25.249166
1779463887.848,/benchmark/inference_ms,25.049397
1779463887.895,/benchmark/inference_ms,25.396360
1779463887.940,/benchmark/inference_ms,24.890041
1779463887.987,/benchmark/inference_ms,24.177713
1779463888.033,/benchmark/inference_ms,25.206863
1779463888.079,/benchmark/inference_ms,25.099859
1779463888.124,/benchmark/inference_ms,24.558372
1779463888.170,/benchmark/inference_ms,24.912186
1779463888.218,/benchmark/inference_ms,25.307566
1779463888.263,/benchmark/inference_ms,25.242126
1779463888.313,/benchmark/inference_ms,27.082771
1779463888.360,/benchmark/inference_ms,27.090483
1779463888.406,/benchmark/inference_ms,26.212400
1779463888.454,/benchmark/inference_ms,24.913786
1779463888.500,/benchmark/inference_ms,25.263437
1779463888.548,/benchmark/inference_ms,25.526468
1779463888.595,/benchmark/inference_ms,25.046741
1779463888.643,/benchmark/inference_ms,25.950968
1779463888.691,/benchmark/inference_ms,26.900698
1779463888.739,/benchmark/inference_ms,25.968311
1779463888.787,/benchmark/inference_ms,25.882202
1779463888.835,/benchmark/inference_ms,25.888954
1779463888.882,/benchmark/inference_ms,25.992342
1779463888.930,/benchmark/inference_ms,25.872219
1779463888.976,/benchmark/inference_ms,26.009014
1779463889.023,/benchmark/inference_ms,25.888153
1779463889.070,/benchmark/inference_ms,26.019094
1779463889.117,/benchmark/inference_ms,25.789501
1779463889.164,/benchmark/inference_ms,25.944057
1779463889.211,/benchmark/inference_ms,25.911577
1779463889.258,/benchmark/inference_ms,25.713440
1779463889.304,/benchmark/inference_ms,25.801119
1779463889.352,/benchmark/inference_ms,26.007351
1779463889.402,/benchmark/inference_ms,26.127922
1779463889.446,/benchmark/inference_ms,25.828573
1779463889.494,/benchmark/inference_ms,25.646114
1779463889.541,/benchmark/inference_ms,25.209520
1779463889.588,/benchmark/inference_ms,25.281389
1779463889.635,/benchmark/inference_ms,25.132978
1779463889.682,/benchmark/inference_ms,25.080116
1779463889.728,/benchmark/inference_ms,25.283503
1779463889.775,/benchmark/inference_ms,24.786621
1779463889.822,/benchmark/inference_ms,25.236816
1779463889.869,/benchmark/inference_ms,24.815903
1779463889.916,/benchmark/inference_ms,24.781567
1779463889.962,/benchmark/inference_ms,25.117908
1779463890.009,/benchmark/inference_ms,25.136179
1779463890.056,/benchmark/inference_ms,25.447977
1779463890.103,/benchmark/inference_ms,26.016214
1779463890.151,/benchmark/inference_ms,25.970873
1779463890.198,/benchmark/inference_ms,25.607908
1779463890.247,/benchmark/inference_ms,26.058838
1779463890.292,/benchmark/inference_ms,25.943130
1779463890.339,/benchmark/inference_ms,25.972376
1779463890.386,/benchmark/inference_ms,25.619108
1779463890.433,/benchmark/inference_ms,25.430761
1779463890.480,/benchmark/inference_ms,26.143347
1779463890.527,/benchmark/inference_ms,25.738176
1779463890.574,/benchmark/inference_ms,25.603493
1779463890.620,/benchmark/inference_ms,25.658339
1779463890.667,/benchmark/inference_ms,25.636419
1779463890.714,/benchmark/inference_ms,25.783134
1779463890.760,/benchmark/inference_ms,25.852636
1779463890.807,/benchmark/inference_ms,25.833214
1779463890.855,/benchmark/inference_ms,25.542791
1779463890.902,/benchmark/inference_ms,25.546598
1779463890.949,/benchmark/inference_ms,25.476265
1779463890.997,/benchmark/inference_ms,25.575462
1779463891.044,/benchmark/inference_ms,25.379915
1779463891.091,/benchmark/inference_ms,25.478058
1779463891.139,/benchmark/inference_ms,25.263952
1779463891.191,/benchmark/inference_ms,25.764481
1779463891.235,/benchmark/inference_ms,25.784544
1779463891.283,/benchmark/inference_ms,25.435692
1779463891.331,/benchmark/inference_ms,25.344110
1779463891.378,/benchmark/inference_ms,25.456970
1779463891.425,/benchmark/inference_ms,25.564072
1779463891.472,/benchmark/inference_ms,25.931547
1779463891.520,/benchmark/inference_ms,25.560999
1779463891.568,/benchmark/inference_ms,25.586950
1779463891.614,/benchmark/inference_ms,25.882685
1779463891.661,/benchmark/inference_ms,26.410891
1779463891.710,/benchmark/inference_ms,26.052343
1779463891.756,/benchmark/inference_ms,25.900251
1779463891.802,/benchmark/inference_ms,25.971962
1779463891.849,/benchmark/inference_ms,25.650436
1779463891.897,/benchmark/inference_ms,25.571302
1779463891.944,/benchmark/inference_ms,25.288464
1779463891.992,/benchmark/inference_ms,26.073494
1779463892.039,/benchmark/inference_ms,26.589926
1779463892.087,/benchmark/inference_ms,26.108887
1779463892.134,/benchmark/inference_ms,25.950939
1779463892.181,/benchmark/inference_ms,26.188211
1779463892.227,/benchmark/inference_ms,26.147732
1779463892.275,/benchmark/inference_ms,25.725185
1779463892.323,/benchmark/inference_ms,25.458826
1779463892.370,/benchmark/inference_ms,25.271538
1779463892.417,/benchmark/inference_ms,25.200661
1779463892.464,/benchmark/inference_ms,25.189877
1779463892.511,/benchmark/inference_ms,25.582342
1779463892.558,/benchmark/inference_ms,25.839550
1779463892.605,/benchmark/inference_ms,25.732962
1779463892.652,/benchmark/inference_ms,26.022585
1779463892.699,/benchmark/inference_ms,25.985531
1779463892.749,/benchmark/inference_ms,26.194450
1779463892.793,/benchmark/inference_ms,25.800097
1779463892.840,/benchmark/inference_ms,25.706146
1779463892.887,/benchmark/inference_ms,25.787296
1779463892.933,/benchmark/inference_ms,25.609606
1779463892.982,/benchmark/inference_ms,25.834015
1779463893.028,/benchmark/inference_ms,25.725601
1779463893.075,/benchmark/inference_ms,25.525768
1779463893.122,/benchmark/inference_ms,25.397711
1779463893.169,/benchmark/inference_ms,25.414446
1779463893.217,/benchmark/inference_ms,26.051481
1779463893.264,/benchmark/inference_ms,25.420237
1779463893.312,/benchmark/inference_ms,26.197811
1779463893.359,/benchmark/inference_ms,25.741634
1779463893.408,/benchmark/inference_ms,26.292946
1779463893.459,/benchmark/inference_ms,25.914589
1779463893.501,/benchmark/inference_ms,25.884958
1779463893.550,/benchmark/inference_ms,26.151638
1779463893.598,/benchmark/inference_ms,26.052088
1779463893.645,/benchmark/inference_ms,25.824800
1779463893.693,/benchmark/inference_ms,25.765024
1779463893.741,/benchmark/inference_ms,25.766273
1779463893.788,/benchmark/inference_ms,25.257010
1779463893.838,/benchmark/inference_ms,25.588007
1779463893.882,/benchmark/inference_ms,25.803713
1779463893.929,/benchmark/inference_ms,25.644997
1779463893.976,/benchmark/inference_ms,25.539595
1779463894.023,/benchmark/inference_ms,25.868734
1779463894.070,/benchmark/inference_ms,25.868767
1779463894.117,/benchmark/inference_ms,25.623112
1779463894.164,/benchmark/inference_ms,25.767235
1779463894.210,/benchmark/inference_ms,25.744291
1779463894.257,/benchmark/inference_ms,25.663589
1779463894.303,/benchmark/inference_ms,25.848192
1779463894.352,/benchmark/inference_ms,26.190966
1779463894.399,/benchmark/inference_ms,25.525930
1779463894.447,/benchmark/inference_ms,25.549770
1779463894.495,/benchmark/inference_ms,25.838144
1779463894.542,/benchmark/inference_ms,25.697475
1779463894.591,/benchmark/inference_ms,25.633223
1779463894.638,/benchmark/inference_ms,25.839905
1779463894.687,/benchmark/inference_ms,25.702213
1779463894.735,/benchmark/inference_ms,26.011003
1779463894.780,/benchmark/inference_ms,25.593576
1779463894.830,/benchmark/inference_ms,25.616264
1779463894.882,/benchmark/inference_ms,26.037659
1779463894.928,/benchmark/inference_ms,26.299538
1779463894.975,/benchmark/inference_ms,25.507467
1779463895.023,/benchmark/inference_ms,25.784706
1779463895.071,/benchmark/inference_ms,26.074297
1779463895.119,/benchmark/inference_ms,25.887232
1779463895.167,/benchmark/inference_ms,25.504044
1779463895.215,/benchmark/inference_ms,26.103577
1779463895.263,/benchmark/inference_ms,25.423056
1779463895.310,/benchmark/inference_ms,25.374992
1779463895.357,/benchmark/inference_ms,25.518284
1779463895.405,/benchmark/inference_ms,25.585321
1779463895.454,/benchmark/inference_ms,25.550987
1779463895.499,/benchmark/inference_ms,25.384592
1779463895.547,/benchmark/inference_ms,25.333906
1779463895.594,/benchmark/inference_ms,24.979422
1779463895.640,/benchmark/inference_ms,24.890207
1779463895.687,/benchmark/inference_ms,25.229046
1779463895.736,/benchmark/inference_ms,25.178391
1779463895.782,/benchmark/inference_ms,25.502571
1779463895.829,/benchmark/inference_ms,25.773378
1779463895.876,/benchmark/inference_ms,26.010683
1779463895.926,/benchmark/inference_ms,26.139128
1779463895.972,/benchmark/inference_ms,26.416878
1779463896.019,/benchmark/inference_ms,25.778915
1779463896.066,/benchmark/inference_ms,26.053850
1779463896.114,/benchmark/inference_ms,25.908031
1779463896.161,/benchmark/inference_ms,26.273108
1779463896.210,/benchmark/inference_ms,26.182711
1779463896.255,/benchmark/inference_ms,26.187990
1779463896.302,/benchmark/inference_ms,26.151320
1779463896.349,/benchmark/inference_ms,26.103960
1779463896.396,/benchmark/inference_ms,24.722630
1779463896.447,/benchmark/inference_ms,29.967709
1779463896.495,/benchmark/inference_ms,25.889889
1779463896.541,/benchmark/inference_ms,25.851330
1779463896.587,/benchmark/inference_ms,25.977791
1779463896.638,/benchmark/inference_ms,25.906942
1779463896.685,/benchmark/inference_ms,25.437008
1779463896.733,/benchmark/inference_ms,25.881216
1779463896.780,/benchmark/inference_ms,25.623785
1779463896.827,/benchmark/inference_ms,24.598026
1779463896.875,/benchmark/inference_ms,25.332018
1779463896.922,/benchmark/inference_ms,25.507948
1779463896.971,/benchmark/inference_ms,26.297363
1779463897.018,/benchmark/inference_ms,26.331955
1779463897.064,/benchmark/inference_ms,26.029276
1779463897.112,/benchmark/inference_ms,25.961920
1779463897.161,/benchmark/inference_ms,26.237078
1779463897.209,/benchmark/inference_ms,26.151384
1779463897.254,/benchmark/inference_ms,25.784197
1779463897.303,/benchmark/inference_ms,25.756966
1779463897.351,/benchmark/inference_ms,25.740454
1779463897.398,/benchmark/inference_ms,25.367411
1779463897.446,/benchmark/inference_ms,25.258228
1779463897.494,/benchmark/inference_ms,24.924576
1779463897.542,/benchmark/inference_ms,26.393681
1779463897.590,/benchmark/inference_ms,26.189590
1779463897.637,/benchmark/inference_ms,26.402033
1779463897.684,/benchmark/inference_ms,25.979967
1779463897.731,/benchmark/inference_ms,26.147352
1779463897.779,/benchmark/inference_ms,26.105370
1779463897.826,/benchmark/inference_ms,25.581867
1779463897.874,/benchmark/inference_ms,25.229399
1779463897.921,/benchmark/inference_ms,25.288374
1779463897.971,/benchmark/inference_ms,25.332499
1779463898.015,/benchmark/inference_ms,25.173847
1779463898.062,/benchmark/inference_ms,25.327026
1779463898.110,/benchmark/inference_ms,25.153240
1779463898.157,/benchmark/inference_ms,25.350418
1779463898.209,/benchmark/inference_ms,25.550734
1779463898.252,/benchmark/inference_ms,25.598507
1779463898.301,/benchmark/inference_ms,25.271351
1779463898.348,/benchmark/inference_ms,25.025343
1779463898.395,/benchmark/inference_ms,25.161848
1779463898.441,/benchmark/inference_ms,25.344339
1779463898.489,/benchmark/inference_ms,26.018366
1779463898.537,/benchmark/inference_ms,25.985119
1779463898.585,/benchmark/inference_ms,25.880291
1779463898.632,/benchmark/inference_ms,25.844612
1779463898.679,/benchmark/inference_ms,25.482927
1779463898.727,/benchmark/inference_ms,26.113050
1779463898.774,/benchmark/inference_ms,26.212248
1779463898.821,/benchmark/inference_ms,26.098364
1779463898.868,/benchmark/inference_ms,25.746309
1779463898.915,/benchmark/inference_ms,25.779814
1779463898.961,/benchmark/inference_ms,25.912354
1779463899.008,/benchmark/inference_ms,25.839138
1779463899.055,/benchmark/inference_ms,25.556908
1779463899.102,/benchmark/inference_ms,25.582157
1779463899.150,/benchmark/inference_ms,25.475376
1779463899.197,/benchmark/inference_ms,25.363092
1779463899.244,/benchmark/inference_ms,25.436113
1779463899.290,/benchmark/inference_ms,25.344309
1779463899.339,/benchmark/inference_ms,25.419025
1779463899.386,/benchmark/inference_ms,25.217527
1779463899.433,/benchmark/inference_ms,25.188665
1779463899.480,/benchmark/inference_ms,25.132891
1779463899.527,/benchmark/inference_ms,24.891043
1779463899.574,/benchmark/inference_ms,24.922882
1779463899.622,/benchmark/inference_ms,25.723721
1779463899.668,/benchmark/inference_ms,25.778694
1779463899.715,/benchmark/inference_ms,25.527119
1779463899.762,/benchmark/inference_ms,25.836292
1779463899.810,/benchmark/inference_ms,26.064924
1779463899.856,/benchmark/inference_ms,25.973791
1779463899.904,/benchmark/inference_ms,25.801605
1779463899.950,/benchmark/inference_ms,25.482800
1779463899.997,/benchmark/inference_ms,25.696650
1779463900.045,/benchmark/inference_ms,25.740776
1779463900.091,/benchmark/inference_ms,25.871044
1779463900.139,/benchmark/inference_ms,25.506639
1779463900.187,/benchmark/inference_ms,25.652395
1779463900.237,/benchmark/inference_ms,25.648779
1779463900.281,/benchmark/inference_ms,25.396851
1779463900.329,/benchmark/inference_ms,25.323158
1779463900.376,/benchmark/inference_ms,25.429522
1779463900.422,/benchmark/inference_ms,25.087933
1779463900.472,/benchmark/inference_ms,25.080893
1779463900.516,/benchmark/inference_ms,25.317814
1779463900.563,/benchmark/inference_ms,25.658634
1779463900.610,/benchmark/inference_ms,26.075069
1779463900.658,/benchmark/inference_ms,26.382484
1779463900.706,/benchmark/inference_ms,24.967041
1779463900.751,/benchmark/inference_ms,25.847780
1779463900.797,/benchmark/inference_ms,26.006529
1779463900.857,/benchmark/inference_ms,25.780294
1779463900.892,/benchmark/inference_ms,25.851524
1779463900.939,/benchmark/inference_ms,25.727880
1779463900.987,/benchmark/inference_ms,25.616268
1779463901.035,/benchmark/inference_ms,25.424690
1779463901.083,/benchmark/inference_ms,25.515505
1779463901.130,/benchmark/inference_ms,25.509617
1779463901.177,/benchmark/inference_ms,25.077759
1779463901.224,/benchmark/inference_ms,25.150620
1779463901.270,/benchmark/inference_ms,25.101183
1779463901.317,/benchmark/inference_ms,25.912804
1779463901.366,/benchmark/inference_ms,25.895332
1779463901.413,/benchmark/inference_ms,25.674347
1779463901.459,/benchmark/inference_ms,25.556368
1779463901.506,/benchmark/inference_ms,25.951235
1779463901.554,/benchmark/inference_ms,25.874084
1779463901.599,/benchmark/inference_ms,25.375381
1779463901.647,/benchmark/inference_ms,26.118429
1779463901.694,/benchmark/inference_ms,25.790888
1779463901.741,/benchmark/inference_ms,26.039583
1779463901.788,/benchmark/inference_ms,25.816614
1779463901.836,/benchmark/inference_ms,25.941442
1779463901.883,/benchmark/inference_ms,25.804520
1779463901.932,/benchmark/inference_ms,25.539120
1779463901.978,/benchmark/inference_ms,25.516977
1779463902.026,/benchmark/inference_ms,25.922947
1779463902.073,/benchmark/inference_ms,25.606222
1779463902.121,/benchmark/inference_ms,25.182844
1779463902.168,/benchmark/inference_ms,24.968035
1779463902.214,/benchmark/inference_ms,24.883589
1779463902.262,/benchmark/inference_ms,25.145948
1779463902.309,/benchmark/inference_ms,25.711914
1779463902.356,/benchmark/inference_ms,25.291609
1779463902.404,/benchmark/inference_ms,26.037474
1779463902.455,/benchmark/inference_ms,27.674507
1779463902.503,/benchmark/inference_ms,27.560207
1779463902.551,/benchmark/inference_ms,26.730762
1779463902.599,/benchmark/inference_ms,27.030975
1779463902.647,/benchmark/inference_ms,27.012386
1779463902.694,/benchmark/inference_ms,26.220123
1779463902.742,/benchmark/inference_ms,27.426708
1779463902.790,/benchmark/inference_ms,26.102303
1779463902.839,/benchmark/inference_ms,24.854151
1779463902.884,/benchmark/inference_ms,25.287640
1779463902.932,/benchmark/inference_ms,25.645933
1779463902.978,/benchmark/inference_ms,25.866821
1779463903.027,/benchmark/inference_ms,25.870182
1779463903.075,/benchmark/inference_ms,26.312792
1779463903.120,/benchmark/inference_ms,24.514769
1779463903.166,/benchmark/inference_ms,24.889894
1779463903.213,/benchmark/inference_ms,24.440212
1779463903.261,/benchmark/inference_ms,25.235771
1779463903.305,/benchmark/inference_ms,25.259163
1779463903.351,/benchmark/inference_ms,25.092958
1779463903.397,/benchmark/inference_ms,25.123262
1779463903.444,/benchmark/inference_ms,24.643341
1779463903.489,/benchmark/inference_ms,25.531506
1779463903.536,/benchmark/inference_ms,25.622927
1779463903.583,/benchmark/inference_ms,25.268538
1779463903.629,/benchmark/inference_ms,24.750954
1779463903.675,/benchmark/inference_ms,25.406229
1779463903.720,/benchmark/inference_ms,25.257818
1779463903.767,/benchmark/inference_ms,25.061026
1779463903.813,/benchmark/inference_ms,24.560816
1779463903.859,/benchmark/inference_ms,25.242075
1779463903.905,/benchmark/inference_ms,25.264187
1779463903.951,/benchmark/inference_ms,25.258875
1779463904.011,/benchmark/inference_ms,25.171549
1779463904.044,/benchmark/inference_ms,25.048161
1779463904.090,/benchmark/inference_ms,25.294619
1779463904.136,/benchmark/inference_ms,25.114304
1779463904.181,/benchmark/inference_ms,24.905798
1779463904.227,/benchmark/inference_ms,25.165756
1779463904.275,/benchmark/inference_ms,26.011427
1779463904.320,/benchmark/inference_ms,25.288027
1779463904.366,/benchmark/inference_ms,25.099360
1779463904.412,/benchmark/inference_ms,24.874184
1779463904.461,/benchmark/inference_ms,25.144798
1779463904.506,/benchmark/inference_ms,25.924326
1779463904.553,/benchmark/inference_ms,26.402805
1779463904.602,/benchmark/inference_ms,26.507540
1779463904.649,/benchmark/inference_ms,25.675756
1779463904.697,/benchmark/inference_ms,25.905157
1779463904.743,/benchmark/inference_ms,24.904263
1779463904.790,/benchmark/inference_ms,25.323320
1779463904.837,/benchmark/inference_ms,25.618095
1779463904.886,/benchmark/inference_ms,27.094400
1779463904.933,/benchmark/inference_ms,26.324505
1779463904.980,/benchmark/inference_ms,26.183197
1779463905.027,/benchmark/inference_ms,25.825161
1779463905.076,/benchmark/inference_ms,25.707052
1779463905.121,/benchmark/inference_ms,26.749483
1779463905.169,/benchmark/inference_ms,26.847080
1779463905.217,/benchmark/inference_ms,25.485748
1779463905.262,/benchmark/inference_ms,24.838825
1779463905.308,/benchmark/inference_ms,25.998116
1779463905.357,/benchmark/inference_ms,26.415127
1779463905.408,/benchmark/inference_ms,26.646065
1779463905.454,/benchmark/inference_ms,26.595600
1779463905.501,/benchmark/inference_ms,25.661711
1779463905.546,/benchmark/inference_ms,25.841896
1779463905.595,/benchmark/inference_ms,25.400791
1779463905.641,/benchmark/inference_ms,25.338938
1779463905.688,/benchmark/inference_ms,25.399223
1779463905.735,/benchmark/inference_ms,25.103394
1779463905.781,/benchmark/inference_ms,25.058018
1779463905.828,/benchmark/inference_ms,25.910919
1779463905.876,/benchmark/inference_ms,25.918438
1779463905.923,/benchmark/inference_ms,25.936295
1779463905.969,/benchmark/inference_ms,25.813290
1779463906.017,/benchmark/inference_ms,27.221821
1779463906.068,/benchmark/inference_ms,25.764011
1779463906.110,/benchmark/inference_ms,25.671631
1779463906.157,/benchmark/inference_ms,25.350426
1779463906.208,/benchmark/inference_ms,25.205790
1779463906.251,/benchmark/inference_ms,25.424120
1779463906.298,/benchmark/inference_ms,24.991364
1779463906.346,/benchmark/inference_ms,26.111328
1779463906.393,/benchmark/inference_ms,25.340891
1779463906.442,/benchmark/inference_ms,25.695951
1779463906.488,/benchmark/inference_ms,25.686382
1779463906.537,/benchmark/inference_ms,25.770285
1779463906.582,/benchmark/inference_ms,24.537428
1779463906.629,/benchmark/inference_ms,25.566450
1779463906.678,/benchmark/inference_ms,27.033443
1779463906.725,/benchmark/inference_ms,27.312891
1779463906.773,/benchmark/inference_ms,26.300924
1779463906.820,/benchmark/inference_ms,25.584753
1779463906.868,/benchmark/inference_ms,25.551987
1779463906.916,/benchmark/inference_ms,26.898216
1779463906.966,/benchmark/inference_ms,27.037348
1779463907.015,/benchmark/inference_ms,26.383034
1779463907.064,/benchmark/inference_ms,26.025925
1779463907.110,/benchmark/inference_ms,24.597170
1779463907.158,/benchmark/inference_ms,25.882217
1779463907.207,/benchmark/inference_ms,26.328058
1779463907.253,/benchmark/inference_ms,26.717072
1779463907.301,/benchmark/inference_ms,26.940519
1779463907.349,/benchmark/inference_ms,25.531893
1779463907.396,/benchmark/inference_ms,25.306492
1779463907.444,/benchmark/inference_ms,25.335163
1779463907.491,/benchmark/inference_ms,25.493526
1779463907.539,/benchmark/inference_ms,25.480406
1779463907.586,/benchmark/inference_ms,26.086243
1779463907.634,/benchmark/inference_ms,25.213470
1779463907.681,/benchmark/inference_ms,25.042660
1779463907.730,/benchmark/inference_ms,25.566738
1779463907.776,/benchmark/inference_ms,24.954023
1779463907.824,/benchmark/inference_ms,25.466871
1779463907.871,/benchmark/inference_ms,25.764429
1779463907.918,/benchmark/inference_ms,26.032549
1779463907.965,/benchmark/inference_ms,25.946856
1779463908.013,/benchmark/inference_ms,25.863146
1779463908.061,/benchmark/inference_ms,25.909000
1779463908.107,/benchmark/inference_ms,26.236479
1779463908.155,/benchmark/inference_ms,26.107746
1779463908.203,/benchmark/inference_ms,26.118305
1779463908.251,/benchmark/inference_ms,26.176929
1779463908.298,/benchmark/inference_ms,26.081476
1779463908.345,/benchmark/inference_ms,25.594868
1779463908.392,/benchmark/inference_ms,25.667280
1779463908.438,/benchmark/inference_ms,25.818027
1779463908.487,/benchmark/inference_ms,26.383226
1779463908.534,/benchmark/inference_ms,25.958536
1779463908.581,/benchmark/inference_ms,25.580051
1779463908.627,/benchmark/inference_ms,25.715216
1779463908.674,/benchmark/inference_ms,25.933737
1779463908.721,/benchmark/inference_ms,25.529366
1779463908.769,/benchmark/inference_ms,25.850668
1779463908.815,/benchmark/inference_ms,25.636114
1779463908.861,/benchmark/inference_ms,24.999239
1779463908.909,/benchmark/inference_ms,25.066628
1779463908.956,/benchmark/inference_ms,25.077890
1779463909.003,/benchmark/inference_ms,25.600115
1779463909.050,/benchmark/inference_ms,25.395418
1779463909.098,/benchmark/inference_ms,25.630356
1779463909.146,/benchmark/inference_ms,25.589493
1779463909.193,/benchmark/inference_ms,26.050117
1779463909.240,/benchmark/inference_ms,26.611795
1779463909.288,/benchmark/inference_ms,25.903723
1779463909.338,/benchmark/inference_ms,26.329275
1779463909.383,/benchmark/inference_ms,26.161955
1779463909.431,/benchmark/inference_ms,25.940105
1779463909.480,/benchmark/inference_ms,25.444824
1779463909.525,/benchmark/inference_ms,25.315037
1779463909.574,/benchmark/inference_ms,24.429081
1779463909.618,/benchmark/inference_ms,25.687857
1779463909.665,/benchmark/inference_ms,25.543573
1779463909.712,/benchmark/inference_ms,25.676081
1779463909.759,/benchmark/inference_ms,25.979366
1779463909.806,/benchmark/inference_ms,26.171329
1779463909.856,/benchmark/inference_ms,27.219393
1779463909.900,/benchmark/inference_ms,24.721041
1779463909.946,/benchmark/inference_ms,24.603794
1779463910.007,/benchmark/inference_ms,24.934984
1779463910.038,/benchmark/inference_ms,24.958471
1779463910.085,/benchmark/inference_ms,25.248383
1779463910.132,/benchmark/inference_ms,25.063141
1779463910.178,/benchmark/inference_ms,24.977064
1779463910.226,/benchmark/inference_ms,25.953993
1779463910.273,/benchmark/inference_ms,26.322878
1779463910.321,/benchmark/inference_ms,26.385340
1779463910.369,/benchmark/inference_ms,26.776527
1779463910.415,/benchmark/inference_ms,24.278206
1779463910.465,/benchmark/inference_ms,25.052582
1779463910.506,/benchmark/inference_ms,24.720530
1779463910.552,/benchmark/inference_ms,24.962601
1779463910.599,/benchmark/inference_ms,24.995592
1779463910.644,/benchmark/inference_ms,24.797773
1779463910.691,/benchmark/inference_ms,25.209345
1779463910.739,/benchmark/inference_ms,25.404730
1779463910.783,/benchmark/inference_ms,24.877516
1779463910.829,/benchmark/inference_ms,24.660755
1779463910.874,/benchmark/inference_ms,24.495319
1779463910.921,/benchmark/inference_ms,25.142435
1779463910.969,/benchmark/inference_ms,26.800558
1779463911.018,/benchmark/inference_ms,27.237791
1779463911.064,/benchmark/inference_ms,25.062983
1779463911.111,/benchmark/inference_ms,25.303135
1779463911.157,/benchmark/inference_ms,24.815277
1779463911.204,/benchmark/inference_ms,24.803949
1779463911.250,/benchmark/inference_ms,24.656370
1779463911.296,/benchmark/inference_ms,24.928843
1779463911.342,/benchmark/inference_ms,25.152195
1779463911.388,/benchmark/inference_ms,24.793966
1779463911.435,/benchmark/inference_ms,24.835215
1779463911.480,/benchmark/inference_ms,25.385820
1779463911.527,/benchmark/inference_ms,25.286655
1779463911.573,/benchmark/inference_ms,25.118214
1779463911.619,/benchmark/inference_ms,24.650740
1779463911.666,/benchmark/inference_ms,24.684658
1779463911.713,/benchmark/inference_ms,25.250080
1779463911.760,/benchmark/inference_ms,26.961483
1779463911.809,/benchmark/inference_ms,27.016905
1779463911.858,/benchmark/inference_ms,27.393276
1779463911.921,/benchmark/inference_ms,27.378204
1779463911.958,/benchmark/inference_ms,27.005545
1779463912.005,/benchmark/inference_ms,26.862604
1779463912.056,/benchmark/inference_ms,25.519960
1779463912.100,/benchmark/inference_ms,25.606455
1779463912.151,/benchmark/inference_ms,25.352638
1779463912.195,/benchmark/inference_ms,25.636374
1779463912.243,/benchmark/inference_ms,25.728819
1779463912.290,/benchmark/inference_ms,25.348829
1779463912.337,/benchmark/inference_ms,24.957867
1779463912.385,/benchmark/inference_ms,25.348862
1779463912.433,/benchmark/inference_ms,25.428923
1779463912.480,/benchmark/inference_ms,25.688339
1779463912.528,/benchmark/inference_ms,26.420444
1779463912.575,/benchmark/inference_ms,25.613911
1779463912.622,/benchmark/inference_ms,25.543961
1779463912.669,/benchmark/inference_ms,25.706835
1779463912.717,/benchmark/inference_ms,26.186148
1779463912.765,/benchmark/inference_ms,24.974251
1779463912.810,/benchmark/inference_ms,25.492346
1779463912.856,/benchmark/inference_ms,25.644341
1779463912.903,/benchmark/inference_ms,25.711058
1779463912.950,/benchmark/inference_ms,25.636469
1779463912.997,/benchmark/inference_ms,25.446426
1779463913.044,/benchmark/inference_ms,25.629494
1779463913.092,/benchmark/inference_ms,25.958187
1779463913.140,/benchmark/inference_ms,25.574039
1779463913.188,/benchmark/inference_ms,25.629431
1779463913.234,/benchmark/inference_ms,25.604088
1779463913.282,/benchmark/inference_ms,25.604183
1779463913.330,/benchmark/inference_ms,25.327105
1779463913.377,/benchmark/inference_ms,25.357632
1779463913.424,/benchmark/inference_ms,25.229378
1779463913.471,/benchmark/inference_ms,25.103878
1779463913.519,/benchmark/inference_ms,25.101734
1779463913.565,/benchmark/inference_ms,25.529369
1779463913.618,/benchmark/inference_ms,25.957994
1779463913.660,/benchmark/inference_ms,26.021706
1779463913.710,/benchmark/inference_ms,25.775026
1779463913.755,/benchmark/inference_ms,26.113127
1779463913.802,/benchmark/inference_ms,25.907118
1779463913.848,/benchmark/inference_ms,25.708723
1779463913.896,/benchmark/inference_ms,25.772369
1779463913.943,/benchmark/inference_ms,25.913675
1779463913.990,/benchmark/inference_ms,25.753811
1779463914.036,/benchmark/inference_ms,25.774000
1779463914.084,/benchmark/inference_ms,25.899855
1779463914.130,/benchmark/inference_ms,25.231972
1779463914.177,/benchmark/inference_ms,25.286755
1779463914.228,/benchmark/inference_ms,25.361023
1779463914.271,/benchmark/inference_ms,25.189701
1779463914.323,/benchmark/inference_ms,25.433245
1779463914.366,/benchmark/inference_ms,25.015339
1779463914.413,/benchmark/inference_ms,25.096617
1779463914.463,/benchmark/inference_ms,25.798386
1779463914.508,/benchmark/inference_ms,25.784338
1779463914.555,/benchmark/inference_ms,25.758196
1779463914.602,/benchmark/inference_ms,25.949644
1779463914.650,/benchmark/inference_ms,25.809105
1779463914.698,/benchmark/inference_ms,26.591768
1779463914.746,/benchmark/inference_ms,27.020170
1779463914.797,/benchmark/inference_ms,26.773779
1779463914.847,/benchmark/inference_ms,26.994059
1779463914.892,/benchmark/inference_ms,24.525595
1779463914.940,/benchmark/inference_ms,25.578394
1779463914.988,/benchmark/inference_ms,25.677013
1779463915.035,/benchmark/inference_ms,25.791506
1779463915.080,/benchmark/inference_ms,25.257795
1779463915.127,/benchmark/inference_ms,25.581785
1779463915.172,/benchmark/inference_ms,24.976908
1779463915.219,/benchmark/inference_ms,25.132809
1779463915.267,/benchmark/inference_ms,25.043497
1779463915.312,/benchmark/inference_ms,25.083879
1779463915.359,/benchmark/inference_ms,24.723572
1779463915.405,/benchmark/inference_ms,24.661493
1779463915.451,/benchmark/inference_ms,25.267553
1779463915.500,/benchmark/inference_ms,25.219109
1779463915.544,/benchmark/inference_ms,24.788626
1779463915.605,/benchmark/inference_ms,24.877968
1779463915.637,/benchmark/inference_ms,24.931692
1779463915.683,/benchmark/inference_ms,25.506235
1779463915.733,/benchmark/inference_ms,25.497597
1779463915.776,/benchmark/inference_ms,24.986317
1779463915.823,/benchmark/inference_ms,24.821329
1779463915.869,/benchmark/inference_ms,24.609432
1779463915.916,/benchmark/inference_ms,25.240517
1779463915.963,/benchmark/inference_ms,25.221413
1779463916.008,/benchmark/inference_ms,25.267778
1779463916.054,/benchmark/inference_ms,24.503548
1779463916.101,/benchmark/inference_ms,25.380575
1779463916.151,/benchmark/inference_ms,25.196070
1779463916.195,/benchmark/inference_ms,25.485628
1779463916.241,/benchmark/inference_ms,25.374592
1779463916.288,/benchmark/inference_ms,24.856016
1779463916.336,/benchmark/inference_ms,26.206694
1779463916.385,/benchmark/inference_ms,27.861042
1779463916.432,/benchmark/inference_ms,26.271236
1779463916.480,/benchmark/inference_ms,26.791252
1779463916.527,/benchmark/inference_ms,25.651224
1779463916.575,/benchmark/inference_ms,25.617561
1779463916.622,/benchmark/inference_ms,25.990988
1779463916.671,/benchmark/inference_ms,26.486717
1779463916.719,/benchmark/inference_ms,26.343105
1779463916.767,/benchmark/inference_ms,25.750900
1779463916.813,/benchmark/inference_ms,25.941519
1779463916.861,/benchmark/inference_ms,26.352194
1779463916.908,/benchmark/inference_ms,26.110537
1779463916.958,/benchmark/inference_ms,26.791445
1779463917.005,/benchmark/inference_ms,25.920238
1779463917.051,/benchmark/inference_ms,26.270788
1779463917.099,/benchmark/inference_ms,25.757397
1779463917.150,/benchmark/inference_ms,27.542013
1779463917.197,/benchmark/inference_ms,26.434271
1779463917.246,/benchmark/inference_ms,26.148424
1779463917.293,/benchmark/inference_ms,26.013838
1779463917.341,/benchmark/inference_ms,26.017294
1779463917.388,/benchmark/inference_ms,25.829203
1779463917.433,/benchmark/inference_ms,25.927919
1779463917.482,/benchmark/inference_ms,26.192102
1779463917.529,/benchmark/inference_ms,25.700630
1779463917.576,/benchmark/inference_ms,25.808884
1779463917.624,/benchmark/inference_ms,26.141001
1779463917.671,/benchmark/inference_ms,25.811539
1779463917.720,/benchmark/inference_ms,26.066347
1779463917.769,/benchmark/inference_ms,26.703703
1779463917.816,/benchmark/inference_ms,26.309317
1779463917.866,/benchmark/inference_ms,27.664282
1779463917.917,/benchmark/inference_ms,26.394079
1779463917.963,/benchmark/inference_ms,26.835476
1779463918.012,/benchmark/inference_ms,25.998030
1779463918.060,/benchmark/inference_ms,25.379873
1779463918.108,/benchmark/inference_ms,25.813076
1779463918.156,/benchmark/inference_ms,25.987501
1779463918.204,/benchmark/inference_ms,25.994095
1779463918.252,/benchmark/inference_ms,26.437183
1779463918.300,/benchmark/inference_ms,26.399426
1779463918.363,/benchmark/inference_ms,26.242119
1779463918.394,/benchmark/inference_ms,25.937296
1779463918.442,/benchmark/inference_ms,26.008398
1779463918.491,/benchmark/inference_ms,26.040525
1779463918.539,/benchmark/inference_ms,25.913713
1779463918.601,/benchmark/inference_ms,25.774740
1779463918.635,/benchmark/inference_ms,25.805300
1779463918.690,/benchmark/inference_ms,26.404770
1779463918.733,/benchmark/inference_ms,26.025581
1779463918.780,/benchmark/inference_ms,25.457535
1779463918.827,/benchmark/inference_ms,26.245478
1779463918.874,/benchmark/inference_ms,26.316612
1779463918.922,/benchmark/inference_ms,26.142315
1779463918.969,/benchmark/inference_ms,26.654585
1779463919.016,/benchmark/inference_ms,26.361891
1779463919.065,/benchmark/inference_ms,26.159691
1779463919.116,/benchmark/inference_ms,26.199495
1779463919.163,/benchmark/inference_ms,25.735800
1779463919.210,/benchmark/inference_ms,25.315460
1779463919.259,/benchmark/inference_ms,28.287079
1779463919.308,/benchmark/inference_ms,26.348772
1779463919.360,/benchmark/inference_ms,26.492384
1779463919.404,/benchmark/inference_ms,26.100813
1779463919.451,/benchmark/inference_ms,25.238247
1779463919.499,/benchmark/inference_ms,26.449730
1779463919.551,/benchmark/inference_ms,26.093773
1779463919.595,/benchmark/inference_ms,25.957487
1779463919.643,/benchmark/inference_ms,26.015949
1779463919.691,/benchmark/inference_ms,25.797909
1779463919.741,/benchmark/inference_ms,25.941170
1779463919.786,/benchmark/inference_ms,24.888561
1779463919.834,/benchmark/inference_ms,26.042381
1779463919.882,/benchmark/inference_ms,26.293190
1779463919.929,/benchmark/inference_ms,26.067371
1779463919.978,/benchmark/inference_ms,26.139147
1779463920.024,/benchmark/inference_ms,26.007023
1779463920.071,/benchmark/inference_ms,25.928082
1779463920.121,/benchmark/inference_ms,27.969490
1779463920.171,/benchmark/inference_ms,28.034735
1779463920.219,/benchmark/inference_ms,25.770424
1779463920.265,/benchmark/inference_ms,24.801783
1779463920.312,/benchmark/inference_ms,24.787252
1779463920.358,/benchmark/inference_ms,25.563356
1779463920.406,/benchmark/inference_ms,26.751257
1779463920.456,/benchmark/inference_ms,27.654940
1779463920.502,/benchmark/inference_ms,25.084076
1779463920.549,/benchmark/inference_ms,25.105804
1779463920.595,/benchmark/inference_ms,25.417089
1779463920.641,/benchmark/inference_ms,25.085964
1779463920.688,/benchmark/inference_ms,24.650650
1779463920.734,/benchmark/inference_ms,25.321318
1779463920.780,/benchmark/inference_ms,25.482880
1779463920.827,/benchmark/inference_ms,25.547167
1779463920.874,/benchmark/inference_ms,24.976624
1779463920.920,/benchmark/inference_ms,24.705816
1779463920.966,/benchmark/inference_ms,25.186729
1779463921.015,/benchmark/inference_ms,27.080494
1779463921.065,/benchmark/inference_ms,27.665819
1779463921.112,/benchmark/inference_ms,25.787064
1779463921.160,/benchmark/inference_ms,26.470304
1779463921.209,/benchmark/inference_ms,26.555742
1779463921.257,/benchmark/inference_ms,26.441315
1779463921.303,/benchmark/inference_ms,25.938099
1779463921.351,/benchmark/inference_ms,26.249544
1779463921.398,/benchmark/inference_ms,26.206697
1779463921.446,/benchmark/inference_ms,26.285543
1779463921.494,/benchmark/inference_ms,25.722841
1779463921.542,/benchmark/inference_ms,25.826166
1779463921.590,/benchmark/inference_ms,25.726072
1779463921.637,/benchmark/inference_ms,25.937716
1779463921.683,/benchmark/inference_ms,24.296551
1779463921.729,/benchmark/inference_ms,24.680250
1779463921.775,/benchmark/inference_ms,24.942257
1779463921.823,/benchmark/inference_ms,26.099628
1779463921.871,/benchmark/inference_ms,26.347494
1779463921.918,/benchmark/inference_ms,24.927090
1779463921.967,/benchmark/inference_ms,25.857620
1779463922.013,/benchmark/inference_ms,25.622011
1779463922.061,/benchmark/inference_ms,25.443682
1779463922.110,/benchmark/inference_ms,25.690651
1779463922.157,/benchmark/inference_ms,26.002066
1779463922.204,/benchmark/inference_ms,25.515104
1779463922.251,/benchmark/inference_ms,25.358980
1779463922.299,/benchmark/inference_ms,25.363428
1779463922.346,/benchmark/inference_ms,25.413155
1779463922.393,/benchmark/inference_ms,25.260296
1779463922.442,/benchmark/inference_ms,26.240906
1779463922.491,/benchmark/inference_ms,27.505667
1779463922.537,/benchmark/inference_ms,24.653595
1779463922.584,/benchmark/inference_ms,25.137228
1779463922.632,/benchmark/inference_ms,25.060461
1779463922.679,/benchmark/inference_ms,25.414274
1779463922.727,/benchmark/inference_ms,25.156492
1779463922.773,/benchmark/inference_ms,25.295494
1779463922.822,/benchmark/inference_ms,25.551392
1779463922.869,/benchmark/inference_ms,25.590687
1779463922.917,/benchmark/inference_ms,25.381445
1779463922.966,/benchmark/inference_ms,25.272711
1779463923.011,/benchmark/inference_ms,25.242216
1779463923.058,/benchmark/inference_ms,25.445665
1779463923.105,/benchmark/inference_ms,25.886772
1779463923.153,/benchmark/inference_ms,26.136045
1779463923.199,/benchmark/inference_ms,25.535007
1779463923.245,/benchmark/inference_ms,26.014994
1779463923.292,/benchmark/inference_ms,25.970131
1779463923.338,/benchmark/inference_ms,25.302952
1779463923.384,/benchmark/inference_ms,24.974995
1779463923.430,/benchmark/inference_ms,24.878901
1779463923.479,/benchmark/inference_ms,26.348103
1779463923.527,/benchmark/inference_ms,25.580318
1779463923.575,/benchmark/inference_ms,26.757210
1779463923.622,/benchmark/inference_ms,25.753433
1779463923.669,/benchmark/inference_ms,25.865301
1779463923.717,/benchmark/inference_ms,25.668316
1779463923.766,/benchmark/inference_ms,26.679581
1779463923.814,/benchmark/inference_ms,27.014130
1779463923.865,/benchmark/inference_ms,26.652925
1779463923.910,/benchmark/inference_ms,25.144108
1779463923.959,/benchmark/inference_ms,25.364359
1779463924.005,/benchmark/inference_ms,25.192076
1779463924.053,/benchmark/inference_ms,25.747194
1779463924.100,/benchmark/inference_ms,25.223467
1779463924.147,/benchmark/inference_ms,25.476482
1779463924.195,/benchmark/inference_ms,25.733818
1779463924.242,/benchmark/inference_ms,25.699709
1779463924.291,/benchmark/inference_ms,25.587040
1779463924.338,/benchmark/inference_ms,25.839001
1779463924.386,/benchmark/inference_ms,25.912085
1779463924.433,/benchmark/inference_ms,25.804089
1779463924.481,/benchmark/inference_ms,25.626238
1779463924.527,/benchmark/inference_ms,25.632767
1779463924.574,/benchmark/inference_ms,25.361990
1779463924.622,/benchmark/inference_ms,25.643263
1779463924.669,/benchmark/inference_ms,25.351719
1779463924.715,/benchmark/inference_ms,25.524609
1779463924.764,/benchmark/inference_ms,25.865015
1779463924.811,/benchmark/inference_ms,25.710587
1779463924.858,/benchmark/inference_ms,26.147182
1779463924.906,/benchmark/inference_ms,25.869238
1779463924.952,/benchmark/inference_ms,25.384134
1779463925.001,/benchmark/inference_ms,25.685947
1779463925.046,/benchmark/inference_ms,25.968019
1779463925.094,/benchmark/inference_ms,26.120527
1779463925.141,/benchmark/inference_ms,25.615807
1779463925.188,/benchmark/inference_ms,25.585953
1779463925.234,/benchmark/inference_ms,25.728155
1779463925.282,/benchmark/inference_ms,25.565346
1779463925.328,/benchmark/inference_ms,25.324455
1779463925.376,/benchmark/inference_ms,25.311913
1779463925.424,/benchmark/inference_ms,25.350023
1779463925.471,/benchmark/inference_ms,25.319592
1779463925.519,/benchmark/inference_ms,25.788345
1779463925.568,/benchmark/inference_ms,26.526083
1779463925.615,/benchmark/inference_ms,26.621344
1779463925.662,/benchmark/inference_ms,26.416454
1779463925.711,/benchmark/inference_ms,26.035442
1779463925.757,/benchmark/inference_ms,26.039923
1779463925.806,/benchmark/inference_ms,25.842392
1779463925.852,/benchmark/inference_ms,25.541025
1779463925.901,/benchmark/inference_ms,25.596737
1779463925.948,/benchmark/inference_ms,25.810392
1779463925.996,/benchmark/inference_ms,26.240908
1779463926.043,/benchmark/inference_ms,25.817337
1779463926.090,/benchmark/inference_ms,25.793530
1779463926.137,/benchmark/inference_ms,25.929207
1779463926.185,/benchmark/inference_ms,25.864985
1779463926.233,/benchmark/inference_ms,26.097425
1779463926.281,/benchmark/inference_ms,25.640448
1779463926.328,/benchmark/inference_ms,25.300810
1779463926.377,/benchmark/inference_ms,25.665791
1779463926.424,/benchmark/inference_ms,25.823034
1779463926.478,/benchmark/inference_ms,29.882427
1779463926.522,/benchmark/inference_ms,25.562881
1779463926.572,/benchmark/inference_ms,26.425959
1779463926.618,/benchmark/inference_ms,24.647551
1779463926.670,/benchmark/inference_ms,25.937557
1779463926.715,/benchmark/inference_ms,25.403559
1779463926.764,/benchmark/inference_ms,25.873880
1779463926.811,/benchmark/inference_ms,26.046259
1779463926.858,/benchmark/inference_ms,26.477188
1779463926.904,/benchmark/inference_ms,24.430502
1779463926.952,/benchmark/inference_ms,26.353674
1779463927.000,/benchmark/inference_ms,26.013203
1779463927.047,/benchmark/inference_ms,26.205198
1779463927.095,/benchmark/inference_ms,26.518917
1779463927.142,/benchmark/inference_ms,25.167055
1779463927.189,/benchmark/inference_ms,24.335913
1779463927.235,/benchmark/inference_ms,25.111696
1779463927.281,/benchmark/inference_ms,24.669024
1779463927.329,/benchmark/inference_ms,25.780701
1779463927.376,/benchmark/inference_ms,24.819706
1779463927.422,/benchmark/inference_ms,24.984566
1779463927.467,/benchmark/inference_ms,24.950773
1779463927.514,/benchmark/inference_ms,24.898104
1779463927.560,/benchmark/inference_ms,24.677279
1779463927.606,/benchmark/inference_ms,25.040436
1779463927.652,/benchmark/inference_ms,25.396326
1779463927.698,/benchmark/inference_ms,24.675648
1779463927.745,/benchmark/inference_ms,24.904310
1779463927.789,/benchmark/inference_ms,24.561537
1779463927.835,/benchmark/inference_ms,25.382343
1779463927.882,/benchmark/inference_ms,26.036116
1779463927.928,/benchmark/inference_ms,25.098322
1779463927.977,/benchmark/inference_ms,26.085970
1779463928.024,/benchmark/inference_ms,25.944950
1779463928.071,/benchmark/inference_ms,25.884474
1779463928.119,/benchmark/inference_ms,25.678816
1779463928.167,/benchmark/inference_ms,25.482597
1779463928.214,/benchmark/inference_ms,25.373865
1779463928.262,/benchmark/inference_ms,25.731007
1779463928.309,/benchmark/inference_ms,25.197998
1779463928.357,/benchmark/inference_ms,25.605249
1779463928.403,/benchmark/inference_ms,25.496613
1779463928.452,/benchmark/inference_ms,25.836538
1779463928.501,/benchmark/inference_ms,25.470118
1779463928.548,/benchmark/inference_ms,25.638496
1779463928.596,/benchmark/inference_ms,25.720190
1779463928.643,/benchmark/inference_ms,25.925560
1779463928.691,/benchmark/inference_ms,26.105106
1779463928.739,/benchmark/inference_ms,26.036949
1779463928.786,/benchmark/inference_ms,26.139057
1779463928.834,/benchmark/inference_ms,26.170641
1779463928.896,/benchmark/inference_ms,26.102034
1779463928.928,/benchmark/inference_ms,26.137171
1779463928.978,/benchmark/inference_ms,25.767710
1779463929.025,/benchmark/inference_ms,25.845242
1779463929.072,/benchmark/inference_ms,25.891354
1779463929.123,/benchmark/inference_ms,25.450249
1779463929.169,/benchmark/inference_ms,25.571396
1779463929.219,/benchmark/inference_ms,25.823517
1779463929.265,/benchmark/inference_ms,26.177010
1779463929.312,/benchmark/inference_ms,26.512486
1779463929.360,/benchmark/inference_ms,26.480295
1779463929.407,/benchmark/inference_ms,26.431946
1779463929.455,/benchmark/inference_ms,26.754784
1779463929.506,/benchmark/inference_ms,27.382380
1779463929.553,/benchmark/inference_ms,25.836090
1779463929.601,/benchmark/inference_ms,25.893049
1779463929.649,/benchmark/inference_ms,25.757374
1779463929.696,/benchmark/inference_ms,25.328651
1779463929.745,/benchmark/inference_ms,25.678432
1779463929.793,/benchmark/inference_ms,26.127602
1779463929.840,/benchmark/inference_ms,26.156914
1779463929.888,/benchmark/inference_ms,26.461479
1779463929.937,/benchmark/inference_ms,26.216433
1779463929.984,/benchmark/inference_ms,26.369835
1779463930.032,/benchmark/inference_ms,26.285391
1779463930.079,/benchmark/inference_ms,26.027477
1779463930.127,/benchmark/inference_ms,25.940536
1779463930.175,/benchmark/inference_ms,25.671329
1779463750.080,/benchmark/latency_ms,91.066521
1779463750.127,/benchmark/latency_ms,88.524567
1779463750.174,/benchmark/latency_ms,86.060020
1779463750.221,/benchmark/latency_ms,82.377052
1779463750.270,/benchmark/latency_ms,78.584076
1779463750.317,/benchmark/latency_ms,75.115623
1779463750.363,/benchmark/latency_ms,71.963326
1779463750.410,/benchmark/latency_ms,69.450974
1779463750.457,/benchmark/latency_ms,91.580421
1779463750.506,/benchmark/latency_ms,88.767242
1779463750.553,/benchmark/latency_ms,87.873390
1779463750.602,/benchmark/latency_ms,85.067192
1779463750.649,/benchmark/latency_ms,81.750229
1779463750.695,/benchmark/latency_ms,78.768929
1779463750.753,/benchmark/latency_ms,76.350044
1779463750.791,/benchmark/latency_ms,73.465096
1779463750.837,/benchmark/latency_ms,70.978279
1779463750.885,/benchmark/latency_ms,69.107368
1779463750.933,/benchmark/latency_ms,91.633156
1779463750.991,/benchmark/latency_ms,89.443893
1779463751.029,/benchmark/latency_ms,87.332672
1779463751.074,/benchmark/latency_ms,83.524689
1779463751.121,/benchmark/latency_ms,80.706429
1779463751.168,/benchmark/latency_ms,77.056969
1779463751.225,/benchmark/latency_ms,75.980843
1779463751.262,/benchmark/latency_ms,75.382118
1779463751.312,/benchmark/latency_ms,75.302986
1779463751.360,/benchmark/latency_ms,75.930031
1779463751.410,/benchmark/latency_ms,80.913879
1779463751.456,/benchmark/latency_ms,82.168709
1779463751.503,/benchmark/latency_ms,82.646774
1779463751.552,/benchmark/latency_ms,81.238922
1779463751.597,/benchmark/latency_ms,79.752769
1779463751.645,/benchmark/latency_ms,77.527191
1779463751.692,/benchmark/latency_ms,75.997452
1779463751.739,/benchmark/latency_ms,74.790268
1779463751.786,/benchmark/latency_ms,73.053528
1779463751.833,/benchmark/latency_ms,71.550995
1779463751.879,/benchmark/latency_ms,70.496094
1779463751.927,/benchmark/latency_ms,69.584763
1779463751.973,/benchmark/latency_ms,68.209747
1779463752.022,/benchmark/latency_ms,90.986465
1779463752.069,/benchmark/latency_ms,88.523483
1779463752.116,/benchmark/latency_ms,88.061615
1779463752.162,/benchmark/latency_ms,85.564301
1779463752.209,/benchmark/latency_ms,82.614937
1779463752.255,/benchmark/latency_ms,81.050453
1779463752.303,/benchmark/latency_ms,79.049438
1779463752.350,/benchmark/latency_ms,76.237480
1779463752.406,/benchmark/latency_ms,73.686310
1779463752.443,/benchmark/latency_ms,71.010696
1779463752.488,/benchmark/latency_ms,68.933685
1779463752.538,/benchmark/latency_ms,67.359734
1779463752.582,/benchmark/latency_ms,89.579193
1779463752.631,/benchmark/latency_ms,86.835808
1779463752.678,/benchmark/latency_ms,84.978531
1779463752.722,/benchmark/latency_ms,82.511230
1779463752.771,/benchmark/latency_ms,80.141045
1779463752.815,/benchmark/latency_ms,77.236580
1779463752.862,/benchmark/latency_ms,74.962234
1779463752.911,/benchmark/latency_ms,72.159233
1779463752.958,/benchmark/latency_ms,69.822037
1779463753.003,/benchmark/latency_ms,67.214554
1779463753.061,/benchmark/latency_ms,89.858154
1779463753.097,/benchmark/latency_ms,88.220558
1779463753.144,/benchmark/latency_ms,87.675812
1779463753.191,/benchmark/latency_ms,86.734886
1779463753.239,/benchmark/latency_ms,87.221458
1779463753.290,/benchmark/latency_ms,84.590996
1779463753.334,/benchmark/latency_ms,79.255356
1779463753.380,/benchmark/latency_ms,75.510918
1779463753.427,/benchmark/latency_ms,73.540688
1779463753.475,/benchmark/latency_ms,71.326660
1779463753.532,/benchmark/latency_ms,69.822647
1779463753.568,/benchmark/latency_ms,67.748138
1779463753.615,/benchmark/latency_ms,90.393593
1779463753.662,/benchmark/latency_ms,88.571808
1779463753.708,/benchmark/latency_ms,86.613930
1779463753.756,/benchmark/latency_ms,84.574387
1779463753.802,/benchmark/latency_ms,82.394951
1779463753.850,/benchmark/latency_ms,79.997887
1779463753.909,/benchmark/latency_ms,77.340065
1779463753.943,/benchmark/latency_ms,74.964508
1779463753.990,/benchmark/latency_ms,72.630608
1779463754.038,/benchmark/latency_ms,71.840721
1779463754.086,/benchmark/latency_ms,70.374664
1779463754.134,/benchmark/latency_ms,68.529869
1779463754.181,/benchmark/latency_ms,67.596367
1779463754.231,/benchmark/latency_ms,92.575920
1779463754.277,/benchmark/latency_ms,89.176910
1779463754.334,/benchmark/latency_ms,85.125603
1779463754.370,/benchmark/latency_ms,83.257736
1779463754.428,/benchmark/latency_ms,81.788483
1779463754.478,/benchmark/latency_ms,82.154549
1779463754.514,/benchmark/latency_ms,80.255447
1779463754.561,/benchmark/latency_ms,77.841263
1779463754.607,/benchmark/latency_ms,75.977173
1779463754.655,/benchmark/latency_ms,74.503723
1779463754.702,/benchmark/latency_ms,73.090721
1779463754.750,/benchmark/latency_ms,71.619446
1779463754.796,/benchmark/latency_ms,71.516891
1779463754.846,/benchmark/latency_ms,70.472549
1779463754.893,/benchmark/latency_ms,92.697739
1779463754.942,/benchmark/latency_ms,88.960312
1779463754.988,/benchmark/latency_ms,85.277565
1779463755.036,/benchmark/latency_ms,81.769470
1779463755.084,/benchmark/latency_ms,79.751114
1779463755.127,/benchmark/latency_ms,73.096840
1779463755.172,/benchmark/latency_ms,93.304115
1779463755.218,/benchmark/latency_ms,86.943779
1779463755.278,/benchmark/latency_ms,80.624237
1779463755.313,/benchmark/latency_ms,74.097374
1779463755.360,/benchmark/latency_ms,94.536873
1779463755.407,/benchmark/latency_ms,89.071701
1779463755.457,/benchmark/latency_ms,84.554749
1779463755.502,/benchmark/latency_ms,81.822495
1779463755.550,/benchmark/latency_ms,78.525017
1779463755.598,/benchmark/latency_ms,75.676964
1779463755.645,/benchmark/latency_ms,73.641685
1779463755.698,/benchmark/latency_ms,70.288239
1779463755.740,/benchmark/latency_ms,93.316147
1779463755.789,/benchmark/latency_ms,89.610497
1779463755.835,/benchmark/latency_ms,87.151039
1779463755.886,/benchmark/latency_ms,85.322563
1779463755.932,/benchmark/latency_ms,83.033173
1779463755.978,/benchmark/latency_ms,78.963181
1779463756.024,/benchmark/latency_ms,75.687523
1779463756.070,/benchmark/latency_ms,73.844170
1779463756.117,/benchmark/latency_ms,71.310120
1779463756.164,/benchmark/latency_ms,70.507881
1779463756.212,/benchmark/latency_ms,69.784676
1779463756.261,/benchmark/latency_ms,68.615280
1779463756.308,/benchmark/latency_ms,67.361786
1779463756.353,/benchmark/latency_ms,89.733566
1779463756.400,/benchmark/latency_ms,88.428207
1779463756.447,/benchmark/latency_ms,86.560982
1779463756.496,/benchmark/latency_ms,86.801483
1779463756.546,/benchmark/latency_ms,87.096481
1779463756.595,/benchmark/latency_ms,111.570518
1779463756.642,/benchmark/latency_ms,86.108040
1779463756.690,/benchmark/latency_ms,83.098167
1779463756.735,/benchmark/latency_ms,79.724434
1779463756.782,/benchmark/latency_ms,77.506210
1779463756.832,/benchmark/latency_ms,76.335762
1779463756.876,/benchmark/latency_ms,70.519722
1779463756.925,/benchmark/latency_ms,90.848885
1779463756.971,/benchmark/latency_ms,85.611610
1779463757.016,/benchmark/latency_ms,81.221466
1779463757.061,/benchmark/latency_ms,81.383385
1779463757.107,/benchmark/latency_ms,80.805649
1779463757.154,/benchmark/latency_ms,79.404900
1779463757.204,/benchmark/latency_ms,77.313873
1779463757.243,/benchmark/latency_ms,75.167870
1779463757.290,/benchmark/latency_ms,73.224167
1779463757.333,/benchmark/latency_ms,70.796448
1779463757.380,/benchmark/latency_ms,68.554520
1779463757.425,/benchmark/latency_ms,66.400261
1779463757.470,/benchmark/latency_ms,63.825989
1779463757.515,/benchmark/latency_ms,85.494019
1779463757.558,/benchmark/latency_ms,83.078812
1779463757.604,/benchmark/latency_ms,80.777779
1779463757.649,/benchmark/latency_ms,78.723610
1779463757.694,/benchmark/latency_ms,76.203484
1779463757.740,/benchmark/latency_ms,73.584763
1779463757.785,/benchmark/latency_ms,71.442696
1779463757.833,/benchmark/latency_ms,70.095291
1779463757.878,/benchmark/latency_ms,66.107277
1779463757.923,/benchmark/latency_ms,86.635704
1779463757.971,/benchmark/latency_ms,81.999840
1779463758.015,/benchmark/latency_ms,77.192726
1779463758.063,/benchmark/latency_ms,73.196457
1779463758.107,/benchmark/latency_ms,67.799728
1779463758.153,/benchmark/latency_ms,87.765839
1779463758.199,/benchmark/latency_ms,85.023224
1779463758.246,/benchmark/latency_ms,81.096130
1779463758.292,/benchmark/latency_ms,76.747459
1779463758.337,/benchmark/latency_ms,71.891479
1779463758.385,/benchmark/latency_ms,66.857651
1779463758.428,/benchmark/latency_ms,87.403870
1779463758.474,/benchmark/latency_ms,82.842567
1779463758.521,/benchmark/latency_ms,78.866104
1779463758.567,/benchmark/latency_ms,74.832237
1779463758.613,/benchmark/latency_ms,70.354324
1779463758.660,/benchmark/latency_ms,65.689827
1779463758.707,/benchmark/latency_ms,86.141449
1779463758.751,/benchmark/latency_ms,81.149025
1779463758.797,/benchmark/latency_ms,75.831367
1779463758.843,/benchmark/latency_ms,71.421547
1779463758.888,/benchmark/latency_ms,66.841881
1779463758.939,/benchmark/latency_ms,87.117897
1779463758.982,/benchmark/latency_ms,83.168602
1779463759.028,/benchmark/latency_ms,79.176369
1779463759.073,/benchmark/latency_ms,75.733650
1779463759.122,/benchmark/latency_ms,72.118996
1779463759.166,/benchmark/latency_ms,67.555901
1779463759.214,/benchmark/latency_ms,88.330620
1779463759.258,/benchmark/latency_ms,84.328308
1779463759.306,/benchmark/latency_ms,79.962166
1779463759.352,/benchmark/latency_ms,75.691956
1779463759.396,/benchmark/latency_ms,71.574150
1779463759.443,/benchmark/latency_ms,67.692406
1779463759.487,/benchmark/latency_ms,88.500092
1779463759.534,/benchmark/latency_ms,83.540047
1779463759.579,/benchmark/latency_ms,79.736794
1779463759.626,/benchmark/latency_ms,75.294525
1779463759.672,/benchmark/latency_ms,71.745125
1779463759.718,/benchmark/latency_ms,67.251816
1779463759.765,/benchmark/latency_ms,87.926506
1779463759.810,/benchmark/latency_ms,83.922653
1779463759.855,/benchmark/latency_ms,79.446083
1779463759.901,/benchmark/latency_ms,75.027687
1779463759.948,/benchmark/latency_ms,70.321785
1779463759.993,/benchmark/latency_ms,90.572365
1779463760.041,/benchmark/latency_ms,86.586914
1779463760.086,/benchmark/latency_ms,82.539124
1779463760.133,/benchmark/latency_ms,78.158875
1779463760.179,/benchmark/latency_ms,72.991989
1779463760.225,/benchmark/latency_ms,68.564697
1779463760.270,/benchmark/latency_ms,89.132835
1779463760.314,/benchmark/latency_ms,83.999329
1779463760.360,/benchmark/latency_ms,79.898682
1779463760.406,/benchmark/latency_ms,76.222786
1779463760.453,/benchmark/latency_ms,70.787750
1779463760.508,/benchmark/latency_ms,66.080795
1779463760.543,/benchmark/latency_ms,86.496262
1779463760.588,/benchmark/latency_ms,82.030441
1779463760.634,/benchmark/latency_ms,78.044128
1779463760.681,/benchmark/latency_ms,73.530624
1779463760.729,/benchmark/latency_ms,68.882477
1779463760.770,/benchmark/latency_ms,89.346397
1779463760.818,/benchmark/latency_ms,84.719017
1779463760.862,/benchmark/latency_ms,79.789597
1779463760.910,/benchmark/latency_ms,75.134857
1779463760.954,/benchmark/latency_ms,70.423637
1779463760.999,/benchmark/latency_ms,65.533615
1779463761.047,/benchmark/latency_ms,86.468803
1779463761.093,/benchmark/latency_ms,82.059853
1779463761.148,/benchmark/latency_ms,76.999947
1779463761.183,/benchmark/latency_ms,72.524841
1779463761.228,/benchmark/latency_ms,68.027122
1779463761.275,/benchmark/latency_ms,88.279335
1779463761.321,/benchmark/latency_ms,84.776619
1779463761.367,/benchmark/latency_ms,80.015190
1779463761.414,/benchmark/latency_ms,76.884010
1779463761.462,/benchmark/latency_ms,72.823296
1779463761.505,/benchmark/latency_ms,68.486496
1779463761.552,/benchmark/latency_ms,89.025482
1779463761.598,/benchmark/latency_ms,84.158493
1779463761.643,/benchmark/latency_ms,79.687492
1779463761.691,/benchmark/latency_ms,75.786934
1779463761.737,/benchmark/latency_ms,71.100670
1779463761.781,/benchmark/latency_ms,66.460335
1779463761.838,/benchmark/latency_ms,87.318504
1779463761.873,/benchmark/latency_ms,82.489914
1779463761.918,/benchmark/latency_ms,78.184891
1779463761.964,/benchmark/latency_ms,73.601158
1779463762.010,/benchmark/latency_ms,69.315681
1779463762.057,/benchmark/latency_ms,66.186935
1779463762.104,/benchmark/latency_ms,88.726395
1779463762.153,/benchmark/latency_ms,86.616135
1779463762.199,/benchmark/latency_ms,84.290909
1779463762.247,/benchmark/latency_ms,81.598175
1779463762.293,/benchmark/latency_ms,79.050972
1779463762.338,/benchmark/latency_ms,75.726166
1779463762.384,/benchmark/latency_ms,72.080353
1779463762.431,/benchmark/latency_ms,71.598190
1779463762.530,/benchmark/latency_ms,69.162445
1779463762.576,/benchmark/latency_ms,69.738167
1779463762.624,/benchmark/latency_ms,68.971344
1779463762.674,/benchmark/latency_ms,66.364723
1779463762.720,/benchmark/latency_ms,66.824417
1779463762.769,/benchmark/latency_ms,90.233345
1779463762.817,/benchmark/latency_ms,90.417435
1779463762.862,/benchmark/latency_ms,66.502800
1779463762.911,/benchmark/latency_ms,90.243332
1779463762.959,/benchmark/latency_ms,89.374084
1779463763.004,/benchmark/latency_ms,89.483391
1779463763.052,/benchmark/latency_ms,89.461250
1779463763.099,/benchmark/latency_ms,88.879097
1779463763.146,/benchmark/latency_ms,87.869469
1779463763.194,/benchmark/latency_ms,86.878563
1779463763.251,/benchmark/latency_ms,86.573097
1779463763.287,/benchmark/latency_ms,86.072990
1779463763.336,/benchmark/latency_ms,85.173309
1779463763.382,/benchmark/latency_ms,84.735764
1779463763.430,/benchmark/latency_ms,84.535957
1779463763.479,/benchmark/latency_ms,84.577621
1779463763.525,/benchmark/latency_ms,84.506424
1779463763.572,/benchmark/latency_ms,84.944328
1779463763.631,/benchmark/latency_ms,84.577461
1779463763.668,/benchmark/latency_ms,84.878380
1779463763.726,/benchmark/latency_ms,84.602966
1779463763.762,/benchmark/latency_ms,84.707184
1779463763.811,/benchmark/latency_ms,85.746796
1779463763.860,/benchmark/latency_ms,86.355064
1779463763.918,/benchmark/latency_ms,85.678833
1779463763.956,/benchmark/latency_ms,85.137894
1779463764.002,/benchmark/latency_ms,85.086784
1779463764.050,/benchmark/latency_ms,85.468117
1779463764.095,/benchmark/latency_ms,84.910378
1779463764.144,/benchmark/latency_ms,84.815407
1779463764.191,/benchmark/latency_ms,85.455223
1779463764.239,/benchmark/latency_ms,85.177155
1779463764.297,/benchmark/latency_ms,85.181351
1779463764.333,/benchmark/latency_ms,85.122726
1779463764.382,/benchmark/latency_ms,84.704018
1779463764.430,/benchmark/latency_ms,83.884529
1779463764.477,/benchmark/latency_ms,82.654144
1779463764.522,/benchmark/latency_ms,81.619530
1779463764.572,/benchmark/latency_ms,81.489326
1779463764.619,/benchmark/latency_ms,80.240150
1779463764.664,/benchmark/latency_ms,78.310623
1779463764.714,/benchmark/latency_ms,76.653946
1779463764.756,/benchmark/latency_ms,74.602180
1779463764.803,/benchmark/latency_ms,72.894981
1779463764.852,/benchmark/latency_ms,71.300354
1779463764.898,/benchmark/latency_ms,69.979958
1779463764.950,/benchmark/latency_ms,69.088112
1779463764.991,/benchmark/latency_ms,67.932060
1779463765.038,/benchmark/latency_ms,66.435127
1779463765.085,/benchmark/latency_ms,66.317627
1779463765.133,/benchmark/latency_ms,89.557320
1779463765.179,/benchmark/latency_ms,88.156219
1779463765.228,/benchmark/latency_ms,87.252892
1779463765.273,/benchmark/latency_ms,86.561592
1779463765.322,/benchmark/latency_ms,86.104294
1779463765.369,/benchmark/latency_ms,85.386909
1779463765.418,/benchmark/latency_ms,84.458786
1779463765.464,/benchmark/latency_ms,83.800667
1779463765.511,/benchmark/latency_ms,82.422478
1779463765.569,/benchmark/latency_ms,81.832191
1779463765.605,/benchmark/latency_ms,79.654198
1779463765.651,/benchmark/latency_ms,78.042763
1779463765.700,/benchmark/latency_ms,76.774780
1779463765.745,/benchmark/latency_ms,74.625771
1779463765.791,/benchmark/latency_ms,72.797005
1779463765.841,/benchmark/latency_ms,71.911758
1779463765.888,/benchmark/latency_ms,71.452354
1779463765.935,/benchmark/latency_ms,71.061295
1779463765.996,/benchmark/latency_ms,69.751389
1779463766.032,/benchmark/latency_ms,69.191185
1779463766.078,/benchmark/latency_ms,69.262421
1779463766.128,/benchmark/latency_ms,92.350662
1779463766.177,/benchmark/latency_ms,67.691818
1779463766.222,/benchmark/latency_ms,68.048508
1779463766.274,/benchmark/latency_ms,68.919487
1779463766.323,/benchmark/latency_ms,94.647949
1779463766.371,/benchmark/latency_ms,93.288574
1779463766.419,/benchmark/latency_ms,89.559212
1779463766.469,/benchmark/latency_ms,87.103554
1779463766.528,/benchmark/latency_ms,87.505394
1779463766.564,/benchmark/latency_ms,85.041267
1779463766.611,/benchmark/latency_ms,83.036957
1779463766.660,/benchmark/latency_ms,80.473747
1779463766.706,/benchmark/latency_ms,77.299690
1779463766.755,/benchmark/latency_ms,74.309975
1779463766.802,/benchmark/latency_ms,73.821800
1779463766.847,/benchmark/latency_ms,73.057030
1779463766.896,/benchmark/latency_ms,72.391647
1779463766.943,/benchmark/latency_ms,71.723579
1779463766.992,/benchmark/latency_ms,71.334152
1779463767.039,/benchmark/latency_ms,70.032730
1779463767.087,/benchmark/latency_ms,70.058327
1779463767.136,/benchmark/latency_ms,69.136665
1779463767.182,/benchmark/latency_ms,70.329933
1779463767.229,/benchmark/latency_ms,70.664902
1779463767.276,/benchmark/latency_ms,69.022331
1779463767.326,/benchmark/latency_ms,67.993538
1779463767.371,/benchmark/latency_ms,91.095894
1779463767.420,/benchmark/latency_ms,90.522247
1779463767.468,/benchmark/latency_ms,89.369041
1779463767.516,/benchmark/latency_ms,85.601883
1779463767.562,/benchmark/latency_ms,82.688583
1779463767.610,/benchmark/latency_ms,79.159981
1779463767.658,/benchmark/latency_ms,76.046623
1779463767.707,/benchmark/latency_ms,73.563446
1779463767.753,/benchmark/latency_ms,71.550720
1779463767.801,/benchmark/latency_ms,68.958145
1779463767.849,/benchmark/latency_ms,92.565887
1779463767.899,/benchmark/latency_ms,90.987030
1779463767.950,/benchmark/latency_ms,88.952255
1779463767.994,/benchmark/latency_ms,86.807152
1779463768.041,/benchmark/latency_ms,84.254097
1779463768.089,/benchmark/latency_ms,81.854637
1779463768.134,/benchmark/latency_ms,79.379784
1779463768.182,/benchmark/latency_ms,76.037567
1779463768.231,/benchmark/latency_ms,73.541306
1779463768.279,/benchmark/latency_ms,71.317352
1779463768.325,/benchmark/latency_ms,93.415359
1779463768.374,/benchmark/latency_ms,90.290199
1779463768.419,/benchmark/latency_ms,88.404160
1779463768.470,/benchmark/latency_ms,86.148209
1779463768.518,/benchmark/latency_ms,84.296432
1779463768.566,/benchmark/latency_ms,87.034508
1779463768.616,/benchmark/latency_ms,85.769180
1779463768.661,/benchmark/latency_ms,85.298927
1779463768.710,/benchmark/latency_ms,84.439819
1779463768.767,/benchmark/latency_ms,83.212952
1779463768.803,/benchmark/latency_ms,82.395897
1779463768.861,/benchmark/latency_ms,80.971756
1779463768.898,/benchmark/latency_ms,79.510910
1779463768.947,/benchmark/latency_ms,78.577026
1779463768.992,/benchmark/latency_ms,76.527534
1779463769.039,/benchmark/latency_ms,74.502457
1779463769.085,/benchmark/latency_ms,73.316963
1779463769.133,/benchmark/latency_ms,71.869049
1779463769.181,/benchmark/latency_ms,71.066170
1779463769.228,/benchmark/latency_ms,69.866592
1779463769.272,/benchmark/latency_ms,68.379196
1779463769.320,/benchmark/latency_ms,66.183372
1779463769.367,/benchmark/latency_ms,88.353951
1779463769.414,/benchmark/latency_ms,86.384903
1779463769.460,/benchmark/latency_ms,84.967422
1779463769.508,/benchmark/latency_ms,84.066170
1779463769.555,/benchmark/latency_ms,83.183998
1779463769.600,/benchmark/latency_ms,81.569466
1779463769.647,/benchmark/latency_ms,80.736023
1779463769.695,/benchmark/latency_ms,79.508133
1779463769.741,/benchmark/latency_ms,78.008286
1779463769.787,/benchmark/latency_ms,76.278267
1779463769.835,/benchmark/latency_ms,73.916496
1779463769.882,/benchmark/latency_ms,72.138741
1779463769.928,/benchmark/latency_ms,70.406738
1779463769.987,/benchmark/latency_ms,69.685806
1779463770.024,/benchmark/latency_ms,68.231201
1779463770.073,/benchmark/latency_ms,90.641647
1779463770.120,/benchmark/latency_ms,88.915504
1779463770.165,/benchmark/latency_ms,87.498497
1779463770.214,/benchmark/latency_ms,86.899895
1779463770.261,/benchmark/latency_ms,86.292587
1779463770.308,/benchmark/latency_ms,83.639374
1779463770.357,/benchmark/latency_ms,82.997734
1779463770.404,/benchmark/latency_ms,81.749336
1779463770.451,/benchmark/latency_ms,81.555679
1779463770.497,/benchmark/latency_ms,80.297256
1779463770.544,/benchmark/latency_ms,79.158325
1779463770.593,/benchmark/latency_ms,78.098907
1779463770.639,/benchmark/latency_ms,76.196320
1779463770.687,/benchmark/latency_ms,75.382492
1779463770.735,/benchmark/latency_ms,74.030350
1779463770.785,/benchmark/latency_ms,73.235115
1779463770.839,/benchmark/latency_ms,71.839745
1779463770.886,/benchmark/latency_ms,70.320473
1779463770.937,/benchmark/latency_ms,70.551918
1779463770.987,/benchmark/latency_ms,94.025047
1779463771.032,/benchmark/latency_ms,90.601555
1779463771.083,/benchmark/latency_ms,89.541595
1779463771.130,/benchmark/latency_ms,89.226692
1779463771.183,/benchmark/latency_ms,69.076553
1779463771.240,/benchmark/latency_ms,72.810783
1779463771.277,/benchmark/latency_ms,75.148201
1779463771.323,/benchmark/latency_ms,76.062698
1779463771.369,/benchmark/latency_ms,75.175560
1779463771.416,/benchmark/latency_ms,69.471542
1779463771.464,/benchmark/latency_ms,92.810791
1779463771.513,/benchmark/latency_ms,89.288521
1779463771.561,/benchmark/latency_ms,66.336044
1779463771.607,/benchmark/latency_ms,89.157639
1779463771.664,/benchmark/latency_ms,85.361237
1779463771.700,/benchmark/latency_ms,82.776146
1779463771.748,/benchmark/latency_ms,81.654655
1779463771.796,/benchmark/latency_ms,79.891899
1779463771.843,/benchmark/latency_ms,77.224510
1779463771.886,/benchmark/latency_ms,72.332527
1779463771.932,/benchmark/latency_ms,70.244347
1779463771.978,/benchmark/latency_ms,67.426788
1779463772.026,/benchmark/latency_ms,90.773643
1779463772.073,/benchmark/latency_ms,88.846870
1779463772.121,/benchmark/latency_ms,86.881248
1779463772.166,/benchmark/latency_ms,83.121483
1779463772.214,/benchmark/latency_ms,79.390228
1779463772.258,/benchmark/latency_ms,76.421181
1779463772.308,/benchmark/latency_ms,75.762199
1779463772.356,/benchmark/latency_ms,77.069733
1779463772.404,/benchmark/latency_ms,77.713837
1779463772.447,/benchmark/latency_ms,73.740349
1779463772.496,/benchmark/latency_ms,68.611259
1779463772.540,/benchmark/latency_ms,89.106895
1779463772.587,/benchmark/latency_ms,82.411713
1779463772.635,/benchmark/latency_ms,77.822159
1779463772.681,/benchmark/latency_ms,72.177467
1779463772.737,/benchmark/latency_ms,67.292427
1779463772.774,/benchmark/latency_ms,87.914810
1779463772.820,/benchmark/latency_ms,82.625305
1779463772.866,/benchmark/latency_ms,77.433846
1779463772.922,/benchmark/latency_ms,72.074043
1779463772.959,/benchmark/latency_ms,67.106613
1779463773.004,/benchmark/latency_ms,87.347282
1779463773.050,/benchmark/latency_ms,81.306313
1779463773.097,/benchmark/latency_ms,74.924980
1779463773.142,/benchmark/latency_ms,69.722038
1779463773.187,/benchmark/latency_ms,90.054161
1779463773.234,/benchmark/latency_ms,85.596657
1779463773.282,/benchmark/latency_ms,81.517189
1779463773.330,/benchmark/latency_ms,76.118988
1779463773.374,/benchmark/latency_ms,70.777550
1779463773.421,/benchmark/latency_ms,91.600822
1779463773.467,/benchmark/latency_ms,86.242683
1779463773.515,/benchmark/latency_ms,80.406830
1779463773.559,/benchmark/latency_ms,75.421890
1779463773.606,/benchmark/latency_ms,68.012787
1779463773.653,/benchmark/latency_ms,88.040634
1779463773.699,/benchmark/latency_ms,81.918617
1779463773.743,/benchmark/latency_ms,77.981575
1779463773.790,/benchmark/latency_ms,73.500206
1779463773.845,/benchmark/latency_ms,69.362274
1779463773.880,/benchmark/latency_ms,64.388916
1779463773.925,/benchmark/latency_ms,85.250237
1779463773.969,/benchmark/latency_ms,81.429352
1779463774.027,/benchmark/latency_ms,78.029701
1779463774.061,/benchmark/latency_ms,73.808609
1779463774.108,/benchmark/latency_ms,69.792404
1779463774.151,/benchmark/latency_ms,65.774506
1779463774.200,/benchmark/latency_ms,86.812233
1779463774.246,/benchmark/latency_ms,83.253517
1779463774.290,/benchmark/latency_ms,79.680237
1779463774.347,/benchmark/latency_ms,76.661499
1779463774.384,/benchmark/latency_ms,72.665550
1779463774.430,/benchmark/latency_ms,68.341805
1779463774.473,/benchmark/latency_ms,89.068443
1779463774.520,/benchmark/latency_ms,85.406174
1779463774.569,/benchmark/latency_ms,83.376678
1779463774.626,/benchmark/latency_ms,81.925568
1779463774.662,/benchmark/latency_ms,81.619621
1779463774.714,/benchmark/latency_ms,80.159294
1779463774.757,/benchmark/latency_ms,81.083740
1779463774.807,/benchmark/latency_ms,80.193275
1779463774.855,/benchmark/latency_ms,77.604759
1779463774.899,/benchmark/latency_ms,73.700195
1779463774.949,/benchmark/latency_ms,71.618736
1779463775.008,/benchmark/latency_ms,71.180321
1779463775.044,/benchmark/latency_ms,70.078407
1779463775.092,/benchmark/latency_ms,69.451332
1779463775.142,/benchmark/latency_ms,70.959404
1779463775.193,/benchmark/latency_ms,70.120461
1779463775.238,/benchmark/latency_ms,66.484116
1779463775.285,/benchmark/latency_ms,89.220566
1779463775.332,/benchmark/latency_ms,88.266808
1779463775.381,/benchmark/latency_ms,87.545364
1779463775.428,/benchmark/latency_ms,86.586708
1779463775.475,/benchmark/latency_ms,85.614876
1779463775.521,/benchmark/latency_ms,85.460449
1779463775.570,/benchmark/latency_ms,84.920944
1779463775.617,/benchmark/latency_ms,85.656441
1779463775.665,/benchmark/latency_ms,85.250916
1779463775.713,/benchmark/latency_ms,85.104912
1779463775.760,/benchmark/latency_ms,84.714645
1779463775.810,/benchmark/latency_ms,84.468452
1779463775.867,/benchmark/latency_ms,84.072083
1779463775.906,/benchmark/latency_ms,84.372612
1779463775.952,/benchmark/latency_ms,83.586784
1779463776.000,/benchmark/latency_ms,84.849304
1779463776.046,/benchmark/latency_ms,85.688499
1779463776.094,/benchmark/latency_ms,86.114601
1779463776.142,/benchmark/latency_ms,85.603905
1779463776.191,/benchmark/latency_ms,85.030678
1779463776.240,/benchmark/latency_ms,84.790779
1779463776.284,/benchmark/latency_ms,84.475113
1779463776.344,/benchmark/latency_ms,84.330444
1779463776.390,/benchmark/latency_ms,87.395065
1779463776.432,/benchmark/latency_ms,87.960136
1779463776.492,/benchmark/latency_ms,87.881737
1779463776.530,/benchmark/latency_ms,88.851524
1779463776.583,/benchmark/latency_ms,89.067421
1779463776.627,/benchmark/latency_ms,85.240173
1779463776.686,/benchmark/latency_ms,82.918365
1779463776.725,/benchmark/latency_ms,81.310684
1779463776.775,/benchmark/latency_ms,106.236977
1779463776.824,/benchmark/latency_ms,80.742668
1779463776.881,/benchmark/latency_ms,104.281525
1779463776.919,/benchmark/latency_ms,80.112289
1779463776.966,/benchmark/latency_ms,79.024651
1779463777.014,/benchmark/latency_ms,79.254433
1779463777.103,/benchmark/latency_ms,70.590141
1779463777.151,/benchmark/latency_ms,93.415459
1779463777.200,/benchmark/latency_ms,90.521454
1779463777.248,/benchmark/latency_ms,87.796021
1779463777.299,/benchmark/latency_ms,88.808044
1779463777.347,/benchmark/latency_ms,90.363411
1779463777.396,/benchmark/latency_ms,89.542160
1779463777.446,/benchmark/latency_ms,88.405594
1779463777.490,/benchmark/latency_ms,81.136292
1779463777.540,/benchmark/latency_ms,78.805878
1779463777.597,/benchmark/latency_ms,76.211990
1779463777.634,/benchmark/latency_ms,73.194405
1779463777.682,/benchmark/latency_ms,70.717598
1779463777.732,/benchmark/latency_ms,69.036346
1779463777.777,/benchmark/latency_ms,91.578056
1779463777.836,/benchmark/latency_ms,88.107780
1779463777.872,/benchmark/latency_ms,85.723198
1779463777.926,/benchmark/latency_ms,85.526566
1779463777.969,/benchmark/latency_ms,82.242523
1779463778.018,/benchmark/latency_ms,78.130989
1779463778.066,/benchmark/latency_ms,75.139519
1779463778.111,/benchmark/latency_ms,74.355133
1779463778.170,/benchmark/latency_ms,73.439293
1779463778.208,/benchmark/latency_ms,72.474205
1779463778.255,/benchmark/latency_ms,72.026321
1779463778.303,/benchmark/latency_ms,71.051888
1779463778.349,/benchmark/latency_ms,71.018929
1779463778.395,/benchmark/latency_ms,69.715103
1779463778.443,/benchmark/latency_ms,68.707657
1779463778.490,/benchmark/latency_ms,67.746284
1779463778.537,/benchmark/latency_ms,66.937065
1779463778.586,/benchmark/latency_ms,65.955368
1779463778.633,/benchmark/latency_ms,89.859047
1779463778.679,/benchmark/latency_ms,88.458366
1779463778.727,/benchmark/latency_ms,86.967026
1779463778.775,/benchmark/latency_ms,87.246315
1779463778.823,/benchmark/latency_ms,87.090416
1779463778.873,/benchmark/latency_ms,85.281967
1779463778.918,/benchmark/latency_ms,82.572433
1779463778.967,/benchmark/latency_ms,80.484383
1779463779.014,/benchmark/latency_ms,77.130074
1779463779.063,/benchmark/latency_ms,74.518425
1779463779.121,/benchmark/latency_ms,72.903824
1779463779.158,/benchmark/latency_ms,74.161125
1779463779.206,/benchmark/latency_ms,73.516541
1779463779.252,/benchmark/latency_ms,69.651047
1779463779.296,/benchmark/latency_ms,89.741325
1779463779.342,/benchmark/latency_ms,84.203835
1779463779.389,/benchmark/latency_ms,77.344307
1779463779.436,/benchmark/latency_ms,70.466377
1779463779.480,/benchmark/latency_ms,91.173569
1779463779.526,/benchmark/latency_ms,85.658920
1779463779.573,/benchmark/latency_ms,80.164169
1779463779.630,/benchmark/latency_ms,74.151909
1779463779.667,/benchmark/latency_ms,68.525040
1779463779.725,/benchmark/latency_ms,89.178787
1779463779.760,/benchmark/latency_ms,83.885765
1779463779.806,/benchmark/latency_ms,77.762848
1779463779.850,/benchmark/latency_ms,72.252937
1779463779.896,/benchmark/latency_ms,91.511955
1779463779.944,/benchmark/latency_ms,86.196014
1779463779.991,/benchmark/latency_ms,79.986870
1779463780.038,/benchmark/latency_ms,74.920876
1779463780.084,/benchmark/latency_ms,69.373329
1779463780.128,/benchmark/latency_ms,89.012909
1779463780.174,/benchmark/latency_ms,81.925774
1779463780.223,/benchmark/latency_ms,76.575058
1779463780.279,/benchmark/latency_ms,71.479492
1779463780.316,/benchmark/latency_ms,92.218781
1779463780.362,/benchmark/latency_ms,88.235176
1779463780.412,/benchmark/latency_ms,86.012253
1779463780.460,/benchmark/latency_ms,86.525864
1779463780.507,/benchmark/latency_ms,85.054337
1779463780.553,/benchmark/latency_ms,81.549149
1779463780.599,/benchmark/latency_ms,77.922562
1779463780.643,/benchmark/latency_ms,74.557144
1779463780.691,/benchmark/latency_ms,70.611557
1779463780.737,/benchmark/latency_ms,67.031944
1779463780.783,/benchmark/latency_ms,87.619072
1779463780.827,/benchmark/latency_ms,82.879883
1779463780.885,/benchmark/latency_ms,79.039383
1779463780.920,/benchmark/latency_ms,73.233963
1779463780.978,/benchmark/latency_ms,68.349594
1779463781.015,/benchmark/latency_ms,88.840561
1779463781.064,/benchmark/latency_ms,85.910110
1779463781.111,/benchmark/latency_ms,84.460312
1779463781.169,/benchmark/latency_ms,84.330971
1779463781.205,/benchmark/latency_ms,82.929962
1779463781.249,/benchmark/latency_ms,77.677002
1779463781.298,/benchmark/latency_ms,72.221199
1779463781.342,/benchmark/latency_ms,92.589905
1779463781.389,/benchmark/latency_ms,87.339020
1779463781.438,/benchmark/latency_ms,84.302048
1779463781.485,/benchmark/latency_ms,83.343582
1779463781.534,/benchmark/latency_ms,84.100739
1779463781.579,/benchmark/latency_ms,83.879883
1779463781.627,/benchmark/latency_ms,83.315811
1779463781.676,/benchmark/latency_ms,84.551376
1779463781.726,/benchmark/latency_ms,85.043716
1779463781.772,/benchmark/latency_ms,86.333939
1779463781.818,/benchmark/latency_ms,80.155663
1779463781.871,/benchmark/latency_ms,78.778786
1779463781.918,/benchmark/latency_ms,77.670059
1779463781.963,/benchmark/latency_ms,80.207184
1779463782.010,/benchmark/latency_ms,80.929077
1779463782.057,/benchmark/latency_ms,79.566216
1779463782.105,/benchmark/latency_ms,78.629517
1779463782.152,/benchmark/latency_ms,77.746346
1779463782.200,/benchmark/latency_ms,75.855759
1779463782.244,/benchmark/latency_ms,74.649086
1779463782.293,/benchmark/latency_ms,73.424644
1779463782.337,/benchmark/latency_ms,72.358444
1779463782.385,/benchmark/latency_ms,71.202332
1779463782.433,/benchmark/latency_ms,72.734177
1779463782.486,/benchmark/latency_ms,74.492996
1779463782.534,/benchmark/latency_ms,73.386765
1779463782.580,/benchmark/latency_ms,68.488281
1779463782.628,/benchmark/latency_ms,89.267982
1779463782.671,/benchmark/latency_ms,86.802055
1779463782.720,/benchmark/latency_ms,87.160667
1779463782.772,/benchmark/latency_ms,87.183640
1779463782.828,/benchmark/latency_ms,82.302086
1779463782.864,/benchmark/latency_ms,73.754234
1779463782.905,/benchmark/latency_ms,66.403847
1779463782.951,/benchmark/latency_ms,87.358131
1779463782.997,/benchmark/latency_ms,82.688026
1779463783.042,/benchmark/latency_ms,77.939720
1779463783.086,/benchmark/latency_ms,73.604576
1779463783.140,/benchmark/latency_ms,72.002846
1779463783.183,/benchmark/latency_ms,69.576180
1779463783.234,/benchmark/latency_ms,69.067238
1779463783.279,/benchmark/latency_ms,66.309448
1779463783.326,/benchmark/latency_ms,89.201904
1779463783.373,/benchmark/latency_ms,87.929314
1779463783.422,/benchmark/latency_ms,86.692558
1779463783.470,/benchmark/latency_ms,84.533913
1779463783.519,/benchmark/latency_ms,85.015465
1779463783.565,/benchmark/latency_ms,83.734550
1779463783.615,/benchmark/latency_ms,80.994301
1779463783.660,/benchmark/latency_ms,77.425308
1779463783.706,/benchmark/latency_ms,73.435242
1779463783.756,/benchmark/latency_ms,70.076675
1779463783.800,/benchmark/latency_ms,68.255684
1779463783.850,/benchmark/latency_ms,69.593170
1779463783.909,/benchmark/latency_ms,93.522804
1779463783.945,/benchmark/latency_ms,90.837753
1779463783.991,/benchmark/latency_ms,87.094429
1779463784.041,/benchmark/latency_ms,85.876266
1779463784.086,/benchmark/latency_ms,85.321281
1779463784.136,/benchmark/latency_ms,84.974892
1779463784.183,/benchmark/latency_ms,83.701920
1779463784.228,/benchmark/latency_ms,83.368805
1779463784.276,/benchmark/latency_ms,83.441223
1779463784.325,/benchmark/latency_ms,81.801476
1779463784.373,/benchmark/latency_ms,82.135155
1779463784.419,/benchmark/latency_ms,81.421227
1779463784.466,/benchmark/latency_ms,81.113174
1779463784.514,/benchmark/latency_ms,82.758972
1779463784.563,/benchmark/latency_ms,82.128082
1779463784.620,/benchmark/latency_ms,81.845406
1779463784.656,/benchmark/latency_ms,81.684578
1779463784.704,/benchmark/latency_ms,82.341072
1779463784.752,/benchmark/latency_ms,82.139572
1779463784.798,/benchmark/latency_ms,82.462250
1779463784.844,/benchmark/latency_ms,82.101715
1779463784.894,/benchmark/latency_ms,81.902618
1779463784.942,/benchmark/latency_ms,80.862694
1779463784.988,/benchmark/latency_ms,79.495728
1779463785.034,/benchmark/latency_ms,78.766701
1779463785.084,/benchmark/latency_ms,78.144585
1779463785.132,/benchmark/latency_ms,78.109253
1779463785.176,/benchmark/latency_ms,76.948341
1779463785.223,/benchmark/latency_ms,75.911705
1779463785.273,/benchmark/latency_ms,74.558281
1779463785.329,/benchmark/latency_ms,73.095360
1779463785.367,/benchmark/latency_ms,72.274712
1779463785.414,/benchmark/latency_ms,71.592079
1779463785.463,/benchmark/latency_ms,71.339417
1779463785.507,/benchmark/latency_ms,70.766670
1779463785.555,/benchmark/latency_ms,69.765297
1779463785.607,/benchmark/latency_ms,92.471107
1779463785.651,/benchmark/latency_ms,90.767555
1779463785.699,/benchmark/latency_ms,88.890022
1779463785.748,/benchmark/latency_ms,86.653267
1779463785.794,/benchmark/latency_ms,84.565247
1779463785.843,/benchmark/latency_ms,82.489769
1779463785.890,/benchmark/latency_ms,79.313660
1779463785.941,/benchmark/latency_ms,75.760384
1779463785.983,/benchmark/latency_ms,73.453552
1779463786.031,/benchmark/latency_ms,71.100357
1779463786.082,/benchmark/latency_ms,69.537659
1779463786.129,/benchmark/latency_ms,92.530952
1779463786.177,/benchmark/latency_ms,90.509644
1779463786.225,/benchmark/latency_ms,88.550102
1779463786.275,/benchmark/latency_ms,87.267555
1779463786.321,/benchmark/latency_ms,85.463142
1779463786.370,/benchmark/latency_ms,82.567688
1779463786.415,/benchmark/latency_ms,78.058250
1779463786.460,/benchmark/latency_ms,75.384109
1779463786.510,/benchmark/latency_ms,72.415031
1779463786.559,/benchmark/latency_ms,68.980179
1779463786.606,/benchmark/latency_ms,90.943970
1779463786.654,/benchmark/latency_ms,88.482712
1779463786.702,/benchmark/latency_ms,84.699005
1779463786.747,/benchmark/latency_ms,80.576630
1779463786.797,/benchmark/latency_ms,77.864273
1779463786.842,/benchmark/latency_ms,74.555367
1779463786.891,/benchmark/latency_ms,71.807083
1779463786.937,/benchmark/latency_ms,69.347206
1779463786.985,/benchmark/latency_ms,91.062202
1779463787.033,/benchmark/latency_ms,113.933762
1779463787.091,/benchmark/latency_ms,86.260841
1779463787.127,/benchmark/latency_ms,83.553513
1779463787.175,/benchmark/latency_ms,86.025909
1779463787.223,/benchmark/latency_ms,83.733063
1779463787.269,/benchmark/latency_ms,80.853455
1779463787.327,/benchmark/latency_ms,78.449982
1779463787.362,/benchmark/latency_ms,76.611237
1779463787.410,/benchmark/latency_ms,75.846176
1779463787.457,/benchmark/latency_ms,73.406425
1779463787.505,/benchmark/latency_ms,73.343163
1779463787.554,/benchmark/latency_ms,71.285027
1779463787.600,/benchmark/latency_ms,69.862900
1779463787.648,/benchmark/latency_ms,69.647743
1779463787.696,/benchmark/latency_ms,67.795105
1779463787.744,/benchmark/latency_ms,90.396049
1779463787.791,/benchmark/latency_ms,85.413223
1779463787.840,/benchmark/latency_ms,79.253540
1779463787.884,/benchmark/latency_ms,72.523987
1779463787.933,/benchmark/latency_ms,93.291275
1779463787.980,/benchmark/latency_ms,89.733711
1779463788.031,/benchmark/latency_ms,86.471519
1779463788.078,/benchmark/latency_ms,87.888237
1779463788.135,/benchmark/latency_ms,87.407776
1779463788.170,/benchmark/latency_ms,82.530258
1779463788.216,/benchmark/latency_ms,77.432617
1779463788.262,/benchmark/latency_ms,71.763672
1779463788.310,/benchmark/latency_ms,93.957718
1779463788.358,/benchmark/latency_ms,90.034630
1779463788.406,/benchmark/latency_ms,89.712242
1779463788.463,/benchmark/latency_ms,86.001465
1779463788.498,/benchmark/latency_ms,81.190559
1779463788.545,/benchmark/latency_ms,76.855515
1779463788.591,/benchmark/latency_ms,73.003815
1779463788.637,/benchmark/latency_ms,71.417953
1779463788.685,/benchmark/latency_ms,71.347878
1779463788.733,/benchmark/latency_ms,70.652031
1779463788.781,/benchmark/latency_ms,69.832283
1779463788.831,/benchmark/latency_ms,69.273643
1779463788.879,/benchmark/latency_ms,68.593384
1779463788.926,/benchmark/latency_ms,91.458000
1779463788.974,/benchmark/latency_ms,90.224190
1779463789.020,/benchmark/latency_ms,88.473434
1779463789.067,/benchmark/latency_ms,85.924637
1779463789.116,/benchmark/latency_ms,81.681526
1779463789.163,/benchmark/latency_ms,80.176781
1779463789.213,/benchmark/latency_ms,78.692383
1779463789.259,/benchmark/latency_ms,76.466766
1779463789.307,/benchmark/latency_ms,74.256226
1779463789.357,/benchmark/latency_ms,71.635582
1779463789.404,/benchmark/latency_ms,70.474083
1779463789.452,/benchmark/latency_ms,70.060341
1779463789.504,/benchmark/latency_ms,70.791672
1779463789.550,/benchmark/latency_ms,94.186005
1779463789.600,/benchmark/latency_ms,90.708237
1779463789.647,/benchmark/latency_ms,85.983162
1779463789.696,/benchmark/latency_ms,85.734016
1779463789.742,/benchmark/latency_ms,83.622543
1779463789.789,/benchmark/latency_ms,82.926407
1779463789.838,/benchmark/latency_ms,81.723183
1779463789.886,/benchmark/latency_ms,81.854988
1779463789.933,/benchmark/latency_ms,80.463036
1779463789.983,/benchmark/latency_ms,79.953873
1779463790.029,/benchmark/latency_ms,75.556366
1779463790.087,/benchmark/latency_ms,73.186760
1779463790.123,/benchmark/latency_ms,73.040398
1779463790.171,/benchmark/latency_ms,71.883255
1779463790.218,/benchmark/latency_ms,70.713890
1779463790.266,/benchmark/latency_ms,69.607620
1779463790.315,/benchmark/latency_ms,68.305077
1779463790.360,/benchmark/latency_ms,67.367798
1779463790.409,/benchmark/latency_ms,90.403618
1779463790.457,/benchmark/latency_ms,88.884499
1779463790.502,/benchmark/latency_ms,86.925468
1779463790.549,/benchmark/latency_ms,85.854019
1779463790.598,/benchmark/latency_ms,84.435478
1779463790.644,/benchmark/latency_ms,83.210495
1779463790.692,/benchmark/latency_ms,82.400063
1779463790.739,/benchmark/latency_ms,81.452515
1779463790.786,/benchmark/latency_ms,80.172554
1779463790.835,/benchmark/latency_ms,78.679939
1779463790.879,/benchmark/latency_ms,76.216766
1779463790.939,/benchmark/latency_ms,74.206818
1779463790.975,/benchmark/latency_ms,72.858582
1779463791.021,/benchmark/latency_ms,71.488289
1779463791.070,/benchmark/latency_ms,70.231026
1779463791.127,/benchmark/latency_ms,69.456398
1779463791.163,/benchmark/latency_ms,69.046555
1779463791.214,/benchmark/latency_ms,68.540436
1779463791.258,/benchmark/latency_ms,66.925415
1779463791.305,/benchmark/latency_ms,89.971184
1779463791.353,/benchmark/latency_ms,89.459396
1779463791.399,/benchmark/latency_ms,88.521416
1779463791.449,/benchmark/latency_ms,87.518570
1779463791.494,/benchmark/latency_ms,86.266518
1779463791.541,/benchmark/latency_ms,85.690056
1779463791.589,/benchmark/latency_ms,85.055138
1779463791.636,/benchmark/latency_ms,84.764908
1779463791.692,/benchmark/latency_ms,83.077286
1779463791.730,/benchmark/latency_ms,84.201820
1779463791.780,/benchmark/latency_ms,84.835083
1779463791.825,/benchmark/latency_ms,83.897575
1779463791.873,/benchmark/latency_ms,83.063400
1779463791.919,/benchmark/latency_ms,82.760529
1779463791.968,/benchmark/latency_ms,82.388702
1779463792.016,/benchmark/latency_ms,81.872849
1779463792.067,/benchmark/latency_ms,79.313332
1779463792.111,/benchmark/latency_ms,74.491165
1779463792.168,/benchmark/latency_ms,69.999489
1779463792.204,/benchmark/latency_ms,89.314857
1779463792.253,/benchmark/latency_ms,85.261055
1779463792.297,/benchmark/latency_ms,80.058487
1779463792.345,/benchmark/latency_ms,74.776535
1779463792.390,/benchmark/latency_ms,70.136024
1779463792.441,/benchmark/latency_ms,67.693069
1779463792.499,/benchmark/latency_ms,67.721100
1779463792.535,/benchmark/latency_ms,67.584404
1779463792.581,/benchmark/latency_ms,91.065292
1779463792.630,/benchmark/latency_ms,89.801247
1779463792.675,/benchmark/latency_ms,88.209846
1779463792.725,/benchmark/latency_ms,88.292526
1779463792.772,/benchmark/latency_ms,89.196526
1779463792.833,/benchmark/latency_ms,88.807106
1779463792.868,/benchmark/latency_ms,83.675766
1779463792.915,/benchmark/latency_ms,78.592201
1779463792.963,/benchmark/latency_ms,74.795219
1779463793.011,/benchmark/latency_ms,72.150352
1779463793.058,/benchmark/latency_ms,68.744843
1779463793.107,/benchmark/latency_ms,69.664810
1779463793.156,/benchmark/latency_ms,69.508469
1779463793.202,/benchmark/latency_ms,69.236862
1779463793.249,/benchmark/latency_ms,68.589523
1779463793.297,/benchmark/latency_ms,68.033897
1779463793.344,/benchmark/latency_ms,67.967339
1779463793.394,/benchmark/latency_ms,68.485268
1779463793.442,/benchmark/latency_ms,67.587189
1779463793.488,/benchmark/latency_ms,67.376091
1779463793.536,/benchmark/latency_ms,68.320923
1779463793.586,/benchmark/latency_ms,93.746834
1779463793.635,/benchmark/latency_ms,90.542213
1779463793.682,/benchmark/latency_ms,87.390327
1779463793.728,/benchmark/latency_ms,85.103401
1779463793.777,/benchmark/latency_ms,83.923889
1779463793.822,/benchmark/latency_ms,82.548225
1779463793.870,/benchmark/latency_ms,81.846298
1779463793.918,/benchmark/latency_ms,81.761185
1779463793.965,/benchmark/latency_ms,80.043098
1779463794.010,/benchmark/latency_ms,78.930756
1779463794.058,/benchmark/latency_ms,76.902122
1779463794.105,/benchmark/latency_ms,76.219269
1779463794.163,/benchmark/latency_ms,74.594048
1779463794.202,/benchmark/latency_ms,74.511749
1779463794.247,/benchmark/latency_ms,70.993248
1779463794.306,/benchmark/latency_ms,69.424919
1779463794.344,/benchmark/latency_ms,68.756332
1779463794.400,/benchmark/latency_ms,66.975792
1779463794.438,/benchmark/latency_ms,66.734940
1779463794.484,/benchmark/latency_ms,90.173622
1779463794.531,/benchmark/latency_ms,89.813950
1779463794.579,/benchmark/latency_ms,88.957245
1779463794.627,/benchmark/latency_ms,88.714279
1779463794.675,/benchmark/latency_ms,87.648590
1779463794.720,/benchmark/latency_ms,86.800751
1779463794.766,/benchmark/latency_ms,85.609589
1779463794.814,/benchmark/latency_ms,84.227753
1779463794.862,/benchmark/latency_ms,84.250153
1779463794.911,/benchmark/latency_ms,83.439682
1779463794.959,/benchmark/latency_ms,82.902550
1779463795.005,/benchmark/latency_ms,81.749535
1779463795.052,/benchmark/latency_ms,81.206200
1779463795.099,/benchmark/latency_ms,80.003105
1779463795.146,/benchmark/latency_ms,78.427261
1779463795.188,/benchmark/latency_ms,76.494301
1779463795.237,/benchmark/latency_ms,75.496384
1779463795.283,/benchmark/latency_ms,73.142776
1779463795.332,/benchmark/latency_ms,72.033440
1779463795.380,/benchmark/latency_ms,70.534676
1779463795.437,/benchmark/latency_ms,69.619057
1779463795.474,/benchmark/latency_ms,68.339813
1779463795.522,/benchmark/latency_ms,69.205093
1779463795.570,/benchmark/latency_ms,68.873329
1779463795.617,/benchmark/latency_ms,90.471405
1779463795.665,/benchmark/latency_ms,87.116486
1779463795.714,/benchmark/latency_ms,84.710808
1779463795.758,/benchmark/latency_ms,82.308144
1779463795.805,/benchmark/latency_ms,80.605774
1779463795.852,/benchmark/latency_ms,79.111908
1779463795.898,/benchmark/latency_ms,76.315590
1779463795.947,/benchmark/latency_ms,74.883255
1779463795.993,/benchmark/latency_ms,72.811203
1779463796.042,/benchmark/latency_ms,70.776970
1779463796.091,/benchmark/latency_ms,71.085411
1779463796.139,/benchmark/latency_ms,71.833542
1779463796.192,/benchmark/latency_ms,69.944839
1779463796.237,/benchmark/latency_ms,66.252365
1779463796.284,/benchmark/latency_ms,89.376633
1779463796.330,/benchmark/latency_ms,87.771919
1779463796.382,/benchmark/latency_ms,68.252747
1779463796.429,/benchmark/latency_ms,92.338799
1779463796.478,/benchmark/latency_ms,67.518814
1779463796.524,/benchmark/latency_ms,68.398308
1779463796.571,/benchmark/latency_ms,68.489311
1779463796.619,/benchmark/latency_ms,67.697144
1779463796.679,/benchmark/latency_ms,90.696487
1779463796.714,/benchmark/latency_ms,89.542419
1779463796.762,/benchmark/latency_ms,88.111526
1779463796.809,/benchmark/latency_ms,87.140427
1779463796.854,/benchmark/latency_ms,88.054276
1779463796.904,/benchmark/latency_ms,87.140076
1779463796.950,/benchmark/latency_ms,85.967247
1779463796.998,/benchmark/latency_ms,111.471588
1779463797.051,/benchmark/latency_ms,90.748390
1779463797.097,/benchmark/latency_ms,90.625580
1779463797.144,/benchmark/latency_ms,89.172646
1779463797.193,/benchmark/latency_ms,87.271141
1779463797.240,/benchmark/latency_ms,86.622078
1779463797.285,/benchmark/latency_ms,85.322830
1779463797.333,/benchmark/latency_ms,84.168945
1779463797.383,/benchmark/latency_ms,84.771645
1779463797.430,/benchmark/latency_ms,83.175865
1779463797.476,/benchmark/latency_ms,84.955994
1779463797.534,/benchmark/latency_ms,85.351402
1779463797.572,/benchmark/latency_ms,84.827263
1779463797.618,/benchmark/latency_ms,83.844604
1779463797.667,/benchmark/latency_ms,83.164185
1779463797.712,/benchmark/latency_ms,81.237755
1779463797.760,/benchmark/latency_ms,78.461884
1779463797.809,/benchmark/latency_ms,73.934654
1779463797.857,/benchmark/latency_ms,73.097404
1779463797.905,/benchmark/latency_ms,72.310173
1779463797.953,/benchmark/latency_ms,69.831215
1779463797.999,/benchmark/latency_ms,92.602951
1779463798.046,/benchmark/latency_ms,114.621727
1779463798.095,/benchmark/latency_ms,86.306541
1779463798.142,/benchmark/latency_ms,84.620293
1779463798.190,/benchmark/latency_ms,82.095840
1779463798.236,/benchmark/latency_ms,79.140518
1779463798.286,/benchmark/latency_ms,75.037369
1779463798.332,/benchmark/latency_ms,72.052391
1779463798.381,/benchmark/latency_ms,69.616798
1779463798.427,/benchmark/latency_ms,68.887192
1779463798.476,/benchmark/latency_ms,67.888924
1779463798.522,/benchmark/latency_ms,91.361595
1779463798.570,/benchmark/latency_ms,90.436089
1779463798.619,/benchmark/latency_ms,89.106796
1779463798.668,/benchmark/latency_ms,85.636711
1779463798.717,/benchmark/latency_ms,81.381752
1779463798.773,/benchmark/latency_ms,77.993683
1779463798.808,/benchmark/latency_ms,74.793762
1779463798.856,/benchmark/latency_ms,71.575958
1779463798.903,/benchmark/latency_ms,68.721214
1779463798.952,/benchmark/latency_ms,91.248894
1779463798.999,/benchmark/latency_ms,88.795952
1779463799.048,/benchmark/latency_ms,86.755226
1779463799.094,/benchmark/latency_ms,81.364159
1779463799.142,/benchmark/latency_ms,78.870132
1779463799.190,/benchmark/latency_ms,76.285362
1779463799.240,/benchmark/latency_ms,74.034981
1779463799.286,/benchmark/latency_ms,71.080811
1779463799.335,/benchmark/latency_ms,68.446121
1779463799.383,/benchmark/latency_ms,93.520142
1779463799.442,/benchmark/latency_ms,91.560081
1779463799.490,/benchmark/latency_ms,89.882515
1779463799.526,/benchmark/latency_ms,87.154831
1779463799.576,/benchmark/latency_ms,85.051453
1779463799.624,/benchmark/latency_ms,82.955429
1779463799.670,/benchmark/latency_ms,80.803665
1779463799.718,/benchmark/latency_ms,77.370735
1779463799.767,/benchmark/latency_ms,74.943230
1779463799.813,/benchmark/latency_ms,72.467926
1779463799.860,/benchmark/latency_ms,68.945396
1779463799.906,/benchmark/latency_ms,89.515419
1779463799.952,/benchmark/latency_ms,83.815369
1779463800.012,/benchmark/latency_ms,77.955223
1779463800.045,/benchmark/latency_ms,72.151848
1779463800.091,/benchmark/latency_ms,92.755180
1779463800.139,/benchmark/latency_ms,88.101746
1779463800.191,/benchmark/latency_ms,87.668640
1779463800.239,/benchmark/latency_ms,66.660713
1779463800.284,/benchmark/latency_ms,66.705322
1779463800.334,/benchmark/latency_ms,66.845123
1779463800.381,/benchmark/latency_ms,90.663223
1779463800.430,/benchmark/latency_ms,90.280678
1779463800.475,/benchmark/latency_ms,88.703392
1779463800.524,/benchmark/latency_ms,87.716476
1779463800.570,/benchmark/latency_ms,87.344940
1779463800.617,/benchmark/latency_ms,86.897690
1779463800.664,/benchmark/latency_ms,86.787552
1779463800.711,/benchmark/latency_ms,85.645836
1779463800.760,/benchmark/latency_ms,84.771591
1779463800.807,/benchmark/latency_ms,83.935272
1779463800.854,/benchmark/latency_ms,82.957451
1779463800.900,/benchmark/latency_ms,81.211143
1779463800.946,/benchmark/latency_ms,80.675865
1779463800.992,/benchmark/latency_ms,76.884155
1779463801.038,/benchmark/latency_ms,73.798897
1779463801.086,/benchmark/latency_ms,71.886032
1779463801.132,/benchmark/latency_ms,70.033653
1779463801.181,/benchmark/latency_ms,68.957817
1779463801.227,/benchmark/latency_ms,69.038261
1779463801.279,/benchmark/latency_ms,92.854828
1779463801.325,/benchmark/latency_ms,113.868645
1779463801.370,/benchmark/latency_ms,80.046097
1779463801.417,/benchmark/latency_ms,76.651337
1779463801.463,/benchmark/latency_ms,75.244576
1779463801.511,/benchmark/latency_ms,74.243202
1779463801.569,/benchmark/latency_ms,72.717560
1779463801.604,/benchmark/latency_ms,72.083305
1779463801.653,/benchmark/latency_ms,70.742462
1779463801.702,/benchmark/latency_ms,70.445412
1779463801.752,/benchmark/latency_ms,71.444099
1779463801.799,/benchmark/latency_ms,70.755066
1779463801.855,/benchmark/latency_ms,69.451080
1779463801.892,/benchmark/latency_ms,69.091156
1779463801.939,/benchmark/latency_ms,68.547691
1779463801.988,/benchmark/latency_ms,68.515915
1779463802.035,/benchmark/latency_ms,91.180710
1779463802.082,/benchmark/latency_ms,66.820389
1779463802.129,/benchmark/latency_ms,90.146675
1779463802.177,/benchmark/latency_ms,88.943642
1779463802.224,/benchmark/latency_ms,88.222740
1779463802.273,/benchmark/latency_ms,86.480469
1779463802.320,/benchmark/latency_ms,86.091232
1779463802.366,/benchmark/latency_ms,85.792007
1779463802.414,/benchmark/latency_ms,85.631149
1779463802.466,/benchmark/latency_ms,88.268562
1779463802.514,/benchmark/latency_ms,111.951500
1779463802.560,/benchmark/latency_ms,88.134712
1779463802.609,/benchmark/latency_ms,89.458473
1779463802.656,/benchmark/latency_ms,88.842941
1779463802.701,/benchmark/latency_ms,88.907486
1779463802.749,/benchmark/latency_ms,88.002747
1779463802.798,/benchmark/latency_ms,87.441040
1779463802.842,/benchmark/latency_ms,86.478737
1779463802.890,/benchmark/latency_ms,86.266647
1779463802.937,/benchmark/latency_ms,85.834152
1779463802.984,/benchmark/latency_ms,85.486008
1779463803.043,/benchmark/latency_ms,84.846893
1779463803.078,/benchmark/latency_ms,85.044006
1779463803.128,/benchmark/latency_ms,85.126534
1779463803.173,/benchmark/latency_ms,84.754929
1779463803.223,/benchmark/latency_ms,84.964745
1779463803.270,/benchmark/latency_ms,84.122856
1779463803.316,/benchmark/latency_ms,82.414627
1779463803.364,/benchmark/latency_ms,81.325966
1779463803.409,/benchmark/latency_ms,79.809219
1779463803.458,/benchmark/latency_ms,78.786919
1779463803.504,/benchmark/latency_ms,77.909729
1779463803.550,/benchmark/latency_ms,76.627953
1779463803.598,/benchmark/latency_ms,75.396889
1779463803.645,/benchmark/latency_ms,74.069038
1779463803.691,/benchmark/latency_ms,73.872307
1779463803.740,/benchmark/latency_ms,73.881805
1779463803.788,/benchmark/latency_ms,71.991669
1779463803.834,/benchmark/latency_ms,69.590347
1779463803.883,/benchmark/latency_ms,68.137505
1779463803.928,/benchmark/latency_ms,91.106514
1779463803.977,/benchmark/latency_ms,89.347214
1779463804.022,/benchmark/latency_ms,88.104256
1779463804.071,/benchmark/latency_ms,86.152992
1779463804.119,/benchmark/latency_ms,86.568405
1779463804.166,/benchmark/latency_ms,85.230118
1779463804.214,/benchmark/latency_ms,85.458267
1779463804.261,/benchmark/latency_ms,84.336708
1779463804.307,/benchmark/latency_ms,80.635818
1779463804.355,/benchmark/latency_ms,77.778603
1779463804.403,/benchmark/latency_ms,76.139778
1779463804.450,/benchmark/latency_ms,75.420570
1779463804.497,/benchmark/latency_ms,74.278282
1779463804.547,/benchmark/latency_ms,72.790108
1779463804.605,/benchmark/latency_ms,69.182556
1779463804.645,/benchmark/latency_ms,69.715492
1779463804.693,/benchmark/latency_ms,69.811234
1779463804.740,/benchmark/latency_ms,66.125191
1779463804.785,/benchmark/latency_ms,87.900131
1779463804.833,/benchmark/latency_ms,84.866066
1779463804.878,/benchmark/latency_ms,79.871300
1779463804.924,/benchmark/latency_ms,73.804245
1779463804.971,/benchmark/latency_ms,68.493744
1779463805.017,/benchmark/latency_ms,88.967010
1779463805.064,/benchmark/latency_ms,84.427460
1779463805.111,/benchmark/latency_ms,79.597450
1779463805.159,/benchmark/latency_ms,73.504227
1779463805.201,/benchmark/latency_ms,68.368279
1779463805.250,/benchmark/latency_ms,88.711472
1779463805.296,/benchmark/latency_ms,84.186028
1779463805.342,/benchmark/latency_ms,78.688461
1779463805.390,/benchmark/latency_ms,72.170326
1779463805.434,/benchmark/latency_ms,93.409958
1779463805.484,/benchmark/latency_ms,88.878212
1779463805.530,/benchmark/latency_ms,85.021103
1779463805.577,/benchmark/latency_ms,82.572739
1779463805.626,/benchmark/latency_ms,80.028610
1779463805.673,/benchmark/latency_ms,78.648529
1779463805.720,/benchmark/latency_ms,77.924873
1779463805.768,/benchmark/latency_ms,76.355171
1779463805.814,/benchmark/latency_ms,75.123116
1779463805.861,/benchmark/latency_ms,74.161232
1779463805.909,/benchmark/latency_ms,73.614494
1779463805.955,/benchmark/latency_ms,72.697411
1779463806.004,/benchmark/latency_ms,72.787292
1779463806.054,/benchmark/latency_ms,72.753250
1779463806.102,/benchmark/latency_ms,70.294136
1779463806.148,/benchmark/latency_ms,67.938156
1779463806.197,/benchmark/latency_ms,90.362900
1779463806.245,/benchmark/latency_ms,88.658546
1779463806.291,/benchmark/latency_ms,87.022476
1779463806.340,/benchmark/latency_ms,86.824913
1779463806.395,/benchmark/latency_ms,91.450516
1779463806.443,/benchmark/latency_ms,91.659531
1779463806.503,/benchmark/latency_ms,72.093719
1779463806.553,/benchmark/latency_ms,73.585190
1779463806.600,/benchmark/latency_ms,97.121452
1779463806.655,/benchmark/latency_ms,75.404099
1779463806.700,/benchmark/latency_ms,75.695518
1779463806.754,/benchmark/latency_ms,74.527649
1779463806.799,/benchmark/latency_ms,97.759377
1779463806.854,/benchmark/latency_ms,74.749466
1779463806.900,/benchmark/latency_ms,73.831322
1779463806.950,/benchmark/latency_ms,74.402435
1779463806.999,/benchmark/latency_ms,72.733215
1779463807.047,/benchmark/latency_ms,71.459534
1779463807.099,/benchmark/latency_ms,71.923012
1779463807.152,/benchmark/latency_ms,99.280800
1779463807.200,/benchmark/latency_ms,70.065796
1779463807.249,/benchmark/latency_ms,70.206940
1779463807.296,/benchmark/latency_ms,68.117447
1779463807.344,/benchmark/latency_ms,66.936882
1779463807.392,/benchmark/latency_ms,90.399834
1779463807.440,/benchmark/latency_ms,88.606133
1779463807.487,/benchmark/latency_ms,85.670624
1779463807.536,/benchmark/latency_ms,85.353416
1779463807.581,/benchmark/latency_ms,84.658371
1779463807.631,/benchmark/latency_ms,84.138710
1779463807.679,/benchmark/latency_ms,85.353096
1779463807.730,/benchmark/latency_ms,85.635811
1779463807.774,/benchmark/latency_ms,82.850693
1779463807.822,/benchmark/latency_ms,80.078598
1779463807.873,/benchmark/latency_ms,76.949455
1779463807.920,/benchmark/latency_ms,99.801132
1779463807.970,/benchmark/latency_ms,74.755997
1779463808.017,/benchmark/latency_ms,96.748924
1779463808.068,/benchmark/latency_ms,92.108604
1779463808.114,/benchmark/latency_ms,87.758453
1779463808.165,/benchmark/latency_ms,84.813667
1779463808.215,/benchmark/latency_ms,85.518631
1779463808.267,/benchmark/latency_ms,84.674469
1779463808.313,/benchmark/latency_ms,80.739342
1779463808.361,/benchmark/latency_ms,76.993332
1779463808.405,/benchmark/latency_ms,73.311958
1779463808.453,/benchmark/latency_ms,69.717262
1779463808.495,/benchmark/latency_ms,65.604034
1779463808.543,/benchmark/latency_ms,86.588036
1779463808.588,/benchmark/latency_ms,82.154938
1779463808.636,/benchmark/latency_ms,78.756439
1779463808.680,/benchmark/latency_ms,74.558372
1779463808.726,/benchmark/latency_ms,70.725105
1779463808.772,/benchmark/latency_ms,66.243088
1779463808.818,/benchmark/latency_ms,86.973427
1779463808.864,/benchmark/latency_ms,84.418831
1779463808.916,/benchmark/latency_ms,84.233269
1779463808.961,/benchmark/latency_ms,82.930466
1779463809.009,/benchmark/latency_ms,81.755051
1779463809.056,/benchmark/latency_ms,81.245407
1779463809.105,/benchmark/latency_ms,79.777840
1779463809.152,/benchmark/latency_ms,77.122032
1779463809.198,/benchmark/latency_ms,75.327599
1779463809.249,/benchmark/latency_ms,74.757988
1779463809.297,/benchmark/latency_ms,74.475983
1779463809.347,/benchmark/latency_ms,72.399994
1779463809.392,/benchmark/latency_ms,93.937187
1779463809.440,/benchmark/latency_ms,90.406273
1779463809.487,/benchmark/latency_ms,86.548996
1779463809.534,/benchmark/latency_ms,83.090302
1779463809.582,/benchmark/latency_ms,81.778923
1779463809.631,/benchmark/latency_ms,80.671097
1779463809.676,/benchmark/latency_ms,79.745880
1779463809.725,/benchmark/latency_ms,79.559067
1779463809.773,/benchmark/latency_ms,76.237679
1779463809.818,/benchmark/latency_ms,72.960159
1779463809.865,/benchmark/latency_ms,73.305656
1779463809.911,/benchmark/latency_ms,72.240669
1779463809.961,/benchmark/latency_ms,71.517143
1779463810.007,/benchmark/latency_ms,70.647926
1779463810.056,/benchmark/latency_ms,72.271133
1779463810.103,/benchmark/latency_ms,71.537079
1779463810.150,/benchmark/latency_ms,71.065865
1779463810.201,/benchmark/latency_ms,70.757202
1779463810.247,/benchmark/latency_ms,71.021194
1779463810.294,/benchmark/latency_ms,70.347969
1779463810.341,/benchmark/latency_ms,70.080940
1779463810.390,/benchmark/latency_ms,70.241478
1779463810.436,/benchmark/latency_ms,70.492157
1779463810.486,/benchmark/latency_ms,72.010376
1779463810.544,/benchmark/latency_ms,70.945549
1779463810.581,/benchmark/latency_ms,70.809715
1779463810.629,/benchmark/latency_ms,71.082375
1779463810.677,/benchmark/latency_ms,71.317726
1779463810.725,/benchmark/latency_ms,71.360123
1779463810.774,/benchmark/latency_ms,71.199745
1779463810.820,/benchmark/latency_ms,71.155975
1779463810.867,/benchmark/latency_ms,71.122147
1779463810.917,/benchmark/latency_ms,70.917740
1779463810.963,/benchmark/latency_ms,71.158119
1779463811.009,/benchmark/latency_ms,71.046379
1779463811.059,/benchmark/latency_ms,71.149986
1779463811.106,/benchmark/latency_ms,71.168777
1779463811.156,/benchmark/latency_ms,70.975021
1779463811.202,/benchmark/latency_ms,71.153770
1779463811.250,/benchmark/latency_ms,71.537117
1779463811.301,/benchmark/latency_ms,72.495193
1779463811.347,/benchmark/latency_ms,73.542740
1779463811.394,/benchmark/latency_ms,73.078918
1779463811.441,/benchmark/latency_ms,72.795372
1779463811.490,/benchmark/latency_ms,72.010727
1779463811.536,/benchmark/latency_ms,72.290848
1779463811.584,/benchmark/latency_ms,72.515350
1779463811.631,/benchmark/latency_ms,72.315163
1779463811.678,/benchmark/latency_ms,71.914253
1779463811.730,/benchmark/latency_ms,72.405273
1779463811.775,/benchmark/latency_ms,72.879913
1779463811.822,/benchmark/latency_ms,72.242783
1779463811.870,/benchmark/latency_ms,72.286911
1779463811.919,/benchmark/latency_ms,72.072327
1779463811.967,/benchmark/latency_ms,72.506203
1779463812.015,/benchmark/latency_ms,73.389336
1779463812.073,/benchmark/latency_ms,72.782860
1779463812.110,/benchmark/latency_ms,73.192963
1779463812.158,/benchmark/latency_ms,72.486557
1779463812.203,/benchmark/latency_ms,72.146118
1779463812.253,/benchmark/latency_ms,72.152649
1779463812.301,/benchmark/latency_ms,71.492287
1779463812.359,/benchmark/latency_ms,71.029007
1779463812.397,/benchmark/latency_ms,70.912849
1779463812.443,/benchmark/latency_ms,70.482750
1779463812.491,/benchmark/latency_ms,70.490913
1779463812.540,/benchmark/latency_ms,71.788887
1779463812.587,/benchmark/latency_ms,71.415779
1779463812.638,/benchmark/latency_ms,71.663284
1779463812.682,/benchmark/latency_ms,72.102982
1779463812.732,/benchmark/latency_ms,72.100235
1779463812.780,/benchmark/latency_ms,71.201256
1779463812.825,/benchmark/latency_ms,72.095749
1779463812.873,/benchmark/latency_ms,72.320480
1779463812.920,/benchmark/latency_ms,72.758705
1779463812.978,/benchmark/latency_ms,72.133957
1779463813.014,/benchmark/latency_ms,71.559357
1779463813.062,/benchmark/latency_ms,72.130440
1779463813.111,/benchmark/latency_ms,72.505821
1779463813.158,/benchmark/latency_ms,71.475075
1779463813.205,/benchmark/latency_ms,70.063988
1779463813.254,/benchmark/latency_ms,71.214539
1779463813.308,/benchmark/latency_ms,71.870262
1779463813.353,/benchmark/latency_ms,70.493538
1779463813.401,/benchmark/latency_ms,67.626404
1779463813.452,/benchmark/latency_ms,89.493004
1779463813.497,/benchmark/latency_ms,89.329582
1779463813.545,/benchmark/latency_ms,89.559753
1779463813.592,/benchmark/latency_ms,88.249527
1779463813.639,/benchmark/latency_ms,87.555084
1779463813.686,/benchmark/latency_ms,87.958755
1779463813.735,/benchmark/latency_ms,87.072319
1779463813.782,/benchmark/latency_ms,85.851532
1779463813.828,/benchmark/latency_ms,84.895088
1779463813.875,/benchmark/latency_ms,84.800079
1779463813.923,/benchmark/latency_ms,84.437759
1779463813.970,/benchmark/latency_ms,83.526558
1779463814.018,/benchmark/latency_ms,82.850807
1779463814.065,/benchmark/latency_ms,82.071854
1779463814.114,/benchmark/latency_ms,81.333710
1779463814.159,/benchmark/latency_ms,79.400208
1779463814.205,/benchmark/latency_ms,78.144478
1779463814.252,/benchmark/latency_ms,76.760910
1779463814.301,/benchmark/latency_ms,75.113510
1779463814.346,/benchmark/latency_ms,73.191658
1779463814.393,/benchmark/latency_ms,72.155022
1779463814.440,/benchmark/latency_ms,71.118927
1779463814.488,/benchmark/latency_ms,70.096176
1779463814.536,/benchmark/latency_ms,68.787422
1779463814.582,/benchmark/latency_ms,68.424110
1779463814.630,/benchmark/latency_ms,68.132347
1779463814.679,/benchmark/latency_ms,66.944710
1779463814.727,/benchmark/latency_ms,90.782913
1779463814.771,/benchmark/latency_ms,89.859169
1779463814.820,/benchmark/latency_ms,89.080635
1779463814.868,/benchmark/latency_ms,89.465775
1779463814.917,/benchmark/latency_ms,90.507950
1779463814.965,/benchmark/latency_ms,87.350685
1779463815.012,/benchmark/latency_ms,83.599297
1779463815.059,/benchmark/latency_ms,81.807419
1779463815.108,/benchmark/latency_ms,82.734016
1779463815.156,/benchmark/latency_ms,80.962425
1779463815.201,/benchmark/latency_ms,77.898666
1779463815.250,/benchmark/latency_ms,74.282852
1779463815.299,/benchmark/latency_ms,71.287727
1779463815.346,/benchmark/latency_ms,72.801659
1779463815.393,/benchmark/latency_ms,73.483109
1779463815.441,/benchmark/latency_ms,73.023247
1779463815.490,/benchmark/latency_ms,71.200432
1779463815.539,/benchmark/latency_ms,92.415565
1779463815.586,/benchmark/latency_ms,88.381020
1779463815.633,/benchmark/latency_ms,87.212578
1779463815.680,/benchmark/latency_ms,85.927025
1779463815.725,/benchmark/latency_ms,84.982895
1779463815.773,/benchmark/latency_ms,84.409859
1779463815.820,/benchmark/latency_ms,83.094864
1779463815.869,/benchmark/latency_ms,82.907547
1779463815.914,/benchmark/latency_ms,81.371887
1779463815.961,/benchmark/latency_ms,80.147957
1779463816.008,/benchmark/latency_ms,78.378067
1779463816.056,/benchmark/latency_ms,81.009598
1779463816.103,/benchmark/latency_ms,80.734085
1779463816.152,/benchmark/latency_ms,79.769707
1779463816.200,/benchmark/latency_ms,77.868073
1779463816.243,/benchmark/latency_ms,75.786423
1779463816.291,/benchmark/latency_ms,73.766327
1779463816.337,/benchmark/latency_ms,72.668610
1779463816.386,/benchmark/latency_ms,71.652351
1779463816.430,/benchmark/latency_ms,72.234734
1779463816.481,/benchmark/latency_ms,71.339760
1779463816.528,/benchmark/latency_ms,93.461166
1779463816.577,/benchmark/latency_ms,89.257339
1779463816.626,/benchmark/latency_ms,85.957298
1779463816.671,/benchmark/latency_ms,108.153709
1779463816.723,/benchmark/latency_ms,83.710594
1779463816.769,/benchmark/latency_ms,83.124146
1779463816.829,/benchmark/latency_ms,82.934525
1779463816.866,/benchmark/latency_ms,83.028755
1779463816.911,/benchmark/latency_ms,106.551010
1779463816.958,/benchmark/latency_ms,80.874405
1779463817.006,/benchmark/latency_ms,78.146049
1779463817.052,/benchmark/latency_ms,74.610367
1779463817.096,/benchmark/latency_ms,70.683556
1779463817.142,/benchmark/latency_ms,69.238457
1779463817.190,/benchmark/latency_ms,69.812836
1779463817.259,/benchmark/latency_ms,66.823051
1779463817.306,/benchmark/latency_ms,88.158218
1779463817.352,/benchmark/latency_ms,83.638245
1779463817.398,/benchmark/latency_ms,80.182236
1779463817.445,/benchmark/latency_ms,77.370338
1779463817.493,/benchmark/latency_ms,72.505028
1779463817.538,/benchmark/latency_ms,93.514954
1779463817.583,/benchmark/latency_ms,87.843445
1779463817.631,/benchmark/latency_ms,82.560905
1779463817.677,/benchmark/latency_ms,75.870544
1779463817.724,/benchmark/latency_ms,70.727654
1779463817.769,/benchmark/latency_ms,90.664467
1779463817.815,/benchmark/latency_ms,84.652290
1779463817.863,/benchmark/latency_ms,78.665298
1779463817.907,/benchmark/latency_ms,72.181046
1779463817.951,/benchmark/latency_ms,92.385590
1779463818.000,/benchmark/latency_ms,86.143242
1779463818.046,/benchmark/latency_ms,80.115936
1779463818.092,/benchmark/latency_ms,73.981239
1779463818.142,/benchmark/latency_ms,68.716682
1779463818.188,/benchmark/latency_ms,91.643921
1779463818.236,/benchmark/latency_ms,89.892204
1779463818.284,/benchmark/latency_ms,88.256294
1779463818.331,/benchmark/latency_ms,84.881149
1779463818.379,/benchmark/latency_ms,83.385902
1779463818.427,/benchmark/latency_ms,84.277679
1779463818.477,/benchmark/latency_ms,83.777542
1779463818.522,/benchmark/latency_ms,83.277336
1779463818.572,/benchmark/latency_ms,82.395828
1779463818.629,/benchmark/latency_ms,81.751274
1779463818.667,/benchmark/latency_ms,80.708618
1779463818.716,/benchmark/latency_ms,80.262718
1779463818.759,/benchmark/latency_ms,78.617813
1779463818.806,/benchmark/latency_ms,77.198692
1779463818.851,/benchmark/latency_ms,75.449760
1779463818.898,/benchmark/latency_ms,73.933723
1779463818.948,/benchmark/latency_ms,72.403053
1779463818.991,/benchmark/latency_ms,71.451057
1779463819.041,/benchmark/latency_ms,71.053787
1779463819.090,/benchmark/latency_ms,71.764610
1779463819.138,/benchmark/latency_ms,70.901543
1779463819.187,/benchmark/latency_ms,67.690613
1779463819.233,/benchmark/latency_ms,67.251587
1779463819.281,/benchmark/latency_ms,90.171532
1779463819.328,/benchmark/latency_ms,88.947540
1779463819.374,/benchmark/latency_ms,87.870491
1779463819.422,/benchmark/latency_ms,87.166412
1779463819.470,/benchmark/latency_ms,85.859772
1779463819.516,/benchmark/latency_ms,85.406250
1779463819.564,/benchmark/latency_ms,84.718216
1779463819.611,/benchmark/latency_ms,84.462288
1779463819.658,/benchmark/latency_ms,83.426483
1779463819.705,/benchmark/latency_ms,83.028381
1779463819.753,/benchmark/latency_ms,82.118721
1779463819.802,/benchmark/latency_ms,79.071243
1779463819.849,/benchmark/latency_ms,74.941399
1779463819.897,/benchmark/latency_ms,72.845726
1779463819.943,/benchmark/latency_ms,70.868034
1779463819.991,/benchmark/latency_ms,93.396118
1779463820.040,/benchmark/latency_ms,89.279556
1779463820.088,/benchmark/latency_ms,87.575745
1779463820.134,/benchmark/latency_ms,83.633392
1779463820.183,/benchmark/latency_ms,81.230499
1779463820.228,/benchmark/latency_ms,78.827187
1779463820.287,/benchmark/latency_ms,75.296143
1779463820.324,/benchmark/latency_ms,73.171867
1779463820.372,/benchmark/latency_ms,70.894470
1779463820.420,/benchmark/latency_ms,69.430908
1779463820.470,/benchmark/latency_ms,92.647896
1779463820.516,/benchmark/latency_ms,90.429123
1779463820.565,/benchmark/latency_ms,88.076820
1779463820.612,/benchmark/latency_ms,85.540237
1779463820.659,/benchmark/latency_ms,85.766884
1779463820.709,/benchmark/latency_ms,86.270866
1779463820.754,/benchmark/latency_ms,82.247902
1779463820.808,/benchmark/latency_ms,80.484764
1779463820.852,/benchmark/latency_ms,80.006920
1779463820.901,/benchmark/latency_ms,79.885391
1779463820.948,/benchmark/latency_ms,78.717590
1779463820.994,/benchmark/latency_ms,77.602592
1779463821.041,/benchmark/latency_ms,75.752731
1779463821.087,/benchmark/latency_ms,74.009598
1779463821.134,/benchmark/latency_ms,72.596466
1779463821.182,/benchmark/latency_ms,71.516785
1779463821.232,/benchmark/latency_ms,70.545143
1779463821.278,/benchmark/latency_ms,69.357597
1779463821.323,/benchmark/latency_ms,68.213257
1779463821.382,/benchmark/latency_ms,67.400131
1779463821.417,/benchmark/latency_ms,65.587776
1779463821.464,/benchmark/latency_ms,88.617729
1779463821.512,/benchmark/latency_ms,87.922523
1779463821.559,/benchmark/latency_ms,86.731461
1779463821.607,/benchmark/latency_ms,85.859367
1779463821.656,/benchmark/latency_ms,85.023293
1779463821.704,/benchmark/latency_ms,84.085602
1779463821.749,/benchmark/latency_ms,83.728813
1779463821.799,/benchmark/latency_ms,83.427094
1779463821.846,/benchmark/latency_ms,82.970665
1779463821.892,/benchmark/latency_ms,81.415131
1779463821.939,/benchmark/latency_ms,78.957237
1779463821.985,/benchmark/latency_ms,78.155853
1779463822.032,/benchmark/latency_ms,77.140213
1779463822.082,/benchmark/latency_ms,75.086967
1779463822.128,/benchmark/latency_ms,72.612144
1779463822.176,/benchmark/latency_ms,70.633301
1779463822.235,/benchmark/latency_ms,67.831863
1779463822.270,/benchmark/latency_ms,90.768890
1779463822.320,/benchmark/latency_ms,87.861603
1779463822.366,/benchmark/latency_ms,85.644814
1779463822.413,/benchmark/latency_ms,83.367706
1779463822.464,/benchmark/latency_ms,83.392189
1779463822.511,/benchmark/latency_ms,105.079468
1779463822.557,/benchmark/latency_ms,76.362671
1779463822.603,/benchmark/latency_ms,71.782928
1779463822.648,/benchmark/latency_ms,66.922615
1779463822.694,/benchmark/latency_ms,88.124985
1779463822.752,/benchmark/latency_ms,84.510933
1779463822.786,/benchmark/latency_ms,78.103218
1779463822.830,/benchmark/latency_ms,71.628593
1779463822.876,/benchmark/latency_ms,91.771965
1779463822.922,/benchmark/latency_ms,85.700043
1779463822.970,/benchmark/latency_ms,80.660057
1779463823.014,/benchmark/latency_ms,74.445236
1779463823.062,/benchmark/latency_ms,68.553185
1779463823.106,/benchmark/latency_ms,89.513901
1779463823.154,/benchmark/latency_ms,84.970215
1779463823.202,/benchmark/latency_ms,78.434601
1779463823.245,/benchmark/latency_ms,72.263268
1779463823.292,/benchmark/latency_ms,93.020309
1779463823.340,/benchmark/latency_ms,89.722626
1779463823.389,/benchmark/latency_ms,88.113274
1779463823.436,/benchmark/latency_ms,88.771049
1779463823.483,/benchmark/latency_ms,82.033516
1779463823.530,/benchmark/latency_ms,79.960884
1779463823.576,/benchmark/latency_ms,77.146072
1779463823.626,/benchmark/latency_ms,75.470543
1779463823.672,/benchmark/latency_ms,72.561333
1779463823.718,/benchmark/latency_ms,68.159531
1779463823.764,/benchmark/latency_ms,89.169044
1779463823.811,/benchmark/latency_ms,83.365570
1779463823.858,/benchmark/latency_ms,78.795265
1779463823.904,/benchmark/latency_ms,73.325180
1779463823.952,/benchmark/latency_ms,68.113007
1779463823.994,/benchmark/latency_ms,88.071869
1779463824.040,/benchmark/latency_ms,81.928146
1779463824.088,/benchmark/latency_ms,76.479698
1779463824.132,/benchmark/latency_ms,70.255653
1779463824.180,/benchmark/latency_ms,91.004829
1779463824.227,/benchmark/latency_ms,87.121635
1779463824.275,/benchmark/latency_ms,86.741104
1779463824.323,/benchmark/latency_ms,87.579697
1779463824.369,/benchmark/latency_ms,86.934151
1779463824.415,/benchmark/latency_ms,81.802841
1779463824.462,/benchmark/latency_ms,75.494835
1779463824.508,/benchmark/latency_ms,69.538147
1779463824.554,/benchmark/latency_ms,90.036858
1779463824.602,/benchmark/latency_ms,84.216515
1779463824.649,/benchmark/latency_ms,79.720352
1779463824.696,/benchmark/latency_ms,80.343498
1779463824.743,/benchmark/latency_ms,75.833862
1779463824.787,/benchmark/latency_ms,71.002640
1779463824.834,/benchmark/latency_ms,67.315659
1779463824.878,/benchmark/latency_ms,87.940323
1779463824.923,/benchmark/latency_ms,82.877777
1779463824.971,/benchmark/latency_ms,79.644577
1779463825.015,/benchmark/latency_ms,76.189529
1779463825.064,/benchmark/latency_ms,73.371643
1779463825.111,/benchmark/latency_ms,72.801811
1779463825.157,/benchmark/latency_ms,72.074478
1779463825.203,/benchmark/latency_ms,71.492287
1779463825.252,/benchmark/latency_ms,70.149643
1779463825.308,/benchmark/latency_ms,69.388779
1779463825.344,/benchmark/latency_ms,68.635490
1779463825.392,/benchmark/latency_ms,67.682144
1779463825.438,/benchmark/latency_ms,88.992615
1779463825.488,/benchmark/latency_ms,89.277817
1779463825.546,/benchmark/latency_ms,88.025253
1779463825.582,/benchmark/latency_ms,86.810028
1779463825.629,/benchmark/latency_ms,85.337631
1779463825.676,/benchmark/latency_ms,83.904083
1779463825.723,/benchmark/latency_ms,82.529701
1779463825.770,/benchmark/latency_ms,81.234383
1779463825.816,/benchmark/latency_ms,78.581963
1779463825.863,/benchmark/latency_ms,77.434418
1779463825.910,/benchmark/latency_ms,75.629105
1779463825.957,/benchmark/latency_ms,74.402878
1779463826.005,/benchmark/latency_ms,72.594391
1779463826.052,/benchmark/latency_ms,71.436478
1779463826.098,/benchmark/latency_ms,70.181999
1779463826.147,/benchmark/latency_ms,69.256592
1779463826.192,/benchmark/latency_ms,67.118744
1779463826.241,/benchmark/latency_ms,66.107903
1779463826.287,/benchmark/latency_ms,89.240768
1779463826.334,/benchmark/latency_ms,89.218849
1779463826.386,/benchmark/latency_ms,91.175743
1779463826.435,/benchmark/latency_ms,115.137505
1779463826.493,/benchmark/latency_ms,88.360443
1779463826.534,/benchmark/latency_ms,87.727470
1779463826.582,/benchmark/latency_ms,86.660088
1779463826.630,/benchmark/latency_ms,86.044685
1779463826.677,/benchmark/latency_ms,87.597588
1779463826.727,/benchmark/latency_ms,68.528549
1779463826.789,/benchmark/latency_ms,71.174316
1779463826.835,/benchmark/latency_ms,73.645882
1779463826.872,/benchmark/latency_ms,75.391258
1779463826.920,/benchmark/latency_ms,75.648911
1779463826.965,/benchmark/latency_ms,72.648216
1779463827.011,/benchmark/latency_ms,92.732170
1779463827.068,/benchmark/latency_ms,86.985901
1779463827.105,/benchmark/latency_ms,81.893471
1779463827.149,/benchmark/latency_ms,79.064674
1779463827.195,/benchmark/latency_ms,75.390556
1779463827.243,/benchmark/latency_ms,72.589180
1779463827.289,/benchmark/latency_ms,69.510086
1779463827.333,/benchmark/latency_ms,69.019737
1779463827.378,/benchmark/latency_ms,68.401611
1779463827.425,/benchmark/latency_ms,66.571793
1779463827.471,/benchmark/latency_ms,87.845299
1779463827.516,/benchmark/latency_ms,84.719902
1779463827.564,/benchmark/latency_ms,81.631721
1779463827.611,/benchmark/latency_ms,79.254204
1779463827.655,/benchmark/latency_ms,76.540695
1779463827.700,/benchmark/latency_ms,74.982925
1779463827.744,/benchmark/latency_ms,73.408928
1779463827.790,/benchmark/latency_ms,72.024979
1779463827.836,/benchmark/latency_ms,71.720284
1779463827.881,/benchmark/latency_ms,70.419975
1779463827.928,/benchmark/latency_ms,69.592995
1779463827.973,/benchmark/latency_ms,68.375343
1779463828.017,/benchmark/latency_ms,66.908737
1779463828.061,/benchmark/latency_ms,65.891556
1779463828.107,/benchmark/latency_ms,64.437912
1779463828.153,/benchmark/latency_ms,85.773529
1779463828.197,/benchmark/latency_ms,83.377998
1779463828.242,/benchmark/latency_ms,82.431534
1779463828.288,/benchmark/latency_ms,81.428398
1779463828.336,/benchmark/latency_ms,80.784203
1779463828.381,/benchmark/latency_ms,76.694839
1779463828.426,/benchmark/latency_ms,71.341034
1779463828.471,/benchmark/latency_ms,66.990372
1779463828.517,/benchmark/latency_ms,65.790665
1779463828.563,/benchmark/latency_ms,88.259529
1779463828.620,/benchmark/latency_ms,86.289742
1779463828.657,/benchmark/latency_ms,83.382477
1779463828.705,/benchmark/latency_ms,79.077156
1779463828.749,/benchmark/latency_ms,75.603577
1779463828.795,/benchmark/latency_ms,71.525253
1779463828.839,/benchmark/latency_ms,67.672523
1779463828.889,/benchmark/latency_ms,91.068710
1779463828.935,/benchmark/latency_ms,89.589500
1779463828.984,/benchmark/latency_ms,88.171623
1779463829.030,/benchmark/latency_ms,87.271980
1779463829.078,/benchmark/latency_ms,86.297256
1779463829.127,/benchmark/latency_ms,85.580482
1779463829.174,/benchmark/latency_ms,84.547913
1779463829.223,/benchmark/latency_ms,84.211800
1779463829.270,/benchmark/latency_ms,83.249046
1779463829.318,/benchmark/latency_ms,80.451027
1779463829.364,/benchmark/latency_ms,76.670486
1779463829.410,/benchmark/latency_ms,72.933464
1779463829.455,/benchmark/latency_ms,68.817955
1779463829.502,/benchmark/latency_ms,89.554268
1779463829.547,/benchmark/latency_ms,86.622597
1779463829.595,/benchmark/latency_ms,80.596077
1779463829.640,/benchmark/latency_ms,74.753014
1779463829.687,/benchmark/latency_ms,67.555573
1779463829.731,/benchmark/latency_ms,87.578270
1779463829.778,/benchmark/latency_ms,82.592720
1779463829.835,/benchmark/latency_ms,76.929420
1779463829.873,/benchmark/latency_ms,73.037430
1779463829.920,/benchmark/latency_ms,72.040024
1779463829.978,/benchmark/latency_ms,70.827744
1779463830.014,/benchmark/latency_ms,91.628632
1779463830.061,/benchmark/latency_ms,84.968414
1779463830.105,/benchmark/latency_ms,79.612244
1779463830.151,/benchmark/latency_ms,79.359261
1779463830.197,/benchmark/latency_ms,78.137924
1779463830.245,/benchmark/latency_ms,76.888786
1779463830.289,/benchmark/latency_ms,74.062737
1779463830.334,/benchmark/latency_ms,72.623428
1779463830.380,/benchmark/latency_ms,71.265526
1779463830.426,/benchmark/latency_ms,72.137077
1779463830.475,/benchmark/latency_ms,69.875748
1779463830.519,/benchmark/latency_ms,90.198761
1779463830.566,/benchmark/latency_ms,83.654732
1779463830.610,/benchmark/latency_ms,80.056580
1779463830.659,/benchmark/latency_ms,80.256546
1779463830.704,/benchmark/latency_ms,79.732147
1779463830.750,/benchmark/latency_ms,75.828758
1779463830.799,/benchmark/latency_ms,72.264656
1779463830.846,/benchmark/latency_ms,68.514389
1779463830.895,/benchmark/latency_ms,89.834328
1779463830.940,/benchmark/latency_ms,85.339218
1779463831.000,/benchmark/latency_ms,80.209412
1779463831.033,/benchmark/latency_ms,75.451683
1779463831.080,/benchmark/latency_ms,71.488815
1779463831.138,/benchmark/latency_ms,92.399391
1779463831.174,/benchmark/latency_ms,88.078453
1779463831.221,/benchmark/latency_ms,83.532303
1779463831.270,/benchmark/latency_ms,79.770004
1779463831.316,/benchmark/latency_ms,75.580742
1779463831.363,/benchmark/latency_ms,71.508812
1779463831.411,/benchmark/latency_ms,70.334740
1779463831.454,/benchmark/latency_ms,69.151711
1779463831.500,/benchmark/latency_ms,66.568283
1779463831.547,/benchmark/latency_ms,87.266579
1779463831.593,/benchmark/latency_ms,82.927429
1779463831.641,/benchmark/latency_ms,79.627258
1779463831.685,/benchmark/latency_ms,75.724922
1779463831.732,/benchmark/latency_ms,71.505936
1779463831.777,/benchmark/latency_ms,68.267487
1779463831.824,/benchmark/latency_ms,89.335373
1779463831.868,/benchmark/latency_ms,85.693253
1779463831.925,/benchmark/latency_ms,80.249504
1779463831.962,/benchmark/latency_ms,74.199471
1779463832.009,/benchmark/latency_ms,68.720108
1779463832.055,/benchmark/latency_ms,88.569160
1779463832.110,/benchmark/latency_ms,81.045036
1779463832.145,/benchmark/latency_ms,75.205231
1779463832.191,/benchmark/latency_ms,68.739571
1779463832.235,/benchmark/latency_ms,88.792862
1779463832.283,/benchmark/latency_ms,82.880493
1779463832.328,/benchmark/latency_ms,75.918427
1779463832.374,/benchmark/latency_ms,69.948486
1779463832.420,/benchmark/latency_ms,89.232277
1779463832.466,/benchmark/latency_ms,84.594803
1779463832.511,/benchmark/latency_ms,78.214439
1779463832.557,/benchmark/latency_ms,71.415443
1779463832.604,/benchmark/latency_ms,91.036880
1779463832.650,/benchmark/latency_ms,84.605202
1779463832.694,/benchmark/latency_ms,78.381508
1779463832.742,/benchmark/latency_ms,72.709831
1779463832.786,/benchmark/latency_ms,92.636635
1779463832.832,/benchmark/latency_ms,86.702217
1779463832.879,/benchmark/latency_ms,80.982826
1779463832.924,/benchmark/latency_ms,74.252373
1779463832.972,/benchmark/latency_ms,68.550102
1779463833.018,/benchmark/latency_ms,91.201805
1779463833.065,/benchmark/latency_ms,84.645424
1779463833.111,/benchmark/latency_ms,77.222191
1779463833.156,/benchmark/latency_ms,70.431732
1779463833.202,/benchmark/latency_ms,90.340012
1779463833.249,/benchmark/latency_ms,84.822121
1779463833.295,/benchmark/latency_ms,78.951286
1779463833.341,/benchmark/latency_ms,72.947876
1779463833.386,/benchmark/latency_ms,92.760857
1779463833.433,/benchmark/latency_ms,86.571091
1779463833.479,/benchmark/latency_ms,81.087784
1779463833.525,/benchmark/latency_ms,75.596870
1779463833.573,/benchmark/latency_ms,69.067429
1779463833.618,/benchmark/latency_ms,89.902176
1779463833.664,/benchmark/latency_ms,83.931374
1779463833.713,/benchmark/latency_ms,78.452194
1779463833.757,/benchmark/latency_ms,72.284508
1779463833.803,/benchmark/latency_ms,68.417374
1779463833.850,/benchmark/latency_ms,89.055992
1779463833.907,/benchmark/latency_ms,81.974510
1779463833.944,/benchmark/latency_ms,76.342865
1779463833.990,/benchmark/latency_ms,69.742355
1779463834.036,/benchmark/latency_ms,89.779617
1779463834.081,/benchmark/latency_ms,83.114281
1779463834.130,/benchmark/latency_ms,78.585632
1779463834.174,/benchmark/latency_ms,76.402222
1779463834.223,/benchmark/latency_ms,76.584167
1779463834.270,/benchmark/latency_ms,74.992958
1779463834.318,/benchmark/latency_ms,73.304634
1779463834.367,/benchmark/latency_ms,71.503891
1779463834.413,/benchmark/latency_ms,70.207199
1779463834.463,/benchmark/latency_ms,69.711189
1779463834.520,/benchmark/latency_ms,68.448830
1779463834.568,/benchmark/latency_ms,91.980919
1779463834.606,/benchmark/latency_ms,90.251671
1779463834.652,/benchmark/latency_ms,88.953087
1779463834.700,/benchmark/latency_ms,87.080734
1779463834.745,/benchmark/latency_ms,83.369118
1779463834.793,/benchmark/latency_ms,80.279404
1779463834.839,/benchmark/latency_ms,75.679237
1779463834.887,/benchmark/latency_ms,73.359863
1779463834.935,/benchmark/latency_ms,72.826698
1779463834.982,/benchmark/latency_ms,70.521141
1779463835.029,/benchmark/latency_ms,67.602936
1779463835.075,/benchmark/latency_ms,89.015877
1779463835.119,/benchmark/latency_ms,84.392670
1779463835.165,/benchmark/latency_ms,80.148529
1779463835.213,/benchmark/latency_ms,76.100159
1779463835.256,/benchmark/latency_ms,71.717522
1779463835.304,/benchmark/latency_ms,66.627327
1779463835.348,/benchmark/latency_ms,87.370361
1779463835.394,/benchmark/latency_ms,83.545120
1779463835.440,/benchmark/latency_ms,79.422379
1779463835.488,/benchmark/latency_ms,75.980446
1779463835.534,/benchmark/latency_ms,71.949287
1779463835.589,/benchmark/latency_ms,67.871063
1779463835.624,/benchmark/latency_ms,88.941124
1779463835.670,/benchmark/latency_ms,84.620949
1779463835.717,/benchmark/latency_ms,82.350311
1779463835.764,/benchmark/latency_ms,79.824028
1779463835.814,/benchmark/latency_ms,78.234673
1779463835.859,/benchmark/latency_ms,76.421165
1779463835.906,/benchmark/latency_ms,73.001892
1779463835.953,/benchmark/latency_ms,67.775192
1779463836.007,/benchmark/latency_ms,88.335579
1779463836.044,/benchmark/latency_ms,85.696983
1779463836.092,/benchmark/latency_ms,83.460129
1779463836.141,/benchmark/latency_ms,82.533348
1779463836.187,/benchmark/latency_ms,79.447182
1779463836.233,/benchmark/latency_ms,75.123650
1779463836.280,/benchmark/latency_ms,71.905006
1779463836.326,/benchmark/latency_ms,69.497154
1779463836.374,/benchmark/latency_ms,68.806931
1779463836.426,/benchmark/latency_ms,95.787521
1779463836.479,/benchmark/latency_ms,71.077896
1779463836.524,/benchmark/latency_ms,71.208900
1779463836.572,/benchmark/latency_ms,95.026619
1779463836.624,/benchmark/latency_ms,72.974411
1779463836.670,/benchmark/latency_ms,71.573051
1779463836.718,/benchmark/latency_ms,71.547958
1779463836.766,/benchmark/latency_ms,70.645813
1779463836.814,/benchmark/latency_ms,94.087418
1779463836.862,/benchmark/latency_ms,68.823219
1779463836.908,/benchmark/latency_ms,67.075348
1779463836.955,/benchmark/latency_ms,90.091042
1779463837.004,/benchmark/latency_ms,88.807304
1779463837.050,/benchmark/latency_ms,87.447418
1779463837.097,/benchmark/latency_ms,110.364365
1779463837.147,/benchmark/latency_ms,85.980240
1779463837.195,/benchmark/latency_ms,86.269577
1779463837.242,/benchmark/latency_ms,85.292809
1779463837.296,/benchmark/latency_ms,86.373505
1779463837.342,/benchmark/latency_ms,85.284393
1779463837.389,/benchmark/latency_ms,86.929581
1779463837.439,/benchmark/latency_ms,66.637764
1779463837.489,/benchmark/latency_ms,70.085197
1779463837.535,/benchmark/latency_ms,72.415741
1779463837.584,/benchmark/latency_ms,75.068520
1779463837.644,/benchmark/latency_ms,77.580750
1779463837.681,/benchmark/latency_ms,80.499496
1779463837.729,/benchmark/latency_ms,82.500648
1779463837.779,/benchmark/latency_ms,84.695709
1779463837.825,/benchmark/latency_ms,84.376266
1779463837.874,/benchmark/latency_ms,82.734108
1779463837.919,/benchmark/latency_ms,80.779617
1779463837.967,/benchmark/latency_ms,79.501640
1779463838.016,/benchmark/latency_ms,77.601456
1779463838.063,/benchmark/latency_ms,75.599411
1779463838.110,/benchmark/latency_ms,73.255714
1779463838.158,/benchmark/latency_ms,70.533821
1779463838.204,/benchmark/latency_ms,91.626450
1779463838.248,/benchmark/latency_ms,85.263054
1779463838.296,/benchmark/latency_ms,79.974365
1779463838.340,/benchmark/latency_ms,73.927597
1779463838.388,/benchmark/latency_ms,68.314255
1779463838.433,/benchmark/latency_ms,88.843956
1779463838.481,/benchmark/latency_ms,83.207153
1779463838.526,/benchmark/latency_ms,78.048256
1779463838.572,/benchmark/latency_ms,72.567101
1779463838.619,/benchmark/latency_ms,67.834877
1779463838.667,/benchmark/latency_ms,88.005356
1779463838.713,/benchmark/latency_ms,82.291664
1779463838.758,/benchmark/latency_ms,76.814026
1779463838.806,/benchmark/latency_ms,71.771095
1779463838.851,/benchmark/latency_ms,92.494583
1779463838.897,/benchmark/latency_ms,87.469856
1779463838.943,/benchmark/latency_ms,81.743652
1779463838.992,/benchmark/latency_ms,76.351578
1779463839.036,/benchmark/latency_ms,70.238441
1779463839.084,/benchmark/latency_ms,91.407677
1779463839.131,/benchmark/latency_ms,85.103828
1779463839.178,/benchmark/latency_ms,79.309723
1779463839.225,/benchmark/latency_ms,77.896011
1779463839.271,/benchmark/latency_ms,77.619759
1779463839.317,/benchmark/latency_ms,75.282303
1779463839.364,/benchmark/latency_ms,72.925201
1779463839.414,/benchmark/latency_ms,71.659294
1779463839.460,/benchmark/latency_ms,70.935059
1779463839.511,/benchmark/latency_ms,71.680412
1779463839.557,/benchmark/latency_ms,69.657501
1779463839.605,/benchmark/latency_ms,69.392746
1779463839.654,/benchmark/latency_ms,68.624100
1779463839.701,/benchmark/latency_ms,67.446762
1779463839.747,/benchmark/latency_ms,67.190933
1779463839.796,/benchmark/latency_ms,67.350990
1779463839.842,/benchmark/latency_ms,90.792114
1779463839.890,/benchmark/latency_ms,90.240356
1779463839.937,/benchmark/latency_ms,89.950508
1779463839.986,/benchmark/latency_ms,89.806610
1779463840.032,/benchmark/latency_ms,89.635803
1779463840.082,/benchmark/latency_ms,91.062889
1779463840.128,/benchmark/latency_ms,90.485344
1779463840.177,/benchmark/latency_ms,88.744797
1779463840.236,/benchmark/latency_ms,87.089584
1779463840.273,/benchmark/latency_ms,84.709442
1779463840.319,/benchmark/latency_ms,80.901863
1779463840.368,/benchmark/latency_ms,78.799049
1779463840.414,/benchmark/latency_ms,75.663383
1779463840.466,/benchmark/latency_ms,73.767899
1779463840.510,/benchmark/latency_ms,71.752251
1779463840.558,/benchmark/latency_ms,69.981430
1779463840.606,/benchmark/latency_ms,92.966927
1779463840.654,/benchmark/latency_ms,90.620827
1779463840.703,/benchmark/latency_ms,87.817337
1779463840.750,/benchmark/latency_ms,81.163292
1779463840.797,/benchmark/latency_ms,77.932838
1779463840.843,/benchmark/latency_ms,74.396515
1779463840.890,/benchmark/latency_ms,70.329613
1779463840.939,/benchmark/latency_ms,92.825905
1779463840.986,/benchmark/latency_ms,89.705498
1779463841.031,/benchmark/latency_ms,87.407845
1779463841.080,/benchmark/latency_ms,86.456429
1779463841.126,/benchmark/latency_ms,85.694084
1779463841.173,/benchmark/latency_ms,84.885056
1779463841.221,/benchmark/latency_ms,84.636871
1779463841.266,/benchmark/latency_ms,84.508430
1779463841.315,/benchmark/latency_ms,83.064766
1779463841.362,/benchmark/latency_ms,81.628716
1779463841.409,/benchmark/latency_ms,80.358170
1779463841.455,/benchmark/latency_ms,77.877197
1779463841.502,/benchmark/latency_ms,76.475357
1779463841.550,/benchmark/latency_ms,73.992081
1779463841.595,/benchmark/latency_ms,72.061783
1779463841.641,/benchmark/latency_ms,70.207893
1779463841.688,/benchmark/latency_ms,67.549164
1779463841.732,/benchmark/latency_ms,66.979103
1779463841.778,/benchmark/latency_ms,88.364365
1779463841.824,/benchmark/latency_ms,83.817352
1779463841.871,/benchmark/latency_ms,81.144096
1779463841.918,/benchmark/latency_ms,77.101479
1779463841.965,/benchmark/latency_ms,72.828537
1779463842.010,/benchmark/latency_ms,69.392464
1779463842.055,/benchmark/latency_ms,90.283630
1779463842.102,/benchmark/latency_ms,85.064384
1779463842.150,/benchmark/latency_ms,79.427612
1779463842.195,/benchmark/latency_ms,73.360909
1779463842.242,/benchmark/latency_ms,93.501373
1779463842.287,/benchmark/latency_ms,85.720840
1779463842.334,/benchmark/latency_ms,79.300995
1779463842.379,/benchmark/latency_ms,73.495461
1779463842.426,/benchmark/latency_ms,94.513054
1779463842.477,/benchmark/latency_ms,91.176659
1779463842.523,/benchmark/latency_ms,83.231293
1779463842.569,/benchmark/latency_ms,76.025360
1779463842.616,/benchmark/latency_ms,70.822975
1779463842.659,/benchmark/latency_ms,91.360519
1779463842.707,/benchmark/latency_ms,84.734886
1779463842.756,/benchmark/latency_ms,78.842384
1779463842.801,/benchmark/latency_ms,73.548225
1779463842.846,/benchmark/latency_ms,68.220055
1779463842.890,/benchmark/latency_ms,88.568901
1779463842.937,/benchmark/latency_ms,82.430199
1779463842.984,/benchmark/latency_ms,76.369827
1779463843.030,/benchmark/latency_ms,70.354576
1779463843.075,/benchmark/latency_ms,90.976570
1779463843.123,/benchmark/latency_ms,84.202362
1779463843.170,/benchmark/latency_ms,78.766006
1779463843.217,/benchmark/latency_ms,73.625282
1779463843.264,/benchmark/latency_ms,68.073311
1779463843.312,/benchmark/latency_ms,88.242867
1779463843.356,/benchmark/latency_ms,81.956711
1779463843.403,/benchmark/latency_ms,75.893013
1779463843.452,/benchmark/latency_ms,70.001884
1779463843.507,/benchmark/latency_ms,90.700195
1779463843.542,/benchmark/latency_ms,83.321533
1779463843.588,/benchmark/latency_ms,76.816696
1779463843.647,/benchmark/latency_ms,70.997437
1779463843.681,/benchmark/latency_ms,90.990265
1779463843.730,/benchmark/latency_ms,84.493843
1779463843.773,/benchmark/latency_ms,77.929008
1779463843.822,/benchmark/latency_ms,71.762276
1779463843.868,/benchmark/latency_ms,91.582626
1779463843.913,/benchmark/latency_ms,84.916260
1779463843.961,/benchmark/latency_ms,79.142181
1779463844.006,/benchmark/latency_ms,73.266991
1779463844.052,/benchmark/latency_ms,93.571266
1779463844.099,/benchmark/latency_ms,87.766251
1779463844.146,/benchmark/latency_ms,81.597206
1779463844.193,/benchmark/latency_ms,76.665184
1779463844.242,/benchmark/latency_ms,71.208374
1779463844.284,/benchmark/latency_ms,91.290894
1779463844.330,/benchmark/latency_ms,84.729103
1779463844.380,/benchmark/latency_ms,78.377411
1779463844.425,/benchmark/latency_ms,72.036346
1779463844.471,/benchmark/latency_ms,92.055573
1779463844.518,/benchmark/latency_ms,86.985733
1779463844.564,/benchmark/latency_ms,81.599129
1779463844.621,/benchmark/latency_ms,75.447403
1779463844.658,/benchmark/latency_ms,72.206490
1779463844.704,/benchmark/latency_ms,68.045921
1779463844.750,/benchmark/latency_ms,88.921761
1779463844.795,/benchmark/latency_ms,86.422745
1779463844.847,/benchmark/latency_ms,84.676399
1779463844.892,/benchmark/latency_ms,82.000809
1779463844.938,/benchmark/latency_ms,81.262276
1779463844.984,/benchmark/latency_ms,79.160301
1779463845.031,/benchmark/latency_ms,77.721786
1779463845.080,/benchmark/latency_ms,76.986900
1779463845.127,/benchmark/latency_ms,75.947006
1779463845.174,/benchmark/latency_ms,75.825249
1779463845.223,/benchmark/latency_ms,75.080917
1779463845.271,/benchmark/latency_ms,71.055740
1779463845.316,/benchmark/latency_ms,68.968643
1779463845.365,/benchmark/latency_ms,67.774384
1779463845.414,/benchmark/latency_ms,67.367577
1779463845.460,/benchmark/latency_ms,67.221603
1779463845.508,/benchmark/latency_ms,90.701897
1779463845.555,/benchmark/latency_ms,89.927711
1779463845.602,/benchmark/latency_ms,88.346710
1779463845.649,/benchmark/latency_ms,86.498230
1779463845.696,/benchmark/latency_ms,85.674576
1779463845.745,/benchmark/latency_ms,85.259361
1779463845.792,/benchmark/latency_ms,83.695412
1779463845.838,/benchmark/latency_ms,82.803024
1779463845.885,/benchmark/latency_ms,81.883636
1779463845.933,/benchmark/latency_ms,80.198540
1779463845.979,/benchmark/latency_ms,77.717278
1779463846.037,/benchmark/latency_ms,75.937080
1779463846.073,/benchmark/latency_ms,74.665321
1779463846.119,/benchmark/latency_ms,72.399345
1779463846.168,/benchmark/latency_ms,70.745102
1779463846.213,/benchmark/latency_ms,69.420982
1779463846.262,/benchmark/latency_ms,68.058472
1779463846.309,/benchmark/latency_ms,66.323936
1779463846.354,/benchmark/latency_ms,65.169640
1779463846.402,/benchmark/latency_ms,67.447067
1779463846.448,/benchmark/latency_ms,69.737617
1779463846.497,/benchmark/latency_ms,72.122810
1779463846.545,/benchmark/latency_ms,72.416626
1779463846.592,/benchmark/latency_ms,74.662636
1779463846.641,/benchmark/latency_ms,75.061211
1779463846.695,/benchmark/latency_ms,74.507568
1779463846.736,/benchmark/latency_ms,74.694344
1779463846.783,/benchmark/latency_ms,75.627594
1779463846.831,/benchmark/latency_ms,72.322456
1779463846.880,/benchmark/latency_ms,69.670990
1779463846.930,/benchmark/latency_ms,69.228577
1779463846.978,/benchmark/latency_ms,94.308052
1779463847.027,/benchmark/latency_ms,91.532913
1779463847.080,/benchmark/latency_ms,89.259323
1779463847.124,/benchmark/latency_ms,85.501404
1779463847.172,/benchmark/latency_ms,82.149261
1779463847.221,/benchmark/latency_ms,78.601929
1779463847.271,/benchmark/latency_ms,75.717766
1779463847.318,/benchmark/latency_ms,72.709869
1779463847.366,/benchmark/latency_ms,94.896355
1779463847.414,/benchmark/latency_ms,88.264862
1779463847.462,/benchmark/latency_ms,81.841820
1779463847.520,/benchmark/latency_ms,75.061531
1779463847.556,/benchmark/latency_ms,70.864685
1779463847.605,/benchmark/latency_ms,70.391518
1779463847.651,/benchmark/latency_ms,69.644630
1779463847.698,/benchmark/latency_ms,67.905357
1779463847.746,/benchmark/latency_ms,66.863983
1779463847.794,/benchmark/latency_ms,90.058693
1779463847.841,/benchmark/latency_ms,88.930443
1779463847.887,/benchmark/latency_ms,87.958603
1779463847.935,/benchmark/latency_ms,86.225639
1779463847.992,/benchmark/latency_ms,85.709686
1779463848.029,/benchmark/latency_ms,84.802391
1779463848.078,/benchmark/latency_ms,81.946388
1779463848.125,/benchmark/latency_ms,78.927422
1779463848.182,/benchmark/latency_ms,75.898308
1779463848.219,/benchmark/latency_ms,74.006119
1779463848.269,/benchmark/latency_ms,71.790733
1779463848.315,/benchmark/latency_ms,68.829300
1779463848.364,/benchmark/latency_ms,91.466713
1779463848.410,/benchmark/latency_ms,88.920235
1779463848.458,/benchmark/latency_ms,86.522400
1779463848.506,/benchmark/latency_ms,84.672447
1779463848.553,/benchmark/latency_ms,82.003738
1779463848.600,/benchmark/latency_ms,79.335442
1779463848.649,/benchmark/latency_ms,76.309433
1779463848.695,/benchmark/latency_ms,73.355545
1779463848.744,/benchmark/latency_ms,70.885452
1779463848.791,/benchmark/latency_ms,94.196892
1779463848.840,/benchmark/latency_ms,91.100647
1779463848.888,/benchmark/latency_ms,88.894287
1779463848.935,/benchmark/latency_ms,87.519135
1779463848.984,/benchmark/latency_ms,84.938866
1779463849.040,/benchmark/latency_ms,81.805023
1779463849.078,/benchmark/latency_ms,79.091515
1779463849.123,/benchmark/latency_ms,75.932137
1779463849.173,/benchmark/latency_ms,73.605492
1779463849.220,/benchmark/latency_ms,72.288483
1779463849.270,/benchmark/latency_ms,73.088547
1779463849.316,/benchmark/latency_ms,70.316101
1779463849.366,/benchmark/latency_ms,69.093643
1779463849.414,/benchmark/latency_ms,92.827599
1779463849.474,/benchmark/latency_ms,91.258080
1779463849.512,/benchmark/latency_ms,88.307816
1779463849.571,/benchmark/latency_ms,86.777496
1779463849.608,/benchmark/latency_ms,84.997009
1779463849.656,/benchmark/latency_ms,83.029045
1779463849.705,/benchmark/latency_ms,81.603653
1779463849.760,/benchmark/latency_ms,78.717865
1779463849.797,/benchmark/latency_ms,76.343994
1779463849.845,/benchmark/latency_ms,73.730255
1779463849.892,/benchmark/latency_ms,71.420380
1779463849.942,/benchmark/latency_ms,68.981232
1779463849.989,/benchmark/latency_ms,91.713104
1779463850.037,/benchmark/latency_ms,89.305542
1779463850.085,/benchmark/latency_ms,87.446114
1779463850.130,/benchmark/latency_ms,83.358032
1779463850.179,/benchmark/latency_ms,80.767143
1779463850.224,/benchmark/latency_ms,77.366905
1779463850.273,/benchmark/latency_ms,74.007782
1779463850.319,/benchmark/latency_ms,71.227554
1779463850.379,/benchmark/latency_ms,69.133194
1779463850.426,/benchmark/latency_ms,91.698898
1779463850.462,/benchmark/latency_ms,88.588127
1779463850.509,/benchmark/latency_ms,85.847870
1779463850.567,/benchmark/latency_ms,83.084473
1779463850.605,/benchmark/latency_ms,80.547310
1779463850.651,/benchmark/latency_ms,78.156059
1779463850.701,/benchmark/latency_ms,74.530777
1779463850.747,/benchmark/latency_ms,71.267494
1779463850.795,/benchmark/latency_ms,68.926163
1779463850.843,/benchmark/latency_ms,91.504570
1779463850.889,/benchmark/latency_ms,88.794235
1779463850.936,/benchmark/latency_ms,85.547173
1779463850.984,/benchmark/latency_ms,82.656357
1779463851.032,/benchmark/latency_ms,79.840485
1779463851.081,/benchmark/latency_ms,76.565491
1779463851.127,/benchmark/latency_ms,73.582939
1779463851.177,/benchmark/latency_ms,71.387558
1779463851.224,/benchmark/latency_ms,69.620155
1779463851.274,/benchmark/latency_ms,92.581886
1779463851.323,/benchmark/latency_ms,91.544289
1779463851.370,/benchmark/latency_ms,88.643005
1779463851.418,/benchmark/latency_ms,86.888855
1779463851.467,/benchmark/latency_ms,85.030106
1779463851.512,/benchmark/latency_ms,82.596779
1779463851.559,/benchmark/latency_ms,79.553551
1779463851.608,/benchmark/latency_ms,76.902184
1779463851.656,/benchmark/latency_ms,74.366203
1779463851.703,/benchmark/latency_ms,72.248009
1779463851.751,/benchmark/latency_ms,70.430626
1779463851.799,/benchmark/latency_ms,67.994705
1779463851.847,/benchmark/latency_ms,91.297699
1779463851.893,/benchmark/latency_ms,89.001015
1779463851.942,/benchmark/latency_ms,87.414726
1779463851.999,/benchmark/latency_ms,85.597252
1779463852.036,/benchmark/latency_ms,84.091515
1779463852.095,/benchmark/latency_ms,81.571121
1779463852.130,/benchmark/latency_ms,78.822861
1779463852.177,/benchmark/latency_ms,75.620506
1779463852.227,/benchmark/latency_ms,73.589981
1779463852.275,/benchmark/latency_ms,72.077995
1779463852.321,/benchmark/latency_ms,70.074036
1779463852.370,/benchmark/latency_ms,92.910706
1779463852.418,/benchmark/latency_ms,89.785179
1779463852.465,/benchmark/latency_ms,88.481796
1779463852.513,/benchmark/latency_ms,86.600868
1779463852.560,/benchmark/latency_ms,83.837669
1779463852.609,/benchmark/latency_ms,81.055359
1779463852.655,/benchmark/latency_ms,78.613617
1779463852.705,/benchmark/latency_ms,75.730515
1779463852.749,/benchmark/latency_ms,74.903053
1779463852.796,/benchmark/latency_ms,74.508415
1779463852.854,/benchmark/latency_ms,73.536095
1779463852.901,/benchmark/latency_ms,72.320930
1779463852.936,/benchmark/latency_ms,71.388069
1779463852.986,/benchmark/latency_ms,71.009842
1779463853.034,/benchmark/latency_ms,70.858261
1779463853.080,/benchmark/latency_ms,70.467751
1779463853.127,/benchmark/latency_ms,69.547302
1779463853.176,/benchmark/latency_ms,68.250671
1779463853.224,/benchmark/latency_ms,91.685059
1779463853.271,/benchmark/latency_ms,89.844353
1779463853.318,/benchmark/latency_ms,88.132309
1779463853.363,/benchmark/latency_ms,87.048218
1779463853.413,/benchmark/latency_ms,85.512398
1779463853.459,/benchmark/latency_ms,85.492531
1779463853.507,/benchmark/latency_ms,84.333176
1779463853.555,/benchmark/latency_ms,84.633064
1779463853.603,/benchmark/latency_ms,84.376312
1779463853.652,/benchmark/latency_ms,84.540237
1779463853.701,/benchmark/latency_ms,85.018883
1779463853.760,/benchmark/latency_ms,84.662125
1779463853.797,/benchmark/latency_ms,84.180412
1779463853.845,/benchmark/latency_ms,84.532883
1779463853.891,/benchmark/latency_ms,84.312119
1779463853.939,/benchmark/latency_ms,83.854919
1779463853.986,/benchmark/latency_ms,83.650764
1779463854.034,/benchmark/latency_ms,83.301208
1779463854.083,/benchmark/latency_ms,82.066528
1779463854.130,/benchmark/latency_ms,81.739182
1779463854.176,/benchmark/latency_ms,81.793709
1779463854.224,/benchmark/latency_ms,82.265083
1779463854.283,/benchmark/latency_ms,81.812553
1779463854.333,/benchmark/latency_ms,81.705551
1779463854.368,/benchmark/latency_ms,81.437912
1779463854.416,/benchmark/latency_ms,81.771248
1779463854.473,/benchmark/latency_ms,80.977478
1779463854.510,/benchmark/latency_ms,80.790062
1779463854.556,/benchmark/latency_ms,80.573624
1779463854.603,/benchmark/latency_ms,79.945419
1779463854.650,/benchmark/latency_ms,79.191490
1779463854.701,/benchmark/latency_ms,78.419456
1779463854.746,/benchmark/latency_ms,76.546555
1779463854.793,/benchmark/latency_ms,76.650589
1779463854.845,/benchmark/latency_ms,74.907158
1779463854.891,/benchmark/latency_ms,72.596542
1779463854.944,/benchmark/latency_ms,69.690147
1779463854.984,/benchmark/latency_ms,68.632004
1779463855.031,/benchmark/latency_ms,67.640579
1779463855.078,/benchmark/latency_ms,66.541451
1779463855.125,/benchmark/latency_ms,89.590347
1779463855.172,/benchmark/latency_ms,88.757034
1779463855.218,/benchmark/latency_ms,87.967072
1779463855.264,/benchmark/latency_ms,86.277565
1779463855.312,/benchmark/latency_ms,84.626190
1779463855.360,/benchmark/latency_ms,83.440475
1779463855.407,/benchmark/latency_ms,81.935753
1779463855.457,/benchmark/latency_ms,81.220772
1779463855.503,/benchmark/latency_ms,104.488701
1779463855.549,/benchmark/latency_ms,77.950165
1779463855.597,/benchmark/latency_ms,75.155533
1779463855.644,/benchmark/latency_ms,71.905914
1779463855.693,/benchmark/latency_ms,70.806305
1779463855.750,/benchmark/latency_ms,69.547562
1779463855.787,/benchmark/latency_ms,68.379539
1779463855.846,/benchmark/latency_ms,90.802048
1779463855.882,/benchmark/latency_ms,88.764969
1779463855.928,/benchmark/latency_ms,86.920647
1779463855.975,/benchmark/latency_ms,85.917130
1779463856.022,/benchmark/latency_ms,84.734573
1779463856.075,/benchmark/latency_ms,85.374237
1779463856.120,/benchmark/latency_ms,84.212227
1779463856.166,/benchmark/latency_ms,82.779510
1779463856.213,/benchmark/latency_ms,81.217094
1779463856.260,/benchmark/latency_ms,79.749107
1779463856.318,/benchmark/latency_ms,78.078735
1779463856.356,/benchmark/latency_ms,76.879158
1779463856.402,/benchmark/latency_ms,75.085396
1779463856.450,/benchmark/latency_ms,73.476295
1779463856.497,/benchmark/latency_ms,72.421967
1779463856.555,/benchmark/latency_ms,69.231255
1779463856.600,/benchmark/latency_ms,90.689293
1779463856.637,/benchmark/latency_ms,86.690285
1779463856.681,/benchmark/latency_ms,83.436539
1779463856.729,/benchmark/latency_ms,79.973068
1779463856.777,/benchmark/latency_ms,76.583618
1779463856.822,/benchmark/latency_ms,73.308044
1779463856.869,/benchmark/latency_ms,71.555656
1779463856.930,/benchmark/latency_ms,70.447922
1779463856.966,/benchmark/latency_ms,70.551086
1779463857.012,/benchmark/latency_ms,69.019775
1779463857.059,/benchmark/latency_ms,91.391510
1779463857.106,/benchmark/latency_ms,87.528404
1779463857.153,/benchmark/latency_ms,82.123848
1779463857.199,/benchmark/latency_ms,75.771996
1779463857.247,/benchmark/latency_ms,73.334480
1779463857.296,/benchmark/latency_ms,72.162964
1779463857.344,/benchmark/latency_ms,71.397301
1779463857.391,/benchmark/latency_ms,71.115608
1779463857.445,/benchmark/latency_ms,69.402420
1779463857.485,/benchmark/latency_ms,69.574059
1779463857.532,/benchmark/latency_ms,70.738052
1779463857.579,/benchmark/latency_ms,71.315697
1779463857.626,/benchmark/latency_ms,72.131004
1779463857.683,/benchmark/latency_ms,72.674088
1779463857.719,/benchmark/latency_ms,73.764740
1779463857.776,/benchmark/latency_ms,73.598244
1779463857.811,/benchmark/latency_ms,71.866814
1779463857.859,/benchmark/latency_ms,70.992508
1779463857.904,/benchmark/latency_ms,69.345177
1779463857.949,/benchmark/latency_ms,89.440758
1779463857.995,/benchmark/latency_ms,84.563194
1779463858.041,/benchmark/latency_ms,80.107246
1779463858.089,/benchmark/latency_ms,75.433327
1779463858.134,/benchmark/latency_ms,69.553780
1779463858.181,/benchmark/latency_ms,89.129379
1779463858.228,/benchmark/latency_ms,82.642975
1779463858.273,/benchmark/latency_ms,76.669922
1779463858.319,/benchmark/latency_ms,70.727272
1779463858.376,/benchmark/latency_ms,90.823982
1779463858.410,/benchmark/latency_ms,86.488792
1779463858.459,/benchmark/latency_ms,83.055664
1779463858.506,/benchmark/latency_ms,80.729439
1779463858.554,/benchmark/latency_ms,79.036888
1779463858.601,/benchmark/latency_ms,77.450951
1779463858.647,/benchmark/latency_ms,76.014198
1779463858.694,/benchmark/latency_ms,74.292786
1779463858.741,/benchmark/latency_ms,72.792007
1779463858.791,/benchmark/latency_ms,71.254135
1779463858.847,/benchmark/latency_ms,70.525780
1779463858.883,/benchmark/latency_ms,69.381592
1779463858.931,/benchmark/latency_ms,68.116447
1779463858.979,/benchmark/latency_ms,66.752113
1779463859.027,/benchmark/latency_ms,89.875053
1779463859.073,/benchmark/latency_ms,88.511543
1779463859.120,/benchmark/latency_ms,86.910645
1779463859.167,/benchmark/latency_ms,85.508636
1779463859.216,/benchmark/latency_ms,84.663231
1779463859.261,/benchmark/latency_ms,83.079567
1779463859.309,/benchmark/latency_ms,82.018738
1779463859.357,/benchmark/latency_ms,78.957245
1779463859.404,/benchmark/latency_ms,77.562920
1779463859.453,/benchmark/latency_ms,76.868416
1779463859.499,/benchmark/latency_ms,73.545135
1779463859.544,/benchmark/latency_ms,69.202209
1779463859.591,/benchmark/latency_ms,68.532791
1779463859.638,/benchmark/latency_ms,67.647346
1779463859.688,/benchmark/latency_ms,68.833710
1779463859.737,/benchmark/latency_ms,91.407646
1779463859.782,/benchmark/latency_ms,87.077103
1779463859.828,/benchmark/latency_ms,83.425957
1779463859.874,/benchmark/latency_ms,79.244301
1779463859.920,/benchmark/latency_ms,75.502251
1779463859.966,/benchmark/latency_ms,71.335289
1779463860.015,/benchmark/latency_ms,69.451385
1779463860.063,/benchmark/latency_ms,68.797264
1779463860.110,/benchmark/latency_ms,67.838127
1779463860.159,/benchmark/latency_ms,91.415932
1779463860.204,/benchmark/latency_ms,90.672539
1779463860.266,/benchmark/latency_ms,89.803223
1779463860.303,/benchmark/latency_ms,88.790642
1779463860.351,/benchmark/latency_ms,87.834099
1779463860.399,/benchmark/latency_ms,87.443298
1779463860.445,/benchmark/latency_ms,85.499619
1779463860.493,/benchmark/latency_ms,83.653793
1779463860.542,/benchmark/latency_ms,81.107735
1779463860.589,/benchmark/latency_ms,80.476044
1779463860.635,/benchmark/latency_ms,77.788933
1779463860.683,/benchmark/latency_ms,73.776749
1779463860.727,/benchmark/latency_ms,69.630806
1779463860.776,/benchmark/latency_ms,90.804245
1779463860.822,/benchmark/latency_ms,85.124748
1779463860.865,/benchmark/latency_ms,80.236916
1779463860.911,/benchmark/latency_ms,74.543053
1779463860.959,/benchmark/latency_ms,68.705261
1779463861.005,/benchmark/latency_ms,89.347298
1779463861.054,/benchmark/latency_ms,84.497284
1779463861.102,/benchmark/latency_ms,79.787201
1779463861.145,/benchmark/latency_ms,72.891525
1779463861.196,/benchmark/latency_ms,69.371613
1779463861.244,/benchmark/latency_ms,68.888657
1779463861.289,/benchmark/latency_ms,68.907532
1779463861.338,/benchmark/latency_ms,66.397057
1779463861.384,/benchmark/latency_ms,89.898865
1779463861.433,/benchmark/latency_ms,89.738937
1779463861.478,/benchmark/latency_ms,89.797752
1779463861.526,/benchmark/latency_ms,113.260330
1779463861.573,/benchmark/latency_ms,87.853752
1779463861.620,/benchmark/latency_ms,87.060722
1779463861.668,/benchmark/latency_ms,86.317703
1779463861.716,/benchmark/latency_ms,85.671555
1779463861.774,/benchmark/latency_ms,82.065559
1779463861.811,/benchmark/latency_ms,79.602760
1779463861.861,/benchmark/latency_ms,77.262459
1779463861.909,/benchmark/latency_ms,74.949158
1779463861.956,/benchmark/latency_ms,71.158882
1779463862.005,/benchmark/latency_ms,70.955978
1779463862.058,/benchmark/latency_ms,72.395096
1779463862.106,/benchmark/latency_ms,74.568535
1779463862.152,/benchmark/latency_ms,71.002090
1779463862.200,/benchmark/latency_ms,66.905807
1779463862.245,/benchmark/latency_ms,88.318924
1779463862.290,/benchmark/latency_ms,84.566475
1779463862.336,/benchmark/latency_ms,80.338455
1779463862.384,/benchmark/latency_ms,78.442642
1779463862.434,/benchmark/latency_ms,78.180153
1779463862.482,/benchmark/latency_ms,78.983459
1779463862.530,/benchmark/latency_ms,75.662834
1779463862.579,/benchmark/latency_ms,73.735596
1779463862.627,/benchmark/latency_ms,71.566391
1779463862.674,/benchmark/latency_ms,68.442749
1779463862.724,/benchmark/latency_ms,92.284363
1779463862.770,/benchmark/latency_ms,89.097038
1779463862.817,/benchmark/latency_ms,86.139793
1779463862.864,/benchmark/latency_ms,85.391853
1779463862.913,/benchmark/latency_ms,84.542252
1779463862.960,/benchmark/latency_ms,85.187538
1779463863.006,/benchmark/latency_ms,84.558983
1779463863.055,/benchmark/latency_ms,84.797310
1779463863.105,/benchmark/latency_ms,86.590889
1779463863.154,/benchmark/latency_ms,87.366028
1779463863.201,/benchmark/latency_ms,83.073311
1779463863.249,/benchmark/latency_ms,79.508308
1779463863.299,/benchmark/latency_ms,76.440857
1779463863.355,/benchmark/latency_ms,76.914566
1779463863.391,/benchmark/latency_ms,77.053955
1779463863.446,/benchmark/latency_ms,78.172958
1779463863.484,/benchmark/latency_ms,79.384407
1779463863.531,/benchmark/latency_ms,72.201378
1779463863.578,/benchmark/latency_ms,71.742165
1779463863.626,/benchmark/latency_ms,70.472992
1779463863.672,/benchmark/latency_ms,69.976242
1779463863.719,/benchmark/latency_ms,68.950607
1779463863.766,/benchmark/latency_ms,67.889107
1779463863.815,/benchmark/latency_ms,67.805206
1779463863.862,/benchmark/latency_ms,66.715324
1779463863.907,/benchmark/latency_ms,89.013748
1779463863.953,/benchmark/latency_ms,87.344017
1779463864.000,/benchmark/latency_ms,85.538727
1779463864.047,/benchmark/latency_ms,84.653419
1779463864.094,/benchmark/latency_ms,81.592461
1779463864.151,/benchmark/latency_ms,82.278618
1779463864.186,/benchmark/latency_ms,82.420822
1779463864.233,/benchmark/latency_ms,81.440308
1779463864.280,/benchmark/latency_ms,79.296349
1779463864.325,/benchmark/latency_ms,77.924171
1779463864.383,/benchmark/latency_ms,76.073700
1779463864.417,/benchmark/latency_ms,73.783798
1779463864.465,/benchmark/latency_ms,72.070000
1779463864.523,/benchmark/latency_ms,70.756760
1779463864.557,/benchmark/latency_ms,68.994766
1779463864.605,/benchmark/latency_ms,67.288490
1779463864.651,/benchmark/latency_ms,90.605927
1779463864.697,/benchmark/latency_ms,87.293106
1779463864.744,/benchmark/latency_ms,86.104729
1779463864.792,/benchmark/latency_ms,86.042847
1779463864.839,/benchmark/latency_ms,83.608589
1779463864.887,/benchmark/latency_ms,78.956711
1779463864.932,/benchmark/latency_ms,75.449562
1779463864.980,/benchmark/latency_ms,75.173637
1779463865.029,/benchmark/latency_ms,73.289764
1779463865.074,/benchmark/latency_ms,69.102066
1779463865.121,/benchmark/latency_ms,90.166389
1779463865.169,/benchmark/latency_ms,86.543854
1779463865.217,/benchmark/latency_ms,85.451057
1779463865.258,/benchmark/latency_ms,84.240990
1779463865.309,/benchmark/latency_ms,83.126625
1779463865.355,/benchmark/latency_ms,81.829063
1779463865.402,/benchmark/latency_ms,80.590485
1779463865.451,/benchmark/latency_ms,79.210434
1779463865.498,/benchmark/latency_ms,79.742035
1779463865.545,/benchmark/latency_ms,78.024620
1779463865.590,/benchmark/latency_ms,76.590363
1779463865.638,/benchmark/latency_ms,74.891342
1779463865.683,/benchmark/latency_ms,73.204041
1779463865.730,/benchmark/latency_ms,71.909203
1779463865.776,/benchmark/latency_ms,70.490051
1779463865.825,/benchmark/latency_ms,69.213356
1779463865.872,/benchmark/latency_ms,66.436905
1779463865.918,/benchmark/latency_ms,90.215767
1779463865.967,/benchmark/latency_ms,89.144058
1779463866.013,/benchmark/latency_ms,85.021187
1779463866.058,/benchmark/latency_ms,83.660721
1779463866.105,/benchmark/latency_ms,82.700974
1779463866.153,/benchmark/latency_ms,80.780884
1779463866.199,/benchmark/latency_ms,79.273636
1779463866.244,/benchmark/latency_ms,77.745201
1779463866.292,/benchmark/latency_ms,76.426147
1779463866.349,/benchmark/latency_ms,74.980240
1779463866.385,/benchmark/latency_ms,73.890800
1779463866.444,/benchmark/latency_ms,75.100174
1779463866.481,/benchmark/latency_ms,75.742805
1779463866.531,/benchmark/latency_ms,74.117264
1779463866.581,/benchmark/latency_ms,71.171600
1779463866.628,/benchmark/latency_ms,65.979706
1779463866.675,/benchmark/latency_ms,88.585098
1779463866.719,/benchmark/latency_ms,84.518036
1779463866.767,/benchmark/latency_ms,80.609650
1779463866.811,/benchmark/latency_ms,76.763763
1779463866.857,/benchmark/latency_ms,73.139084
1779463866.903,/benchmark/latency_ms,69.381355
1779463866.952,/benchmark/latency_ms,89.506348
1779463867.007,/benchmark/latency_ms,86.515411
1779463867.041,/benchmark/latency_ms,108.176712
1779463867.100,/benchmark/latency_ms,79.692505
1779463867.134,/benchmark/latency_ms,73.180847
1779463867.180,/benchmark/latency_ms,67.370255
1779463867.226,/benchmark/latency_ms,87.822861
1779463867.272,/benchmark/latency_ms,81.610970
1779463867.318,/benchmark/latency_ms,76.662781
1779463867.375,/benchmark/latency_ms,71.356972
1779463867.411,/benchmark/latency_ms,93.109146
1779463867.456,/benchmark/latency_ms,87.036423
1779463867.503,/benchmark/latency_ms,80.687286
1779463867.550,/benchmark/latency_ms,74.998543
1779463867.607,/benchmark/latency_ms,70.024055
1779463867.642,/benchmark/latency_ms,90.210266
1779463867.686,/benchmark/latency_ms,83.919693
1779463867.733,/benchmark/latency_ms,78.417252
1779463867.779,/benchmark/latency_ms,73.148621
1779463867.838,/benchmark/latency_ms,68.921982
1779463867.873,/benchmark/latency_ms,89.202393
1779463867.920,/benchmark/latency_ms,83.831726
1779463867.967,/benchmark/latency_ms,103.220589
1779463868.023,/benchmark/latency_ms,75.004402
1779463868.058,/benchmark/latency_ms,71.745056
1779463868.106,/benchmark/latency_ms,68.890945
1779463868.151,/benchmark/latency_ms,90.305786
1779463868.197,/benchmark/latency_ms,87.389885
1779463868.243,/benchmark/latency_ms,82.289734
1779463868.289,/benchmark/latency_ms,76.526878
1779463868.337,/benchmark/latency_ms,71.553093
1779463868.383,/benchmark/latency_ms,91.908707
1779463868.425,/benchmark/latency_ms,86.213348
1779463868.475,/benchmark/latency_ms,80.421219
1779463868.520,/benchmark/latency_ms,75.157394
1779463868.567,/benchmark/latency_ms,68.454475
1779463868.613,/benchmark/latency_ms,88.377174
1779463868.658,/benchmark/latency_ms,81.912430
1779463868.705,/benchmark/latency_ms,75.852631
1779463868.749,/benchmark/latency_ms,70.031097
1779463868.793,/benchmark/latency_ms,89.867561
1779463868.840,/benchmark/latency_ms,83.652275
1779463868.885,/benchmark/latency_ms,78.335396
1779463868.930,/benchmark/latency_ms,72.563072
1779463868.978,/benchmark/latency_ms,66.885597
1779463869.022,/benchmark/latency_ms,86.844971
1779463869.069,/benchmark/latency_ms,80.134697
1779463869.115,/benchmark/latency_ms,74.611046
1779463869.172,/benchmark/latency_ms,69.290642
1779463869.205,/benchmark/latency_ms,89.564499
1779463869.252,/benchmark/latency_ms,83.892464
1779463869.297,/benchmark/latency_ms,78.023857
1779463869.356,/benchmark/latency_ms,72.854912
1779463869.392,/benchmark/latency_ms,68.949181
1779463869.441,/benchmark/latency_ms,90.324989
1779463869.486,/benchmark/latency_ms,85.240417
1779463869.535,/benchmark/latency_ms,82.755028
1779463869.582,/benchmark/latency_ms,79.628639
1779463869.628,/benchmark/latency_ms,76.805275
1779463869.688,/benchmark/latency_ms,73.451431
1779463869.724,/benchmark/latency_ms,71.650436
1779463869.781,/benchmark/latency_ms,69.658340
1779463869.818,/benchmark/latency_ms,92.288124
1779463869.865,/benchmark/latency_ms,89.796402
1779463869.911,/benchmark/latency_ms,85.884880
1779463869.961,/benchmark/latency_ms,83.576057
1779463870.017,/benchmark/latency_ms,80.228142
1779463870.053,/benchmark/latency_ms,76.807289
1779463870.111,/benchmark/latency_ms,72.200531
1779463870.150,/benchmark/latency_ms,69.618248
1779463870.199,/benchmark/latency_ms,67.882309
1779463870.244,/benchmark/latency_ms,67.312408
1779463870.288,/benchmark/latency_ms,65.217209
1779463870.334,/benchmark/latency_ms,86.877327
1779463870.379,/benchmark/latency_ms,83.254761
1779463870.426,/benchmark/latency_ms,78.471619
1779463870.468,/benchmark/latency_ms,74.546600
1779463870.521,/benchmark/latency_ms,72.036987
1779463870.566,/benchmark/latency_ms,70.446991
1779463870.612,/benchmark/latency_ms,67.185562
1779463870.668,/benchmark/latency_ms,87.952560
1779463870.705,/benchmark/latency_ms,82.679581
1779463870.746,/benchmark/latency_ms,78.671967
1779463870.792,/benchmark/latency_ms,74.709511
1779463870.839,/benchmark/latency_ms,70.317047
1779463870.884,/benchmark/latency_ms,64.854469
1779463870.939,/benchmark/latency_ms,85.660637
1779463870.976,/benchmark/latency_ms,82.400452
1779463871.020,/benchmark/latency_ms,78.151894
1779463871.068,/benchmark/latency_ms,72.644264
1779463871.113,/benchmark/latency_ms,67.621681
1779463871.161,/benchmark/latency_ms,87.821465
1779463871.207,/benchmark/latency_ms,82.474533
1779463871.254,/benchmark/latency_ms,77.503883
1779463871.298,/benchmark/latency_ms,72.103096
1779463871.343,/benchmark/latency_ms,92.047340
1779463871.391,/benchmark/latency_ms,86.332420
1779463871.446,/benchmark/latency_ms,81.116020
1779463871.483,/benchmark/latency_ms,75.420624
1779463871.531,/benchmark/latency_ms,69.982430
1779463871.587,/benchmark/latency_ms,90.654678
1779463871.634,/benchmark/latency_ms,84.602531
1779463871.669,/benchmark/latency_ms,79.345833
1779463871.717,/benchmark/latency_ms,72.903168
1779463871.762,/benchmark/latency_ms,93.217697
1779463871.807,/benchmark/latency_ms,86.931473
1779463871.853,/benchmark/latency_ms,81.074196
1779463871.911,/benchmark/latency_ms,74.717735
1779463871.948,/benchmark/latency_ms,70.570221
1779463871.994,/benchmark/latency_ms,90.740982
1779463872.040,/benchmark/latency_ms,84.326729
1779463872.086,/benchmark/latency_ms,78.398094
1779463872.137,/benchmark/latency_ms,75.458923
1779463872.185,/benchmark/latency_ms,77.012283
1779463872.232,/benchmark/latency_ms,78.007095
1779463872.280,/benchmark/latency_ms,78.539757
1779463872.329,/benchmark/latency_ms,80.214645
1779463872.378,/benchmark/latency_ms,82.425575
1779463872.428,/benchmark/latency_ms,84.066513
1779463872.479,/benchmark/latency_ms,87.548164
1779463872.527,/benchmark/latency_ms,88.299370
1779463872.575,/benchmark/latency_ms,91.423332
1779463872.627,/benchmark/latency_ms,69.953506
1779463872.671,/benchmark/latency_ms,70.762024
1779463872.720,/benchmark/latency_ms,70.882309
1779463872.778,/benchmark/latency_ms,70.231194
1779463872.814,/benchmark/latency_ms,68.721329
1779463872.874,/benchmark/latency_ms,67.321144
1779463872.910,/benchmark/latency_ms,90.026543
1779463872.955,/benchmark/latency_ms,88.275558
1779463873.003,/benchmark/latency_ms,87.188110
1779463873.050,/benchmark/latency_ms,85.022354
1779463873.097,/benchmark/latency_ms,83.004021
1779463873.143,/benchmark/latency_ms,82.536263
1779463873.192,/benchmark/latency_ms,83.546310
1779463873.249,/benchmark/latency_ms,83.441193
1779463873.284,/benchmark/latency_ms,81.061592
1779463873.342,/benchmark/latency_ms,78.493935
1779463873.377,/benchmark/latency_ms,76.051262
1779463873.436,/benchmark/latency_ms,74.024254
1779463873.472,/benchmark/latency_ms,71.448662
1779463873.518,/benchmark/latency_ms,69.993507
1779463873.567,/benchmark/latency_ms,68.323517
1779463873.613,/benchmark/latency_ms,69.592789
1779463873.660,/benchmark/latency_ms,68.780556
1779463873.707,/benchmark/latency_ms,91.352165
1779463873.765,/benchmark/latency_ms,89.311020
1779463873.803,/benchmark/latency_ms,86.916092
1779463873.848,/benchmark/latency_ms,84.357002
1779463873.895,/benchmark/latency_ms,82.073593
1779463873.944,/benchmark/latency_ms,82.115578
1779463873.991,/benchmark/latency_ms,81.775169
1779463874.038,/benchmark/latency_ms,80.482697
1779463874.084,/benchmark/latency_ms,79.442802
1779463874.132,/benchmark/latency_ms,76.696716
1779463874.179,/benchmark/latency_ms,74.406265
1779463874.236,/benchmark/latency_ms,72.050919
1779463874.283,/benchmark/latency_ms,69.531830
1779463874.318,/benchmark/latency_ms,67.531898
1779463874.365,/benchmark/latency_ms,89.798912
1779463874.412,/benchmark/latency_ms,86.870972
1779463874.459,/benchmark/latency_ms,84.794594
1779463874.508,/benchmark/latency_ms,83.461868
1779463874.555,/benchmark/latency_ms,79.747047
1779463874.614,/benchmark/latency_ms,77.369812
1779463874.661,/benchmark/latency_ms,74.588432
1779463874.697,/benchmark/latency_ms,73.271103
1779463874.744,/benchmark/latency_ms,70.535667
1779463874.790,/benchmark/latency_ms,92.260681
1779463874.837,/benchmark/latency_ms,88.313103
1779463874.886,/benchmark/latency_ms,85.434731
1779463874.933,/benchmark/latency_ms,82.250229
1779463874.982,/benchmark/latency_ms,78.589005
1779463875.027,/benchmark/latency_ms,74.792076
1779463875.076,/benchmark/latency_ms,71.578293
1779463875.134,/benchmark/latency_ms,93.999443
1779463875.169,/benchmark/latency_ms,90.558662
1779463875.220,/benchmark/latency_ms,86.909500
1779463875.261,/benchmark/latency_ms,83.470642
1779463875.315,/benchmark/latency_ms,81.682541
1779463875.360,/benchmark/latency_ms,80.483215
1779463875.407,/benchmark/latency_ms,77.171997
1779463875.455,/benchmark/latency_ms,73.406586
1779463875.512,/benchmark/latency_ms,70.399834
1779463875.549,/benchmark/latency_ms,93.317963
1779463875.598,/benchmark/latency_ms,90.471596
1779463875.644,/benchmark/latency_ms,87.773567
1779463875.691,/benchmark/latency_ms,83.812897
1779463875.738,/benchmark/latency_ms,80.916420
1779463875.785,/benchmark/latency_ms,75.995331
1779463875.832,/benchmark/latency_ms,72.238564
1779463875.880,/benchmark/latency_ms,68.908394
1779463875.927,/benchmark/latency_ms,91.193199
1779463875.975,/benchmark/latency_ms,88.038589
1779463876.022,/benchmark/latency_ms,83.823105
1779463876.069,/benchmark/latency_ms,80.141533
1779463876.116,/benchmark/latency_ms,75.780815
1779463876.163,/benchmark/latency_ms,71.446075
1779463876.211,/benchmark/latency_ms,93.474602
1779463876.269,/benchmark/latency_ms,89.344688
1779463876.307,/benchmark/latency_ms,85.903206
1779463876.355,/benchmark/latency_ms,110.067688
1779463876.409,/benchmark/latency_ms,85.756294
1779463876.455,/benchmark/latency_ms,87.135933
1779463876.504,/benchmark/latency_ms,87.506927
1779463876.553,/benchmark/latency_ms,84.774086
1779463876.601,/benchmark/latency_ms,83.346039
1779463876.646,/benchmark/latency_ms,81.897507
1779463876.695,/benchmark/latency_ms,80.107933
1779463876.742,/benchmark/latency_ms,80.714348
1779463876.800,/benchmark/latency_ms,79.235008
1779463876.837,/benchmark/latency_ms,78.219131
1779463876.884,/benchmark/latency_ms,76.907722
1779463876.931,/benchmark/latency_ms,75.413368
1779463876.979,/benchmark/latency_ms,75.329018
1779463877.026,/benchmark/latency_ms,74.106567
1779463877.071,/benchmark/latency_ms,69.434235
1779463877.117,/benchmark/latency_ms,89.350548
1779463877.163,/benchmark/latency_ms,82.351959
1779463877.213,/benchmark/latency_ms,77.662102
1779463877.259,/benchmark/latency_ms,70.760628
1779463877.303,/benchmark/latency_ms,66.793495
1779463877.350,/benchmark/latency_ms,87.899551
1779463877.396,/benchmark/latency_ms,82.007523
1779463877.443,/benchmark/latency_ms,77.208900
1779463877.489,/benchmark/latency_ms,71.214882
1779463877.535,/benchmark/latency_ms,90.533516
1779463877.581,/benchmark/latency_ms,85.060959
1779463877.628,/benchmark/latency_ms,79.575348
1779463877.673,/benchmark/latency_ms,72.941002
1779463877.722,/benchmark/latency_ms,92.221977
1779463877.765,/benchmark/latency_ms,85.339127
1779463877.810,/benchmark/latency_ms,79.547287
1779463877.856,/benchmark/latency_ms,73.489983
1779463877.902,/benchmark/latency_ms,67.373154
1779463877.948,/benchmark/latency_ms,87.492401
1779463877.995,/benchmark/latency_ms,81.430458
1779463878.041,/benchmark/latency_ms,75.077446
1779463878.087,/benchmark/latency_ms,68.923218
1779463878.132,/benchmark/latency_ms,89.215775
1779463878.178,/benchmark/latency_ms,83.715981
1779463878.236,/benchmark/latency_ms,78.228004
1779463878.270,/benchmark/latency_ms,72.229095
1779463878.316,/benchmark/latency_ms,66.937202
1779463878.364,/benchmark/latency_ms,87.641327
1779463878.408,/benchmark/latency_ms,81.829002
1779463878.456,/benchmark/latency_ms,75.970474
1779463878.502,/benchmark/latency_ms,70.436287
1779463878.547,/benchmark/latency_ms,91.262749
1779463878.605,/benchmark/latency_ms,85.363419
1779463878.641,/benchmark/latency_ms,80.118500
1779463878.685,/benchmark/latency_ms,73.756950
1779463878.742,/benchmark/latency_ms,68.455200
1779463878.790,/benchmark/latency_ms,89.168320
1779463878.824,/benchmark/latency_ms,83.571671
1779463878.870,/benchmark/latency_ms,78.066597
1779463878.916,/benchmark/latency_ms,71.550362
1779463878.962,/benchmark/latency_ms,91.528687
1779463879.008,/benchmark/latency_ms,85.846603
1779463879.054,/benchmark/latency_ms,80.204865
1779463879.112,/benchmark/latency_ms,73.687195
1779463879.147,/benchmark/latency_ms,67.170380
1779463879.191,/benchmark/latency_ms,87.158913
1779463879.236,/benchmark/latency_ms,81.435165
1779463879.283,/benchmark/latency_ms,75.676918
1779463879.329,/benchmark/latency_ms,69.043312
1779463879.375,/benchmark/latency_ms,88.805801
1779463879.422,/benchmark/latency_ms,82.113220
1779463879.466,/benchmark/latency_ms,76.298019
1779463879.513,/benchmark/latency_ms,71.259178
1779463879.560,/benchmark/latency_ms,90.902344
1779463879.604,/benchmark/latency_ms,85.155235
1779463879.652,/benchmark/latency_ms,79.702705
1779463879.698,/benchmark/latency_ms,73.558395
1779463879.746,/benchmark/latency_ms,68.055122
1779463879.788,/benchmark/latency_ms,88.300095
1779463879.836,/benchmark/latency_ms,82.691925
1779463879.882,/benchmark/latency_ms,77.131371
1779463879.928,/benchmark/latency_ms,71.718842
1779463879.983,/benchmark/latency_ms,91.389587
1779463880.020,/benchmark/latency_ms,85.616501
1779463880.065,/benchmark/latency_ms,80.636406
1779463880.112,/benchmark/latency_ms,74.194092
1779463880.158,/benchmark/latency_ms,68.548065
1779463880.204,/benchmark/latency_ms,88.516792
1779463880.249,/benchmark/latency_ms,82.747063
1779463880.295,/benchmark/latency_ms,76.794327
1779463880.342,/benchmark/latency_ms,70.445702
1779463880.388,/benchmark/latency_ms,90.553078
1779463880.434,/benchmark/latency_ms,84.948685
1779463880.480,/benchmark/latency_ms,79.199142
1779463880.525,/benchmark/latency_ms,73.465759
1779463880.572,/benchmark/latency_ms,67.636383
1779463880.629,/benchmark/latency_ms,88.271362
1779463880.665,/benchmark/latency_ms,82.627960
1779463880.710,/benchmark/latency_ms,77.213989
1779463880.757,/benchmark/latency_ms,71.016533
1779463880.803,/benchmark/latency_ms,91.294395
1779463880.861,/benchmark/latency_ms,85.603546
1779463880.894,/benchmark/latency_ms,79.115944
1779463880.940,/benchmark/latency_ms,73.419464
1779463880.986,/benchmark/latency_ms,67.630341
1779463881.032,/benchmark/latency_ms,87.731537
1779463881.090,/benchmark/latency_ms,82.157768
1779463881.125,/benchmark/latency_ms,76.605659
1779463881.183,/benchmark/latency_ms,70.526115
1779463881.216,/benchmark/latency_ms,90.255966
1779463881.273,/benchmark/latency_ms,84.911957
1779463881.310,/benchmark/latency_ms,79.321671
1779463881.355,/benchmark/latency_ms,74.392807
1779463881.401,/benchmark/latency_ms,68.987862
1779463881.447,/benchmark/latency_ms,89.510109
1779463881.493,/benchmark/latency_ms,84.351875
1779463881.541,/benchmark/latency_ms,78.882263
1779463881.585,/benchmark/latency_ms,72.977432
1779463881.631,/benchmark/latency_ms,67.273293
1779463881.679,/benchmark/latency_ms,87.571609
1779463881.724,/benchmark/latency_ms,81.950478
1779463881.772,/benchmark/latency_ms,76.658524
1779463881.831,/benchmark/latency_ms,72.674911
1779463881.864,/benchmark/latency_ms,67.412811
1779463881.910,/benchmark/latency_ms,87.978798
1779463881.956,/benchmark/latency_ms,82.529633
1779463882.004,/benchmark/latency_ms,76.441956
1779463882.050,/benchmark/latency_ms,70.660416
1779463882.096,/benchmark/latency_ms,90.573654
1779463882.141,/benchmark/latency_ms,84.803192
1779463882.189,/benchmark/latency_ms,79.036980
1779463882.236,/benchmark/latency_ms,73.104080
1779463882.277,/benchmark/latency_ms,67.241203
1779463882.324,/benchmark/latency_ms,87.940109
1779463882.371,/benchmark/latency_ms,82.652634
1779463882.415,/benchmark/latency_ms,77.210732
1779463882.466,/benchmark/latency_ms,75.287468
1779463882.515,/benchmark/latency_ms,70.354698
1779463882.564,/benchmark/latency_ms,68.520615
1779463882.609,/benchmark/latency_ms,68.239281
1779463882.656,/benchmark/latency_ms,67.370827
1779463882.707,/benchmark/latency_ms,67.143929
1779463882.750,/benchmark/latency_ms,89.715736
1779463882.797,/benchmark/latency_ms,88.128967
1779463882.845,/benchmark/latency_ms,86.460739
1779463882.892,/benchmark/latency_ms,85.338181
1779463882.941,/benchmark/latency_ms,86.200844
1779463882.988,/benchmark/latency_ms,86.924660
1779463883.036,/benchmark/latency_ms,83.803383
1779463883.082,/benchmark/latency_ms,79.350792
1779463883.129,/benchmark/latency_ms,74.338638
1779463883.178,/benchmark/latency_ms,70.652168
1779463883.224,/benchmark/latency_ms,92.831505
1779463883.271,/benchmark/latency_ms,90.018608
1779463883.317,/benchmark/latency_ms,88.689529
1779463883.368,/benchmark/latency_ms,87.350922
1779463883.414,/benchmark/latency_ms,86.053230
1779463883.463,/benchmark/latency_ms,84.928535
1779463883.510,/benchmark/latency_ms,83.674240
1779463883.558,/benchmark/latency_ms,82.733147
1779463883.604,/benchmark/latency_ms,81.349480
1779463883.654,/benchmark/latency_ms,80.736252
1779463883.700,/benchmark/latency_ms,78.241165
1779463883.747,/benchmark/latency_ms,74.401520
1779463883.793,/benchmark/latency_ms,68.779327
1779463883.839,/benchmark/latency_ms,89.407875
1779463883.885,/benchmark/latency_ms,84.448456
1779463883.932,/benchmark/latency_ms,79.804031
1779463883.981,/benchmark/latency_ms,74.381966
1779463884.024,/benchmark/latency_ms,70.778915
1779463884.071,/benchmark/latency_ms,92.958481
1779463884.130,/benchmark/latency_ms,87.988083
1779463884.166,/benchmark/latency_ms,84.103027
1779463884.212,/benchmark/latency_ms,78.595749
1779463884.258,/benchmark/latency_ms,72.554665
1779463884.305,/benchmark/latency_ms,92.454048
1779463884.362,/benchmark/latency_ms,87.352203
1779463884.398,/benchmark/latency_ms,82.229103
1779463884.444,/benchmark/latency_ms,76.481995
1779463884.505,/benchmark/latency_ms,70.329071
1779463884.536,/benchmark/latency_ms,90.440742
1779463884.584,/benchmark/latency_ms,87.440613
1779463884.633,/benchmark/latency_ms,86.792381
1779463884.682,/benchmark/latency_ms,86.608261
1779463884.731,/benchmark/latency_ms,85.217613
1779463884.777,/benchmark/latency_ms,83.453835
1779463884.824,/benchmark/latency_ms,80.871323
1779463884.873,/benchmark/latency_ms,79.382477
1779463884.919,/benchmark/latency_ms,78.057495
1779463884.966,/benchmark/latency_ms,76.473518
1779463885.013,/benchmark/latency_ms,75.027740
1779463885.063,/benchmark/latency_ms,72.893379
1779463885.121,/benchmark/latency_ms,70.393745
1779463885.160,/benchmark/latency_ms,68.667976
1779463885.207,/benchmark/latency_ms,91.881691
1779463885.255,/benchmark/latency_ms,88.844185
1779463885.300,/benchmark/latency_ms,111.479645
1779463885.347,/benchmark/latency_ms,82.819679
1779463885.397,/benchmark/latency_ms,81.423050
1779463885.445,/benchmark/latency_ms,80.563179
1779463885.496,/benchmark/latency_ms,78.756607
1779463885.540,/benchmark/latency_ms,77.026138
1779463885.587,/benchmark/latency_ms,74.786407
1779463885.633,/benchmark/latency_ms,71.502861
1779463885.679,/benchmark/latency_ms,92.885559
1779463885.737,/benchmark/latency_ms,87.113777
1779463885.772,/benchmark/latency_ms,81.790176
1779463885.817,/benchmark/latency_ms,75.843903
1779463885.863,/benchmark/latency_ms,70.125854
1779463885.911,/benchmark/latency_ms,91.208717
1779463885.955,/benchmark/latency_ms,85.336334
1779463886.003,/benchmark/latency_ms,79.167542
1779463886.047,/benchmark/latency_ms,72.857315
1779463886.105,/benchmark/latency_ms,67.298775
1779463886.139,/benchmark/latency_ms,86.960472
1779463886.185,/benchmark/latency_ms,81.221107
1779463886.243,/benchmark/latency_ms,75.514191
1779463886.288,/benchmark/latency_ms,69.843140
1779463886.337,/benchmark/latency_ms,90.062904
1779463886.370,/benchmark/latency_ms,84.136948
1779463886.427,/benchmark/latency_ms,77.436943
1779463886.462,/benchmark/latency_ms,70.915848
1779463886.510,/benchmark/latency_ms,92.379463
1779463886.558,/benchmark/latency_ms,85.678596
1779463886.616,/benchmark/latency_ms,79.383667
1779463886.649,/benchmark/latency_ms,72.116638
1779463886.696,/benchmark/latency_ms,67.956261
1779463886.743,/benchmark/latency_ms,88.857468
1779463886.791,/benchmark/latency_ms,82.804352
1779463886.838,/benchmark/latency_ms,76.934753
1779463886.883,/benchmark/latency_ms,69.511124
1779463886.931,/benchmark/latency_ms,65.146812
1779463886.976,/benchmark/latency_ms,85.934303
1779463887.024,/benchmark/latency_ms,84.559143
1779463887.070,/benchmark/latency_ms,79.675880
1779463887.114,/benchmark/latency_ms,72.514992
1779463887.160,/benchmark/latency_ms,92.911293
1779463887.211,/benchmark/latency_ms,86.252113
1779463887.253,/benchmark/latency_ms,79.900070
1779463887.297,/benchmark/latency_ms,73.436211
1779463887.343,/benchmark/latency_ms,68.098656
1779463887.390,/benchmark/latency_ms,87.746948
1779463887.436,/benchmark/latency_ms,80.626091
1779463887.482,/benchmark/latency_ms,75.615532
1779463887.529,/benchmark/latency_ms,70.646736
1779463887.575,/benchmark/latency_ms,90.062012
1779463887.621,/benchmark/latency_ms,83.929443
1779463887.667,/benchmark/latency_ms,78.122047
1779463887.711,/benchmark/latency_ms,71.941223
1779463887.758,/benchmark/latency_ms,92.269493
1779463887.805,/benchmark/latency_ms,86.446190
1779463887.851,/benchmark/latency_ms,80.408150
1779463887.895,/benchmark/latency_ms,73.720810
1779463887.943,/benchmark/latency_ms,67.754700
1779463887.987,/benchmark/latency_ms,87.025627
1779463888.035,/benchmark/latency_ms,80.906883
1779463888.081,/benchmark/latency_ms,74.405586
1779463888.125,/benchmark/latency_ms,92.410606
1779463888.171,/benchmark/latency_ms,86.188278
1779463888.219,/benchmark/latency_ms,79.924294
1779463888.263,/benchmark/latency_ms,73.364502
1779463888.315,/benchmark/latency_ms,69.865196
1779463888.361,/benchmark/latency_ms,72.320702
1779463888.407,/benchmark/latency_ms,73.600914
1779463888.455,/benchmark/latency_ms,71.789513
1779463888.501,/benchmark/latency_ms,69.163071
1779463888.548,/benchmark/latency_ms,66.992455
1779463888.597,/benchmark/latency_ms,89.780899
1779463888.643,/benchmark/latency_ms,89.444626
1779463888.692,/benchmark/latency_ms,89.839394
1779463888.741,/benchmark/latency_ms,85.903778
1779463888.799,/benchmark/latency_ms,83.920227
1779463888.837,/benchmark/latency_ms,84.643883
1779463888.883,/benchmark/latency_ms,84.132767
1779463888.930,/benchmark/latency_ms,82.946533
1779463888.977,/benchmark/latency_ms,82.215836
1779463889.024,/benchmark/latency_ms,81.190079
1779463889.071,/benchmark/latency_ms,80.185722
1779463889.119,/benchmark/latency_ms,78.935623
1779463889.165,/benchmark/latency_ms,77.548019
1779463889.211,/benchmark/latency_ms,75.884422
1779463889.259,/benchmark/latency_ms,75.013031
1779463889.316,/benchmark/latency_ms,73.637718
1779463889.354,/benchmark/latency_ms,72.695503
1779463889.399,/benchmark/latency_ms,72.265282
1779463889.449,/benchmark/latency_ms,71.870216
1779463889.495,/benchmark/latency_ms,71.047974
1779463889.543,/benchmark/latency_ms,69.765228
1779463889.590,/benchmark/latency_ms,68.791153
1779463889.636,/benchmark/latency_ms,68.285820
1779463889.682,/benchmark/latency_ms,66.558037
1779463889.740,/benchmark/latency_ms,89.605614
1779463889.776,/benchmark/latency_ms,88.785797
1779463889.823,/benchmark/latency_ms,112.178200
1779463889.871,/benchmark/latency_ms,88.030815
1779463889.916,/benchmark/latency_ms,86.955589
1779463889.974,/benchmark/latency_ms,87.243866
1779463890.021,/benchmark/latency_ms,86.251068
1779463890.058,/benchmark/latency_ms,84.835495
1779463890.104,/benchmark/latency_ms,84.824745
1779463890.152,/benchmark/latency_ms,84.326111
1779463890.200,/benchmark/latency_ms,84.246300
1779463890.248,/benchmark/latency_ms,84.249435
1779463890.293,/benchmark/latency_ms,83.433083
1779463890.342,/benchmark/latency_ms,83.244476
1779463890.389,/benchmark/latency_ms,82.708908
1779463890.434,/benchmark/latency_ms,81.603477
1779463890.481,/benchmark/latency_ms,81.193764
1779463890.528,/benchmark/latency_ms,79.792366
1779463890.576,/benchmark/latency_ms,78.163681
1779463890.621,/benchmark/latency_ms,76.848366
1779463890.668,/benchmark/latency_ms,75.387993
1779463890.714,/benchmark/latency_ms,73.818962
1779463890.772,/benchmark/latency_ms,72.739922
1779463890.808,/benchmark/latency_ms,71.624313
1779463890.857,/benchmark/latency_ms,70.714386
1779463890.903,/benchmark/latency_ms,70.272545
1779463890.952,/benchmark/latency_ms,70.410362
1779463890.998,/benchmark/latency_ms,69.740662
1779463891.045,/benchmark/latency_ms,69.162628
1779463891.094,/benchmark/latency_ms,68.594460
1779463891.140,/benchmark/latency_ms,68.733299
1779463891.191,/benchmark/latency_ms,69.871597
1779463891.236,/benchmark/latency_ms,70.516541
1779463891.284,/benchmark/latency_ms,69.720535
1779463891.332,/benchmark/latency_ms,69.633942
1779463891.380,/benchmark/latency_ms,68.835793
1779463891.426,/benchmark/latency_ms,67.871758
1779463891.474,/benchmark/latency_ms,67.837204
1779463891.521,/benchmark/latency_ms,90.873993
1779463891.568,/benchmark/latency_ms,88.073288
1779463891.627,/benchmark/latency_ms,85.158661
1779463891.662,/benchmark/latency_ms,81.928879
1779463891.711,/benchmark/latency_ms,79.025963
1779463891.756,/benchmark/latency_ms,75.122505
1779463891.803,/benchmark/latency_ms,72.098251
1779463891.861,/benchmark/latency_ms,69.470909
1779463891.899,/benchmark/latency_ms,92.093887
1779463891.945,/benchmark/latency_ms,89.401207
1779463891.992,/benchmark/latency_ms,86.896393
1779463892.040,/benchmark/latency_ms,85.159622
1779463892.089,/benchmark/latency_ms,82.530716
1779463892.136,/benchmark/latency_ms,79.505722
1779463892.183,/benchmark/latency_ms,76.207047
1779463892.228,/benchmark/latency_ms,73.565948
1779463892.276,/benchmark/latency_ms,69.627548
1779463892.325,/benchmark/latency_ms,66.956947
1779463892.371,/benchmark/latency_ms,66.059853
1779463892.417,/benchmark/latency_ms,88.286911
1779463892.464,/benchmark/latency_ms,86.528664
1779463892.524,/benchmark/latency_ms,85.310532
1779463892.559,/benchmark/latency_ms,84.568123
1779463892.607,/benchmark/latency_ms,83.019081
1779463892.653,/benchmark/latency_ms,82.501244
1779463892.700,/benchmark/latency_ms,81.230118
1779463892.750,/benchmark/latency_ms,80.401283
1779463892.794,/benchmark/latency_ms,78.718361
1779463892.842,/benchmark/latency_ms,77.175652
1779463892.889,/benchmark/latency_ms,75.822357
1779463892.934,/benchmark/latency_ms,74.274597
1779463892.984,/benchmark/latency_ms,72.225769
1779463893.028,/benchmark/latency_ms,71.416420
1779463893.077,/benchmark/latency_ms,70.836533
1779463893.135,/benchmark/latency_ms,69.881783
1779463893.182,/benchmark/latency_ms,68.173965
1779463893.220,/benchmark/latency_ms,67.976212
1779463893.265,/benchmark/latency_ms,91.389763
1779463893.313,/benchmark/latency_ms,89.974602
1779463893.362,/benchmark/latency_ms,87.365982
1779463893.410,/benchmark/latency_ms,85.694778
1779463893.460,/benchmark/latency_ms,82.432289
1779463893.504,/benchmark/latency_ms,78.852531
1779463893.551,/benchmark/latency_ms,77.018669
1779463893.600,/benchmark/latency_ms,73.537987
1779463893.648,/benchmark/latency_ms,71.093361
1779463893.694,/benchmark/latency_ms,68.408615
1779463893.742,/benchmark/latency_ms,91.577530
1779463893.789,/benchmark/latency_ms,88.350914
1779463893.835,/benchmark/latency_ms,85.321602
1779463893.894,/benchmark/latency_ms,84.036552
1779463893.932,/benchmark/latency_ms,83.539902
1779463893.977,/benchmark/latency_ms,82.175819
1779463894.035,/benchmark/latency_ms,81.423103
1779463894.071,/benchmark/latency_ms,80.449760
1779463894.118,/benchmark/latency_ms,78.684731
1779463894.166,/benchmark/latency_ms,77.247368
1779463894.211,/benchmark/latency_ms,75.830650
1779463894.269,/benchmark/latency_ms,74.253929
1779463894.303,/benchmark/latency_ms,72.479462
1779463894.354,/benchmark/latency_ms,71.399719
1779463894.400,/benchmark/latency_ms,70.540421
1779463894.448,/benchmark/latency_ms,70.001045
1779463894.496,/benchmark/latency_ms,69.442276
1779463894.545,/benchmark/latency_ms,68.516998
1779463894.591,/benchmark/latency_ms,68.231789
1779463894.650,/benchmark/latency_ms,67.563622
1779463894.688,/benchmark/latency_ms,67.848152
1779463894.738,/benchmark/latency_ms,67.918518
1779463894.781,/benchmark/latency_ms,67.873909
1779463894.831,/benchmark/latency_ms,68.082893
1779463894.883,/benchmark/latency_ms,70.611008
1779463894.929,/benchmark/latency_ms,70.970802
1779463894.987,/benchmark/latency_ms,70.425186
1779463895.024,/benchmark/latency_ms,70.339813
1779463895.084,/benchmark/latency_ms,70.783768
1779463895.120,/benchmark/latency_ms,70.512161
1779463895.168,/benchmark/latency_ms,68.169556
1779463895.216,/benchmark/latency_ms,68.933876
1779463895.265,/benchmark/latency_ms,67.372169
1779463895.311,/benchmark/latency_ms,67.277611
1779463895.360,/benchmark/latency_ms,66.766106
1779463895.406,/benchmark/latency_ms,66.477448
1779463895.455,/benchmark/latency_ms,90.164108
1779463895.502,/benchmark/latency_ms,89.317291
1779463895.549,/benchmark/latency_ms,88.558243
1779463895.608,/benchmark/latency_ms,88.216461
1779463895.643,/benchmark/latency_ms,87.050415
1779463895.688,/benchmark/latency_ms,86.299820
1779463895.737,/benchmark/latency_ms,86.320808
1779463895.784,/benchmark/latency_ms,86.196014
1779463895.830,/benchmark/latency_ms,85.332268
1779463895.877,/benchmark/latency_ms,84.068817
1779463895.928,/benchmark/latency_ms,85.875000
1779463895.984,/benchmark/latency_ms,85.215439
1779463896.022,/benchmark/latency_ms,84.684830
1779463896.079,/benchmark/latency_ms,83.725945
1779463896.127,/benchmark/latency_ms,82.884125
1779463896.162,/benchmark/latency_ms,82.459656
1779463896.211,/benchmark/latency_ms,81.949593
1779463896.268,/benchmark/latency_ms,81.249260
1779463896.303,/benchmark/latency_ms,79.726303
1779463896.350,/benchmark/latency_ms,78.423302
1779463896.396,/benchmark/latency_ms,76.368584
1779463896.447,/benchmark/latency_ms,79.535172
1779463896.508,/benchmark/latency_ms,78.746178
1779463896.542,/benchmark/latency_ms,77.983124
1779463896.587,/benchmark/latency_ms,76.097687
1779463896.639,/benchmark/latency_ms,102.255630
1779463896.688,/benchmark/latency_ms,76.781281
1779463896.736,/benchmark/latency_ms,73.912567
1779463896.781,/benchmark/latency_ms,70.592102
1779463896.828,/benchmark/latency_ms,92.148979
1779463896.875,/benchmark/latency_ms,89.942451
1779463896.923,/benchmark/latency_ms,89.026100
1779463896.985,/benchmark/latency_ms,87.223854
1779463897.019,/benchmark/latency_ms,85.259758
1779463897.066,/benchmark/latency_ms,81.608322
1779463897.113,/benchmark/latency_ms,78.094200
1779463897.159,/benchmark/latency_ms,75.452141
1779463897.210,/benchmark/latency_ms,73.379311
1779463897.257,/benchmark/latency_ms,71.090263
1779463897.316,/benchmark/latency_ms,69.861984
1779463897.353,/benchmark/latency_ms,68.179924
1779463897.398,/benchmark/latency_ms,91.112183
1779463897.448,/benchmark/latency_ms,89.717567
1779463897.495,/benchmark/latency_ms,87.427917
1779463897.554,/benchmark/latency_ms,86.667557
1779463897.591,/benchmark/latency_ms,84.443115
1779463897.638,/benchmark/latency_ms,81.351631
1779463897.685,/benchmark/latency_ms,78.250259
1779463897.734,/benchmark/latency_ms,75.813919
1779463897.780,/benchmark/latency_ms,73.561035
1779463897.827,/benchmark/latency_ms,71.045113
1779463897.876,/benchmark/latency_ms,68.413261
1779463897.922,/benchmark/latency_ms,67.653702
1779463897.973,/benchmark/latency_ms,67.422768
1779463898.016,/benchmark/latency_ms,66.757248
1779463898.064,/benchmark/latency_ms,66.688103
1779463898.111,/benchmark/latency_ms,90.216209
1779463898.169,/benchmark/latency_ms,89.773087
1779463898.210,/benchmark/latency_ms,89.953049
1779463898.253,/benchmark/latency_ms,89.272980
1779463898.303,/benchmark/latency_ms,90.224434
1779463898.350,/benchmark/latency_ms,88.776291
1779463898.396,/benchmark/latency_ms,87.628456
1779463898.450,/benchmark/latency_ms,86.125908
1779463898.490,/benchmark/latency_ms,85.393806
1779463898.538,/benchmark/latency_ms,85.049591
1779463898.587,/benchmark/latency_ms,84.837791
1779463898.634,/benchmark/latency_ms,83.474121
1779463898.680,/benchmark/latency_ms,82.238838
1779463898.728,/benchmark/latency_ms,82.116470
1779463898.776,/benchmark/latency_ms,80.829536
1779463898.821,/benchmark/latency_ms,80.057846
1779463898.868,/benchmark/latency_ms,78.048889
1779463898.915,/benchmark/latency_ms,76.825439
1779463898.962,/benchmark/latency_ms,75.521774
1779463899.009,/benchmark/latency_ms,73.831741
1779463899.057,/benchmark/latency_ms,72.176567
1779463899.103,/benchmark/latency_ms,70.687019
1779463899.152,/benchmark/latency_ms,69.949501
1779463899.199,/benchmark/latency_ms,69.122551
1779463899.245,/benchmark/latency_ms,67.984222
1779463899.291,/benchmark/latency_ms,67.307632
1779463899.341,/benchmark/latency_ms,67.034462
1779463899.387,/benchmark/latency_ms,90.050812
1779463899.434,/benchmark/latency_ms,88.912704
1779463899.481,/benchmark/latency_ms,88.142998
1779463899.528,/benchmark/latency_ms,87.147835
1779463899.576,/benchmark/latency_ms,85.981339
1779463899.622,/benchmark/latency_ms,85.230072
1779463899.671,/benchmark/latency_ms,84.350449
1779463899.718,/benchmark/latency_ms,82.682854
1779463899.774,/benchmark/latency_ms,81.284180
1779463899.812,/benchmark/latency_ms,79.996506
1779463899.859,/benchmark/latency_ms,79.220505
1779463899.918,/benchmark/latency_ms,78.215065
1779463899.951,/benchmark/latency_ms,76.636711
1779463899.998,/benchmark/latency_ms,75.223701
1779463900.045,/benchmark/latency_ms,74.004730
1779463900.094,/benchmark/latency_ms,72.623016
1779463900.140,/benchmark/latency_ms,71.090591
1779463900.189,/benchmark/latency_ms,69.916702
1779463900.239,/benchmark/latency_ms,69.634155
1779463900.284,/benchmark/latency_ms,68.639214
1779463900.331,/benchmark/latency_ms,67.539566
1779463900.377,/benchmark/latency_ms,66.520241
1779463900.437,/benchmark/latency_ms,89.237404
1779463900.486,/benchmark/latency_ms,87.296410
1779463900.517,/benchmark/latency_ms,85.429039
1779463900.564,/benchmark/latency_ms,83.193405
1779463900.612,/benchmark/latency_ms,81.454414
1779463900.659,/benchmark/latency_ms,81.038940
1779463900.707,/benchmark/latency_ms,77.967331
1779463900.751,/benchmark/latency_ms,76.391670
1779463900.798,/benchmark/latency_ms,74.108925
1779463900.844,/benchmark/latency_ms,72.673897
1779463900.893,/benchmark/latency_ms,71.206589
1779463900.942,/benchmark/latency_ms,70.038109
1779463900.988,/benchmark/latency_ms,69.465553
1779463901.036,/benchmark/latency_ms,68.460464
1779463901.085,/benchmark/latency_ms,67.784363
1779463901.131,/benchmark/latency_ms,90.716080
1779463901.178,/benchmark/latency_ms,89.315445
1779463901.225,/benchmark/latency_ms,87.987778
1779463901.271,/benchmark/latency_ms,86.118591
1779463901.320,/benchmark/latency_ms,85.066238
1779463901.368,/benchmark/latency_ms,84.344666
1779463901.414,/benchmark/latency_ms,83.813034
1779463901.460,/benchmark/latency_ms,82.132767
1779463901.507,/benchmark/latency_ms,80.260574
1779463901.554,/benchmark/latency_ms,79.252510
1779463901.600,/benchmark/latency_ms,76.789383
1779463901.648,/benchmark/latency_ms,75.880836
1779463901.696,/benchmark/latency_ms,74.700111
1779463901.742,/benchmark/latency_ms,74.749580
1779463901.789,/benchmark/latency_ms,74.343445
1779463901.847,/benchmark/latency_ms,72.925987
1779463901.896,/benchmark/latency_ms,71.757965
1779463901.930,/benchmark/latency_ms,70.559631
1779463901.992,/benchmark/latency_ms,69.771049
1779463902.039,/benchmark/latency_ms,69.450645
1779463902.074,/benchmark/latency_ms,68.484406
1779463902.121,/benchmark/latency_ms,67.033058
1779463902.170,/benchmark/latency_ms,89.776207
1779463902.217,/benchmark/latency_ms,88.585175
1779463902.264,/benchmark/latency_ms,87.899239
1779463902.310,/benchmark/latency_ms,87.054085
1779463902.357,/benchmark/latency_ms,85.771049
1779463902.406,/benchmark/latency_ms,85.338554
1779463902.456,/benchmark/latency_ms,86.972168
1779463902.505,/benchmark/latency_ms,87.948456
1779463902.552,/benchmark/latency_ms,85.450516
1779463902.600,/benchmark/latency_ms,82.728752
1779463902.659,/benchmark/latency_ms,80.545776
1779463902.695,/benchmark/latency_ms,77.144257
1779463902.744,/benchmark/latency_ms,75.774025
1779463902.792,/benchmark/latency_ms,74.223389
1779463902.837,/benchmark/latency_ms,69.226013
1779463902.884,/benchmark/latency_ms,89.370583
1779463902.933,/benchmark/latency_ms,83.833000
1779463902.979,/benchmark/latency_ms,79.408440
1779463903.028,/benchmark/latency_ms,76.573296
1779463903.073,/benchmark/latency_ms,74.006371
1779463903.121,/benchmark/latency_ms,72.317856
1779463903.168,/benchmark/latency_ms,68.800201
1779463903.214,/benchmark/latency_ms,89.850731
1779463903.262,/benchmark/latency_ms,85.451767
1779463903.307,/benchmark/latency_ms,79.688240
1779463903.356,/benchmark/latency_ms,73.781067
1779463903.398,/benchmark/latency_ms,67.426231
1779463903.444,/benchmark/latency_ms,87.739502
1779463903.492,/benchmark/latency_ms,81.978279
1779463903.537,/benchmark/latency_ms,76.637299
1779463903.584,/benchmark/latency_ms,70.919243
1779463903.629,/benchmark/latency_ms,91.190277
1779463903.677,/benchmark/latency_ms,85.053543
1779463903.723,/benchmark/latency_ms,78.313438
1779463903.769,/benchmark/latency_ms,71.553848
1779463903.815,/benchmark/latency_ms,91.460663
1779463903.860,/benchmark/latency_ms,85.851181
1779463903.906,/benchmark/latency_ms,80.081352
1779463903.952,/benchmark/latency_ms,74.516121
1779463903.998,/benchmark/latency_ms,69.250427
1779463904.045,/benchmark/latency_ms,89.131493
1779463904.091,/benchmark/latency_ms,83.132004
1779463904.136,/benchmark/latency_ms,76.488663
1779463904.182,/benchmark/latency_ms,69.759857
1779463904.230,/benchmark/latency_ms,90.338593
1779463904.275,/benchmark/latency_ms,85.383583
1779463904.321,/benchmark/latency_ms,78.069672
1779463904.367,/benchmark/latency_ms,71.846634
1779463904.413,/benchmark/latency_ms,91.771317
1779463904.462,/benchmark/latency_ms,86.021736
1779463904.506,/benchmark/latency_ms,80.793266
1779463904.553,/benchmark/latency_ms,75.135941
1779463904.604,/benchmark/latency_ms,72.792686
1779463904.651,/benchmark/latency_ms,74.127655
1779463904.699,/benchmark/latency_ms,69.104004
1779463904.744,/benchmark/latency_ms,91.359840
1779463904.792,/benchmark/latency_ms,86.699448
1779463904.838,/benchmark/latency_ms,86.004524
1779463904.889,/benchmark/latency_ms,87.413086
1779463904.936,/benchmark/latency_ms,85.070984
1779463904.981,/benchmark/latency_ms,79.745140
1779463905.029,/benchmark/latency_ms,77.455864
1779463905.072,/benchmark/latency_ms,74.698647
1779463905.123,/benchmark/latency_ms,73.383263
1779463905.170,/benchmark/latency_ms,71.937904
1779463905.219,/benchmark/latency_ms,68.024872
1779463905.262,/benchmark/latency_ms,89.093353
1779463905.308,/benchmark/latency_ms,85.462234
1779463905.357,/benchmark/latency_ms,85.508415
1779463905.409,/benchmark/latency_ms,84.644470
1779463905.455,/benchmark/latency_ms,80.622932
1779463905.513,/benchmark/latency_ms,74.822159
1779463905.549,/benchmark/latency_ms,72.472061
1779463905.593,/benchmark/latency_ms,70.289413
1779463905.654,/benchmark/latency_ms,69.125282
1779463905.689,/benchmark/latency_ms,67.165733
1779463905.735,/benchmark/latency_ms,89.466522
1779463905.782,/benchmark/latency_ms,87.121063
1779463905.830,/benchmark/latency_ms,85.483711
1779463905.878,/benchmark/latency_ms,83.909134
1779463905.923,/benchmark/latency_ms,81.667000
1779463905.982,/benchmark/latency_ms,79.528221
1779463906.019,/benchmark/latency_ms,78.294113
1779463906.064,/benchmark/latency_ms,74.882835
1779463906.111,/benchmark/latency_ms,71.392990
1779463906.158,/benchmark/latency_ms,69.590492
1779463906.208,/benchmark/latency_ms,68.122665
1779463906.252,/benchmark/latency_ms,66.740112
1779463906.299,/benchmark/latency_ms,89.767960
1779463906.347,/benchmark/latency_ms,89.401543
1779463906.394,/benchmark/latency_ms,112.753273
1779463906.443,/benchmark/latency_ms,89.186790
1779463906.490,/benchmark/latency_ms,88.177132
1779463906.538,/benchmark/latency_ms,86.526146
1779463906.585,/benchmark/latency_ms,83.352615
1779463906.630,/benchmark/latency_ms,80.892593
1779463906.678,/benchmark/latency_ms,80.054123
1779463906.727,/benchmark/latency_ms,77.534431
1779463906.774,/benchmark/latency_ms,74.254311
1779463906.822,/benchmark/latency_ms,70.902863
1779463906.870,/benchmark/latency_ms,69.699127
1779463906.919,/benchmark/latency_ms,69.695030
1779463906.967,/benchmark/latency_ms,93.544701
1779463907.029,/benchmark/latency_ms,116.657822
1779463907.078,/benchmark/latency_ms,87.996368
1779463907.111,/benchmark/latency_ms,83.621727
1779463907.160,/benchmark/latency_ms,82.727448
1779463907.208,/benchmark/latency_ms,82.493217
1779463907.254,/benchmark/latency_ms,81.005203
1779463907.302,/benchmark/latency_ms,75.556091
1779463907.351,/benchmark/latency_ms,71.215370
1779463907.397,/benchmark/latency_ms,69.133064
1779463907.446,/benchmark/latency_ms,67.905205
1779463907.492,/benchmark/latency_ms,91.117645
1779463907.539,/benchmark/latency_ms,89.490822
1779463907.589,/benchmark/latency_ms,89.832214
1779463907.635,/benchmark/latency_ms,88.482719
1779463907.682,/benchmark/latency_ms,87.415428
1779463907.730,/benchmark/latency_ms,88.281708
1779463907.789,/benchmark/latency_ms,87.033844
1779463907.826,/benchmark/latency_ms,86.609985
1779463907.872,/benchmark/latency_ms,85.874100
1779463907.919,/benchmark/latency_ms,85.640541
1779463907.968,/benchmark/latency_ms,85.058769
1779463908.014,/benchmark/latency_ms,85.168396
1779463908.072,/benchmark/latency_ms,84.947350
1779463908.110,/benchmark/latency_ms,84.139122
1779463908.168,/benchmark/latency_ms,83.804253
1779463908.205,/benchmark/latency_ms,83.526947
1779463908.251,/benchmark/latency_ms,84.021782
1779463908.299,/benchmark/latency_ms,83.568672
1779463908.346,/benchmark/latency_ms,82.629601
1779463908.393,/benchmark/latency_ms,81.856918
1779463908.438,/benchmark/latency_ms,81.095505
1779463908.488,/benchmark/latency_ms,80.533730
1779463908.535,/benchmark/latency_ms,79.770332
1779463908.581,/benchmark/latency_ms,77.870872
1779463908.628,/benchmark/latency_ms,77.310982
1779463908.676,/benchmark/latency_ms,76.068787
1779463908.723,/benchmark/latency_ms,74.202538
1779463908.767,/benchmark/latency_ms,72.659424
1779463908.817,/benchmark/latency_ms,71.765053
1779463908.862,/benchmark/latency_ms,69.513954
1779463908.909,/benchmark/latency_ms,68.090286
1779463908.956,/benchmark/latency_ms,67.471779
1779463909.004,/benchmark/latency_ms,90.766556
1779463909.051,/benchmark/latency_ms,89.850426
1779463909.099,/benchmark/latency_ms,89.884094
1779463909.146,/benchmark/latency_ms,89.381805
1779463909.194,/benchmark/latency_ms,86.996475
1779463909.243,/benchmark/latency_ms,84.220528
1779463909.288,/benchmark/latency_ms,80.961243
1779463909.340,/benchmark/latency_ms,76.449158
1779463909.384,/benchmark/latency_ms,73.387589
1779463909.433,/benchmark/latency_ms,70.599907
1779463909.478,/benchmark/latency_ms,68.204720
1779463909.526,/benchmark/latency_ms,90.079765
1779463909.571,/benchmark/latency_ms,87.526276
1779463909.619,/benchmark/latency_ms,85.875450
1779463909.666,/benchmark/latency_ms,84.353485
1779463909.713,/benchmark/latency_ms,83.319756
1779463909.761,/benchmark/latency_ms,81.808510
1779463909.818,/benchmark/latency_ms,80.084435
1779463909.858,/benchmark/latency_ms,80.586723
1779463909.902,/benchmark/latency_ms,74.815353
1779463909.946,/benchmark/latency_ms,69.721024
1779463909.992,/benchmark/latency_ms,89.477928
1779463910.040,/benchmark/latency_ms,83.155922
1779463910.086,/benchmark/latency_ms,78.842300
1779463910.134,/benchmark/latency_ms,72.663841
1779463910.180,/benchmark/latency_ms,67.101845
1779463910.229,/benchmark/latency_ms,89.257774
1779463910.274,/benchmark/latency_ms,85.105049
1779463910.322,/benchmark/latency_ms,81.556969
1779463910.371,/benchmark/latency_ms,78.942169
1779463910.415,/benchmark/latency_ms,75.892441
1779463910.467,/benchmark/latency_ms,71.225105
1779463910.507,/benchmark/latency_ms,92.077271
1779463910.553,/benchmark/latency_ms,84.490791
1779463910.599,/benchmark/latency_ms,78.368973
1779463910.645,/benchmark/latency_ms,71.790749
1779463910.693,/benchmark/latency_ms,92.278992
1779463910.740,/benchmark/latency_ms,86.366058
1779463910.784,/benchmark/latency_ms,79.046356
1779463910.830,/benchmark/latency_ms,72.399147
1779463910.877,/benchmark/latency_ms,92.064827
1779463910.923,/benchmark/latency_ms,86.133812
1779463910.970,/benchmark/latency_ms,81.890968
1779463911.019,/benchmark/latency_ms,82.216911
1779463911.065,/benchmark/latency_ms,81.464714
1779463911.113,/benchmark/latency_ms,77.770531
1779463911.159,/benchmark/latency_ms,72.010071
1779463911.204,/benchmark/latency_ms,92.152122
1779463911.252,/benchmark/latency_ms,87.342354
1779463911.296,/benchmark/latency_ms,80.847839
1779463911.344,/benchmark/latency_ms,74.621124
1779463911.389,/benchmark/latency_ms,69.597221
1779463911.446,/benchmark/latency_ms,89.558510
1779463911.483,/benchmark/latency_ms,83.835938
1779463911.539,/benchmark/latency_ms,78.787651
1779463911.576,/benchmark/latency_ms,73.196594
1779463911.633,/benchmark/latency_ms,66.930199
1779463911.667,/benchmark/latency_ms,87.153656
1779463911.714,/benchmark/latency_ms,80.848450
1779463911.773,/benchmark/latency_ms,77.892189
1779463911.810,/benchmark/latency_ms,77.981529
1779463911.859,/benchmark/latency_ms,81.318581
1779463911.907,/benchmark/latency_ms,84.378067
1779463911.958,/benchmark/latency_ms,87.298065
1779463912.006,/benchmark/latency_ms,67.558083
1779463912.053,/benchmark/latency_ms,69.255440
1779463912.101,/benchmark/latency_ms,69.789597
1779463912.148,/benchmark/latency_ms,68.723137
1779463912.198,/benchmark/latency_ms,68.011734
1779463912.244,/benchmark/latency_ms,67.005753
1779463912.291,/benchmark/latency_ms,89.627884
1779463912.338,/benchmark/latency_ms,88.119423
1779463912.385,/benchmark/latency_ms,87.048317
1779463912.435,/benchmark/latency_ms,87.020638
1779463912.481,/benchmark/latency_ms,85.953629
1779463912.530,/benchmark/latency_ms,84.958015
1779463912.576,/benchmark/latency_ms,83.333649
1779463912.624,/benchmark/latency_ms,81.604424
1779463912.670,/benchmark/latency_ms,80.873825
1779463912.717,/benchmark/latency_ms,80.795174
1779463912.767,/benchmark/latency_ms,79.129883
1779463912.812,/benchmark/latency_ms,77.847198
1779463912.857,/benchmark/latency_ms,75.891708
1779463912.904,/benchmark/latency_ms,74.902817
1779463912.951,/benchmark/latency_ms,73.201271
1779463912.998,/benchmark/latency_ms,71.893723
1779463913.045,/benchmark/latency_ms,70.866333
1779463913.093,/benchmark/latency_ms,70.585609
1779463913.142,/benchmark/latency_ms,70.316658
1779463913.188,/benchmark/latency_ms,69.892349
1779463913.237,/benchmark/latency_ms,68.842369
1779463913.283,/benchmark/latency_ms,68.378510
1779463913.332,/benchmark/latency_ms,67.617706
1779463913.378,/benchmark/latency_ms,91.227676
1779463913.425,/benchmark/latency_ms,89.725288
1779463913.483,/benchmark/latency_ms,88.455475
1779463913.520,/benchmark/latency_ms,86.813545
1779463913.566,/benchmark/latency_ms,85.700874
1779463913.613,/benchmark/latency_ms,84.576241
1779463913.672,/benchmark/latency_ms,83.654892
1779463913.711,/benchmark/latency_ms,82.707367
1779463913.756,/benchmark/latency_ms,81.791718
1779463913.803,/benchmark/latency_ms,80.052155
1779463913.849,/benchmark/latency_ms,78.257370
1779463913.898,/benchmark/latency_ms,76.801414
1779463913.944,/benchmark/latency_ms,74.921440
1779463913.993,/benchmark/latency_ms,72.189301
1779463914.037,/benchmark/latency_ms,71.083031
1779463914.097,/benchmark/latency_ms,70.131828
1779463914.133,/benchmark/latency_ms,68.521774
1779463914.195,/benchmark/latency_ms,67.468109
1779463914.231,/benchmark/latency_ms,66.439087
1779463914.272,/benchmark/latency_ms,89.226044
1779463914.320,/benchmark/latency_ms,89.853065
1779463914.379,/benchmark/latency_ms,88.442902
1779463914.414,/benchmark/latency_ms,86.552277
1779463914.466,/benchmark/latency_ms,85.823372
1779463914.509,/benchmark/latency_ms,84.920105
1779463914.558,/benchmark/latency_ms,83.770317
1779463914.605,/benchmark/latency_ms,83.185921
1779463914.651,/benchmark/latency_ms,81.780327
1779463914.700,/benchmark/latency_ms,79.118652
1779463914.749,/benchmark/latency_ms,74.536430
1779463914.799,/benchmark/latency_ms,72.413200
1779463914.847,/benchmark/latency_ms,71.645866
1779463914.893,/benchmark/latency_ms,66.729347
1779463914.942,/benchmark/latency_ms,88.741325
1779463915.001,/benchmark/latency_ms,84.006401
1779463915.033,/benchmark/latency_ms,79.236313
1779463915.082,/benchmark/latency_ms,73.180824
1779463915.126,/benchmark/latency_ms,68.699562
1779463915.174,/benchmark/latency_ms,89.244675
1779463915.220,/benchmark/latency_ms,82.990562
1779463915.268,/benchmark/latency_ms,77.650925
1779463915.310,/benchmark/latency_ms,72.286072
1779463915.359,/benchmark/latency_ms,92.942894
1779463915.405,/benchmark/latency_ms,86.840782
1779463915.453,/benchmark/latency_ms,81.876869
1779463915.497,/benchmark/latency_ms,76.650543
1779463915.544,/benchmark/latency_ms,71.503441
1779463915.590,/benchmark/latency_ms,92.003372
1779463915.637,/benchmark/latency_ms,86.576569
1779463915.684,/benchmark/latency_ms,82.111748
1779463915.730,/benchmark/latency_ms,77.667465
1779463915.777,/benchmark/latency_ms,72.198555
1779463915.823,/benchmark/latency_ms,92.044678
1779463915.870,/benchmark/latency_ms,86.715759
1779463915.916,/benchmark/latency_ms,81.570160
1779463915.963,/benchmark/latency_ms,76.254295
1779463916.009,/benchmark/latency_ms,70.292244
1779463916.067,/benchmark/latency_ms,90.435516
1779463916.102,/benchmark/latency_ms,85.467003
1779463916.148,/benchmark/latency_ms,80.480659
1779463916.196,/benchmark/latency_ms,75.310844
1779463916.254,/benchmark/latency_ms,70.363510
1779463916.301,/benchmark/latency_ms,90.180901
1779463916.339,/benchmark/latency_ms,86.325661
1779463916.386,/benchmark/latency_ms,83.662483
1779463916.433,/benchmark/latency_ms,79.744011
1779463916.482,/benchmark/latency_ms,77.005257
1779463916.540,/benchmark/latency_ms,99.485565
1779463916.577,/benchmark/latency_ms,73.776268
1779463916.622,/benchmark/latency_ms,74.313950
1779463916.673,/benchmark/latency_ms,76.552917
1779463916.720,/benchmark/latency_ms,76.328667
1779463916.768,/benchmark/latency_ms,75.351547
1779463916.817,/benchmark/latency_ms,74.014084
1779463916.862,/benchmark/latency_ms,73.683022
1779463916.911,/benchmark/latency_ms,73.195740
1779463916.959,/benchmark/latency_ms,73.539886
1779463917.007,/benchmark/latency_ms,73.377335
1779463917.052,/benchmark/latency_ms,74.215004
1779463917.100,/benchmark/latency_ms,74.881706
1779463917.150,/benchmark/latency_ms,77.215363
1779463917.200,/benchmark/latency_ms,102.748062
1779463917.247,/benchmark/latency_ms,79.772499
1779463917.294,/benchmark/latency_ms,79.407036
1779463917.343,/benchmark/latency_ms,78.464638
1779463917.388,/benchmark/latency_ms,77.642998
1779463917.435,/benchmark/latency_ms,76.739151
1779463917.484,/benchmark/latency_ms,75.808205
1779463917.530,/benchmark/latency_ms,75.016357
1779463917.579,/benchmark/latency_ms,73.539314
1779463917.626,/benchmark/latency_ms,73.247803
1779463917.674,/benchmark/latency_ms,72.043266
1779463917.721,/benchmark/latency_ms,71.999878
1779463917.769,/benchmark/latency_ms,73.134369
1779463917.817,/benchmark/latency_ms,72.599861
1779463917.867,/benchmark/latency_ms,72.409019
1779463917.920,/benchmark/latency_ms,71.456566
1779463917.975,/benchmark/latency_ms,70.307549
1779463918.013,/benchmark/latency_ms,93.098541
1779463918.061,/benchmark/latency_ms,90.848022
1779463918.109,/benchmark/latency_ms,89.069008
1779463918.157,/benchmark/latency_ms,87.648926
1779463918.208,/benchmark/latency_ms,85.174950
1779463918.266,/benchmark/latency_ms,83.788216
1779463918.302,/benchmark/latency_ms,81.580475
1779463918.348,/benchmark/latency_ms,79.915695
1779463918.395,/benchmark/latency_ms,76.800941
1779463918.443,/benchmark/latency_ms,73.961449
1779463918.492,/benchmark/latency_ms,72.566292
1779463918.540,/benchmark/latency_ms,71.016647
1779463918.587,/benchmark/latency_ms,68.395195
1779463918.637,/benchmark/latency_ms,91.424324
1779463918.685,/benchmark/latency_ms,91.935410
1779463918.734,/benchmark/latency_ms,90.447075
1779463918.782,/benchmark/latency_ms,87.271240
1779463918.828,/benchmark/latency_ms,85.042671
1779463918.887,/benchmark/latency_ms,81.984619
1779463918.922,/benchmark/latency_ms,79.198471
1779463918.970,/benchmark/latency_ms,75.642868
1779463919.019,/benchmark/latency_ms,73.813866
1779463919.066,/benchmark/latency_ms,72.179428
1779463919.117,/benchmark/latency_ms,70.860809
1779463919.163,/benchmark/latency_ms,94.439751
1779463919.210,/benchmark/latency_ms,90.582657
1779463919.260,/benchmark/latency_ms,89.660126
1779463919.310,/benchmark/latency_ms,88.430565
1779463919.357,/benchmark/latency_ms,88.910454
1779463919.417,/benchmark/latency_ms,86.828377
1779463919.452,/benchmark/latency_ms,84.212875
1779463919.511,/benchmark/latency_ms,82.762390
1779463919.553,/benchmark/latency_ms,81.786613
1779463919.596,/benchmark/latency_ms,76.197639
1779463919.642,/benchmark/latency_ms,73.455032
1779463919.691,/benchmark/latency_ms,70.973511
1779463919.742,/benchmark/latency_ms,94.215660
1779463919.788,/benchmark/latency_ms,90.485573
1779463919.836,/benchmark/latency_ms,88.495140
1779463919.884,/benchmark/latency_ms,84.441376
1779463919.931,/benchmark/latency_ms,82.059341
1779463919.978,/benchmark/latency_ms,79.586365
1779463920.024,/benchmark/latency_ms,76.061546
1779463920.074,/benchmark/latency_ms,73.303459
1779463920.122,/benchmark/latency_ms,72.663284
1779463920.172,/benchmark/latency_ms,72.779091
1779463920.220,/benchmark/latency_ms,71.864624
1779463920.266,/benchmark/latency_ms,67.624886
1779463920.312,/benchmark/latency_ms,88.477989
1779463920.359,/benchmark/latency_ms,83.412552
1779463920.407,/benchmark/latency_ms,79.039246
1779463920.459,/benchmark/latency_ms,82.242249
1779463920.503,/benchmark/latency_ms,82.524994
1779463920.549,/benchmark/latency_ms,80.154541
1779463920.598,/benchmark/latency_ms,75.281601
1779463920.642,/benchmark/latency_ms,70.004425
1779463920.690,/benchmark/latency_ms,90.768158
1779463920.736,/benchmark/latency_ms,85.651520
1779463920.783,/benchmark/latency_ms,80.215111
1779463920.840,/benchmark/latency_ms,75.040237
1779463920.876,/benchmark/latency_ms,69.988998
1779463920.921,/benchmark/latency_ms,90.204880
1779463920.969,/benchmark/latency_ms,84.286377
1779463921.016,/benchmark/latency_ms,81.586113
1779463921.078,/benchmark/latency_ms,82.565315
1779463921.113,/benchmark/latency_ms,83.574242
1779463921.161,/benchmark/latency_ms,83.794426
1779463921.210,/benchmark/latency_ms,81.159119
1779463921.257,/benchmark/latency_ms,79.843254
1779463921.304,/benchmark/latency_ms,77.827545
1779463921.352,/benchmark/latency_ms,76.285316
1779463921.399,/benchmark/latency_ms,74.856880
1779463921.445,/benchmark/latency_ms,73.490173
1779463921.495,/benchmark/latency_ms,72.181252
1779463921.543,/benchmark/latency_ms,70.362274
1779463921.602,/benchmark/latency_ms,68.356766
1779463921.638,/benchmark/latency_ms,91.719109
1779463921.684,/benchmark/latency_ms,88.562218
1779463921.730,/benchmark/latency_ms,84.417091
1779463921.776,/benchmark/latency_ms,80.531845
1779463921.824,/benchmark/latency_ms,78.581474
1779463921.873,/benchmark/latency_ms,76.499741
1779463921.919,/benchmark/latency_ms,75.084236
1779463921.968,/benchmark/latency_ms,71.550682
1779463922.014,/benchmark/latency_ms,70.700661
1779463922.063,/benchmark/latency_ms,70.312965
1779463922.110,/benchmark/latency_ms,69.635864
1779463922.159,/benchmark/latency_ms,69.558525
1779463922.205,/benchmark/latency_ms,92.849571
1779463922.254,/benchmark/latency_ms,67.089767
1779463922.300,/benchmark/latency_ms,66.848595
1779463922.347,/benchmark/latency_ms,66.256165
1779463922.394,/benchmark/latency_ms,89.323280
1779463922.443,/benchmark/latency_ms,90.085625
1779463922.494,/benchmark/latency_ms,93.050041
1779463922.540,/benchmark/latency_ms,89.642982
1779463922.585,/benchmark/latency_ms,65.414177
1779463922.633,/benchmark/latency_ms,67.487999
1779463922.680,/benchmark/latency_ms,69.459900
1779463922.729,/benchmark/latency_ms,69.142822
1779463922.774,/benchmark/latency_ms,68.638229
1779463922.822,/benchmark/latency_ms,68.219429
1779463922.870,/benchmark/latency_ms,67.940498
1779463922.919,/benchmark/latency_ms,90.620392
1779463922.967,/benchmark/latency_ms,89.603172
1779463923.012,/benchmark/latency_ms,88.392876
1779463923.059,/benchmark/latency_ms,86.559303
1779463923.106,/benchmark/latency_ms,85.891579
1779463923.167,/benchmark/latency_ms,84.499786
1779463923.200,/benchmark/latency_ms,82.157906
1779463923.246,/benchmark/latency_ms,81.795998
1779463923.295,/benchmark/latency_ms,82.574440
1779463923.339,/benchmark/latency_ms,83.278732
1779463923.384,/benchmark/latency_ms,83.779556
1779463923.432,/benchmark/latency_ms,84.340492
1779463923.492,/benchmark/latency_ms,86.828384
1779463923.528,/benchmark/latency_ms,88.808708
1779463923.576,/benchmark/latency_ms,86.170738
1779463923.623,/benchmark/latency_ms,78.789375
1779463923.670,/benchmark/latency_ms,73.559746
1779463923.715,/benchmark/latency_ms,72.161514
1779463923.768,/benchmark/latency_ms,72.389091
1779463923.815,/benchmark/latency_ms,71.861717
1779463923.878,/benchmark/latency_ms,70.065742
1779463923.911,/benchmark/latency_ms,91.620071
1779463923.960,/benchmark/latency_ms,88.825409
1779463924.006,/benchmark/latency_ms,88.125717
1779463924.055,/benchmark/latency_ms,87.573608
1779463924.101,/benchmark/latency_ms,86.568840
1779463924.148,/benchmark/latency_ms,86.563950
1779463924.197,/benchmark/latency_ms,86.072891
1779463924.243,/benchmark/latency_ms,85.704483
1779463924.293,/benchmark/latency_ms,86.079544
1779463924.339,/benchmark/latency_ms,85.544777
1779463924.388,/benchmark/latency_ms,85.416656
1779463924.434,/benchmark/latency_ms,84.800804
1779463924.481,/benchmark/latency_ms,84.519279
1779463924.528,/benchmark/latency_ms,83.723267
1779463924.575,/benchmark/latency_ms,83.573898
1779463924.623,/benchmark/latency_ms,86.248215
1779463924.670,/benchmark/latency_ms,86.402771
1779463924.718,/benchmark/latency_ms,85.624237
1779463924.765,/benchmark/latency_ms,85.753799
1779463924.812,/benchmark/latency_ms,85.106361
1779463924.861,/benchmark/latency_ms,84.724548
1779463924.907,/benchmark/latency_ms,84.032280
1779463924.955,/benchmark/latency_ms,82.698563
1779463925.002,/benchmark/latency_ms,81.558571
1779463925.049,/benchmark/latency_ms,79.604424
1779463925.095,/benchmark/latency_ms,78.490089
1779463925.142,/benchmark/latency_ms,76.595528
1779463925.190,/benchmark/latency_ms,74.480423
1779463925.237,/benchmark/latency_ms,72.596291
1779463925.283,/benchmark/latency_ms,71.214737
1779463925.330,/benchmark/latency_ms,70.126930
1779463925.379,/benchmark/latency_ms,68.872887
1779463925.426,/benchmark/latency_ms,67.050125
1779463925.473,/benchmark/latency_ms,89.554260
1779463925.520,/benchmark/latency_ms,88.950180
1779463925.568,/benchmark/latency_ms,87.770859
1779463925.616,/benchmark/latency_ms,84.939362
1779463925.663,/benchmark/latency_ms,81.609512
1779463925.712,/benchmark/latency_ms,78.609161
1779463925.758,/benchmark/latency_ms,75.029465
1779463925.806,/benchmark/latency_ms,71.781212
1779463925.855,/benchmark/latency_ms,67.831512
1779463925.901,/benchmark/latency_ms,90.767433
1779463925.949,/benchmark/latency_ms,88.002243
1779463925.997,/benchmark/latency_ms,85.500076
1779463926.044,/benchmark/latency_ms,81.230423
1779463926.092,/benchmark/latency_ms,78.567497
1779463926.138,/benchmark/latency_ms,74.942558
1779463926.186,/benchmark/latency_ms,72.403465
1779463926.234,/benchmark/latency_ms,70.266159
1779463926.284,/benchmark/latency_ms,68.337448
1779463926.332,/benchmark/latency_ms,91.112480
1779463926.379,/benchmark/latency_ms,89.301598
1779463926.425,/benchmark/latency_ms,86.720207
1779463926.480,/benchmark/latency_ms,86.886345
1779463926.523,/benchmark/latency_ms,83.051071
1779463926.572,/benchmark/latency_ms,80.409233
1779463926.619,/benchmark/latency_ms,75.707207
1779463926.670,/benchmark/latency_ms,78.844963
1779463926.716,/benchmark/latency_ms,77.914558
1779463926.764,/benchmark/latency_ms,75.710243
1779463926.811,/benchmark/latency_ms,74.810371
1779463926.859,/benchmark/latency_ms,73.474731
1779463926.905,/benchmark/latency_ms,71.404808
1779463926.953,/benchmark/latency_ms,72.587814
1779463927.001,/benchmark/latency_ms,72.737183
1779463927.048,/benchmark/latency_ms,72.173744
1779463927.096,/benchmark/latency_ms,72.124435
1779463927.143,/benchmark/latency_ms,69.045975
1779463927.189,/benchmark/latency_ms,88.977226
1779463927.236,/benchmark/latency_ms,82.466194
1779463927.283,/benchmark/latency_ms,75.406929
1779463927.330,/benchmark/latency_ms,71.503174
1779463927.377,/benchmark/latency_ms,91.647446
1779463927.424,/benchmark/latency_ms,86.021446
1779463927.479,/benchmark/latency_ms,79.900612
1779463927.516,/benchmark/latency_ms,73.954140
1779463927.562,/benchmark/latency_ms,68.440140
1779463927.608,/benchmark/latency_ms,88.639221
1779463927.654,/benchmark/latency_ms,83.639023
1779463927.698,/benchmark/latency_ms,76.897278
1779463927.746,/benchmark/latency_ms,72.588837
1779463927.789,/benchmark/latency_ms,67.423302
1779463927.836,/benchmark/latency_ms,88.311707
1779463927.883,/benchmark/latency_ms,83.496147
1779463927.929,/benchmark/latency_ms,76.724228
1779463927.978,/benchmark/latency_ms,72.173523
1779463928.026,/benchmark/latency_ms,67.230576
1779463928.072,/benchmark/latency_ms,90.899277
1779463928.120,/benchmark/latency_ms,67.692932
1779463928.169,/benchmark/latency_ms,67.643623
1779463928.215,/benchmark/latency_ms,67.140343
1779463928.274,/benchmark/latency_ms,67.060501
1779463928.323,/benchmark/latency_ms,66.743073
1779463928.359,/benchmark/latency_ms,66.768288
1779463928.405,/benchmark/latency_ms,66.964539
1779463928.453,/benchmark/latency_ms,90.890610
1779463928.502,/benchmark/latency_ms,66.540771
1779463928.550,/benchmark/latency_ms,90.637367
1779463928.598,/benchmark/latency_ms,90.369827
1779463928.644,/benchmark/latency_ms,90.259140
1779463928.692,/benchmark/latency_ms,88.022217
1779463928.741,/benchmark/latency_ms,85.709007
1779463928.787,/benchmark/latency_ms,82.811020
1779463928.846,/benchmark/latency_ms,80.302681
1779463928.881,/benchmark/latency_ms,77.275574
1779463928.929,/benchmark/latency_ms,74.653229
1779463928.979,/benchmark/latency_ms,72.310387
1779463929.039,/benchmark/latency_ms,71.288879
1779463929.073,/benchmark/latency_ms,69.755684
1779463929.125,/benchmark/latency_ms,92.622650
1779463929.169,/benchmark/latency_ms,90.008331
1779463929.220,/benchmark/latency_ms,87.856239
1779463929.266,/benchmark/latency_ms,85.565720
1779463929.314,/benchmark/latency_ms,83.682770
1779463929.362,/benchmark/latency_ms,81.164192
1779463929.408,/benchmark/latency_ms,78.787949
1779463929.457,/benchmark/latency_ms,76.236313
1779463929.506,/benchmark/latency_ms,75.739403
1779463929.567,/benchmark/latency_ms,72.234741
1779463929.602,/benchmark/latency_ms,70.810341
1779463929.650,/benchmark/latency_ms,68.488655
1779463929.699,/benchmark/latency_ms,91.243011
1779463929.757,/benchmark/latency_ms,89.469696
1779463929.795,/benchmark/latency_ms,87.569656
1779463929.853,/benchmark/latency_ms,85.062248
1779463929.902,/benchmark/latency_ms,82.733009
1779463929.949,/benchmark/latency_ms,80.860359
1779463929.985,/benchmark/latency_ms,77.603699
1779463930.032,/benchmark/latency_ms,74.991043
1779463930.080,/benchmark/latency_ms,72.401009
1779463930.128,/benchmark/latency_ms,70.672104
1779463930.177,/benchmark/latency_ms,92.587135
1779463750.190,/node/cpu_percent,35.459183
1779463750.204,/node/cpu_percent,35.532993
1779463750.440,/node/cpu_percent,34.782608
1779463750.691,/node/cpu_percent,34.848484
1779463750.705,/node/cpu_percent,34.605598
1779463750.941,/node/cpu_percent,35.175880
1779463751.191,/node/cpu_percent,34.010151
1779463751.205,/node/cpu_percent,34.010151
1779463751.439,/node/cpu_percent,35.264484
1779463751.694,/node/cpu_percent,35.264484
1779463751.705,/node/cpu_percent,35.338345
1779463751.940,/node/cpu_percent,34.090908
1779463752.190,/node/cpu_percent,34.508816
1779463752.205,/node/cpu_percent,34.760704
1779463752.439,/node/cpu_percent,33.756344
1779463752.693,/node/cpu_percent,34.085213
1779463752.703,/node/cpu_percent,33.668343
1779463752.939,/node/cpu_percent,34.663342
1779463753.193,/node/cpu_percent,35.396038
1779463753.205,/node/cpu_percent,35.643566
1779463753.439,/node/cpu_percent,35.483871
1779463753.690,/node/cpu_percent,34.422112
1779463753.704,/node/cpu_percent,34.256927
1779463753.940,/node/cpu_percent,34.335838
1779463754.190,/node/cpu_percent,34.005039
1779463754.205,/node/cpu_percent,34.335838
1779463754.443,/node/cpu_percent,34.673367
1779463754.690,/node/cpu_percent,34.005039
1779463754.704,/node/cpu_percent,34.005039
1779463754.943,/node/cpu_percent,33.838383
1779463755.190,/node/cpu_percent,35.264484
1779463755.203,/node/cpu_percent,35.427135
1779463755.439,/node/cpu_percent,35.189873
1779463755.691,/node/cpu_percent,35.353535
1779463755.704,/node/cpu_percent,34.860050
1779463755.939,/node/cpu_percent,35.025379
1779463756.191,/node/cpu_percent,33.842239
1779463756.204,/node/cpu_percent,34.177216
1779463756.440,/node/cpu_percent,38.071068
1779463756.693,/node/cpu_percent,47.727272
1779463756.706,/node/cpu_percent,48.110832
1779463756.940,/node/cpu_percent,52.000000
1779463757.190,/node/cpu_percent,49.751244
1779463757.205,/node/cpu_percent,49.250000
1779463757.439,/node/cpu_percent,41.147133
1779463757.690,/node/cpu_percent,34.256927
1779463757.704,/node/cpu_percent,34.005039
1779463757.939,/node/cpu_percent,33.924049
1779463758.190,/node/cpu_percent,33.501259
1779463758.203,/node/cpu_percent,33.753147
1779463758.439,/node/cpu_percent,33.501259
1779463758.690,/node/cpu_percent,33.838383
1779463758.710,/node/cpu_percent,33.838383
1779463758.939,/node/cpu_percent,33.502537
1779463759.190,/node/cpu_percent,32.908165
1779463759.204,/node/cpu_percent,33.078880
1779463759.439,/node/cpu_percent,33.585857
1779463759.690,/node/cpu_percent,33.919598
1779463759.705,/node/cpu_percent,34.085213
1779463759.942,/node/cpu_percent,34.170853
1779463760.190,/node/cpu_percent,34.085213
1779463760.206,/node/cpu_percent,33.585857
1779463760.439,/node/cpu_percent,33.753147
1779463760.690,/node/cpu_percent,33.838383
1779463760.705,/node/cpu_percent,33.919598
1779463760.939,/node/cpu_percent,33.919598
1779463761.190,/node/cpu_percent,33.919598
1779463761.204,/node/cpu_percent,33.919598
1779463761.440,/node/cpu_percent,33.417721
1779463761.693,/node/cpu_percent,33.417721
1779463761.704,/node/cpu_percent,33.502537
1779463761.942,/node/cpu_percent,34.328358
1779463762.193,/node/cpu_percent,36.049381
1779463762.204,/node/cpu_percent,36.049381
1779463762.439,/node/cpu_percent,39.000000
1779463762.690,/node/cpu_percent,39.849625
1779463762.705,/node/cpu_percent,39.949749
1779463762.940,/node/cpu_percent,36.842106
1779463763.191,/node/cpu_percent,34.177216
1779463763.204,/node/cpu_percent,34.090908
1779463763.440,/node/cpu_percent,33.670887
1779463763.691,/node/cpu_percent,34.586468
1779463763.705,/node/cpu_percent,34.673367
1779463763.940,/node/cpu_percent,34.673367
1779463764.193,/node/cpu_percent,33.248081
1779463764.204,/node/cpu_percent,33.163265
1779463764.439,/node/cpu_percent,34.256927
1779463764.691,/node/cpu_percent,35.483871
1779463764.705,/node/cpu_percent,35.235733
1779463764.940,/node/cpu_percent,33.838383
1779463765.191,/node/cpu_percent,34.430378
1779463765.205,/node/cpu_percent,34.263958
1779463765.440,/node/cpu_percent,35.012596
1779463765.690,/node/cpu_percent,34.250000
1779463765.705,/node/cpu_percent,34.663342
1779463765.940,/node/cpu_percent,35.148514
1779463766.192,/node/cpu_percent,35.148514
1779463766.206,/node/cpu_percent,35.148514
1779463766.440,/node/cpu_percent,38.750000
1779463766.691,/node/cpu_percent,46.717171
1779463766.707,/node/cpu_percent,47.088608
1779463766.940,/node/cpu_percent,49.109413
1779463767.191,/node/cpu_percent,48.989899
1779463767.205,/node/cpu_percent,48.621555
1779463767.440,/node/cpu_percent,42.964825
1779463767.691,/node/cpu_percent,35.459183
1779463767.709,/node/cpu_percent,35.384617
1779463767.940,/node/cpu_percent,35.623409
1779463768.192,/node/cpu_percent,34.760704
1779463768.205,/node/cpu_percent,34.924622
1779463768.440,/node/cpu_percent,34.422112
1779463768.691,/node/cpu_percent,35.891090
1779463768.705,/node/cpu_percent,36.049381
1779463768.940,/node/cpu_percent,35.802467
1779463769.191,/node/cpu_percent,34.663342
1779463769.205,/node/cpu_percent,34.335838
1779463769.439,/node/cpu_percent,34.085213
1779463769.691,/node/cpu_percent,33.838383
1779463769.705,/node/cpu_percent,33.670887
1779463769.942,/node/cpu_percent,34.837093
1779463770.193,/node/cpu_percent,34.422112
1779463770.205,/node/cpu_percent,34.586468
1779463770.442,/node/cpu_percent,34.085213
1779463770.691,/node/cpu_percent,35.396038
1779463770.705,/node/cpu_percent,35.235733
1779463770.940,/node/cpu_percent,35.588974
1779463771.191,/node/cpu_percent,36.934673
1779463771.206,/node/cpu_percent,37.250000
1779463771.440,/node/cpu_percent,37.121212
1779463771.691,/node/cpu_percent,36.386768
1779463771.705,/node/cpu_percent,36.224491
1779463771.942,/node/cpu_percent,36.111111
1779463772.192,/node/cpu_percent,35.204082
1779463772.206,/node/cpu_percent,34.948978
1779463772.440,/node/cpu_percent,35.279186
1779463772.692,/node/cpu_percent,35.588974
1779463772.705,/node/cpu_percent,35.750000
1779463772.941,/node/cpu_percent,34.430378
1779463773.190,/node/cpu_percent,34.256927
1779463773.205,/node/cpu_percent,34.595959
1779463773.440,/node/cpu_percent,35.087719
1779463773.692,/node/cpu_percent,34.848484
1779463773.705,/node/cpu_percent,34.430378
1779463773.940,/node/cpu_percent,34.848484
1779463774.191,/node/cpu_percent,34.335838
1779463774.205,/node/cpu_percent,34.335838
1779463774.440,/node/cpu_percent,33.249371
1779463774.691,/node/cpu_percent,34.250000
1779463774.706,/node/cpu_percent,34.577114
1779463774.940,/node/cpu_percent,35.250000
1779463775.193,/node/cpu_percent,34.351147
1779463775.205,/node/cpu_percent,34.015347
1779463775.443,/node/cpu_percent,33.756344
1779463775.691,/node/cpu_percent,33.838383
1779463775.705,/node/cpu_percent,34.170853
1779463775.941,/node/cpu_percent,34.170853
1779463776.193,/node/cpu_percent,33.753147
1779463776.206,/node/cpu_percent,33.585857
1779463776.440,/node/cpu_percent,40.000000
1779463776.691,/node/cpu_percent,47.594936
1779463776.705,/node/cpu_percent,47.848103
1779463776.940,/node/cpu_percent,49.376560
1779463777.191,/node/cpu_percent,48.628429
1779463777.206,/node/cpu_percent,48.258705
1779463777.440,/node/cpu_percent,41.708542
1779463777.691,/node/cpu_percent,36.000000
1779463777.705,/node/cpu_percent,36.090225
1779463777.943,/node/cpu_percent,35.427135
1779463778.191,/node/cpu_percent,35.250000
1779463778.210,/node/cpu_percent,35.411472
1779463778.439,/node/cpu_percent,33.753147
1779463778.691,/node/cpu_percent,33.418365
1779463778.705,/node/cpu_percent,33.333332
1779463778.941,/node/cpu_percent,34.595959
1779463779.192,/node/cpu_percent,35.858585
1779463779.208,/node/cpu_percent,35.786800
1779463779.441,/node/cpu_percent,35.696201
1779463779.694,/node/cpu_percent,34.263958
1779463779.706,/node/cpu_percent,34.263958
1779463779.941,/node/cpu_percent,34.183674
1779463780.191,/node/cpu_percent,35.910225
1779463780.205,/node/cpu_percent,35.910225
1779463780.440,/node/cpu_percent,36.318409
1779463780.694,/node/cpu_percent,35.338345
1779463780.706,/node/cpu_percent,35.012596
1779463780.940,/node/cpu_percent,34.508816
1779463781.191,/node/cpu_percent,34.605598
1779463781.206,/node/cpu_percent,34.605598
1779463781.441,/node/cpu_percent,34.771572
1779463781.693,/node/cpu_percent,34.683544
1779463781.706,/node/cpu_percent,35.012596
1779463781.941,/node/cpu_percent,35.623409
1779463782.192,/node/cpu_percent,36.020149
1779463782.206,/node/cpu_percent,36.340851
1779463782.440,/node/cpu_percent,38.861385
1779463782.691,/node/cpu_percent,39.898991
1779463782.705,/node/cpu_percent,39.593910
1779463782.939,/node/cpu_percent,37.084400
1779463783.194,/node/cpu_percent,35.204082
1779463783.206,/node/cpu_percent,35.114502
1779463783.441,/node/cpu_percent,34.683544
1779463783.692,/node/cpu_percent,35.189873
1779463783.708,/node/cpu_percent,35.353535
1779463783.941,/node/cpu_percent,35.368958
1779463784.192,/node/cpu_percent,35.960590
1779463784.206,/node/cpu_percent,36.049381
1779463784.441,/node/cpu_percent,36.097561
1779463784.692,/node/cpu_percent,34.987595
1779463784.706,/node/cpu_percent,34.825871
1779463784.944,/node/cpu_percent,34.586468
1779463785.191,/node/cpu_percent,33.924049
1779463785.206,/node/cpu_percent,34.090908
1779463785.441,/node/cpu_percent,33.585857
1779463785.692,/node/cpu_percent,34.343433
1779463785.706,/node/cpu_percent,33.924049
1779463785.941,/node/cpu_percent,35.012596
1779463786.192,/node/cpu_percent,34.837093
1779463786.206,/node/cpu_percent,35.087719
1779463786.442,/node/cpu_percent,39.294712
1779463786.692,/node/cpu_percent,48.370926
1779463786.706,/node/cpu_percent,48.750000
1779463786.940,/node/cpu_percent,50.750000
1779463787.192,/node/cpu_percent,48.477158
1779463787.207,/node/cpu_percent,47.837151
1779463787.441,/node/cpu_percent,40.256409
1779463787.692,/node/cpu_percent,34.256927
1779463787.707,/node/cpu_percent,34.837093
1779463787.941,/node/cpu_percent,35.980148
1779463788.193,/node/cpu_percent,35.696201
1779463788.206,/node/cpu_percent,35.204082
1779463788.441,/node/cpu_percent,35.532993
1779463788.692,/node/cpu_percent,35.678391
1779463788.706,/node/cpu_percent,35.427135
1779463788.941,/node/cpu_percent,35.368958
1779463789.201,/node/cpu_percent,36.503857
1779463789.209,/node/cpu_percent,37.244900
1779463789.442,/node/cpu_percent,36.386768
1779463789.692,/node/cpu_percent,34.096691
1779463789.707,/node/cpu_percent,33.928570
1779463789.941,/node/cpu_percent,33.673470
1779463790.192,/node/cpu_percent,34.177216
1779463790.206,/node/cpu_percent,34.343433
1779463790.441,/node/cpu_percent,34.170853
1779463790.694,/node/cpu_percent,34.825871
1779463790.706,/node/cpu_percent,34.413963
1779463790.942,/node/cpu_percent,34.500000
1779463791.193,/node/cpu_percent,33.753147
1779463791.206,/node/cpu_percent,33.838383
1779463791.442,/node/cpu_percent,33.076923
1779463791.692,/node/cpu_percent,32.992329
1779463791.706,/node/cpu_percent,32.992329
1779463791.941,/node/cpu_percent,34.500000
1779463792.192,/node/cpu_percent,35.929649
1779463792.206,/node/cpu_percent,35.929649
1779463792.444,/node/cpu_percent,35.696201
1779463792.692,/node/cpu_percent,34.090908
1779463792.707,/node/cpu_percent,34.177216
1779463792.941,/node/cpu_percent,34.517765
1779463793.192,/node/cpu_percent,35.516373
1779463793.206,/node/cpu_percent,35.427135
1779463793.442,/node/cpu_percent,34.912720
1779463793.692,/node/cpu_percent,34.508816
1779463793.707,/node/cpu_percent,34.177216
1779463793.941,/node/cpu_percent,33.333332
1779463794.192,/node/cpu_percent,33.076923
1779463794.206,/node/cpu_percent,33.587788
1779463794.441,/node/cpu_percent,35.074627
1779463794.692,/node/cpu_percent,36.097561
1779463794.707,/node/cpu_percent,36.097561
1779463794.942,/node/cpu_percent,35.467979
1779463795.191,/node/cpu_percent,34.987595
1779463795.205,/node/cpu_percent,34.663342
1779463795.443,/node/cpu_percent,34.005039
1779463795.692,/node/cpu_percent,32.647816
1779463795.707,/node/cpu_percent,32.992329
1779463795.940,/node/cpu_percent,32.992329
1779463796.193,/node/cpu_percent,33.673470
1779463796.206,/node/cpu_percent,33.673470
1779463796.441,/node/cpu_percent,38.676846
1779463796.692,/node/cpu_percent,45.177666
1779463796.707,/node/cpu_percent,45.547073
1779463796.943,/node/cpu_percent,47.704082
1779463797.195,/node/cpu_percent,48.091602
1779463797.207,/node/cpu_percent,47.582699
1779463797.441,/node/cpu_percent,41.959801
1779463797.693,/node/cpu_percent,35.500000
1779463797.707,/node/cpu_percent,35.500000
1779463797.942,/node/cpu_percent,37.121212
1779463798.194,/node/cpu_percent,36.734695
1779463798.207,/node/cpu_percent,36.572891
1779463798.441,/node/cpu_percent,34.263958
1779463798.695,/node/cpu_percent,34.351147
1779463798.709,/node/cpu_percent,34.683544
1779463798.943,/node/cpu_percent,34.771572
1779463799.193,/node/cpu_percent,35.696201
1779463799.207,/node/cpu_percent,35.696201
1779463799.442,/node/cpu_percent,35.623409
1779463799.693,/node/cpu_percent,35.250000
1779463799.707,/node/cpu_percent,35.087719
1779463799.942,/node/cpu_percent,34.837093
1779463800.194,/node/cpu_percent,34.936710
1779463800.207,/node/cpu_percent,34.771572
1779463800.441,/node/cpu_percent,35.572140
1779463800.692,/node/cpu_percent,35.539215
1779463800.707,/node/cpu_percent,35.626537
1779463800.942,/node/cpu_percent,34.673367
1779463801.193,/node/cpu_percent,34.177216
1779463801.206,/node/cpu_percent,33.838383
1779463801.440,/node/cpu_percent,35.750000
1779463801.692,/node/cpu_percent,36.616161
1779463801.708,/node/cpu_percent,37.027706
1779463801.942,/node/cpu_percent,35.101009
1779463802.192,/node/cpu_percent,34.936710
1779463802.207,/node/cpu_percent,35.012596
1779463802.442,/node/cpu_percent,38.071068
1779463802.695,/node/cpu_percent,39.393940
1779463802.707,/node/cpu_percent,39.240505
1779463802.942,/node/cpu_percent,36.523930
1779463803.193,/node/cpu_percent,34.170853
1779463803.207,/node/cpu_percent,34.256927
1779463803.442,/node/cpu_percent,33.585857
1779463803.693,/node/cpu_percent,34.090908
1779463803.708,/node/cpu_percent,33.838383
1779463803.943,/node/cpu_percent,34.343433
1779463804.193,/node/cpu_percent,33.333332
1779463804.207,/node/cpu_percent,33.587788
1779463804.442,/node/cpu_percent,34.430378
1779463804.695,/node/cpu_percent,34.948978
1779463804.709,/node/cpu_percent,34.948978
1779463804.942,/node/cpu_percent,34.438774
1779463805.191,/node/cpu_percent,34.517765
1779463805.205,/node/cpu_percent,34.430378
1779463805.442,/node/cpu_percent,34.351147
1779463805.693,/node/cpu_percent,35.162094
1779463805.708,/node/cpu_percent,35.411472
1779463805.942,/node/cpu_percent,35.235733
1779463806.193,/node/cpu_percent,34.673367
1779463806.207,/node/cpu_percent,34.508816
1779463806.445,/node/cpu_percent,41.221375
1779463806.693,/node/cpu_percent,47.814911
1779463806.707,/node/cpu_percent,48.205128
1779463806.942,/node/cpu_percent,47.837151
1779463807.193,/node/cpu_percent,51.629074
1779463807.208,/node/cpu_percent,51.637280
1779463807.442,/node/cpu_percent,48.362720
1779463807.695,/node/cpu_percent,39.086296
1779463807.707,/node/cpu_percent,38.987343
1779463807.944,/node/cpu_percent,42.493637
1779463808.193,/node/cpu_percent,44.670052
1779463808.207,/node/cpu_percent,45.226131
1779463808.444,/node/cpu_percent,39.847717
1779463808.695,/node/cpu_percent,36.294415
1779463808.707,/node/cpu_percent,35.384617
1779463808.943,/node/cpu_percent,35.323383
1779463809.193,/node/cpu_percent,37.717121
1779463809.209,/node/cpu_percent,37.965260
1779463809.442,/node/cpu_percent,42.531647
1779463809.694,/node/cpu_percent,41.326530
1779463809.707,/node/cpu_percent,41.176472
1779463809.943,/node/cpu_percent,34.704369
1779463810.193,/node/cpu_percent,33.756344
1779463810.207,/node/cpu_percent,33.670887
1779463810.441,/node/cpu_percent,34.413963
1779463810.695,/node/cpu_percent,34.837093
1779463810.707,/node/cpu_percent,35.000000
1779463810.944,/node/cpu_percent,34.010151
1779463811.194,/node/cpu_percent,34.825871
1779463811.207,/node/cpu_percent,34.825871
1779463811.444,/node/cpu_percent,35.784313
1779463811.693,/node/cpu_percent,35.148514
1779463811.707,/node/cpu_percent,34.987595
1779463811.944,/node/cpu_percent,34.586468
1779463812.193,/node/cpu_percent,33.589745
1779463812.208,/node/cpu_percent,33.759590
1779463812.444,/node/cpu_percent,33.161953
1779463812.692,/node/cpu_percent,33.248081
1779463812.706,/node/cpu_percent,33.163265
1779463812.943,/node/cpu_percent,33.924049
1779463813.193,/node/cpu_percent,34.912720
1779463813.208,/node/cpu_percent,34.508816
1779463813.443,/node/cpu_percent,35.250000
1779463813.694,/node/cpu_percent,34.683544
1779463813.707,/node/cpu_percent,35.012596
1779463813.942,/node/cpu_percent,35.338345
1779463814.193,/node/cpu_percent,35.074627
1779463814.208,/node/cpu_percent,34.912720
1779463814.444,/node/cpu_percent,33.838383
1779463814.694,/node/cpu_percent,33.163265
1779463814.707,/node/cpu_percent,33.418365
1779463814.943,/node/cpu_percent,33.838383
1779463815.195,/node/cpu_percent,34.595959
1779463815.206,/node/cpu_percent,34.673367
1779463815.443,/node/cpu_percent,34.595959
1779463815.695,/node/cpu_percent,34.010151
1779463815.708,/node/cpu_percent,33.673470
1779463815.943,/node/cpu_percent,32.904884
1779463816.193,/node/cpu_percent,33.333332
1779463816.207,/node/cpu_percent,33.417721
1779463816.441,/node/cpu_percent,38.578682
1779463816.693,/node/cpu_percent,47.355164
1779463816.708,/node/cpu_percent,47.594936
1779463816.943,/node/cpu_percent,49.624062
1779463817.193,/node/cpu_percent,49.622166
1779463817.207,/node/cpu_percent,48.866497
1779463817.447,/node/cpu_percent,41.919193
1779463817.693,/node/cpu_percent,33.502537
1779463817.708,/node/cpu_percent,34.263958
1779463817.942,/node/cpu_percent,35.678391
1779463818.194,/node/cpu_percent,35.678391
1779463818.207,/node/cpu_percent,35.839600
1779463818.442,/node/cpu_percent,35.500000
1779463818.694,/node/cpu_percent,35.074627
1779463818.707,/node/cpu_percent,34.912720
1779463818.942,/node/cpu_percent,33.670887
1779463819.194,/node/cpu_percent,33.842239
1779463819.208,/node/cpu_percent,33.502537
1779463819.442,/node/cpu_percent,34.250000
1779463819.694,/node/cpu_percent,33.583961
1779463819.708,/node/cpu_percent,34.085213
1779463819.945,/node/cpu_percent,34.177216
1779463820.194,/node/cpu_percent,34.924622
1779463820.208,/node/cpu_percent,34.508816
1779463820.442,/node/cpu_percent,34.508816
1779463820.694,/node/cpu_percent,34.760704
1779463820.711,/node/cpu_percent,34.760704
1779463820.942,/node/cpu_percent,34.848484
1779463821.194,/node/cpu_percent,34.673367
1779463821.208,/node/cpu_percent,34.837093
1779463821.445,/node/cpu_percent,34.739452
1779463821.696,/node/cpu_percent,34.005039
1779463821.707,/node/cpu_percent,33.919598
1779463821.942,/node/cpu_percent,35.483871
1779463822.193,/node/cpu_percent,36.855038
1779463822.208,/node/cpu_percent,36.790123
1779463822.443,/node/cpu_percent,37.721519
1779463822.696,/node/cpu_percent,38.205128
1779463822.709,/node/cpu_percent,38.461540
1779463822.943,/node/cpu_percent,36.386768
1779463823.194,/node/cpu_percent,34.848484
1779463823.208,/node/cpu_percent,34.760704
1779463823.442,/node/cpu_percent,34.760704
1779463823.694,/node/cpu_percent,35.025379
1779463823.708,/node/cpu_percent,35.189873
1779463823.943,/node/cpu_percent,34.438774
1779463824.194,/node/cpu_percent,34.848484
1779463824.208,/node/cpu_percent,34.848484
1779463824.442,/node/cpu_percent,35.353535
1779463824.698,/node/cpu_percent,35.532993
1779463824.709,/node/cpu_percent,35.204082
1779463824.943,/node/cpu_percent,34.936710
1779463825.195,/node/cpu_percent,33.587788
1779463825.208,/node/cpu_percent,33.756344
1779463825.441,/node/cpu_percent,33.502537
1779463825.694,/node/cpu_percent,33.585857
1779463825.708,/node/cpu_percent,33.333332
1779463825.943,/node/cpu_percent,33.670887
1779463826.194,/node/cpu_percent,34.170853
1779463826.209,/node/cpu_percent,34.256927
1779463826.443,/node/cpu_percent,38.324875
1779463826.694,/node/cpu_percent,44.987148
1779463826.708,/node/cpu_percent,45.780052
1779463826.943,/node/cpu_percent,49.109413
1779463827.197,/node/cpu_percent,50.125313
1779463827.208,/node/cpu_percent,50.125946
1779463827.443,/node/cpu_percent,44.139652
1779463827.694,/node/cpu_percent,36.180904
1779463827.708,/node/cpu_percent,35.750000
1779463827.942,/node/cpu_percent,34.005039
1779463828.194,/node/cpu_percent,35.235733
1779463828.208,/node/cpu_percent,35.074627
1779463828.442,/node/cpu_percent,36.476425
1779463828.696,/node/cpu_percent,36.815922
1779463828.708,/node/cpu_percent,36.972706
1779463828.944,/node/cpu_percent,35.353535
1779463829.196,/node/cpu_percent,35.805626
1779463829.209,/node/cpu_percent,35.641026
1779463829.444,/node/cpu_percent,36.750000
1779463829.694,/node/cpu_percent,35.087719
1779463829.708,/node/cpu_percent,35.250000
1779463829.943,/node/cpu_percent,35.858585
1779463830.194,/node/cpu_percent,37.092731
1779463830.208,/node/cpu_percent,36.683418
1779463830.443,/node/cpu_percent,35.768261
1779463830.694,/node/cpu_percent,35.768261
1779463830.709,/node/cpu_percent,36.272041
1779463830.943,/node/cpu_percent,37.531487
1779463831.194,/node/cpu_percent,38.167938
1779463831.209,/node/cpu_percent,37.913486
1779463831.443,/node/cpu_percent,37.027706
1779463831.694,/node/cpu_percent,35.660847
1779463831.708,/node/cpu_percent,35.500000
1779463831.943,/node/cpu_percent,35.087719
1779463832.194,/node/cpu_percent,36.159599
1779463832.207,/node/cpu_percent,37.100739
1779463832.443,/node/cpu_percent,36.855038
1779463832.696,/node/cpu_percent,36.029411
1779463832.708,/node/cpu_percent,35.235733
1779463832.943,/node/cpu_percent,35.000000
1779463833.194,/node/cpu_percent,34.860050
1779463833.209,/node/cpu_percent,34.605598
1779463833.443,/node/cpu_percent,34.351147
1779463833.694,/node/cpu_percent,34.924622
1779463833.708,/node/cpu_percent,35.012596
1779463833.946,/node/cpu_percent,35.980148
1779463834.194,/node/cpu_percent,35.891090
1779463834.207,/node/cpu_percent,36.138615
1779463834.443,/node/cpu_percent,37.064678
1779463834.694,/node/cpu_percent,36.934673
1779463834.709,/node/cpu_percent,36.842106
1779463834.943,/node/cpu_percent,36.500000
1779463835.194,/node/cpu_percent,34.848484
1779463835.209,/node/cpu_percent,34.760704
1779463835.443,/node/cpu_percent,32.647816
1779463835.697,/node/cpu_percent,32.736572
1779463835.709,/node/cpu_percent,32.820515
1779463835.946,/node/cpu_percent,34.430378
1779463836.195,/node/cpu_percent,35.929649
1779463836.209,/node/cpu_percent,35.768261
1779463836.443,/node/cpu_percent,41.206032
1779463836.697,/node/cpu_percent,48.614609
1779463836.708,/node/cpu_percent,49.246231
1779463836.944,/node/cpu_percent,50.000000
1779463837.197,/node/cpu_percent,49.250000
1779463837.209,/node/cpu_percent,49.122807
1779463837.443,/node/cpu_percent,46.173470
1779463837.696,/node/cpu_percent,40.512821
1779463837.710,/node/cpu_percent,40.256409
1779463837.944,/node/cpu_percent,38.442211
1779463838.196,/node/cpu_percent,37.468353
1779463838.209,/node/cpu_percent,37.121212
1779463838.444,/node/cpu_percent,35.025379
1779463838.694,/node/cpu_percent,34.177216
1779463838.709,/node/cpu_percent,34.760704
1779463838.946,/node/cpu_percent,35.087719
1779463839.195,/node/cpu_percent,35.820896
1779463839.211,/node/cpu_percent,35.588974
1779463839.444,/node/cpu_percent,35.264484
1779463839.694,/node/cpu_percent,34.508816
1779463839.709,/node/cpu_percent,34.256927
1779463839.944,/node/cpu_percent,33.924049
1779463840.194,/node/cpu_percent,35.114502
1779463840.209,/node/cpu_percent,35.279186
1779463840.444,/node/cpu_percent,35.459183
1779463840.695,/node/cpu_percent,34.848484
1779463840.709,/node/cpu_percent,35.012596
1779463840.946,/node/cpu_percent,35.264484
1779463841.195,/node/cpu_percent,35.500000
1779463841.210,/node/cpu_percent,35.175880
1779463841.444,/node/cpu_percent,35.148514
1779463841.695,/node/cpu_percent,34.250000
1779463841.709,/node/cpu_percent,34.250000
1779463841.945,/node/cpu_percent,33.838383
1779463842.198,/node/cpu_percent,35.025379
1779463842.210,/node/cpu_percent,35.189873
1779463842.444,/node/cpu_percent,38.107418
1779463842.695,/node/cpu_percent,39.440205
1779463842.710,/node/cpu_percent,39.440205
1779463842.942,/node/cpu_percent,35.969387
1779463843.197,/node/cpu_percent,33.842239
1779463843.209,/node/cpu_percent,33.673470
1779463843.444,/node/cpu_percent,35.087719
1779463843.695,/node/cpu_percent,34.924622
1779463843.709,/node/cpu_percent,35.250000
1779463843.944,/node/cpu_percent,35.162094
1779463844.196,/node/cpu_percent,35.980148
1779463844.209,/node/cpu_percent,35.660847
1779463844.444,/node/cpu_percent,35.101009
1779463844.697,/node/cpu_percent,34.351147
1779463844.710,/node/cpu_percent,34.595959
1779463844.944,/node/cpu_percent,35.643566
1779463845.195,/node/cpu_percent,35.960590
1779463845.210,/node/cpu_percent,35.732010
1779463845.444,/node/cpu_percent,36.049381
1779463845.697,/node/cpu_percent,34.825871
1779463845.709,/node/cpu_percent,34.987595
1779463845.943,/node/cpu_percent,32.908165
1779463846.195,/node/cpu_percent,33.670887
1779463846.210,/node/cpu_percent,33.838383
1779463846.443,/node/cpu_percent,39.552238
1779463846.695,/node/cpu_percent,48.009949
1779463846.710,/node/cpu_percent,48.258705
1779463846.945,/node/cpu_percent,50.626568
1779463847.195,/node/cpu_percent,48.743717
1779463847.209,/node/cpu_percent,48.232323
1779463847.445,/node/cpu_percent,43.181820
1779463847.695,/node/cpu_percent,36.455696
1779463847.709,/node/cpu_percent,36.455696
1779463847.944,/node/cpu_percent,33.924049
1779463848.195,/node/cpu_percent,34.010151
1779463848.210,/node/cpu_percent,34.430378
1779463848.446,/node/cpu_percent,34.430378
1779463848.697,/node/cpu_percent,34.683544
1779463848.709,/node/cpu_percent,34.848484
1779463848.944,/node/cpu_percent,35.264484
1779463849.195,/node/cpu_percent,35.264484
1779463849.209,/node/cpu_percent,34.683544
1779463849.446,/node/cpu_percent,34.683544
1779463849.696,/node/cpu_percent,33.842239
1779463849.710,/node/cpu_percent,34.177216
1779463849.944,/node/cpu_percent,34.430378
1779463850.195,/node/cpu_percent,35.175880
1779463850.211,/node/cpu_percent,34.848484
1779463850.444,/node/cpu_percent,33.928570
1779463850.695,/node/cpu_percent,34.438774
1779463850.709,/node/cpu_percent,34.438774
1779463850.945,/node/cpu_percent,35.264484
1779463851.195,/node/cpu_percent,35.012596
1779463851.209,/node/cpu_percent,35.175880
1779463851.445,/node/cpu_percent,35.189873
1779463851.695,/node/cpu_percent,34.517765
1779463851.709,/node/cpu_percent,34.771572
1779463851.944,/node/cpu_percent,34.673367
1779463852.195,/node/cpu_percent,35.427135
1779463852.209,/node/cpu_percent,35.012596
1779463852.445,/node/cpu_percent,35.606060
1779463852.695,/node/cpu_percent,35.516373
1779463852.709,/node/cpu_percent,35.929649
1779463852.944,/node/cpu_percent,35.264484
1779463853.197,/node/cpu_percent,34.837093
1779463853.210,/node/cpu_percent,34.586468
1779463853.445,/node/cpu_percent,33.585857
1779463853.695,/node/cpu_percent,33.924049
1779463853.710,/node/cpu_percent,33.924049
1779463853.944,/node/cpu_percent,34.010151
1779463854.195,/node/cpu_percent,34.090908
1779463854.210,/node/cpu_percent,34.005039
1779463854.444,/node/cpu_percent,34.987595
1779463854.695,/node/cpu_percent,34.673367
1779463854.709,/node/cpu_percent,34.508816
1779463854.945,/node/cpu_percent,34.683544
1779463855.196,/node/cpu_percent,33.502537
1779463855.210,/node/cpu_percent,33.842239
1779463855.446,/node/cpu_percent,33.924049
1779463855.695,/node/cpu_percent,35.910225
1779463855.710,/node/cpu_percent,35.411472
1779463855.945,/node/cpu_percent,34.837093
1779463856.196,/node/cpu_percent,34.085213
1779463856.210,/node/cpu_percent,34.335838
1779463856.445,/node/cpu_percent,39.152119
1779463856.695,/node/cpu_percent,45.454544
1779463856.709,/node/cpu_percent,45.707069
1779463856.945,/node/cpu_percent,46.923077
1779463857.196,/node/cpu_percent,46.683674
1779463857.210,/node/cpu_percent,46.835442
1779463857.445,/node/cpu_percent,42.857143
1779463857.696,/node/cpu_percent,36.523930
1779463857.710,/node/cpu_percent,36.111111
1779463857.945,/node/cpu_percent,35.309277
1779463858.196,/node/cpu_percent,35.714287
1779463858.210,/node/cpu_percent,36.061382
1779463858.444,/node/cpu_percent,34.673367
1779463858.696,/node/cpu_percent,35.000000
1779463858.711,/node/cpu_percent,34.586468
1779463858.946,/node/cpu_percent,34.586468
1779463859.196,/node/cpu_percent,35.308643
1779463859.211,/node/cpu_percent,35.396038
1779463859.447,/node/cpu_percent,34.987595
1779463859.696,/node/cpu_percent,33.333332
1779463859.710,/node/cpu_percent,33.248081
1779463859.947,/node/cpu_percent,34.096691
1779463860.196,/node/cpu_percent,35.606060
1779463860.210,/node/cpu_percent,35.839600
1779463860.447,/node/cpu_percent,37.092731
1779463860.698,/node/cpu_percent,36.523930
1779463860.711,/node/cpu_percent,36.455696
1779463860.944,/node/cpu_percent,34.693878
1779463861.196,/node/cpu_percent,35.175880
1779463861.210,/node/cpu_percent,35.175880
1779463861.445,/node/cpu_percent,36.318409
1779463861.696,/node/cpu_percent,36.567165
1779463861.710,/node/cpu_percent,36.250000
1779463861.945,/node/cpu_percent,36.000000
1779463862.196,/node/cpu_percent,35.786800
1779463862.212,/node/cpu_percent,36.111111
1779463862.449,/node/cpu_percent,38.422390
1779463862.697,/node/cpu_percent,40.404041
1779463862.711,/node/cpu_percent,40.506329
1779463862.946,/node/cpu_percent,37.121212
1779463863.197,/node/cpu_percent,35.483871
1779463863.210,/node/cpu_percent,35.396038
1779463863.446,/node/cpu_percent,36.386139
1779463863.699,/node/cpu_percent,35.250000
1779463863.710,/node/cpu_percent,35.338345
1779463863.945,/node/cpu_percent,35.714287
1779463864.196,/node/cpu_percent,34.837093
1779463864.210,/node/cpu_percent,34.837093
1779463864.446,/node/cpu_percent,33.842239
1779463864.698,/node/cpu_percent,34.750000
1779463864.711,/node/cpu_percent,34.825871
1779463864.946,/node/cpu_percent,34.256927
1779463865.196,/node/cpu_percent,34.096691
1779463865.210,/node/cpu_percent,34.096691
1779463865.446,/node/cpu_percent,34.010151
1779463865.697,/node/cpu_percent,33.753147
1779463865.710,/node/cpu_percent,34.005039
1779463865.945,/node/cpu_percent,34.663342
1779463866.196,/node/cpu_percent,34.010151
1779463866.210,/node/cpu_percent,33.502537
1779463866.448,/node/cpu_percent,38.790932
1779463866.698,/node/cpu_percent,48.129677
1779463866.711,/node/cpu_percent,48.628429
1779463866.946,/node/cpu_percent,49.747475
1779463867.198,/node/cpu_percent,48.232323
1779463867.211,/node/cpu_percent,47.582699
1779463867.445,/node/cpu_percent,43.500000
1779463867.697,/node/cpu_percent,37.313435
1779463867.711,/node/cpu_percent,38.024693
1779463867.948,/node/cpu_percent,40.648380
1779463868.198,/node/cpu_percent,42.857143
1779463868.211,/node/cpu_percent,42.469135
1779463868.445,/node/cpu_percent,39.356434
1779463868.698,/node/cpu_percent,37.688442
1779463868.711,/node/cpu_percent,37.531487
1779463868.947,/node/cpu_percent,36.202530
1779463869.197,/node/cpu_percent,34.782608
1779463869.211,/node/cpu_percent,34.948978
1779463869.445,/node/cpu_percent,39.240505
1779463869.697,/node/cpu_percent,39.294712
1779463869.711,/node/cpu_percent,39.294712
1779463869.946,/node/cpu_percent,35.101009
1779463870.199,/node/cpu_percent,35.189873
1779463870.211,/node/cpu_percent,35.516373
1779463870.446,/node/cpu_percent,34.924622
1779463870.697,/node/cpu_percent,35.820896
1779463870.711,/node/cpu_percent,35.411472
1779463870.946,/node/cpu_percent,36.069653
1779463871.198,/node/cpu_percent,34.422112
1779463871.211,/node/cpu_percent,34.673367
1779463871.446,/node/cpu_percent,34.256927
1779463871.697,/node/cpu_percent,34.586468
1779463871.712,/node/cpu_percent,34.586468
1779463871.948,/node/cpu_percent,35.025379
1779463872.199,/node/cpu_percent,36.523930
1779463872.211,/node/cpu_percent,36.523930
1779463872.448,/node/cpu_percent,36.591480
1779463872.698,/node/cpu_percent,35.353535
1779463872.710,/node/cpu_percent,35.025379
1779463872.948,/node/cpu_percent,35.323383
1779463873.197,/node/cpu_percent,35.323383
1779463873.211,/node/cpu_percent,35.483871
1779463873.446,/node/cpu_percent,34.256927
1779463873.699,/node/cpu_percent,34.256927
1779463873.712,/node/cpu_percent,34.005039
1779463873.946,/node/cpu_percent,34.256927
1779463874.197,/node/cpu_percent,34.085213
1779463874.212,/node/cpu_percent,34.335838
1779463874.447,/node/cpu_percent,33.585857
1779463874.699,/node/cpu_percent,34.090908
1779463874.712,/node/cpu_percent,34.256927
1779463874.948,/node/cpu_percent,35.175880
1779463875.197,/node/cpu_percent,35.101009
1779463875.212,/node/cpu_percent,35.101009
1779463875.447,/node/cpu_percent,35.839600
1779463875.698,/node/cpu_percent,34.683544
1779463875.713,/node/cpu_percent,34.771572
1779463875.947,/node/cpu_percent,33.333332
1779463876.198,/node/cpu_percent,34.343433
1779463876.213,/node/cpu_percent,34.005039
1779463876.448,/node/cpu_percent,40.500000
1779463876.698,/node/cpu_percent,47.738693
1779463876.712,/node/cpu_percent,48.492462
1779463876.953,/node/cpu_percent,48.866497
1779463877.198,/node/cpu_percent,50.000000
1779463877.215,/node/cpu_percent,49.238579
1779463877.447,/node/cpu_percent,44.191917
1779463877.700,/node/cpu_percent,35.279186
1779463877.714,/node/cpu_percent,35.443039
1779463877.949,/node/cpu_percent,34.683544
1779463878.199,/node/cpu_percent,35.572140
1779463878.212,/node/cpu_percent,35.820896
1779463878.446,/node/cpu_percent,34.673367
1779463878.700,/node/cpu_percent,35.087719
1779463878.712,/node/cpu_percent,34.673367
1779463878.948,/node/cpu_percent,35.732010
1779463879.198,/node/cpu_percent,35.732010
1779463879.213,/node/cpu_percent,36.206898
1779463879.448,/node/cpu_percent,35.732010
1779463879.700,/node/cpu_percent,34.422112
1779463879.712,/node/cpu_percent,34.508816
1779463879.948,/node/cpu_percent,34.586468
1779463880.199,/node/cpu_percent,35.162094
1779463880.213,/node/cpu_percent,34.586468
1779463880.448,/node/cpu_percent,34.586468
1779463880.699,/node/cpu_percent,34.422112
1779463880.712,/node/cpu_percent,34.586468
1779463880.949,/node/cpu_percent,35.500000
1779463881.199,/node/cpu_percent,35.338345
1779463881.213,/node/cpu_percent,35.500000
1779463881.449,/node/cpu_percent,34.170853
1779463881.699,/node/cpu_percent,34.090908
1779463881.714,/node/cpu_percent,33.838383
1779463881.950,/node/cpu_percent,34.177216
1779463882.199,/node/cpu_percent,35.264484
1779463882.213,/node/cpu_percent,35.516373
1779463882.447,/node/cpu_percent,38.071068
1779463882.699,/node/cpu_percent,39.949749
1779463882.715,/node/cpu_percent,40.350876
1779463882.949,/node/cpu_percent,38.271606
1779463883.200,/node/cpu_percent,37.406483
1779463883.213,/node/cpu_percent,37.092731
1779463883.449,/node/cpu_percent,37.844612
1779463883.701,/node/cpu_percent,36.272041
1779463883.714,/node/cpu_percent,36.020149
1779463883.950,/node/cpu_percent,35.264484
1779463884.199,/node/cpu_percent,34.848484
1779463884.214,/node/cpu_percent,35.264484
1779463884.449,/node/cpu_percent,34.517765
1779463884.699,/node/cpu_percent,35.516373
1779463884.714,/node/cpu_percent,35.101009
1779463884.949,/node/cpu_percent,36.683418
1779463885.199,/node/cpu_percent,36.020149
1779463885.214,/node/cpu_percent,36.020149
1779463885.449,/node/cpu_percent,35.696201
1779463885.700,/node/cpu_percent,36.180904
1779463885.714,/node/cpu_percent,35.929649
1779463885.951,/node/cpu_percent,34.683544
1779463886.200,/node/cpu_percent,34.177216
1779463886.215,/node/cpu_percent,34.595959
1779463886.449,/node/cpu_percent,40.399002
1779463886.699,/node/cpu_percent,47.236179
1779463886.714,/node/cpu_percent,47.487438
1779463886.949,/node/cpu_percent,48.860760
1779463887.199,/node/cpu_percent,48.110832
1779463887.214,/node/cpu_percent,47.727272
1779463887.451,/node/cpu_percent,41.116753
1779463887.700,/node/cpu_percent,35.969387
1779463887.714,/node/cpu_percent,35.969387
1779463887.949,/node/cpu_percent,36.591480
1779463888.200,/node/cpu_percent,35.427135
1779463888.214,/node/cpu_percent,35.500000
1779463888.449,/node/cpu_percent,35.532993
1779463888.700,/node/cpu_percent,35.353535
1779463888.715,/node/cpu_percent,35.114502
1779463888.949,/node/cpu_percent,34.010151
1779463889.200,/node/cpu_percent,33.503838
1779463889.214,/node/cpu_percent,33.333332
1779463889.451,/node/cpu_percent,32.299740
1779463889.702,/node/cpu_percent,31.948051
1779463889.715,/node/cpu_percent,32.474228
1779463889.950,/node/cpu_percent,33.589745
1779463890.202,/node/cpu_percent,34.508816
1779463890.215,/node/cpu_percent,34.343433
1779463890.450,/node/cpu_percent,34.005039
1779463890.701,/node/cpu_percent,33.502537
1779463890.716,/node/cpu_percent,33.502537
1779463890.954,/node/cpu_percent,33.502537
1779463891.201,/node/cpu_percent,34.256927
1779463891.215,/node/cpu_percent,34.005039
1779463891.449,/node/cpu_percent,34.837093
1779463891.702,/node/cpu_percent,35.338345
1779463891.714,/node/cpu_percent,35.588974
1779463891.950,/node/cpu_percent,35.572140
1779463892.201,/node/cpu_percent,35.750000
1779463892.214,/node/cpu_percent,36.069653
1779463892.452,/node/cpu_percent,35.427135
1779463892.703,/node/cpu_percent,34.987595
1779463892.716,/node/cpu_percent,34.987595
1779463892.950,/node/cpu_percent,34.500000
1779463893.201,/node/cpu_percent,34.090908
1779463893.215,/node/cpu_percent,33.587788
1779463893.451,/node/cpu_percent,34.683544
1779463893.701,/node/cpu_percent,35.443039
1779463893.717,/node/cpu_percent,35.443039
1779463893.951,/node/cpu_percent,35.427135
1779463894.201,/node/cpu_percent,34.750000
1779463894.215,/node/cpu_percent,34.912720
1779463894.451,/node/cpu_percent,34.413963
1779463894.702,/node/cpu_percent,35.467979
1779463894.716,/node/cpu_percent,35.308643
1779463894.951,/node/cpu_percent,35.396038
1779463895.201,/node/cpu_percent,34.177216
1779463895.218,/node/cpu_percent,34.256927
1779463895.451,/node/cpu_percent,35.396038
1779463895.703,/node/cpu_percent,35.467979
1779463895.716,/node/cpu_percent,35.467979
1779463895.951,/node/cpu_percent,34.005039
1779463896.202,/node/cpu_percent,34.335838
1779463896.216,/node/cpu_percent,34.422112
1779463896.450,/node/cpu_percent,39.950371
1779463896.703,/node/cpu_percent,47.355164
1779463896.716,/node/cpu_percent,47.869675
1779463896.951,/node/cpu_percent,49.113926
1779463897.202,/node/cpu_percent,48.250000
1779463897.216,/node/cpu_percent,47.738693
1779463897.450,/node/cpu_percent,41.604012
1779463897.702,/node/cpu_percent,36.591480
1779463897.717,/node/cpu_percent,36.750000
1779463897.951,/node/cpu_percent,36.111111
1779463898.202,/node/cpu_percent,33.924049
1779463898.218,/node/cpu_percent,33.756344
1779463898.451,/node/cpu_percent,34.739452
1779463898.702,/node/cpu_percent,34.912720
1779463898.717,/node/cpu_percent,34.663342
1779463898.952,/node/cpu_percent,33.502537
1779463899.202,/node/cpu_percent,34.825871
1779463899.217,/node/cpu_percent,35.074627
1779463899.451,/node/cpu_percent,34.586468
1779463899.704,/node/cpu_percent,32.908165
1779463899.718,/node/cpu_percent,32.736572
1779463899.954,/node/cpu_percent,33.248730
1779463900.203,/node/cpu_percent,34.096691
1779463900.217,/node/cpu_percent,33.928570
1779463900.453,/node/cpu_percent,33.676094
1779463900.703,/node/cpu_percent,32.989689
1779463900.717,/node/cpu_percent,33.161953
1779463900.952,/node/cpu_percent,33.924049
1779463901.205,/node/cpu_percent,35.396038
1779463901.217,/node/cpu_percent,35.555557
1779463901.452,/node/cpu_percent,35.250000
1779463901.703,/node/cpu_percent,34.343433
1779463901.717,/node/cpu_percent,34.177216
1779463901.952,/node/cpu_percent,34.825871
1779463902.203,/node/cpu_percent,34.430378
1779463902.217,/node/cpu_percent,34.508816
1779463902.453,/node/cpu_percent,36.666668
1779463902.702,/node/cpu_percent,39.847717
1779463902.717,/node/cpu_percent,39.795918
1779463902.952,/node/cpu_percent,39.195980
1779463903.203,/node/cpu_percent,37.185928
1779463903.217,/node/cpu_percent,37.185928
1779463903.452,/node/cpu_percent,36.340851
1779463903.704,/node/cpu_percent,35.516373
1779463903.718,/node/cpu_percent,35.678391
1779463903.954,/node/cpu_percent,34.271099
1779463904.203,/node/cpu_percent,33.842239
1779463904.218,/node/cpu_percent,34.096691
1779463904.454,/node/cpu_percent,35.000000
1779463904.703,/node/cpu_percent,36.090225
1779463904.717,/node/cpu_percent,36.000000
1779463904.954,/node/cpu_percent,36.724567
1779463905.203,/node/cpu_percent,35.980148
1779463905.221,/node/cpu_percent,35.500000
1779463905.454,/node/cpu_percent,34.517765
1779463905.703,/node/cpu_percent,33.924049
1779463905.719,/node/cpu_percent,34.256927
1779463905.953,/node/cpu_percent,33.417721
1779463906.204,/node/cpu_percent,34.005039
1779463906.218,/node/cpu_percent,33.838383
1779463906.451,/node/cpu_percent,40.298508
1779463906.704,/node/cpu_percent,46.750000
1779463906.718,/node/cpu_percent,47.132168
1779463906.953,/node/cpu_percent,47.969543
1779463907.204,/node/cpu_percent,48.223351
1779463907.219,/node/cpu_percent,47.969543
1779463907.453,/node/cpu_percent,41.561714
1779463907.704,/node/cpu_percent,35.101009
1779463907.718,/node/cpu_percent,35.427135
1779463907.953,/node/cpu_percent,36.228287
1779463908.207,/node/cpu_percent,35.802467
1779463908.218,/node/cpu_percent,35.483871
1779463908.452,/node/cpu_percent,33.163265
1779463908.704,/node/cpu_percent,32.207790
1779463908.719,/node/cpu_percent,32.299740
1779463908.953,/node/cpu_percent,33.248081
1779463909.204,/node/cpu_percent,35.087719
1779463909.220,/node/cpu_percent,35.101009
1779463909.455,/node/cpu_percent,35.101009
1779463909.705,/node/cpu_percent,33.842239
1779463909.720,/node/cpu_percent,33.333332
1779463909.954,/node/cpu_percent,34.508816
1779463910.205,/node/cpu_percent,35.250000
1779463910.219,/node/cpu_percent,35.750000
1779463910.453,/node/cpu_percent,34.177216
1779463910.705,/node/cpu_percent,33.676094
1779463910.719,/node/cpu_percent,33.676094
1779463910.954,/node/cpu_percent,34.447300
1779463911.206,/node/cpu_percent,35.114502
1779463911.219,/node/cpu_percent,34.693878
1779463911.454,/node/cpu_percent,35.101009
1779463911.706,/node/cpu_percent,33.924049
1779463911.719,/node/cpu_percent,34.508816
1779463911.954,/node/cpu_percent,34.936710
1779463912.205,/node/cpu_percent,36.775818
1779463912.219,/node/cpu_percent,36.272041
1779463912.454,/node/cpu_percent,35.427135
1779463912.705,/node/cpu_percent,33.753147
1779463912.720,/node/cpu_percent,34.090908
1779463912.954,/node/cpu_percent,34.343433
1779463913.205,/node/cpu_percent,35.660847
1779463913.219,/node/cpu_percent,35.483871
1779463913.454,/node/cpu_percent,34.912720
1779463913.705,/node/cpu_percent,33.585857
1779463913.720,/node/cpu_percent,33.670887
1779463913.954,/node/cpu_percent,34.413963
1779463914.205,/node/cpu_percent,34.663342
1779463914.219,/node/cpu_percent,34.825871
1779463914.454,/node/cpu_percent,34.750000
1779463914.706,/node/cpu_percent,35.660847
1779463914.719,/node/cpu_percent,35.500000
1779463914.957,/node/cpu_percent,35.606060
1779463915.206,/node/cpu_percent,35.264484
1779463915.224,/node/cpu_percent,35.101009
1779463915.457,/node/cpu_percent,35.323383
1779463915.710,/node/cpu_percent,34.673367
1779463915.720,/node/cpu_percent,35.162094
1779463915.956,/node/cpu_percent,35.500000
1779463916.206,/node/cpu_percent,35.839600
1779463916.220,/node/cpu_percent,35.264484
1779463916.455,/node/cpu_percent,38.520409
1779463916.706,/node/cpu_percent,46.633415
1779463916.722,/node/cpu_percent,47.512436
1779463916.958,/node/cpu_percent,49.504951
1779463917.206,/node/cpu_percent,48.250000
1779463917.220,/node/cpu_percent,47.487438
1779463917.454,/node/cpu_percent,41.604012
1779463917.706,/node/cpu_percent,36.180904
1779463917.724,/node/cpu_percent,36.500000
1779463917.955,/node/cpu_percent,37.817261
1779463918.208,/node/cpu_percent,35.969387
1779463918.221,/node/cpu_percent,36.132317
1779463918.454,/node/cpu_percent,34.750000
1779463918.706,/node/cpu_percent,35.572140
1779463918.721,/node/cpu_percent,35.338345
1779463918.955,/node/cpu_percent,35.338345
1779463919.206,/node/cpu_percent,35.101009
1779463919.221,/node/cpu_percent,34.924622
1779463919.456,/node/cpu_percent,34.358974
1779463919.706,/node/cpu_percent,33.928570
1779463919.721,/node/cpu_percent,34.183674
1779463919.956,/node/cpu_percent,34.177216
1779463920.206,/node/cpu_percent,35.101009
1779463920.222,/node/cpu_percent,34.771572
1779463920.462,/node/cpu_percent,35.101009
1779463920.707,/node/cpu_percent,34.848484
1779463920.721,/node/cpu_percent,34.595959
1779463920.956,/node/cpu_percent,34.263958
1779463921.207,/node/cpu_percent,35.532993
1779463921.221,/node/cpu_percent,35.949368
1779463921.456,/node/cpu_percent,38.461540
1779463921.707,/node/cpu_percent,37.279598
1779463921.721,/node/cpu_percent,37.437187
1779463921.956,/node/cpu_percent,35.532993
1779463922.207,/node/cpu_percent,35.101009
1779463922.221,/node/cpu_percent,34.936710
1779463922.458,/node/cpu_percent,37.878788
1779463922.707,/node/cpu_percent,40.000000
1779463922.720,/node/cpu_percent,40.302265
1779463922.956,/node/cpu_percent,36.224491
1779463923.206,/node/cpu_percent,34.500000
1779463923.220,/node/cpu_percent,34.005039
1779463923.455,/node/cpu_percent,34.663342
1779463923.709,/node/cpu_percent,35.732010
1779463923.721,/node/cpu_percent,36.049381
1779463923.956,/node/cpu_percent,35.588974
1779463924.207,/node/cpu_percent,33.673470
1779463924.221,/node/cpu_percent,33.333332
1779463924.456,/node/cpu_percent,35.074627
1779463924.707,/node/cpu_percent,35.732010
1779463924.721,/node/cpu_percent,35.802467
1779463924.958,/node/cpu_percent,34.673367
1779463925.207,/node/cpu_percent,34.170853
1779463925.221,/node/cpu_percent,34.343433
1779463925.458,/node/cpu_percent,34.170853
1779463925.708,/node/cpu_percent,35.162094
1779463925.722,/node/cpu_percent,35.074627
1779463925.958,/node/cpu_percent,35.820896
1779463926.207,/node/cpu_percent,35.175880
1779463926.222,/node/cpu_percent,35.012596
1779463926.456,/node/cpu_percent,40.050377
1779463926.710,/node/cpu_percent,47.969543
1779463926.722,/node/cpu_percent,48.614609
1779463926.956,/node/cpu_percent,49.494949
1779463927.208,/node/cpu_percent,48.737373
1779463927.222,/node/cpu_percent,47.969543
1779463927.457,/node/cpu_percent,41.836735
1779463927.708,/node/cpu_percent,36.658356
1779463927.722,/node/cpu_percent,36.658356
1779463927.958,/node/cpu_percent,38.500000
1779463928.209,/node/cpu_percent,40.759495
1779463928.222,/node/cpu_percent,41.012657
1779463928.456,/node/cpu_percent,39.230770
1779463928.708,/node/cpu_percent,36.760925
1779463928.722,/node/cpu_percent,36.760925
1779463928.956,/node/cpu_percent,36.202530
1779463929.209,/node/cpu_percent,34.848484
1779463929.222,/node/cpu_percent,34.595959
1779463929.459,/node/cpu_percent,37.844612
1779463929.708,/node/cpu_percent,39.500000
1779463929.722,/node/cpu_percent,39.598999
1779463929.957,/node/cpu_percent,37.313435
1779463750.190,/node/memory_percent,48.709393
1779463750.207,/node/memory_percent,48.709393
1779463750.445,/node/memory_percent,48.709057
1779463750.693,/node/memory_percent,48.709057
1779463750.708,/node/memory_percent,48.709057
1779463750.943,/node/memory_percent,48.709057
1779463751.192,/node/memory_percent,48.709057
1779463751.206,/node/memory_percent,48.709057
1779463751.439,/node/memory_percent,48.703903
1779463751.696,/node/memory_percent,48.703903
1779463751.710,/node/memory_percent,48.703903
1779463751.944,/node/memory_percent,48.703903
1779463752.191,/node/memory_percent,48.703903
1779463752.207,/node/memory_percent,48.703903
1779463752.441,/node/memory_percent,48.703903
1779463752.695,/node/memory_percent,48.703903
1779463752.704,/node/memory_percent,48.703903
1779463752.940,/node/memory_percent,48.703903
1779463753.197,/node/memory_percent,48.704178
1779463753.208,/node/memory_percent,48.704178
1779463753.446,/node/memory_percent,48.703896
1779463753.693,/node/memory_percent,48.704681
1779463753.705,/node/memory_percent,48.704681
1779463753.945,/node/memory_percent,48.704681
1779463754.195,/node/memory_percent,48.704681
1779463754.206,/node/memory_percent,48.704681
1779463754.445,/node/memory_percent,48.704681
1779463754.693,/node/memory_percent,48.704681
1779463754.707,/node/memory_percent,48.704681
1779463754.944,/node/memory_percent,48.704681
1779463755.195,/node/memory_percent,48.685070
1779463755.206,/node/memory_percent,48.685070
1779463755.442,/node/memory_percent,48.685070
1779463755.693,/node/memory_percent,48.685070
1779463755.710,/node/memory_percent,48.685070
1779463755.942,/node/memory_percent,48.685070
1779463756.192,/node/memory_percent,48.685070
1779463756.205,/node/memory_percent,48.685070
1779463756.441,/node/memory_percent,48.685070
1779463756.695,/node/memory_percent,48.691895
1779463756.708,/node/memory_percent,48.691895
1779463756.941,/node/memory_percent,48.691895
1779463757.193,/node/memory_percent,48.692284
1779463757.206,/node/memory_percent,48.692284
1779463757.440,/node/memory_percent,48.692093
1779463757.691,/node/memory_percent,48.692093
1779463757.706,/node/memory_percent,48.692093
1779463757.942,/node/memory_percent,48.692093
1779463758.195,/node/memory_percent,48.689407
1779463758.206,/node/memory_percent,48.689407
1779463758.439,/node/memory_percent,48.689350
1779463758.695,/node/memory_percent,48.689350
1779463758.711,/node/memory_percent,48.689350
1779463758.941,/node/memory_percent,48.689350
1779463759.196,/node/memory_percent,48.689735
1779463759.209,/node/memory_percent,48.689735
1779463759.440,/node/memory_percent,48.689735
1779463759.691,/node/memory_percent,48.689735
1779463759.706,/node/memory_percent,48.689735
1779463759.943,/node/memory_percent,48.689735
1779463760.194,/node/memory_percent,48.689735
1779463760.208,/node/memory_percent,48.689735
1779463760.444,/node/memory_percent,48.690109
1779463760.693,/node/memory_percent,48.690109
1779463760.710,/node/memory_percent,48.690109
1779463760.944,/node/memory_percent,48.690109
1779463761.194,/node/memory_percent,48.690109
1779463761.206,/node/memory_percent,48.690109
1779463761.441,/node/memory_percent,48.643177
1779463761.695,/node/memory_percent,48.645397
1779463761.707,/node/memory_percent,48.645397
1779463761.943,/node/memory_percent,48.645790
1779463762.194,/node/memory_percent,48.646965
1779463762.208,/node/memory_percent,48.646965
1779463762.442,/node/memory_percent,48.665691
1779463762.694,/node/memory_percent,48.676205
1779463762.706,/node/memory_percent,48.676205
1779463762.942,/node/memory_percent,48.676205
1779463763.191,/node/memory_percent,48.676205
1779463763.206,/node/memory_percent,48.676552
1779463763.443,/node/memory_percent,48.677322
1779463763.693,/node/memory_percent,48.677322
1779463763.706,/node/memory_percent,48.677322
1779463763.944,/node/memory_percent,48.674793
1779463764.196,/node/memory_percent,48.674793
1779463764.209,/node/memory_percent,48.675179
1779463764.442,/node/memory_percent,48.675346
1779463764.692,/node/memory_percent,48.675739
1779463764.710,/node/memory_percent,48.675739
1779463764.942,/node/memory_percent,48.675739
1779463765.191,/node/memory_percent,48.675739
1779463765.210,/node/memory_percent,48.675739
1779463765.443,/node/memory_percent,48.676109
1779463765.695,/node/memory_percent,48.676109
1779463765.710,/node/memory_percent,48.676109
1779463765.943,/node/memory_percent,48.676109
1779463766.193,/node/memory_percent,48.676109
1779463766.209,/node/memory_percent,48.676109
1779463766.441,/node/memory_percent,48.676109
1779463766.692,/node/memory_percent,48.676834
1779463766.710,/node/memory_percent,48.676834
1779463766.945,/node/memory_percent,48.679096
1779463767.194,/node/memory_percent,48.680660
1779463767.211,/node/memory_percent,48.680660
1779463767.441,/node/memory_percent,48.681812
1779463767.694,/node/memory_percent,48.682190
1779463767.712,/node/memory_percent,48.682190
1779463767.941,/node/memory_percent,48.682190
1779463768.192,/node/memory_percent,48.682190
1779463768.210,/node/memory_percent,48.682190
1779463768.441,/node/memory_percent,48.682190
1779463768.694,/node/memory_percent,48.679504
1779463768.707,/node/memory_percent,48.679504
1779463768.943,/node/memory_percent,48.679504
1779463769.192,/node/memory_percent,48.679504
1779463769.206,/node/memory_percent,48.679504
1779463769.442,/node/memory_percent,48.679840
1779463769.693,/node/memory_percent,48.679840
1779463769.708,/node/memory_percent,48.679840
1779463769.944,/node/memory_percent,48.679840
1779463770.195,/node/memory_percent,48.679840
1779463770.206,/node/memory_percent,48.679840
1779463770.446,/node/memory_percent,48.679840
1779463770.695,/node/memory_percent,48.679840
1779463770.708,/node/memory_percent,48.679840
1779463770.943,/node/memory_percent,48.679840
1779463771.196,/node/memory_percent,48.679840
1779463771.208,/node/memory_percent,48.679840
1779463771.441,/node/memory_percent,48.680233
1779463771.696,/node/memory_percent,48.642117
1779463771.709,/node/memory_percent,48.642117
1779463771.943,/node/memory_percent,48.642811
1779463772.196,/node/memory_percent,48.643589
1779463772.209,/node/memory_percent,48.643589
1779463772.443,/node/memory_percent,48.646061
1779463772.692,/node/memory_percent,48.648388
1779463772.708,/node/memory_percent,48.648388
1779463772.943,/node/memory_percent,48.648781
1779463773.194,/node/memory_percent,48.649563
1779463773.208,/node/memory_percent,48.649563
1779463773.443,/node/memory_percent,48.650345
1779463773.692,/node/memory_percent,48.650345
1779463773.706,/node/memory_percent,48.650345
1779463773.943,/node/memory_percent,48.650345
1779463774.194,/node/memory_percent,48.650345
1779463774.209,/node/memory_percent,48.650345
1779463774.443,/node/memory_percent,48.651501
1779463774.696,/node/memory_percent,48.651501
1779463774.709,/node/memory_percent,48.651501
1779463774.943,/node/memory_percent,48.651501
1779463775.195,/node/memory_percent,48.651501
1779463775.206,/node/memory_percent,48.651501
1779463775.444,/node/memory_percent,48.652241
1779463775.694,/node/memory_percent,48.652241
1779463775.706,/node/memory_percent,48.652241
1779463775.943,/node/memory_percent,48.652241
1779463776.196,/node/memory_percent,48.652241
1779463776.207,/node/memory_percent,48.652241
1779463776.444,/node/memory_percent,48.653412
1779463776.694,/node/memory_percent,48.657238
1779463776.706,/node/memory_percent,48.657238
1779463776.945,/node/memory_percent,48.659973
1779463777.193,/node/memory_percent,48.668022
1779463777.208,/node/memory_percent,48.668022
1779463777.444,/node/memory_percent,48.669167
1779463777.692,/node/memory_percent,48.669167
1779463777.708,/node/memory_percent,48.669167
1779463777.945,/node/memory_percent,48.669167
1779463778.192,/node/memory_percent,48.666618
1779463778.214,/node/memory_percent,48.666618
1779463778.447,/node/memory_percent,48.666420
1779463778.698,/node/memory_percent,48.666420
1779463778.706,/node/memory_percent,48.666420
1779463778.942,/node/memory_percent,48.666420
1779463779.194,/node/memory_percent,48.666420
1779463779.212,/node/memory_percent,48.666420
1779463779.444,/node/memory_percent,48.667973
1779463779.695,/node/memory_percent,48.667973
1779463779.706,/node/memory_percent,48.667973
1779463779.941,/node/memory_percent,48.667973
1779463780.194,/node/memory_percent,48.668758
1779463780.208,/node/memory_percent,48.668758
1779463780.444,/node/memory_percent,48.669533
1779463780.695,/node/memory_percent,48.669533
1779463780.707,/node/memory_percent,48.669533
1779463780.942,/node/memory_percent,48.669533
1779463781.192,/node/memory_percent,48.669533
1779463781.208,/node/memory_percent,48.669533
1779463781.442,/node/memory_percent,48.669533
1779463781.694,/node/memory_percent,48.669533
1779463781.707,/node/memory_percent,48.669533
1779463781.943,/node/memory_percent,48.681557
1779463782.195,/node/memory_percent,48.682335
1779463782.207,/node/memory_percent,48.682335
1779463782.445,/node/memory_percent,48.689182
1779463782.692,/node/memory_percent,48.693741
1779463782.707,/node/memory_percent,48.693741
1779463782.943,/node/memory_percent,48.694523
1779463783.195,/node/memory_percent,48.694523
1779463783.209,/node/memory_percent,48.694523
1779463783.444,/node/memory_percent,48.694767
1779463783.693,/node/memory_percent,48.695137
1779463783.712,/node/memory_percent,48.695137
1779463783.941,/node/memory_percent,48.689583
1779463784.196,/node/memory_percent,48.689583
1779463784.207,/node/memory_percent,48.689583
1779463784.444,/node/memory_percent,48.689651
1779463784.697,/node/memory_percent,48.689651
1779463784.708,/node/memory_percent,48.689651
1779463784.946,/node/memory_percent,48.689651
1779463785.194,/node/memory_percent,48.689651
1779463785.206,/node/memory_percent,48.689651
1779463785.442,/node/memory_percent,48.690037
1779463785.695,/node/memory_percent,48.690037
1779463785.711,/node/memory_percent,48.690037
1779463785.946,/node/memory_percent,48.690037
1779463786.197,/node/memory_percent,48.690037
1779463786.210,/node/memory_percent,48.690037
1779463786.446,/node/memory_percent,48.690037
1779463786.695,/node/memory_percent,48.690781
1779463786.710,/node/memory_percent,48.690781
1779463786.943,/node/memory_percent,48.692619
1779463787.193,/node/memory_percent,48.694050
1779463787.209,/node/memory_percent,48.694050
1779463787.444,/node/memory_percent,48.692116
1779463787.698,/node/memory_percent,48.692116
1779463787.709,/node/memory_percent,48.692116
1779463787.946,/node/memory_percent,48.680035
1779463788.193,/node/memory_percent,48.680370
1779463788.208,/node/memory_percent,48.680370
1779463788.444,/node/memory_percent,48.680817
1779463788.696,/node/memory_percent,48.680817
1779463788.711,/node/memory_percent,48.680817
1779463788.944,/node/memory_percent,48.680817
1779463789.202,/node/memory_percent,48.680817
1779463789.210,/node/memory_percent,48.680817
1779463789.446,/node/memory_percent,48.681202
1779463789.694,/node/memory_percent,48.681202
1779463789.708,/node/memory_percent,48.681202
1779463789.948,/node/memory_percent,48.669117
1779463790.195,/node/memory_percent,48.669117
1779463790.211,/node/memory_percent,48.669117
1779463790.443,/node/memory_percent,48.669441
1779463790.696,/node/memory_percent,48.669441
1779463790.713,/node/memory_percent,48.669441
1779463790.945,/node/memory_percent,48.669441
1779463791.197,/node/memory_percent,48.669441
1779463791.209,/node/memory_percent,48.669441
1779463791.442,/node/memory_percent,48.670586
1779463791.696,/node/memory_percent,48.670586
1779463791.711,/node/memory_percent,48.670586
1779463791.948,/node/memory_percent,48.670586
1779463792.195,/node/memory_percent,48.670574
1779463792.209,/node/memory_percent,48.670574
1779463792.446,/node/memory_percent,48.670574
1779463792.697,/node/memory_percent,48.670944
1779463792.710,/node/memory_percent,48.670944
1779463792.944,/node/memory_percent,48.670944
1779463793.195,/node/memory_percent,48.670944
1779463793.211,/node/memory_percent,48.670944
1779463793.444,/node/memory_percent,48.671329
1779463793.695,/node/memory_percent,48.671722
1779463793.711,/node/memory_percent,48.671722
1779463793.944,/node/memory_percent,48.671722
1779463794.197,/node/memory_percent,48.675575
1779463794.211,/node/memory_percent,48.675575
1779463794.446,/node/memory_percent,48.675625
1779463794.695,/node/memory_percent,48.675625
1779463794.710,/node/memory_percent,48.675625
1779463794.946,/node/memory_percent,48.675625
1779463795.192,/node/memory_percent,48.675625
1779463795.208,/node/memory_percent,48.675625
1779463795.444,/node/memory_percent,48.675613
1779463795.696,/node/memory_percent,48.675602
1779463795.710,/node/memory_percent,48.675976
1779463795.943,/node/memory_percent,48.675976
1779463796.196,/node/memory_percent,48.675976
1779463796.209,/node/memory_percent,48.675976
1779463796.442,/node/memory_percent,48.681412
1779463796.700,/node/memory_percent,48.681412
1779463796.709,/node/memory_percent,48.681412
1779463796.945,/node/memory_percent,48.684410
1779463797.199,/node/memory_percent,48.678963
1779463797.210,/node/memory_percent,48.678963
1779463797.446,/node/memory_percent,48.679298
1779463797.694,/node/memory_percent,48.679684
1779463797.714,/node/memory_percent,48.679684
1779463797.942,/node/memory_percent,48.680420
1779463798.195,/node/memory_percent,48.680420
1779463798.209,/node/memory_percent,48.680420
1779463798.441,/node/memory_percent,48.680412
1779463798.697,/node/memory_percent,48.680412
1779463798.710,/node/memory_percent,48.680412
1779463798.947,/node/memory_percent,48.680412
1779463799.193,/node/memory_percent,48.681145
1779463799.208,/node/memory_percent,48.681145
1779463799.443,/node/memory_percent,48.681496
1779463799.693,/node/memory_percent,48.681496
1779463799.708,/node/memory_percent,48.681496
1779463799.943,/node/memory_percent,48.681496
1779463800.196,/node/memory_percent,48.678963
1779463800.208,/node/memory_percent,48.678963
1779463800.444,/node/memory_percent,48.678745
1779463800.697,/node/memory_percent,48.679504
1779463800.708,/node/memory_percent,48.679504
1779463800.942,/node/memory_percent,48.679504
1779463801.193,/node/memory_percent,48.679897
1779463801.208,/node/memory_percent,48.679897
1779463801.443,/node/memory_percent,48.680233
1779463801.697,/node/memory_percent,48.678745
1779463801.710,/node/memory_percent,48.678745
1779463801.945,/node/memory_percent,48.678730
1779463802.194,/node/memory_percent,48.678730
1779463802.212,/node/memory_percent,48.678730
1779463802.445,/node/memory_percent,48.697701
1779463802.697,/node/memory_percent,48.697437
1779463802.712,/node/memory_percent,48.697437
1779463802.945,/node/memory_percent,48.697437
1779463803.193,/node/memory_percent,48.697437
1779463803.212,/node/memory_percent,48.697437
1779463803.443,/node/memory_percent,48.698383
1779463803.694,/node/memory_percent,48.698383
1779463803.708,/node/memory_percent,48.698383
1779463803.947,/node/memory_percent,48.698383
1779463804.194,/node/memory_percent,48.698383
1779463804.208,/node/memory_percent,48.698383
1779463804.445,/node/memory_percent,48.698372
1779463804.698,/node/memory_percent,48.698372
1779463804.710,/node/memory_percent,48.698372
1779463804.943,/node/memory_percent,48.698372
1779463805.194,/node/memory_percent,48.698372
1779463805.207,/node/memory_percent,48.698372
1779463805.444,/node/memory_percent,48.698761
1779463805.694,/node/memory_percent,48.698761
1779463805.708,/node/memory_percent,48.698761
1779463805.943,/node/memory_percent,48.698761
1779463806.194,/node/memory_percent,48.699501
1779463806.212,/node/memory_percent,48.699501
1779463806.447,/node/memory_percent,48.699501
1779463806.694,/node/memory_percent,48.695873
1779463806.708,/node/memory_percent,48.695873
1779463806.943,/node/memory_percent,48.688400
1779463807.194,/node/memory_percent,48.693832
1779463807.208,/node/memory_percent,48.696182
1779463807.443,/node/memory_percent,48.697998
1779463807.698,/node/memory_percent,48.698265
1779463807.714,/node/memory_percent,48.704140
1779463807.945,/node/memory_percent,48.704487
1779463808.196,/node/memory_percent,48.704475
1779463808.210,/node/memory_percent,48.704475
1779463808.448,/node/memory_percent,48.691925
1779463808.697,/node/memory_percent,48.691925
1779463808.710,/node/memory_percent,48.691925
1779463808.944,/node/memory_percent,48.691925
1779463809.200,/node/memory_percent,48.691925
1779463809.210,/node/memory_percent,48.691925
1779463809.443,/node/memory_percent,48.692707
1779463809.698,/node/memory_percent,48.692707
1779463809.712,/node/memory_percent,48.692707
1779463809.943,/node/memory_percent,48.692707
1779463810.196,/node/memory_percent,48.692707
1779463810.212,/node/memory_percent,48.692707
1779463810.444,/node/memory_percent,48.693058
1779463810.696,/node/memory_percent,48.693813
1779463810.710,/node/memory_percent,48.693813
1779463810.946,/node/memory_percent,48.693813
1779463811.196,/node/memory_percent,48.693813
1779463811.212,/node/memory_percent,48.693813
1779463811.445,/node/memory_percent,48.693810
1779463811.696,/node/memory_percent,48.693810
1779463811.712,/node/memory_percent,48.693810
1779463811.945,/node/memory_percent,48.693810
1779463812.196,/node/memory_percent,48.693810
1779463812.211,/node/memory_percent,48.693810
1779463812.447,/node/memory_percent,48.693810
1779463812.694,/node/memory_percent,48.693810
1779463812.709,/node/memory_percent,48.693810
1779463812.946,/node/memory_percent,48.693810
1779463813.196,/node/memory_percent,48.693810
1779463813.210,/node/memory_percent,48.693810
1779463813.447,/node/memory_percent,48.693790
1779463813.696,/node/memory_percent,48.693790
1779463813.710,/node/memory_percent,48.693790
1779463813.945,/node/memory_percent,48.693790
1779463814.196,/node/memory_percent,48.693790
1779463814.209,/node/memory_percent,48.693790
1779463814.445,/node/memory_percent,48.694180
1779463814.694,/node/memory_percent,48.694180
1779463814.709,/node/memory_percent,48.694180
1779463814.944,/node/memory_percent,48.694180
1779463815.196,/node/memory_percent,48.694180
1779463815.209,/node/memory_percent,48.694180
1779463815.444,/node/memory_percent,48.694180
1779463815.697,/node/memory_percent,48.694180
1779463815.709,/node/memory_percent,48.694180
1779463815.948,/node/memory_percent,48.694180
1779463816.196,/node/memory_percent,48.694180
1779463816.212,/node/memory_percent,48.694180
1779463816.444,/node/memory_percent,48.694180
1779463816.698,/node/memory_percent,48.686504
1779463816.711,/node/memory_percent,48.690422
1779463816.947,/node/memory_percent,48.692772
1779463817.196,/node/memory_percent,48.698116
1779463817.212,/node/memory_percent,48.698116
1779463817.449,/node/memory_percent,48.702976
1779463817.698,/node/memory_percent,48.702976
1779463817.708,/node/memory_percent,48.702976
1779463817.944,/node/memory_percent,48.703350
1779463818.197,/node/memory_percent,48.703350
1779463818.209,/node/memory_percent,48.703350
1779463818.447,/node/memory_percent,48.703350
1779463818.695,/node/memory_percent,48.703350
1779463818.709,/node/memory_percent,48.703350
1779463818.945,/node/memory_percent,48.703350
1779463819.197,/node/memory_percent,48.703350
1779463819.209,/node/memory_percent,48.703350
1779463819.443,/node/memory_percent,48.703339
1779463819.700,/node/memory_percent,48.703339
1779463819.709,/node/memory_percent,48.703339
1779463819.947,/node/memory_percent,48.703724
1779463820.197,/node/memory_percent,48.703724
1779463820.209,/node/memory_percent,48.703724
1779463820.445,/node/memory_percent,48.703724
1779463820.697,/node/memory_percent,48.703724
1779463820.713,/node/memory_percent,48.703724
1779463820.950,/node/memory_percent,48.703724
1779463821.195,/node/memory_percent,48.703724
1779463821.210,/node/memory_percent,48.703724
1779463821.447,/node/memory_percent,48.703724
1779463821.699,/node/memory_percent,48.703724
1779463821.712,/node/memory_percent,48.703724
1779463821.947,/node/memory_percent,48.703724
1779463822.197,/node/memory_percent,48.703724
1779463822.209,/node/memory_percent,48.703724
1779463822.444,/node/memory_percent,48.712337
1779463822.698,/node/memory_percent,48.707706
1779463822.709,/node/memory_percent,48.707706
1779463822.944,/node/memory_percent,48.707706
1779463823.197,/node/memory_percent,48.707706
1779463823.211,/node/memory_percent,48.707706
1779463823.446,/node/memory_percent,48.708801
1779463823.695,/node/memory_percent,48.708801
1779463823.711,/node/memory_percent,48.708801
1779463823.947,/node/memory_percent,48.708801
1779463824.196,/node/memory_percent,48.708801
1779463824.214,/node/memory_percent,48.708801
1779463824.445,/node/memory_percent,48.708801
1779463824.700,/node/memory_percent,48.708801
1779463824.709,/node/memory_percent,48.708801
1779463824.944,/node/memory_percent,48.708801
1779463825.197,/node/memory_percent,48.708801
1779463825.210,/node/memory_percent,48.708801
1779463825.445,/node/memory_percent,48.708790
1779463825.695,/node/memory_percent,48.708790
1779463825.711,/node/memory_percent,48.708790
1779463825.944,/node/memory_percent,48.708790
1779463826.196,/node/memory_percent,48.708790
1779463826.211,/node/memory_percent,48.708790
1779463826.446,/node/memory_percent,48.709484
1779463826.697,/node/memory_percent,48.700142
1779463826.711,/node/memory_percent,48.700142
1779463826.948,/node/memory_percent,48.700142
1779463827.198,/node/memory_percent,48.701317
1779463827.213,/node/memory_percent,48.701317
1779463827.444,/node/memory_percent,48.701988
1779463827.697,/node/memory_percent,48.701149
1779463827.713,/node/memory_percent,48.701149
1779463827.945,/node/memory_percent,48.701881
1779463828.199,/node/memory_percent,48.701881
1779463828.211,/node/memory_percent,48.701881
1779463828.446,/node/memory_percent,48.701939
1779463828.700,/node/memory_percent,48.701939
1779463828.711,/node/memory_percent,48.701939
1779463828.947,/node/memory_percent,48.701939
1779463829.198,/node/memory_percent,48.701939
1779463829.212,/node/memory_percent,48.701939
1779463829.444,/node/memory_percent,48.701939
1779463829.697,/node/memory_percent,48.701939
1779463829.710,/node/memory_percent,48.701939
1779463829.948,/node/memory_percent,48.701939
1779463830.199,/node/memory_percent,48.701847
1779463830.211,/node/memory_percent,48.701847
1779463830.448,/node/memory_percent,48.701847
1779463830.695,/node/memory_percent,48.701847
1779463830.712,/node/memory_percent,48.701847
1779463830.946,/node/memory_percent,48.701847
1779463831.197,/node/memory_percent,48.701847
1779463831.212,/node/memory_percent,48.701847
1779463831.445,/node/memory_percent,48.690086
1779463831.695,/node/memory_percent,48.690086
1779463831.712,/node/memory_percent,48.690086
1779463831.948,/node/memory_percent,48.690086
1779463832.194,/node/memory_percent,48.690086
1779463832.211,/node/memory_percent,48.690086
1779463832.446,/node/memory_percent,48.690464
1779463832.698,/node/memory_percent,48.690464
1779463832.711,/node/memory_percent,48.690464
1779463832.946,/node/memory_percent,48.690464
1779463833.197,/node/memory_percent,48.645939
1779463833.211,/node/memory_percent,48.645939
1779463833.448,/node/memory_percent,48.646564
1779463833.697,/node/memory_percent,48.647739
1779463833.715,/node/memory_percent,48.647739
1779463833.948,/node/memory_percent,48.649284
1779463834.195,/node/memory_percent,48.650066
1779463834.211,/node/memory_percent,48.650066
1779463834.448,/node/memory_percent,48.650845
1779463834.697,/node/memory_percent,48.650845
1779463834.712,/node/memory_percent,48.650845
1779463834.948,/node/memory_percent,48.651234
1779463835.199,/node/memory_percent,48.651234
1779463835.210,/node/memory_percent,48.651234
1779463835.446,/node/memory_percent,48.652020
1779463835.699,/node/memory_percent,48.652020
1779463835.712,/node/memory_percent,48.652020
1779463835.948,/node/memory_percent,48.653191
1779463836.195,/node/memory_percent,48.653191
1779463836.211,/node/memory_percent,48.653191
1779463836.448,/node/memory_percent,48.652130
1779463836.699,/node/memory_percent,48.663395
1779463836.711,/node/memory_percent,48.663395
1779463836.946,/node/memory_percent,48.665779
1779463837.199,/node/memory_percent,48.678059
1779463837.210,/node/memory_percent,48.678059
1779463837.448,/node/memory_percent,48.680420
1779463837.697,/node/memory_percent,48.680420
1779463837.712,/node/memory_percent,48.680420
1779463837.944,/node/memory_percent,48.680809
1779463838.199,/node/memory_percent,48.680809
1779463838.212,/node/memory_percent,48.680809
1779463838.445,/node/memory_percent,48.680809
1779463838.699,/node/memory_percent,48.680809
1779463838.710,/node/memory_percent,48.680809
1779463838.948,/node/memory_percent,48.680809
1779463839.198,/node/memory_percent,48.680809
1779463839.212,/node/memory_percent,48.680809
1779463839.444,/node/memory_percent,48.681202
1779463839.697,/node/memory_percent,48.681202
1779463839.710,/node/memory_percent,48.681202
1779463839.945,/node/memory_percent,48.681202
1779463840.199,/node/memory_percent,48.683140
1779463840.210,/node/memory_percent,48.683140
1779463840.444,/node/memory_percent,48.683140
1779463840.696,/node/memory_percent,48.683140
1779463840.712,/node/memory_percent,48.683140
1779463840.947,/node/memory_percent,48.683514
1779463841.196,/node/memory_percent,48.683514
1779463841.210,/node/memory_percent,48.683514
1779463841.447,/node/memory_percent,48.683514
1779463841.698,/node/memory_percent,48.683514
1779463841.712,/node/memory_percent,48.683514
1779463841.949,/node/memory_percent,48.683514
1779463842.199,/node/memory_percent,48.683502
1779463842.212,/node/memory_percent,48.683502
1779463842.447,/node/memory_percent,48.691334
1779463842.696,/node/memory_percent,48.691334
1779463842.710,/node/memory_percent,48.691334
1779463842.946,/node/memory_percent,48.691334
1779463843.199,/node/memory_percent,48.691334
1779463843.212,/node/memory_percent,48.691334
1779463843.445,/node/memory_percent,48.646267
1779463843.698,/node/memory_percent,48.646267
1779463843.712,/node/memory_percent,48.646267
1779463843.945,/node/memory_percent,48.647808
1779463844.196,/node/memory_percent,48.647808
1779463844.212,/node/memory_percent,48.647808
1779463844.445,/node/memory_percent,48.647808
1779463844.699,/node/memory_percent,48.647808
1779463844.713,/node/memory_percent,48.647808
1779463844.947,/node/memory_percent,48.649734
1779463845.198,/node/memory_percent,48.650520
1779463845.214,/node/memory_percent,48.650520
1779463845.445,/node/memory_percent,48.652477
1779463845.698,/node/memory_percent,48.652477
1779463845.712,/node/memory_percent,48.652477
1779463845.945,/node/memory_percent,48.653244
1779463846.198,/node/memory_percent,48.653244
1779463846.210,/node/memory_percent,48.653244
1779463846.445,/node/memory_percent,48.654415
1779463846.696,/node/memory_percent,48.657108
1779463846.710,/node/memory_percent,48.657108
1779463846.947,/node/memory_percent,48.659851
1779463847.198,/node/memory_percent,48.662983
1779463847.213,/node/memory_percent,48.663742
1779463847.449,/node/memory_percent,48.664467
1779463847.700,/node/memory_percent,48.664467
1779463847.712,/node/memory_percent,48.664467
1779463847.949,/node/memory_percent,48.664467
1779463848.203,/node/memory_percent,48.664467
1779463848.210,/node/memory_percent,48.664467
1779463848.447,/node/memory_percent,48.664467
1779463848.699,/node/memory_percent,48.664467
1779463848.712,/node/memory_percent,48.664467
1779463848.949,/node/memory_percent,48.664467
1779463849.200,/node/memory_percent,48.664467
1779463849.212,/node/memory_percent,48.664467
1779463849.447,/node/memory_percent,48.662502
1779463849.698,/node/memory_percent,48.662502
1779463849.712,/node/memory_percent,48.662502
1779463849.947,/node/memory_percent,48.662502
1779463850.200,/node/memory_percent,48.662502
1779463850.212,/node/memory_percent,48.662502
1779463850.447,/node/memory_percent,48.662895
1779463850.698,/node/memory_percent,48.662895
1779463850.712,/node/memory_percent,48.662895
1779463850.945,/node/memory_percent,48.662895
1779463851.198,/node/memory_percent,48.662895
1779463851.212,/node/memory_percent,48.662895
1779463851.447,/node/memory_percent,48.662895
1779463851.698,/node/memory_percent,48.662895
1779463851.712,/node/memory_percent,48.662895
1779463851.947,/node/memory_percent,48.663269
1779463852.200,/node/memory_percent,48.663269
1779463852.212,/node/memory_percent,48.663269
1779463852.447,/node/memory_percent,48.663269
1779463852.700,/node/memory_percent,48.663269
1779463852.714,/node/memory_percent,48.663269
1779463852.949,/node/memory_percent,48.663269
1779463853.198,/node/memory_percent,48.663269
1779463853.213,/node/memory_percent,48.663269
1779463853.449,/node/memory_percent,48.663269
1779463853.698,/node/memory_percent,48.663269
1779463853.713,/node/memory_percent,48.663269
1779463853.949,/node/memory_percent,48.663269
1779463854.198,/node/memory_percent,48.663269
1779463854.213,/node/memory_percent,48.663269
1779463854.450,/node/memory_percent,48.663269
1779463854.698,/node/memory_percent,48.663269
1779463854.710,/node/memory_percent,48.663269
1779463854.948,/node/memory_percent,48.663269
1779463855.198,/node/memory_percent,48.663269
1779463855.211,/node/memory_percent,48.663269
1779463855.448,/node/memory_percent,48.664333
1779463855.700,/node/memory_percent,48.664333
1779463855.711,/node/memory_percent,48.664333
1779463855.947,/node/memory_percent,48.664333
1779463856.199,/node/memory_percent,48.664333
1779463856.215,/node/memory_percent,48.664333
1779463856.447,/node/memory_percent,48.665440
1779463856.698,/node/memory_percent,48.668442
1779463856.711,/node/memory_percent,48.668442
1779463856.946,/node/memory_percent,48.672749
1779463857.201,/node/memory_percent,48.674179
1779463857.211,/node/memory_percent,48.674179
1779463857.448,/node/memory_percent,48.674919
1779463857.697,/node/memory_percent,48.674919
1779463857.711,/node/memory_percent,48.674919
1779463857.946,/node/memory_percent,48.675652
1779463858.199,/node/memory_percent,48.675652
1779463858.211,/node/memory_percent,48.675652
1779463858.446,/node/memory_percent,48.676380
1779463858.697,/node/memory_percent,48.676380
1779463858.711,/node/memory_percent,48.676380
1779463858.948,/node/memory_percent,48.676750
1779463859.199,/node/memory_percent,48.676750
1779463859.211,/node/memory_percent,48.676750
1779463859.448,/node/memory_percent,48.676750
1779463859.699,/node/memory_percent,48.676750
1779463859.715,/node/memory_percent,48.676750
1779463859.949,/node/memory_percent,48.676750
1779463860.197,/node/memory_percent,48.676750
1779463860.215,/node/memory_percent,48.676750
1779463860.449,/node/memory_percent,48.677536
1779463860.700,/node/memory_percent,48.677536
1779463860.714,/node/memory_percent,48.677536
1779463860.946,/node/memory_percent,48.677536
1779463861.199,/node/memory_percent,48.677536
1779463861.214,/node/memory_percent,48.677536
1779463861.447,/node/memory_percent,48.677536
1779463861.699,/node/memory_percent,48.677536
1779463861.713,/node/memory_percent,48.679100
1779463861.948,/node/memory_percent,48.677925
1779463862.197,/node/memory_percent,48.677925
1779463862.213,/node/memory_percent,48.677925
1779463862.451,/node/memory_percent,48.698223
1779463862.698,/node/memory_percent,48.706055
1779463862.713,/node/memory_percent,48.706055
1779463862.950,/node/memory_percent,48.706055
1779463863.198,/node/memory_percent,48.706055
1779463863.215,/node/memory_percent,48.706055
1779463863.449,/node/memory_percent,48.706757
1779463863.701,/node/memory_percent,48.706757
1779463863.713,/node/memory_percent,48.706757
1779463863.948,/node/memory_percent,48.706757
1779463864.201,/node/memory_percent,48.706787
1779463864.213,/node/memory_percent,48.706787
1779463864.446,/node/memory_percent,48.706787
1779463864.699,/node/memory_percent,48.706787
1779463864.713,/node/memory_percent,48.706787
1779463864.952,/node/memory_percent,48.706787
1779463865.199,/node/memory_percent,48.706787
1779463865.213,/node/memory_percent,48.706787
1779463865.446,/node/memory_percent,48.706787
1779463865.700,/node/memory_percent,48.706787
1779463865.714,/node/memory_percent,48.706787
1779463865.948,/node/memory_percent,48.706787
1779463866.201,/node/memory_percent,48.706787
1779463866.214,/node/memory_percent,48.706787
1779463866.450,/node/memory_percent,48.707569
1779463866.700,/node/memory_percent,48.710606
1779463866.712,/node/memory_percent,48.710606
1779463866.946,/node/memory_percent,48.710606
1779463867.199,/node/memory_percent,48.711300
1779463867.214,/node/memory_percent,48.711998
1779463867.450,/node/memory_percent,48.711990
1779463867.701,/node/memory_percent,48.711990
1779463867.712,/node/memory_percent,48.711990
1779463867.949,/node/memory_percent,48.707150
1779463868.201,/node/memory_percent,48.707150
1779463868.216,/node/memory_percent,48.707535
1779463868.446,/node/memory_percent,48.707607
1779463868.700,/node/memory_percent,48.707954
1779463868.714,/node/memory_percent,48.707954
1779463868.949,/node/memory_percent,48.708324
1779463869.198,/node/memory_percent,48.707901
1779463869.214,/node/memory_percent,48.707901
1779463869.450,/node/memory_percent,48.714901
1779463869.700,/node/memory_percent,48.714901
1779463869.712,/node/memory_percent,48.714901
1779463869.947,/node/memory_percent,48.714901
1779463870.203,/node/memory_percent,48.715290
1779463870.214,/node/memory_percent,48.715290
1779463870.449,/node/memory_percent,48.714901
1779463870.700,/node/memory_percent,48.714901
1779463870.712,/node/memory_percent,48.714901
1779463870.949,/node/memory_percent,48.714901
1779463871.198,/node/memory_percent,48.714901
1779463871.216,/node/memory_percent,48.714901
1779463871.451,/node/memory_percent,48.714901
1779463871.700,/node/memory_percent,48.714901
1779463871.712,/node/memory_percent,48.714901
1779463871.950,/node/memory_percent,48.714901
1779463872.204,/node/memory_percent,48.714901
1779463872.215,/node/memory_percent,48.714901
1779463872.450,/node/memory_percent,48.715290
1779463872.700,/node/memory_percent,48.695320
1779463872.713,/node/memory_percent,48.695320
1779463872.950,/node/memory_percent,48.695320
1779463873.202,/node/memory_percent,48.695320
1779463873.216,/node/memory_percent,48.695320
1779463873.450,/node/memory_percent,48.695709
1779463873.701,/node/memory_percent,48.695709
1779463873.715,/node/memory_percent,48.695709
1779463873.949,/node/memory_percent,48.695709
1779463874.202,/node/memory_percent,48.695709
1779463874.215,/node/memory_percent,48.695709
1779463874.450,/node/memory_percent,48.695709
1779463874.701,/node/memory_percent,48.695709
1779463874.715,/node/memory_percent,48.695709
1779463874.951,/node/memory_percent,48.695709
1779463875.204,/node/memory_percent,48.695709
1779463875.213,/node/memory_percent,48.695709
1779463875.448,/node/memory_percent,48.696083
1779463875.701,/node/memory_percent,48.696083
1779463875.715,/node/memory_percent,48.696083
1779463875.948,/node/memory_percent,48.696083
1779463876.199,/node/memory_percent,48.696083
1779463876.215,/node/memory_percent,48.696083
1779463876.450,/node/memory_percent,48.697151
1779463876.699,/node/memory_percent,48.680176
1779463876.715,/node/memory_percent,48.680176
1779463876.954,/node/memory_percent,48.684093
1779463877.199,/node/memory_percent,48.684132
1779463877.217,/node/memory_percent,48.684132
1779463877.450,/node/memory_percent,48.684521
1779463877.702,/node/memory_percent,48.684521
1779463877.715,/node/memory_percent,48.684521
1779463877.952,/node/memory_percent,48.684521
1779463878.202,/node/memory_percent,48.684521
1779463878.217,/node/memory_percent,48.684521
1779463878.450,/node/memory_percent,48.685287
1779463878.702,/node/memory_percent,48.685287
1779463878.717,/node/memory_percent,48.685287
1779463878.951,/node/memory_percent,48.685287
1779463879.200,/node/memory_percent,48.685287
1779463879.219,/node/memory_percent,48.685287
1779463879.452,/node/memory_percent,48.685287
1779463879.701,/node/memory_percent,48.685287
1779463879.716,/node/memory_percent,48.685287
1779463879.949,/node/memory_percent,48.685287
1779463880.201,/node/memory_percent,48.685287
1779463880.216,/node/memory_percent,48.685287
1779463880.450,/node/memory_percent,48.685287
1779463880.703,/node/memory_percent,48.685287
1779463880.716,/node/memory_percent,48.685287
1779463880.950,/node/memory_percent,48.685287
1779463881.202,/node/memory_percent,48.685287
1779463881.218,/node/memory_percent,48.685287
1779463881.451,/node/memory_percent,48.685287
1779463881.700,/node/memory_percent,48.685287
1779463881.714,/node/memory_percent,48.685287
1779463881.953,/node/memory_percent,48.685287
1779463882.202,/node/memory_percent,48.685272
1779463882.218,/node/memory_percent,48.685272
1779463882.449,/node/memory_percent,48.697021
1779463882.702,/node/memory_percent,48.704445
1779463882.716,/node/memory_percent,48.704445
1779463882.952,/node/memory_percent,48.704445
1779463883.206,/node/memory_percent,48.704445
1779463883.218,/node/memory_percent,48.704445
1779463883.452,/node/memory_percent,48.704842
1779463883.704,/node/memory_percent,48.692753
1779463883.715,/node/memory_percent,48.692753
1779463883.952,/node/memory_percent,48.693508
1779463884.204,/node/memory_percent,48.693508
1779463884.215,/node/memory_percent,48.693508
1779463884.452,/node/memory_percent,48.693832
1779463884.704,/node/memory_percent,48.693832
1779463884.717,/node/memory_percent,48.693832
1779463884.952,/node/memory_percent,48.693821
1779463885.202,/node/memory_percent,48.693821
1779463885.219,/node/memory_percent,48.693821
1779463885.452,/node/memory_percent,48.694187
1779463885.701,/node/memory_percent,48.706329
1779463885.718,/node/memory_percent,48.706329
1779463885.952,/node/memory_percent,48.706329
1779463886.204,/node/memory_percent,48.706329
1779463886.215,/node/memory_percent,48.706329
1779463886.452,/node/memory_percent,48.706329
1779463886.706,/node/memory_percent,48.706329
1779463886.717,/node/memory_percent,48.706329
1779463886.952,/node/memory_percent,48.706329
1779463887.203,/node/memory_percent,48.706329
1779463887.217,/node/memory_percent,48.706329
1779463887.452,/node/memory_percent,48.706715
1779463887.701,/node/memory_percent,48.706715
1779463887.717,/node/memory_percent,48.706715
1779463887.954,/node/memory_percent,48.706715
1779463888.203,/node/memory_percent,48.706707
1779463888.221,/node/memory_percent,48.706707
1779463888.452,/node/memory_percent,48.706707
1779463888.705,/node/memory_percent,48.706707
1779463888.721,/node/memory_percent,48.706707
1779463888.952,/node/memory_percent,48.706707
1779463889.203,/node/memory_percent,48.706707
1779463889.217,/node/memory_percent,48.706707
1779463889.453,/node/memory_percent,48.706696
1779463889.704,/node/memory_percent,48.706696
1779463889.718,/node/memory_percent,48.706696
1779463889.952,/node/memory_percent,48.706696
1779463890.204,/node/memory_percent,48.706696
1779463890.218,/node/memory_percent,48.706696
1779463890.454,/node/memory_percent,48.706696
1779463890.707,/node/memory_percent,48.706696
1779463890.720,/node/memory_percent,48.706696
1779463890.956,/node/memory_percent,48.706696
1779463891.204,/node/memory_percent,48.706696
1779463891.219,/node/memory_percent,48.706696
1779463891.450,/node/memory_percent,48.707451
1779463891.705,/node/memory_percent,48.707451
1779463891.719,/node/memory_percent,48.707451
1779463891.951,/node/memory_percent,48.707451
1779463892.204,/node/memory_percent,48.707451
1779463892.214,/node/memory_percent,48.707451
1779463892.454,/node/memory_percent,48.707447
1779463892.704,/node/memory_percent,48.707447
1779463892.720,/node/memory_percent,48.707447
1779463892.953,/node/memory_percent,48.707447
1779463893.204,/node/memory_percent,48.707447
1779463893.222,/node/memory_percent,48.707447
1779463893.451,/node/memory_percent,48.707447
1779463893.706,/node/memory_percent,48.707447
1779463893.718,/node/memory_percent,48.707447
1779463893.951,/node/memory_percent,48.707447
1779463894.204,/node/memory_percent,48.707447
1779463894.220,/node/memory_percent,48.707447
1779463894.452,/node/memory_percent,48.707794
1779463894.706,/node/memory_percent,48.707794
1779463894.719,/node/memory_percent,48.707794
1779463894.954,/node/memory_percent,48.699589
1779463895.206,/node/memory_percent,48.699577
1779463895.220,/node/memory_percent,48.699577
1779463895.452,/node/memory_percent,48.699471
1779463895.705,/node/memory_percent,48.699471
1779463895.719,/node/memory_percent,48.699471
1779463895.952,/node/memory_percent,48.699471
1779463896.206,/node/memory_percent,48.699471
1779463896.219,/node/memory_percent,48.699471
1779463896.455,/node/memory_percent,48.699471
1779463896.705,/node/memory_percent,48.700634
1779463896.719,/node/memory_percent,48.700634
1779463896.952,/node/memory_percent,48.701412
1779463897.205,/node/memory_percent,48.701412
1779463897.219,/node/memory_percent,48.701412
1779463897.453,/node/memory_percent,48.691570
1779463897.708,/node/memory_percent,48.691906
1779463897.719,/node/memory_percent,48.691906
1779463897.954,/node/memory_percent,48.691906
1779463898.205,/node/memory_percent,48.691906
1779463898.219,/node/memory_percent,48.691906
1779463898.454,/node/memory_percent,48.692299
1779463898.705,/node/memory_percent,48.692299
1779463898.723,/node/memory_percent,48.692299
1779463898.952,/node/memory_percent,48.692299
1779463899.205,/node/memory_percent,48.692299
1779463899.221,/node/memory_percent,48.692299
1779463899.456,/node/memory_percent,48.692688
1779463899.705,/node/memory_percent,48.692688
1779463899.720,/node/memory_percent,48.692688
1779463899.955,/node/memory_percent,48.692688
1779463900.209,/node/memory_percent,48.693474
1779463900.220,/node/memory_percent,48.693474
1779463900.456,/node/memory_percent,48.693863
1779463900.709,/node/memory_percent,48.693863
1779463900.720,/node/memory_percent,48.693863
1779463900.958,/node/memory_percent,48.693863
1779463901.207,/node/memory_percent,48.693863
1779463901.218,/node/memory_percent,48.693863
1779463901.453,/node/memory_percent,48.693863
1779463901.709,/node/memory_percent,48.693863
1779463901.720,/node/memory_percent,48.693863
1779463901.953,/node/memory_percent,48.693863
1779463902.206,/node/memory_percent,48.694248
1779463902.220,/node/memory_percent,48.694248
1779463902.453,/node/memory_percent,48.701080
1779463902.706,/node/memory_percent,48.703556
1779463902.719,/node/memory_percent,48.703556
1779463902.955,/node/memory_percent,48.703556
1779463903.204,/node/memory_percent,48.709038
1779463903.218,/node/memory_percent,48.709038
1779463903.457,/node/memory_percent,48.710163
1779463903.708,/node/memory_percent,48.710163
1779463903.718,/node/memory_percent,48.710163
1779463903.956,/node/memory_percent,48.710163
1779463904.208,/node/memory_percent,48.710163
1779463904.219,/node/memory_percent,48.710163
1779463904.455,/node/memory_percent,48.710537
1779463904.708,/node/memory_percent,48.648468
1779463904.722,/node/memory_percent,48.648468
1779463904.955,/node/memory_percent,48.649464
1779463905.208,/node/memory_percent,48.650692
1779463905.223,/node/memory_percent,48.650692
1779463905.460,/node/memory_percent,48.651787
1779463905.708,/node/memory_percent,48.652573
1779463905.721,/node/memory_percent,48.652573
1779463905.959,/node/memory_percent,48.652573
1779463906.210,/node/memory_percent,48.653336
1779463906.221,/node/memory_percent,48.653336
1779463906.454,/node/memory_percent,48.655685
1779463906.705,/node/memory_percent,48.659595
1779463906.721,/node/memory_percent,48.659595
1779463906.954,/node/memory_percent,48.665077
1779463907.205,/node/memory_percent,48.670753
1779463907.223,/node/memory_percent,48.670753
1779463907.456,/node/memory_percent,48.671967
1779463907.708,/node/memory_percent,48.672356
1779463907.723,/node/memory_percent,48.672356
1779463907.958,/node/memory_percent,48.672356
1779463908.211,/node/memory_percent,48.672356
1779463908.221,/node/memory_percent,48.672749
1779463908.456,/node/memory_percent,48.673122
1779463908.707,/node/memory_percent,48.673122
1779463908.727,/node/memory_percent,48.673122
1779463908.959,/node/memory_percent,48.673512
1779463909.210,/node/memory_percent,48.673512
1779463909.222,/node/memory_percent,48.673512
1779463909.456,/node/memory_percent,48.673512
1779463909.709,/node/memory_percent,48.673512
1779463909.721,/node/memory_percent,48.673512
1779463909.957,/node/memory_percent,48.673512
1779463910.212,/node/memory_percent,48.674282
1779463910.220,/node/memory_percent,48.674282
1779463910.460,/node/memory_percent,48.674282
1779463910.706,/node/memory_percent,48.674282
1779463910.720,/node/memory_percent,48.674282
1779463910.955,/node/memory_percent,48.674282
1779463911.211,/node/memory_percent,48.674282
1779463911.220,/node/memory_percent,48.674282
1779463911.455,/node/memory_percent,48.674271
1779463911.708,/node/memory_percent,48.674271
1779463911.724,/node/memory_percent,48.674271
1779463911.955,/node/memory_percent,48.674271
1779463912.208,/node/memory_percent,48.674969
1779463912.220,/node/memory_percent,48.674969
1779463912.457,/node/memory_percent,48.676144
1779463912.710,/node/memory_percent,48.676144
1779463912.722,/node/memory_percent,48.676144
1779463912.955,/node/memory_percent,48.676144
1779463913.206,/node/memory_percent,48.676144
1779463913.224,/node/memory_percent,48.676144
1779463913.459,/node/memory_percent,48.676144
1779463913.706,/node/memory_percent,48.676144
1779463913.724,/node/memory_percent,48.676144
1779463913.958,/node/memory_percent,48.676144
1779463914.208,/node/memory_percent,48.676144
1779463914.224,/node/memory_percent,48.676144
1779463914.455,/node/memory_percent,48.673004
1779463914.709,/node/memory_percent,48.673393
1779463914.722,/node/memory_percent,48.673393
1779463914.959,/node/memory_percent,48.646496
1779463915.206,/node/memory_percent,48.648735
1779463915.226,/node/memory_percent,48.648735
1779463915.459,/node/memory_percent,48.649712
1779463915.710,/node/memory_percent,48.649712
1779463915.721,/node/memory_percent,48.649712
1779463915.956,/node/memory_percent,48.649712
1779463916.210,/node/memory_percent,48.650867
1779463916.221,/node/memory_percent,48.650867
1779463916.458,/node/memory_percent,48.652435
1779463916.707,/node/memory_percent,48.655910
1779463916.726,/node/memory_percent,48.655910
1779463916.963,/node/memory_percent,48.664436
1779463917.207,/node/memory_percent,48.666180
1779463917.223,/node/memory_percent,48.666180
1779463917.458,/node/memory_percent,48.670219
1779463917.707,/node/memory_percent,48.670589
1779463917.725,/node/memory_percent,48.670589
1779463917.958,/node/memory_percent,48.671722
1779463918.212,/node/memory_percent,48.671722
1779463918.223,/node/memory_percent,48.671722
1779463918.458,/node/memory_percent,48.671722
1779463918.707,/node/memory_percent,48.670605
1779463918.721,/node/memory_percent,48.670605
1779463918.956,/node/memory_percent,48.670605
1779463919.209,/node/memory_percent,48.670605
1779463919.224,/node/memory_percent,48.670605
1779463919.458,/node/memory_percent,48.671329
1779463919.707,/node/memory_percent,48.671722
1779463919.724,/node/memory_percent,48.671722
1779463919.957,/node/memory_percent,48.671722
1779463920.211,/node/memory_percent,48.671722
1779463920.226,/node/memory_percent,48.671722
1779463920.464,/node/memory_percent,48.672115
1779463920.707,/node/memory_percent,48.672115
1779463920.722,/node/memory_percent,48.672115
1779463920.958,/node/memory_percent,48.672115
1779463921.213,/node/memory_percent,48.673264
1779463921.226,/node/memory_percent,48.673264
1779463921.459,/node/memory_percent,48.674438
1779463921.709,/node/memory_percent,48.675514
1779463921.724,/node/memory_percent,48.675514
1779463921.962,/node/memory_percent,48.675514
1779463922.209,/node/memory_percent,48.675514
1779463922.226,/node/memory_percent,48.675514
1779463922.460,/node/memory_percent,48.688766
1779463922.711,/node/memory_percent,48.696495
1779463922.723,/node/memory_percent,48.696495
1779463922.962,/node/memory_percent,48.696842
1779463923.208,/node/memory_percent,48.696842
1779463923.223,/node/memory_percent,48.696842
1779463923.460,/node/memory_percent,48.697235
1779463923.711,/node/memory_percent,48.697235
1779463923.724,/node/memory_percent,48.697235
1779463923.957,/node/memory_percent,48.697235
1779463924.210,/node/memory_percent,48.697235
1779463924.224,/node/memory_percent,48.697235
1779463924.457,/node/memory_percent,48.697235
1779463924.710,/node/memory_percent,48.698009
1779463924.724,/node/memory_percent,48.698009
1779463924.961,/node/memory_percent,48.698009
1779463925.210,/node/memory_percent,48.698009
1779463925.224,/node/memory_percent,48.698009
1779463925.460,/node/memory_percent,48.698402
1779463925.714,/node/memory_percent,48.698402
1779463925.726,/node/memory_percent,48.698402
1779463925.959,/node/memory_percent,48.698402
1779463926.210,/node/memory_percent,48.698402
1779463926.224,/node/memory_percent,48.698402
1779463926.459,/node/memory_percent,48.698395
1779463926.711,/node/memory_percent,48.701130
1779463926.725,/node/memory_percent,48.701130
1779463926.959,/node/memory_percent,48.708961
1779463927.209,/node/memory_percent,48.703426
1779463927.226,/node/memory_percent,48.703426
1779463927.461,/node/memory_percent,48.703777
1779463927.709,/node/memory_percent,48.703777
1779463927.727,/node/memory_percent,48.703777
1779463927.960,/node/memory_percent,48.705650
1779463928.212,/node/memory_percent,48.705997
1779463928.225,/node/memory_percent,48.705997
1779463928.460,/node/memory_percent,48.706345
1779463928.711,/node/memory_percent,48.706345
1779463928.723,/node/memory_percent,48.706345
1779463928.961,/node/memory_percent,48.706345
1779463929.212,/node/memory_percent,48.706345
1779463929.223,/node/memory_percent,48.706345
1779463929.462,/node/memory_percent,48.707062
1779463929.711,/node/memory_percent,48.707062
1779463929.725,/node/memory_percent,48.707062
1779463929.962,/node/memory_percent,48.701511
1779463750.192,/node/gpu_percent,0.000000
1779463750.206,/node/gpu_percent,73.900002
1779463750.444,/node/gpu_percent,36.700001
1779463750.695,/node/gpu_percent,31.500000
1779463750.710,/node/gpu_percent,31.500000
1779463750.942,/node/gpu_percent,0.000000
1779463751.194,/node/gpu_percent,16.000000
1779463751.208,/node/gpu_percent,86.000000
1779463751.441,/node/gpu_percent,26.600000
1779463751.695,/node/gpu_percent,21.900000
1779463751.707,/node/gpu_percent,21.900000
1779463751.943,/node/gpu_percent,0.000000
1779463752.194,/node/gpu_percent,25.600000
1779463752.211,/node/gpu_percent,81.900002
1779463752.444,/node/gpu_percent,85.000000
1779463752.694,/node/gpu_percent,0.000000
1779463752.706,/node/gpu_percent,82.199997
1779463752.942,/node/gpu_percent,56.400002
1779463753.196,/node/gpu_percent,88.199997
1779463753.208,/node/gpu_percent,1.900000
1779463753.445,/node/gpu_percent,2.500000
1779463753.695,/node/gpu_percent,51.900002
1779463753.710,/node/gpu_percent,52.900002
1779463753.944,/node/gpu_percent,83.500000
1779463754.194,/node/gpu_percent,0.000000
1779463754.208,/node/gpu_percent,0.000000
1779463754.444,/node/gpu_percent,26.900000
1779463754.695,/node/gpu_percent,73.099998
1779463754.706,/node/gpu_percent,32.200001
1779463754.947,/node/gpu_percent,86.599998
1779463755.194,/node/gpu_percent,14.000000
1779463755.205,/node/gpu_percent,14.000000
1779463755.444,/node/gpu_percent,71.599998
1779463755.698,/node/gpu_percent,82.699997
1779463755.708,/node/gpu_percent,1.900000
1779463755.944,/node/gpu_percent,55.599998
1779463756.194,/node/gpu_percent,52.599998
1779463756.208,/node/gpu_percent,52.500000
1779463756.442,/node/gpu_percent,92.099998
1779463756.695,/node/gpu_percent,78.599998
1779463756.707,/node/gpu_percent,0.000000
1779463756.943,/node/gpu_percent,21.100000
1779463757.195,/node/gpu_percent,89.400002
1779463757.208,/node/gpu_percent,1.900000
1779463757.443,/node/gpu_percent,0.000000
1779463757.695,/node/gpu_percent,36.400002
1779463757.707,/node/gpu_percent,36.400002
1779463757.941,/node/gpu_percent,9.400000
1779463758.194,/node/gpu_percent,83.099998
1779463758.205,/node/gpu_percent,22.000000
1779463758.441,/node/gpu_percent,31.299999
1779463758.694,/node/gpu_percent,91.800003
1779463758.710,/node/gpu_percent,91.800003
1779463758.943,/node/gpu_percent,20.400000
1779463759.195,/node/gpu_percent,4.500000
1779463759.207,/node/gpu_percent,93.699997
1779463759.444,/node/gpu_percent,83.300003
1779463759.694,/node/gpu_percent,11.600000
1779463759.708,/node/gpu_percent,90.599998
1779463759.942,/node/gpu_percent,89.900002
1779463760.193,/node/gpu_percent,23.299999
1779463760.207,/node/gpu_percent,25.799999
1779463760.443,/node/gpu_percent,83.500000
1779463760.692,/node/gpu_percent,1.600000
1779463760.707,/node/gpu_percent,54.900002
1779463760.943,/node/gpu_percent,48.299999
1779463761.193,/node/gpu_percent,0.000000
1779463761.207,/node/gpu_percent,0.000000
1779463761.443,/node/gpu_percent,58.799999
1779463761.694,/node/gpu_percent,55.500000
1779463761.707,/node/gpu_percent,0.000000
1779463761.942,/node/gpu_percent,0.000000
1779463762.193,/node/gpu_percent,65.800003
1779463762.207,/node/gpu_percent,65.800003
1779463762.441,/node/gpu_percent,3.900000
1779463762.692,/node/gpu_percent,0.000000
1779463762.708,/node/gpu_percent,62.200001
1779463762.942,/node/gpu_percent,4.500000
1779463763.195,/node/gpu_percent,47.500000
1779463763.208,/node/gpu_percent,0.000000
1779463763.442,/node/gpu_percent,3.500000
1779463763.692,/node/gpu_percent,0.000000
1779463763.708,/node/gpu_percent,69.300003
1779463763.943,/node/gpu_percent,93.900002
1779463764.195,/node/gpu_percent,50.500000
1779463764.208,/node/gpu_percent,0.000000
1779463764.442,/node/gpu_percent,13.700000
1779463764.694,/node/gpu_percent,75.599998
1779463764.708,/node/gpu_percent,75.599998
1779463764.942,/node/gpu_percent,55.799999
1779463765.194,/node/gpu_percent,4.700000
1779463765.207,/node/gpu_percent,35.000000
1779463765.442,/node/gpu_percent,0.000000
1779463765.694,/node/gpu_percent,61.400002
1779463765.707,/node/gpu_percent,61.400002
1779463765.942,/node/gpu_percent,27.500000
1779463766.192,/node/gpu_percent,2.400000
1779463766.207,/node/gpu_percent,44.500000
1779463766.443,/node/gpu_percent,0.000000
1779463766.694,/node/gpu_percent,74.699997
1779463766.710,/node/gpu_percent,30.500000
1779463766.944,/node/gpu_percent,73.599998
1779463767.193,/node/gpu_percent,42.599998
1779463767.209,/node/gpu_percent,0.100000
1779463767.444,/node/gpu_percent,31.500000
1779463767.692,/node/gpu_percent,68.099998
1779463767.711,/node/gpu_percent,37.099998
1779463767.943,/node/gpu_percent,93.800003
1779463768.194,/node/gpu_percent,0.000000
1779463768.209,/node/gpu_percent,0.000000
1779463768.443,/node/gpu_percent,17.000000
1779463768.693,/node/gpu_percent,37.500000
1779463768.711,/node/gpu_percent,67.400002
1779463768.943,/node/gpu_percent,84.199997
1779463769.196,/node/gpu_percent,0.000000
1779463769.208,/node/gpu_percent,72.599998
1779463769.442,/node/gpu_percent,48.900002
1779463769.696,/node/gpu_percent,85.000000
1779463769.710,/node/gpu_percent,7.200000
1779463769.944,/node/gpu_percent,4.500000
1779463770.194,/node/gpu_percent,42.400002
1779463770.208,/node/gpu_percent,62.500000
1779463770.445,/node/gpu_percent,86.199997
1779463770.693,/node/gpu_percent,59.000000
1779463770.708,/node/gpu_percent,0.000000
1779463770.942,/node/gpu_percent,2.400000
1779463771.195,/node/gpu_percent,1.800000
1779463771.208,/node/gpu_percent,46.000000
1779463771.443,/node/gpu_percent,4.500000
1779463771.695,/node/gpu_percent,58.599998
1779463771.708,/node/gpu_percent,58.599998
1779463771.942,/node/gpu_percent,1.600000
1779463772.194,/node/gpu_percent,16.400000
1779463772.208,/node/gpu_percent,87.000000
1779463772.448,/node/gpu_percent,66.699997
1779463772.694,/node/gpu_percent,0.000000
1779463772.710,/node/gpu_percent,76.800003
1779463772.942,/node/gpu_percent,59.700001
1779463773.192,/node/gpu_percent,62.799999
1779463773.210,/node/gpu_percent,0.000000
1779463773.445,/node/gpu_percent,45.900002
1779463773.695,/node/gpu_percent,79.500000
1779463773.708,/node/gpu_percent,0.000000
1779463773.942,/node/gpu_percent,0.000000
1779463774.196,/node/gpu_percent,65.199997
1779463774.208,/node/gpu_percent,39.799999
1779463774.445,/node/gpu_percent,0.000000
1779463774.695,/node/gpu_percent,46.700001
1779463774.707,/node/gpu_percent,58.400002
1779463774.942,/node/gpu_percent,70.599998
1779463775.194,/node/gpu_percent,11.100000
1779463775.209,/node/gpu_percent,11.100000
1779463775.444,/node/gpu_percent,0.000000
1779463775.693,/node/gpu_percent,17.799999
1779463775.708,/node/gpu_percent,85.400002
1779463775.945,/node/gpu_percent,51.900002
1779463776.195,/node/gpu_percent,18.799999
1779463776.209,/node/gpu_percent,20.000000
1779463776.442,/node/gpu_percent,6.700000
1779463776.694,/node/gpu_percent,1.600000
1779463776.708,/node/gpu_percent,43.900002
1779463776.945,/node/gpu_percent,59.900002
1779463777.195,/node/gpu_percent,78.699997
1779463777.207,/node/gpu_percent,0.000000
1779463777.447,/node/gpu_percent,74.900002
1779463777.694,/node/gpu_percent,40.700001
1779463777.707,/node/gpu_percent,0.000000
1779463777.943,/node/gpu_percent,26.400000
1779463778.194,/node/gpu_percent,63.400002
1779463778.212,/node/gpu_percent,41.500000
1779463778.445,/node/gpu_percent,88.699997
1779463778.695,/node/gpu_percent,0.000000
1779463778.708,/node/gpu_percent,0.000000
1779463778.944,/node/gpu_percent,30.100000
1779463779.193,/node/gpu_percent,57.900002
1779463779.210,/node/gpu_percent,47.099998
1779463779.443,/node/gpu_percent,55.400002
1779463779.695,/node/gpu_percent,61.599998
1779463779.709,/node/gpu_percent,43.400002
1779463779.946,/node/gpu_percent,62.700001
1779463780.193,/node/gpu_percent,1.600000
1779463780.208,/node/gpu_percent,50.599998
1779463780.442,/node/gpu_percent,87.800003
1779463780.694,/node/gpu_percent,33.900002
1779463780.709,/node/gpu_percent,13.200000
1779463780.944,/node/gpu_percent,0.000000
1779463781.195,/node/gpu_percent,35.799999
1779463781.209,/node/gpu_percent,69.000000
1779463781.444,/node/gpu_percent,3.600000
1779463781.693,/node/gpu_percent,0.000000
1779463781.709,/node/gpu_percent,61.500000
1779463781.943,/node/gpu_percent,4.500000
1779463782.194,/node/gpu_percent,52.099998
1779463782.209,/node/gpu_percent,52.099998
1779463782.443,/node/gpu_percent,3.700000
1779463782.694,/node/gpu_percent,0.000000
1779463782.709,/node/gpu_percent,68.800003
1779463782.941,/node/gpu_percent,41.400002
1779463783.194,/node/gpu_percent,1.600000
1779463783.208,/node/gpu_percent,51.400002
1779463783.443,/node/gpu_percent,4.500000
1779463783.695,/node/gpu_percent,39.599998
1779463783.710,/node/gpu_percent,65.300003
1779463783.946,/node/gpu_percent,32.900002
1779463784.194,/node/gpu_percent,0.000000
1779463784.209,/node/gpu_percent,53.900002
1779463784.443,/node/gpu_percent,3.200000
1779463784.694,/node/gpu_percent,43.500000
1779463784.711,/node/gpu_percent,64.099998
1779463784.945,/node/gpu_percent,26.000000
1779463785.192,/node/gpu_percent,0.000000
1779463785.207,/node/gpu_percent,61.599998
1779463785.444,/node/gpu_percent,26.200001
1779463785.694,/node/gpu_percent,48.799999
1779463785.710,/node/gpu_percent,48.799999
1779463785.943,/node/gpu_percent,15.000000
1779463786.195,/node/gpu_percent,0.000000
1779463786.210,/node/gpu_percent,51.900002
1779463786.445,/node/gpu_percent,0.500000
1779463786.693,/node/gpu_percent,76.800003
1779463786.708,/node/gpu_percent,0.000000
1779463786.942,/node/gpu_percent,34.900002
1779463787.195,/node/gpu_percent,0.000000
1779463787.208,/node/gpu_percent,49.700001
1779463787.443,/node/gpu_percent,86.699997
1779463787.698,/node/gpu_percent,56.799999
1779463787.708,/node/gpu_percent,0.000000
1779463787.945,/node/gpu_percent,14.400000
1779463788.195,/node/gpu_percent,0.000000
1779463788.211,/node/gpu_percent,65.099998
1779463788.443,/node/gpu_percent,85.199997
1779463788.694,/node/gpu_percent,24.700001
1779463788.710,/node/gpu_percent,20.299999
1779463788.943,/node/gpu_percent,1.600000
1779463789.202,/node/gpu_percent,75.000000
1779463789.209,/node/gpu_percent,75.000000
1779463789.445,/node/gpu_percent,87.199997
1779463789.697,/node/gpu_percent,78.599998
1779463789.709,/node/gpu_percent,0.000000
1779463789.945,/node/gpu_percent,50.599998
1779463790.194,/node/gpu_percent,32.000000
1779463790.208,/node/gpu_percent,73.099998
1779463790.446,/node/gpu_percent,70.800003
1779463790.695,/node/gpu_percent,83.099998
1779463790.710,/node/gpu_percent,0.000000
1779463790.944,/node/gpu_percent,18.500000
1779463791.196,/node/gpu_percent,56.599998
1779463791.215,/node/gpu_percent,48.599998
1779463791.444,/node/gpu_percent,93.300003
1779463791.695,/node/gpu_percent,50.599998
1779463791.710,/node/gpu_percent,0.000000
1779463791.945,/node/gpu_percent,37.400002
1779463792.197,/node/gpu_percent,77.599998
1779463792.207,/node/gpu_percent,27.299999
1779463792.445,/node/gpu_percent,56.099998
1779463792.696,/node/gpu_percent,20.299999
1779463792.709,/node/gpu_percent,20.299999
1779463792.944,/node/gpu_percent,52.000000
1779463793.197,/node/gpu_percent,72.000000
1779463793.210,/node/gpu_percent,32.900002
1779463793.445,/node/gpu_percent,83.800003
1779463793.697,/node/gpu_percent,0.000000
1779463793.710,/node/gpu_percent,70.400002
1779463793.946,/node/gpu_percent,26.700001
1779463794.196,/node/gpu_percent,67.400002
1779463794.210,/node/gpu_percent,37.799999
1779463794.445,/node/gpu_percent,0.000000
1779463794.697,/node/gpu_percent,3.700000
1779463794.709,/node/gpu_percent,91.000000
1779463794.945,/node/gpu_percent,54.400002
1779463795.194,/node/gpu_percent,86.699997
1779463795.206,/node/gpu_percent,2.700000
1779463795.443,/node/gpu_percent,4.000000
1779463795.695,/node/gpu_percent,35.200001
1779463795.710,/node/gpu_percent,69.800003
1779463795.942,/node/gpu_percent,82.599998
1779463796.195,/node/gpu_percent,1.900000
1779463796.208,/node/gpu_percent,1.900000
1779463796.445,/node/gpu_percent,0.000000
1779463796.697,/node/gpu_percent,12.400000
1779463796.709,/node/gpu_percent,89.000000
1779463796.944,/node/gpu_percent,62.099998
1779463797.198,/node/gpu_percent,28.400000
1779463797.209,/node/gpu_percent,12.200000
1779463797.445,/node/gpu_percent,0.000000
1779463797.695,/node/gpu_percent,9.200000
1779463797.713,/node/gpu_percent,89.500000
1779463797.946,/node/gpu_percent,60.799999
1779463798.194,/node/gpu_percent,35.799999
1779463798.210,/node/gpu_percent,9.500000
1779463798.444,/node/gpu_percent,1.600000
1779463798.696,/node/gpu_percent,0.000000
1779463798.709,/node/gpu_percent,74.900002
1779463798.946,/node/gpu_percent,77.699997
1779463799.195,/node/gpu_percent,42.900002
1779463799.210,/node/gpu_percent,1.900000
1779463799.445,/node/gpu_percent,23.500000
1779463799.696,/node/gpu_percent,47.700001
1779463799.710,/node/gpu_percent,47.700001
1779463799.945,/node/gpu_percent,90.900002
1779463800.195,/node/gpu_percent,49.000000
1779463800.210,/node/gpu_percent,0.000000
1779463800.443,/node/gpu_percent,24.600000
1779463800.696,/node/gpu_percent,64.800003
1779463800.712,/node/gpu_percent,40.200001
1779463800.946,/node/gpu_percent,74.300003
1779463801.196,/node/gpu_percent,19.400000
1779463801.209,/node/gpu_percent,23.299999
1779463801.442,/node/gpu_percent,62.099998
1779463801.696,/node/gpu_percent,83.000000
1779463801.709,/node/gpu_percent,1.600000
1779463801.944,/node/gpu_percent,53.299999
1779463802.195,/node/gpu_percent,22.299999
1779463802.211,/node/gpu_percent,22.299999
1779463802.444,/node/gpu_percent,54.700001
1779463802.696,/node/gpu_percent,89.699997
1779463802.711,/node/gpu_percent,15.400000
1779463802.944,/node/gpu_percent,55.400002
1779463803.195,/node/gpu_percent,25.100000
1779463803.211,/node/gpu_percent,79.099998
1779463803.445,/node/gpu_percent,74.000000
1779463803.696,/node/gpu_percent,57.700001
1779463803.710,/node/gpu_percent,0.000000
1779463803.946,/node/gpu_percent,26.400000
1779463804.195,/node/gpu_percent,56.299999
1779463804.210,/node/gpu_percent,48.599998
1779463804.444,/node/gpu_percent,79.500000
1779463804.696,/node/gpu_percent,70.199997
1779463804.709,/node/gpu_percent,0.000000
1779463804.945,/node/gpu_percent,24.799999
1779463805.193,/node/gpu_percent,87.699997
1779463805.207,/node/gpu_percent,17.200001
1779463805.444,/node/gpu_percent,36.299999
1779463805.696,/node/gpu_percent,47.700001
1779463805.710,/node/gpu_percent,47.700001
1779463805.945,/node/gpu_percent,83.199997
1779463806.198,/node/gpu_percent,72.900002
1779463806.211,/node/gpu_percent,0.000000
1779463806.446,/node/gpu_percent,77.500000
1779463806.696,/node/gpu_percent,54.000000
1779463806.710,/node/gpu_percent,54.000000
1779463806.945,/node/gpu_percent,72.199997
1779463807.195,/node/gpu_percent,79.699997
1779463807.210,/node/gpu_percent,25.500000
1779463807.445,/node/gpu_percent,84.400002
1779463807.697,/node/gpu_percent,0.000000
1779463807.714,/node/gpu_percent,73.800003
1779463807.944,/node/gpu_percent,7.300000
1779463808.195,/node/gpu_percent,16.200001
1779463808.210,/node/gpu_percent,70.599998
1779463808.447,/node/gpu_percent,69.199997
1779463808.696,/node/gpu_percent,0.000000
1779463808.712,/node/gpu_percent,64.199997
1779463808.946,/node/gpu_percent,27.600000
1779463809.199,/node/gpu_percent,36.900002
1779463809.209,/node/gpu_percent,36.900002
1779463809.445,/node/gpu_percent,18.900000
1779463809.697,/node/gpu_percent,0.000000
1779463809.711,/node/gpu_percent,64.800003
1779463809.946,/node/gpu_percent,24.799999
1779463810.195,/node/gpu_percent,41.900002
1779463810.211,/node/gpu_percent,41.900002
1779463810.443,/node/gpu_percent,18.799999
1779463810.695,/node/gpu_percent,1.600000
1779463810.712,/node/gpu_percent,52.000000
1779463810.945,/node/gpu_percent,0.000000
1779463811.195,/node/gpu_percent,76.099998
1779463811.211,/node/gpu_percent,0.000000
1779463811.444,/node/gpu_percent,49.000000
1779463811.698,/node/gpu_percent,18.299999
1779463811.711,/node/gpu_percent,31.100000
1779463811.944,/node/gpu_percent,59.500000
1779463812.198,/node/gpu_percent,82.099998
1779463812.210,/node/gpu_percent,22.600000
1779463812.446,/node/gpu_percent,73.000000
1779463812.694,/node/gpu_percent,0.000000
1779463812.707,/node/gpu_percent,0.000000
1779463812.945,/node/gpu_percent,39.900002
1779463813.199,/node/gpu_percent,67.400002
1779463813.209,/node/gpu_percent,37.900002
1779463813.446,/node/gpu_percent,81.500000
1779463813.696,/node/gpu_percent,0.000000
1779463813.709,/node/gpu_percent,53.700001
1779463813.947,/node/gpu_percent,2.000000
1779463814.198,/node/gpu_percent,50.700001
1779463814.211,/node/gpu_percent,54.500000
1779463814.444,/node/gpu_percent,2.100000
1779463814.696,/node/gpu_percent,0.000000
1779463814.711,/node/gpu_percent,82.400002
1779463814.946,/node/gpu_percent,18.000000
1779463815.196,/node/gpu_percent,52.099998
1779463815.207,/node/gpu_percent,53.099998
1779463815.446,/node/gpu_percent,17.000000
1779463815.696,/node/gpu_percent,0.000000
1779463815.711,/node/gpu_percent,66.599998
1779463815.946,/node/gpu_percent,30.900000
1779463816.202,/node/gpu_percent,32.500000
1779463816.211,/node/gpu_percent,32.500000
1779463816.442,/node/gpu_percent,0.000000
1779463816.697,/node/gpu_percent,0.000000
1779463816.710,/node/gpu_percent,77.500000
1779463816.946,/node/gpu_percent,29.799999
1779463817.195,/node/gpu_percent,8.000000
1779463817.211,/node/gpu_percent,8.000000
1779463817.448,/node/gpu_percent,50.599998
1779463817.697,/node/gpu_percent,0.000000
1779463817.711,/node/gpu_percent,62.299999
1779463817.947,/node/gpu_percent,40.400002
1779463818.196,/node/gpu_percent,8.500000
1779463818.211,/node/gpu_percent,28.900000
1779463818.446,/node/gpu_percent,0.000000
1779463818.697,/node/gpu_percent,8.800000
1779463818.711,/node/gpu_percent,84.300003
1779463818.943,/node/gpu_percent,40.700001
1779463819.196,/node/gpu_percent,10.000000
1779463819.211,/node/gpu_percent,29.600000
1779463819.446,/node/gpu_percent,0.000000
1779463819.697,/node/gpu_percent,72.400002
1779463819.711,/node/gpu_percent,72.400002
1779463819.946,/node/gpu_percent,34.500000
1779463820.196,/node/gpu_percent,2.300000
1779463820.211,/node/gpu_percent,44.299999
1779463820.445,/node/gpu_percent,0.000000
1779463820.696,/node/gpu_percent,89.800003
1779463820.712,/node/gpu_percent,4.500000
1779463820.949,/node/gpu_percent,63.599998
1779463821.199,/node/gpu_percent,17.700001
1779463821.211,/node/gpu_percent,28.100000
1779463821.446,/node/gpu_percent,0.000000
1779463821.698,/node/gpu_percent,80.000000
1779463821.712,/node/gpu_percent,0.000000
1779463821.946,/node/gpu_percent,39.900002
1779463822.196,/node/gpu_percent,1.900000
1779463822.213,/node/gpu_percent,45.400002
1779463822.446,/node/gpu_percent,72.099998
1779463822.697,/node/gpu_percent,44.299999
1779463822.711,/node/gpu_percent,3.500000
1779463822.946,/node/gpu_percent,0.000000
1779463823.196,/node/gpu_percent,47.500000
1779463823.211,/node/gpu_percent,47.500000
1779463823.445,/node/gpu_percent,0.000000
1779463823.697,/node/gpu_percent,4.500000
1779463823.711,/node/gpu_percent,89.699997
1779463823.946,/node/gpu_percent,78.500000
1779463824.195,/node/gpu_percent,4.500000
1779463824.212,/node/gpu_percent,83.699997
1779463824.445,/node/gpu_percent,56.000000
1779463824.699,/node/gpu_percent,75.800003
1779463824.711,/node/gpu_percent,0.000000
1779463824.946,/node/gpu_percent,2.300000
1779463825.196,/node/gpu_percent,85.900002
1779463825.209,/node/gpu_percent,3.700000
1779463825.443,/node/gpu_percent,42.700001
1779463825.697,/node/gpu_percent,1.600000
1779463825.711,/node/gpu_percent,47.200001
1779463825.946,/node/gpu_percent,84.800003
1779463826.199,/node/gpu_percent,40.900002
1779463826.214,/node/gpu_percent,1.900000
1779463826.446,/node/gpu_percent,18.799999
1779463826.696,/node/gpu_percent,25.600000
1779463826.713,/node/gpu_percent,25.600000
1779463826.948,/node/gpu_percent,50.400002
1779463827.201,/node/gpu_percent,73.500000
1779463827.212,/node/gpu_percent,0.000000
1779463827.446,/node/gpu_percent,1.600000
1779463827.701,/node/gpu_percent,60.700001
1779463827.712,/node/gpu_percent,0.000000
1779463827.944,/node/gpu_percent,0.000000
1779463828.198,/node/gpu_percent,94.900002
1779463828.213,/node/gpu_percent,2.700000
1779463828.444,/node/gpu_percent,16.900000
1779463828.699,/node/gpu_percent,79.599998
1779463828.710,/node/gpu_percent,0.000000
1779463828.946,/node/gpu_percent,17.600000
1779463829.196,/node/gpu_percent,0.000000
1779463829.211,/node/gpu_percent,53.700001
1779463829.446,/node/gpu_percent,81.900002
1779463829.700,/node/gpu_percent,9.900000
1779463829.712,/node/gpu_percent,39.200001
1779463829.947,/node/gpu_percent,1.800000
1779463830.198,/node/gpu_percent,32.500000
1779463830.213,/node/gpu_percent,32.500000
1779463830.447,/node/gpu_percent,4.300000
1779463830.698,/node/gpu_percent,73.500000
1779463830.711,/node/gpu_percent,31.700001
1779463830.945,/node/gpu_percent,70.300003
1779463831.199,/node/gpu_percent,34.299999
1779463831.211,/node/gpu_percent,70.800003
1779463831.445,/node/gpu_percent,76.300003
1779463831.697,/node/gpu_percent,34.900002
1779463831.711,/node/gpu_percent,17.100000
1779463831.947,/node/gpu_percent,91.000000
1779463832.196,/node/gpu_percent,27.500000
1779463832.209,/node/gpu_percent,22.400000
1779463832.448,/node/gpu_percent,12.300000
1779463832.698,/node/gpu_percent,89.400002
1779463832.713,/node/gpu_percent,5.200000
1779463832.948,/node/gpu_percent,33.099998
1779463833.196,/node/gpu_percent,91.500000
1779463833.210,/node/gpu_percent,9.100000
1779463833.447,/node/gpu_percent,23.000000
1779463833.699,/node/gpu_percent,87.400002
1779463833.714,/node/gpu_percent,87.400002
1779463833.947,/node/gpu_percent,35.500000
1779463834.197,/node/gpu_percent,0.000000
1779463834.209,/node/gpu_percent,67.900002
1779463834.447,/node/gpu_percent,15.700000
1779463834.701,/node/gpu_percent,57.000000
1779463834.711,/node/gpu_percent,0.000000
1779463834.947,/node/gpu_percent,14.100000
1779463835.198,/node/gpu_percent,24.799999
1779463835.214,/node/gpu_percent,80.099998
1779463835.445,/node/gpu_percent,1.900000
1779463835.697,/node/gpu_percent,37.000000
1779463835.711,/node/gpu_percent,68.099998
1779463835.947,/node/gpu_percent,86.300003
1779463836.198,/node/gpu_percent,55.000000
1779463836.211,/node/gpu_percent,0.000000
1779463836.447,/node/gpu_percent,4.700000
1779463836.698,/node/gpu_percent,16.700001
1779463836.710,/node/gpu_percent,85.900002
1779463836.948,/node/gpu_percent,53.500000
1779463837.198,/node/gpu_percent,26.500000
1779463837.212,/node/gpu_percent,26.500000
1779463837.447,/node/gpu_percent,13.200000
1779463837.699,/node/gpu_percent,4.200000
1779463837.710,/node/gpu_percent,34.299999
1779463837.947,/node/gpu_percent,0.000000
1779463838.198,/node/gpu_percent,76.199997
1779463838.211,/node/gpu_percent,0.000000
1779463838.447,/node/gpu_percent,5.100000
1779463838.698,/node/gpu_percent,14.500000
1779463838.714,/node/gpu_percent,88.199997
1779463838.947,/node/gpu_percent,28.799999
1779463839.197,/node/gpu_percent,0.000000
1779463839.211,/node/gpu_percent,73.000000
1779463839.446,/node/gpu_percent,38.900002
1779463839.704,/node/gpu_percent,39.900002
1779463839.712,/node/gpu_percent,39.900002
1779463839.947,/node/gpu_percent,4.200000
1779463840.198,/node/gpu_percent,0.000000
1779463840.212,/node/gpu_percent,67.199997
1779463840.447,/node/gpu_percent,17.400000
1779463840.698,/node/gpu_percent,63.200001
1779463840.711,/node/gpu_percent,0.000000
1779463840.946,/node/gpu_percent,21.000000
1779463841.198,/node/gpu_percent,0.000000
1779463841.214,/node/gpu_percent,69.099998
1779463841.446,/node/gpu_percent,72.199997
1779463841.697,/node/gpu_percent,6.500000
1779463841.711,/node/gpu_percent,45.400002
1779463841.948,/node/gpu_percent,31.799999
1779463842.198,/node/gpu_percent,90.400002
1779463842.212,/node/gpu_percent,10.200000
1779463842.446,/node/gpu_percent,11.600000
1779463842.698,/node/gpu_percent,68.800003
1779463842.712,/node/gpu_percent,36.299999
1779463842.944,/node/gpu_percent,53.299999
1779463843.198,/node/gpu_percent,61.500000
1779463843.212,/node/gpu_percent,61.500000
1779463843.447,/node/gpu_percent,70.099998
1779463843.700,/node/gpu_percent,2.600000
1779463843.712,/node/gpu_percent,45.700001
1779463843.947,/node/gpu_percent,23.000000
1779463844.198,/node/gpu_percent,31.400000
1779463844.211,/node/gpu_percent,19.799999
1779463844.447,/node/gpu_percent,0.500000
1779463844.698,/node/gpu_percent,68.800003
1779463844.712,/node/gpu_percent,36.200001
1779463844.946,/node/gpu_percent,0.000000
1779463845.198,/node/gpu_percent,14.200000
1779463845.213,/node/gpu_percent,78.099998
1779463845.447,/node/gpu_percent,47.900002
1779463845.700,/node/gpu_percent,91.300003
1779463845.714,/node/gpu_percent,13.800000
1779463845.943,/node/gpu_percent,0.000000
1779463846.200,/node/gpu_percent,41.200001
1779463846.214,/node/gpu_percent,63.799999
1779463846.444,/node/gpu_percent,83.699997
1779463846.700,/node/gpu_percent,0.000000
1779463846.712,/node/gpu_percent,0.000000
1779463846.945,/node/gpu_percent,0.000000
1779463847.198,/node/gpu_percent,0.500000
1779463847.212,/node/gpu_percent,74.699997
1779463847.448,/node/gpu_percent,16.900000
1779463847.699,/node/gpu_percent,49.200001
1779463847.714,/node/gpu_percent,0.000000
1779463847.948,/node/gpu_percent,2.300000
1779463848.200,/node/gpu_percent,0.000000
1779463848.212,/node/gpu_percent,72.900002
1779463848.446,/node/gpu_percent,86.099998
1779463848.698,/node/gpu_percent,41.599998
1779463848.714,/node/gpu_percent,0.000000
1779463848.946,/node/gpu_percent,23.400000
1779463849.199,/node/gpu_percent,64.099998
1779463849.214,/node/gpu_percent,64.099998
1779463849.447,/node/gpu_percent,74.400002
1779463849.700,/node/gpu_percent,81.400002
1779463849.714,/node/gpu_percent,10.100000
1779463849.946,/node/gpu_percent,59.200001
1779463850.199,/node/gpu_percent,26.700001
1779463850.211,/node/gpu_percent,26.700001
1779463850.447,/node/gpu_percent,64.099998
1779463850.702,/node/gpu_percent,82.400002
1779463850.714,/node/gpu_percent,2.400000
1779463850.947,/node/gpu_percent,53.599998
1779463851.200,/node/gpu_percent,15.900000
1779463851.214,/node/gpu_percent,84.900002
1779463851.446,/node/gpu_percent,40.000000
1779463851.698,/node/gpu_percent,70.800003
1779463851.711,/node/gpu_percent,34.400002
1779463851.949,/node/gpu_percent,1.800000
1779463852.198,/node/gpu_percent,0.500000
1779463852.215,/node/gpu_percent,78.300003
1779463852.446,/node/gpu_percent,22.600000
1779463852.699,/node/gpu_percent,45.799999
1779463852.714,/node/gpu_percent,45.799999
1779463852.948,/node/gpu_percent,1.600000
1779463853.197,/node/gpu_percent,0.000000
1779463853.212,/node/gpu_percent,85.099998
1779463853.448,/node/gpu_percent,38.299999
1779463853.702,/node/gpu_percent,44.000000
1779463853.712,/node/gpu_percent,44.000000
1779463853.948,/node/gpu_percent,12.900000
1779463854.200,/node/gpu_percent,0.000000
1779463854.212,/node/gpu_percent,68.500000
1779463854.448,/node/gpu_percent,13.400000
1779463854.702,/node/gpu_percent,46.700001
1779463854.713,/node/gpu_percent,1.900000
1779463854.947,/node/gpu_percent,21.600000
1779463855.201,/node/gpu_percent,0.000000
1779463855.213,/node/gpu_percent,74.900002
1779463855.451,/node/gpu_percent,66.400002
1779463855.700,/node/gpu_percent,32.500000
1779463855.713,/node/gpu_percent,11.200000
1779463855.949,/node/gpu_percent,0.000000
1779463856.198,/node/gpu_percent,88.500000
1779463856.214,/node/gpu_percent,88.500000
1779463856.451,/node/gpu_percent,51.200001
1779463856.696,/node/gpu_percent,0.000000
1779463856.711,/node/gpu_percent,54.400002
1779463856.948,/node/gpu_percent,8.200000
1779463857.200,/node/gpu_percent,47.200001
1779463857.213,/node/gpu_percent,47.200001
1779463857.447,/node/gpu_percent,12.400000
1779463857.699,/node/gpu_percent,4.500000
1779463857.713,/node/gpu_percent,83.199997
1779463857.950,/node/gpu_percent,71.900002
1779463858.198,/node/gpu_percent,3.500000
1779463858.213,/node/gpu_percent,83.800003
1779463858.448,/node/gpu_percent,67.099998
1779463858.699,/node/gpu_percent,74.699997
1779463858.713,/node/gpu_percent,0.000000
1779463858.947,/node/gpu_percent,3.500000
1779463859.198,/node/gpu_percent,51.200001
1779463859.217,/node/gpu_percent,53.799999
1779463859.448,/node/gpu_percent,78.300003
1779463859.699,/node/gpu_percent,0.000000
1779463859.714,/node/gpu_percent,0.000000
1779463859.948,/node/gpu_percent,52.900002
1779463860.199,/node/gpu_percent,82.599998
1779463860.215,/node/gpu_percent,22.600000
1779463860.448,/node/gpu_percent,86.500000
1779463860.699,/node/gpu_percent,4.500000
1779463860.713,/node/gpu_percent,89.599998
1779463860.947,/node/gpu_percent,72.400002
1779463861.198,/node/gpu_percent,53.799999
1779463861.213,/node/gpu_percent,0.000000
1779463861.446,/node/gpu_percent,25.900000
1779463861.698,/node/gpu_percent,58.500000
1779463861.717,/node/gpu_percent,48.799999
1779463861.948,/node/gpu_percent,82.099998
1779463862.201,/node/gpu_percent,91.699997
1779463862.212,/node/gpu_percent,10.000000
1779463862.450,/node/gpu_percent,0.000000
1779463862.700,/node/gpu_percent,11.200000
1779463862.715,/node/gpu_percent,89.000000
1779463862.949,/node/gpu_percent,55.099998
1779463863.202,/node/gpu_percent,37.099998
1779463863.214,/node/gpu_percent,37.099998
1779463863.448,/node/gpu_percent,0.000000
1779463863.700,/node/gpu_percent,13.400000
1779463863.713,/node/gpu_percent,87.699997
1779463863.947,/node/gpu_percent,68.400002
1779463864.200,/node/gpu_percent,0.000000
1779463864.216,/node/gpu_percent,0.000000
1779463864.449,/node/gpu_percent,58.000000
1779463864.701,/node/gpu_percent,82.800003
1779463864.715,/node/gpu_percent,1.600000
1779463864.949,/node/gpu_percent,32.500000
1779463865.199,/node/gpu_percent,65.300003
1779463865.220,/node/gpu_percent,39.700001
1779463865.452,/node/gpu_percent,73.800003
1779463865.700,/node/gpu_percent,25.100000
1779463865.712,/node/gpu_percent,26.700001
1779463865.947,/node/gpu_percent,74.099998
1779463866.200,/node/gpu_percent,58.799999
1779463866.212,/node/gpu_percent,0.000000
1779463866.449,/node/gpu_percent,14.300000
1779463866.698,/node/gpu_percent,62.400002
1779463866.714,/node/gpu_percent,62.400002
1779463866.952,/node/gpu_percent,52.000000
1779463867.198,/node/gpu_percent,0.000000
1779463867.217,/node/gpu_percent,64.800003
1779463867.449,/node/gpu_percent,48.799999
1779463867.700,/node/gpu_percent,0.000000
1779463867.714,/node/gpu_percent,69.000000
1779463867.948,/node/gpu_percent,42.099998
1779463868.201,/node/gpu_percent,80.099998
1779463868.213,/node/gpu_percent,0.000000
1779463868.448,/node/gpu_percent,43.500000
1779463868.699,/node/gpu_percent,68.800003
1779463868.713,/node/gpu_percent,0.000000
1779463868.947,/node/gpu_percent,0.000000
1779463869.200,/node/gpu_percent,57.299999
1779463869.213,/node/gpu_percent,47.799999
1779463869.450,/node/gpu_percent,0.000000
1779463869.699,/node/gpu_percent,13.000000
1779463869.715,/node/gpu_percent,84.300003
1779463869.949,/node/gpu_percent,53.799999
1779463870.200,/node/gpu_percent,8.400000
1779463870.214,/node/gpu_percent,8.400000
1779463870.448,/node/gpu_percent,34.299999
1779463870.699,/node/gpu_percent,94.199997
1779463870.716,/node/gpu_percent,2.700000
1779463870.948,/node/gpu_percent,1.600000
1779463871.202,/node/gpu_percent,70.900002
1779463871.213,/node/gpu_percent,0.000000
1779463871.448,/node/gpu_percent,5.400000
1779463871.699,/node/gpu_percent,24.100000
1779463871.718,/node/gpu_percent,79.900002
1779463871.950,/node/gpu_percent,11.800000
1779463872.202,/node/gpu_percent,0.000000
1779463872.214,/node/gpu_percent,64.500000
1779463872.448,/node/gpu_percent,0.000000
1779463872.699,/node/gpu_percent,0.000000
1779463872.712,/node/gpu_percent,75.699997
1779463872.949,/node/gpu_percent,70.900002
1779463873.199,/node/gpu_percent,20.000000
1779463873.215,/node/gpu_percent,25.200001
1779463873.449,/node/gpu_percent,0.000000
1779463873.700,/node/gpu_percent,64.800003
1779463873.714,/node/gpu_percent,64.800003
1779463873.948,/node/gpu_percent,16.600000
1779463874.201,/node/gpu_percent,0.000000
1779463874.214,/node/gpu_percent,75.300003
1779463874.449,/node/gpu_percent,42.500000
1779463874.700,/node/gpu_percent,22.400000
1779463874.714,/node/gpu_percent,23.299999
1779463874.950,/node/gpu_percent,0.000000
1779463875.201,/node/gpu_percent,11.600000
1779463875.215,/node/gpu_percent,91.300003
1779463875.450,/node/gpu_percent,46.400002
1779463875.700,/node/gpu_percent,10.900000
1779463875.717,/node/gpu_percent,41.299999
1779463875.950,/node/gpu_percent,0.000000
1779463876.201,/node/gpu_percent,34.900002
1779463876.214,/node/gpu_percent,69.900002
1779463876.449,/node/gpu_percent,58.400002
1779463876.701,/node/gpu_percent,36.700001
1779463876.717,/node/gpu_percent,4.500000
1779463876.953,/node/gpu_percent,58.900002
1779463877.201,/node/gpu_percent,86.500000
1779463877.216,/node/gpu_percent,86.500000
1779463877.450,/node/gpu_percent,22.600000
1779463877.701,/node/gpu_percent,12.000000
1779463877.714,/node/gpu_percent,90.500000
1779463877.951,/node/gpu_percent,92.599998
1779463878.201,/node/gpu_percent,29.799999
1779463878.216,/node/gpu_percent,75.199997
1779463878.448,/node/gpu_percent,91.000000
1779463878.701,/node/gpu_percent,21.500000
1779463878.716,/node/gpu_percent,30.600000
1779463878.950,/node/gpu_percent,91.300003
1779463879.202,/node/gpu_percent,8.500000
1779463879.216,/node/gpu_percent,42.000000
1779463879.451,/node/gpu_percent,32.700001
1779463879.703,/node/gpu_percent,1.900000
1779463879.715,/node/gpu_percent,1.900000
1779463879.951,/node/gpu_percent,36.400002
1779463880.205,/node/gpu_percent,81.699997
1779463880.215,/node/gpu_percent,0.000000
1779463880.452,/node/gpu_percent,3.900000
1779463880.702,/node/gpu_percent,77.199997
1779463880.714,/node/gpu_percent,77.199997
1779463880.949,/node/gpu_percent,6.100000
1779463881.202,/node/gpu_percent,27.600000
1779463881.217,/node/gpu_percent,77.300003
1779463881.450,/node/gpu_percent,91.500000
1779463881.702,/node/gpu_percent,32.700001
1779463881.717,/node/gpu_percent,72.199997
1779463881.952,/node/gpu_percent,88.800003
1779463882.201,/node/gpu_percent,31.400000
1779463882.217,/node/gpu_percent,19.600000
1779463882.449,/node/gpu_percent,74.699997
1779463882.701,/node/gpu_percent,71.000000
1779463882.715,/node/gpu_percent,0.000000
1779463882.951,/node/gpu_percent,21.799999
1779463883.203,/node/gpu_percent,58.299999
1779463883.217,/node/gpu_percent,58.299999
1779463883.451,/node/gpu_percent,90.500000
1779463883.704,/node/gpu_percent,65.500000
1779463883.717,/node/gpu_percent,0.000000
1779463883.950,/node/gpu_percent,2.300000
1779463884.203,/node/gpu_percent,89.000000
1779463884.217,/node/gpu_percent,2.700000
1779463884.451,/node/gpu_percent,28.000000
1779463884.703,/node/gpu_percent,0.000000
1779463884.717,/node/gpu_percent,57.099998
1779463884.953,/node/gpu_percent,6.400000
1779463885.202,/node/gpu_percent,69.400002
1779463885.216,/node/gpu_percent,0.000000
1779463885.452,/node/gpu_percent,40.799999
1779463885.703,/node/gpu_percent,0.000000
1779463885.717,/node/gpu_percent,64.300003
1779463885.952,/node/gpu_percent,55.500000
1779463886.203,/node/gpu_percent,0.000000
1779463886.219,/node/gpu_percent,69.300003
1779463886.451,/node/gpu_percent,54.099998
1779463886.703,/node/gpu_percent,1.600000
1779463886.717,/node/gpu_percent,1.600000
1779463886.951,/node/gpu_percent,17.500000
1779463887.202,/node/gpu_percent,94.099998
1779463887.216,/node/gpu_percent,6.500000
1779463887.452,/node/gpu_percent,14.800000
1779463887.703,/node/gpu_percent,86.300003
1779463887.716,/node/gpu_percent,1.800000
1779463887.953,/node/gpu_percent,9.200000
1779463888.203,/node/gpu_percent,29.600000
1779463888.220,/node/gpu_percent,75.099998
1779463888.452,/node/gpu_percent,37.099998
1779463888.704,/node/gpu_percent,1.700000
1779463888.718,/node/gpu_percent,44.599998
1779463888.954,/node/gpu_percent,0.000000
1779463889.205,/node/gpu_percent,47.200001
1779463889.216,/node/gpu_percent,57.900002
1779463889.452,/node/gpu_percent,13.100000
1779463889.702,/node/gpu_percent,0.000000
1779463889.717,/node/gpu_percent,84.199997
1779463889.955,/node/gpu_percent,52.099998
1779463890.203,/node/gpu_percent,2.700000
1779463890.218,/node/gpu_percent,2.700000
1779463890.454,/node/gpu_percent,3.700000
1779463890.704,/node/gpu_percent,57.099998
1779463890.718,/node/gpu_percent,48.099998
1779463890.955,/node/gpu_percent,86.300003
1779463891.203,/node/gpu_percent,0.000000
1779463891.219,/node/gpu_percent,71.900002
1779463891.450,/node/gpu_percent,24.100000
1779463891.704,/node/gpu_percent,69.099998
1779463891.719,/node/gpu_percent,36.200001
1779463891.953,/node/gpu_percent,0.000000
1779463892.204,/node/gpu_percent,12.300000
1779463892.216,/node/gpu_percent,85.400002
1779463892.452,/node/gpu_percent,59.900002
1779463892.703,/node/gpu_percent,86.199997
1779463892.720,/node/gpu_percent,2.000000
1779463892.953,/node/gpu_percent,14.500000
1779463893.203,/node/gpu_percent,61.299999
1779463893.221,/node/gpu_percent,43.799999
1779463893.453,/node/gpu_percent,86.400002
1779463893.706,/node/gpu_percent,0.000000
1779463893.717,/node/gpu_percent,0.000000
1779463893.953,/node/gpu_percent,17.000000
1779463894.203,/node/gpu_percent,72.400002
1779463894.220,/node/gpu_percent,32.700001
1779463894.454,/node/gpu_percent,72.900002
1779463894.705,/node/gpu_percent,0.000000
1779463894.718,/node/gpu_percent,80.699997
1779463894.953,/node/gpu_percent,12.300000
1779463895.205,/node/gpu_percent,44.200001
1779463895.219,/node/gpu_percent,60.900002
1779463895.456,/node/gpu_percent,27.100000
1779463895.704,/node/gpu_percent,0.000000
1779463895.718,/node/gpu_percent,68.500000
1779463895.954,/node/gpu_percent,11.700000
1779463896.205,/node/gpu_percent,61.799999
1779463896.218,/node/gpu_percent,45.700001
1779463896.454,/node/gpu_percent,10.400000
1779463896.704,/node/gpu_percent,0.000000
1779463896.718,/node/gpu_percent,66.300003
1779463896.954,/node/gpu_percent,14.700000
1779463897.204,/node/gpu_percent,45.200001
1779463897.219,/node/gpu_percent,45.200001
1779463897.451,/node/gpu_percent,24.700001
1779463897.706,/node/gpu_percent,0.000000
1779463897.719,/node/gpu_percent,57.599998
1779463897.953,/node/gpu_percent,9.800000
1779463898.204,/node/gpu_percent,49.200001
1779463898.218,/node/gpu_percent,0.000000
1779463898.453,/node/gpu_percent,10.200000
1779463898.705,/node/gpu_percent,0.000000
1779463898.720,/node/gpu_percent,72.500000
1779463898.954,/node/gpu_percent,66.599998
1779463899.205,/node/gpu_percent,26.299999
1779463899.221,/node/gpu_percent,20.400000
1779463899.455,/node/gpu_percent,0.000000
1779463899.704,/node/gpu_percent,23.200001
1779463899.720,/node/gpu_percent,84.000000
1779463899.954,/node/gpu_percent,32.500000
1779463900.206,/node/gpu_percent,0.000000
1779463900.219,/node/gpu_percent,62.299999
1779463900.453,/node/gpu_percent,14.000000
1779463900.708,/node/gpu_percent,36.500000
1779463900.719,/node/gpu_percent,36.500000
1779463900.955,/node/gpu_percent,0.000000
1779463901.206,/node/gpu_percent,4.900000
1779463901.220,/node/gpu_percent,93.800003
1779463901.455,/node/gpu_percent,57.799999
1779463901.706,/node/gpu_percent,1.600000
1779463901.719,/node/gpu_percent,52.099998
1779463901.955,/node/gpu_percent,3.500000
1779463902.205,/node/gpu_percent,45.200001
1779463902.220,/node/gpu_percent,59.599998
1779463902.457,/node/gpu_percent,22.900000
1779463902.704,/node/gpu_percent,14.700000
1779463902.719,/node/gpu_percent,35.799999
1779463902.953,/node/gpu_percent,0.000000
1779463903.206,/node/gpu_percent,66.400002
1779463903.220,/node/gpu_percent,66.400002
1779463903.454,/node/gpu_percent,0.000000
1779463903.708,/node/gpu_percent,38.400002
1779463903.724,/node/gpu_percent,66.599998
1779463903.955,/node/gpu_percent,79.400002
1779463904.206,/node/gpu_percent,42.599998
1779463904.221,/node/gpu_percent,42.599998
1779463904.454,/node/gpu_percent,82.400002
1779463904.705,/node/gpu_percent,40.900002
1779463904.721,/node/gpu_percent,0.000000
1779463904.954,/node/gpu_percent,6.800000
1779463905.207,/node/gpu_percent,84.500000
1779463905.222,/node/gpu_percent,20.400000
1779463905.458,/node/gpu_percent,63.500000
1779463905.707,/node/gpu_percent,10.900000
1779463905.721,/node/gpu_percent,30.700001
1779463905.956,/node/gpu_percent,83.300003
1779463906.210,/node/gpu_percent,56.599998
1779463906.221,/node/gpu_percent,0.000000
1779463906.453,/node/gpu_percent,12.000000
1779463906.708,/node/gpu_percent,64.400002
1779463906.720,/node/gpu_percent,64.400002
1779463906.956,/node/gpu_percent,89.000000
1779463907.210,/node/gpu_percent,73.400002
1779463907.223,/node/gpu_percent,0.000000
1779463907.456,/node/gpu_percent,38.700001
1779463907.706,/node/gpu_percent,33.599998
1779463907.720,/node/gpu_percent,70.900002
1779463907.957,/node/gpu_percent,78.800003
1779463908.210,/node/gpu_percent,75.099998
1779463908.220,/node/gpu_percent,0.000000
1779463908.454,/node/gpu_percent,13.200000
1779463908.706,/node/gpu_percent,65.699997
1779463908.726,/node/gpu_percent,39.400002
1779463908.957,/node/gpu_percent,77.500000
1779463909.208,/node/gpu_percent,37.799999
1779463909.221,/node/gpu_percent,4.500000
1779463909.456,/node/gpu_percent,42.900002
1779463909.706,/node/gpu_percent,94.800003
1779463909.720,/node/gpu_percent,5.300000
1779463909.956,/node/gpu_percent,38.500000
1779463910.209,/node/gpu_percent,67.000000
1779463910.222,/node/gpu_percent,67.000000
1779463910.456,/node/gpu_percent,75.699997
1779463910.708,/node/gpu_percent,2.600000
1779463910.722,/node/gpu_percent,47.500000
1779463910.957,/node/gpu_percent,33.599998
1779463911.209,/node/gpu_percent,26.100000
1779463911.224,/node/gpu_percent,19.500000
1779463911.457,/node/gpu_percent,3.100000
1779463911.707,/node/gpu_percent,69.599998
1779463911.721,/node/gpu_percent,35.400002
1779463911.959,/node/gpu_percent,23.900000
1779463912.207,/node/gpu_percent,2.100000
1779463912.224,/node/gpu_percent,46.099998
1779463912.456,/node/gpu_percent,0.000000
1779463912.707,/node/gpu_percent,41.400002
1779463912.721,/node/gpu_percent,63.900002
1779463912.959,/node/gpu_percent,7.500000
1779463913.208,/node/gpu_percent,0.000000
1779463913.221,/node/gpu_percent,71.800003
1779463913.456,/node/gpu_percent,27.100000
1779463913.712,/node/gpu_percent,35.500000
1779463913.724,/node/gpu_percent,35.500000
1779463913.956,/node/gpu_percent,0.000000
1779463914.208,/node/gpu_percent,22.000000
1779463914.222,/node/gpu_percent,81.300003
1779463914.459,/node/gpu_percent,70.800003
1779463914.708,/node/gpu_percent,1.600000
1779463914.724,/node/gpu_percent,49.900002
1779463914.958,/node/gpu_percent,0.000000
1779463915.208,/node/gpu_percent,37.400002
1779463915.225,/node/gpu_percent,67.599998
1779463915.458,/node/gpu_percent,2.000000
1779463915.710,/node/gpu_percent,25.000000
1779463915.723,/node/gpu_percent,78.199997
1779463915.958,/node/gpu_percent,86.300003
1779463916.210,/node/gpu_percent,42.599998
1779463916.224,/node/gpu_percent,1.900000
1779463916.458,/node/gpu_percent,44.700001
1779463916.709,/node/gpu_percent,66.000000
1779463916.725,/node/gpu_percent,39.000000
1779463916.962,/node/gpu_percent,82.000000
1779463917.209,/node/gpu_percent,0.000000
1779463917.223,/node/gpu_percent,0.000000
1779463917.457,/node/gpu_percent,15.900000
1779463917.709,/node/gpu_percent,55.099998
1779463917.724,/node/gpu_percent,50.000000
1779463917.957,/node/gpu_percent,61.299999
1779463918.210,/node/gpu_percent,25.799999
1779463918.225,/node/gpu_percent,18.400000
1779463918.456,/node/gpu_percent,0.000000
1779463918.709,/node/gpu_percent,0.000000
1779463918.724,/node/gpu_percent,63.000000
1779463918.960,/node/gpu_percent,81.800003
1779463919.213,/node/gpu_percent,67.099998
1779463919.223,/node/gpu_percent,0.000000
1779463919.460,/node/gpu_percent,52.799999
1779463919.711,/node/gpu_percent,20.799999
1779463919.723,/node/gpu_percent,21.200001
1779463919.959,/node/gpu_percent,56.200001
1779463920.208,/node/gpu_percent,67.900002
1779463920.225,/node/gpu_percent,37.299999
1779463920.463,/node/gpu_percent,76.000000
1779463920.709,/node/gpu_percent,26.799999
1779463920.724,/node/gpu_percent,26.799999
1779463920.960,/node/gpu_percent,88.500000
1779463921.211,/node/gpu_percent,77.300003
1779463921.223,/node/gpu_percent,1.600000
1779463921.458,/node/gpu_percent,0.000000
1779463921.712,/node/gpu_percent,39.700001
1779463921.723,/node/gpu_percent,65.199997
1779463921.959,/node/gpu_percent,80.900002
1779463922.211,/node/gpu_percent,75.599998
1779463922.223,/node/gpu_percent,0.000000
1779463922.459,/node/gpu_percent,1.900000
1779463922.710,/node/gpu_percent,43.000000
1779463922.721,/node/gpu_percent,62.000000
1779463922.959,/node/gpu_percent,82.300003
1779463923.207,/node/gpu_percent,0.000000
1779463923.222,/node/gpu_percent,0.000000
1779463923.458,/node/gpu_percent,48.000000
1779463923.710,/node/gpu_percent,79.800003
1779463923.724,/node/gpu_percent,25.500000
1779463923.961,/node/gpu_percent,90.900002
1779463924.209,/node/gpu_percent,0.000000
1779463924.224,/node/gpu_percent,0.000000
1779463924.459,/node/gpu_percent,20.900000
1779463924.709,/node/gpu_percent,71.500000
1779463924.723,/node/gpu_percent,33.500000
1779463924.960,/node/gpu_percent,87.400002
1779463925.209,/node/gpu_percent,16.400000
1779463925.227,/node/gpu_percent,86.099998
1779463925.458,/node/gpu_percent,62.400002
1779463925.714,/node/gpu_percent,82.599998
1779463925.725,/node/gpu_percent,18.200001
1779463925.958,/node/gpu_percent,0.000000
1779463926.212,/node/gpu_percent,10.500000
1779463926.226,/node/gpu_percent,88.000000
1779463926.461,/node/gpu_percent,26.500000
1779463926.710,/node/gpu_percent,49.299999
1779463926.724,/node/gpu_percent,55.599998
1779463926.958,/node/gpu_percent,12.700000
1779463927.211,/node/gpu_percent,0.000000
1779463927.226,/node/gpu_percent,75.000000
1779463927.460,/node/gpu_percent,50.599998
1779463927.711,/node/gpu_percent,0.000000
1779463927.726,/node/gpu_percent,69.300003
1779463927.959,/node/gpu_percent,54.900002
1779463928.211,/node/gpu_percent,84.900002
1779463928.224,/node/gpu_percent,20.299999
1779463928.458,/node/gpu_percent,0.000000
1779463928.710,/node/gpu_percent,0.000000
1779463928.725,/node/gpu_percent,87.000000
1779463928.961,/node/gpu_percent,41.099998
1779463929.212,/node/gpu_percent,61.299999
1779463929.225,/node/gpu_percent,43.599998
1779463929.464,/node/gpu_percent,16.000000
1779463929.710,/node/gpu_percent,1.600000
1779463929.725,/node/gpu_percent,47.400002
1779463929.961,/node/gpu_percent,0.000000
1779463750.194,/node/io_read_mbs,0.000000
1779463750.209,/node/io_read_mbs,0.000000
1779463750.446,/node/io_read_mbs,0.000000
1779463750.696,/node/io_read_mbs,0.000000
1779463750.711,/node/io_read_mbs,0.000000
1779463750.947,/node/io_read_mbs,0.000000
1779463751.195,/node/io_read_mbs,0.000000
1779463751.209,/node/io_read_mbs,0.000000
1779463751.443,/node/io_read_mbs,0.000000
1779463751.697,/node/io_read_mbs,0.000000
1779463751.710,/node/io_read_mbs,0.000000
1779463751.946,/node/io_read_mbs,0.000000
1779463752.195,/node/io_read_mbs,0.000000
1779463752.213,/node/io_read_mbs,0.000000
1779463752.446,/node/io_read_mbs,0.000000
1779463752.695,/node/io_read_mbs,0.000000
1779463752.707,/node/io_read_mbs,0.000000
1779463752.944,/node/io_read_mbs,0.000000
1779463753.198,/node/io_read_mbs,0.000000
1779463753.209,/node/io_read_mbs,0.000000
1779463753.447,/node/io_read_mbs,0.000000
1779463753.697,/node/io_read_mbs,0.000000
1779463753.711,/node/io_read_mbs,0.000000
1779463753.945,/node/io_read_mbs,0.000000
1779463754.196,/node/io_read_mbs,0.000000
1779463754.208,/node/io_read_mbs,0.000000
1779463754.447,/node/io_read_mbs,0.000000
1779463754.697,/node/io_read_mbs,0.000000
1779463754.708,/node/io_read_mbs,0.000000
1779463754.947,/node/io_read_mbs,0.000000
1779463755.196,/node/io_read_mbs,0.000000
1779463755.207,/node/io_read_mbs,0.000000
1779463755.447,/node/io_read_mbs,0.000000
1779463755.700,/node/io_read_mbs,0.000000
1779463755.710,/node/io_read_mbs,0.000000
1779463755.947,/node/io_read_mbs,0.000000
1779463756.195,/node/io_read_mbs,0.000000
1779463756.208,/node/io_read_mbs,0.000000
1779463756.443,/node/io_read_mbs,0.000000
1779463756.696,/node/io_read_mbs,0.000000
1779463756.710,/node/io_read_mbs,0.000000
1779463756.944,/node/io_read_mbs,0.000000
1779463757.198,/node/io_read_mbs,0.000000
1779463757.208,/node/io_read_mbs,0.000000
1779463757.444,/node/io_read_mbs,0.000000
1779463757.696,/node/io_read_mbs,0.000000
1779463757.708,/node/io_read_mbs,0.000000
1779463757.944,/node/io_read_mbs,0.000000
1779463758.196,/node/io_read_mbs,0.000000
1779463758.208,/node/io_read_mbs,0.000000
1779463758.443,/node/io_read_mbs,0.000000
1779463758.698,/node/io_read_mbs,0.000000
1779463758.713,/node/io_read_mbs,0.000000
1779463758.943,/node/io_read_mbs,0.000000
1779463759.197,/node/io_read_mbs,0.000000
1779463759.210,/node/io_read_mbs,0.000000
1779463759.445,/node/io_read_mbs,0.000000
1779463759.695,/node/io_read_mbs,0.000000
1779463759.709,/node/io_read_mbs,0.000000
1779463759.944,/node/io_read_mbs,0.000000
1779463760.195,/node/io_read_mbs,0.000000
1779463760.210,/node/io_read_mbs,0.000000
1779463760.445,/node/io_read_mbs,0.000000
1779463760.694,/node/io_read_mbs,0.000000
1779463760.711,/node/io_read_mbs,0.000000
1779463760.945,/node/io_read_mbs,0.000000
1779463761.195,/node/io_read_mbs,0.000000
1779463761.209,/node/io_read_mbs,0.000000
1779463761.443,/node/io_read_mbs,0.000000
1779463761.696,/node/io_read_mbs,0.000000
1779463761.709,/node/io_read_mbs,0.000000
1779463761.945,/node/io_read_mbs,0.000000
1779463762.195,/node/io_read_mbs,0.000000
1779463762.209,/node/io_read_mbs,0.000000
1779463762.443,/node/io_read_mbs,0.000000
1779463762.695,/node/io_read_mbs,0.000000
1779463762.709,/node/io_read_mbs,0.000000
1779463762.944,/node/io_read_mbs,0.000000
1779463763.196,/node/io_read_mbs,0.000000
1779463763.209,/node/io_read_mbs,0.000000
1779463763.444,/node/io_read_mbs,0.000000
1779463763.694,/node/io_read_mbs,0.000000
1779463763.709,/node/io_read_mbs,0.000000
1779463763.945,/node/io_read_mbs,0.000000
1779463764.197,/node/io_read_mbs,0.000000
1779463764.210,/node/io_read_mbs,0.000000
1779463764.443,/node/io_read_mbs,0.000000
1779463764.695,/node/io_read_mbs,0.000000
1779463764.711,/node/io_read_mbs,0.000000
1779463764.943,/node/io_read_mbs,0.000000
1779463765.195,/node/io_read_mbs,0.000000
1779463765.211,/node/io_read_mbs,0.000000
1779463765.443,/node/io_read_mbs,0.000000
1779463765.696,/node/io_read_mbs,0.000000
1779463765.710,/node/io_read_mbs,0.000000
1779463765.944,/node/io_read_mbs,0.000000
1779463766.196,/node/io_read_mbs,0.000000
1779463766.210,/node/io_read_mbs,0.000000
1779463766.444,/node/io_read_mbs,0.000000
1779463766.695,/node/io_read_mbs,0.000000
1779463766.711,/node/io_read_mbs,0.000000
1779463766.945,/node/io_read_mbs,0.000000
1779463767.195,/node/io_read_mbs,0.000000
1779463767.212,/node/io_read_mbs,0.000000
1779463767.446,/node/io_read_mbs,0.000000
1779463767.694,/node/io_read_mbs,0.000000
1779463767.714,/node/io_read_mbs,0.000000
1779463767.945,/node/io_read_mbs,0.000000
1779463768.197,/node/io_read_mbs,0.000000
1779463768.211,/node/io_read_mbs,0.000000
1779463768.444,/node/io_read_mbs,0.000000
1779463768.695,/node/io_read_mbs,0.000000
1779463768.712,/node/io_read_mbs,0.000000
1779463768.944,/node/io_read_mbs,0.000000
1779463769.197,/node/io_read_mbs,0.000000
1779463769.210,/node/io_read_mbs,0.000000
1779463769.443,/node/io_read_mbs,0.000000
1779463769.696,/node/io_read_mbs,0.000000
1779463769.713,/node/io_read_mbs,0.000000
1779463769.945,/node/io_read_mbs,0.000000
1779463770.196,/node/io_read_mbs,0.000000
1779463770.209,/node/io_read_mbs,0.000000
1779463770.447,/node/io_read_mbs,0.000000
1779463770.697,/node/io_read_mbs,0.000000
1779463770.710,/node/io_read_mbs,0.000000
1779463770.945,/node/io_read_mbs,0.000000
1779463771.197,/node/io_read_mbs,0.000000
1779463771.210,/node/io_read_mbs,0.000000
1779463771.444,/node/io_read_mbs,0.000000
1779463771.697,/node/io_read_mbs,0.000000
1779463771.710,/node/io_read_mbs,0.000000
1779463771.945,/node/io_read_mbs,0.000000
1779463772.198,/node/io_read_mbs,0.000000
1779463772.210,/node/io_read_mbs,0.000000
1779463772.450,/node/io_read_mbs,0.000000
1779463772.697,/node/io_read_mbs,0.000000
1779463772.713,/node/io_read_mbs,0.000000
1779463772.946,/node/io_read_mbs,0.000000
1779463773.194,/node/io_read_mbs,0.000000
1779463773.212,/node/io_read_mbs,0.000000
1779463773.446,/node/io_read_mbs,0.000000
1779463773.696,/node/io_read_mbs,0.000000
1779463773.709,/node/io_read_mbs,0.000000
1779463773.944,/node/io_read_mbs,0.000000
1779463774.197,/node/io_read_mbs,0.000000
1779463774.209,/node/io_read_mbs,0.000000
1779463774.446,/node/io_read_mbs,0.000000
1779463774.697,/node/io_read_mbs,0.000000
1779463774.709,/node/io_read_mbs,0.000000
1779463774.944,/node/io_read_mbs,0.000000
1779463775.197,/node/io_read_mbs,0.000000
1779463775.209,/node/io_read_mbs,0.000000
1779463775.446,/node/io_read_mbs,0.000000
1779463775.695,/node/io_read_mbs,0.000000
1779463775.710,/node/io_read_mbs,0.000000
1779463775.947,/node/io_read_mbs,0.000000
1779463776.198,/node/io_read_mbs,0.000000
1779463776.210,/node/io_read_mbs,0.000000
1779463776.445,/node/io_read_mbs,0.000000
1779463776.695,/node/io_read_mbs,0.000000
1779463776.710,/node/io_read_mbs,0.000000
1779463776.946,/node/io_read_mbs,0.000000
1779463777.196,/node/io_read_mbs,0.000000
1779463777.209,/node/io_read_mbs,0.000000
1779463777.448,/node/io_read_mbs,0.000000
1779463777.695,/node/io_read_mbs,0.000000
1779463777.709,/node/io_read_mbs,0.000000
1779463777.945,/node/io_read_mbs,0.000000
1779463778.195,/node/io_read_mbs,0.000000
1779463778.214,/node/io_read_mbs,0.000000
1779463778.449,/node/io_read_mbs,0.000000
1779463778.699,/node/io_read_mbs,0.000000
1779463778.709,/node/io_read_mbs,0.000000
1779463778.945,/node/io_read_mbs,0.000000
1779463779.195,/node/io_read_mbs,0.000000
1779463779.214,/node/io_read_mbs,0.000000
1779463779.445,/node/io_read_mbs,0.000000
1779463779.696,/node/io_read_mbs,0.000000
1779463779.710,/node/io_read_mbs,0.000000
1779463779.947,/node/io_read_mbs,0.000000
1779463780.195,/node/io_read_mbs,0.000000
1779463780.209,/node/io_read_mbs,0.000000
1779463780.446,/node/io_read_mbs,0.000000
1779463780.697,/node/io_read_mbs,0.000000
1779463780.711,/node/io_read_mbs,0.000000
1779463780.944,/node/io_read_mbs,0.000000
1779463781.195,/node/io_read_mbs,0.000000
1779463781.209,/node/io_read_mbs,0.000000
1779463781.445,/node/io_read_mbs,0.000000
1779463781.696,/node/io_read_mbs,0.000000
1779463781.710,/node/io_read_mbs,0.000000
1779463781.944,/node/io_read_mbs,0.000000
1779463782.196,/node/io_read_mbs,0.000000
1779463782.212,/node/io_read_mbs,0.000000
1779463782.446,/node/io_read_mbs,0.000000
1779463782.696,/node/io_read_mbs,0.000000
1779463782.711,/node/io_read_mbs,0.000000
1779463782.944,/node/io_read_mbs,0.000000
1779463783.197,/node/io_read_mbs,0.000000
1779463783.210,/node/io_read_mbs,0.000000
1779463783.445,/node/io_read_mbs,0.000000
1779463783.696,/node/io_read_mbs,0.000000
1779463783.713,/node/io_read_mbs,0.000000
1779463783.947,/node/io_read_mbs,0.000000
1779463784.198,/node/io_read_mbs,0.000000
1779463784.210,/node/io_read_mbs,0.000000
1779463784.445,/node/io_read_mbs,0.000000
1779463784.697,/node/io_read_mbs,0.000000
1779463784.712,/node/io_read_mbs,0.000000
1779463784.947,/node/io_read_mbs,0.000000
1779463785.196,/node/io_read_mbs,0.000000
1779463785.209,/node/io_read_mbs,0.000000
1779463785.445,/node/io_read_mbs,0.000000
1779463785.696,/node/io_read_mbs,0.000000
1779463785.711,/node/io_read_mbs,0.000000
1779463785.946,/node/io_read_mbs,0.000000
1779463786.198,/node/io_read_mbs,0.000000
1779463786.211,/node/io_read_mbs,0.000000
1779463786.447,/node/io_read_mbs,0.000000
1779463786.695,/node/io_read_mbs,0.000000
1779463786.711,/node/io_read_mbs,0.000000
1779463786.946,/node/io_read_mbs,0.000000
1779463787.195,/node/io_read_mbs,0.000000
1779463787.210,/node/io_read_mbs,0.000000
1779463787.444,/node/io_read_mbs,0.000000
1779463787.700,/node/io_read_mbs,0.000000
1779463787.710,/node/io_read_mbs,0.000000
1779463787.947,/node/io_read_mbs,0.000000
1779463788.196,/node/io_read_mbs,0.000000
1779463788.212,/node/io_read_mbs,0.000000
1779463788.446,/node/io_read_mbs,0.000000
1779463788.698,/node/io_read_mbs,0.000000
1779463788.711,/node/io_read_mbs,0.000000
1779463788.946,/node/io_read_mbs,0.000000
1779463789.202,/node/io_read_mbs,0.000000
1779463789.214,/node/io_read_mbs,0.000000
1779463789.448,/node/io_read_mbs,0.000000
1779463789.698,/node/io_read_mbs,0.000000
1779463789.710,/node/io_read_mbs,0.000000
1779463789.949,/node/io_read_mbs,0.000000
1779463790.196,/node/io_read_mbs,0.000000
1779463790.212,/node/io_read_mbs,0.000000
1779463790.447,/node/io_read_mbs,0.000000
1779463790.697,/node/io_read_mbs,0.000000
1779463790.714,/node/io_read_mbs,0.000000
1779463790.946,/node/io_read_mbs,0.000000
1779463791.198,/node/io_read_mbs,0.000000
1779463791.216,/node/io_read_mbs,0.000000
1779463791.445,/node/io_read_mbs,0.000000
1779463791.697,/node/io_read_mbs,0.000000
1779463791.712,/node/io_read_mbs,0.000000
1779463791.949,/node/io_read_mbs,0.000000
1779463792.199,/node/io_read_mbs,0.000000
1779463792.210,/node/io_read_mbs,0.000000
1779463792.446,/node/io_read_mbs,0.000000
1779463792.697,/node/io_read_mbs,0.000000
1779463792.711,/node/io_read_mbs,0.000000
1779463792.945,/node/io_read_mbs,0.000000
1779463793.198,/node/io_read_mbs,0.000000
1779463793.212,/node/io_read_mbs,0.000000
1779463793.446,/node/io_read_mbs,0.000000
1779463793.699,/node/io_read_mbs,0.000000
1779463793.712,/node/io_read_mbs,0.000000
1779463793.949,/node/io_read_mbs,0.000000
1779463794.198,/node/io_read_mbs,0.000000
1779463794.212,/node/io_read_mbs,0.000000
1779463794.447,/node/io_read_mbs,0.000000
1779463794.698,/node/io_read_mbs,0.000000
1779463794.711,/node/io_read_mbs,0.000000
1779463794.947,/node/io_read_mbs,0.000000
1779463795.194,/node/io_read_mbs,0.000000
1779463795.208,/node/io_read_mbs,0.000000
1779463795.445,/node/io_read_mbs,0.000000
1779463795.697,/node/io_read_mbs,0.000000
1779463795.711,/node/io_read_mbs,0.000000
1779463795.948,/node/io_read_mbs,0.000000
1779463796.196,/node/io_read_mbs,0.000000
1779463796.211,/node/io_read_mbs,0.000000
1779463796.446,/node/io_read_mbs,0.000000
1779463796.701,/node/io_read_mbs,0.000000
1779463796.710,/node/io_read_mbs,0.000000
1779463796.946,/node/io_read_mbs,0.000000
1779463797.200,/node/io_read_mbs,0.000000
1779463797.211,/node/io_read_mbs,0.000000
1779463797.447,/node/io_read_mbs,0.000000
1779463797.696,/node/io_read_mbs,0.000000
1779463797.715,/node/io_read_mbs,0.000000
1779463797.949,/node/io_read_mbs,0.000000
1779463798.197,/node/io_read_mbs,0.000000
1779463798.211,/node/io_read_mbs,0.000000
1779463798.445,/node/io_read_mbs,0.000000
1779463798.698,/node/io_read_mbs,0.000000
1779463798.712,/node/io_read_mbs,0.000000
1779463798.948,/node/io_read_mbs,0.000000
1779463799.196,/node/io_read_mbs,0.000000
1779463799.211,/node/io_read_mbs,0.000000
1779463799.446,/node/io_read_mbs,0.000000
1779463799.697,/node/io_read_mbs,0.000000
1779463799.711,/node/io_read_mbs,0.000000
1779463799.946,/node/io_read_mbs,0.000000
1779463800.198,/node/io_read_mbs,0.000000
1779463800.211,/node/io_read_mbs,0.000000
1779463800.445,/node/io_read_mbs,0.000000
1779463800.698,/node/io_read_mbs,0.000000
1779463800.713,/node/io_read_mbs,0.000000
1779463800.947,/node/io_read_mbs,0.000000
1779463801.197,/node/io_read_mbs,0.000000
1779463801.211,/node/io_read_mbs,0.000000
1779463801.444,/node/io_read_mbs,0.000000
1779463801.698,/node/io_read_mbs,0.000000
1779463801.711,/node/io_read_mbs,0.000000
1779463801.947,/node/io_read_mbs,0.000000
1779463802.196,/node/io_read_mbs,0.000000
1779463802.212,/node/io_read_mbs,0.000000
1779463802.446,/node/io_read_mbs,0.000000
1779463802.698,/node/io_read_mbs,0.000000
1779463802.713,/node/io_read_mbs,0.000000
1779463802.946,/node/io_read_mbs,0.000000
1779463803.196,/node/io_read_mbs,0.000000
1779463803.213,/node/io_read_mbs,0.000000
1779463803.446,/node/io_read_mbs,0.000000
1779463803.697,/node/io_read_mbs,0.000000
1779463803.711,/node/io_read_mbs,0.000000
1779463803.948,/node/io_read_mbs,0.000000
1779463804.196,/node/io_read_mbs,0.000000
1779463804.211,/node/io_read_mbs,0.000000
1779463804.445,/node/io_read_mbs,0.000000
1779463804.698,/node/io_read_mbs,0.000000
1779463804.711,/node/io_read_mbs,0.000000
1779463804.946,/node/io_read_mbs,0.000000
1779463805.195,/node/io_read_mbs,0.000000
1779463805.208,/node/io_read_mbs,0.000000
1779463805.446,/node/io_read_mbs,0.000000
1779463805.697,/node/io_read_mbs,0.000000
1779463805.712,/node/io_read_mbs,0.000000
1779463805.946,/node/io_read_mbs,0.000000
1779463806.199,/node/io_read_mbs,0.000000
1779463806.213,/node/io_read_mbs,0.000000
1779463806.447,/node/io_read_mbs,0.000000
1779463806.697,/node/io_read_mbs,0.000000
1779463806.711,/node/io_read_mbs,0.000000
1779463806.946,/node/io_read_mbs,0.000000
1779463807.196,/node/io_read_mbs,0.000000
1779463807.211,/node/io_read_mbs,0.000000
1779463807.446,/node/io_read_mbs,0.000000
1779463807.699,/node/io_read_mbs,0.187352
1779463807.714,/node/io_read_mbs,0.187053
1779463807.946,/node/io_read_mbs,0.187224
1779463808.197,/node/io_read_mbs,0.000000
1779463808.211,/node/io_read_mbs,0.000000
1779463808.449,/node/io_read_mbs,0.000000
1779463808.698,/node/io_read_mbs,0.000000
1779463808.714,/node/io_read_mbs,0.000000
1779463808.947,/node/io_read_mbs,0.000000
1779463809.201,/node/io_read_mbs,0.000000
1779463809.214,/node/io_read_mbs,0.000000
1779463809.446,/node/io_read_mbs,0.000000
1779463809.699,/node/io_read_mbs,0.000000
1779463809.712,/node/io_read_mbs,0.000000
1779463809.946,/node/io_read_mbs,0.000000
1779463810.197,/node/io_read_mbs,0.000000
1779463810.213,/node/io_read_mbs,0.000000
1779463810.445,/node/io_read_mbs,0.000000
1779463810.699,/node/io_read_mbs,0.000000
1779463810.715,/node/io_read_mbs,0.000000
1779463810.947,/node/io_read_mbs,0.000000
1779463811.198,/node/io_read_mbs,0.000000
1779463811.213,/node/io_read_mbs,0.000000
1779463811.447,/node/io_read_mbs,0.000000
1779463811.701,/node/io_read_mbs,0.000000
1779463811.714,/node/io_read_mbs,0.000000
1779463811.948,/node/io_read_mbs,0.000000
1779463812.199,/node/io_read_mbs,0.000000
1779463812.212,/node/io_read_mbs,0.000000
1779463812.448,/node/io_read_mbs,0.000000
1779463812.696,/node/io_read_mbs,0.000000
1779463812.711,/node/io_read_mbs,0.000000
1779463812.947,/node/io_read_mbs,0.000000
1779463813.199,/node/io_read_mbs,0.000000
1779463813.211,/node/io_read_mbs,0.000000
1779463813.448,/node/io_read_mbs,0.000000
1779463813.697,/node/io_read_mbs,0.000000
1779463813.712,/node/io_read_mbs,0.000000
1779463813.948,/node/io_read_mbs,0.000000
1779463814.201,/node/io_read_mbs,0.000000
1779463814.212,/node/io_read_mbs,0.000000
1779463814.447,/node/io_read_mbs,0.000000
1779463814.698,/node/io_read_mbs,0.000000
1779463814.712,/node/io_read_mbs,0.000000
1779463814.947,/node/io_read_mbs,0.000000
1779463815.198,/node/io_read_mbs,0.000000
1779463815.211,/node/io_read_mbs,0.000000
1779463815.447,/node/io_read_mbs,0.000000
1779463815.699,/node/io_read_mbs,0.000000
1779463815.712,/node/io_read_mbs,0.000000
1779463815.948,/node/io_read_mbs,0.000000
1779463816.203,/node/io_read_mbs,0.000000
1779463816.213,/node/io_read_mbs,0.000000
1779463816.445,/node/io_read_mbs,0.000000
1779463816.699,/node/io_read_mbs,0.000000
1779463816.712,/node/io_read_mbs,0.000000
1779463816.948,/node/io_read_mbs,0.000000
1779463817.197,/node/io_read_mbs,0.000000
1779463817.213,/node/io_read_mbs,0.000000
1779463817.450,/node/io_read_mbs,0.000000
1779463817.699,/node/io_read_mbs,0.000000
1779463817.712,/node/io_read_mbs,0.000000
1779463817.948,/node/io_read_mbs,0.000000
1779463818.198,/node/io_read_mbs,0.000000
1779463818.212,/node/io_read_mbs,0.000000
1779463818.448,/node/io_read_mbs,0.000000
1779463818.698,/node/io_read_mbs,0.000000
1779463818.712,/node/io_read_mbs,0.000000
1779463818.950,/node/io_read_mbs,0.000000
1779463819.198,/node/io_read_mbs,0.000000
1779463819.212,/node/io_read_mbs,0.000000
1779463819.446,/node/io_read_mbs,0.000000
1779463819.701,/node/io_read_mbs,0.000000
1779463819.712,/node/io_read_mbs,0.000000
1779463819.948,/node/io_read_mbs,0.000000
1779463820.198,/node/io_read_mbs,0.000000
1779463820.212,/node/io_read_mbs,0.000000
1779463820.446,/node/io_read_mbs,0.000000
1779463820.698,/node/io_read_mbs,0.000000
1779463820.714,/node/io_read_mbs,0.000000
1779463820.951,/node/io_read_mbs,0.000000
1779463821.199,/node/io_read_mbs,0.000000
1779463821.212,/node/io_read_mbs,0.000000
1779463821.447,/node/io_read_mbs,0.000000
1779463821.700,/node/io_read_mbs,0.000000
1779463821.713,/node/io_read_mbs,0.000000
1779463821.948,/node/io_read_mbs,0.000000
1779463822.198,/node/io_read_mbs,0.000000
1779463822.214,/node/io_read_mbs,0.000000
1779463822.447,/node/io_read_mbs,0.000000
1779463822.699,/node/io_read_mbs,0.000000
1779463822.714,/node/io_read_mbs,0.000000
1779463822.947,/node/io_read_mbs,0.000000
1779463823.198,/node/io_read_mbs,0.000000
1779463823.212,/node/io_read_mbs,0.000000
1779463823.447,/node/io_read_mbs,0.000000
1779463823.698,/node/io_read_mbs,0.000000
1779463823.712,/node/io_read_mbs,0.000000
1779463823.948,/node/io_read_mbs,0.000000
1779463824.199,/node/io_read_mbs,0.000000
1779463824.214,/node/io_read_mbs,0.000000
1779463824.446,/node/io_read_mbs,0.000000
1779463824.701,/node/io_read_mbs,0.000000
1779463824.714,/node/io_read_mbs,0.000000
1779463824.947,/node/io_read_mbs,0.000000
1779463825.199,/node/io_read_mbs,0.000000
1779463825.212,/node/io_read_mbs,0.000000
1779463825.447,/node/io_read_mbs,0.000000
1779463825.698,/node/io_read_mbs,0.000000
1779463825.713,/node/io_read_mbs,0.000000
1779463825.947,/node/io_read_mbs,0.000000
1779463826.200,/node/io_read_mbs,0.000000
1779463826.214,/node/io_read_mbs,0.000000
1779463826.447,/node/io_read_mbs,0.000000
1779463826.698,/node/io_read_mbs,0.000000
1779463826.714,/node/io_read_mbs,0.000000
1779463826.949,/node/io_read_mbs,0.000000
1779463827.202,/node/io_read_mbs,0.000000
1779463827.214,/node/io_read_mbs,0.000000
1779463827.447,/node/io_read_mbs,0.000000
1779463827.702,/node/io_read_mbs,0.000000
1779463827.714,/node/io_read_mbs,0.000000
1779463827.946,/node/io_read_mbs,0.000000
1779463828.200,/node/io_read_mbs,0.000000
1779463828.216,/node/io_read_mbs,0.000000
1779463828.448,/node/io_read_mbs,0.000000
1779463828.701,/node/io_read_mbs,0.000000
1779463828.712,/node/io_read_mbs,0.000000
1779463828.948,/node/io_read_mbs,0.000000
1779463829.198,/node/io_read_mbs,0.000000
1779463829.214,/node/io_read_mbs,0.000000
1779463829.447,/node/io_read_mbs,0.000000
1779463829.700,/node/io_read_mbs,0.000000
1779463829.713,/node/io_read_mbs,0.000000
1779463829.949,/node/io_read_mbs,0.000000
1779463830.200,/node/io_read_mbs,0.312928
1779463830.216,/node/io_read_mbs,0.312217
1779463830.449,/node/io_read_mbs,0.312369
1779463830.698,/node/io_read_mbs,0.000000
1779463830.713,/node/io_read_mbs,0.000000
1779463830.948,/node/io_read_mbs,0.000000
1779463831.200,/node/io_read_mbs,0.000000
1779463831.213,/node/io_read_mbs,0.000000
1779463831.446,/node/io_read_mbs,0.000000
1779463831.699,/node/io_read_mbs,0.000000
1779463831.713,/node/io_read_mbs,0.000000
1779463831.949,/node/io_read_mbs,0.000000
1779463832.197,/node/io_read_mbs,0.000000
1779463832.212,/node/io_read_mbs,0.000000
1779463832.449,/node/io_read_mbs,0.000000
1779463832.699,/node/io_read_mbs,0.000000
1779463832.714,/node/io_read_mbs,0.000000
1779463832.949,/node/io_read_mbs,0.000000
1779463833.198,/node/io_read_mbs,0.000000
1779463833.212,/node/io_read_mbs,0.000000
1779463833.449,/node/io_read_mbs,0.000000
1779463833.700,/node/io_read_mbs,0.000000
1779463833.716,/node/io_read_mbs,0.000000
1779463833.949,/node/io_read_mbs,0.000000
1779463834.199,/node/io_read_mbs,0.000000
1779463834.213,/node/io_read_mbs,0.000000
1779463834.449,/node/io_read_mbs,0.000000
1779463834.702,/node/io_read_mbs,0.000000
1779463834.713,/node/io_read_mbs,0.000000
1779463834.949,/node/io_read_mbs,0.000000
1779463835.200,/node/io_read_mbs,0.000000
1779463835.214,/node/io_read_mbs,0.000000
1779463835.447,/node/io_read_mbs,0.000000
1779463835.699,/node/io_read_mbs,0.000000
1779463835.713,/node/io_read_mbs,0.000000
1779463835.949,/node/io_read_mbs,0.000000
1779463836.198,/node/io_read_mbs,0.000000
1779463836.212,/node/io_read_mbs,0.000000
1779463836.449,/node/io_read_mbs,0.000000
1779463836.700,/node/io_read_mbs,0.000000
1779463836.712,/node/io_read_mbs,0.000000
1779463836.949,/node/io_read_mbs,0.000000
1779463837.200,/node/io_read_mbs,0.000000
1779463837.213,/node/io_read_mbs,0.000000
1779463837.449,/node/io_read_mbs,0.000000
1779463837.700,/node/io_read_mbs,0.000000
1779463837.712,/node/io_read_mbs,0.000000
1779463837.948,/node/io_read_mbs,0.000000
1779463838.200,/node/io_read_mbs,0.000000
1779463838.213,/node/io_read_mbs,0.000000
1779463838.448,/node/io_read_mbs,0.000000
1779463838.700,/node/io_read_mbs,0.000000
1779463838.715,/node/io_read_mbs,0.000000
1779463838.949,/node/io_read_mbs,0.000000
1779463839.199,/node/io_read_mbs,0.000000
1779463839.215,/node/io_read_mbs,0.000000
1779463839.448,/node/io_read_mbs,0.000000
1779463839.705,/node/io_read_mbs,0.000000
1779463839.713,/node/io_read_mbs,0.000000
1779463839.948,/node/io_read_mbs,0.000000
1779463840.200,/node/io_read_mbs,0.000000
1779463840.213,/node/io_read_mbs,0.000000
1779463840.448,/node/io_read_mbs,0.000000
1779463840.698,/node/io_read_mbs,0.000000
1779463840.713,/node/io_read_mbs,0.000000
1779463840.950,/node/io_read_mbs,0.000000
1779463841.199,/node/io_read_mbs,0.000000
1779463841.215,/node/io_read_mbs,0.000000
1779463841.448,/node/io_read_mbs,0.000000
1779463841.699,/node/io_read_mbs,0.000000
1779463841.713,/node/io_read_mbs,0.000000
1779463841.950,/node/io_read_mbs,0.000000
1779463842.200,/node/io_read_mbs,0.000000
1779463842.214,/node/io_read_mbs,0.000000
1779463842.448,/node/io_read_mbs,0.000000
1779463842.700,/node/io_read_mbs,0.327829
1779463842.713,/node/io_read_mbs,0.328310
1779463842.948,/node/io_read_mbs,0.328481
1779463843.200,/node/io_read_mbs,0.000000
1779463843.214,/node/io_read_mbs,0.000000
1779463843.448,/node/io_read_mbs,0.000000
1779463843.701,/node/io_read_mbs,0.000000
1779463843.713,/node/io_read_mbs,0.000000
1779463843.948,/node/io_read_mbs,0.000000
1779463844.199,/node/io_read_mbs,0.000000
1779463844.213,/node/io_read_mbs,0.000000
1779463844.448,/node/io_read_mbs,0.000000
1779463844.700,/node/io_read_mbs,0.000000
1779463844.714,/node/io_read_mbs,0.000000
1779463844.948,/node/io_read_mbs,0.000000
1779463845.200,/node/io_read_mbs,0.000000
1779463845.215,/node/io_read_mbs,0.000000
1779463845.448,/node/io_read_mbs,0.000000
1779463845.701,/node/io_read_mbs,0.000000
1779463845.715,/node/io_read_mbs,0.000000
1779463845.947,/node/io_read_mbs,0.000000
1779463846.201,/node/io_read_mbs,0.000000
1779463846.215,/node/io_read_mbs,0.000000
1779463846.450,/node/io_read_mbs,0.000000
1779463846.701,/node/io_read_mbs,0.000000
1779463846.715,/node/io_read_mbs,0.000000
1779463846.948,/node/io_read_mbs,0.000000
1779463847.199,/node/io_read_mbs,0.000000
1779463847.214,/node/io_read_mbs,0.000000
1779463847.450,/node/io_read_mbs,0.000000
1779463847.701,/node/io_read_mbs,0.000000
1779463847.716,/node/io_read_mbs,0.000000
1779463847.950,/node/io_read_mbs,0.000000
1779463848.204,/node/io_read_mbs,0.000000
1779463848.215,/node/io_read_mbs,0.000000
1779463848.451,/node/io_read_mbs,0.000000
1779463848.701,/node/io_read_mbs,0.000000
1779463848.716,/node/io_read_mbs,0.000000
1779463848.950,/node/io_read_mbs,0.000000
1779463849.201,/node/io_read_mbs,0.000000
1779463849.215,/node/io_read_mbs,0.000000
1779463849.451,/node/io_read_mbs,0.000000
1779463849.701,/node/io_read_mbs,0.000000
1779463849.715,/node/io_read_mbs,0.000000
1779463849.948,/node/io_read_mbs,0.000000
1779463850.201,/node/io_read_mbs,0.000000
1779463850.215,/node/io_read_mbs,0.000000
1779463850.448,/node/io_read_mbs,0.000000
1779463850.703,/node/io_read_mbs,0.000000
1779463850.715,/node/io_read_mbs,0.000000
1779463850.950,/node/io_read_mbs,0.000000
1779463851.202,/node/io_read_mbs,0.000000
1779463851.216,/node/io_read_mbs,0.000000
1779463851.449,/node/io_read_mbs,0.000000
1779463851.699,/node/io_read_mbs,0.000000
1779463851.713,/node/io_read_mbs,0.000000
1779463851.950,/node/io_read_mbs,0.000000
1779463852.201,/node/io_read_mbs,0.000000
1779463852.217,/node/io_read_mbs,0.000000
1779463852.449,/node/io_read_mbs,0.000000
1779463852.701,/node/io_read_mbs,0.000000
1779463852.715,/node/io_read_mbs,0.000000
1779463852.950,/node/io_read_mbs,0.000000
1779463853.199,/node/io_read_mbs,0.000000
1779463853.214,/node/io_read_mbs,0.000000
1779463853.450,/node/io_read_mbs,0.000000
1779463853.703,/node/io_read_mbs,0.000000
1779463853.714,/node/io_read_mbs,0.000000
1779463853.950,/node/io_read_mbs,0.000000
1779463854.201,/node/io_read_mbs,0.000000
1779463854.214,/node/io_read_mbs,0.000000
1779463854.450,/node/io_read_mbs,0.000000
1779463854.703,/node/io_read_mbs,0.000000
1779463854.714,/node/io_read_mbs,0.000000
1779463854.949,/node/io_read_mbs,0.000000
1779463855.201,/node/io_read_mbs,0.000000
1779463855.214,/node/io_read_mbs,0.000000
1779463855.451,/node/io_read_mbs,0.000000
1779463855.701,/node/io_read_mbs,0.000000
1779463855.714,/node/io_read_mbs,0.000000
1779463855.952,/node/io_read_mbs,0.000000
1779463856.200,/node/io_read_mbs,0.000000
1779463856.216,/node/io_read_mbs,0.000000
1779463856.452,/node/io_read_mbs,0.000000
1779463856.699,/node/io_read_mbs,0.000000
1779463856.713,/node/io_read_mbs,0.000000
1779463856.949,/node/io_read_mbs,0.000000
1779463857.202,/node/io_read_mbs,0.000000
1779463857.214,/node/io_read_mbs,0.000000
1779463857.449,/node/io_read_mbs,0.000000
1779463857.700,/node/io_read_mbs,0.000000
1779463857.714,/node/io_read_mbs,0.000000
1779463857.951,/node/io_read_mbs,0.000000
1779463858.200,/node/io_read_mbs,0.000000
1779463858.214,/node/io_read_mbs,0.000000
1779463858.450,/node/io_read_mbs,0.000000
1779463858.700,/node/io_read_mbs,0.000000
1779463858.716,/node/io_read_mbs,0.000000
1779463858.950,/node/io_read_mbs,0.000000
1779463859.200,/node/io_read_mbs,0.000000
1779463859.218,/node/io_read_mbs,0.000000
1779463859.454,/node/io_read_mbs,0.000000
1779463859.700,/node/io_read_mbs,0.000000
1779463859.716,/node/io_read_mbs,0.000000
1779463859.950,/node/io_read_mbs,0.000000
1779463860.200,/node/io_read_mbs,0.000000
1779463860.216,/node/io_read_mbs,0.000000
1779463860.451,/node/io_read_mbs,0.000000
1779463860.701,/node/io_read_mbs,0.000000
1779463860.715,/node/io_read_mbs,0.000000
1779463860.949,/node/io_read_mbs,0.000000
1779463861.200,/node/io_read_mbs,0.000000
1779463861.215,/node/io_read_mbs,0.000000
1779463861.448,/node/io_read_mbs,0.000000
1779463861.700,/node/io_read_mbs,0.000000
1779463861.718,/node/io_read_mbs,0.000000
1779463861.949,/node/io_read_mbs,0.000000
1779463862.202,/node/io_read_mbs,0.000000
1779463862.216,/node/io_read_mbs,0.000000
1779463862.451,/node/io_read_mbs,0.000000
1779463862.700,/node/io_read_mbs,0.000000
1779463862.716,/node/io_read_mbs,0.000000
1779463862.951,/node/io_read_mbs,0.000000
1779463863.203,/node/io_read_mbs,0.000000
1779463863.216,/node/io_read_mbs,0.000000
1779463863.451,/node/io_read_mbs,0.000000
1779463863.702,/node/io_read_mbs,0.000000
1779463863.714,/node/io_read_mbs,0.000000
1779463863.949,/node/io_read_mbs,0.000000
1779463864.202,/node/io_read_mbs,0.000000
1779463864.216,/node/io_read_mbs,0.000000
1779463864.449,/node/io_read_mbs,0.000000
1779463864.702,/node/io_read_mbs,0.000000
1779463864.718,/node/io_read_mbs,0.000000
1779463864.952,/node/io_read_mbs,0.000000
1779463865.200,/node/io_read_mbs,0.000000
1779463865.221,/node/io_read_mbs,0.000000
1779463865.453,/node/io_read_mbs,0.000000
1779463865.702,/node/io_read_mbs,0.000000
1779463865.717,/node/io_read_mbs,0.000000
1779463865.949,/node/io_read_mbs,0.000000
1779463866.202,/node/io_read_mbs,0.000000
1779463866.214,/node/io_read_mbs,0.000000
1779463866.450,/node/io_read_mbs,0.000000
1779463866.700,/node/io_read_mbs,0.000000
1779463866.715,/node/io_read_mbs,0.000000
1779463866.953,/node/io_read_mbs,0.000000
1779463867.202,/node/io_read_mbs,0.000000
1779463867.218,/node/io_read_mbs,0.000000
1779463867.451,/node/io_read_mbs,0.000000
1779463867.702,/node/io_read_mbs,0.000000
1779463867.715,/node/io_read_mbs,0.000000
1779463867.950,/node/io_read_mbs,0.000000
1779463868.202,/node/io_read_mbs,0.000000
1779463868.217,/node/io_read_mbs,0.000000
1779463868.450,/node/io_read_mbs,0.000000
1779463868.701,/node/io_read_mbs,0.000000
1779463868.715,/node/io_read_mbs,0.000000
1779463868.949,/node/io_read_mbs,0.000000
1779463869.201,/node/io_read_mbs,0.000000
1779463869.215,/node/io_read_mbs,0.000000
1779463869.451,/node/io_read_mbs,0.000000
1779463869.701,/node/io_read_mbs,0.000000
1779463869.715,/node/io_read_mbs,0.000000
1779463869.950,/node/io_read_mbs,0.000000
1779463870.205,/node/io_read_mbs,0.000000
1779463870.216,/node/io_read_mbs,0.000000
1779463870.451,/node/io_read_mbs,0.000000
1779463870.701,/node/io_read_mbs,0.000000
1779463870.717,/node/io_read_mbs,0.000000
1779463870.950,/node/io_read_mbs,0.000000
1779463871.203,/node/io_read_mbs,0.000000
1779463871.217,/node/io_read_mbs,0.000000
1779463871.452,/node/io_read_mbs,0.000000
1779463871.701,/node/io_read_mbs,0.000000
1779463871.719,/node/io_read_mbs,0.000000
1779463871.951,/node/io_read_mbs,0.000000
1779463872.204,/node/io_read_mbs,0.000000
1779463872.216,/node/io_read_mbs,0.000000
1779463872.450,/node/io_read_mbs,0.000000
1779463872.701,/node/io_read_mbs,0.000000
1779463872.715,/node/io_read_mbs,0.000000
1779463872.950,/node/io_read_mbs,0.000000
1779463873.203,/node/io_read_mbs,0.000000
1779463873.217,/node/io_read_mbs,0.000000
1779463873.451,/node/io_read_mbs,0.000000
1779463873.702,/node/io_read_mbs,0.000000
1779463873.717,/node/io_read_mbs,0.000000
1779463873.950,/node/io_read_mbs,0.000000
1779463874.203,/node/io_read_mbs,0.000000
1779463874.215,/node/io_read_mbs,0.000000
1779463874.451,/node/io_read_mbs,0.000000
1779463874.703,/node/io_read_mbs,0.000000
1779463874.716,/node/io_read_mbs,0.000000
1779463874.953,/node/io_read_mbs,0.000000
1779463875.205,/node/io_read_mbs,0.000000
1779463875.216,/node/io_read_mbs,0.000000
1779463875.451,/node/io_read_mbs,0.000000
1779463875.702,/node/io_read_mbs,0.000000
1779463875.718,/node/io_read_mbs,0.000000
1779463875.951,/node/io_read_mbs,0.000000
1779463876.202,/node/io_read_mbs,0.000000
1779463876.217,/node/io_read_mbs,0.000000
1779463876.452,/node/io_read_mbs,0.000000
1779463876.702,/node/io_read_mbs,0.000000
1779463876.718,/node/io_read_mbs,0.000000
1779463876.955,/node/io_read_mbs,0.000000
1779463877.202,/node/io_read_mbs,0.000000
1779463877.218,/node/io_read_mbs,0.000000
1779463877.451,/node/io_read_mbs,0.000000
1779463877.703,/node/io_read_mbs,0.000000
1779463877.718,/node/io_read_mbs,0.000000
1779463877.953,/node/io_read_mbs,0.000000
1779463878.203,/node/io_read_mbs,0.000000
1779463878.218,/node/io_read_mbs,0.000000
1779463878.452,/node/io_read_mbs,0.000000
1779463878.703,/node/io_read_mbs,0.000000
1779463878.718,/node/io_read_mbs,0.000000
1779463878.952,/node/io_read_mbs,0.000000
1779463879.203,/node/io_read_mbs,0.000000
1779463879.220,/node/io_read_mbs,0.000000
1779463879.454,/node/io_read_mbs,0.000000
1779463879.704,/node/io_read_mbs,0.000000
1779463879.717,/node/io_read_mbs,0.000000
1779463879.952,/node/io_read_mbs,0.000000
1779463880.206,/node/io_read_mbs,0.000000
1779463880.217,/node/io_read_mbs,0.000000
1779463880.453,/node/io_read_mbs,0.000000
1779463880.704,/node/io_read_mbs,0.000000
1779463880.716,/node/io_read_mbs,0.000000
1779463880.951,/node/io_read_mbs,0.000000
1779463881.203,/node/io_read_mbs,0.000000
1779463881.219,/node/io_read_mbs,0.000000
1779463881.452,/node/io_read_mbs,0.000000
1779463881.703,/node/io_read_mbs,0.000000
1779463881.717,/node/io_read_mbs,0.000000
1779463881.957,/node/io_read_mbs,0.000000
1779463882.203,/node/io_read_mbs,0.000000
1779463882.219,/node/io_read_mbs,0.000000
1779463882.451,/node/io_read_mbs,0.000000
1779463882.703,/node/io_read_mbs,0.000000
1779463882.719,/node/io_read_mbs,0.000000
1779463882.954,/node/io_read_mbs,0.000000
1779463883.207,/node/io_read_mbs,0.000000
1779463883.219,/node/io_read_mbs,0.000000
1779463883.454,/node/io_read_mbs,0.000000
1779463883.705,/node/io_read_mbs,0.000000
1779463883.718,/node/io_read_mbs,0.000000
1779463883.952,/node/io_read_mbs,0.000000
1779463884.205,/node/io_read_mbs,0.000000
1779463884.218,/node/io_read_mbs,0.000000
1779463884.452,/node/io_read_mbs,0.000000
1779463884.705,/node/io_read_mbs,0.000000
1779463884.718,/node/io_read_mbs,0.000000
1779463884.956,/node/io_read_mbs,0.000000
1779463885.203,/node/io_read_mbs,0.000000
1779463885.221,/node/io_read_mbs,0.000000
1779463885.453,/node/io_read_mbs,0.000000
1779463885.705,/node/io_read_mbs,0.000000
1779463885.718,/node/io_read_mbs,0.000000
1779463885.956,/node/io_read_mbs,0.000000
1779463886.205,/node/io_read_mbs,0.000000
1779463886.220,/node/io_read_mbs,0.000000
1779463886.453,/node/io_read_mbs,0.000000
1779463886.706,/node/io_read_mbs,0.000000
1779463886.718,/node/io_read_mbs,0.000000
1779463886.953,/node/io_read_mbs,0.000000
1779463887.204,/node/io_read_mbs,0.000000
1779463887.218,/node/io_read_mbs,0.000000
1779463887.454,/node/io_read_mbs,0.000000
1779463887.704,/node/io_read_mbs,0.000000
1779463887.719,/node/io_read_mbs,0.000000
1779463887.955,/node/io_read_mbs,0.000000
1779463888.204,/node/io_read_mbs,0.000000
1779463888.222,/node/io_read_mbs,0.000000
1779463888.456,/node/io_read_mbs,0.000000
1779463888.706,/node/io_read_mbs,0.000000
1779463888.722,/node/io_read_mbs,0.000000
1779463888.955,/node/io_read_mbs,0.000000
1779463889.206,/node/io_read_mbs,0.000000
1779463889.218,/node/io_read_mbs,0.000000
1779463889.454,/node/io_read_mbs,0.000000
1779463889.704,/node/io_read_mbs,0.000000
1779463889.719,/node/io_read_mbs,0.000000
1779463889.955,/node/io_read_mbs,0.000000
1779463890.206,/node/io_read_mbs,0.000000
1779463890.219,/node/io_read_mbs,0.000000
1779463890.455,/node/io_read_mbs,0.000000
1779463890.708,/node/io_read_mbs,0.000000
1779463890.721,/node/io_read_mbs,0.000000
1779463890.957,/node/io_read_mbs,0.000000
1779463891.205,/node/io_read_mbs,0.000000
1779463891.219,/node/io_read_mbs,0.000000
1779463891.451,/node/io_read_mbs,0.000000
1779463891.707,/node/io_read_mbs,0.000000
1779463891.720,/node/io_read_mbs,0.000000
1779463891.954,/node/io_read_mbs,0.000000
1779463892.205,/node/io_read_mbs,0.000000
1779463892.218,/node/io_read_mbs,0.000000
1779463892.454,/node/io_read_mbs,0.000000
1779463892.705,/node/io_read_mbs,0.000000
1779463892.721,/node/io_read_mbs,0.000000
1779463892.954,/node/io_read_mbs,0.000000
1779463893.205,/node/io_read_mbs,0.000000
1779463893.223,/node/io_read_mbs,0.000000
1779463893.456,/node/io_read_mbs,0.000000
1779463893.707,/node/io_read_mbs,0.000000
1779463893.720,/node/io_read_mbs,0.000000
1779463893.956,/node/io_read_mbs,0.000000
1779463894.205,/node/io_read_mbs,0.000000
1779463894.222,/node/io_read_mbs,0.000000
1779463894.455,/node/io_read_mbs,0.000000
1779463894.708,/node/io_read_mbs,0.000000
1779463894.720,/node/io_read_mbs,0.000000
1779463894.955,/node/io_read_mbs,0.000000
1779463895.207,/node/io_read_mbs,0.000000
1779463895.221,/node/io_read_mbs,0.000000
1779463895.457,/node/io_read_mbs,0.000000
1779463895.707,/node/io_read_mbs,0.000000
1779463895.720,/node/io_read_mbs,0.000000
1779463895.955,/node/io_read_mbs,0.000000
1779463896.207,/node/io_read_mbs,0.000000
1779463896.220,/node/io_read_mbs,0.000000
1779463896.456,/node/io_read_mbs,0.000000
1779463896.707,/node/io_read_mbs,0.000000
1779463896.720,/node/io_read_mbs,0.000000
1779463896.955,/node/io_read_mbs,0.000000
1779463897.206,/node/io_read_mbs,0.000000
1779463897.220,/node/io_read_mbs,0.000000
1779463897.455,/node/io_read_mbs,0.000000
1779463897.709,/node/io_read_mbs,0.000000
1779463897.720,/node/io_read_mbs,0.000000
1779463897.955,/node/io_read_mbs,0.000000
1779463898.206,/node/io_read_mbs,0.000000
1779463898.222,/node/io_read_mbs,0.000000
1779463898.456,/node/io_read_mbs,0.000000
1779463898.706,/node/io_read_mbs,0.000000
1779463898.724,/node/io_read_mbs,0.000000
1779463898.957,/node/io_read_mbs,0.000000
1779463899.206,/node/io_read_mbs,0.000000
1779463899.223,/node/io_read_mbs,0.000000
1779463899.457,/node/io_read_mbs,0.000000
1779463899.708,/node/io_read_mbs,0.000000
1779463899.721,/node/io_read_mbs,0.000000
1779463899.956,/node/io_read_mbs,0.000000
1779463900.209,/node/io_read_mbs,0.000000
1779463900.221,/node/io_read_mbs,0.000000
1779463900.456,/node/io_read_mbs,0.000000
1779463900.710,/node/io_read_mbs,0.000000
1779463900.721,/node/io_read_mbs,0.000000
1779463900.959,/node/io_read_mbs,0.000000
1779463901.208,/node/io_read_mbs,0.000000
1779463901.221,/node/io_read_mbs,0.000000
1779463901.456,/node/io_read_mbs,0.000000
1779463901.710,/node/io_read_mbs,0.000000
1779463901.721,/node/io_read_mbs,0.000000
1779463901.956,/node/io_read_mbs,0.000000
1779463902.207,/node/io_read_mbs,0.000000
1779463902.221,/node/io_read_mbs,0.000000
1779463902.458,/node/io_read_mbs,0.000000
1779463902.707,/node/io_read_mbs,0.000000
1779463902.721,/node/io_read_mbs,0.000000
1779463902.956,/node/io_read_mbs,0.000000
1779463903.207,/node/io_read_mbs,0.000000
1779463903.221,/node/io_read_mbs,0.000000
1779463903.458,/node/io_read_mbs,0.000000
1779463903.709,/node/io_read_mbs,0.000000
1779463903.725,/node/io_read_mbs,0.000000
1779463903.957,/node/io_read_mbs,0.000000
1779463904.209,/node/io_read_mbs,0.000000
1779463904.222,/node/io_read_mbs,0.000000
1779463904.458,/node/io_read_mbs,0.000000
1779463904.708,/node/io_read_mbs,0.000000
1779463904.723,/node/io_read_mbs,0.000000
1779463904.958,/node/io_read_mbs,0.000000
1779463905.209,/node/io_read_mbs,0.000000
1779463905.224,/node/io_read_mbs,0.000000
1779463905.461,/node/io_read_mbs,0.000000
1779463905.709,/node/io_read_mbs,0.000000
1779463905.722,/node/io_read_mbs,0.000000
1779463905.960,/node/io_read_mbs,0.000000
1779463906.212,/node/io_read_mbs,0.000000
1779463906.223,/node/io_read_mbs,0.000000
1779463906.455,/node/io_read_mbs,0.000000
1779463906.708,/node/io_read_mbs,0.000000
1779463906.722,/node/io_read_mbs,0.000000
1779463906.958,/node/io_read_mbs,0.000000
1779463907.210,/node/io_read_mbs,0.000000
1779463907.225,/node/io_read_mbs,0.000000
1779463907.458,/node/io_read_mbs,0.000000
1779463907.708,/node/io_read_mbs,0.000000
1779463907.725,/node/io_read_mbs,0.000000
1779463907.959,/node/io_read_mbs,0.000000
1779463908.212,/node/io_read_mbs,0.000000
1779463908.222,/node/io_read_mbs,0.000000
1779463908.459,/node/io_read_mbs,0.000000
1779463908.708,/node/io_read_mbs,0.000000
1779463908.728,/node/io_read_mbs,0.000000
1779463908.959,/node/io_read_mbs,0.000000
1779463909.210,/node/io_read_mbs,0.000000
1779463909.223,/node/io_read_mbs,0.000000
1779463909.459,/node/io_read_mbs,0.000000
1779463909.709,/node/io_read_mbs,0.000000
1779463909.724,/node/io_read_mbs,0.000000
1779463909.959,/node/io_read_mbs,0.000000
1779463910.214,/node/io_read_mbs,0.000000
1779463910.223,/node/io_read_mbs,0.000000
1779463910.460,/node/io_read_mbs,0.000000
1779463910.709,/node/io_read_mbs,0.000000
1779463910.724,/node/io_read_mbs,0.000000
1779463910.958,/node/io_read_mbs,0.000000
1779463911.211,/node/io_read_mbs,0.000000
1779463911.225,/node/io_read_mbs,0.000000
1779463911.458,/node/io_read_mbs,0.000000
1779463911.710,/node/io_read_mbs,0.000000
1779463911.725,/node/io_read_mbs,0.000000
1779463911.960,/node/io_read_mbs,0.000000
1779463912.209,/node/io_read_mbs,0.000000
1779463912.225,/node/io_read_mbs,0.000000
1779463912.458,/node/io_read_mbs,0.000000
1779463912.711,/node/io_read_mbs,0.000000
1779463912.724,/node/io_read_mbs,0.000000
1779463912.960,/node/io_read_mbs,0.000000
1779463913.211,/node/io_read_mbs,0.000000
1779463913.225,/node/io_read_mbs,0.000000
1779463913.460,/node/io_read_mbs,0.000000
1779463913.713,/node/io_read_mbs,0.000000
1779463913.726,/node/io_read_mbs,0.000000
1779463913.961,/node/io_read_mbs,0.000000
1779463914.210,/node/io_read_mbs,0.000000
1779463914.226,/node/io_read_mbs,0.000000
1779463914.460,/node/io_read_mbs,0.000000
1779463914.710,/node/io_read_mbs,0.000000
1779463914.727,/node/io_read_mbs,0.000000
1779463914.960,/node/io_read_mbs,0.000000
1779463915.211,/node/io_read_mbs,0.000000
1779463915.227,/node/io_read_mbs,0.000000
1779463915.460,/node/io_read_mbs,0.000000
1779463915.712,/node/io_read_mbs,0.000000
1779463915.724,/node/io_read_mbs,0.000000
1779463915.959,/node/io_read_mbs,0.000000
1779463916.212,/node/io_read_mbs,0.000000
1779463916.224,/node/io_read_mbs,0.000000
1779463916.459,/node/io_read_mbs,0.000000
1779463916.710,/node/io_read_mbs,0.000000
1779463916.727,/node/io_read_mbs,0.000000
1779463916.964,/node/io_read_mbs,0.000000
1779463917.210,/node/io_read_mbs,0.000000
1779463917.224,/node/io_read_mbs,0.000000
1779463917.460,/node/io_read_mbs,0.000000
1779463917.710,/node/io_read_mbs,0.000000
1779463917.726,/node/io_read_mbs,0.000000
1779463917.959,/node/io_read_mbs,0.000000
1779463918.214,/node/io_read_mbs,0.000000
1779463918.228,/node/io_read_mbs,0.000000
1779463918.460,/node/io_read_mbs,0.000000
1779463918.712,/node/io_read_mbs,0.000000
1779463918.726,/node/io_read_mbs,0.000000
1779463918.961,/node/io_read_mbs,0.000000
1779463919.215,/node/io_read_mbs,0.000000
1779463919.225,/node/io_read_mbs,0.000000
1779463919.463,/node/io_read_mbs,0.000000
1779463919.712,/node/io_read_mbs,0.000000
1779463919.725,/node/io_read_mbs,0.000000
1779463919.961,/node/io_read_mbs,0.000000
1779463920.212,/node/io_read_mbs,0.000000
1779463920.228,/node/io_read_mbs,0.000000
1779463920.465,/node/io_read_mbs,0.000000
1779463920.712,/node/io_read_mbs,0.000000
1779463920.725,/node/io_read_mbs,0.000000
1779463920.963,/node/io_read_mbs,0.000000
1779463921.213,/node/io_read_mbs,0.000000
1779463921.227,/node/io_read_mbs,0.000000
1779463921.461,/node/io_read_mbs,0.000000
1779463921.714,/node/io_read_mbs,0.000000
1779463921.725,/node/io_read_mbs,0.000000
1779463921.964,/node/io_read_mbs,0.000000
1779463922.212,/node/io_read_mbs,0.000000
1779463922.227,/node/io_read_mbs,0.000000
1779463922.461,/node/io_read_mbs,0.000000
1779463922.712,/node/io_read_mbs,0.000000
1779463922.724,/node/io_read_mbs,0.000000
1779463922.964,/node/io_read_mbs,0.000000
1779463923.210,/node/io_read_mbs,0.000000
1779463923.225,/node/io_read_mbs,0.000000
1779463923.462,/node/io_read_mbs,0.000000
1779463923.712,/node/io_read_mbs,0.000000
1779463923.725,/node/io_read_mbs,0.000000
1779463923.962,/node/io_read_mbs,0.000000
1779463924.211,/node/io_read_mbs,0.000000
1779463924.225,/node/io_read_mbs,0.000000
1779463924.460,/node/io_read_mbs,0.000000
1779463924.711,/node/io_read_mbs,0.000000
1779463924.725,/node/io_read_mbs,0.000000
1779463924.962,/node/io_read_mbs,0.000000
1779463925.211,/node/io_read_mbs,0.000000
1779463925.227,/node/io_read_mbs,0.000000
1779463925.460,/node/io_read_mbs,0.000000
1779463925.716,/node/io_read_mbs,0.000000
1779463925.727,/node/io_read_mbs,0.000000
1779463925.962,/node/io_read_mbs,0.000000
1779463926.213,/node/io_read_mbs,0.000000
1779463926.229,/node/io_read_mbs,0.000000
1779463926.462,/node/io_read_mbs,0.000000
1779463926.712,/node/io_read_mbs,0.000000
1779463926.726,/node/io_read_mbs,0.000000
1779463926.960,/node/io_read_mbs,0.000000
1779463927.212,/node/io_read_mbs,0.000000
1779463927.227,/node/io_read_mbs,0.000000
1779463927.462,/node/io_read_mbs,0.000000
1779463927.712,/node/io_read_mbs,0.000000
1779463927.728,/node/io_read_mbs,0.000000
1779463927.961,/node/io_read_mbs,0.000000
1779463928.216,/node/io_read_mbs,0.000000
1779463928.226,/node/io_read_mbs,0.000000
1779463928.461,/node/io_read_mbs,0.000000
1779463928.712,/node/io_read_mbs,0.000000
1779463928.726,/node/io_read_mbs,0.000000
1779463928.962,/node/io_read_mbs,0.000000
1779463929.214,/node/io_read_mbs,0.000000
1779463929.226,/node/io_read_mbs,0.000000
1779463929.465,/node/io_read_mbs,0.000000
1779463929.712,/node/io_read_mbs,0.000000
1779463929.726,/node/io_read_mbs,0.000000
1779463929.963,/node/io_read_mbs,0.000000
1779463750.196,/node/io_write_mbs,0.000000
1779463750.211,/node/io_write_mbs,0.000000
1779463750.447,/node/io_write_mbs,0.000000
1779463750.698,/node/io_write_mbs,0.000000
1779463750.712,/node/io_write_mbs,0.000000
1779463750.959,/node/io_write_mbs,0.000000
1779463751.196,/node/io_write_mbs,0.000000
1779463751.210,/node/io_write_mbs,0.000000
1779463751.444,/node/io_write_mbs,0.000000
1779463751.698,/node/io_write_mbs,0.000000
1779463751.712,/node/io_write_mbs,0.000000
1779463751.946,/node/io_write_mbs,0.000000
1779463752.195,/node/io_write_mbs,0.000000
1779463752.215,/node/io_write_mbs,0.000000
1779463752.446,/node/io_write_mbs,0.000000
1779463752.696,/node/io_write_mbs,0.000000
1779463752.707,/node/io_write_mbs,0.000000
1779463752.945,/node/io_write_mbs,0.000000
1779463753.198,/node/io_write_mbs,0.093560
1779463753.210,/node/io_write_mbs,0.093678
1779463753.447,/node/io_write_mbs,0.093723
1779463753.698,/node/io_write_mbs,0.000000
1779463753.711,/node/io_write_mbs,0.000000
1779463753.946,/node/io_write_mbs,0.000000
1779463754.197,/node/io_write_mbs,0.000000
1779463754.210,/node/io_write_mbs,0.000000
1779463754.449,/node/io_write_mbs,0.000000
1779463754.699,/node/io_write_mbs,0.000000
1779463754.709,/node/io_write_mbs,0.000000
1779463754.948,/node/io_write_mbs,0.000000
1779463755.197,/node/io_write_mbs,0.000000
1779463755.208,/node/io_write_mbs,0.000000
1779463755.448,/node/io_write_mbs,0.000000
1779463755.700,/node/io_write_mbs,0.000000
1779463755.722,/node/io_write_mbs,0.000000
1779463755.947,/node/io_write_mbs,0.000000
1779463756.196,/node/io_write_mbs,0.000000
1779463756.209,/node/io_write_mbs,0.000000
1779463756.444,/node/io_write_mbs,0.000000
1779463756.696,/node/io_write_mbs,0.000000
1779463756.723,/node/io_write_mbs,0.000000
1779463756.945,/node/io_write_mbs,0.000000
1779463757.198,/node/io_write_mbs,0.000000
1779463757.210,/node/io_write_mbs,0.000000
1779463757.444,/node/io_write_mbs,0.000000
1779463757.697,/node/io_write_mbs,0.000000
1779463757.709,/node/io_write_mbs,0.000000
1779463757.944,/node/io_write_mbs,0.000000
1779463758.197,/node/io_write_mbs,0.046860
1779463758.210,/node/io_write_mbs,0.046946
1779463758.445,/node/io_write_mbs,0.046749
1779463758.699,/node/io_write_mbs,0.000000
1779463758.715,/node/io_write_mbs,0.000000
1779463758.945,/node/io_write_mbs,0.000000
1779463759.197,/node/io_write_mbs,0.000000
1779463759.211,/node/io_write_mbs,0.000000
1779463759.446,/node/io_write_mbs,0.000000
1779463759.696,/node/io_write_mbs,0.000000
1779463759.709,/node/io_write_mbs,0.000000
1779463759.944,/node/io_write_mbs,0.000000
1779463760.196,/node/io_write_mbs,0.000000
1779463760.212,/node/io_write_mbs,0.000000
1779463760.446,/node/io_write_mbs,0.000000
1779463760.695,/node/io_write_mbs,0.000000
1779463760.712,/node/io_write_mbs,0.000000
1779463760.945,/node/io_write_mbs,0.000000
1779463761.198,/node/io_write_mbs,0.000000
1779463761.210,/node/io_write_mbs,0.000000
1779463761.444,/node/io_write_mbs,0.000000
1779463761.697,/node/io_write_mbs,0.000000
1779463761.710,/node/io_write_mbs,0.000000
1779463761.946,/node/io_write_mbs,0.000000
1779463762.198,/node/io_write_mbs,0.000000
1779463762.209,/node/io_write_mbs,0.000000
1779463762.444,/node/io_write_mbs,0.000000
1779463762.696,/node/io_write_mbs,0.000000
1779463762.710,/node/io_write_mbs,0.000000
1779463762.944,/node/io_write_mbs,0.000000
1779463763.197,/node/io_write_mbs,0.062529
1779463763.210,/node/io_write_mbs,0.062500
1779463763.445,/node/io_write_mbs,0.062420
1779463763.695,/node/io_write_mbs,0.000000
1779463763.710,/node/io_write_mbs,0.000000
1779463763.947,/node/io_write_mbs,0.000000
1779463764.198,/node/io_write_mbs,0.000000
1779463764.211,/node/io_write_mbs,0.000000
1779463764.445,/node/io_write_mbs,0.000000
1779463764.695,/node/io_write_mbs,0.000000
1779463764.711,/node/io_write_mbs,0.000000
1779463764.944,/node/io_write_mbs,0.062630
1779463765.196,/node/io_write_mbs,0.062411
1779463765.212,/node/io_write_mbs,0.062647
1779463765.444,/node/io_write_mbs,0.000000
1779463765.697,/node/io_write_mbs,0.000000
1779463765.712,/node/io_write_mbs,0.000000
1779463765.945,/node/io_write_mbs,0.000000
1779463766.197,/node/io_write_mbs,0.000000
1779463766.211,/node/io_write_mbs,0.000000
1779463766.444,/node/io_write_mbs,0.000000
1779463766.696,/node/io_write_mbs,0.000000
1779463766.712,/node/io_write_mbs,0.000000
1779463766.946,/node/io_write_mbs,0.000000
1779463767.195,/node/io_write_mbs,0.000000
1779463767.214,/node/io_write_mbs,0.000000
1779463767.447,/node/io_write_mbs,0.000000
1779463767.695,/node/io_write_mbs,0.000000
1779463767.714,/node/io_write_mbs,0.000000
1779463767.947,/node/io_write_mbs,0.000000
1779463768.198,/node/io_write_mbs,0.046881
1779463768.212,/node/io_write_mbs,0.046887
1779463768.445,/node/io_write_mbs,0.046862
1779463768.695,/node/io_write_mbs,0.000000
1779463768.713,/node/io_write_mbs,0.000000
1779463768.944,/node/io_write_mbs,0.000000
1779463769.198,/node/io_write_mbs,0.000000
1779463769.211,/node/io_write_mbs,0.000000
1779463769.444,/node/io_write_mbs,0.000000
1779463769.697,/node/io_write_mbs,0.000000
1779463769.714,/node/io_write_mbs,0.000000
1779463769.946,/node/io_write_mbs,0.000000
1779463770.197,/node/io_write_mbs,0.000000
1779463770.211,/node/io_write_mbs,0.000000
1779463770.448,/node/io_write_mbs,0.000000
1779463770.698,/node/io_write_mbs,0.000000
1779463770.711,/node/io_write_mbs,0.000000
1779463770.946,/node/io_write_mbs,0.000000
1779463771.197,/node/io_write_mbs,0.000000
1779463771.211,/node/io_write_mbs,0.000000
1779463771.446,/node/io_write_mbs,0.000000
1779463771.698,/node/io_write_mbs,0.000000
1779463771.711,/node/io_write_mbs,0.000000
1779463771.946,/node/io_write_mbs,0.000000
1779463772.199,/node/io_write_mbs,0.000000
1779463772.210,/node/io_write_mbs,0.000000
1779463772.450,/node/io_write_mbs,0.000000
1779463772.698,/node/io_write_mbs,0.000000
1779463772.714,/node/io_write_mbs,0.000000
1779463772.946,/node/io_write_mbs,0.000000
1779463773.195,/node/io_write_mbs,0.046870
1779463773.213,/node/io_write_mbs,0.046891
1779463773.447,/node/io_write_mbs,0.046996
1779463773.696,/node/io_write_mbs,0.000000
1779463773.710,/node/io_write_mbs,0.000000
1779463773.944,/node/io_write_mbs,0.000000
1779463774.198,/node/io_write_mbs,0.000000
1779463774.210,/node/io_write_mbs,0.000000
1779463774.447,/node/io_write_mbs,0.000000
1779463774.698,/node/io_write_mbs,0.000000
1779463774.710,/node/io_write_mbs,0.000000
1779463774.945,/node/io_write_mbs,0.000000
1779463775.198,/node/io_write_mbs,0.015634
1779463775.211,/node/io_write_mbs,0.015634
1779463775.447,/node/io_write_mbs,0.015621
1779463775.696,/node/io_write_mbs,0.000000
1779463775.710,/node/io_write_mbs,0.000000
1779463775.949,/node/io_write_mbs,0.000000
1779463776.199,/node/io_write_mbs,0.000000
1779463776.210,/node/io_write_mbs,0.000000
1779463776.446,/node/io_write_mbs,0.000000
1779463776.697,/node/io_write_mbs,0.000000
1779463776.710,/node/io_write_mbs,0.000000
1779463776.948,/node/io_write_mbs,0.000000
1779463777.197,/node/io_write_mbs,0.000000
1779463777.211,/node/io_write_mbs,0.000000
1779463777.449,/node/io_write_mbs,0.000000
1779463777.696,/node/io_write_mbs,0.000000
1779463777.710,/node/io_write_mbs,0.000000
1779463777.946,/node/io_write_mbs,0.000000
1779463778.196,/node/io_write_mbs,0.046894
1779463778.215,/node/io_write_mbs,0.046819
1779463778.449,/node/io_write_mbs,0.046975
1779463778.700,/node/io_write_mbs,0.000000
1779463778.710,/node/io_write_mbs,0.000000
1779463778.946,/node/io_write_mbs,0.000000
1779463779.196,/node/io_write_mbs,0.000000
1779463779.215,/node/io_write_mbs,0.000000
1779463779.446,/node/io_write_mbs,0.000000
1779463779.697,/node/io_write_mbs,0.000000
1779463779.711,/node/io_write_mbs,0.000000
1779463779.947,/node/io_write_mbs,0.000000
1779463780.196,/node/io_write_mbs,0.000000
1779463780.210,/node/io_write_mbs,0.000000
1779463780.447,/node/io_write_mbs,0.000000
1779463780.698,/node/io_write_mbs,0.000000
1779463780.711,/node/io_write_mbs,0.000000
1779463780.945,/node/io_write_mbs,0.000000
1779463781.196,/node/io_write_mbs,0.000000
1779463781.211,/node/io_write_mbs,0.000000
1779463781.446,/node/io_write_mbs,0.000000
1779463781.697,/node/io_write_mbs,0.000000
1779463781.711,/node/io_write_mbs,0.000000
1779463781.945,/node/io_write_mbs,0.000000
1779463782.197,/node/io_write_mbs,0.000000
1779463782.212,/node/io_write_mbs,0.000000
1779463782.447,/node/io_write_mbs,0.000000
1779463782.696,/node/io_write_mbs,0.000000
1779463782.713,/node/io_write_mbs,0.000000
1779463782.946,/node/io_write_mbs,0.000000
1779463783.198,/node/io_write_mbs,0.062371
1779463783.211,/node/io_write_mbs,0.062766
1779463783.445,/node/io_write_mbs,0.062476
1779463783.697,/node/io_write_mbs,0.000000
1779463783.714,/node/io_write_mbs,0.000000
1779463783.948,/node/io_write_mbs,0.015634
1779463784.198,/node/io_write_mbs,0.015594
1779463784.211,/node/io_write_mbs,0.015651
1779463784.446,/node/io_write_mbs,0.000000
1779463784.698,/node/io_write_mbs,0.000000
1779463784.713,/node/io_write_mbs,0.000000
1779463784.948,/node/io_write_mbs,0.000000
1779463785.196,/node/io_write_mbs,0.000000
1779463785.209,/node/io_write_mbs,0.000000
1779463785.446,/node/io_write_mbs,0.000000
1779463785.696,/node/io_write_mbs,0.000000
1779463785.712,/node/io_write_mbs,0.000000
1779463785.947,/node/io_write_mbs,0.000000
1779463786.199,/node/io_write_mbs,0.000000
1779463786.212,/node/io_write_mbs,0.000000
1779463786.447,/node/io_write_mbs,0.000000
1779463786.696,/node/io_write_mbs,0.000000
1779463786.712,/node/io_write_mbs,0.000000
1779463786.946,/node/io_write_mbs,0.000000
1779463787.196,/node/io_write_mbs,0.000000
1779463787.211,/node/io_write_mbs,0.000000
1779463787.446,/node/io_write_mbs,0.000000
1779463787.700,/node/io_write_mbs,0.000000
1779463787.712,/node/io_write_mbs,0.000000
1779463787.947,/node/io_write_mbs,0.000000
1779463788.197,/node/io_write_mbs,0.046938
1779463788.213,/node/io_write_mbs,0.047048
1779463788.447,/node/io_write_mbs,0.046913
1779463788.698,/node/io_write_mbs,0.000000
1779463788.712,/node/io_write_mbs,0.000000
1779463788.946,/node/io_write_mbs,0.000000
1779463789.202,/node/io_write_mbs,0.000000
1779463789.214,/node/io_write_mbs,0.000000
1779463789.449,/node/io_write_mbs,0.000000
1779463789.698,/node/io_write_mbs,0.000000
1779463789.712,/node/io_write_mbs,0.000000
1779463789.950,/node/io_write_mbs,0.000000
1779463790.197,/node/io_write_mbs,0.000000
1779463790.213,/node/io_write_mbs,0.000000
1779463790.448,/node/io_write_mbs,0.000000
1779463790.698,/node/io_write_mbs,0.000000
1779463790.714,/node/io_write_mbs,0.000000
1779463790.948,/node/io_write_mbs,0.000000
1779463791.199,/node/io_write_mbs,0.000000
1779463791.216,/node/io_write_mbs,0.000000
1779463791.446,/node/io_write_mbs,0.000000
1779463791.698,/node/io_write_mbs,0.000000
1779463791.713,/node/io_write_mbs,0.000000
1779463791.950,/node/io_write_mbs,0.000000
1779463792.200,/node/io_write_mbs,0.000000
1779463792.210,/node/io_write_mbs,0.000000
1779463792.448,/node/io_write_mbs,0.000000
1779463792.699,/node/io_write_mbs,0.000000
1779463792.711,/node/io_write_mbs,0.000000
1779463792.946,/node/io_write_mbs,0.000000
1779463793.199,/node/io_write_mbs,0.046891
1779463793.213,/node/io_write_mbs,0.046920
1779463793.447,/node/io_write_mbs,0.046809
1779463793.700,/node/io_write_mbs,0.000000
1779463793.713,/node/io_write_mbs,0.000000
1779463793.949,/node/io_write_mbs,0.000000
1779463794.199,/node/io_write_mbs,0.000000
1779463794.213,/node/io_write_mbs,0.000000
1779463794.448,/node/io_write_mbs,0.000000
1779463794.699,/node/io_write_mbs,0.000000
1779463794.711,/node/io_write_mbs,0.000000
1779463794.948,/node/io_write_mbs,0.000000
1779463795.195,/node/io_write_mbs,0.000000
1779463795.209,/node/io_write_mbs,0.000000
1779463795.446,/node/io_write_mbs,0.000000
1779463795.698,/node/io_write_mbs,0.000000
1779463795.711,/node/io_write_mbs,0.000000
1779463795.950,/node/io_write_mbs,0.000000
1779463796.197,/node/io_write_mbs,0.000000
1779463796.211,/node/io_write_mbs,0.000000
1779463796.446,/node/io_write_mbs,0.000000
1779463796.702,/node/io_write_mbs,0.000000
1779463796.711,/node/io_write_mbs,0.000000
1779463796.946,/node/io_write_mbs,0.000000
1779463797.201,/node/io_write_mbs,0.000000
1779463797.211,/node/io_write_mbs,0.000000
1779463797.448,/node/io_write_mbs,0.000000
1779463797.698,/node/io_write_mbs,0.000000
1779463797.715,/node/io_write_mbs,0.000000
1779463797.950,/node/io_write_mbs,0.000000
1779463798.198,/node/io_write_mbs,0.046871
1779463798.212,/node/io_write_mbs,0.046927
1779463798.447,/node/io_write_mbs,0.046858
1779463798.698,/node/io_write_mbs,0.000000
1779463798.714,/node/io_write_mbs,0.000000
1779463798.949,/node/io_write_mbs,0.000000
1779463799.197,/node/io_write_mbs,0.000000
1779463799.212,/node/io_write_mbs,0.000000
1779463799.447,/node/io_write_mbs,0.000000
1779463799.697,/node/io_write_mbs,0.000000
1779463799.712,/node/io_write_mbs,0.000000
1779463799.947,/node/io_write_mbs,0.000000
1779463800.198,/node/io_write_mbs,0.000000
1779463800.212,/node/io_write_mbs,0.000000
1779463800.446,/node/io_write_mbs,0.000000
1779463800.699,/node/io_write_mbs,0.000000
1779463800.714,/node/io_write_mbs,0.000000
1779463800.948,/node/io_write_mbs,0.000000
1779463801.197,/node/io_write_mbs,0.000000
1779463801.212,/node/io_write_mbs,0.000000
1779463801.445,/node/io_write_mbs,0.000000
1779463801.698,/node/io_write_mbs,0.000000
1779463801.712,/node/io_write_mbs,0.000000
1779463801.947,/node/io_write_mbs,0.000000
1779463802.198,/node/io_write_mbs,0.000000
1779463802.213,/node/io_write_mbs,0.000000
1779463802.446,/node/io_write_mbs,0.000000
1779463802.698,/node/io_write_mbs,0.000000
1779463802.714,/node/io_write_mbs,0.000000
1779463802.947,/node/io_write_mbs,0.000000
1779463803.197,/node/io_write_mbs,0.062496
1779463803.214,/node/io_write_mbs,0.062489
1779463803.447,/node/io_write_mbs,0.062456
1779463803.697,/node/io_write_mbs,0.000000
1779463803.712,/node/io_write_mbs,0.000000
1779463803.949,/node/io_write_mbs,0.000000
1779463804.197,/node/io_write_mbs,0.000000
1779463804.212,/node/io_write_mbs,0.000000
1779463804.447,/node/io_write_mbs,0.000000
1779463804.699,/node/io_write_mbs,0.000000
1779463804.712,/node/io_write_mbs,0.000000
1779463804.946,/node/io_write_mbs,0.000000
1779463805.196,/node/io_write_mbs,0.000000
1779463805.210,/node/io_write_mbs,0.000000
1779463805.446,/node/io_write_mbs,0.000000
1779463805.698,/node/io_write_mbs,0.000000
1779463805.713,/node/io_write_mbs,0.000000
1779463805.947,/node/io_write_mbs,0.000000
1779463806.199,/node/io_write_mbs,0.000000
1779463806.214,/node/io_write_mbs,0.000000
1779463806.448,/node/io_write_mbs,0.000000
1779463806.697,/node/io_write_mbs,0.000000
1779463806.712,/node/io_write_mbs,0.000000
1779463806.947,/node/io_write_mbs,0.000000
1779463807.198,/node/io_write_mbs,0.000000
1779463807.211,/node/io_write_mbs,0.000000
1779463807.446,/node/io_write_mbs,0.000000
1779463807.700,/node/io_write_mbs,0.000000
1779463807.714,/node/io_write_mbs,0.000000
1779463807.946,/node/io_write_mbs,0.000000
1779463808.198,/node/io_write_mbs,0.046890
1779463808.212,/node/io_write_mbs,0.046851
1779463808.450,/node/io_write_mbs,0.046912
1779463808.699,/node/io_write_mbs,0.000000
1779463808.717,/node/io_write_mbs,0.000000
1779463808.948,/node/io_write_mbs,0.000000
1779463809.202,/node/io_write_mbs,0.000000
1779463809.215,/node/io_write_mbs,0.000000
1779463809.447,/node/io_write_mbs,0.000000
1779463809.700,/node/io_write_mbs,0.000000
1779463809.714,/node/io_write_mbs,0.000000
1779463809.947,/node/io_write_mbs,0.000000
1779463810.198,/node/io_write_mbs,0.000000
1779463810.214,/node/io_write_mbs,0.000000
1779463810.446,/node/io_write_mbs,0.000000
1779463810.700,/node/io_write_mbs,0.000000
1779463810.716,/node/io_write_mbs,0.000000
1779463810.948,/node/io_write_mbs,0.000000
1779463811.199,/node/io_write_mbs,0.000000
1779463811.214,/node/io_write_mbs,0.000000
1779463811.448,/node/io_write_mbs,0.000000
1779463811.702,/node/io_write_mbs,0.000000
1779463811.714,/node/io_write_mbs,0.000000
1779463811.949,/node/io_write_mbs,0.000000
1779463812.200,/node/io_write_mbs,0.000000
1779463812.213,/node/io_write_mbs,0.000000
1779463812.449,/node/io_write_mbs,0.000000
1779463812.697,/node/io_write_mbs,0.000000
1779463812.713,/node/io_write_mbs,0.000000
1779463812.948,/node/io_write_mbs,0.000000
1779463813.200,/node/io_write_mbs,0.046892
1779463813.212,/node/io_write_mbs,0.046901
1779463813.449,/node/io_write_mbs,0.078216
1779463813.699,/node/io_write_mbs,0.031172
1779463813.712,/node/io_write_mbs,0.031251
1779463813.949,/node/io_write_mbs,0.000000
1779463814.201,/node/io_write_mbs,0.000000
1779463814.213,/node/io_write_mbs,0.000000
1779463814.448,/node/io_write_mbs,0.000000
1779463814.698,/node/io_write_mbs,0.000000
1779463814.712,/node/io_write_mbs,0.000000
1779463814.948,/node/io_write_mbs,0.000000
1779463815.199,/node/io_write_mbs,0.000000
1779463815.212,/node/io_write_mbs,0.000000
1779463815.448,/node/io_write_mbs,0.000000
1779463815.700,/node/io_write_mbs,0.000000
1779463815.713,/node/io_write_mbs,0.000000
1779463815.949,/node/io_write_mbs,0.000000
1779463816.204,/node/io_write_mbs,0.000000
1779463816.214,/node/io_write_mbs,0.000000
1779463816.447,/node/io_write_mbs,0.000000
1779463816.700,/node/io_write_mbs,0.000000
1779463816.713,/node/io_write_mbs,0.000000
1779463816.949,/node/io_write_mbs,0.000000
1779463817.198,/node/io_write_mbs,0.000000
1779463817.214,/node/io_write_mbs,0.000000
1779463817.451,/node/io_write_mbs,0.000000
1779463817.700,/node/io_write_mbs,0.000000
1779463817.712,/node/io_write_mbs,0.000000
1779463817.949,/node/io_write_mbs,0.000000
1779463818.199,/node/io_write_mbs,0.109173
1779463818.213,/node/io_write_mbs,0.109368
1779463818.449,/node/io_write_mbs,0.109364
1779463818.699,/node/io_write_mbs,0.000000
1779463818.713,/node/io_write_mbs,0.000000
1779463818.951,/node/io_write_mbs,0.015601
1779463819.199,/node/io_write_mbs,0.015627
1779463819.213,/node/io_write_mbs,0.015629
1779463819.448,/node/io_write_mbs,0.000000
1779463819.702,/node/io_write_mbs,0.000000
1779463819.713,/node/io_write_mbs,0.000000
1779463819.949,/node/io_write_mbs,0.000000
1779463820.198,/node/io_write_mbs,0.000000
1779463820.213,/node/io_write_mbs,0.000000
1779463820.447,/node/io_write_mbs,0.000000
1779463820.699,/node/io_write_mbs,0.000000
1779463820.715,/node/io_write_mbs,0.000000
1779463820.952,/node/io_write_mbs,0.000000
1779463821.200,/node/io_write_mbs,0.000000
1779463821.215,/node/io_write_mbs,0.000000
1779463821.449,/node/io_write_mbs,0.000000
1779463821.701,/node/io_write_mbs,0.000000
1779463821.725,/node/io_write_mbs,0.000000
1779463821.948,/node/io_write_mbs,0.000000
1779463822.198,/node/io_write_mbs,0.000000
1779463822.215,/node/io_write_mbs,0.000000
1779463822.448,/node/io_write_mbs,0.000000
1779463822.700,/node/io_write_mbs,0.000000
1779463822.715,/node/io_write_mbs,0.000000
1779463822.948,/node/io_write_mbs,0.000000
1779463823.199,/node/io_write_mbs,0.062503
1779463823.213,/node/io_write_mbs,0.062522
1779463823.448,/node/io_write_mbs,0.062498
1779463823.699,/node/io_write_mbs,0.000000
1779463823.713,/node/io_write_mbs,0.000000
1779463823.949,/node/io_write_mbs,0.000000
1779463824.199,/node/io_write_mbs,0.000000
1779463824.215,/node/io_write_mbs,0.000000
1779463824.448,/node/io_write_mbs,0.000000
1779463824.702,/node/io_write_mbs,0.000000
1779463824.715,/node/io_write_mbs,0.000000
1779463824.948,/node/io_write_mbs,0.000000
1779463825.200,/node/io_write_mbs,0.000000
1779463825.214,/node/io_write_mbs,0.000000
1779463825.447,/node/io_write_mbs,0.000000
1779463825.699,/node/io_write_mbs,0.000000
1779463825.713,/node/io_write_mbs,0.000000
1779463825.948,/node/io_write_mbs,0.000000
1779463826.201,/node/io_write_mbs,0.000000
1779463826.215,/node/io_write_mbs,0.000000
1779463826.448,/node/io_write_mbs,0.000000
1779463826.699,/node/io_write_mbs,0.000000
1779463826.715,/node/io_write_mbs,0.000000
1779463826.950,/node/io_write_mbs,0.000000
1779463827.203,/node/io_write_mbs,0.000000
1779463827.215,/node/io_write_mbs,0.000000
1779463827.448,/node/io_write_mbs,0.000000
1779463827.703,/node/io_write_mbs,0.000000
1779463827.715,/node/io_write_mbs,0.000000
1779463827.947,/node/io_write_mbs,0.000000
1779463828.201,/node/io_write_mbs,0.046903
1779463828.217,/node/io_write_mbs,0.046856
1779463828.448,/node/io_write_mbs,0.046867
1779463828.702,/node/io_write_mbs,0.000000
1779463828.713,/node/io_write_mbs,0.000000
1779463828.949,/node/io_write_mbs,0.000000
1779463829.199,/node/io_write_mbs,0.000000
1779463829.215,/node/io_write_mbs,0.000000
1779463829.448,/node/io_write_mbs,0.000000
1779463829.708,/node/io_write_mbs,0.000000
1779463829.714,/node/io_write_mbs,0.000000
1779463829.950,/node/io_write_mbs,0.000000
1779463830.201,/node/io_write_mbs,0.000000
1779463830.216,/node/io_write_mbs,0.000000
1779463830.450,/node/io_write_mbs,0.000000
1779463830.699,/node/io_write_mbs,0.000000
1779463830.714,/node/io_write_mbs,0.000000
1779463830.949,/node/io_write_mbs,0.000000
1779463831.201,/node/io_write_mbs,0.000000
1779463831.214,/node/io_write_mbs,0.000000
1779463831.448,/node/io_write_mbs,0.000000
1779463831.700,/node/io_write_mbs,0.000000
1779463831.714,/node/io_write_mbs,0.000000
1779463831.950,/node/io_write_mbs,0.000000
1779463832.199,/node/io_write_mbs,0.000000
1779463832.214,/node/io_write_mbs,0.000000
1779463832.450,/node/io_write_mbs,0.000000
1779463832.700,/node/io_write_mbs,0.000000
1779463832.715,/node/io_write_mbs,0.000000
1779463832.950,/node/io_write_mbs,0.000000
1779463833.199,/node/io_write_mbs,0.000000
1779463833.213,/node/io_write_mbs,0.000000
1779463833.450,/node/io_write_mbs,0.000000
1779463833.701,/node/io_write_mbs,0.000000
1779463833.716,/node/io_write_mbs,0.000000
1779463833.950,/node/io_write_mbs,0.000000
1779463834.199,/node/io_write_mbs,0.000000
1779463834.213,/node/io_write_mbs,0.000000
1779463834.450,/node/io_write_mbs,0.000000
1779463834.702,/node/io_write_mbs,0.000000
1779463834.714,/node/io_write_mbs,0.000000
1779463834.950,/node/io_write_mbs,0.000000
1779463835.201,/node/io_write_mbs,0.000000
1779463835.215,/node/io_write_mbs,0.000000
1779463835.447,/node/io_write_mbs,0.000000
1779463835.702,/node/io_write_mbs,0.000000
1779463835.714,/node/io_write_mbs,0.000000
1779463835.950,/node/io_write_mbs,0.000000
1779463836.199,/node/io_write_mbs,0.000000
1779463836.213,/node/io_write_mbs,0.000000
1779463836.450,/node/io_write_mbs,0.000000
1779463836.700,/node/io_write_mbs,0.000000
1779463836.713,/node/io_write_mbs,0.000000
1779463836.950,/node/io_write_mbs,0.000000
1779463837.200,/node/io_write_mbs,0.000000
1779463837.214,/node/io_write_mbs,0.000000
1779463837.450,/node/io_write_mbs,0.000000
1779463837.701,/node/io_write_mbs,0.000000
1779463837.713,/node/io_write_mbs,0.000000
1779463837.949,/node/io_write_mbs,0.000000
1779463838.201,/node/io_write_mbs,0.047006
1779463838.214,/node/io_write_mbs,0.046883
1779463838.449,/node/io_write_mbs,0.046889
1779463838.701,/node/io_write_mbs,0.000000
1779463838.716,/node/io_write_mbs,0.000000
1779463838.950,/node/io_write_mbs,0.000000
1779463839.200,/node/io_write_mbs,0.000000
1779463839.217,/node/io_write_mbs,0.000000
1779463839.450,/node/io_write_mbs,0.000000
1779463839.706,/node/io_write_mbs,0.000000
1779463839.714,/node/io_write_mbs,0.000000
1779463839.949,/node/io_write_mbs,0.000000
1779463840.201,/node/io_write_mbs,0.000000
1779463840.214,/node/io_write_mbs,0.000000
1779463840.449,/node/io_write_mbs,0.000000
1779463840.699,/node/io_write_mbs,0.000000
1779463840.714,/node/io_write_mbs,0.000000
1779463840.950,/node/io_write_mbs,0.000000
1779463841.200,/node/io_write_mbs,0.000000
1779463841.216,/node/io_write_mbs,0.000000
1779463841.449,/node/io_write_mbs,0.000000
1779463841.700,/node/io_write_mbs,0.000000
1779463841.714,/node/io_write_mbs,0.000000
1779463841.951,/node/io_write_mbs,0.000000
1779463842.201,/node/io_write_mbs,0.000000
1779463842.214,/node/io_write_mbs,0.000000
1779463842.449,/node/io_write_mbs,0.000000
1779463842.700,/node/io_write_mbs,0.000000
1779463842.714,/node/io_write_mbs,0.000000
1779463842.948,/node/io_write_mbs,0.000000
1779463843.201,/node/io_write_mbs,0.062447
1779463843.214,/node/io_write_mbs,0.062489
1779463843.449,/node/io_write_mbs,0.062497
1779463843.702,/node/io_write_mbs,0.000000
1779463843.714,/node/io_write_mbs,0.000000
1779463843.949,/node/io_write_mbs,0.000000
1779463844.200,/node/io_write_mbs,0.000000
1779463844.214,/node/io_write_mbs,0.000000
1779463844.449,/node/io_write_mbs,0.000000
1779463844.701,/node/io_write_mbs,0.000000
1779463844.715,/node/io_write_mbs,0.000000
1779463844.949,/node/io_write_mbs,0.000000
1779463845.201,/node/io_write_mbs,0.000000
1779463845.216,/node/io_write_mbs,0.000000
1779463845.449,/node/io_write_mbs,0.000000
1779463845.702,/node/io_write_mbs,0.000000
1779463845.716,/node/io_write_mbs,0.000000
1779463845.949,/node/io_write_mbs,0.000000
1779463846.202,/node/io_write_mbs,0.000000
1779463846.216,/node/io_write_mbs,0.000000
1779463846.450,/node/io_write_mbs,0.000000
1779463846.702,/node/io_write_mbs,0.000000
1779463846.716,/node/io_write_mbs,0.000000
1779463846.950,/node/io_write_mbs,0.000000
1779463847.200,/node/io_write_mbs,0.000000
1779463847.215,/node/io_write_mbs,0.000000
1779463847.451,/node/io_write_mbs,0.000000
1779463847.702,/node/io_write_mbs,0.000000
1779463847.717,/node/io_write_mbs,0.000000
1779463847.951,/node/io_write_mbs,0.000000
1779463848.205,/node/io_write_mbs,0.046730
1779463848.216,/node/io_write_mbs,0.046961
1779463848.452,/node/io_write_mbs,0.046831
1779463848.702,/node/io_write_mbs,0.000000
1779463848.719,/node/io_write_mbs,0.000000
1779463848.951,/node/io_write_mbs,0.062534
1779463849.202,/node/io_write_mbs,0.062483
1779463849.216,/node/io_write_mbs,0.062492
1779463849.452,/node/io_write_mbs,0.000000
1779463849.702,/node/io_write_mbs,0.000000
1779463849.716,/node/io_write_mbs,0.000000
1779463849.949,/node/io_write_mbs,0.000000
1779463850.202,/node/io_write_mbs,0.000000
1779463850.216,/node/io_write_mbs,0.000000
1779463850.449,/node/io_write_mbs,0.000000
1779463850.703,/node/io_write_mbs,0.000000
1779463850.716,/node/io_write_mbs,0.000000
1779463850.951,/node/io_write_mbs,0.000000
1779463851.202,/node/io_write_mbs,0.000000
1779463851.219,/node/io_write_mbs,0.000000
1779463851.450,/node/io_write_mbs,0.000000
1779463851.700,/node/io_write_mbs,0.000000
1779463851.714,/node/io_write_mbs,0.000000
1779463851.951,/node/io_write_mbs,0.000000
1779463852.202,/node/io_write_mbs,0.000000
1779463852.218,/node/io_write_mbs,0.000000
1779463852.450,/node/io_write_mbs,0.000000
1779463852.702,/node/io_write_mbs,0.000000
1779463852.716,/node/io_write_mbs,0.000000
1779463852.951,/node/io_write_mbs,0.000000
1779463853.200,/node/io_write_mbs,0.046962
1779463853.215,/node/io_write_mbs,0.046877
1779463853.451,/node/io_write_mbs,0.046795
1779463853.704,/node/io_write_mbs,0.000000
1779463853.715,/node/io_write_mbs,0.015604
1779463853.951,/node/io_write_mbs,0.015650
1779463854.202,/node/io_write_mbs,0.031240
1779463854.215,/node/io_write_mbs,0.015630
1779463854.460,/node/io_write_mbs,0.015616
1779463854.704,/node/io_write_mbs,0.000000
1779463854.714,/node/io_write_mbs,0.000000
1779463854.950,/node/io_write_mbs,0.000000
1779463855.202,/node/io_write_mbs,0.000000
1779463855.215,/node/io_write_mbs,0.000000
1779463855.452,/node/io_write_mbs,0.000000
1779463855.702,/node/io_write_mbs,0.000000
1779463855.715,/node/io_write_mbs,0.000000
1779463855.953,/node/io_write_mbs,0.000000
1779463856.201,/node/io_write_mbs,0.000000
1779463856.217,/node/io_write_mbs,0.000000
1779463856.453,/node/io_write_mbs,0.000000
1779463856.700,/node/io_write_mbs,0.000000
1779463856.713,/node/io_write_mbs,0.000000
1779463856.950,/node/io_write_mbs,0.000000
1779463857.203,/node/io_write_mbs,0.000000
1779463857.215,/node/io_write_mbs,0.000000
1779463857.450,/node/io_write_mbs,0.000000
1779463857.701,/node/io_write_mbs,0.000000
1779463857.715,/node/io_write_mbs,0.000000
1779463857.952,/node/io_write_mbs,0.000000
1779463858.201,/node/io_write_mbs,0.046813
1779463858.215,/node/io_write_mbs,0.046920
1779463858.452,/node/io_write_mbs,0.046851
1779463858.701,/node/io_write_mbs,0.000000
1779463858.717,/node/io_write_mbs,0.000000
1779463858.951,/node/io_write_mbs,0.000000
1779463859.201,/node/io_write_mbs,0.000000
1779463859.219,/node/io_write_mbs,0.000000
1779463859.455,/node/io_write_mbs,0.000000
1779463859.701,/node/io_write_mbs,0.000000
1779463859.717,/node/io_write_mbs,0.000000
1779463859.951,/node/io_write_mbs,0.000000
1779463860.201,/node/io_write_mbs,0.000000
1779463860.217,/node/io_write_mbs,0.000000
1779463860.452,/node/io_write_mbs,0.000000
1779463860.702,/node/io_write_mbs,0.000000
1779463860.716,/node/io_write_mbs,0.000000
1779463860.951,/node/io_write_mbs,0.000000
1779463861.201,/node/io_write_mbs,0.000000
1779463861.216,/node/io_write_mbs,0.000000
1779463861.450,/node/io_write_mbs,0.000000
1779463861.701,/node/io_write_mbs,0.000000
1779463861.719,/node/io_write_mbs,0.000000
1779463861.950,/node/io_write_mbs,0.000000
1779463862.203,/node/io_write_mbs,0.000000
1779463862.217,/node/io_write_mbs,0.000000
1779463862.453,/node/io_write_mbs,0.000000
1779463862.701,/node/io_write_mbs,0.000000
1779463862.717,/node/io_write_mbs,0.000000
1779463862.952,/node/io_write_mbs,0.000000
1779463863.204,/node/io_write_mbs,0.062451
1779463863.217,/node/io_write_mbs,0.062457
1779463863.452,/node/io_write_mbs,0.062309
1779463863.704,/node/io_write_mbs,0.000000
1779463863.715,/node/io_write_mbs,0.000000
1779463863.950,/node/io_write_mbs,0.000000
1779463864.203,/node/io_write_mbs,0.000000
1779463864.217,/node/io_write_mbs,0.000000
1779463864.450,/node/io_write_mbs,0.000000
1779463864.703,/node/io_write_mbs,0.000000
1779463864.719,/node/io_write_mbs,0.000000
1779463864.964,/node/io_write_mbs,0.000000
1779463865.201,/node/io_write_mbs,0.000000
1779463865.222,/node/io_write_mbs,0.000000
1779463865.454,/node/io_write_mbs,0.000000
1779463865.703,/node/io_write_mbs,0.000000
1779463865.718,/node/io_write_mbs,0.000000
1779463865.950,/node/io_write_mbs,0.000000
1779463866.203,/node/io_write_mbs,0.000000
1779463866.215,/node/io_write_mbs,0.000000
1779463866.451,/node/io_write_mbs,0.000000
1779463866.701,/node/io_write_mbs,0.000000
1779463866.716,/node/io_write_mbs,0.000000
1779463866.953,/node/io_write_mbs,0.000000
1779463867.203,/node/io_write_mbs,0.000000
1779463867.219,/node/io_write_mbs,0.000000
1779463867.452,/node/io_write_mbs,0.000000
1779463867.703,/node/io_write_mbs,0.000000
1779463867.716,/node/io_write_mbs,0.000000
1779463867.951,/node/io_write_mbs,0.000000
1779463868.203,/node/io_write_mbs,0.046902
1779463868.218,/node/io_write_mbs,0.046787
1779463868.451,/node/io_write_mbs,0.046795
1779463868.702,/node/io_write_mbs,0.000000
1779463868.716,/node/io_write_mbs,0.000000
1779463868.950,/node/io_write_mbs,0.000000
1779463869.203,/node/io_write_mbs,0.000000
1779463869.216,/node/io_write_mbs,0.000000
1779463869.454,/node/io_write_mbs,0.000000
1779463869.702,/node/io_write_mbs,0.000000
1779463869.716,/node/io_write_mbs,0.000000
1779463869.951,/node/io_write_mbs,0.000000
1779463870.206,/node/io_write_mbs,0.000000
1779463870.216,/node/io_write_mbs,0.000000
1779463870.451,/node/io_write_mbs,0.000000
1779463870.703,/node/io_write_mbs,0.000000
1779463870.718,/node/io_write_mbs,0.000000
1779463870.951,/node/io_write_mbs,0.000000
1779463871.204,/node/io_write_mbs,0.000000
1779463871.218,/node/io_write_mbs,0.000000
1779463871.453,/node/io_write_mbs,0.000000
1779463871.702,/node/io_write_mbs,0.000000
1779463871.720,/node/io_write_mbs,0.000000
1779463871.952,/node/io_write_mbs,0.000000
1779463872.205,/node/io_write_mbs,0.000000
1779463872.217,/node/io_write_mbs,0.000000
1779463872.451,/node/io_write_mbs,0.000000
1779463872.703,/node/io_write_mbs,0.000000
1779463872.716,/node/io_write_mbs,0.000000
1779463872.951,/node/io_write_mbs,0.000000
1779463873.204,/node/io_write_mbs,0.046871
1779463873.218,/node/io_write_mbs,0.046854
1779463873.452,/node/io_write_mbs,0.046767
1779463873.703,/node/io_write_mbs,0.000000
1779463873.718,/node/io_write_mbs,0.000000
1779463873.951,/node/io_write_mbs,0.000000
1779463874.204,/node/io_write_mbs,0.000000
1779463874.216,/node/io_write_mbs,0.000000
1779463874.452,/node/io_write_mbs,0.000000
1779463874.704,/node/io_write_mbs,0.000000
1779463874.717,/node/io_write_mbs,0.000000
1779463874.954,/node/io_write_mbs,0.000000
1779463875.206,/node/io_write_mbs,0.000000
1779463875.217,/node/io_write_mbs,0.000000
1779463875.452,/node/io_write_mbs,0.000000
1779463875.703,/node/io_write_mbs,0.000000
1779463875.719,/node/io_write_mbs,0.000000
1779463875.952,/node/io_write_mbs,0.000000
1779463876.203,/node/io_write_mbs,0.000000
1779463876.218,/node/io_write_mbs,0.000000
1779463876.453,/node/io_write_mbs,0.000000
1779463876.703,/node/io_write_mbs,0.000000
1779463876.719,/node/io_write_mbs,0.000000
1779463876.956,/node/io_write_mbs,0.000000
1779463877.203,/node/io_write_mbs,0.000000
1779463877.219,/node/io_write_mbs,0.000000
1779463877.452,/node/io_write_mbs,0.000000
1779463877.704,/node/io_write_mbs,0.000000
1779463877.719,/node/io_write_mbs,0.000000
1779463877.954,/node/io_write_mbs,0.000000
1779463878.203,/node/io_write_mbs,0.046804
1779463878.219,/node/io_write_mbs,0.046879
1779463878.452,/node/io_write_mbs,0.046897
1779463878.703,/node/io_write_mbs,0.000000
1779463878.719,/node/io_write_mbs,0.000000
1779463878.953,/node/io_write_mbs,0.000000
1779463879.203,/node/io_write_mbs,0.000000
1779463879.221,/node/io_write_mbs,0.000000
1779463879.455,/node/io_write_mbs,0.000000
1779463879.705,/node/io_write_mbs,0.000000
1779463879.718,/node/io_write_mbs,0.000000
1779463879.953,/node/io_write_mbs,0.000000
1779463880.207,/node/io_write_mbs,0.000000
1779463880.218,/node/io_write_mbs,0.000000
1779463880.454,/node/io_write_mbs,0.000000
1779463880.705,/node/io_write_mbs,0.000000
1779463880.717,/node/io_write_mbs,0.000000
1779463880.952,/node/io_write_mbs,0.000000
1779463881.204,/node/io_write_mbs,0.000000
1779463881.220,/node/io_write_mbs,0.000000
1779463881.453,/node/io_write_mbs,0.000000
1779463881.704,/node/io_write_mbs,0.000000
1779463881.718,/node/io_write_mbs,0.000000
1779463881.958,/node/io_write_mbs,0.000000
1779463882.204,/node/io_write_mbs,0.000000
1779463882.220,/node/io_write_mbs,0.000000
1779463882.452,/node/io_write_mbs,0.000000
1779463882.704,/node/io_write_mbs,0.000000
1779463882.720,/node/io_write_mbs,0.000000
1779463882.955,/node/io_write_mbs,0.000000
1779463883.208,/node/io_write_mbs,0.062361
1779463883.220,/node/io_write_mbs,0.062487
1779463883.455,/node/io_write_mbs,0.062491
1779463883.706,/node/io_write_mbs,0.000000
1779463883.719,/node/io_write_mbs,0.000000
1779463883.953,/node/io_write_mbs,0.000000
1779463884.206,/node/io_write_mbs,0.000000
1779463884.219,/node/io_write_mbs,0.000000
1779463884.454,/node/io_write_mbs,0.000000
1779463884.706,/node/io_write_mbs,0.000000
1779463884.719,/node/io_write_mbs,0.000000
1779463884.957,/node/io_write_mbs,0.000000
1779463885.204,/node/io_write_mbs,0.000000
1779463885.222,/node/io_write_mbs,0.000000
1779463885.454,/node/io_write_mbs,0.000000
1779463885.705,/node/io_write_mbs,0.000000
1779463885.719,/node/io_write_mbs,0.000000
1779463885.957,/node/io_write_mbs,0.000000
1779463886.206,/node/io_write_mbs,0.000000
1779463886.221,/node/io_write_mbs,0.000000
1779463886.454,/node/io_write_mbs,0.000000
1779463886.707,/node/io_write_mbs,0.000000
1779463886.719,/node/io_write_mbs,0.000000
1779463886.954,/node/io_write_mbs,0.000000
1779463887.205,/node/io_write_mbs,0.000000
1779463887.219,/node/io_write_mbs,0.000000
1779463887.467,/node/io_write_mbs,0.000000
1779463887.705,/node/io_write_mbs,0.000000
1779463887.719,/node/io_write_mbs,0.000000
1779463887.956,/node/io_write_mbs,0.000000
1779463888.205,/node/io_write_mbs,0.046872
1779463888.223,/node/io_write_mbs,0.046904
1779463888.457,/node/io_write_mbs,0.046883
1779463888.707,/node/io_write_mbs,0.000000
1779463888.723,/node/io_write_mbs,0.000000
1779463888.956,/node/io_write_mbs,0.031314
1779463889.207,/node/io_write_mbs,0.031310
1779463889.219,/node/io_write_mbs,0.031264
1779463889.455,/node/io_write_mbs,0.000000
1779463889.705,/node/io_write_mbs,0.000000
1779463889.720,/node/io_write_mbs,0.000000
1779463889.956,/node/io_write_mbs,0.000000
1779463890.206,/node/io_write_mbs,0.000000
1779463890.220,/node/io_write_mbs,0.000000
1779463890.456,/node/io_write_mbs,0.000000
1779463890.709,/node/io_write_mbs,0.000000
1779463890.722,/node/io_write_mbs,0.000000
1779463890.958,/node/io_write_mbs,0.000000
1779463891.206,/node/io_write_mbs,0.000000
1779463891.220,/node/io_write_mbs,0.000000
1779463891.453,/node/io_write_mbs,0.000000
1779463891.708,/node/io_write_mbs,0.000000
1779463891.721,/node/io_write_mbs,0.000000
1779463891.955,/node/io_write_mbs,0.000000
1779463892.205,/node/io_write_mbs,0.000000
1779463892.219,/node/io_write_mbs,0.000000
1779463892.455,/node/io_write_mbs,0.000000
1779463892.706,/node/io_write_mbs,0.000000
1779463892.722,/node/io_write_mbs,0.000000
1779463892.955,/node/io_write_mbs,0.000000
1779463893.206,/node/io_write_mbs,0.031247
1779463893.224,/node/io_write_mbs,0.031285
1779463893.457,/node/io_write_mbs,0.031251
1779463893.708,/node/io_write_mbs,0.000000
1779463893.723,/node/io_write_mbs,0.000000
1779463893.957,/node/io_write_mbs,0.000000
1779463894.206,/node/io_write_mbs,0.000000
1779463894.222,/node/io_write_mbs,0.000000
1779463894.456,/node/io_write_mbs,0.156030
1779463894.709,/node/io_write_mbs,0.156181
1779463894.721,/node/io_write_mbs,0.156215
1779463894.956,/node/io_write_mbs,0.000000
1779463895.208,/node/io_write_mbs,0.000000
1779463895.222,/node/io_write_mbs,0.000000
1779463895.458,/node/io_write_mbs,0.000000
1779463895.708,/node/io_write_mbs,0.000000
1779463895.721,/node/io_write_mbs,0.000000
1779463895.956,/node/io_write_mbs,0.000000
1779463896.208,/node/io_write_mbs,0.000000
1779463896.221,/node/io_write_mbs,0.000000
1779463896.457,/node/io_write_mbs,0.000000
1779463896.708,/node/io_write_mbs,0.000000
1779463896.721,/node/io_write_mbs,0.000000
1779463896.956,/node/io_write_mbs,0.000000
1779463897.207,/node/io_write_mbs,0.000000
1779463897.221,/node/io_write_mbs,0.000000
1779463897.468,/node/io_write_mbs,0.000000
1779463897.710,/node/io_write_mbs,0.000000
1779463897.721,/node/io_write_mbs,0.000000
1779463897.956,/node/io_write_mbs,0.000000
1779463898.207,/node/io_write_mbs,0.000000
1779463898.223,/node/io_write_mbs,0.000000
1779463898.458,/node/io_write_mbs,0.000000
1779463898.707,/node/io_write_mbs,0.000000
1779463898.725,/node/io_write_mbs,0.000000
1779463898.958,/node/io_write_mbs,0.000000
1779463899.207,/node/io_write_mbs,0.000000
1779463899.223,/node/io_write_mbs,0.000000
1779463899.458,/node/io_write_mbs,0.000000
1779463899.709,/node/io_write_mbs,0.000000
1779463899.722,/node/io_write_mbs,0.000000
1779463899.957,/node/io_write_mbs,0.000000
1779463900.216,/node/io_write_mbs,0.000000
1779463900.222,/node/io_write_mbs,0.000000
1779463900.457,/node/io_write_mbs,0.000000
1779463900.711,/node/io_write_mbs,0.000000
1779463900.722,/node/io_write_mbs,0.000000
1779463900.960,/node/io_write_mbs,0.000000
1779463901.209,/node/io_write_mbs,0.000000
1779463901.222,/node/io_write_mbs,0.000000
1779463901.457,/node/io_write_mbs,0.000000
1779463901.711,/node/io_write_mbs,0.000000
1779463901.722,/node/io_write_mbs,0.000000
1779463901.957,/node/io_write_mbs,0.000000
1779463902.208,/node/io_write_mbs,0.000000
1779463902.222,/node/io_write_mbs,0.000000
1779463902.459,/node/io_write_mbs,0.000000
1779463902.708,/node/io_write_mbs,0.000000
1779463902.722,/node/io_write_mbs,0.000000
1779463902.958,/node/io_write_mbs,0.000000
1779463903.208,/node/io_write_mbs,0.062616
1779463903.222,/node/io_write_mbs,0.062711
1779463903.459,/node/io_write_mbs,0.062687
1779463903.712,/node/io_write_mbs,0.000000
1779463903.726,/node/io_write_mbs,0.000000
1779463903.958,/node/io_write_mbs,0.000000
1779463904.210,/node/io_write_mbs,0.000000
1779463904.223,/node/io_write_mbs,0.000000
1779463904.459,/node/io_write_mbs,0.000000
1779463904.709,/node/io_write_mbs,0.000000
1779463904.724,/node/io_write_mbs,0.000000
1779463904.959,/node/io_write_mbs,0.000000
1779463905.210,/node/io_write_mbs,0.000000
1779463905.225,/node/io_write_mbs,0.000000
1779463905.462,/node/io_write_mbs,0.000000
1779463905.710,/node/io_write_mbs,0.000000
1779463905.723,/node/io_write_mbs,0.000000
1779463905.961,/node/io_write_mbs,0.000000
1779463906.212,/node/io_write_mbs,0.000000
1779463906.223,/node/io_write_mbs,0.000000
1779463906.457,/node/io_write_mbs,0.000000
1779463906.709,/node/io_write_mbs,0.000000
1779463906.723,/node/io_write_mbs,0.000000
1779463906.958,/node/io_write_mbs,0.000000
1779463907.211,/node/io_write_mbs,0.000000
1779463907.225,/node/io_write_mbs,0.000000
1779463907.458,/node/io_write_mbs,0.000000
1779463907.709,/node/io_write_mbs,0.000000
1779463907.726,/node/io_write_mbs,0.000000
1779463907.960,/node/io_write_mbs,0.000000
1779463908.213,/node/io_write_mbs,0.046908
1779463908.223,/node/io_write_mbs,0.046880
1779463908.459,/node/io_write_mbs,0.046797
1779463908.719,/node/io_write_mbs,0.000000
1779463908.729,/node/io_write_mbs,0.000000
1779463908.960,/node/io_write_mbs,0.000000
1779463909.218,/node/io_write_mbs,0.000000
1779463909.224,/node/io_write_mbs,0.000000
1779463909.460,/node/io_write_mbs,0.000000
1779463909.712,/node/io_write_mbs,0.000000
1779463909.725,/node/io_write_mbs,0.000000
1779463909.959,/node/io_write_mbs,0.000000
1779463910.214,/node/io_write_mbs,0.000000
1779463910.224,/node/io_write_mbs,0.000000
1779463910.461,/node/io_write_mbs,0.000000
1779463910.710,/node/io_write_mbs,0.000000
1779463910.724,/node/io_write_mbs,0.000000
1779463910.959,/node/io_write_mbs,0.000000
1779463911.219,/node/io_write_mbs,0.000000
1779463911.226,/node/io_write_mbs,0.000000
1779463911.459,/node/io_write_mbs,0.000000
1779463911.713,/node/io_write_mbs,0.000000
1779463911.726,/node/io_write_mbs,0.000000
1779463911.961,/node/io_write_mbs,0.000000
1779463912.210,/node/io_write_mbs,0.000000
1779463912.226,/node/io_write_mbs,0.000000
1779463912.470,/node/io_write_mbs,0.000000
1779463912.712,/node/io_write_mbs,0.000000
1779463912.725,/node/io_write_mbs,0.000000
1779463912.961,/node/io_write_mbs,0.000000
1779463913.212,/node/io_write_mbs,0.046969
1779463913.226,/node/io_write_mbs,0.046869
1779463913.461,/node/io_write_mbs,0.046815
1779463913.714,/node/io_write_mbs,0.000000
1779463913.728,/node/io_write_mbs,0.000000
1779463913.962,/node/io_write_mbs,0.000000
1779463914.213,/node/io_write_mbs,0.000000
1779463914.226,/node/io_write_mbs,0.000000
1779463914.461,/node/io_write_mbs,0.000000
1779463914.711,/node/io_write_mbs,0.000000
1779463914.728,/node/io_write_mbs,0.000000
1779463914.961,/node/io_write_mbs,0.000000
1779463915.212,/node/io_write_mbs,0.000000
1779463915.228,/node/io_write_mbs,0.000000
1779463915.461,/node/io_write_mbs,0.000000
1779463915.712,/node/io_write_mbs,0.000000
1779463915.725,/node/io_write_mbs,0.000000
1779463915.960,/node/io_write_mbs,0.000000
1779463916.212,/node/io_write_mbs,0.000000
1779463916.236,/node/io_write_mbs,0.000000
1779463916.460,/node/io_write_mbs,0.000000
1779463916.719,/node/io_write_mbs,0.000000
1779463916.728,/node/io_write_mbs,0.000000
1779463916.965,/node/io_write_mbs,0.000000
1779463917.211,/node/io_write_mbs,0.000000
1779463917.227,/node/io_write_mbs,0.000000
1779463917.462,/node/io_write_mbs,0.000000
1779463917.719,/node/io_write_mbs,0.000000
1779463917.738,/node/io_write_mbs,0.000000
1779463917.960,/node/io_write_mbs,0.000000
1779463918.214,/node/io_write_mbs,0.046953
1779463918.229,/node/io_write_mbs,0.046868
1779463918.460,/node/io_write_mbs,0.046853
1779463918.713,/node/io_write_mbs,0.000000
1779463918.732,/node/io_write_mbs,0.000000
1779463918.963,/node/io_write_mbs,0.000000
1779463919.215,/node/io_write_mbs,0.000000
1779463919.226,/node/io_write_mbs,0.000000
1779463919.465,/node/io_write_mbs,0.000000
1779463919.713,/node/io_write_mbs,0.000000
1779463919.726,/node/io_write_mbs,0.000000
1779463919.962,/node/io_write_mbs,0.000000
1779463920.213,/node/io_write_mbs,0.000000
1779463920.229,/node/io_write_mbs,0.000000
1779463920.466,/node/io_write_mbs,0.000000
1779463920.721,/node/io_write_mbs,0.000000
1779463920.734,/node/io_write_mbs,0.000000
1779463920.964,/node/io_write_mbs,0.000000
1779463921.214,/node/io_write_mbs,0.000000
1779463921.228,/node/io_write_mbs,0.000000
1779463921.463,/node/io_write_mbs,0.000000
1779463921.715,/node/io_write_mbs,0.000000
1779463921.726,/node/io_write_mbs,0.000000
1779463921.964,/node/io_write_mbs,0.000000
1779463922.213,/node/io_write_mbs,0.000000
1779463922.239,/node/io_write_mbs,0.000000
1779463922.473,/node/io_write_mbs,0.000000
1779463922.713,/node/io_write_mbs,0.000000
1779463922.726,/node/io_write_mbs,0.000000
1779463922.964,/node/io_write_mbs,0.000000
1779463923.211,/node/io_write_mbs,0.062429
1779463923.226,/node/io_write_mbs,0.062508
1779463923.462,/node/io_write_mbs,0.062481
1779463923.713,/node/io_write_mbs,0.000000
1779463923.726,/node/io_write_mbs,0.000000
1779463923.963,/node/io_write_mbs,0.015628
1779463924.212,/node/io_write_mbs,0.015605
1779463924.226,/node/io_write_mbs,0.015637
1779463924.461,/node/io_write_mbs,0.000000
1779463924.712,/node/io_write_mbs,0.000000
1779463924.726,/node/io_write_mbs,0.000000
1779463924.963,/node/io_write_mbs,0.000000
1779463925.212,/node/io_write_mbs,0.109312
1779463925.228,/node/io_write_mbs,0.109226
1779463925.461,/node/io_write_mbs,0.109319
1779463925.716,/node/io_write_mbs,0.000000
1779463925.728,/node/io_write_mbs,0.000000
1779463925.963,/node/io_write_mbs,0.000000
1779463926.214,/node/io_write_mbs,0.000000
1779463926.230,/node/io_write_mbs,0.000000
1779463926.463,/node/io_write_mbs,0.000000
1779463926.713,/node/io_write_mbs,0.000000
1779463926.727,/node/io_write_mbs,0.000000
1779463926.961,/node/io_write_mbs,0.000000
1779463927.213,/node/io_write_mbs,0.000000
1779463927.228,/node/io_write_mbs,0.000000
1779463927.463,/node/io_write_mbs,0.000000
1779463927.713,/node/io_write_mbs,0.000000
1779463927.729,/node/io_write_mbs,0.000000
1779463927.962,/node/io_write_mbs,0.000000
1779463928.217,/node/io_write_mbs,0.046860
1779463928.227,/node/io_write_mbs,0.046954
1779463928.462,/node/io_write_mbs,0.046864
1779463928.713,/node/io_write_mbs,0.000000
1779463928.727,/node/io_write_mbs,0.000000
1779463928.963,/node/io_write_mbs,0.000000
1779463929.217,/node/io_write_mbs,0.000000
1779463929.227,/node/io_write_mbs,0.000000
1779463929.466,/node/io_write_mbs,0.000000
1779463929.713,/node/io_write_mbs,0.000000
1779463929.727,/node/io_write_mbs,0.000000
1779463929.964,/node/io_write_mbs,0.000000
