timestamp_unix,topic,value
1779183112.178,/benchmark/inference_ms,50.242538
1779183112.278,/benchmark/inference_ms,48.177345
1779183112.379,/benchmark/inference_ms,49.622459
1779183112.482,/benchmark/inference_ms,49.827423
1779183112.581,/benchmark/inference_ms,47.888733
1779183112.678,/benchmark/inference_ms,47.555187
1779183112.776,/benchmark/inference_ms,47.325520
1779183112.871,/benchmark/inference_ms,48.324677
1779183112.968,/benchmark/inference_ms,47.469620
1779183113.069,/benchmark/inference_ms,48.519878
1779183113.163,/benchmark/inference_ms,47.256783
1779183113.262,/benchmark/inference_ms,47.968891
1779183113.357,/benchmark/inference_ms,48.165821
1779183113.453,/benchmark/inference_ms,48.013947
1779183113.542,/benchmark/inference_ms,40.681778
1779183113.636,/benchmark/inference_ms,47.598644
1779183113.732,/benchmark/inference_ms,48.282047
1779183113.829,/benchmark/inference_ms,48.427685
1779183113.924,/benchmark/inference_ms,47.144745
1779183114.019,/benchmark/inference_ms,48.326115
1779183114.114,/benchmark/inference_ms,47.230186
1779183114.204,/benchmark/inference_ms,44.585720
1779183114.300,/benchmark/inference_ms,47.287083
1779183114.386,/benchmark/inference_ms,38.928303
1779183114.485,/benchmark/inference_ms,49.132492
1779183114.580,/benchmark/inference_ms,48.122585
1779183114.676,/benchmark/inference_ms,47.313709
1779183114.774,/benchmark/inference_ms,48.789799
1779183114.871,/benchmark/inference_ms,48.789768
1779183115.032,/benchmark/inference_ms,52.895508
1779183115.156,/benchmark/inference_ms,59.872467
1779183115.260,/benchmark/inference_ms,53.275478
1779183115.365,/benchmark/inference_ms,53.401367
1779183115.469,/benchmark/inference_ms,52.699661
1779183115.574,/benchmark/inference_ms,52.638187
1779183115.681,/benchmark/inference_ms,53.549725
1779183115.792,/benchmark/inference_ms,57.618279
1779183115.899,/benchmark/inference_ms,53.967651
1779183115.995,/benchmark/inference_ms,44.330738
1779183116.100,/benchmark/inference_ms,53.354839
1779183116.197,/benchmark/inference_ms,45.848331
1779183116.301,/benchmark/inference_ms,54.958931
1779183116.398,/benchmark/inference_ms,48.065811
1779183116.503,/benchmark/inference_ms,54.048161
1779183116.598,/benchmark/inference_ms,47.902737
1779183116.700,/benchmark/inference_ms,52.905102
1779183116.804,/benchmark/inference_ms,52.738632
1779183116.911,/benchmark/inference_ms,54.598698
1779183117.011,/benchmark/inference_ms,47.656940
1779183117.117,/benchmark/inference_ms,52.923275
1779183117.215,/benchmark/inference_ms,46.519028
1779183117.315,/benchmark/inference_ms,49.679054
1779183117.413,/benchmark/inference_ms,48.368374
1779183117.516,/benchmark/inference_ms,50.101910
1779183117.614,/benchmark/inference_ms,48.474648
1779183117.711,/benchmark/inference_ms,48.526810
1779183117.813,/benchmark/inference_ms,49.078468
1779183117.921,/benchmark/inference_ms,54.184898
1779183118.024,/benchmark/inference_ms,50.085396
1779183118.128,/benchmark/inference_ms,53.686420
1779183118.229,/benchmark/inference_ms,48.779198
1779183118.330,/benchmark/inference_ms,49.039906
1779183118.426,/benchmark/inference_ms,47.617252
1779183118.523,/benchmark/inference_ms,47.212765
1779183118.623,/benchmark/inference_ms,50.073715
1779183118.733,/benchmark/inference_ms,55.341652
1779183118.836,/benchmark/inference_ms,50.192085
1779183118.953,/benchmark/inference_ms,60.917850
1779183119.050,/benchmark/inference_ms,46.161133
1779183119.161,/benchmark/inference_ms,56.323620
1779183119.252,/benchmark/inference_ms,41.656792
1779183119.346,/benchmark/inference_ms,48.022633
1779183119.442,/benchmark/inference_ms,47.673092
1779183119.539,/benchmark/inference_ms,47.935978
1779183119.635,/benchmark/inference_ms,47.052055
1779183119.739,/benchmark/inference_ms,52.902531
1779183119.841,/benchmark/inference_ms,52.863235
1779183119.948,/benchmark/inference_ms,53.222603
1779183120.056,/benchmark/inference_ms,54.863400
1779183120.162,/benchmark/inference_ms,53.702065
1779183120.265,/benchmark/inference_ms,50.743866
1779183120.370,/benchmark/inference_ms,53.408329
1779183120.477,/benchmark/inference_ms,54.519070
1779183120.581,/benchmark/inference_ms,52.861248
1779183120.688,/benchmark/inference_ms,55.352428
1779183120.799,/benchmark/inference_ms,57.205452
1779183120.900,/benchmark/inference_ms,47.170551
1779183121.006,/benchmark/inference_ms,53.495274
1779183121.092,/benchmark/inference_ms,39.762257
1779183121.164,/benchmark/inference_ms,25.211113
1779183121.247,/benchmark/inference_ms,24.908356
1779183121.351,/benchmark/inference_ms,25.784819
1779183121.441,/benchmark/inference_ms,25.591055
1779183121.538,/benchmark/inference_ms,25.594128
1779183121.627,/benchmark/inference_ms,25.071751
1779183121.726,/benchmark/inference_ms,26.693699
1779183121.827,/benchmark/inference_ms,26.525951
1779183121.917,/benchmark/inference_ms,26.882919
1779183122.013,/benchmark/inference_ms,26.725573
1779183122.110,/benchmark/inference_ms,27.501297
1779183122.207,/benchmark/inference_ms,27.691797
1779183122.404,/benchmark/inference_ms,30.178080
1779183122.491,/benchmark/inference_ms,27.594353
1779183122.586,/benchmark/inference_ms,27.707603
1779183122.682,/benchmark/inference_ms,27.749077
1779183122.781,/benchmark/inference_ms,27.654068
1779183122.870,/benchmark/inference_ms,27.574610
1779183122.960,/benchmark/inference_ms,27.427471
1779183123.167,/benchmark/inference_ms,28.177273
1779183123.356,/benchmark/inference_ms,29.952379
1779183123.446,/benchmark/inference_ms,27.690897
1779183123.539,/benchmark/inference_ms,27.060616
1779183123.631,/benchmark/inference_ms,26.826212
1779183123.726,/benchmark/inference_ms,27.006021
1779183123.827,/benchmark/inference_ms,26.813826
1779183123.909,/benchmark/inference_ms,26.590141
1779183124.010,/benchmark/inference_ms,28.275229
1779183124.102,/benchmark/inference_ms,27.877907
1779183124.197,/benchmark/inference_ms,27.469580
1779183124.290,/benchmark/inference_ms,27.459309
1779183124.385,/benchmark/inference_ms,27.318216
1779183124.482,/benchmark/inference_ms,27.846195
1779183124.579,/benchmark/inference_ms,27.976597
1779183124.674,/benchmark/inference_ms,27.555374
1779183124.771,/benchmark/inference_ms,27.594704
1779183124.867,/benchmark/inference_ms,28.131033
1779183124.959,/benchmark/inference_ms,27.418859
1779183125.056,/benchmark/inference_ms,28.009237
1779183125.152,/benchmark/inference_ms,27.459658
1779183125.248,/benchmark/inference_ms,27.884499
1779183125.339,/benchmark/inference_ms,27.444746
1779183125.435,/benchmark/inference_ms,28.003092
1779183125.532,/benchmark/inference_ms,28.695776
1779183125.618,/benchmark/inference_ms,27.637966
1779183125.715,/benchmark/inference_ms,27.586828
1779183125.810,/benchmark/inference_ms,27.617678
1779183125.906,/benchmark/inference_ms,27.613132
1779183125.997,/benchmark/inference_ms,27.360617
1779183126.097,/benchmark/inference_ms,27.433226
1779183126.192,/benchmark/inference_ms,28.318552
1779183126.292,/benchmark/inference_ms,28.885408
1779183126.385,/benchmark/inference_ms,27.190052
1779183126.482,/benchmark/inference_ms,27.324677
1779183126.577,/benchmark/inference_ms,27.562090
1779183126.671,/benchmark/inference_ms,27.532042
1779183126.763,/benchmark/inference_ms,27.595243
1779183126.862,/benchmark/inference_ms,28.038322
1779183126.954,/benchmark/inference_ms,27.764784
1779183127.051,/benchmark/inference_ms,28.690046
1779183127.148,/benchmark/inference_ms,28.320599
1779183127.242,/benchmark/inference_ms,27.883247
1779183127.333,/benchmark/inference_ms,27.781132
1779183127.430,/benchmark/inference_ms,27.808270
1779183127.525,/benchmark/inference_ms,27.414053
1779183127.619,/benchmark/inference_ms,28.097042
1779183127.716,/benchmark/inference_ms,28.101555
1779183127.810,/benchmark/inference_ms,28.212532
1779183127.906,/benchmark/inference_ms,27.754412
1779183127.997,/benchmark/inference_ms,27.506632
1779183128.096,/benchmark/inference_ms,27.768044
1779183128.185,/benchmark/inference_ms,27.459686
1779183128.275,/benchmark/inference_ms,27.801292
1779183128.372,/benchmark/inference_ms,27.661163
1779183128.467,/benchmark/inference_ms,28.162098
1779183128.563,/benchmark/inference_ms,27.683338
1779183128.660,/benchmark/inference_ms,27.632586
1779183128.754,/benchmark/inference_ms,27.600744
1779183128.851,/benchmark/inference_ms,27.529638
1779183128.947,/benchmark/inference_ms,27.600296
1779183129.040,/benchmark/inference_ms,27.821133
1779183129.130,/benchmark/inference_ms,27.609928
1779183129.227,/benchmark/inference_ms,27.491077
1779183129.318,/benchmark/inference_ms,27.720522
1779183129.415,/benchmark/inference_ms,27.323458
1779183129.511,/benchmark/inference_ms,27.643688
1779183129.606,/benchmark/inference_ms,27.631271
1779183129.705,/benchmark/inference_ms,28.033583
1779183129.801,/benchmark/inference_ms,27.644487
1779183129.897,/benchmark/inference_ms,28.085424
1779183129.987,/benchmark/inference_ms,27.664137
1779183130.085,/benchmark/inference_ms,28.112270
1779183130.181,/benchmark/inference_ms,27.767849
1779183130.271,/benchmark/inference_ms,28.470388
1779183130.361,/benchmark/inference_ms,27.375906
1779183130.458,/benchmark/inference_ms,27.741737
1779183130.554,/benchmark/inference_ms,27.848394
1779183130.646,/benchmark/inference_ms,28.271954
1779183130.742,/benchmark/inference_ms,27.559652
1779183130.838,/benchmark/inference_ms,27.506147
1779183130.934,/benchmark/inference_ms,27.839273
1779183131.132,/benchmark/inference_ms,30.288691
1779183131.226,/benchmark/inference_ms,27.999210
1779183131.311,/benchmark/inference_ms,27.745413
1779183131.414,/benchmark/inference_ms,27.567747
1779183131.700,/benchmark/inference_ms,30.047853
1779183131.885,/benchmark/inference_ms,28.190830
1779183131.981,/benchmark/inference_ms,27.755814
1779183132.070,/benchmark/inference_ms,27.439198
1779183132.173,/benchmark/inference_ms,28.106571
1779183132.263,/benchmark/inference_ms,27.477568
1779183132.353,/benchmark/inference_ms,27.550945
1779183132.450,/benchmark/inference_ms,27.533890
1779183132.546,/benchmark/inference_ms,27.449919
1779183132.646,/benchmark/inference_ms,27.730406
1779183132.841,/benchmark/inference_ms,30.223055
1779183132.926,/benchmark/inference_ms,27.670946
1779183133.020,/benchmark/inference_ms,28.581331
1779183133.116,/benchmark/inference_ms,28.308077
1779183133.210,/benchmark/inference_ms,27.486814
1779183133.307,/benchmark/inference_ms,27.621250
1779183133.396,/benchmark/inference_ms,27.415804
1779183133.497,/benchmark/inference_ms,28.435375
1779183133.592,/benchmark/inference_ms,28.343117
1779183133.681,/benchmark/inference_ms,27.517086
1779183133.777,/benchmark/inference_ms,27.497854
1779183133.877,/benchmark/inference_ms,28.667410
1779183133.969,/benchmark/inference_ms,27.395548
1779183134.059,/benchmark/inference_ms,26.818962
1779183134.156,/benchmark/inference_ms,26.601006
1779183134.253,/benchmark/inference_ms,26.534956
1779183134.346,/benchmark/inference_ms,27.326300
1779183134.439,/benchmark/inference_ms,26.696047
1779183134.541,/benchmark/inference_ms,26.780624
1779183134.637,/benchmark/inference_ms,26.694191
1779183134.731,/benchmark/inference_ms,26.906258
1779183134.839,/benchmark/inference_ms,26.950197
1779183134.921,/benchmark/inference_ms,26.829296
1779183135.015,/benchmark/inference_ms,26.844145
1779183135.111,/benchmark/inference_ms,26.620045
1779183135.207,/benchmark/inference_ms,26.908625
1779183135.303,/benchmark/inference_ms,27.237431
1779183135.390,/benchmark/inference_ms,26.633614
1779183135.484,/benchmark/inference_ms,26.528522
1779183135.582,/benchmark/inference_ms,26.600107
1779183135.673,/benchmark/inference_ms,26.509769
1779183135.873,/benchmark/inference_ms,27.416922
1779183135.963,/benchmark/inference_ms,27.563837
1779183136.054,/benchmark/inference_ms,27.707136
1779183136.150,/benchmark/inference_ms,27.724510
1779183136.252,/benchmark/inference_ms,26.729517
1779183136.343,/benchmark/inference_ms,26.517097
1779183136.439,/benchmark/inference_ms,26.844494
1779183136.535,/benchmark/inference_ms,26.784782
1779183136.635,/benchmark/inference_ms,26.708878
1779183136.723,/benchmark/inference_ms,26.755886
1779183136.819,/benchmark/inference_ms,26.593515
1779183136.916,/benchmark/inference_ms,26.795341
1779183137.011,/benchmark/inference_ms,26.532936
1779183137.104,/benchmark/inference_ms,26.550121
1779183137.201,/benchmark/inference_ms,27.338551
1779183137.297,/benchmark/inference_ms,27.281109
1779183137.388,/benchmark/inference_ms,26.429766
1779183137.485,/benchmark/inference_ms,27.770109
1779183137.580,/benchmark/inference_ms,26.777388
1779183137.677,/benchmark/inference_ms,27.485336
1779183137.768,/benchmark/inference_ms,26.574793
1779183137.857,/benchmark/inference_ms,26.743658
1779183137.951,/benchmark/inference_ms,27.289909
1779183138.046,/benchmark/inference_ms,27.789246
1779183138.140,/benchmark/inference_ms,27.404276
1779183138.237,/benchmark/inference_ms,26.820587
1779183138.332,/benchmark/inference_ms,26.528711
1779183138.422,/benchmark/inference_ms,26.464741
1779183138.520,/benchmark/inference_ms,26.639303
1779183138.617,/benchmark/inference_ms,27.500216
1779183138.714,/benchmark/inference_ms,27.245907
1779183138.810,/benchmark/inference_ms,26.669832
1779183138.899,/benchmark/inference_ms,26.490789
1779183138.996,/benchmark/inference_ms,26.734154
1779183139.088,/benchmark/inference_ms,26.560518
1779183139.184,/benchmark/inference_ms,26.666599
1779183139.280,/benchmark/inference_ms,26.627560
1779183139.372,/benchmark/inference_ms,26.791658
1779183139.468,/benchmark/inference_ms,26.860458
1779183139.670,/benchmark/inference_ms,28.073536
1779183139.753,/benchmark/inference_ms,27.105358
1779183139.849,/benchmark/inference_ms,26.575335
1779183139.945,/benchmark/inference_ms,27.048334
1779183140.036,/benchmark/inference_ms,26.372290
1779183140.133,/benchmark/inference_ms,27.087725
1779183140.229,/benchmark/inference_ms,26.765352
1779183140.325,/benchmark/inference_ms,26.652580
1779183140.417,/benchmark/inference_ms,26.912907
1779183140.512,/benchmark/inference_ms,26.786024
1779183140.611,/benchmark/inference_ms,26.998316
1779183140.807,/benchmark/inference_ms,28.185759
1779183140.893,/benchmark/inference_ms,26.442850
1779183140.990,/benchmark/inference_ms,26.941706
1779183141.080,/benchmark/inference_ms,26.664133
1779183141.178,/benchmark/inference_ms,26.976170
1779183141.272,/benchmark/inference_ms,26.905577
1779183141.368,/benchmark/inference_ms,26.660261
1779183141.461,/benchmark/inference_ms,27.163723
1779183141.557,/benchmark/inference_ms,26.717253
1779183141.710,/benchmark/inference_ms,76.289841
1779183141.808,/benchmark/inference_ms,46.531765
1779183141.907,/benchmark/inference_ms,50.265781
1779183142.009,/benchmark/inference_ms,49.303875
1779183142.105,/benchmark/inference_ms,48.621429
1779183142.207,/benchmark/inference_ms,49.771946
1779183142.345,/benchmark/inference_ms,48.727798
1779183142.447,/benchmark/inference_ms,48.914074
1779183142.550,/benchmark/inference_ms,48.994972
1779183142.647,/benchmark/inference_ms,47.423809
1779183142.748,/benchmark/inference_ms,48.291058
1779183142.849,/benchmark/inference_ms,47.358047
1779183142.944,/benchmark/inference_ms,47.457474
1779183143.041,/benchmark/inference_ms,47.726536
1779183143.141,/benchmark/inference_ms,50.688980
1779183143.239,/benchmark/inference_ms,47.459007
1779183143.337,/benchmark/inference_ms,48.147629
1779183143.433,/benchmark/inference_ms,47.733414
1779183143.530,/benchmark/inference_ms,48.519505
1779183143.626,/benchmark/inference_ms,48.693108
1779183143.725,/benchmark/inference_ms,49.086426
1779183143.822,/benchmark/inference_ms,47.274078
1779183143.916,/benchmark/inference_ms,48.083656
1779183144.012,/benchmark/inference_ms,47.995113
1779183144.106,/benchmark/inference_ms,45.132469
1779183144.202,/benchmark/inference_ms,48.012516
1779183144.284,/benchmark/inference_ms,37.026093
1779183144.377,/benchmark/inference_ms,47.136536
1779183144.475,/benchmark/inference_ms,49.360733
1779183144.573,/benchmark/inference_ms,47.981255
1779183144.669,/benchmark/inference_ms,48.476654
1779183144.767,/benchmark/inference_ms,47.239769
1779183144.864,/benchmark/inference_ms,47.587070
1779183144.958,/benchmark/inference_ms,47.610397
1779183145.056,/benchmark/inference_ms,48.437515
1779183145.152,/benchmark/inference_ms,47.541821
1779183145.249,/benchmark/inference_ms,48.082916
1779183145.346,/benchmark/inference_ms,48.425289
1779183145.444,/benchmark/inference_ms,47.812576
1779183145.540,/benchmark/inference_ms,47.201717
1779183145.636,/benchmark/inference_ms,47.643456
1779183145.718,/benchmark/inference_ms,36.161503
1779183145.815,/benchmark/inference_ms,48.678253
1779183145.914,/benchmark/inference_ms,48.961075
1779183146.009,/benchmark/inference_ms,47.946690
1779183146.106,/benchmark/inference_ms,47.741055
1779183146.204,/benchmark/inference_ms,47.469624
1779183146.305,/benchmark/inference_ms,49.082706
1779183146.396,/benchmark/inference_ms,47.458168
1779183146.492,/benchmark/inference_ms,47.214546
1779183146.586,/benchmark/inference_ms,48.173954
1779183146.682,/benchmark/inference_ms,47.057201
1779183146.780,/benchmark/inference_ms,48.538570
1779183146.879,/benchmark/inference_ms,48.353989
1779183146.973,/benchmark/inference_ms,45.074993
1779183147.071,/benchmark/inference_ms,48.120514
1779183147.161,/benchmark/inference_ms,38.185818
1779183147.253,/benchmark/inference_ms,47.217072
1779183147.347,/benchmark/inference_ms,45.802040
1779183147.445,/benchmark/inference_ms,47.330578
1779183147.543,/benchmark/inference_ms,47.412598
1779183147.640,/benchmark/inference_ms,48.805931
1779183147.739,/benchmark/inference_ms,49.222069
1779183147.837,/benchmark/inference_ms,47.586872
1779183147.938,/benchmark/inference_ms,48.793388
1779183148.032,/benchmark/inference_ms,47.476276
1779183148.129,/benchmark/inference_ms,47.971004
1779183148.227,/benchmark/inference_ms,48.135647
1779183148.324,/benchmark/inference_ms,47.219757
1779183148.425,/benchmark/inference_ms,48.654724
1779183148.521,/benchmark/inference_ms,48.875916
1779183148.618,/benchmark/inference_ms,48.935722
1779183148.718,/benchmark/inference_ms,48.604038
1779183148.811,/benchmark/inference_ms,44.556450
1779183148.907,/benchmark/inference_ms,47.535862
1779183148.993,/benchmark/inference_ms,38.389374
1779183149.093,/benchmark/inference_ms,47.835766
1779183149.187,/benchmark/inference_ms,47.775990
1779183149.285,/benchmark/inference_ms,48.721092
1779183149.382,/benchmark/inference_ms,47.474705
1779183149.480,/benchmark/inference_ms,47.116810
1779183149.581,/benchmark/inference_ms,49.092461
1779183149.675,/benchmark/inference_ms,49.133003
1779183149.770,/benchmark/inference_ms,48.800232
1779183149.864,/benchmark/inference_ms,47.982967
1779183149.961,/benchmark/inference_ms,49.048489
1779183150.055,/benchmark/inference_ms,47.531826
1779183150.153,/benchmark/inference_ms,49.085033
1779183150.248,/benchmark/inference_ms,46.097462
1779183150.342,/benchmark/inference_ms,48.356667
1779183150.430,/benchmark/inference_ms,39.644943
1779183150.524,/benchmark/inference_ms,48.505821
1779183150.618,/benchmark/inference_ms,47.219368
1779183150.716,/benchmark/inference_ms,51.906166
1779183150.818,/benchmark/inference_ms,47.643314
1779183150.914,/benchmark/inference_ms,47.115913
1779183151.015,/benchmark/inference_ms,48.663490
1779183151.112,/benchmark/inference_ms,47.504589
1779183151.206,/benchmark/inference_ms,47.441994
1779183151.303,/benchmark/inference_ms,49.458221
1779183151.397,/benchmark/inference_ms,48.948643
1779183151.493,/benchmark/inference_ms,48.853569
1779183151.588,/benchmark/inference_ms,48.677536
1779183151.663,/benchmark/inference_ms,28.344561
1779183151.734,/benchmark/inference_ms,24.447153
1779183151.803,/benchmark/inference_ms,24.119722
1779183151.898,/benchmark/inference_ms,25.679749
1779183151.993,/benchmark/inference_ms,24.230862
1779183152.091,/benchmark/inference_ms,24.746933
1779183152.183,/benchmark/inference_ms,25.249052
1779183152.279,/benchmark/inference_ms,25.140284
1779183152.371,/benchmark/inference_ms,25.955753
1779183152.469,/benchmark/inference_ms,25.940201
1779183152.565,/benchmark/inference_ms,26.162027
1779183152.664,/benchmark/inference_ms,28.533459
1779183152.759,/benchmark/inference_ms,26.700628
1779183152.851,/benchmark/inference_ms,26.559988
1779183152.949,/benchmark/inference_ms,27.402496
1779183153.045,/benchmark/inference_ms,27.499041
1779183153.135,/benchmark/inference_ms,26.735060
1779183153.332,/benchmark/inference_ms,28.593554
1779183153.416,/benchmark/inference_ms,27.055225
1779183153.507,/benchmark/inference_ms,26.741236
1779183153.608,/benchmark/inference_ms,27.402239
1779183153.702,/benchmark/inference_ms,27.399040
1779183153.794,/benchmark/inference_ms,27.452799
1779183153.890,/benchmark/inference_ms,27.582401
1779183153.986,/benchmark/inference_ms,27.405663
1779183154.081,/benchmark/inference_ms,26.511248
1779183154.173,/benchmark/inference_ms,26.973974
1779183154.271,/benchmark/inference_ms,26.913109
1779183154.372,/benchmark/inference_ms,27.693378
1779183154.461,/benchmark/inference_ms,26.559118
1779183154.558,/benchmark/inference_ms,26.683889
1779183154.653,/benchmark/inference_ms,26.938070
1779183154.749,/benchmark/inference_ms,26.799763
1779183154.842,/benchmark/inference_ms,26.526094
1779183154.937,/benchmark/inference_ms,26.493837
1779183155.037,/benchmark/inference_ms,27.353756
1779183155.124,/benchmark/inference_ms,27.083574
1779183155.216,/benchmark/inference_ms,26.510572
1779183155.317,/benchmark/inference_ms,27.068567
1779183155.412,/benchmark/inference_ms,27.053526
1779183155.505,/benchmark/inference_ms,26.752432
1779183155.601,/benchmark/inference_ms,26.954453
1779183155.696,/benchmark/inference_ms,27.259769
1779183155.793,/benchmark/inference_ms,26.756914
1779183155.885,/benchmark/inference_ms,26.944532
1779183155.985,/benchmark/inference_ms,27.449726
1779183156.083,/benchmark/inference_ms,27.120758
1779183156.169,/benchmark/inference_ms,26.595884
1779183156.266,/benchmark/inference_ms,26.567181
1779183156.361,/benchmark/inference_ms,26.633999
1779183156.457,/benchmark/inference_ms,27.233175
1779183156.549,/benchmark/inference_ms,26.741617
1779183156.645,/benchmark/inference_ms,26.892561
1779183156.743,/benchmark/inference_ms,26.745201
1779183156.832,/benchmark/inference_ms,26.644526
1779183156.928,/benchmark/inference_ms,26.510283
1779183157.027,/benchmark/inference_ms,26.759151
1779183157.122,/benchmark/inference_ms,27.115156
1779183157.216,/benchmark/inference_ms,26.647469
1779183157.313,/benchmark/inference_ms,26.683916
1779183157.406,/benchmark/inference_ms,27.110100
1779183157.498,/benchmark/inference_ms,26.504587
1779183157.595,/benchmark/inference_ms,27.099796
1779183157.684,/benchmark/inference_ms,26.867952
1779183157.782,/benchmark/inference_ms,27.111444
1779183157.872,/benchmark/inference_ms,27.157045
1779183157.971,/benchmark/inference_ms,27.069363
1779183158.065,/benchmark/inference_ms,27.043859
1779183158.157,/benchmark/inference_ms,26.743565
1779183158.252,/benchmark/inference_ms,26.888206
1779183158.348,/benchmark/inference_ms,26.812975
1779183158.444,/benchmark/inference_ms,26.877295
1779183158.535,/benchmark/inference_ms,26.759085
1779183158.633,/benchmark/inference_ms,26.950544
1779183158.731,/benchmark/inference_ms,27.361526
1779183158.819,/benchmark/inference_ms,26.667660
1779183158.917,/benchmark/inference_ms,27.341208
1779183159.013,/benchmark/inference_ms,26.825933
1779183159.110,/benchmark/inference_ms,28.271652
1779183159.199,/benchmark/inference_ms,26.892399
1779183159.296,/benchmark/inference_ms,26.697578
1779183159.393,/benchmark/inference_ms,26.648937
1779183159.490,/benchmark/inference_ms,26.871117
1779183159.579,/benchmark/inference_ms,26.896877
1779183159.676,/benchmark/inference_ms,26.608040
1779183159.773,/benchmark/inference_ms,26.925518
1779183159.864,/benchmark/inference_ms,26.615242
1779183159.970,/benchmark/inference_ms,27.514360
1779183160.063,/benchmark/inference_ms,26.573511
1779183160.159,/benchmark/inference_ms,26.911116
1779183160.251,/benchmark/inference_ms,26.769802
1779183160.348,/benchmark/inference_ms,27.173361
1779183160.443,/benchmark/inference_ms,27.284851
1779183160.535,/benchmark/inference_ms,26.731211
1779183160.641,/benchmark/inference_ms,26.824362
1779183160.727,/benchmark/inference_ms,26.593256
1779183160.824,/benchmark/inference_ms,26.895948
1779183160.915,/benchmark/inference_ms,26.732008
1779183161.011,/benchmark/inference_ms,26.569159
1779183161.108,/benchmark/inference_ms,26.691113
1779183161.199,/benchmark/inference_ms,26.723783
1779183161.294,/benchmark/inference_ms,26.804874
1779183161.384,/benchmark/inference_ms,26.681480
1779183161.485,/benchmark/inference_ms,27.013262
1779183161.581,/benchmark/inference_ms,26.576422
1779183161.668,/benchmark/inference_ms,27.124813
1779183161.766,/benchmark/inference_ms,26.587013
1779183161.857,/benchmark/inference_ms,27.210928
1779183161.953,/benchmark/inference_ms,26.464453
1779183162.049,/benchmark/inference_ms,26.483780
1779183162.152,/benchmark/inference_ms,27.418707
1779183162.243,/benchmark/inference_ms,26.670244
1779183162.338,/benchmark/inference_ms,26.749352
1779183162.433,/benchmark/inference_ms,26.965162
1779183162.527,/benchmark/inference_ms,27.196365
1779183162.622,/benchmark/inference_ms,26.747496
1779183162.719,/benchmark/inference_ms,26.587620
1779183162.818,/benchmark/inference_ms,27.248367
1779183162.902,/benchmark/inference_ms,26.670246
1779183162.998,/benchmark/inference_ms,27.973658
1779183163.101,/benchmark/inference_ms,27.274572
1779183163.193,/benchmark/inference_ms,27.473392
1779183163.290,/benchmark/inference_ms,27.740534
1779183163.377,/benchmark/inference_ms,26.762022
1779183163.472,/benchmark/inference_ms,26.684710
1779183163.566,/benchmark/inference_ms,26.809639
1779183163.660,/benchmark/inference_ms,26.473408
1779183163.759,/benchmark/inference_ms,27.285261
1779183163.859,/benchmark/inference_ms,27.404688
1779183163.947,/benchmark/inference_ms,26.813799
1779183164.048,/benchmark/inference_ms,26.655588
1779183164.142,/benchmark/inference_ms,26.695555
1779183164.236,/benchmark/inference_ms,26.824356
1779183164.330,/benchmark/inference_ms,26.515295
1779183164.426,/benchmark/inference_ms,26.752996
1779183164.526,/benchmark/inference_ms,27.282061
1779183164.615,/benchmark/inference_ms,27.092424
1779183164.709,/benchmark/inference_ms,26.622593
1779183164.805,/benchmark/inference_ms,26.578402
1779183164.898,/benchmark/inference_ms,26.680420
1779183164.997,/benchmark/inference_ms,26.893990
1779183165.093,/benchmark/inference_ms,27.071175
1779183165.187,/benchmark/inference_ms,27.182634
1779183165.278,/benchmark/inference_ms,26.695843
1779183165.374,/benchmark/inference_ms,26.620993
1779183165.469,/benchmark/inference_ms,26.667074
1779183165.561,/benchmark/inference_ms,26.509247
1779183165.657,/benchmark/inference_ms,26.642433
1779183165.752,/benchmark/inference_ms,26.755331
1779183165.850,/benchmark/inference_ms,26.973701
1779183165.941,/benchmark/inference_ms,26.683586
1779183166.039,/benchmark/inference_ms,26.773827
1779183166.135,/benchmark/inference_ms,26.973732
1779183166.227,/benchmark/inference_ms,26.582973
1779183166.322,/benchmark/inference_ms,26.958374
1779183166.418,/benchmark/inference_ms,26.992132
1779183166.513,/benchmark/inference_ms,26.853027
1779183166.607,/benchmark/inference_ms,26.586208
1779183166.701,/benchmark/inference_ms,26.514399
1779183166.796,/benchmark/inference_ms,26.570847
1779183166.888,/benchmark/inference_ms,26.482269
1779183166.986,/benchmark/inference_ms,26.858755
1779183167.083,/benchmark/inference_ms,27.149925
1779183167.178,/benchmark/inference_ms,26.951971
1779183167.268,/benchmark/inference_ms,26.660606
1779183167.360,/benchmark/inference_ms,26.608509
1779183167.458,/benchmark/inference_ms,26.892611
1779183167.549,/benchmark/inference_ms,26.652414
1779183167.645,/benchmark/inference_ms,26.694336
1779183167.740,/benchmark/inference_ms,26.671360
1779183167.837,/benchmark/inference_ms,26.671263
1779183167.929,/benchmark/inference_ms,26.592220
1779183168.027,/benchmark/inference_ms,26.756128
1779183168.121,/benchmark/inference_ms,26.829567
1779183168.217,/benchmark/inference_ms,26.638237
1779183168.309,/benchmark/inference_ms,26.783264
1779183168.413,/benchmark/inference_ms,26.622396
1779183168.501,/benchmark/inference_ms,26.736797
1779183168.596,/benchmark/inference_ms,26.708542
1779183168.694,/benchmark/inference_ms,27.378536
1779183168.792,/benchmark/inference_ms,27.207876
1779183168.888,/benchmark/inference_ms,27.742830
1779183168.979,/benchmark/inference_ms,26.646269
1779183169.075,/benchmark/inference_ms,26.952255
1779183169.170,/benchmark/inference_ms,26.903456
1779183169.264,/benchmark/inference_ms,26.722910
1779183169.361,/benchmark/inference_ms,26.583513
1779183169.456,/benchmark/inference_ms,27.134819
1779183169.551,/benchmark/inference_ms,26.464602
1779183169.638,/benchmark/inference_ms,26.654524
1779183169.734,/benchmark/inference_ms,26.881695
1779183169.831,/benchmark/inference_ms,26.816319
1779183169.921,/benchmark/inference_ms,26.785759
1779183170.016,/benchmark/inference_ms,26.983873
1779183170.112,/benchmark/inference_ms,26.460951
1779183170.209,/benchmark/inference_ms,26.631674
1779183170.300,/benchmark/inference_ms,26.505239
1779183170.396,/benchmark/inference_ms,26.521273
1779183170.493,/benchmark/inference_ms,26.663290
1779183170.592,/benchmark/inference_ms,26.621883
1779183170.687,/benchmark/inference_ms,26.930046
1779183170.783,/benchmark/inference_ms,26.439255
1779183170.880,/benchmark/inference_ms,27.099873
1779183170.971,/benchmark/inference_ms,26.612474
1779183171.068,/benchmark/inference_ms,27.244610
1779183171.163,/benchmark/inference_ms,26.567032
1779183171.248,/benchmark/inference_ms,26.602520
1779183171.347,/benchmark/inference_ms,28.233744
1779183171.442,/benchmark/inference_ms,27.775753
1779183171.640,/benchmark/inference_ms,27.777418
1779183171.776,/benchmark/inference_ms,76.599831
1779183171.877,/benchmark/inference_ms,44.578541
1779183171.973,/benchmark/inference_ms,49.996063
1779183172.070,/benchmark/inference_ms,49.768219
1779183172.168,/benchmark/inference_ms,50.274048
1779183172.269,/benchmark/inference_ms,49.302673
1779183172.365,/benchmark/inference_ms,48.508232
1779183172.463,/benchmark/inference_ms,48.196129
1779183172.564,/benchmark/inference_ms,49.293266
1779183172.663,/benchmark/inference_ms,49.665241
1779183172.765,/benchmark/inference_ms,49.259251
1779183172.861,/benchmark/inference_ms,48.817451
1779183172.958,/benchmark/inference_ms,48.284256
1779183173.054,/benchmark/inference_ms,47.872410
1779183173.151,/benchmark/inference_ms,48.072315
1779183173.245,/benchmark/inference_ms,48.868618
1779183173.342,/benchmark/inference_ms,48.343521
1779183173.439,/benchmark/inference_ms,47.381649
1779183173.538,/benchmark/inference_ms,48.256222
1779183173.638,/benchmark/inference_ms,49.062218
1779183173.737,/benchmark/inference_ms,48.896999
1779183173.836,/benchmark/inference_ms,48.014938
1779183173.936,/benchmark/inference_ms,48.684391
1779183174.034,/benchmark/inference_ms,48.919655
1779183174.132,/benchmark/inference_ms,48.880775
1779183174.232,/benchmark/inference_ms,47.300941
1779183174.327,/benchmark/inference_ms,47.233101
1779183174.427,/benchmark/inference_ms,48.764164
1779183174.524,/benchmark/inference_ms,48.465218
1779183174.623,/benchmark/inference_ms,48.937382
1779183174.722,/benchmark/inference_ms,49.078026
1779183174.814,/benchmark/inference_ms,43.550484
1779183174.911,/benchmark/inference_ms,47.850262
1779183174.993,/benchmark/inference_ms,35.242004
1779183175.175,/benchmark/inference_ms,48.919044
1779183175.274,/benchmark/inference_ms,48.798916
1779183175.369,/benchmark/inference_ms,47.356331
1779183175.466,/benchmark/inference_ms,47.033321
1779183175.563,/benchmark/inference_ms,47.656273
1779183175.660,/benchmark/inference_ms,47.744946
1779183175.756,/benchmark/inference_ms,47.528015
1779183175.854,/benchmark/inference_ms,48.316315
1779183175.949,/benchmark/inference_ms,48.744930
1779183176.045,/benchmark/inference_ms,47.536335
1779183176.143,/benchmark/inference_ms,49.464779
1779183176.236,/benchmark/inference_ms,47.088806
1779183176.331,/benchmark/inference_ms,47.467274
1779183176.424,/benchmark/inference_ms,44.553215
1779183176.522,/benchmark/inference_ms,48.933857
1779183176.607,/benchmark/inference_ms,37.574070
1779183176.703,/benchmark/inference_ms,48.064438
1779183176.801,/benchmark/inference_ms,48.346073
1779183176.897,/benchmark/inference_ms,48.278904
1779183176.995,/benchmark/inference_ms,48.056438
1779183177.095,/benchmark/inference_ms,48.602554
1779183177.190,/benchmark/inference_ms,47.358536
1779183177.288,/benchmark/inference_ms,47.842640
1779183177.383,/benchmark/inference_ms,47.985264
1779183177.481,/benchmark/inference_ms,47.661484
1779183177.578,/benchmark/inference_ms,48.441368
1779183177.677,/benchmark/inference_ms,48.403797
1779183177.772,/benchmark/inference_ms,48.414295
1779183177.867,/benchmark/inference_ms,46.933731
1779183177.963,/benchmark/inference_ms,48.892830
1779183178.045,/benchmark/inference_ms,35.869308
1779183178.143,/benchmark/inference_ms,48.923550
1779183178.240,/benchmark/inference_ms,47.810219
1779183178.339,/benchmark/inference_ms,48.658264
1779183178.435,/benchmark/inference_ms,48.050350
1779183178.531,/benchmark/inference_ms,47.093376
1779183178.628,/benchmark/inference_ms,47.901196
1779183178.727,/benchmark/inference_ms,47.600040
1779183178.821,/benchmark/inference_ms,47.764427
1779183178.918,/benchmark/inference_ms,48.136047
1779183179.016,/benchmark/inference_ms,48.623898
1779183179.112,/benchmark/inference_ms,47.373890
1779183179.210,/benchmark/inference_ms,48.337776
1779183179.303,/benchmark/inference_ms,44.707100
1779183179.398,/benchmark/inference_ms,48.813782
1779183179.482,/benchmark/inference_ms,36.909031
1779183179.577,/benchmark/inference_ms,47.152863
1779183179.672,/benchmark/inference_ms,47.262466
1779183179.768,/benchmark/inference_ms,48.119854
1779183179.865,/benchmark/inference_ms,48.091599
1779183179.974,/benchmark/inference_ms,54.976532
1779183180.085,/benchmark/inference_ms,56.681259
1779183180.190,/benchmark/inference_ms,54.150757
1779183180.298,/benchmark/inference_ms,53.135479
1779183180.405,/benchmark/inference_ms,54.419434
1779183180.506,/benchmark/inference_ms,49.610336
1779183180.687,/benchmark/inference_ms,53.603100
1779183180.792,/benchmark/inference_ms,56.338726
1779183180.899,/benchmark/inference_ms,51.839970
1779183181.003,/benchmark/inference_ms,54.002403
1779183181.104,/benchmark/inference_ms,49.353947
1779183181.202,/benchmark/inference_ms,52.724396
1779183181.303,/benchmark/inference_ms,52.796364
1779183181.405,/benchmark/inference_ms,52.356838
1779183181.508,/benchmark/inference_ms,54.750732
1779183181.611,/benchmark/inference_ms,53.311478
1779183181.712,/benchmark/inference_ms,53.368759
1779183181.815,/benchmark/inference_ms,53.040432
1779183181.917,/benchmark/inference_ms,53.869408
1779183182.018,/benchmark/inference_ms,52.816143
1779183182.123,/benchmark/inference_ms,54.801033
1779183182.225,/benchmark/inference_ms,53.380661
1779183182.327,/benchmark/inference_ms,52.626186
1779183182.428,/benchmark/inference_ms,52.619209
1779183182.529,/benchmark/inference_ms,53.110226
1779183182.631,/benchmark/inference_ms,54.113918
1779183182.730,/benchmark/inference_ms,50.544300
1779183182.836,/benchmark/inference_ms,56.507107
1779183182.948,/benchmark/inference_ms,55.756184
1779183183.051,/benchmark/inference_ms,51.490776
1779183183.156,/benchmark/inference_ms,51.367092
1779183183.227,/benchmark/inference_ms,24.046625
1779183183.297,/benchmark/inference_ms,24.086882
1779183183.388,/benchmark/inference_ms,24.035936
1779183183.486,/benchmark/inference_ms,24.356743
1779183183.581,/benchmark/inference_ms,24.471497
1779183183.673,/benchmark/inference_ms,24.319780
1779183183.773,/benchmark/inference_ms,26.168737
1779183183.863,/benchmark/inference_ms,24.315111
1779183183.968,/benchmark/inference_ms,26.585928
1779183184.057,/benchmark/inference_ms,25.822044
1779183184.155,/benchmark/inference_ms,27.064461
1779183184.257,/benchmark/inference_ms,26.954443
1779183184.348,/benchmark/inference_ms,26.717319
1779183184.443,/benchmark/inference_ms,26.673927
1779183184.542,/benchmark/inference_ms,26.920715
1779183184.637,/benchmark/inference_ms,26.730087
1779183184.729,/benchmark/inference_ms,27.597715
1779183184.827,/benchmark/inference_ms,27.903608
1779183185.020,/benchmark/inference_ms,32.029335
1779183185.103,/benchmark/inference_ms,28.052217
1779183185.203,/benchmark/inference_ms,27.390352
1779183185.393,/benchmark/inference_ms,29.025288
1779183185.483,/benchmark/inference_ms,26.994059
1779183185.576,/benchmark/inference_ms,26.830183
1779183185.673,/benchmark/inference_ms,27.382544
1779183185.764,/benchmark/inference_ms,26.916298
1779183185.970,/benchmark/inference_ms,30.345213
1779183186.048,/benchmark/inference_ms,26.593285
1779183186.146,/benchmark/inference_ms,27.301966
1779183186.240,/benchmark/inference_ms,26.468225
1779183186.340,/benchmark/inference_ms,26.882376
1779183186.429,/benchmark/inference_ms,26.568386
1779183186.526,/benchmark/inference_ms,26.821959
1779183186.622,/benchmark/inference_ms,26.610275
1779183186.710,/benchmark/inference_ms,26.648581
1779183186.807,/benchmark/inference_ms,26.800903
1779183186.905,/benchmark/inference_ms,26.691109
1779183187.002,/benchmark/inference_ms,27.000713
1779183187.092,/benchmark/inference_ms,26.783014
1779183187.190,/benchmark/inference_ms,27.493647
1779183187.286,/benchmark/inference_ms,27.501776
1779183187.377,/benchmark/inference_ms,26.608706
1779183187.476,/benchmark/inference_ms,26.852358
1779183187.571,/benchmark/inference_ms,27.633265
1779183187.665,/benchmark/inference_ms,26.647554
1779183187.757,/benchmark/inference_ms,26.515615
1779183187.854,/benchmark/inference_ms,26.636866
1779183187.949,/benchmark/inference_ms,26.676132
1779183188.146,/benchmark/inference_ms,28.073589
1779183188.237,/benchmark/inference_ms,26.875814
1779183188.332,/benchmark/inference_ms,26.419518
1779183188.424,/benchmark/inference_ms,26.425280
1779183188.525,/benchmark/inference_ms,26.849413
1779183188.615,/benchmark/inference_ms,27.460909
1779183188.707,/benchmark/inference_ms,27.442381
1779183188.804,/benchmark/inference_ms,27.792177
1779183188.897,/benchmark/inference_ms,26.577024
1779183188.996,/benchmark/inference_ms,28.311865
1779183189.090,/benchmark/inference_ms,28.441082
1779183189.184,/benchmark/inference_ms,28.422266
1779183189.280,/benchmark/inference_ms,28.598747
1779183189.372,/benchmark/inference_ms,28.158262
1779183189.468,/benchmark/inference_ms,28.667967
1779183189.564,/benchmark/inference_ms,28.250422
1779183189.662,/benchmark/inference_ms,27.511118
1779183189.749,/benchmark/inference_ms,26.884802
1779183189.845,/benchmark/inference_ms,26.516573
1779183189.943,/benchmark/inference_ms,26.746912
1779183190.033,/benchmark/inference_ms,27.049927
1779183190.130,/benchmark/inference_ms,26.850178
1779183190.227,/benchmark/inference_ms,27.682541
1779183190.322,/benchmark/inference_ms,26.527420
1779183190.412,/benchmark/inference_ms,26.482620
1779183190.509,/benchmark/inference_ms,26.819168
1779183190.605,/benchmark/inference_ms,26.839073
1779183190.703,/benchmark/inference_ms,26.746817
1779183190.798,/benchmark/inference_ms,29.023872
1779183190.997,/benchmark/inference_ms,29.400486
1779183191.082,/benchmark/inference_ms,29.273251
1779183191.178,/benchmark/inference_ms,28.847387
1779183191.273,/benchmark/inference_ms,28.470936
1779183191.370,/benchmark/inference_ms,28.840605
1779183191.457,/benchmark/inference_ms,26.604156
1779183191.554,/benchmark/inference_ms,27.071842
1779183191.652,/benchmark/inference_ms,28.679066
1779183191.853,/benchmark/inference_ms,30.308016
1779183191.935,/benchmark/inference_ms,26.988194
1779183192.032,/benchmark/inference_ms,27.082596
1779183192.233,/benchmark/inference_ms,29.799465
1779183192.323,/benchmark/inference_ms,26.977921
1779183192.414,/benchmark/inference_ms,27.518408
1779183192.511,/benchmark/inference_ms,27.610346
1779183192.605,/benchmark/inference_ms,27.753643
1779183192.703,/benchmark/inference_ms,27.446215
1779183192.794,/benchmark/inference_ms,27.909517
1779183192.891,/benchmark/inference_ms,27.233955
1779183192.987,/benchmark/inference_ms,26.771837
1779183193.079,/benchmark/inference_ms,26.546072
1779183193.175,/benchmark/inference_ms,26.796700
1779183193.270,/benchmark/inference_ms,26.665339
1779183193.363,/benchmark/inference_ms,25.874416
1779183193.455,/benchmark/inference_ms,25.727533
1779183193.551,/benchmark/inference_ms,25.807695
1779183193.646,/benchmark/inference_ms,25.580299
1779183193.740,/benchmark/inference_ms,25.579178
1779183193.935,/benchmark/inference_ms,27.388613
1779183194.027,/benchmark/inference_ms,25.798765
1779183194.114,/benchmark/inference_ms,25.550632
1779183194.210,/benchmark/inference_ms,27.139679
1779183194.303,/benchmark/inference_ms,25.863663
1779183194.399,/benchmark/inference_ms,26.387861
1779183194.491,/benchmark/inference_ms,25.708395
1779183194.589,/benchmark/inference_ms,25.747021
1779183194.685,/benchmark/inference_ms,25.786669
1779183194.781,/benchmark/inference_ms,26.000689
1779183194.870,/benchmark/inference_ms,25.662155
1779183194.971,/benchmark/inference_ms,26.480824
1779183195.072,/benchmark/inference_ms,26.317556
1779183195.162,/benchmark/inference_ms,25.494503
1779183195.257,/benchmark/inference_ms,25.648682
1779183195.353,/benchmark/inference_ms,25.640169
1779183195.442,/benchmark/inference_ms,25.856588
1779183195.537,/benchmark/inference_ms,25.785868
1779183195.633,/benchmark/inference_ms,25.804876
1779183195.732,/benchmark/inference_ms,26.034767
1779183195.827,/benchmark/inference_ms,25.975149
1779183195.922,/benchmark/inference_ms,25.622761
1779183196.019,/benchmark/inference_ms,25.597225
1779183196.105,/benchmark/inference_ms,25.841387
1779183196.204,/benchmark/inference_ms,25.821707
1779183196.295,/benchmark/inference_ms,25.450663
1779183196.393,/benchmark/inference_ms,25.837194
1779183196.589,/benchmark/inference_ms,27.367231
1779183196.677,/benchmark/inference_ms,25.883083
1779183196.766,/benchmark/inference_ms,25.977358
1779183196.864,/benchmark/inference_ms,25.995726
1779183196.962,/benchmark/inference_ms,25.995342
1779183197.056,/benchmark/inference_ms,26.058126
1779183197.145,/benchmark/inference_ms,25.524549
1779183197.243,/benchmark/inference_ms,25.961708
1779183197.338,/benchmark/inference_ms,25.551014
1779183197.431,/benchmark/inference_ms,25.697063
1779183197.527,/benchmark/inference_ms,25.860138
1779183197.624,/benchmark/inference_ms,25.938923
1779183197.721,/benchmark/inference_ms,25.789129
1779183197.811,/benchmark/inference_ms,25.522789
1779183197.908,/benchmark/inference_ms,25.992971
1779183198.003,/benchmark/inference_ms,25.795912
1779183198.094,/benchmark/inference_ms,25.694344
1779183198.194,/benchmark/inference_ms,25.953802
1779183198.288,/benchmark/inference_ms,25.800808
1779183198.383,/benchmark/inference_ms,25.682758
1779183198.476,/benchmark/inference_ms,26.022507
1779183198.572,/benchmark/inference_ms,25.827145
1779183198.669,/benchmark/inference_ms,26.793463
1779183198.760,/benchmark/inference_ms,25.942442
1779183198.855,/benchmark/inference_ms,25.807817
1779183198.956,/benchmark/inference_ms,25.726536
1779183199.048,/benchmark/inference_ms,25.737894
1779183199.140,/benchmark/inference_ms,25.928040
1779183199.236,/benchmark/inference_ms,25.923113
1779183199.332,/benchmark/inference_ms,25.858824
1779183199.428,/benchmark/inference_ms,25.876966
1779183199.521,/benchmark/inference_ms,25.642725
1779183199.618,/benchmark/inference_ms,26.140266
1779183199.714,/benchmark/inference_ms,26.117836
1779183199.804,/benchmark/inference_ms,25.553635
1779183199.904,/benchmark/inference_ms,25.623171
1779183199.997,/benchmark/inference_ms,25.473507
1779183200.093,/benchmark/inference_ms,25.749092
1779183200.186,/benchmark/inference_ms,25.652420
1779183200.283,/benchmark/inference_ms,25.938984
1779183200.376,/benchmark/inference_ms,25.816902
1779183200.467,/benchmark/inference_ms,25.673923
1779183200.565,/benchmark/inference_ms,26.256044
1779183200.659,/benchmark/inference_ms,25.551874
1779183200.758,/benchmark/inference_ms,25.853735
1779183200.850,/benchmark/inference_ms,25.691557
1779183200.951,/benchmark/inference_ms,26.128523
1779183201.046,/benchmark/inference_ms,26.113354
1779183201.140,/benchmark/inference_ms,25.715460
1779183201.324,/benchmark/inference_ms,25.821924
1779183201.425,/benchmark/inference_ms,26.266058
1779183201.517,/benchmark/inference_ms,25.956038
1779183201.606,/benchmark/inference_ms,26.057062
1779183201.706,/benchmark/inference_ms,25.873636
1779183201.845,/benchmark/inference_ms,69.379936
1779183202.016,/benchmark/inference_ms,44.359138
1779183202.109,/benchmark/inference_ms,43.789692
1779183202.201,/benchmark/inference_ms,43.413078
1779183202.293,/benchmark/inference_ms,43.889469
1779183202.386,/benchmark/inference_ms,43.831257
1779183202.479,/benchmark/inference_ms,43.892284
1779183202.574,/benchmark/inference_ms,42.843948
1779183202.675,/benchmark/inference_ms,42.381893
1779183202.762,/benchmark/inference_ms,41.767967
1779183202.854,/benchmark/inference_ms,43.224915
1779183202.950,/benchmark/inference_ms,42.891888
1779183203.049,/benchmark/inference_ms,43.684731
1779183203.153,/benchmark/inference_ms,42.716423
1779183203.242,/benchmark/inference_ms,42.570118
1779183203.338,/benchmark/inference_ms,42.191265
1779183203.430,/benchmark/inference_ms,42.350086
1779183203.524,/benchmark/inference_ms,41.504791
1779183203.622,/benchmark/inference_ms,42.885677
1779183203.718,/benchmark/inference_ms,42.818665
1779183203.815,/benchmark/inference_ms,42.754795
1779183203.903,/benchmark/inference_ms,41.568569
1779183203.984,/benchmark/inference_ms,34.980446
1779183204.097,/benchmark/inference_ms,45.260330
1779183204.183,/benchmark/inference_ms,40.128868
1779183204.278,/benchmark/inference_ms,41.656250
1779183204.376,/benchmark/inference_ms,42.297314
1779183204.469,/benchmark/inference_ms,42.701897
1779183204.562,/benchmark/inference_ms,42.423618
1779183204.658,/benchmark/inference_ms,41.961918
1779183204.757,/benchmark/inference_ms,42.237247
1779183204.849,/benchmark/inference_ms,43.455250
1779183204.945,/benchmark/inference_ms,43.116749
1779183205.039,/benchmark/inference_ms,42.510918
1779183205.135,/benchmark/inference_ms,41.597878
1779183205.226,/benchmark/inference_ms,43.163338
1779183205.325,/benchmark/inference_ms,42.404129
1779183205.416,/benchmark/inference_ms,39.727451
1779183205.511,/benchmark/inference_ms,42.218239
1779183205.600,/benchmark/inference_ms,35.330273
1779183205.705,/benchmark/inference_ms,42.734787
1779183205.793,/benchmark/inference_ms,38.491982
1779183205.891,/benchmark/inference_ms,42.084572
1779183205.986,/benchmark/inference_ms,41.712791
1779183206.083,/benchmark/inference_ms,42.920837
1779183206.174,/benchmark/inference_ms,42.941223
1779183206.270,/benchmark/inference_ms,42.099739
1779183206.367,/benchmark/inference_ms,42.143196
1779183206.465,/benchmark/inference_ms,43.268940
1779183206.556,/benchmark/inference_ms,43.693199
1779183206.653,/benchmark/inference_ms,42.350719
1779183206.749,/benchmark/inference_ms,42.909157
1779183206.846,/benchmark/inference_ms,43.294350
1779183206.938,/benchmark/inference_ms,43.427597
1779183207.038,/benchmark/inference_ms,41.394482
1779183207.128,/benchmark/inference_ms,43.782639
1779183207.211,/benchmark/inference_ms,36.876339
1779183207.317,/benchmark/inference_ms,43.377739
1779183207.524,/benchmark/inference_ms,42.744835
1779183207.624,/benchmark/inference_ms,45.148354
1779183207.803,/benchmark/inference_ms,41.717937
1779183207.896,/benchmark/inference_ms,43.792786
1779183207.974,/benchmark/inference_ms,33.491909
1779183208.083,/benchmark/inference_ms,43.109829
1779183208.176,/benchmark/inference_ms,39.661270
1779183208.264,/benchmark/inference_ms,42.286682
1779183208.358,/benchmark/inference_ms,41.830643
1779183208.459,/benchmark/inference_ms,42.021397
1779183208.552,/benchmark/inference_ms,41.807667
1779183208.642,/benchmark/inference_ms,43.490730
1779183208.742,/benchmark/inference_ms,43.634666
1779183208.835,/benchmark/inference_ms,43.211685
1779183208.927,/benchmark/inference_ms,42.371418
1779183209.030,/benchmark/inference_ms,43.443016
1779183209.122,/benchmark/inference_ms,42.636860
1779183209.212,/benchmark/inference_ms,39.757877
1779183209.306,/benchmark/inference_ms,42.238167
1779183209.392,/benchmark/inference_ms,33.973705
1779183209.500,/benchmark/inference_ms,42.026962
1779183209.588,/benchmark/inference_ms,41.968628
1779183209.696,/benchmark/inference_ms,43.362183
1779183209.788,/benchmark/inference_ms,43.415527
1779183209.879,/benchmark/inference_ms,44.015472
1779183209.970,/benchmark/inference_ms,41.958771
1779183210.068,/benchmark/inference_ms,42.182098
1779183210.166,/benchmark/inference_ms,43.369186
1779183210.258,/benchmark/inference_ms,43.104000
1779183210.350,/benchmark/inference_ms,41.783981
1779183210.447,/benchmark/inference_ms,42.018127
1779183210.539,/benchmark/inference_ms,43.242722
1779183210.615,/benchmark/inference_ms,25.739321
1779183210.716,/benchmark/inference_ms,23.728159
1779183210.819,/benchmark/inference_ms,29.149893
1779183210.900,/benchmark/inference_ms,23.451162
1779183211.000,/benchmark/inference_ms,23.826334
1779183211.089,/benchmark/inference_ms,23.877087
1779183211.187,/benchmark/inference_ms,24.631369
1779183211.281,/benchmark/inference_ms,23.975294
1779183211.383,/benchmark/inference_ms,25.620182
1779183211.485,/benchmark/inference_ms,26.116476
1779183211.568,/benchmark/inference_ms,26.014778
1779183211.664,/benchmark/inference_ms,25.752695
1779183211.759,/benchmark/inference_ms,25.796440
1779183211.861,/benchmark/inference_ms,27.154730
1779183211.948,/benchmark/inference_ms,26.795589
1779183212.044,/benchmark/inference_ms,25.902008
1779183212.139,/benchmark/inference_ms,25.863449
1779183212.230,/benchmark/inference_ms,25.610868
1779183212.331,/benchmark/inference_ms,26.068378
1779183212.423,/benchmark/inference_ms,25.682421
1779183212.519,/benchmark/inference_ms,25.725077
1779183212.719,/benchmark/inference_ms,29.323685
1779183212.807,/benchmark/inference_ms,26.370398
1779183212.898,/benchmark/inference_ms,25.799511
1779183213.000,/benchmark/inference_ms,26.111067
1779183213.095,/benchmark/inference_ms,26.285179
1779183213.189,/benchmark/inference_ms,25.788532
1779183213.282,/benchmark/inference_ms,25.932375
1779183213.378,/benchmark/inference_ms,25.888309
1779183213.474,/benchmark/inference_ms,25.959160
1779183213.563,/benchmark/inference_ms,26.453949
1779183213.655,/benchmark/inference_ms,25.999224
1779183213.752,/benchmark/inference_ms,25.869207
1779183213.849,/benchmark/inference_ms,25.678707
1779183213.940,/benchmark/inference_ms,26.615776
1779183214.039,/benchmark/inference_ms,26.917347
1779183214.137,/benchmark/inference_ms,26.747808
1779183214.228,/benchmark/inference_ms,26.036343
1779183214.327,/benchmark/inference_ms,26.968451
1779183214.522,/benchmark/inference_ms,28.258772
1779183214.609,/benchmark/inference_ms,26.120792
1779183214.705,/benchmark/inference_ms,25.720467
1779183214.804,/benchmark/inference_ms,26.800737
1779183214.888,/benchmark/inference_ms,26.428892
1779183214.985,/benchmark/inference_ms,26.401373
1779183215.081,/benchmark/inference_ms,26.523964
1779183215.176,/benchmark/inference_ms,26.663038
1779183215.268,/benchmark/inference_ms,26.483099
1779183215.366,/benchmark/inference_ms,26.901762
1779183215.461,/benchmark/inference_ms,26.950083
1779183215.552,/benchmark/inference_ms,26.336027
1779183215.648,/benchmark/inference_ms,26.367929
1779183215.744,/benchmark/inference_ms,26.324858
1779183215.841,/benchmark/inference_ms,26.586908
1779183215.931,/benchmark/inference_ms,25.809490
1779183216.027,/benchmark/inference_ms,25.780050
1779183216.122,/benchmark/inference_ms,25.760656
1779183216.222,/benchmark/inference_ms,26.824991
1779183216.313,/benchmark/inference_ms,25.843185
1779183216.408,/benchmark/inference_ms,25.855505
1779183216.503,/benchmark/inference_ms,25.802290
1779183216.594,/benchmark/inference_ms,25.772593
1779183216.691,/benchmark/inference_ms,27.156195
1779183216.793,/benchmark/inference_ms,26.708893
1779183216.890,/benchmark/inference_ms,26.203959
1779183216.981,/benchmark/inference_ms,26.309208
1779183217.079,/benchmark/inference_ms,26.123156
1779183217.172,/benchmark/inference_ms,26.116756
1779183217.266,/benchmark/inference_ms,26.522041
1779183217.360,/benchmark/inference_ms,25.815151
1779183217.456,/benchmark/inference_ms,25.998259
1779183217.552,/benchmark/inference_ms,26.029108
1779183217.645,/benchmark/inference_ms,26.365368
1779183217.741,/benchmark/inference_ms,26.461849
1779183217.935,/benchmark/inference_ms,28.129839
1779183218.022,/benchmark/inference_ms,25.911377
1779183218.116,/benchmark/inference_ms,26.246838
1779183218.211,/benchmark/inference_ms,26.238293
1779183218.303,/benchmark/inference_ms,25.584940
1779183218.399,/benchmark/inference_ms,25.653324
1779183218.496,/benchmark/inference_ms,25.773327
1779183218.591,/benchmark/inference_ms,25.916594
1779183218.683,/benchmark/inference_ms,25.823727
1779183218.780,/benchmark/inference_ms,25.814383
1779183218.877,/benchmark/inference_ms,26.668699
1779183218.969,/benchmark/inference_ms,26.950365
1779183219.067,/benchmark/inference_ms,27.581957
1779183219.164,/benchmark/inference_ms,28.294605
1779183219.252,/benchmark/inference_ms,26.111378
1779183219.354,/benchmark/inference_ms,25.650347
1779183219.449,/benchmark/inference_ms,26.071344
1779183219.540,/benchmark/inference_ms,25.625740
1779183219.736,/benchmark/inference_ms,25.872461
1779183219.824,/benchmark/inference_ms,25.726189
1779183219.916,/benchmark/inference_ms,26.037296
1779183220.011,/benchmark/inference_ms,25.812782
1779183220.110,/benchmark/inference_ms,25.868206
1779183220.204,/benchmark/inference_ms,26.092913
1779183220.296,/benchmark/inference_ms,25.767883
1779183220.391,/benchmark/inference_ms,25.700203
1779183220.488,/benchmark/inference_ms,25.604042
1779183220.584,/benchmark/inference_ms,25.719339
1779183220.676,/benchmark/inference_ms,25.668041
1779183220.772,/benchmark/inference_ms,25.671146
1779183220.869,/benchmark/inference_ms,26.393620
1779183220.960,/benchmark/inference_ms,25.939821
1779183221.057,/benchmark/inference_ms,25.942829
1779183221.150,/benchmark/inference_ms,25.562599
1779183221.248,/benchmark/inference_ms,25.719082
1779183221.350,/benchmark/inference_ms,26.702230
1779183221.439,/benchmark/inference_ms,26.725367
1779183221.534,/benchmark/inference_ms,26.573460
1779183221.626,/benchmark/inference_ms,26.917595
1779183221.722,/benchmark/inference_ms,26.943577
1779183221.923,/benchmark/inference_ms,27.045307
1779183222.007,/benchmark/inference_ms,26.900185
1779183222.103,/benchmark/inference_ms,27.033497
1779183222.199,/benchmark/inference_ms,26.949402
1779183222.291,/benchmark/inference_ms,27.241949
1779183222.387,/benchmark/inference_ms,26.967993
1779183222.483,/benchmark/inference_ms,26.717749
1779183222.579,/benchmark/inference_ms,27.223900
1779183222.669,/benchmark/inference_ms,26.890776
1779183222.766,/benchmark/inference_ms,26.592052
1779183222.864,/benchmark/inference_ms,27.946630
1779183222.954,/benchmark/inference_ms,26.571028
1779183223.051,/benchmark/inference_ms,27.125305
1779183223.149,/benchmark/inference_ms,26.932472
1779183223.242,/benchmark/inference_ms,26.679348
1779183223.334,/benchmark/inference_ms,26.644276
1779183223.429,/benchmark/inference_ms,26.617203
1779183223.526,/benchmark/inference_ms,26.786133
1779183223.617,/benchmark/inference_ms,26.662611
1779183223.716,/benchmark/inference_ms,26.998199
1779183223.811,/benchmark/inference_ms,27.013271
1779183223.905,/benchmark/inference_ms,26.605684
1779183223.996,/benchmark/inference_ms,26.663828
1779183224.094,/benchmark/inference_ms,26.638193
1779183224.190,/benchmark/inference_ms,26.729586
1779183224.288,/benchmark/inference_ms,26.764372
1779183224.378,/benchmark/inference_ms,26.539375
1779183224.481,/benchmark/inference_ms,26.767925
1779183224.575,/benchmark/inference_ms,26.502352
1779183224.668,/benchmark/inference_ms,26.573681
1779183224.766,/benchmark/inference_ms,27.384411
1779183224.860,/benchmark/inference_ms,26.491184
1779183224.956,/benchmark/inference_ms,26.573776
1779183225.040,/benchmark/inference_ms,25.584644
1779183225.138,/benchmark/inference_ms,27.413530
1779183225.232,/benchmark/inference_ms,26.376589
1779183225.326,/benchmark/inference_ms,27.032726
1779183225.420,/benchmark/inference_ms,26.003721
1779183225.519,/benchmark/inference_ms,26.643921
1779183225.612,/benchmark/inference_ms,26.272972
1779183225.703,/benchmark/inference_ms,25.744198
1779183225.801,/benchmark/inference_ms,26.086729
1779183225.897,/benchmark/inference_ms,25.953735
1779183225.987,/benchmark/inference_ms,26.014313
1779183226.085,/benchmark/inference_ms,26.021736
1779183226.179,/benchmark/inference_ms,25.794052
1779183226.280,/benchmark/inference_ms,25.865126
1779183226.473,/benchmark/inference_ms,27.542044
1779183226.562,/benchmark/inference_ms,25.984327
1779183226.651,/benchmark/inference_ms,25.924870
1779183226.750,/benchmark/inference_ms,26.010471
1779183226.851,/benchmark/inference_ms,25.989128
1779183226.940,/benchmark/inference_ms,26.011848
1779183227.032,/benchmark/inference_ms,25.837349
1779183227.234,/benchmark/inference_ms,27.478361
1779183227.316,/benchmark/inference_ms,25.831364
1779183227.415,/benchmark/inference_ms,25.765537
1779183227.509,/benchmark/inference_ms,25.646944
1779183227.604,/benchmark/inference_ms,25.606176
1779183227.700,/benchmark/inference_ms,27.041843
1779183227.798,/benchmark/inference_ms,26.536268
1779183227.893,/benchmark/inference_ms,25.856901
1779183227.979,/benchmark/inference_ms,25.738979
1779183228.075,/benchmark/inference_ms,26.244904
1779183228.174,/benchmark/inference_ms,25.680546
1779183228.269,/benchmark/inference_ms,25.912228
1779183228.466,/benchmark/inference_ms,26.631372
1779183228.552,/benchmark/inference_ms,26.392107
1779183228.648,/benchmark/inference_ms,26.034502
1779183228.739,/benchmark/inference_ms,25.976933
1779183228.839,/benchmark/inference_ms,25.970341
1779183228.933,/benchmark/inference_ms,25.722977
1779183229.129,/benchmark/inference_ms,26.647596
1779183229.216,/benchmark/inference_ms,25.954596
1779183229.313,/benchmark/inference_ms,25.865601
1779183229.403,/benchmark/inference_ms,25.800547
1779183229.500,/benchmark/inference_ms,26.073540
1779183229.599,/benchmark/inference_ms,26.275496
1779183229.687,/benchmark/inference_ms,26.139141
1779183229.784,/benchmark/inference_ms,26.129606
1779183229.880,/benchmark/inference_ms,26.057541
1779183229.976,/benchmark/inference_ms,26.008228
1779183230.067,/benchmark/inference_ms,26.160677
1779183230.165,/benchmark/inference_ms,25.890272
1779183230.260,/benchmark/inference_ms,25.967522
1779183230.351,/benchmark/inference_ms,26.029987
1779183230.448,/benchmark/inference_ms,25.974722
1779183230.544,/benchmark/inference_ms,25.797792
1779183230.640,/benchmark/inference_ms,25.962305
1779183230.733,/benchmark/inference_ms,25.657503
1779183230.937,/benchmark/inference_ms,29.546000
1779183231.128,/benchmark/inference_ms,30.172468
1779183231.210,/benchmark/inference_ms,27.133009
1779183231.314,/benchmark/inference_ms,27.768921
1779183231.397,/benchmark/inference_ms,26.456966
1779183231.496,/benchmark/inference_ms,28.048027
1779183231.587,/benchmark/inference_ms,25.759262
1779183231.687,/benchmark/inference_ms,27.351793
1779183231.777,/benchmark/inference_ms,25.541883
1779183231.927,/benchmark/inference_ms,69.964676
1779183232.015,/benchmark/inference_ms,39.681740
1779183232.109,/benchmark/inference_ms,44.113953
1779183232.199,/benchmark/inference_ms,44.446754
1779183232.292,/benchmark/inference_ms,44.181152
1779183232.384,/benchmark/inference_ms,43.789307
1779183232.476,/benchmark/inference_ms,44.338562
1779183232.569,/benchmark/inference_ms,44.125950
1779183232.662,/benchmark/inference_ms,44.001022
1779183232.752,/benchmark/inference_ms,43.689434
1779183232.844,/benchmark/inference_ms,43.691448
1779183232.935,/benchmark/inference_ms,42.991570
1779183233.025,/benchmark/inference_ms,42.067303
1779183233.124,/benchmark/inference_ms,43.758553
1779183233.220,/benchmark/inference_ms,43.038223
1779183233.316,/benchmark/inference_ms,42.360069
1779183233.411,/benchmark/inference_ms,43.065041
1779183233.508,/benchmark/inference_ms,43.359253
1779183233.603,/benchmark/inference_ms,43.085842
1779183233.706,/benchmark/inference_ms,47.404613
1779183233.804,/benchmark/inference_ms,47.638088
1779183233.886,/benchmark/inference_ms,37.476685
1779183233.991,/benchmark/inference_ms,48.636566
1779183234.090,/benchmark/inference_ms,47.585220
1779183234.185,/benchmark/inference_ms,47.264896
1779183234.286,/benchmark/inference_ms,47.752937
1779183234.383,/benchmark/inference_ms,48.332527
1779183234.482,/benchmark/inference_ms,48.560913
1779183234.581,/benchmark/inference_ms,46.846333
1779183234.677,/benchmark/inference_ms,48.351246
1779183234.777,/benchmark/inference_ms,49.077175
1779183234.880,/benchmark/inference_ms,51.808281
1779183234.975,/benchmark/inference_ms,47.591461
1779183235.072,/benchmark/inference_ms,47.129406
1779183235.171,/benchmark/inference_ms,48.903954
1779183235.266,/benchmark/inference_ms,48.039848
1779183235.363,/benchmark/inference_ms,48.663441
1779183235.460,/benchmark/inference_ms,48.499695
1779183235.546,/benchmark/inference_ms,39.174652
1779183235.633,/benchmark/inference_ms,42.310242
1779183235.722,/benchmark/inference_ms,42.200226
1779183235.811,/benchmark/inference_ms,43.924213
1779183235.901,/benchmark/inference_ms,43.542961
1779183235.989,/benchmark/inference_ms,41.539482
1779183236.080,/benchmark/inference_ms,43.097515
1779183236.164,/benchmark/inference_ms,39.394878
1779183236.252,/benchmark/inference_ms,41.571259
1779183236.342,/benchmark/inference_ms,34.845062
1779183236.440,/benchmark/inference_ms,42.797352
1779183236.541,/benchmark/inference_ms,41.385109
1779183236.631,/benchmark/inference_ms,43.154411
1779183236.727,/benchmark/inference_ms,43.700436
1779183236.819,/benchmark/inference_ms,42.998856
1779183237.023,/benchmark/inference_ms,42.225281
1779183237.117,/benchmark/inference_ms,42.989449
1779183237.209,/benchmark/inference_ms,42.951046
1779183237.299,/benchmark/inference_ms,42.656998
1779183237.388,/benchmark/inference_ms,42.372608
1779183237.485,/benchmark/inference_ms,42.811558
1779183237.583,/benchmark/inference_ms,43.293354
1779183237.675,/benchmark/inference_ms,42.438656
1779183237.765,/benchmark/inference_ms,41.448757
1779183237.979,/benchmark/inference_ms,42.815559
1779183238.076,/benchmark/inference_ms,42.782146
1779183238.163,/benchmark/inference_ms,41.933529
1779183238.254,/benchmark/inference_ms,43.472713
1779183238.338,/benchmark/inference_ms,37.653507
1779183238.430,/benchmark/inference_ms,43.156937
1779183238.522,/benchmark/inference_ms,37.562950
1779183238.623,/benchmark/inference_ms,42.297054
1779183238.718,/benchmark/inference_ms,42.304253
1779183238.811,/benchmark/inference_ms,42.755394
1779183238.906,/benchmark/inference_ms,42.128922
1779183239.007,/benchmark/inference_ms,43.622765
1779183239.097,/benchmark/inference_ms,42.517948
1779183239.190,/benchmark/inference_ms,42.980869
1779183239.291,/benchmark/inference_ms,43.750732
1779183239.402,/benchmark/inference_ms,41.981434
1779183239.478,/benchmark/inference_ms,41.914455
1779183239.581,/benchmark/inference_ms,41.881237
1779183239.673,/benchmark/inference_ms,43.206245
1779183239.870,/benchmark/inference_ms,42.349438
1779183239.958,/benchmark/inference_ms,43.414406
1779183240.056,/benchmark/inference_ms,43.647049
1779183240.141,/benchmark/inference_ms,39.324245
1779183240.243,/benchmark/inference_ms,42.983425
1779183240.327,/benchmark/inference_ms,33.641682
1779183240.435,/benchmark/inference_ms,43.515495
1779183240.525,/benchmark/inference_ms,41.828053
1779183240.621,/benchmark/inference_ms,42.012020
1779183240.712,/benchmark/inference_ms,43.386150
1779183240.801,/benchmark/inference_ms,41.498768
1779183240.906,/benchmark/inference_ms,45.298653
1779183240.999,/benchmark/inference_ms,43.491112
1779183241.088,/benchmark/inference_ms,41.788784
1779183241.184,/benchmark/inference_ms,42.713661
1779183241.279,/benchmark/inference_ms,42.374779
1779183241.357,/benchmark/inference_ms,23.626297
1779183241.448,/benchmark/inference_ms,23.717817
1779183241.544,/benchmark/inference_ms,23.762491
1779183241.640,/benchmark/inference_ms,23.474297
1779183241.730,/benchmark/inference_ms,23.854139
1779183241.829,/benchmark/inference_ms,23.677177
1779183241.924,/benchmark/inference_ms,24.208672
1779183242.021,/benchmark/inference_ms,24.356737
1779183242.115,/benchmark/inference_ms,25.392046
1779183242.213,/benchmark/inference_ms,24.985352
1779183242.315,/benchmark/inference_ms,25.915762
1779183242.404,/benchmark/inference_ms,25.657936
1779183242.496,/benchmark/inference_ms,25.679920
1779183242.593,/benchmark/inference_ms,26.254871
1779183242.687,/benchmark/inference_ms,25.865009
1779183242.779,/benchmark/inference_ms,25.704912
1779183242.877,/benchmark/inference_ms,25.597584
1779183242.972,/benchmark/inference_ms,26.026131
1779183243.069,/benchmark/inference_ms,26.066132
1779183243.160,/benchmark/inference_ms,26.034420
1779183243.256,/benchmark/inference_ms,25.925106
1779183243.353,/benchmark/inference_ms,25.697935
1779183243.445,/benchmark/inference_ms,25.690928
1779183243.539,/benchmark/inference_ms,25.463213
1779183243.638,/benchmark/inference_ms,26.075891
1779183243.732,/benchmark/inference_ms,25.685230
1779183243.825,/benchmark/inference_ms,25.937012
1779183243.921,/benchmark/inference_ms,25.776752
1779183244.013,/benchmark/inference_ms,25.578415
1779183244.107,/benchmark/inference_ms,26.235987
1779183244.203,/benchmark/inference_ms,25.778128
1779183244.299,/benchmark/inference_ms,25.730543
1779183244.394,/benchmark/inference_ms,25.553867
1779183244.492,/benchmark/inference_ms,26.332886
1779183244.592,/benchmark/inference_ms,27.260609
1779183244.682,/benchmark/inference_ms,25.910097
1779183244.774,/benchmark/inference_ms,26.044371
1779183244.868,/benchmark/inference_ms,25.752304
1779183244.964,/benchmark/inference_ms,26.053747
1779183245.061,/benchmark/inference_ms,25.883406
1779183245.153,/benchmark/inference_ms,25.782927
1779183245.248,/benchmark/inference_ms,25.835886
1779183245.344,/benchmark/inference_ms,25.725933
1779183245.435,/benchmark/inference_ms,25.660429
1779183245.534,/benchmark/inference_ms,25.938992
1779183245.628,/benchmark/inference_ms,26.070610
1779183245.723,/benchmark/inference_ms,26.164465
1779183245.814,/benchmark/inference_ms,25.571819
1779183245.912,/benchmark/inference_ms,25.907825
1779183246.008,/benchmark/inference_ms,25.869583
1779183246.098,/benchmark/inference_ms,25.537258
1779183246.198,/benchmark/inference_ms,26.061745
1779183246.293,/benchmark/inference_ms,25.871790
1779183246.388,/benchmark/inference_ms,26.543318
1779183246.481,/benchmark/inference_ms,26.004848
1779183246.579,/benchmark/inference_ms,26.392981
1779183246.672,/benchmark/inference_ms,25.807278
1779183246.769,/benchmark/inference_ms,26.844313
1779183246.967,/benchmark/inference_ms,27.994726
1779183247.054,/benchmark/inference_ms,25.909901
1779183247.144,/benchmark/inference_ms,26.230192
1779183247.241,/benchmark/inference_ms,26.601494
1779183247.343,/benchmark/inference_ms,26.902714
1779183247.438,/benchmark/inference_ms,26.473940
1779183247.529,/benchmark/inference_ms,26.097935
1779183247.620,/benchmark/inference_ms,25.902254
1779183247.722,/benchmark/inference_ms,26.047728
1779183247.814,/benchmark/inference_ms,25.922318
1779183247.911,/benchmark/inference_ms,26.307091
1779183248.003,/benchmark/inference_ms,25.909836
1779183248.098,/benchmark/inference_ms,25.651146
1779183248.188,/benchmark/inference_ms,25.708105
1779183248.288,/benchmark/inference_ms,26.365650
1779183248.387,/benchmark/inference_ms,26.193935
1779183248.478,/benchmark/inference_ms,25.772011
1779183248.574,/benchmark/inference_ms,25.536936
1779183248.670,/benchmark/inference_ms,26.048588
1779183248.765,/benchmark/inference_ms,25.981869
1779183248.857,/benchmark/inference_ms,25.738409
1779183248.953,/benchmark/inference_ms,25.822475
1779183249.051,/benchmark/inference_ms,25.927082
1779183249.141,/benchmark/inference_ms,25.780201
1779183249.238,/benchmark/inference_ms,25.791113
1779183249.334,/benchmark/inference_ms,25.963306
1779183249.430,/benchmark/inference_ms,26.202190
1779183249.522,/benchmark/inference_ms,26.051085
1779183249.620,/benchmark/inference_ms,26.155661
1779183249.714,/benchmark/inference_ms,26.082541
1779183249.809,/benchmark/inference_ms,26.955030
1779183249.896,/benchmark/inference_ms,25.613607
1779183249.995,/benchmark/inference_ms,25.789322
1779183250.090,/benchmark/inference_ms,25.707302
1779183250.181,/benchmark/inference_ms,25.823112
1779183250.277,/benchmark/inference_ms,25.817225
1779183250.374,/benchmark/inference_ms,26.384848
1779183250.465,/benchmark/inference_ms,25.763657
1779183250.563,/benchmark/inference_ms,25.749352
1779183250.657,/benchmark/inference_ms,26.315247
1779183250.753,/benchmark/inference_ms,25.684904
1779183250.844,/benchmark/inference_ms,25.836714
1779183250.941,/benchmark/inference_ms,25.871048
1779183251.036,/benchmark/inference_ms,25.900106
1779183251.133,/benchmark/inference_ms,25.881832
1779183251.226,/benchmark/inference_ms,26.559568
1779183251.325,/benchmark/inference_ms,26.907091
1779183251.418,/benchmark/inference_ms,26.730001
1779183251.513,/benchmark/inference_ms,26.618418
1779183251.606,/benchmark/inference_ms,26.720081
1779183251.700,/benchmark/inference_ms,27.344408
1779183251.900,/benchmark/inference_ms,27.504763
1779183251.988,/benchmark/inference_ms,26.566097
1779183252.085,/benchmark/inference_ms,25.891399
1779183252.180,/benchmark/inference_ms,26.224716
1779183252.274,/benchmark/inference_ms,25.614532
1779183252.371,/benchmark/inference_ms,25.636997
1779183252.468,/benchmark/inference_ms,26.889460
1779183252.561,/benchmark/inference_ms,26.839922
1779183252.656,/benchmark/inference_ms,26.034887
1779183252.751,/benchmark/inference_ms,25.964264
1779183252.843,/benchmark/inference_ms,25.758598
1779183252.939,/benchmark/inference_ms,25.730181
1779183253.034,/benchmark/inference_ms,25.917383
1779183253.132,/benchmark/inference_ms,26.178280
1779183253.223,/benchmark/inference_ms,25.529249
1779183253.319,/benchmark/inference_ms,25.786533
1779183253.415,/benchmark/inference_ms,25.980232
1779183253.506,/benchmark/inference_ms,25.594530
1779183253.602,/benchmark/inference_ms,25.552868
1779183253.699,/benchmark/inference_ms,26.123976
1779183253.796,/benchmark/inference_ms,25.923046
1779183253.885,/benchmark/inference_ms,25.399296
1779183253.982,/benchmark/inference_ms,25.642403
1779183254.084,/benchmark/inference_ms,26.406956
1779183254.170,/benchmark/inference_ms,25.809958
1779183254.266,/benchmark/inference_ms,25.806467
1779183254.363,/benchmark/inference_ms,25.993702
1779183254.459,/benchmark/inference_ms,25.825220
1779183254.551,/benchmark/inference_ms,25.637730
1779183254.647,/benchmark/inference_ms,25.718338
1779183254.742,/benchmark/inference_ms,25.469503
1779183254.835,/benchmark/inference_ms,25.760292
1779183254.931,/benchmark/inference_ms,25.875717
1779183255.028,/benchmark/inference_ms,26.496778
1779183255.124,/benchmark/inference_ms,26.654251
1779183255.216,/benchmark/inference_ms,26.199270
1779183255.303,/benchmark/inference_ms,25.500000
1779183255.402,/benchmark/inference_ms,26.908398
1779183255.499,/benchmark/inference_ms,26.059462
1779183255.594,/benchmark/inference_ms,25.854307
1779183255.691,/benchmark/inference_ms,25.469311
1779183255.786,/benchmark/inference_ms,25.538399
1779183255.881,/benchmark/inference_ms,26.501003
1779183255.975,/benchmark/inference_ms,25.818531
1779183256.072,/benchmark/inference_ms,25.982533
1779183256.167,/benchmark/inference_ms,25.515039
1779183256.258,/benchmark/inference_ms,25.647167
1779183256.355,/benchmark/inference_ms,25.694815
1779183256.451,/benchmark/inference_ms,25.632641
1779183256.543,/benchmark/inference_ms,26.209957
1779183256.639,/benchmark/inference_ms,26.015108
1779183256.734,/benchmark/inference_ms,25.915970
1779183256.831,/benchmark/inference_ms,25.566975
1779183256.924,/benchmark/inference_ms,25.628672
1779183257.019,/benchmark/inference_ms,25.583359
1779183257.115,/benchmark/inference_ms,25.784416
1779183257.206,/benchmark/inference_ms,25.537470
1779183257.305,/benchmark/inference_ms,26.761003
1779183257.401,/benchmark/inference_ms,26.731884
1779183257.496,/benchmark/inference_ms,26.532904
1779183257.589,/benchmark/inference_ms,26.555624
1779183257.686,/benchmark/inference_ms,26.824076
1779183257.781,/benchmark/inference_ms,26.874733
1779183257.873,/benchmark/inference_ms,26.626474
1779183257.970,/benchmark/inference_ms,26.829292
1779183258.066,/benchmark/inference_ms,27.788982
1779183258.162,/benchmark/inference_ms,26.587336
1779183258.254,/benchmark/inference_ms,26.717770
1779183258.352,/benchmark/inference_ms,27.778582
1779183258.447,/benchmark/inference_ms,27.860823
1779183258.538,/benchmark/inference_ms,27.172943
1779183258.634,/benchmark/inference_ms,26.860075
1779183258.730,/benchmark/inference_ms,26.884842
1779183258.826,/benchmark/inference_ms,26.812778
1779183258.917,/benchmark/inference_ms,26.810732
1779183259.013,/benchmark/inference_ms,26.456743
1779183259.110,/benchmark/inference_ms,27.321743
1779183259.201,/benchmark/inference_ms,27.248814
1779183259.297,/benchmark/inference_ms,26.851305
1779183259.392,/benchmark/inference_ms,26.658440
1779183259.489,/benchmark/inference_ms,26.700392
1779183259.582,/benchmark/inference_ms,25.527868
1779183259.675,/benchmark/inference_ms,25.747837
1779183259.766,/benchmark/inference_ms,25.862623
1779183259.857,/benchmark/inference_ms,26.328197
1779183259.960,/benchmark/inference_ms,26.056032
1779183260.057,/benchmark/inference_ms,26.475012
1779183260.150,/benchmark/inference_ms,25.500570
1779183260.244,/benchmark/inference_ms,25.682619
1779183260.342,/benchmark/inference_ms,26.609125
1779183260.436,/benchmark/inference_ms,26.580612
1779183260.531,/benchmark/inference_ms,26.016127
1779183260.624,/benchmark/inference_ms,26.522373
1779183260.719,/benchmark/inference_ms,26.132481
1779183260.817,/benchmark/inference_ms,26.631176
1779183260.907,/benchmark/inference_ms,25.808989
1779183261.003,/benchmark/inference_ms,26.608646
1779183261.099,/benchmark/inference_ms,25.952702
1779183261.193,/benchmark/inference_ms,25.947647
1779183261.279,/benchmark/inference_ms,25.565178
1779183261.382,/benchmark/inference_ms,25.736027
1779183261.479,/benchmark/inference_ms,25.895933
1779183261.571,/benchmark/inference_ms,26.016830
1779183261.661,/benchmark/inference_ms,25.700026
1779183261.861,/benchmark/inference_ms,27.507664
1779183262.007,/benchmark/inference_ms,71.352913
1779183262.123,/benchmark/inference_ms,59.132679
1779183262.218,/benchmark/inference_ms,44.222435
1779183262.307,/benchmark/inference_ms,43.208569
1779183262.397,/benchmark/inference_ms,43.920479
1779183262.488,/benchmark/inference_ms,43.960224
1779183262.583,/benchmark/inference_ms,43.600765
1779183262.669,/benchmark/inference_ms,43.762081
1779183262.759,/benchmark/inference_ms,42.423183
1779183262.851,/benchmark/inference_ms,44.415527
1779183262.940,/benchmark/inference_ms,43.002518
1779183263.033,/benchmark/inference_ms,43.326553
1779183263.123,/benchmark/inference_ms,42.444111
1779183263.214,/benchmark/inference_ms,43.445660
1779183263.405,/benchmark/inference_ms,43.507004
1779183263.498,/benchmark/inference_ms,43.713947
1779183263.590,/benchmark/inference_ms,42.750835
1779183263.679,/benchmark/inference_ms,43.022709
1779183263.775,/benchmark/inference_ms,43.175415
1779183263.874,/benchmark/inference_ms,44.765194
1779183263.963,/benchmark/inference_ms,43.491451
1779183264.053,/benchmark/inference_ms,41.981323
1779183264.145,/benchmark/inference_ms,43.743549
1779183264.244,/benchmark/inference_ms,42.123116
1779183264.331,/benchmark/inference_ms,41.840263
1779183264.411,/benchmark/inference_ms,29.374752
1779183264.526,/benchmark/inference_ms,43.358902
1779183264.614,/benchmark/inference_ms,34.512184
1779183264.716,/benchmark/inference_ms,43.220886
1779183264.809,/benchmark/inference_ms,34.538967
1779183264.904,/benchmark/inference_ms,42.215595
1779183264.995,/benchmark/inference_ms,42.068684
1779183265.093,/benchmark/inference_ms,42.108711
1779183265.188,/benchmark/inference_ms,43.033875
1779183265.380,/benchmark/inference_ms,42.915058
1779183265.476,/benchmark/inference_ms,43.412853
1779183265.571,/benchmark/inference_ms,42.001286
1779183265.662,/benchmark/inference_ms,43.499992
1779183265.760,/benchmark/inference_ms,43.604824
1779183265.852,/benchmark/inference_ms,42.578285
1779183265.943,/benchmark/inference_ms,42.287849
1779183266.042,/benchmark/inference_ms,43.433880
1779183266.136,/benchmark/inference_ms,42.973293
1779183266.236,/benchmark/inference_ms,42.084999
1779183266.328,/benchmark/inference_ms,43.533909
1779183266.421,/benchmark/inference_ms,38.551453
1779183266.517,/benchmark/inference_ms,42.905678
1779183266.599,/benchmark/inference_ms,36.736908
1779183266.703,/benchmark/inference_ms,42.354088
1779183266.802,/benchmark/inference_ms,41.941315
1779183266.896,/benchmark/inference_ms,42.764973
1779183266.987,/benchmark/inference_ms,43.342258
1779183267.085,/benchmark/inference_ms,43.275856
1779183267.180,/benchmark/inference_ms,43.252048
1779183267.274,/benchmark/inference_ms,43.228912
1779183267.368,/benchmark/inference_ms,43.514866
1779183267.462,/benchmark/inference_ms,42.459431
1779183267.560,/benchmark/inference_ms,42.297733
1779183267.651,/benchmark/inference_ms,42.742123
1779183267.747,/benchmark/inference_ms,42.350952
1779183267.843,/benchmark/inference_ms,41.728512
1779183267.934,/benchmark/inference_ms,41.643105
1779183268.015,/benchmark/inference_ms,28.293968
1779183268.130,/benchmark/inference_ms,42.047394
1779183268.213,/benchmark/inference_ms,33.345798
1779183268.320,/benchmark/inference_ms,43.378864
1779183268.412,/benchmark/inference_ms,42.966858
1779183268.507,/benchmark/inference_ms,42.005249
1779183268.598,/benchmark/inference_ms,41.961571
1779183268.696,/benchmark/inference_ms,42.259270
1779183268.794,/benchmark/inference_ms,43.455090
1779183268.887,/benchmark/inference_ms,41.940449
1779183268.981,/benchmark/inference_ms,42.785576
1779183269.078,/benchmark/inference_ms,43.785908
1779183269.173,/benchmark/inference_ms,42.468197
1779183269.269,/benchmark/inference_ms,41.895424
1779183269.359,/benchmark/inference_ms,42.027905
1779183269.464,/benchmark/inference_ms,41.593594
1779183269.555,/benchmark/inference_ms,42.187904
1779183269.647,/benchmark/inference_ms,39.195873
1779183269.857,/benchmark/inference_ms,42.189217
1779183269.946,/benchmark/inference_ms,42.939400
1779183270.026,/benchmark/inference_ms,36.244003
1779183270.120,/benchmark/inference_ms,42.437794
1779183270.215,/benchmark/inference_ms,34.090122
1779183270.315,/benchmark/inference_ms,43.871281
1779183270.409,/benchmark/inference_ms,42.317280
1779183270.501,/benchmark/inference_ms,43.075432
1779183270.601,/benchmark/inference_ms,43.447853
1779183270.691,/benchmark/inference_ms,42.473316
1779183270.784,/benchmark/inference_ms,42.235775
1779183270.879,/benchmark/inference_ms,42.074333
1779183270.977,/benchmark/inference_ms,46.014507
1779183271.067,/benchmark/inference_ms,41.889820
1779183271.264,/benchmark/inference_ms,42.522018
1779183271.354,/benchmark/inference_ms,42.555744
1779183271.445,/benchmark/inference_ms,42.775810
1779183271.548,/benchmark/inference_ms,43.373291
1779183271.627,/benchmark/inference_ms,34.711601
1779183271.733,/benchmark/inference_ms,43.694286
1779183271.819,/benchmark/inference_ms,35.444344
1779183271.924,/benchmark/inference_ms,43.257034
1779183272.014,/benchmark/inference_ms,42.686211
1779183272.118,/benchmark/inference_ms,43.067364
1779183272.211,/benchmark/inference_ms,43.445034
1779183272.304,/benchmark/inference_ms,41.774582
1779183272.395,/benchmark/inference_ms,43.342281
1779183272.496,/benchmark/inference_ms,42.835297
1779183272.589,/benchmark/inference_ms,43.509098
1779183272.680,/benchmark/inference_ms,43.358601
1779183272.777,/benchmark/inference_ms,42.541183
1779183272.851,/benchmark/inference_ms,23.693306
1779183272.944,/benchmark/inference_ms,23.221590
1779183273.044,/benchmark/inference_ms,23.846331
1779183273.137,/benchmark/inference_ms,23.798426
1779183273.233,/benchmark/inference_ms,23.616089
1779183273.326,/benchmark/inference_ms,24.121309
1779183273.427,/benchmark/inference_ms,24.898500
1779183273.521,/benchmark/inference_ms,23.774618
1779183273.622,/benchmark/inference_ms,24.770533
1779183273.713,/benchmark/inference_ms,24.957317
1779183273.811,/benchmark/inference_ms,25.573835
1779183273.905,/benchmark/inference_ms,25.579500
1779183273.998,/benchmark/inference_ms,25.546156
1779183274.095,/benchmark/inference_ms,26.015312
1779183274.190,/benchmark/inference_ms,25.883150
1779183274.287,/benchmark/inference_ms,25.939791
1779183274.379,/benchmark/inference_ms,26.016943
1779183274.478,/benchmark/inference_ms,25.619339
1779183274.571,/benchmark/inference_ms,25.768814
1779183274.661,/benchmark/inference_ms,25.882607
1779183274.759,/benchmark/inference_ms,25.845839
1779183274.854,/benchmark/inference_ms,25.645996
1779183274.950,/benchmark/inference_ms,25.674604
1779183275.044,/benchmark/inference_ms,26.221519
1779183275.139,/benchmark/inference_ms,25.946445
1779183275.235,/benchmark/inference_ms,25.894798
1779183275.327,/benchmark/inference_ms,25.509674
1779183275.424,/benchmark/inference_ms,26.118191
1779183275.521,/benchmark/inference_ms,25.802507
1779183275.615,/benchmark/inference_ms,25.815979
1779183275.710,/benchmark/inference_ms,27.350941
1779183275.806,/benchmark/inference_ms,26.601046
1779183275.901,/benchmark/inference_ms,26.832790
1779183275.985,/benchmark/inference_ms,25.891756
1779183276.082,/benchmark/inference_ms,26.457779
1779183276.177,/benchmark/inference_ms,26.859093
1779183276.272,/benchmark/inference_ms,26.173903
1779183276.364,/benchmark/inference_ms,25.995789
1779183276.463,/benchmark/inference_ms,25.751820
1779183276.558,/benchmark/inference_ms,26.602901
1779183276.650,/benchmark/inference_ms,27.197786
1779183276.752,/benchmark/inference_ms,26.766581
1779183276.838,/benchmark/inference_ms,25.609770
1779183276.937,/benchmark/inference_ms,25.768106
1779183277.028,/benchmark/inference_ms,25.580072
1779183277.126,/benchmark/inference_ms,26.325359
1779183277.225,/benchmark/inference_ms,25.895243
1779183277.316,/benchmark/inference_ms,25.954573
1779183277.413,/benchmark/inference_ms,26.130093
1779183277.509,/benchmark/inference_ms,26.091116
1779183277.607,/benchmark/inference_ms,26.049805
1779183277.697,/benchmark/inference_ms,25.826763
1779183277.793,/benchmark/inference_ms,26.327888
1779183277.892,/benchmark/inference_ms,26.119053
1779183277.987,/benchmark/inference_ms,26.265518
1779183278.081,/benchmark/inference_ms,26.600529
1779183278.175,/benchmark/inference_ms,26.666130
1779183278.271,/benchmark/inference_ms,26.865812
1779183278.364,/benchmark/inference_ms,26.736115
1779183278.458,/benchmark/inference_ms,25.794281
1779183278.554,/benchmark/inference_ms,26.036011
1779183278.650,/benchmark/inference_ms,26.785458
1779183278.744,/benchmark/inference_ms,26.741747
1779183278.841,/benchmark/inference_ms,26.507889
1779183278.937,/benchmark/inference_ms,26.674898
1779183279.028,/benchmark/inference_ms,26.425550
1779183279.123,/benchmark/inference_ms,26.458958
1779183279.220,/benchmark/inference_ms,26.831825
1779183279.316,/benchmark/inference_ms,27.388248
1779183279.406,/benchmark/inference_ms,26.578991
1779183279.503,/benchmark/inference_ms,26.668465
1779183279.599,/benchmark/inference_ms,26.447565
1779183279.693,/benchmark/inference_ms,27.253206
1779183279.786,/benchmark/inference_ms,26.589487
1779183279.882,/benchmark/inference_ms,26.152365
1779183279.979,/benchmark/inference_ms,26.199596
1779183280.178,/benchmark/inference_ms,28.803814
1779183280.263,/benchmark/inference_ms,26.046888
1779183280.354,/benchmark/inference_ms,26.152681
1779183280.450,/benchmark/inference_ms,25.585028
1779183280.548,/benchmark/inference_ms,25.505060
1779183280.641,/benchmark/inference_ms,26.325100
1779183280.734,/benchmark/inference_ms,25.677765
1779183280.830,/benchmark/inference_ms,27.105301
1779183280.925,/benchmark/inference_ms,25.841383
1779183281.020,/benchmark/inference_ms,25.822599
1779183281.113,/benchmark/inference_ms,25.925350
1779183281.210,/benchmark/inference_ms,26.069799
1779183281.299,/benchmark/inference_ms,25.735588
1779183281.392,/benchmark/inference_ms,25.904711
1779183281.495,/benchmark/inference_ms,26.116522
1779183281.587,/benchmark/inference_ms,25.935783
1779183281.677,/benchmark/inference_ms,25.698502
1779183281.773,/benchmark/inference_ms,26.340555
1779183281.877,/benchmark/inference_ms,27.606455
1779183281.967,/benchmark/inference_ms,27.077169
1779183282.059,/benchmark/inference_ms,26.646605
1779183282.161,/benchmark/inference_ms,26.915825
1779183282.256,/benchmark/inference_ms,26.473289
1779183282.367,/benchmark/inference_ms,26.453419
1779183282.436,/benchmark/inference_ms,25.659906
1779183282.536,/benchmark/inference_ms,25.973543
1779183282.632,/benchmark/inference_ms,26.213545
1779183282.720,/benchmark/inference_ms,26.021639
1779183282.822,/benchmark/inference_ms,25.742723
1779183282.917,/benchmark/inference_ms,26.210344
1779183283.015,/benchmark/inference_ms,25.830246
1779183283.105,/benchmark/inference_ms,25.539745
1779183283.201,/benchmark/inference_ms,25.607746
1779183283.301,/benchmark/inference_ms,26.191078
1779183283.388,/benchmark/inference_ms,26.044580
1779183283.490,/benchmark/inference_ms,26.548811
1779183283.584,/benchmark/inference_ms,26.456011
1779183283.679,/benchmark/inference_ms,26.486250
1779183283.770,/benchmark/inference_ms,26.197224
1779183283.865,/benchmark/inference_ms,26.497259
1779183283.964,/benchmark/inference_ms,25.567425
1779183284.053,/benchmark/inference_ms,26.009892
1779183284.149,/benchmark/inference_ms,25.897253
1779183284.250,/benchmark/inference_ms,25.918179
1779183284.341,/benchmark/inference_ms,25.704128
1779183284.434,/benchmark/inference_ms,26.019333
1779183284.535,/benchmark/inference_ms,27.480562
1779183284.623,/benchmark/inference_ms,26.198854
1779183284.719,/benchmark/inference_ms,25.646976
1779183284.814,/benchmark/inference_ms,25.942852
1779183284.908,/benchmark/inference_ms,25.987171
1779183285.006,/benchmark/inference_ms,25.700033
1779183285.097,/benchmark/inference_ms,25.848993
1779183285.193,/benchmark/inference_ms,25.536350
1779183285.289,/benchmark/inference_ms,25.656031
1779183285.386,/benchmark/inference_ms,27.602579
1779183285.486,/benchmark/inference_ms,29.478662
1779183285.578,/benchmark/inference_ms,26.595337
1779183285.673,/benchmark/inference_ms,26.498247
1779183285.867,/benchmark/inference_ms,29.370821
1779183286.058,/benchmark/inference_ms,30.577808
1779183286.146,/benchmark/inference_ms,26.781898
1779183286.244,/benchmark/inference_ms,27.426256
1779183286.333,/benchmark/inference_ms,26.783434
1779183286.425,/benchmark/inference_ms,27.462641
1779183286.519,/benchmark/inference_ms,27.529650
1779183286.616,/benchmark/inference_ms,26.857227
1779183286.719,/benchmark/inference_ms,26.921515
1779183286.810,/benchmark/inference_ms,26.454214
1779183286.906,/benchmark/inference_ms,26.956331
1779183287.004,/benchmark/inference_ms,27.591953
1779183287.096,/benchmark/inference_ms,26.811754
1779183287.189,/benchmark/inference_ms,26.721865
1779183287.288,/benchmark/inference_ms,27.074154
1779183287.389,/benchmark/inference_ms,28.842012
1779183287.478,/benchmark/inference_ms,26.610151
1779183287.566,/benchmark/inference_ms,27.475887
1779183287.667,/benchmark/inference_ms,27.336046
1779183287.761,/benchmark/inference_ms,27.613361
1779183287.853,/benchmark/inference_ms,26.477734
1779183287.949,/benchmark/inference_ms,26.677511
1779183288.050,/benchmark/inference_ms,26.684456
1779183288.141,/benchmark/inference_ms,27.585072
1779183288.235,/benchmark/inference_ms,27.483599
1779183288.332,/benchmark/inference_ms,27.322765
1779183288.424,/benchmark/inference_ms,26.610405
1779183288.518,/benchmark/inference_ms,26.558886
1779183288.613,/benchmark/inference_ms,26.507334
1779183288.709,/benchmark/inference_ms,26.438148
1779183288.801,/benchmark/inference_ms,26.586788
1779183288.896,/benchmark/inference_ms,26.539206
1779183288.994,/benchmark/inference_ms,26.514790
1779183289.081,/benchmark/inference_ms,26.544325
1779183289.176,/benchmark/inference_ms,26.562500
1779183289.276,/benchmark/inference_ms,27.129576
1779183289.373,/benchmark/inference_ms,26.536772
1779183289.458,/benchmark/inference_ms,26.529669
1779183289.555,/benchmark/inference_ms,26.618021
1779183289.651,/benchmark/inference_ms,27.486063
1779183289.743,/benchmark/inference_ms,26.861481
1779183289.842,/benchmark/inference_ms,28.046642
1779183289.936,/benchmark/inference_ms,27.304844
1779183290.034,/benchmark/inference_ms,26.843143
1779183290.121,/benchmark/inference_ms,26.670277
1779183290.219,/benchmark/inference_ms,27.202793
1779183290.316,/benchmark/inference_ms,26.526339
1779183290.417,/benchmark/inference_ms,26.768679
1779183290.513,/benchmark/inference_ms,27.869936
1779183290.607,/benchmark/inference_ms,27.590412
1779183290.701,/benchmark/inference_ms,26.573507
1779183290.793,/benchmark/inference_ms,26.794725
1779183290.889,/benchmark/inference_ms,27.096584
1779183290.986,/benchmark/inference_ms,27.052361
1779183291.079,/benchmark/inference_ms,25.697626
1779183291.172,/benchmark/inference_ms,25.526840
1779183291.263,/benchmark/inference_ms,26.040380
1779183291.457,/benchmark/inference_ms,27.442986
1779183291.544,/benchmark/inference_ms,25.848827
1779183291.642,/benchmark/inference_ms,25.948156
1779183291.739,/benchmark/inference_ms,26.831173
1779183291.828,/benchmark/inference_ms,26.921061
1779183291.927,/benchmark/inference_ms,25.612600
1779183292.082,/benchmark/inference_ms,68.748695
1779183292.171,/benchmark/inference_ms,42.801888
1779183112.180,/benchmark/latency_ms,106.107735
1779183112.279,/benchmark/latency_ms,115.083679
1779183112.381,/benchmark/latency_ms,123.124886
1779183112.483,/benchmark/latency_ms,130.886017
1779183112.583,/benchmark/latency_ms,137.089523
1779183112.679,/benchmark/latency_ms,138.965408
1779183112.778,/benchmark/latency_ms,139.147324
1779183112.874,/benchmark/latency_ms,139.846252
1779183112.969,/benchmark/latency_ms,143.452560
1779183113.081,/benchmark/latency_ms,148.311111
1779183113.176,/benchmark/latency_ms,145.829971
1779183113.263,/benchmark/latency_ms,151.034042
1779183113.370,/benchmark/latency_ms,151.936584
1779183113.454,/benchmark/latency_ms,151.765030
1779183113.542,/benchmark/latency_ms,142.094543
1779183113.638,/benchmark/latency_ms,146.833252
1779183113.733,/benchmark/latency_ms,149.415100
1779183113.829,/benchmark/latency_ms,147.759476
1779183113.925,/benchmark/latency_ms,152.637772
1779183114.019,/benchmark/latency_ms,150.598541
1779183114.116,/benchmark/latency_ms,149.074829
1779183114.206,/benchmark/latency_ms,144.553558
1779183114.303,/benchmark/latency_ms,149.382736
1779183114.389,/benchmark/latency_ms,139.150894
1779183114.498,/benchmark/latency_ms,142.313187
1779183114.582,/benchmark/latency_ms,144.494156
1779183114.678,/benchmark/latency_ms,145.449539
1779183114.774,/benchmark/latency_ms,146.078476
1779183114.873,/benchmark/latency_ms,147.226059
1779183115.033,/benchmark/latency_ms,120.228943
1779183115.153,/benchmark/latency_ms,145.846146
1779183115.262,/benchmark/latency_ms,154.302170
1779183115.366,/benchmark/latency_ms,170.016159
1779183115.470,/benchmark/latency_ms,177.909592
1779183115.588,/benchmark/latency_ms,187.321472
1779183115.693,/benchmark/latency_ms,202.195541
1779183115.793,/benchmark/latency_ms,121.929512
1779183115.911,/benchmark/latency_ms,132.871353
1779183115.995,/benchmark/latency_ms,135.107391
1779183116.101,/benchmark/latency_ms,146.024582
1779183116.200,/benchmark/latency_ms,145.842270
1779183116.303,/benchmark/latency_ms,157.965851
1779183116.400,/benchmark/latency_ms,158.414780
1779183116.515,/benchmark/latency_ms,169.205765
1779183116.600,/benchmark/latency_ms,167.004089
1779183116.701,/benchmark/latency_ms,179.006561
1779183116.805,/benchmark/latency_ms,186.574600
1779183116.912,/benchmark/latency_ms,194.990143
1779183117.012,/benchmark/latency_ms,205.286423
1779183117.119,/benchmark/latency_ms,117.781517
1779183117.216,/benchmark/latency_ms,117.627464
1779183117.316,/benchmark/latency_ms,126.484306
1779183117.415,/benchmark/latency_ms,128.997314
1779183117.527,/benchmark/latency_ms,137.057526
1779183117.614,/benchmark/latency_ms,143.179779
1779183117.722,/benchmark/latency_ms,142.288177
1779183117.814,/benchmark/latency_ms,150.655106
1779183117.923,/benchmark/latency_ms,159.655731
1779183118.025,/benchmark/latency_ms,170.903931
1779183118.129,/benchmark/latency_ms,178.937515
1779183118.230,/benchmark/latency_ms,184.229736
1779183118.331,/benchmark/latency_ms,190.045105
1779183118.428,/benchmark/latency_ms,193.989975
1779183118.524,/benchmark/latency_ms,196.710892
1779183118.626,/benchmark/latency_ms,109.238319
1779183118.733,/benchmark/latency_ms,122.276283
1779183118.848,/benchmark/latency_ms,128.484650
1779183118.954,/benchmark/latency_ms,153.712509
1779183119.051,/benchmark/latency_ms,154.828751
1779183119.162,/benchmark/latency_ms,170.661987
1779183119.266,/benchmark/latency_ms,165.406433
1779183119.349,/benchmark/latency_ms,167.150558
1779183119.443,/benchmark/latency_ms,167.277313
1779183119.541,/benchmark/latency_ms,167.057404
1779183119.636,/benchmark/latency_ms,171.914978
1779183119.740,/benchmark/latency_ms,179.138168
1779183119.843,/benchmark/latency_ms,186.079361
1779183119.950,/benchmark/latency_ms,197.628296
1779183120.058,/benchmark/latency_ms,117.190231
1779183120.163,/benchmark/latency_ms,127.511436
1779183120.265,/benchmark/latency_ms,132.399841
1779183120.372,/benchmark/latency_ms,143.973007
1779183120.479,/benchmark/latency_ms,158.152725
1779183120.589,/benchmark/latency_ms,164.025604
1779183120.689,/benchmark/latency_ms,180.572784
1779183120.800,/benchmark/latency_ms,192.993866
1779183120.901,/benchmark/latency_ms,104.759567
1779183121.006,/benchmark/latency_ms,118.221184
1779183121.094,/benchmark/latency_ms,108.460266
1779183121.166,/benchmark/latency_ms,84.587929
1779183121.248,/benchmark/latency_ms,76.350052
1779183121.353,/benchmark/latency_ms,80.885880
1779183121.454,/benchmark/latency_ms,78.092934
1779183121.539,/benchmark/latency_ms,78.575371
1779183121.628,/benchmark/latency_ms,76.737389
1779183121.728,/benchmark/latency_ms,80.336655
1779183121.828,/benchmark/latency_ms,82.602615
1779183121.918,/benchmark/latency_ms,83.195969
1779183122.014,/benchmark/latency_ms,82.118706
1779183122.112,/benchmark/latency_ms,82.207886
1779183122.208,/benchmark/latency_ms,83.493668
1779183122.405,/benchmark/latency_ms,89.047043
1779183122.492,/benchmark/latency_ms,82.415825
1779183122.588,/benchmark/latency_ms,84.537651
1779183122.683,/benchmark/latency_ms,84.540756
1779183122.782,/benchmark/latency_ms,86.424088
1779183122.871,/benchmark/latency_ms,81.531586
1779183122.961,/benchmark/latency_ms,81.353279
1779183123.168,/benchmark/latency_ms,92.365952
1779183123.356,/benchmark/latency_ms,92.980492
1779183123.448,/benchmark/latency_ms,86.731926
1779183123.540,/benchmark/latency_ms,85.268509
1779183123.633,/benchmark/latency_ms,84.911064
1779183123.728,/benchmark/latency_ms,85.162971
1779183123.823,/benchmark/latency_ms,85.021942
1779183123.909,/benchmark/latency_ms,79.909019
1779183124.011,/benchmark/latency_ms,84.977943
1779183124.104,/benchmark/latency_ms,82.526276
1779183124.198,/benchmark/latency_ms,82.211967
1779183124.290,/benchmark/latency_ms,82.199394
1779183124.386,/benchmark/latency_ms,82.144096
1779183124.483,/benchmark/latency_ms,82.692459
1779183124.581,/benchmark/latency_ms,83.543770
1779183124.675,/benchmark/latency_ms,84.616013
1779183124.782,/benchmark/latency_ms,85.608604
1779183124.868,/benchmark/latency_ms,86.430573
1779183124.973,/benchmark/latency_ms,85.584091
1779183125.057,/benchmark/latency_ms,86.740303
1779183125.153,/benchmark/latency_ms,86.217766
1779183125.250,/benchmark/latency_ms,86.048325
1779183125.340,/benchmark/latency_ms,85.232307
1779183125.437,/benchmark/latency_ms,85.410042
1779183125.534,/benchmark/latency_ms,86.140419
1779183125.619,/benchmark/latency_ms,81.876663
1779183125.727,/benchmark/latency_ms,82.885612
1779183125.823,/benchmark/latency_ms,82.843880
1779183125.907,/benchmark/latency_ms,83.064110
1779183125.998,/benchmark/latency_ms,81.996124
1779183126.098,/benchmark/latency_ms,85.721077
1779183126.194,/benchmark/latency_ms,84.542053
1779183126.293,/benchmark/latency_ms,89.026863
1779183126.385,/benchmark/latency_ms,86.074753
1779183126.480,/benchmark/latency_ms,86.026810
1779183126.579,/benchmark/latency_ms,86.207100
1779183126.672,/benchmark/latency_ms,86.006973
1779183126.763,/benchmark/latency_ms,86.362114
1779183126.861,/benchmark/latency_ms,87.874107
1779183126.952,/benchmark/latency_ms,87.192047
1779183127.053,/benchmark/latency_ms,88.728844
1779183127.161,/benchmark/latency_ms,88.176666
1779183127.243,/benchmark/latency_ms,87.640945
1779183127.336,/benchmark/latency_ms,87.067368
1779183127.431,/benchmark/latency_ms,87.956635
1779183127.526,/benchmark/latency_ms,86.772224
1779183127.619,/benchmark/latency_ms,88.097084
1779183127.729,/benchmark/latency_ms,87.564400
1779183127.811,/benchmark/latency_ms,87.887703
1779183127.907,/benchmark/latency_ms,87.640503
1779183127.998,/benchmark/latency_ms,86.749924
1779183128.109,/benchmark/latency_ms,87.659569
1779183128.185,/benchmark/latency_ms,82.792412
1779183128.277,/benchmark/latency_ms,83.636581
1779183128.374,/benchmark/latency_ms,84.421082
1779183128.468,/benchmark/latency_ms,83.815659
1779183128.564,/benchmark/latency_ms,83.593636
1779183128.662,/benchmark/latency_ms,85.513481
1779183128.755,/benchmark/latency_ms,84.425301
1779183128.852,/benchmark/latency_ms,85.295715
1779183128.948,/benchmark/latency_ms,85.136902
1779183129.040,/benchmark/latency_ms,85.277603
1779183129.131,/benchmark/latency_ms,82.826675
1779183129.228,/benchmark/latency_ms,83.345345
1779183129.331,/benchmark/latency_ms,83.026459
1779183129.417,/benchmark/latency_ms,83.399261
1779183129.513,/benchmark/latency_ms,83.422462
1779183129.607,/benchmark/latency_ms,83.021431
1779183129.704,/benchmark/latency_ms,86.749817
1779183129.803,/benchmark/latency_ms,86.323029
1779183129.898,/benchmark/latency_ms,86.910751
1779183129.987,/benchmark/latency_ms,86.145355
1779183130.087,/benchmark/latency_ms,86.840408
1779183130.194,/benchmark/latency_ms,86.813400
1779183130.272,/benchmark/latency_ms,83.469566
1779183130.363,/benchmark/latency_ms,81.754585
1779183130.460,/benchmark/latency_ms,82.653931
1779183130.555,/benchmark/latency_ms,82.377029
1779183130.648,/benchmark/latency_ms,82.755630
1779183130.744,/benchmark/latency_ms,82.205734
1779183130.840,/benchmark/latency_ms,82.102180
1779183130.935,/benchmark/latency_ms,82.524399
1779183131.133,/benchmark/latency_ms,89.651459
1779183131.227,/benchmark/latency_ms,87.182869
1779183131.312,/benchmark/latency_ms,83.093491
1779183131.415,/benchmark/latency_ms,87.449310
1779183131.701,/benchmark/latency_ms,91.404610
1779183131.897,/benchmark/latency_ms,82.508484
1779183131.993,/benchmark/latency_ms,86.438858
1779183132.073,/benchmark/latency_ms,82.311005
1779183132.174,/benchmark/latency_ms,86.786697
1779183132.265,/benchmark/latency_ms,82.394012
1779183132.354,/benchmark/latency_ms,82.280991
1779183132.451,/benchmark/latency_ms,82.791527
1779183132.549,/benchmark/latency_ms,83.240814
1779183132.647,/benchmark/latency_ms,84.165436
1779183132.842,/benchmark/latency_ms,90.583534
1779183132.927,/benchmark/latency_ms,82.632805
1779183133.021,/benchmark/latency_ms,84.796555
1779183133.118,/benchmark/latency_ms,84.493820
1779183133.212,/benchmark/latency_ms,82.481567
1779183133.309,/benchmark/latency_ms,83.327591
1779183133.397,/benchmark/latency_ms,81.081543
1779183133.499,/benchmark/latency_ms,84.838692
1779183133.594,/benchmark/latency_ms,84.644516
1779183133.682,/benchmark/latency_ms,81.848724
1779183133.778,/benchmark/latency_ms,81.478188
1779183133.879,/benchmark/latency_ms,84.284088
1779183133.982,/benchmark/latency_ms,82.006195
1779183134.072,/benchmark/latency_ms,80.346359
1779183134.158,/benchmark/latency_ms,80.408752
1779183134.253,/benchmark/latency_ms,80.635834
1779183134.346,/benchmark/latency_ms,82.323570
1779183134.440,/benchmark/latency_ms,80.416885
1779183134.542,/benchmark/latency_ms,83.333122
1779183134.638,/benchmark/latency_ms,83.642632
1779183134.731,/benchmark/latency_ms,84.089844
1779183134.825,/benchmark/latency_ms,84.752800
1779183134.923,/benchmark/latency_ms,83.501099
1779183135.017,/benchmark/latency_ms,85.462830
1779183135.125,/benchmark/latency_ms,84.805145
1779183135.209,/benchmark/latency_ms,84.547668
1779183135.305,/benchmark/latency_ms,84.228241
1779183135.391,/benchmark/latency_ms,82.249168
1779183135.485,/benchmark/latency_ms,80.413582
1779183135.583,/benchmark/latency_ms,81.829384
1779183135.674,/benchmark/latency_ms,80.168648
1779183135.875,/benchmark/latency_ms,87.435112
1779183135.975,/benchmark/latency_ms,82.943672
1779183136.055,/benchmark/latency_ms,82.062439
1779183136.151,/benchmark/latency_ms,82.748207
1779183136.253,/benchmark/latency_ms,85.242302
1779183136.344,/benchmark/latency_ms,84.692856
1779183136.440,/benchmark/latency_ms,84.820663
1779183136.536,/benchmark/latency_ms,84.941788
1779183136.636,/benchmark/latency_ms,86.662712
1779183136.722,/benchmark/latency_ms,85.207481
1779183136.817,/benchmark/latency_ms,84.409515
1779183136.914,/benchmark/latency_ms,85.510147
1779183137.012,/benchmark/latency_ms,84.394638
1779183137.107,/benchmark/latency_ms,85.404190
1779183137.202,/benchmark/latency_ms,87.049179
1779183137.299,/benchmark/latency_ms,86.000389
1779183137.390,/benchmark/latency_ms,84.904694
1779183137.486,/benchmark/latency_ms,86.848663
1779183137.581,/benchmark/latency_ms,85.821251
1779183137.678,/benchmark/latency_ms,86.473358
1779183137.769,/benchmark/latency_ms,85.561470
1779183137.856,/benchmark/latency_ms,80.213669
1779183137.952,/benchmark/latency_ms,80.657066
1779183138.047,/benchmark/latency_ms,81.973953
1779183138.141,/benchmark/latency_ms,80.729385
1779183138.239,/benchmark/latency_ms,81.143631
1779183138.344,/benchmark/latency_ms,80.769188
1779183138.423,/benchmark/latency_ms,79.985886
1779183138.521,/benchmark/latency_ms,80.660583
1779183138.619,/benchmark/latency_ms,81.857979
1779183138.714,/benchmark/latency_ms,83.289040
1779183138.811,/benchmark/latency_ms,83.305649
1779183138.900,/benchmark/latency_ms,80.313660
1779183138.999,/benchmark/latency_ms,81.259537
1779183139.089,/benchmark/latency_ms,80.773697
1779183139.185,/benchmark/latency_ms,80.397469
1779183139.281,/benchmark/latency_ms,80.259613
1779183139.373,/benchmark/latency_ms,80.316635
1779183139.469,/benchmark/latency_ms,80.417694
1779183139.672,/benchmark/latency_ms,85.887032
1779183139.754,/benchmark/latency_ms,81.516914
1779183139.851,/benchmark/latency_ms,81.130188
1779183139.946,/benchmark/latency_ms,81.161415
1779183140.037,/benchmark/latency_ms,80.222549
1779183140.134,/benchmark/latency_ms,81.384773
1779183140.230,/benchmark/latency_ms,80.745537
1779183140.325,/benchmark/latency_ms,80.808990
1779183140.418,/benchmark/latency_ms,81.375305
1779183140.515,/benchmark/latency_ms,81.112999
1779183140.612,/benchmark/latency_ms,81.032516
1779183140.809,/benchmark/latency_ms,86.697189
1779183140.895,/benchmark/latency_ms,80.912415
1779183140.990,/benchmark/latency_ms,81.778290
1779183141.081,/benchmark/latency_ms,80.695290
1779183141.180,/benchmark/latency_ms,81.285759
1779183141.273,/benchmark/latency_ms,80.685020
1779183141.370,/benchmark/latency_ms,80.363861
1779183141.463,/benchmark/latency_ms,80.918716
1779183141.558,/benchmark/latency_ms,80.904633
1779183141.712,/benchmark/latency_ms,137.253525
1779183141.820,/benchmark/latency_ms,143.057983
1779183141.909,/benchmark/latency_ms,148.188690
1779183142.011,/benchmark/latency_ms,150.233429
1779183142.106,/benchmark/latency_ms,153.258438
1779183142.209,/benchmark/latency_ms,163.338730
1779183142.346,/benchmark/latency_ms,109.766464
1779183142.449,/benchmark/latency_ms,119.441444
1779183142.551,/benchmark/latency_ms,124.151955
1779183142.649,/benchmark/latency_ms,127.336456
1779183142.761,/benchmark/latency_ms,132.168915
1779183142.850,/benchmark/latency_ms,140.831497
1779183142.945,/benchmark/latency_ms,141.642746
1779183143.042,/benchmark/latency_ms,140.116837
1779183143.142,/benchmark/latency_ms,147.367065
1779183143.239,/benchmark/latency_ms,148.811279
1779183143.338,/benchmark/latency_ms,151.015244
1779183143.434,/benchmark/latency_ms,151.353775
1779183143.532,/benchmark/latency_ms,156.059692
1779183143.638,/benchmark/latency_ms,157.443680
1779183143.726,/benchmark/latency_ms,160.189392
1779183143.823,/benchmark/latency_ms,165.078903
1779183143.917,/benchmark/latency_ms,162.875580
1779183144.013,/benchmark/latency_ms,162.999329
1779183144.120,/benchmark/latency_ms,160.377899
1779183144.203,/benchmark/latency_ms,164.124420
1779183144.285,/benchmark/latency_ms,153.504913
1779183144.378,/benchmark/latency_ms,150.310303
1779183144.476,/benchmark/latency_ms,156.742096
1779183144.575,/benchmark/latency_ms,157.999710
1779183144.672,/benchmark/latency_ms,159.067276
1779183144.768,/benchmark/latency_ms,158.542542
1779183144.866,/benchmark/latency_ms,165.155670
1779183144.959,/benchmark/latency_ms,162.558731
1779183145.069,/benchmark/latency_ms,164.864838
1779183145.155,/benchmark/latency_ms,169.013840
1779183145.250,/benchmark/latency_ms,170.203400
1779183145.359,/benchmark/latency_ms,171.544891
1779183145.445,/benchmark/latency_ms,172.648514
1779183145.542,/benchmark/latency_ms,176.484772
1779183145.637,/benchmark/latency_ms,177.358780
1779183145.731,/benchmark/latency_ms,162.940140
1779183145.817,/benchmark/latency_ms,167.373367
1779183145.916,/benchmark/latency_ms,169.765976
1779183146.009,/benchmark/latency_ms,170.588303
1779183146.108,/benchmark/latency_ms,172.296738
1779183146.217,/benchmark/latency_ms,173.753906
1779183146.307,/benchmark/latency_ms,180.022552
1779183146.397,/benchmark/latency_ms,175.185806
1779183146.505,/benchmark/latency_ms,176.948074
1779183146.587,/benchmark/latency_ms,175.651886
1779183146.683,/benchmark/latency_ms,176.186935
1779183146.780,/benchmark/latency_ms,178.266403
1779183146.877,/benchmark/latency_ms,183.345718
1779183146.973,/benchmark/latency_ms,185.082001
1779183147.084,/benchmark/latency_ms,185.451981
1779183147.157,/benchmark/latency_ms,178.276016
1779183147.254,/benchmark/latency_ms,178.812897
1779183147.348,/benchmark/latency_ms,180.385590
1779183147.446,/benchmark/latency_ms,178.431259
1779183147.544,/benchmark/latency_ms,185.668304
1779183147.642,/benchmark/latency_ms,185.955002
1779183147.741,/benchmark/latency_ms,192.062332
1779183147.839,/benchmark/latency_ms,192.438843
1779183147.938,/benchmark/latency_ms,105.107094
1779183148.033,/benchmark/latency_ms,104.455269
1779183148.131,/benchmark/latency_ms,110.105217
1779183148.229,/benchmark/latency_ms,109.651672
1779183148.325,/benchmark/latency_ms,113.740379
1779183148.426,/benchmark/latency_ms,113.040817
1779183148.522,/benchmark/latency_ms,122.440010
1779183148.619,/benchmark/latency_ms,120.286537
1779183148.719,/benchmark/latency_ms,125.739174
1779183148.813,/benchmark/latency_ms,124.558899
1779183148.920,/benchmark/latency_ms,127.356125
1779183148.995,/benchmark/latency_ms,114.704941
1779183149.094,/benchmark/latency_ms,116.988945
1779183149.189,/benchmark/latency_ms,123.402359
1779183149.287,/benchmark/latency_ms,125.021584
1779183149.383,/benchmark/latency_ms,126.410629
1779183149.493,/benchmark/latency_ms,132.924332
1779183149.583,/benchmark/latency_ms,136.695602
1779183149.677,/benchmark/latency_ms,134.550385
1779183149.771,/benchmark/latency_ms,134.681046
1779183149.865,/benchmark/latency_ms,133.910858
1779183149.974,/benchmark/latency_ms,137.895691
1779183150.057,/benchmark/latency_ms,132.800171
1779183150.155,/benchmark/latency_ms,138.959595
1779183150.249,/benchmark/latency_ms,139.433594
1779183150.344,/benchmark/latency_ms,138.814896
1779183150.432,/benchmark/latency_ms,129.385330
1779183150.525,/benchmark/latency_ms,132.899246
1779183150.619,/benchmark/latency_ms,130.042328
1779183150.729,/benchmark/latency_ms,130.579071
1779183150.819,/benchmark/latency_ms,139.505310
1779183150.915,/benchmark/latency_ms,140.263489
1779183151.016,/benchmark/latency_ms,146.491760
1779183151.124,/benchmark/latency_ms,146.568039
1779183151.207,/benchmark/latency_ms,151.016266
1779183151.303,/benchmark/latency_ms,151.833847
1779183151.398,/benchmark/latency_ms,149.631668
1779183151.493,/benchmark/latency_ms,149.302795
1779183151.590,/benchmark/latency_ms,153.802170
1779183151.664,/benchmark/latency_ms,132.567841
1779183151.734,/benchmark/latency_ms,105.774948
1779183151.804,/benchmark/latency_ms,83.803612
1779183151.899,/benchmark/latency_ms,81.966240
1779183151.995,/benchmark/latency_ms,79.802460
1779183152.092,/benchmark/latency_ms,80.398399
1779183152.185,/benchmark/latency_ms,80.592995
1779183152.280,/benchmark/latency_ms,80.680168
1779183152.372,/benchmark/latency_ms,78.677223
1779183152.481,/benchmark/latency_ms,83.517654
1779183152.567,/benchmark/latency_ms,84.058685
1779183152.666,/benchmark/latency_ms,85.429398
1779183152.761,/benchmark/latency_ms,84.723373
1779183152.852,/benchmark/latency_ms,84.426338
1779183152.951,/benchmark/latency_ms,86.375526
1779183153.046,/benchmark/latency_ms,86.385666
1779183153.135,/benchmark/latency_ms,84.497566
1779183153.333,/benchmark/latency_ms,88.225601
1779183153.417,/benchmark/latency_ms,80.650047
1779183153.508,/benchmark/latency_ms,79.310928
1779183153.610,/benchmark/latency_ms,82.101784
1779183153.704,/benchmark/latency_ms,81.525169
1779183153.796,/benchmark/latency_ms,82.137886
1779183153.892,/benchmark/latency_ms,82.472733
1779183153.987,/benchmark/latency_ms,82.184349
1779183154.082,/benchmark/latency_ms,81.648781
1779183154.175,/benchmark/latency_ms,81.282791
1779183154.272,/benchmark/latency_ms,82.666878
1779183154.373,/benchmark/latency_ms,85.381325
1779183154.473,/benchmark/latency_ms,82.810913
1779183154.560,/benchmark/latency_ms,83.470284
1779183154.655,/benchmark/latency_ms,83.907669
1779183154.751,/benchmark/latency_ms,84.485435
1779183154.844,/benchmark/latency_ms,84.401886
1779183154.938,/benchmark/latency_ms,84.271835
1779183155.038,/benchmark/latency_ms,84.949921
1779183155.125,/benchmark/latency_ms,80.885979
1779183155.216,/benchmark/latency_ms,79.685997
1779183155.318,/benchmark/latency_ms,82.489723
1779183155.425,/benchmark/latency_ms,81.989967
1779183155.506,/benchmark/latency_ms,82.604729
1779183155.614,/benchmark/latency_ms,82.698555
1779183155.697,/benchmark/latency_ms,84.119087
1779183155.795,/benchmark/latency_ms,84.150482
1779183155.886,/benchmark/latency_ms,84.382744
1779183155.985,/benchmark/latency_ms,85.412422
1779183156.084,/benchmark/latency_ms,87.751144
1779183156.171,/benchmark/latency_ms,83.451424
1779183156.267,/benchmark/latency_ms,83.312637
1779183156.362,/benchmark/latency_ms,82.196945
1779183156.469,/benchmark/latency_ms,82.823990
1779183156.551,/benchmark/latency_ms,82.347374
1779183156.646,/benchmark/latency_ms,82.415825
1779183156.741,/benchmark/latency_ms,84.330544
1779183156.832,/benchmark/latency_ms,83.263489
1779183156.929,/benchmark/latency_ms,84.260269
1779183157.029,/benchmark/latency_ms,84.507507
1779183157.122,/benchmark/latency_ms,84.917625
1779183157.216,/benchmark/latency_ms,84.473618
1779183157.315,/benchmark/latency_ms,85.206940
1779183157.407,/benchmark/latency_ms,83.658501
1779183157.500,/benchmark/latency_ms,83.326492
1779183157.595,/benchmark/latency_ms,83.046104
1779183157.685,/benchmark/latency_ms,80.149513
1779183157.783,/benchmark/latency_ms,80.757271
1779183157.873,/benchmark/latency_ms,80.487602
1779183157.972,/benchmark/latency_ms,80.665390
1779183158.067,/benchmark/latency_ms,80.987442
1779183158.159,/benchmark/latency_ms,80.048996
1779183158.254,/benchmark/latency_ms,79.881218
1779183158.349,/benchmark/latency_ms,80.344490
1779183158.446,/benchmark/latency_ms,80.697357
1779183158.536,/benchmark/latency_ms,79.911743
1779183158.635,/benchmark/latency_ms,80.996078
1779183158.732,/benchmark/latency_ms,83.029236
1779183158.820,/benchmark/latency_ms,80.067619
1779183158.919,/benchmark/latency_ms,81.387993
1779183159.012,/benchmark/latency_ms,80.355782
1779183159.108,/benchmark/latency_ms,82.279526
1779183159.200,/benchmark/latency_ms,80.708488
1779183159.295,/benchmark/latency_ms,80.098274
1779183159.393,/benchmark/latency_ms,80.887726
1779183159.490,/benchmark/latency_ms,81.063377
1779183159.580,/benchmark/latency_ms,79.803062
1779183159.688,/benchmark/latency_ms,80.678955
1779183159.774,/benchmark/latency_ms,80.662476
1779183159.864,/benchmark/latency_ms,80.180382
1779183159.973,/benchmark/latency_ms,86.253540
1779183160.064,/benchmark/latency_ms,84.445183
1779183160.160,/benchmark/latency_ms,84.612129
1779183160.253,/benchmark/latency_ms,84.223389
1779183160.351,/benchmark/latency_ms,85.074310
1779183160.444,/benchmark/latency_ms,85.125481
1779183160.536,/benchmark/latency_ms,84.726021
1779183160.642,/benchmark/latency_ms,84.420609
1779183160.729,/benchmark/latency_ms,83.987030
1779183160.824,/benchmark/latency_ms,84.488228
1779183160.928,/benchmark/latency_ms,84.559135
1779183161.013,/benchmark/latency_ms,83.976410
1779183161.109,/benchmark/latency_ms,84.742241
1779183161.200,/benchmark/latency_ms,84.364670
1779183161.295,/benchmark/latency_ms,83.853424
1779183161.384,/benchmark/latency_ms,79.930740
1779183161.486,/benchmark/latency_ms,85.669136
1779183161.587,/benchmark/latency_ms,84.039444
1779183161.670,/benchmark/latency_ms,79.766357
1779183161.768,/benchmark/latency_ms,80.879524
1779183161.858,/benchmark/latency_ms,80.385849
1779183161.954,/benchmark/latency_ms,80.421761
1779183162.049,/benchmark/latency_ms,79.917397
1779183162.153,/benchmark/latency_ms,84.976479
1779183162.243,/benchmark/latency_ms,83.354950
1779183162.340,/benchmark/latency_ms,83.681099
1779183162.435,/benchmark/latency_ms,83.891983
1779183162.528,/benchmark/latency_ms,85.983086
1779183162.623,/benchmark/latency_ms,84.588570
1779183162.731,/benchmark/latency_ms,83.801262
1779183162.820,/benchmark/latency_ms,84.781372
1779183162.902,/benchmark/latency_ms,79.748810
1779183163.000,/benchmark/latency_ms,81.882286
1779183163.101,/benchmark/latency_ms,86.219025
1779183163.195,/benchmark/latency_ms,86.205360
1779183163.292,/benchmark/latency_ms,86.926872
1779183163.391,/benchmark/latency_ms,80.713623
1779183163.473,/benchmark/latency_ms,80.543282
1779183163.568,/benchmark/latency_ms,82.311188
1779183163.661,/benchmark/latency_ms,80.632469
1779183163.759,/benchmark/latency_ms,81.823372
1779183163.872,/benchmark/latency_ms,85.189697
1779183163.948,/benchmark/latency_ms,80.275375
1779183164.051,/benchmark/latency_ms,84.286285
1779183164.144,/benchmark/latency_ms,82.967354
1779183164.248,/benchmark/latency_ms,84.480782
1779183164.330,/benchmark/latency_ms,82.502831
1779183164.438,/benchmark/latency_ms,82.703728
1779183164.528,/benchmark/latency_ms,85.291481
1779183164.617,/benchmark/latency_ms,84.698166
1779183164.711,/benchmark/latency_ms,83.832390
1779183164.808,/benchmark/latency_ms,83.775940
1779183164.898,/benchmark/latency_ms,84.061356
1779183165.000,/benchmark/latency_ms,84.769974
1779183165.094,/benchmark/latency_ms,83.833725
1779183165.188,/benchmark/latency_ms,83.175346
1779183165.278,/benchmark/latency_ms,82.720108
1779183165.374,/benchmark/latency_ms,82.578186
1779183165.471,/benchmark/latency_ms,82.342316
1779183165.562,/benchmark/latency_ms,82.393387
1779183165.658,/benchmark/latency_ms,82.862701
1779183165.754,/benchmark/latency_ms,83.987808
1779183165.851,/benchmark/latency_ms,84.504143
1779183165.942,/benchmark/latency_ms,84.186440
1779183166.040,/benchmark/latency_ms,84.288773
1779183166.137,/benchmark/latency_ms,84.362343
1779183166.227,/benchmark/latency_ms,83.686974
1779183166.323,/benchmark/latency_ms,83.243317
1779183166.430,/benchmark/latency_ms,83.119377
1779183166.514,/benchmark/latency_ms,83.221649
1779183166.609,/benchmark/latency_ms,82.318085
1779183166.699,/benchmark/latency_ms,82.456932
1779183166.797,/benchmark/latency_ms,84.005341
1779183166.887,/benchmark/latency_ms,82.322021
1779183166.987,/benchmark/latency_ms,84.292641
1779183167.084,/benchmark/latency_ms,84.988235
1779183167.179,/benchmark/latency_ms,84.692131
1779183167.266,/benchmark/latency_ms,81.430962
1779183167.362,/benchmark/latency_ms,80.174370
1779183167.459,/benchmark/latency_ms,81.658836
1779183167.561,/benchmark/latency_ms,80.542053
1779183167.646,/benchmark/latency_ms,80.652771
1779183167.741,/benchmark/latency_ms,80.722282
1779183167.839,/benchmark/latency_ms,80.682793
1779183167.929,/benchmark/latency_ms,80.254143
1779183168.028,/benchmark/latency_ms,81.030411
1779183168.123,/benchmark/latency_ms,80.997162
1779183168.218,/benchmark/latency_ms,80.904007
1779183168.310,/benchmark/latency_ms,81.271118
1779183168.405,/benchmark/latency_ms,80.641121
1779183168.513,/benchmark/latency_ms,80.647072
1779183168.597,/benchmark/latency_ms,84.097206
1779183168.694,/benchmark/latency_ms,84.736961
1779183168.794,/benchmark/latency_ms,84.589661
1779183168.889,/benchmark/latency_ms,85.610161
1779183168.981,/benchmark/latency_ms,83.875824
1779183169.076,/benchmark/latency_ms,85.086502
1779183169.171,/benchmark/latency_ms,84.803162
1779183169.264,/benchmark/latency_ms,85.189095
1779183169.363,/benchmark/latency_ms,84.688828
1779183169.459,/benchmark/latency_ms,84.873825
1779183169.553,/benchmark/latency_ms,84.245110
1779183169.640,/benchmark/latency_ms,80.837219
1779183169.736,/benchmark/latency_ms,81.844688
1779183169.831,/benchmark/latency_ms,82.010544
1779183169.922,/benchmark/latency_ms,80.542847
1779183170.017,/benchmark/latency_ms,80.711266
1779183170.114,/benchmark/latency_ms,79.650124
1779183170.210,/benchmark/latency_ms,80.299828
1779183170.301,/benchmark/latency_ms,80.435059
1779183170.397,/benchmark/latency_ms,80.660217
1779183170.495,/benchmark/latency_ms,81.056412
1779183170.593,/benchmark/latency_ms,84.268692
1779183170.688,/benchmark/latency_ms,84.736092
1779183170.786,/benchmark/latency_ms,84.623383
1779183170.882,/benchmark/latency_ms,85.008736
1779183170.973,/benchmark/latency_ms,84.551414
1779183171.070,/benchmark/latency_ms,84.957748
1779183171.165,/benchmark/latency_ms,84.181770
1779183171.249,/benchmark/latency_ms,80.058220
1779183171.349,/benchmark/latency_ms,83.008278
1779183171.443,/benchmark/latency_ms,82.421486
1779183171.643,/benchmark/latency_ms,89.112762
1779183171.777,/benchmark/latency_ms,130.655472
1779183171.880,/benchmark/latency_ms,133.250687
1779183171.974,/benchmark/latency_ms,133.802277
1779183172.073,/benchmark/latency_ms,142.130661
1779183172.169,/benchmark/latency_ms,143.653305
1779183172.271,/benchmark/latency_ms,145.003143
1779183172.377,/benchmark/latency_ms,151.510162
1779183172.465,/benchmark/latency_ms,153.995605
1779183172.565,/benchmark/latency_ms,158.276337
1779183172.665,/benchmark/latency_ms,162.740219
1779183172.777,/benchmark/latency_ms,169.716064
1779183172.863,/benchmark/latency_ms,173.187637
1779183172.960,/benchmark/latency_ms,173.744034
1779183173.055,/benchmark/latency_ms,178.933640
1779183173.153,/benchmark/latency_ms,179.102249
1779183173.246,/benchmark/latency_ms,178.203354
1779183173.343,/benchmark/latency_ms,179.070114
1779183173.452,/benchmark/latency_ms,183.038315
1779183173.540,/benchmark/latency_ms,185.620331
1779183173.639,/benchmark/latency_ms,189.925003
1779183173.739,/benchmark/latency_ms,196.571442
1779183173.837,/benchmark/latency_ms,103.668266
1779183173.937,/benchmark/latency_ms,106.612694
1779183174.034,/benchmark/latency_ms,111.451012
1779183174.133,/benchmark/latency_ms,117.167313
1779183174.232,/benchmark/latency_ms,114.866798
1779183174.328,/benchmark/latency_ms,123.353966
1779183174.425,/benchmark/latency_ms,123.106224
1779183174.526,/benchmark/latency_ms,128.175644
1779183174.624,/benchmark/latency_ms,128.892990
1779183174.723,/benchmark/latency_ms,138.535858
1779183174.815,/benchmark/latency_ms,131.833710
1779183174.912,/benchmark/latency_ms,135.912338
1779183174.993,/benchmark/latency_ms,125.114922
1779183175.176,/benchmark/latency_ms,113.075150
1779183175.276,/benchmark/latency_ms,116.895370
1779183175.370,/benchmark/latency_ms,122.176247
1779183175.468,/benchmark/latency_ms,122.461662
1779183175.564,/benchmark/latency_ms,123.149864
1779183175.662,/benchmark/latency_ms,127.197250
1779183175.757,/benchmark/latency_ms,128.050995
1779183175.856,/benchmark/latency_ms,128.818497
1779183175.949,/benchmark/latency_ms,128.623383
1779183176.047,/benchmark/latency_ms,132.679382
1779183176.144,/benchmark/latency_ms,136.014145
1779183176.250,/benchmark/latency_ms,128.795898
1779183176.332,/benchmark/latency_ms,136.148041
1779183176.426,/benchmark/latency_ms,131.851593
1779183176.525,/benchmark/latency_ms,134.285065
1779183176.610,/benchmark/latency_ms,122.415604
1779183176.701,/benchmark/latency_ms,127.421982
1779183176.799,/benchmark/latency_ms,129.127640
1779183176.896,/benchmark/latency_ms,130.322128
1779183176.995,/benchmark/latency_ms,131.139252
1779183177.095,/benchmark/latency_ms,136.658752
1779183177.192,/benchmark/latency_ms,137.806046
1779183177.288,/benchmark/latency_ms,138.518524
1779183177.384,/benchmark/latency_ms,144.521210
1779183177.481,/benchmark/latency_ms,144.769470
1779183177.584,/benchmark/latency_ms,146.471985
1779183177.688,/benchmark/latency_ms,146.694458
1779183177.774,/benchmark/latency_ms,152.363953
1779183177.868,/benchmark/latency_ms,151.300034
1779183177.965,/benchmark/latency_ms,150.420273
1779183178.046,/benchmark/latency_ms,141.338821
1779183178.145,/benchmark/latency_ms,141.146469
1779183178.240,/benchmark/latency_ms,144.172775
1779183178.341,/benchmark/latency_ms,143.541153
1779183178.436,/benchmark/latency_ms,150.115173
1779183178.532,/benchmark/latency_ms,148.655792
1779183178.630,/benchmark/latency_ms,152.954575
1779183178.730,/benchmark/latency_ms,154.692978
1779183178.822,/benchmark/latency_ms,158.075653
1779183178.920,/benchmark/latency_ms,155.395126
1779183179.028,/benchmark/latency_ms,160.081207
1779183179.114,/benchmark/latency_ms,162.302673
1779183179.210,/benchmark/latency_ms,165.345322
1779183179.315,/benchmark/latency_ms,162.154739
1779183179.400,/benchmark/latency_ms,168.549011
1779183179.484,/benchmark/latency_ms,155.077133
1779183179.580,/benchmark/latency_ms,150.788651
1779183179.684,/benchmark/latency_ms,153.179535
1779183179.768,/benchmark/latency_ms,154.156387
1779183179.867,/benchmark/latency_ms,157.907730
1779183179.975,/benchmark/latency_ms,167.240738
1779183180.087,/benchmark/latency_ms,187.169540
1779183180.191,/benchmark/latency_ms,195.799011
1779183180.310,/benchmark/latency_ms,209.333038
1779183180.408,/benchmark/latency_ms,128.064087
1779183180.507,/benchmark/latency_ms,133.249985
1779183180.689,/benchmark/latency_ms,124.308601
1779183180.793,/benchmark/latency_ms,134.845551
1779183180.901,/benchmark/latency_ms,146.507584
1779183181.005,/benchmark/latency_ms,152.570724
1779183181.106,/benchmark/latency_ms,161.613403
1779183181.203,/benchmark/latency_ms,165.564590
1779183181.305,/benchmark/latency_ms,170.536957
1779183181.407,/benchmark/latency_ms,177.412094
1779183181.520,/benchmark/latency_ms,187.100891
1779183181.612,/benchmark/latency_ms,194.998703
1779183181.713,/benchmark/latency_ms,109.940735
1779183181.818,/benchmark/latency_ms,114.571075
1779183181.918,/benchmark/latency_ms,122.108147
1779183182.019,/benchmark/latency_ms,126.110313
1779183182.125,/benchmark/latency_ms,138.948105
1779183182.227,/benchmark/latency_ms,142.550461
1779183182.328,/benchmark/latency_ms,147.328888
1779183182.428,/benchmark/latency_ms,154.737549
1779183182.529,/benchmark/latency_ms,162.110489
1779183182.632,/benchmark/latency_ms,167.261124
1779183182.731,/benchmark/latency_ms,171.739502
1779183182.849,/benchmark/latency_ms,186.372314
1779183182.950,/benchmark/latency_ms,204.135040
1779183183.052,/benchmark/latency_ms,119.766403
1779183183.158,/benchmark/latency_ms,127.945786
1779183183.228,/benchmark/latency_ms,102.604836
1779183183.299,/benchmark/latency_ms,77.060844
1779183183.390,/benchmark/latency_ms,76.417091
1779183183.488,/benchmark/latency_ms,77.760567
1779183183.584,/benchmark/latency_ms,76.832108
1779183183.674,/benchmark/latency_ms,77.039215
1779183183.773,/benchmark/latency_ms,79.829018
1779183183.863,/benchmark/latency_ms,77.085388
1779183183.969,/benchmark/latency_ms,82.917831
1779183184.058,/benchmark/latency_ms,80.685501
1779183184.157,/benchmark/latency_ms,82.134933
1779183184.258,/benchmark/latency_ms,84.908699
1779183184.348,/benchmark/latency_ms,84.699577
1779183184.444,/benchmark/latency_ms,84.432632
1779183184.542,/benchmark/latency_ms,86.527954
1779183184.649,/benchmark/latency_ms,85.649925
1779183184.729,/benchmark/latency_ms,85.468391
1779183184.829,/benchmark/latency_ms,87.712616
1779183185.021,/benchmark/latency_ms,92.788719
1779183185.105,/benchmark/latency_ms,83.277565
1779183185.198,/benchmark/latency_ms,82.303764
1779183185.395,/benchmark/latency_ms,85.912331
1779183185.483,/benchmark/latency_ms,81.135811
1779183185.578,/benchmark/latency_ms,79.988815
1779183185.674,/benchmark/latency_ms,81.325768
1779183185.766,/benchmark/latency_ms,80.547707
1779183185.972,/benchmark/latency_ms,90.173256
1779183186.049,/benchmark/latency_ms,80.414131
1779183186.147,/benchmark/latency_ms,81.904228
1779183186.241,/benchmark/latency_ms,79.649063
1779183186.342,/benchmark/latency_ms,81.387329
1779183186.430,/benchmark/latency_ms,80.709595
1779183186.527,/benchmark/latency_ms,82.275856
1779183186.623,/benchmark/latency_ms,81.072189
1779183186.712,/benchmark/latency_ms,79.589508
1779183186.808,/benchmark/latency_ms,79.604362
1779183186.903,/benchmark/latency_ms,80.603027
1779183187.002,/benchmark/latency_ms,80.574036
1779183187.093,/benchmark/latency_ms,80.017197
1779183187.191,/benchmark/latency_ms,82.142952
1779183187.300,/benchmark/latency_ms,81.865700
1779183187.378,/benchmark/latency_ms,80.223404
1779183187.477,/benchmark/latency_ms,83.203476
1779183187.572,/benchmark/latency_ms,82.948402
1779183187.667,/benchmark/latency_ms,80.522003
1779183187.758,/benchmark/latency_ms,81.422081
1779183187.855,/benchmark/latency_ms,81.318077
1779183187.950,/benchmark/latency_ms,81.743141
1779183188.159,/benchmark/latency_ms,88.479393
1779183188.238,/benchmark/latency_ms,83.444984
1779183188.344,/benchmark/latency_ms,82.888657
1779183188.424,/benchmark/latency_ms,83.506325
1779183188.527,/benchmark/latency_ms,85.512756
1779183188.617,/benchmark/latency_ms,82.198662
1779183188.709,/benchmark/latency_ms,82.730698
1779183188.805,/benchmark/latency_ms,84.431908
1779183188.897,/benchmark/latency_ms,79.953926
1779183188.998,/benchmark/latency_ms,83.981697
1779183189.091,/benchmark/latency_ms,83.873177
1779183189.185,/benchmark/latency_ms,83.529877
1779183189.281,/benchmark/latency_ms,83.697906
1779183189.373,/benchmark/latency_ms,84.130394
1779183189.469,/benchmark/latency_ms,83.811188
1779183189.565,/benchmark/latency_ms,84.286270
1779183189.674,/benchmark/latency_ms,83.535698
1779183189.749,/benchmark/latency_ms,81.172531
1779183189.857,/benchmark/latency_ms,80.227715
1779183189.944,/benchmark/latency_ms,80.652618
1779183190.034,/benchmark/latency_ms,81.422005
1779183190.131,/benchmark/latency_ms,81.895515
1779183190.228,/benchmark/latency_ms,82.995590
1779183190.324,/benchmark/latency_ms,81.498901
1779183190.413,/benchmark/latency_ms,80.023293
1779183190.508,/benchmark/latency_ms,80.767334
1779183190.607,/benchmark/latency_ms,80.745544
1779183190.705,/benchmark/latency_ms,82.454941
1779183190.799,/benchmark/latency_ms,85.917076
1779183190.999,/benchmark/latency_ms,89.502022
1779183191.083,/benchmark/latency_ms,85.886223
1779183191.180,/benchmark/latency_ms,85.988075
1779183191.274,/benchmark/latency_ms,85.284294
1779183191.372,/benchmark/latency_ms,85.762634
1779183191.458,/benchmark/latency_ms,80.396797
1779183191.555,/benchmark/latency_ms,81.092171
1779183191.653,/benchmark/latency_ms,82.486015
1779183191.867,/benchmark/latency_ms,91.043701
1779183191.935,/benchmark/latency_ms,80.728455
1779183192.034,/benchmark/latency_ms,80.528351
1779183192.233,/benchmark/latency_ms,92.768936
1779183192.324,/benchmark/latency_ms,87.288223
1779183192.414,/benchmark/latency_ms,85.780746
1779183192.513,/benchmark/latency_ms,87.771652
1779183192.606,/benchmark/latency_ms,86.546738
1779183192.704,/benchmark/latency_ms,86.320557
1779183192.795,/benchmark/latency_ms,87.509277
1779183192.893,/benchmark/latency_ms,87.594627
1779183192.989,/benchmark/latency_ms,87.507263
1779183193.082,/benchmark/latency_ms,87.736671
1779183193.177,/benchmark/latency_ms,85.741089
1779183193.272,/benchmark/latency_ms,85.748741
1779183193.375,/benchmark/latency_ms,83.727364
1779183193.457,/benchmark/latency_ms,83.465057
1779183193.553,/benchmark/latency_ms,83.444542
1779183193.647,/benchmark/latency_ms,83.594147
1779183193.740,/benchmark/latency_ms,83.466721
1779183193.936,/benchmark/latency_ms,88.130592
1779183194.027,/benchmark/latency_ms,83.396675
1779183194.115,/benchmark/latency_ms,80.139725
1779183194.210,/benchmark/latency_ms,81.335297
1779183194.305,/benchmark/latency_ms,78.921791
1779183194.400,/benchmark/latency_ms,79.221764
1779183194.503,/benchmark/latency_ms,78.645302
1779183194.590,/benchmark/latency_ms,78.510139
1779183194.685,/benchmark/latency_ms,79.620903
1779183194.782,/benchmark/latency_ms,83.228409
1779183194.870,/benchmark/latency_ms,77.691887
1779183194.972,/benchmark/latency_ms,80.486511
1779183195.073,/benchmark/latency_ms,83.273109
1779183195.176,/benchmark/latency_ms,81.954437
1779183195.259,/benchmark/latency_ms,81.714722
1779183195.354,/benchmark/latency_ms,81.977959
1779183195.442,/benchmark/latency_ms,79.607620
1779183195.538,/benchmark/latency_ms,80.356941
1779183195.634,/benchmark/latency_ms,80.768883
1779183195.746,/benchmark/latency_ms,81.176758
1779183195.827,/benchmark/latency_ms,83.266006
1779183195.924,/benchmark/latency_ms,82.950897
1779183196.018,/benchmark/latency_ms,82.510315
1779183196.106,/benchmark/latency_ms,79.500221
1779183196.205,/benchmark/latency_ms,80.410316
1779183196.297,/benchmark/latency_ms,78.327248
1779183196.395,/benchmark/latency_ms,80.246216
1779183196.590,/benchmark/latency_ms,85.437332
1779183196.677,/benchmark/latency_ms,79.505409
1779183196.767,/benchmark/latency_ms,79.015991
1779183196.862,/benchmark/latency_ms,78.926674
1779183196.963,/benchmark/latency_ms,81.244980
1779183197.058,/benchmark/latency_ms,79.196053
1779183197.147,/benchmark/latency_ms,77.661377
1779183197.243,/benchmark/latency_ms,78.413834
1779183197.341,/benchmark/latency_ms,77.732735
1779183197.433,/benchmark/latency_ms,78.459946
1779183197.529,/benchmark/latency_ms,78.635277
1779183197.637,/benchmark/latency_ms,78.758156
1779183197.719,/benchmark/latency_ms,78.562737
1779183197.812,/benchmark/latency_ms,78.349739
1779183197.908,/benchmark/latency_ms,79.262070
1779183198.005,/benchmark/latency_ms,78.886925
1779183198.095,/benchmark/latency_ms,78.252129
1779183198.194,/benchmark/latency_ms,78.959122
1779183198.288,/benchmark/latency_ms,78.849548
1779183198.384,/benchmark/latency_ms,78.533478
1779183198.490,/benchmark/latency_ms,78.853226
1779183198.573,/benchmark/latency_ms,79.161263
1779183198.670,/benchmark/latency_ms,80.308067
1779183198.762,/benchmark/latency_ms,79.598839
1779183198.856,/benchmark/latency_ms,78.726028
1779183198.954,/benchmark/latency_ms,80.671814
1779183199.062,/benchmark/latency_ms,79.119598
1779183199.141,/benchmark/latency_ms,79.432655
1779183199.238,/benchmark/latency_ms,79.267120
1779183199.346,/benchmark/latency_ms,79.534805
1779183199.429,/benchmark/latency_ms,79.255310
1779183199.521,/benchmark/latency_ms,79.781525
1779183199.618,/benchmark/latency_ms,80.803780
1779183199.715,/benchmark/latency_ms,80.779175
1779183199.804,/benchmark/latency_ms,78.335327
1779183199.904,/benchmark/latency_ms,80.240120
1779183199.999,/benchmark/latency_ms,79.996597
1779183200.105,/benchmark/latency_ms,79.938675
1779183200.187,/benchmark/latency_ms,80.385529
1779183200.283,/benchmark/latency_ms,80.451134
1779183200.376,/benchmark/latency_ms,78.422943
1779183200.468,/benchmark/latency_ms,78.841797
1779183200.565,/benchmark/latency_ms,79.327690
1779183200.659,/benchmark/latency_ms,79.885460
1779183200.760,/benchmark/latency_ms,79.714607
1779183200.851,/benchmark/latency_ms,81.067719
1779183200.952,/benchmark/latency_ms,81.526855
1779183201.048,/benchmark/latency_ms,83.168091
1779183201.141,/benchmark/latency_ms,83.397980
1779183201.336,/benchmark/latency_ms,78.809792
1779183201.426,/benchmark/latency_ms,82.280014
1779183201.531,/benchmark/latency_ms,82.507538
1779183201.607,/benchmark/latency_ms,77.770866
1779183201.720,/benchmark/latency_ms,80.351250
1779183201.857,/benchmark/latency_ms,124.580887
1779183202.018,/benchmark/latency_ms,104.484642
1779183202.112,/benchmark/latency_ms,103.846199
1779183202.201,/benchmark/latency_ms,102.430756
1779183202.305,/benchmark/latency_ms,99.929695
1779183202.387,/benchmark/latency_ms,97.800644
1779183202.491,/benchmark/latency_ms,98.429352
1779183202.574,/benchmark/latency_ms,96.409264
1779183202.671,/benchmark/latency_ms,98.465164
1779183202.764,/benchmark/latency_ms,92.911644
1779183202.857,/benchmark/latency_ms,94.632629
1779183202.953,/benchmark/latency_ms,94.501656
1779183203.063,/benchmark/latency_ms,97.396477
1779183203.154,/benchmark/latency_ms,100.129120
1779183203.243,/benchmark/latency_ms,98.269379
1779183203.338,/benchmark/latency_ms,98.864044
1779183203.431,/benchmark/latency_ms,98.095589
1779183203.525,/benchmark/latency_ms,97.279892
1779183203.624,/benchmark/latency_ms,99.676437
1779183203.719,/benchmark/latency_ms,99.680664
1779183203.816,/benchmark/latency_ms,100.206528
1779183203.905,/benchmark/latency_ms,98.984459
1779183203.987,/benchmark/latency_ms,84.477608
1779183204.098,/benchmark/latency_ms,101.030182
1779183204.184,/benchmark/latency_ms,94.530411
1779183204.279,/benchmark/latency_ms,93.075287
1779183204.377,/benchmark/latency_ms,94.893715
1779183204.471,/benchmark/latency_ms,92.362129
1779183204.564,/benchmark/latency_ms,93.691933
1779183204.660,/benchmark/latency_ms,93.989960
1779183204.772,/benchmark/latency_ms,96.912399
1779183204.851,/benchmark/latency_ms,97.061676
1779183204.946,/benchmark/latency_ms,96.880074
1779183205.051,/benchmark/latency_ms,93.756508
1779183205.135,/benchmark/latency_ms,94.080643
1779183205.227,/benchmark/latency_ms,93.861115
1779183205.327,/benchmark/latency_ms,95.429077
1779183205.417,/benchmark/latency_ms,91.834015
1779183205.511,/benchmark/latency_ms,94.504425
1779183205.601,/benchmark/latency_ms,85.704971
1779183205.706,/benchmark/latency_ms,96.941956
1779183205.794,/benchmark/latency_ms,90.129547
1779183205.893,/benchmark/latency_ms,95.100555
1779183205.987,/benchmark/latency_ms,94.630569
1779183206.083,/benchmark/latency_ms,95.237228
1779183206.176,/benchmark/latency_ms,94.055229
1779183206.271,/benchmark/latency_ms,94.195580
1779183206.367,/benchmark/latency_ms,94.760071
1779183206.467,/benchmark/latency_ms,96.445145
1779183206.556,/benchmark/latency_ms,94.950851
1779183206.654,/benchmark/latency_ms,96.142357
1779183206.748,/benchmark/latency_ms,96.675201
1779183206.847,/benchmark/latency_ms,99.942223
1779183206.939,/benchmark/latency_ms,98.904350
1779183207.040,/benchmark/latency_ms,98.975357
1779183207.129,/benchmark/latency_ms,95.406921
1779183207.213,/benchmark/latency_ms,87.049911
1779183207.318,/benchmark/latency_ms,96.660477
1779183207.524,/benchmark/latency_ms,108.461243
1779183207.625,/benchmark/latency_ms,117.272079
1779183207.803,/benchmark/latency_ms,105.304306
1779183207.897,/benchmark/latency_ms,106.920258
1779183207.975,/benchmark/latency_ms,88.552399
1779183208.084,/benchmark/latency_ms,100.127777
1779183208.177,/benchmark/latency_ms,96.676788
1779183208.264,/benchmark/latency_ms,94.744888
1779183208.358,/benchmark/latency_ms,93.037346
1779183208.459,/benchmark/latency_ms,95.928879
1779183208.553,/benchmark/latency_ms,97.761665
1779183208.643,/benchmark/latency_ms,93.401962
1779183208.742,/benchmark/latency_ms,96.971191
1779183208.835,/benchmark/latency_ms,93.804619
1779183208.929,/benchmark/latency_ms,94.279762
1779183209.031,/benchmark/latency_ms,100.175171
1779183209.124,/benchmark/latency_ms,97.253304
1779183209.213,/benchmark/latency_ms,94.430420
1779183209.306,/benchmark/latency_ms,93.842445
1779183209.393,/benchmark/latency_ms,84.635155
1779183209.500,/benchmark/latency_ms,95.390083
1779183209.589,/benchmark/latency_ms,91.620430
1779183209.697,/benchmark/latency_ms,100.694084
1779183209.800,/benchmark/latency_ms,100.011581
1779183209.881,/benchmark/latency_ms,98.505257
1779183209.972,/benchmark/latency_ms,93.186943
1779183210.069,/benchmark/latency_ms,96.103432
1779183210.168,/benchmark/latency_ms,97.226357
1779183210.258,/benchmark/latency_ms,96.299622
1779183210.362,/benchmark/latency_ms,93.840164
1779183210.448,/benchmark/latency_ms,94.965714
1779183210.551,/benchmark/latency_ms,95.076057
1779183210.617,/benchmark/latency_ms,75.065613
1779183210.719,/benchmark/latency_ms,76.480545
1779183210.819,/benchmark/latency_ms,84.065605
1779183210.901,/benchmark/latency_ms,76.071861
1779183211.002,/benchmark/latency_ms,77.839729
1779183211.090,/benchmark/latency_ms,73.575447
1779183211.189,/benchmark/latency_ms,75.663826
1779183211.283,/benchmark/latency_ms,77.023582
1779183211.385,/benchmark/latency_ms,79.522469
1779183211.486,/benchmark/latency_ms,81.763199
1779183211.569,/benchmark/latency_ms,79.330910
1779183211.665,/benchmark/latency_ms,79.037567
1779183211.760,/benchmark/latency_ms,77.820557
1779183211.862,/benchmark/latency_ms,83.072723
1779183211.948,/benchmark/latency_ms,79.215073
1779183212.046,/benchmark/latency_ms,79.416512
1779183212.141,/benchmark/latency_ms,78.064392
1779183212.231,/benchmark/latency_ms,77.734634
1779183212.343,/benchmark/latency_ms,79.455452
1779183212.424,/benchmark/latency_ms,78.666481
1779183212.522,/benchmark/latency_ms,78.179466
1779183212.722,/benchmark/latency_ms,87.407944
1779183212.808,/benchmark/latency_ms,80.713264
1779183212.898,/benchmark/latency_ms,79.106102
1779183213.000,/benchmark/latency_ms,82.897774
1779183213.095,/benchmark/latency_ms,83.078125
1779183213.190,/benchmark/latency_ms,82.343391
1779183213.296,/benchmark/latency_ms,82.813828
1779183213.379,/benchmark/latency_ms,82.067101
1779183213.486,/benchmark/latency_ms,82.140831
1779183213.575,/benchmark/latency_ms,79.413528
1779183213.657,/benchmark/latency_ms,78.302414
1779183213.753,/benchmark/latency_ms,79.638046
1779183213.850,/benchmark/latency_ms,80.270851
1779183213.942,/benchmark/latency_ms,79.453979
1779183214.042,/benchmark/latency_ms,82.448830
1779183214.139,/benchmark/latency_ms,81.708534
1779183214.229,/benchmark/latency_ms,81.004776
1779183214.328,/benchmark/latency_ms,82.912071
1779183214.525,/benchmark/latency_ms,87.902985
1779183214.609,/benchmark/latency_ms,82.789062
1779183214.707,/benchmark/latency_ms,83.003525
1779183214.805,/benchmark/latency_ms,84.533623
1779183214.890,/benchmark/latency_ms,79.494453
1779183214.986,/benchmark/latency_ms,79.757469
1779183215.082,/benchmark/latency_ms,79.931419
1779183215.177,/benchmark/latency_ms,79.632309
1779183215.269,/benchmark/latency_ms,79.137329
1779183215.366,/benchmark/latency_ms,80.833923
1779183215.464,/benchmark/latency_ms,80.119644
1779183215.553,/benchmark/latency_ms,79.495766
1779183215.649,/benchmark/latency_ms,78.759499
1779183215.745,/benchmark/latency_ms,79.472565
1779183215.842,/benchmark/latency_ms,79.916214
1779183215.932,/benchmark/latency_ms,78.479111
1779183216.030,/benchmark/latency_ms,78.442375
1779183216.123,/benchmark/latency_ms,78.588997
1779183216.225,/benchmark/latency_ms,79.068108
1779183216.315,/benchmark/latency_ms,78.874084
1779183216.409,/benchmark/latency_ms,78.474976
1779183216.504,/benchmark/latency_ms,78.524582
1779183216.595,/benchmark/latency_ms,78.260094
1779183216.692,/benchmark/latency_ms,79.723892
1779183216.794,/benchmark/latency_ms,83.566216
1779183216.890,/benchmark/latency_ms,82.771736
1779183216.983,/benchmark/latency_ms,82.659325
1779183217.081,/benchmark/latency_ms,82.501678
1779183217.174,/benchmark/latency_ms,81.621674
1779183217.278,/benchmark/latency_ms,82.269356
1779183217.362,/benchmark/latency_ms,81.646248
1779183217.468,/benchmark/latency_ms,80.443993
1779183217.555,/benchmark/latency_ms,80.672890
1779183217.647,/benchmark/latency_ms,81.695465
1779183217.744,/benchmark/latency_ms,82.508308
1779183217.936,/benchmark/latency_ms,88.696640
1779183218.022,/benchmark/latency_ms,78.877251
1779183218.118,/benchmark/latency_ms,79.039940
1779183218.212,/benchmark/latency_ms,78.928864
1779183218.304,/benchmark/latency_ms,78.031891
1779183218.411,/benchmark/latency_ms,78.121811
1779183218.495,/benchmark/latency_ms,78.921219
1779183218.591,/benchmark/latency_ms,78.840675
1779183218.684,/benchmark/latency_ms,78.560921
1779183218.781,/benchmark/latency_ms,78.720894
1779183218.878,/benchmark/latency_ms,80.444626
1779183218.971,/benchmark/latency_ms,80.208496
1779183219.068,/benchmark/latency_ms,81.642624
1779183219.162,/benchmark/latency_ms,81.822495
1779183219.253,/benchmark/latency_ms,78.811806
1779183219.355,/benchmark/latency_ms,82.932976
1779183219.450,/benchmark/latency_ms,83.132278
1779183219.552,/benchmark/latency_ms,78.481880
1779183219.736,/benchmark/latency_ms,83.380791
1779183219.838,/benchmark/latency_ms,78.924507
1779183219.928,/benchmark/latency_ms,78.955360
1779183220.012,/benchmark/latency_ms,78.762428
1779183220.111,/benchmark/latency_ms,79.285378
1779183220.205,/benchmark/latency_ms,78.764565
1779183220.298,/benchmark/latency_ms,78.856155
1779183220.394,/benchmark/latency_ms,78.649750
1779183220.488,/benchmark/latency_ms,78.137650
1779183220.585,/benchmark/latency_ms,78.693848
1779183220.678,/benchmark/latency_ms,79.405281
1779183220.774,/benchmark/latency_ms,79.137978
1779183220.871,/benchmark/latency_ms,80.179176
1779183220.972,/benchmark/latency_ms,79.472862
1779183221.058,/benchmark/latency_ms,80.672173
1779183221.152,/benchmark/latency_ms,78.091690
1779183221.262,/benchmark/latency_ms,79.465660
1779183221.351,/benchmark/latency_ms,86.679962
1779183221.439,/benchmark/latency_ms,81.857246
1779183221.535,/benchmark/latency_ms,81.047218
1779183221.638,/benchmark/latency_ms,81.232079
1779183221.723,/benchmark/latency_ms,81.195091
1779183221.926,/benchmark/latency_ms,87.322563
1779183222.010,/benchmark/latency_ms,81.849854
1779183222.106,/benchmark/latency_ms,81.985237
1779183222.200,/benchmark/latency_ms,82.096825
1779183222.291,/benchmark/latency_ms,81.181519
1779183222.399,/benchmark/latency_ms,81.418129
1779183222.483,/benchmark/latency_ms,81.087791
1779183222.581,/benchmark/latency_ms,81.756149
1779183222.671,/benchmark/latency_ms,80.410789
1779183222.768,/benchmark/latency_ms,80.809258
1779183222.866,/benchmark/latency_ms,83.257065
1779183222.955,/benchmark/latency_ms,79.759453
1779183223.053,/benchmark/latency_ms,81.367851
1779183223.151,/benchmark/latency_ms,81.188171
1779183223.243,/benchmark/latency_ms,80.426048
1779183223.335,/benchmark/latency_ms,80.686531
1779183223.430,/benchmark/latency_ms,80.503426
1779183223.526,/benchmark/latency_ms,80.760902
1779183223.618,/benchmark/latency_ms,80.264481
1779183223.717,/benchmark/latency_ms,81.920883
1779183223.812,/benchmark/latency_ms,82.222778
1779183223.907,/benchmark/latency_ms,80.551971
1779183223.997,/benchmark/latency_ms,79.712532
1779183224.095,/benchmark/latency_ms,80.924255
1779183224.192,/benchmark/latency_ms,81.392967
1779183224.289,/benchmark/latency_ms,83.542343
1779183224.380,/benchmark/latency_ms,79.590897
1779183224.481,/benchmark/latency_ms,84.841782
1779183224.578,/benchmark/latency_ms,83.641830
1779183224.669,/benchmark/latency_ms,83.997963
1779183224.768,/benchmark/latency_ms,84.878998
1779183224.861,/benchmark/latency_ms,84.641876
1779183224.959,/benchmark/latency_ms,84.387985
1779183225.041,/benchmark/latency_ms,78.009850
1779183225.152,/benchmark/latency_ms,81.152863
1779183225.244,/benchmark/latency_ms,78.743431
1779183225.326,/benchmark/latency_ms,80.875137
1779183225.422,/benchmark/latency_ms,78.712898
1779183225.520,/benchmark/latency_ms,80.944061
1779183225.614,/benchmark/latency_ms,79.541611
1779183225.704,/benchmark/latency_ms,78.672356
1779183225.801,/benchmark/latency_ms,79.067268
1779183225.897,/benchmark/latency_ms,79.437485
1779183225.989,/benchmark/latency_ms,78.744804
1779183226.086,/benchmark/latency_ms,79.516457
1779183226.182,/benchmark/latency_ms,77.984787
1779183226.276,/benchmark/latency_ms,79.015366
1779183226.473,/benchmark/latency_ms,84.493767
1779183226.562,/benchmark/latency_ms,79.229126
1779183226.653,/benchmark/latency_ms,79.164001
1779183226.748,/benchmark/latency_ms,80.200180
1779183226.849,/benchmark/latency_ms,82.373070
1779183226.940,/benchmark/latency_ms,79.216393
1779183227.035,/benchmark/latency_ms,78.839806
1779183227.240,/benchmark/latency_ms,84.801163
1779183227.317,/benchmark/latency_ms,78.293846
1779183227.415,/benchmark/latency_ms,80.097488
1779183227.510,/benchmark/latency_ms,79.183006
1779183227.605,/benchmark/latency_ms,79.749542
1779183227.702,/benchmark/latency_ms,82.722733
1779183227.799,/benchmark/latency_ms,83.418007
1779183227.895,/benchmark/latency_ms,82.485001
1779183227.977,/benchmark/latency_ms,77.333641
1779183228.077,/benchmark/latency_ms,78.646873
1779183228.175,/benchmark/latency_ms,79.517189
1779183228.270,/benchmark/latency_ms,79.444382
1779183228.469,/benchmark/latency_ms,85.750641
1779183228.555,/benchmark/latency_ms,79.277374
1779183228.650,/benchmark/latency_ms,79.577728
1779183228.740,/benchmark/latency_ms,78.492599
1779183228.841,/benchmark/latency_ms,79.467941
1779183228.945,/benchmark/latency_ms,79.136223
1779183229.130,/benchmark/latency_ms,85.666763
1779183229.218,/benchmark/latency_ms,78.392784
1779183229.314,/benchmark/latency_ms,79.553726
1779183229.404,/benchmark/latency_ms,77.785194
1779183229.503,/benchmark/latency_ms,79.128571
1779183229.600,/benchmark/latency_ms,79.046616
1779183229.688,/benchmark/latency_ms,78.550453
1779183229.786,/benchmark/latency_ms,78.879158
1779183229.883,/benchmark/latency_ms,79.035736
1779183229.990,/benchmark/latency_ms,79.081688
1779183230.068,/benchmark/latency_ms,78.664268
1779183230.165,/benchmark/latency_ms,78.879669
1779183230.262,/benchmark/latency_ms,79.271667
1779183230.353,/benchmark/latency_ms,78.756783
1779183230.451,/benchmark/latency_ms,79.011063
1779183230.547,/benchmark/latency_ms,78.943123
1779183230.642,/benchmark/latency_ms,79.084694
1779183230.733,/benchmark/latency_ms,79.563545
1779183230.940,/benchmark/latency_ms,88.893555
1779183231.130,/benchmark/latency_ms,92.329010
1779183231.211,/benchmark/latency_ms,80.752296
1779183231.315,/benchmark/latency_ms,85.814117
1779183231.398,/benchmark/latency_ms,79.404243
1779183231.497,/benchmark/latency_ms,81.949333
1779183231.590,/benchmark/latency_ms,78.462669
1779183231.688,/benchmark/latency_ms,85.060829
1779183231.778,/benchmark/latency_ms,79.605881
1779183231.928,/benchmark/latency_ms,133.651062
1779183232.017,/benchmark/latency_ms,123.085236
1779183232.110,/benchmark/latency_ms,122.947594
1779183232.200,/benchmark/latency_ms,122.354050
1779183232.294,/benchmark/latency_ms,117.880302
1779183232.396,/benchmark/latency_ms,117.803658
1779183232.477,/benchmark/latency_ms,114.447876
1779183232.577,/benchmark/latency_ms,110.929848
1779183232.662,/benchmark/latency_ms,107.415146
1779183232.753,/benchmark/latency_ms,107.653900
1779183232.846,/benchmark/latency_ms,103.549248
1779183232.936,/benchmark/latency_ms,98.172951
1779183233.027,/benchmark/latency_ms,93.336601
1779183233.119,/benchmark/latency_ms,95.018539
1779183233.222,/benchmark/latency_ms,98.513367
1779183233.319,/benchmark/latency_ms,96.922600
1779183233.413,/benchmark/latency_ms,99.812454
1779183233.509,/benchmark/latency_ms,99.890701
1779183233.603,/benchmark/latency_ms,99.539299
1779183233.718,/benchmark/latency_ms,106.690681
1779183233.805,/benchmark/latency_ms,112.114082
1779183233.888,/benchmark/latency_ms,100.328590
1779183233.992,/benchmark/latency_ms,107.793549
1779183234.090,/benchmark/latency_ms,114.152054
1779183234.186,/benchmark/latency_ms,117.000374
1779183234.289,/benchmark/latency_ms,118.978928
1779183234.385,/benchmark/latency_ms,121.461258
1779183234.483,/benchmark/latency_ms,130.307510
1779183234.583,/benchmark/latency_ms,130.949158
1779183234.677,/benchmark/latency_ms,131.492935
1779183234.780,/benchmark/latency_ms,138.666626
1779183234.881,/benchmark/latency_ms,145.383530
1779183234.976,/benchmark/latency_ms,146.616028
1779183235.075,/benchmark/latency_ms,147.806244
1779183235.174,/benchmark/latency_ms,153.318130
1779183235.269,/benchmark/latency_ms,153.858963
1779183235.364,/benchmark/latency_ms,154.994141
1779183235.461,/benchmark/latency_ms,159.989822
1779183235.560,/benchmark/latency_ms,149.798111
1779183235.636,/benchmark/latency_ms,141.048187
1779183235.723,/benchmark/latency_ms,130.989944
1779183235.813,/benchmark/latency_ms,128.112061
1779183235.913,/benchmark/latency_ms,124.033768
1779183235.992,/benchmark/latency_ms,116.159492
1779183236.081,/benchmark/latency_ms,113.473312
1779183236.164,/benchmark/latency_ms,100.267677
1779183236.266,/benchmark/latency_ms,95.246887
1779183236.345,/benchmark/latency_ms,86.817696
1779183236.440,/benchmark/latency_ms,94.714844
1779183236.544,/benchmark/latency_ms,96.921143
1779183236.632,/benchmark/latency_ms,95.000450
1779183236.728,/benchmark/latency_ms,98.149704
1779183236.817,/benchmark/latency_ms,94.688538
1779183237.024,/benchmark/latency_ms,106.452843
1779183237.120,/benchmark/latency_ms,107.567184
1779183237.210,/benchmark/latency_ms,103.916199
1779183237.300,/benchmark/latency_ms,97.870209
1779183237.389,/benchmark/latency_ms,95.470947
1779183237.486,/benchmark/latency_ms,96.451218
1779183237.584,/benchmark/latency_ms,96.246284
1779183237.677,/benchmark/latency_ms,95.003357
1779183237.768,/benchmark/latency_ms,93.022690
1779183237.979,/benchmark/latency_ms,111.568321
1779183238.077,/benchmark/latency_ms,112.755119
1779183238.164,/benchmark/latency_ms,110.753784
1779183238.255,/benchmark/latency_ms,106.280579
1779183238.339,/benchmark/latency_ms,93.554214
1779183238.444,/benchmark/latency_ms,94.337296
1779183238.524,/benchmark/latency_ms,90.072479
1779183238.626,/benchmark/latency_ms,95.453438
1779183238.730,/benchmark/latency_ms,94.909271
1779183238.814,/benchmark/latency_ms,94.950073
1779183238.920,/benchmark/latency_ms,94.279472
1779183239.010,/benchmark/latency_ms,96.003586
1779183239.099,/benchmark/latency_ms,95.019699
1779183239.191,/benchmark/latency_ms,94.461136
1779183239.303,/benchmark/latency_ms,96.518692
1779183239.389,/benchmark/latency_ms,99.074211
1779183239.480,/benchmark/latency_ms,96.958221
1779183239.582,/benchmark/latency_ms,98.966850
1779183239.675,/benchmark/latency_ms,99.078247
1779183239.882,/benchmark/latency_ms,106.954437
1779183239.961,/benchmark/latency_ms,98.806847
1779183240.056,/benchmark/latency_ms,100.294418
1779183240.144,/benchmark/latency_ms,93.896866
1779183240.243,/benchmark/latency_ms,98.853500
1779183240.328,/benchmark/latency_ms,87.253166
1779183240.432,/benchmark/latency_ms,100.813652
1779183240.530,/benchmark/latency_ms,97.842255
1779183240.623,/benchmark/latency_ms,98.397209
1779183240.713,/benchmark/latency_ms,95.049805
1779183240.802,/benchmark/latency_ms,92.485970
1779183240.908,/benchmark/latency_ms,100.605042
1779183241.000,/benchmark/latency_ms,98.216728
1779183241.090,/benchmark/latency_ms,97.423370
1779183241.184,/benchmark/latency_ms,92.691376
1779183241.280,/benchmark/latency_ms,94.103134
1779183241.358,/benchmark/latency_ms,72.764259
1779183241.460,/benchmark/latency_ms,74.376312
1779183241.545,/benchmark/latency_ms,75.114815
1779183241.640,/benchmark/latency_ms,74.569496
1779183241.731,/benchmark/latency_ms,74.442802
1779183241.831,/benchmark/latency_ms,74.296432
1779183241.924,/benchmark/latency_ms,75.380356
1779183242.023,/benchmark/latency_ms,75.528740
1779183242.117,/benchmark/latency_ms,77.715385
1779183242.214,/benchmark/latency_ms,78.387749
1779183242.316,/benchmark/latency_ms,83.104118
1779183242.405,/benchmark/latency_ms,78.655556
1779183242.497,/benchmark/latency_ms,78.948074
1779183242.595,/benchmark/latency_ms,80.305786
1779183242.688,/benchmark/latency_ms,78.597282
1779183242.780,/benchmark/latency_ms,77.539062
1779183242.878,/benchmark/latency_ms,78.071770
1779183242.973,/benchmark/latency_ms,78.765732
1779183243.076,/benchmark/latency_ms,79.345612
1779183243.161,/benchmark/latency_ms,78.603966
1779183243.257,/benchmark/latency_ms,78.468765
1779183243.354,/benchmark/latency_ms,78.835365
1779183243.448,/benchmark/latency_ms,79.922928
1779183243.542,/benchmark/latency_ms,78.157623
1779183243.651,/benchmark/latency_ms,79.960403
1779183243.732,/benchmark/latency_ms,79.016769
1779183243.826,/benchmark/latency_ms,79.231461
1779183243.923,/benchmark/latency_ms,79.421288
1779183244.015,/benchmark/latency_ms,77.800690
1779183244.108,/benchmark/latency_ms,78.683487
1779183244.203,/benchmark/latency_ms,78.581787
1779183244.302,/benchmark/latency_ms,77.897942
1779183244.395,/benchmark/latency_ms,78.438232
1779183244.493,/benchmark/latency_ms,80.327827
1779183244.595,/benchmark/latency_ms,84.214912
1779183244.693,/benchmark/latency_ms,78.147514
1779183244.774,/benchmark/latency_ms,79.410759
1779183244.869,/benchmark/latency_ms,79.121635
1779183244.966,/benchmark/latency_ms,78.942017
1779183245.074,/benchmark/latency_ms,78.739868
1779183245.156,/benchmark/latency_ms,79.451424
1779183245.249,/benchmark/latency_ms,78.299286
1779183245.345,/benchmark/latency_ms,78.362549
1779183245.437,/benchmark/latency_ms,78.209076
1779183245.537,/benchmark/latency_ms,78.833115
1779183245.629,/benchmark/latency_ms,78.516182
1779183245.724,/benchmark/latency_ms,77.751244
1779183245.817,/benchmark/latency_ms,76.928101
1779183245.913,/benchmark/latency_ms,78.496086
1779183246.009,/benchmark/latency_ms,78.640312
1779183246.097,/benchmark/latency_ms,77.528519
1779183246.210,/benchmark/latency_ms,78.642197
1779183246.293,/benchmark/latency_ms,77.783501
1779183246.389,/benchmark/latency_ms,79.386620
1779183246.483,/benchmark/latency_ms,79.991844
1779183246.580,/benchmark/latency_ms,80.304138
1779183246.675,/benchmark/latency_ms,78.675705
1779183246.769,/benchmark/latency_ms,80.143524
1779183246.968,/benchmark/latency_ms,87.097816
1779183247.057,/benchmark/latency_ms,79.526459
1779183247.145,/benchmark/latency_ms,79.396286
1779183247.242,/benchmark/latency_ms,79.648193
1779183247.344,/benchmark/latency_ms,82.950401
1779183247.450,/benchmark/latency_ms,81.835030
1779183247.531,/benchmark/latency_ms,81.407440
1779183247.632,/benchmark/latency_ms,78.466225
1779183247.725,/benchmark/latency_ms,83.914543
1779183247.815,/benchmark/latency_ms,83.089928
1779183247.912,/benchmark/latency_ms,82.770340
1779183248.003,/benchmark/latency_ms,79.055511
1779183248.099,/benchmark/latency_ms,78.756340
1779183248.189,/benchmark/latency_ms,78.834991
1779183248.291,/benchmark/latency_ms,80.584328
1779183248.389,/benchmark/latency_ms,82.845055
1779183248.479,/benchmark/latency_ms,81.363472
1779183248.575,/benchmark/latency_ms,82.129044
1779183248.671,/benchmark/latency_ms,82.282104
1779183248.767,/benchmark/latency_ms,82.368408
1779183248.860,/benchmark/latency_ms,82.776031
1779183248.954,/benchmark/latency_ms,82.295509
1779183249.053,/benchmark/latency_ms,83.014175
1779183249.142,/benchmark/latency_ms,81.876785
1779183249.241,/benchmark/latency_ms,82.261528
1779183249.335,/benchmark/latency_ms,82.006325
1779183249.432,/benchmark/latency_ms,81.705231
1779183249.523,/benchmark/latency_ms,81.598892
1779183249.622,/benchmark/latency_ms,82.532150
1779183249.715,/benchmark/latency_ms,83.080475
1779183249.809,/benchmark/latency_ms,83.818275
1779183249.908,/benchmark/latency_ms,77.774628
1779183249.996,/benchmark/latency_ms,79.190964
1779183250.092,/benchmark/latency_ms,79.859444
1779183250.184,/benchmark/latency_ms,79.031853
1779183250.278,/benchmark/latency_ms,79.183022
1779183250.375,/benchmark/latency_ms,81.059456
1779183250.466,/benchmark/latency_ms,78.965836
1779183250.564,/benchmark/latency_ms,79.559952
1779183250.658,/benchmark/latency_ms,78.708809
1779183250.754,/benchmark/latency_ms,78.590500
1779183250.847,/benchmark/latency_ms,78.339272
1779183250.944,/benchmark/latency_ms,78.567848
1779183251.037,/benchmark/latency_ms,78.662819
1779183251.134,/benchmark/latency_ms,78.999748
1779183251.227,/benchmark/latency_ms,80.203476
1779183251.325,/benchmark/latency_ms,81.046143
1779183251.418,/benchmark/latency_ms,79.671410
1779183251.514,/benchmark/latency_ms,81.401031
1779183251.606,/benchmark/latency_ms,79.855598
1779183251.701,/benchmark/latency_ms,80.487259
1779183251.901,/benchmark/latency_ms,87.506279
1779183252.000,/benchmark/latency_ms,79.985428
1779183252.086,/benchmark/latency_ms,82.443306
1779183252.180,/benchmark/latency_ms,83.538582
1779183252.275,/benchmark/latency_ms,82.385712
1779183252.372,/benchmark/latency_ms,82.445900
1779183252.480,/benchmark/latency_ms,83.721405
1779183252.562,/benchmark/latency_ms,84.154175
1779183252.659,/benchmark/latency_ms,83.058006
1779183252.752,/benchmark/latency_ms,82.843636
1779183252.857,/benchmark/latency_ms,82.826767
1779183252.942,/benchmark/latency_ms,82.838036
1779183253.036,/benchmark/latency_ms,82.265541
1779183253.133,/benchmark/latency_ms,82.681641
1779183253.225,/benchmark/latency_ms,81.853889
1779183253.320,/benchmark/latency_ms,82.062920
1779183253.416,/benchmark/latency_ms,82.288162
1779183253.509,/benchmark/latency_ms,81.967010
1779183253.605,/benchmark/latency_ms,82.048805
1779183253.697,/benchmark/latency_ms,82.734695
1779183253.810,/benchmark/latency_ms,82.278473
1779183253.885,/benchmark/latency_ms,81.893089
1779183253.985,/benchmark/latency_ms,81.961250
1779183254.085,/benchmark/latency_ms,82.780266
1779183254.171,/benchmark/latency_ms,82.637253
1779183254.267,/benchmark/latency_ms,82.049950
1779183254.364,/benchmark/latency_ms,82.398277
1779183254.461,/benchmark/latency_ms,82.683784
1779183254.552,/benchmark/latency_ms,82.572067
1779183254.647,/benchmark/latency_ms,82.353638
1779183254.745,/benchmark/latency_ms,82.173988
1779183254.836,/benchmark/latency_ms,82.440804
1779183254.932,/benchmark/latency_ms,83.073898
1779183255.030,/benchmark/latency_ms,83.360397
1779183255.125,/benchmark/latency_ms,83.918350
1779183255.217,/benchmark/latency_ms,84.342773
1779183255.305,/benchmark/latency_ms,77.146339
1779183255.403,/benchmark/latency_ms,79.942856
1779183255.500,/benchmark/latency_ms,82.847046
1779183255.595,/benchmark/latency_ms,82.511269
1779183255.692,/benchmark/latency_ms,82.435234
1779183255.800,/benchmark/latency_ms,82.152031
1779183255.881,/benchmark/latency_ms,84.346199
1779183255.977,/benchmark/latency_ms,82.646561
1779183256.072,/benchmark/latency_ms,82.722244
1779183256.168,/benchmark/latency_ms,82.318748
1779183256.259,/benchmark/latency_ms,82.397408
1779183256.356,/benchmark/latency_ms,82.361183
1779183256.451,/benchmark/latency_ms,82.286171
1779183256.555,/benchmark/latency_ms,82.745827
1779183256.642,/benchmark/latency_ms,82.878052
1779183256.733,/benchmark/latency_ms,82.288345
1779183256.830,/benchmark/latency_ms,82.902046
1779183256.924,/benchmark/latency_ms,83.356934
1779183257.020,/benchmark/latency_ms,82.630974
1779183257.116,/benchmark/latency_ms,82.614777
1779183257.207,/benchmark/latency_ms,81.775253
1779183257.308,/benchmark/latency_ms,84.417488
1779183257.402,/benchmark/latency_ms,84.673363
1779183257.498,/benchmark/latency_ms,84.304588
1779183257.590,/benchmark/latency_ms,84.105164
1779183257.686,/benchmark/latency_ms,84.697647
1779183257.784,/benchmark/latency_ms,84.844948
1779183257.874,/benchmark/latency_ms,84.457268
1779183257.970,/benchmark/latency_ms,84.886993
1779183258.068,/benchmark/latency_ms,87.267563
1779183258.164,/benchmark/latency_ms,85.151733
1779183258.256,/benchmark/latency_ms,84.803757
1779183258.353,/benchmark/latency_ms,87.393196
1779183258.448,/benchmark/latency_ms,86.820679
1779183258.539,/benchmark/latency_ms,85.692505
1779183258.633,/benchmark/latency_ms,86.070656
1779183258.731,/benchmark/latency_ms,85.240952
1779183258.827,/benchmark/latency_ms,85.332565
1779183258.920,/benchmark/latency_ms,84.960144
1779183259.014,/benchmark/latency_ms,84.781647
1779183259.113,/benchmark/latency_ms,86.053307
1779183259.202,/benchmark/latency_ms,85.020302
1779183259.298,/benchmark/latency_ms,85.266388
1779183259.394,/benchmark/latency_ms,84.665871
1779183259.492,/benchmark/latency_ms,85.270325
1779183259.594,/benchmark/latency_ms,82.021423
1779183259.676,/benchmark/latency_ms,82.593079
1779183259.779,/benchmark/latency_ms,78.774284
1779183259.859,/benchmark/latency_ms,79.807861
1779183259.961,/benchmark/latency_ms,83.547516
1779183260.058,/benchmark/latency_ms,84.673958
1779183260.152,/benchmark/latency_ms,82.403435
1779183260.244,/benchmark/latency_ms,83.190331
1779183260.345,/benchmark/latency_ms,86.278679
1779183260.439,/benchmark/latency_ms,84.015076
1779183260.533,/benchmark/latency_ms,83.315063
1779183260.625,/benchmark/latency_ms,83.624313
1779183260.720,/benchmark/latency_ms,83.264023
1779183260.818,/benchmark/latency_ms,84.735786
1779183260.909,/benchmark/latency_ms,83.461304
1779183261.004,/benchmark/latency_ms,83.393723
1779183261.113,/benchmark/latency_ms,83.235603
1779183261.196,/benchmark/latency_ms,81.298752
1779183261.291,/benchmark/latency_ms,77.690712
1779183261.384,/benchmark/latency_ms,82.153191
1779183261.479,/benchmark/latency_ms,81.826920
1779183261.571,/benchmark/latency_ms,82.155884
1779183261.661,/benchmark/latency_ms,78.523582
1779183261.873,/benchmark/latency_ms,84.668327
1779183262.005,/benchmark/latency_ms,140.108734
1779183262.124,/benchmark/latency_ms,158.643204
1779183262.218,/benchmark/latency_ms,157.050293
1779183262.308,/benchmark/latency_ms,154.963715
1779183262.400,/benchmark/latency_ms,150.692184
1779183262.488,/benchmark/latency_ms,146.344330
1779183262.584,/benchmark/latency_ms,140.742752
1779183262.672,/benchmark/latency_ms,139.631927
1779183262.757,/benchmark/latency_ms,132.651688
1779183262.852,/benchmark/latency_ms,128.170624
1779183262.954,/benchmark/latency_ms,123.583115
1779183263.033,/benchmark/latency_ms,119.953438
1779183263.124,/benchmark/latency_ms,117.131645
1779183263.215,/benchmark/latency_ms,112.974640
1779183263.408,/benchmark/latency_ms,113.149780
1779183263.500,/benchmark/latency_ms,110.733879
1779183263.591,/benchmark/latency_ms,110.086357
1779183263.681,/benchmark/latency_ms,103.510246
1779183263.776,/benchmark/latency_ms,102.813187
1779183263.871,/benchmark/latency_ms,104.077171
1779183263.978,/benchmark/latency_ms,102.993698
1779183264.054,/benchmark/latency_ms,97.111519
1779183264.146,/benchmark/latency_ms,95.297096
1779183264.247,/benchmark/latency_ms,98.366859
1779183264.334,/benchmark/latency_ms,93.413338
1779183264.425,/benchmark/latency_ms,78.569336
1779183264.527,/benchmark/latency_ms,96.725624
1779183264.615,/benchmark/latency_ms,89.727409
1779183264.717,/benchmark/latency_ms,96.365013
1779183264.809,/benchmark/latency_ms,91.781570
1779183264.904,/benchmark/latency_ms,94.783844
1779183265.007,/benchmark/latency_ms,94.249855
1779183265.096,/benchmark/latency_ms,95.741455
1779183265.190,/benchmark/latency_ms,96.000687
1779183265.383,/benchmark/latency_ms,97.916901
1779183265.479,/benchmark/latency_ms,99.052467
1779183265.572,/benchmark/latency_ms,96.948441
1779183265.663,/benchmark/latency_ms,96.191475
1779183265.761,/benchmark/latency_ms,97.434494
1779183265.852,/benchmark/latency_ms,95.048744
1779183265.941,/benchmark/latency_ms,93.731384
1779183266.043,/benchmark/latency_ms,96.062187
1779183266.150,/benchmark/latency_ms,95.719269
1779183266.239,/benchmark/latency_ms,96.175819
1779183266.328,/benchmark/latency_ms,98.837036
1779183266.422,/benchmark/latency_ms,93.521805
1779183266.529,/benchmark/latency_ms,95.633255
1779183266.602,/benchmark/latency_ms,86.680649
1779183266.703,/benchmark/latency_ms,93.978165
1779183266.800,/benchmark/latency_ms,96.863792
1779183266.895,/benchmark/latency_ms,94.335899
1779183266.989,/benchmark/latency_ms,95.448486
1779183267.084,/benchmark/latency_ms,96.376205
1779183267.179,/benchmark/latency_ms,96.052650
1779183267.276,/benchmark/latency_ms,97.179153
1779183267.368,/benchmark/latency_ms,94.049171
1779183267.476,/benchmark/latency_ms,93.673195
1779183267.560,/benchmark/latency_ms,94.765373
1779183267.663,/benchmark/latency_ms,94.068726
1779183267.747,/benchmark/latency_ms,94.787804
1779183267.844,/benchmark/latency_ms,93.844147
1779183267.935,/benchmark/latency_ms,92.909508
1779183268.016,/benchmark/latency_ms,78.057762
1779183268.131,/benchmark/latency_ms,96.183556
1779183268.214,/benchmark/latency_ms,83.301468
1779183268.316,/benchmark/latency_ms,95.606331
1779183268.414,/benchmark/latency_ms,95.405823
1779183268.508,/benchmark/latency_ms,94.787926
1779183268.599,/benchmark/latency_ms,92.769539
1779183268.697,/benchmark/latency_ms,94.995255
1779183268.794,/benchmark/latency_ms,96.293541
1779183268.888,/benchmark/latency_ms,94.381142
1779183268.984,/benchmark/latency_ms,96.368996
1779183269.079,/benchmark/latency_ms,95.069267
1779183269.174,/benchmark/latency_ms,94.700020
1779183269.281,/benchmark/latency_ms,95.263092
1779183269.360,/benchmark/latency_ms,94.042953
1779183269.466,/benchmark/latency_ms,100.873009
1779183269.558,/benchmark/latency_ms,97.142822
1779183269.650,/benchmark/latency_ms,95.011795
1779183269.857,/benchmark/latency_ms,111.612389
1779183269.958,/benchmark/latency_ms,107.284920
1779183270.038,/benchmark/latency_ms,95.567352
1779183270.121,/benchmark/latency_ms,94.774353
1779183270.215,/benchmark/latency_ms,89.915100
1779183270.316,/benchmark/latency_ms,99.055962
1779183270.412,/benchmark/latency_ms,97.264870
1779183270.503,/benchmark/latency_ms,94.446533
1779183270.602,/benchmark/latency_ms,99.176285
1779183270.692,/benchmark/latency_ms,97.548943
1779183270.785,/benchmark/latency_ms,94.670891
1779183270.893,/benchmark/latency_ms,93.896965
1779183270.989,/benchmark/latency_ms,99.463486
1779183271.067,/benchmark/latency_ms,92.497681
1779183271.265,/benchmark/latency_ms,96.659325
1779183271.355,/benchmark/latency_ms,95.523155
1779183271.448,/benchmark/latency_ms,92.530960
1779183271.548,/benchmark/latency_ms,95.538033
1779183271.627,/benchmark/latency_ms,84.564476
1779183271.734,/benchmark/latency_ms,96.281143
1779183271.820,/benchmark/latency_ms,85.165092
1779183271.925,/benchmark/latency_ms,94.515396
1779183272.015,/benchmark/latency_ms,93.440506
1779183272.130,/benchmark/latency_ms,96.999420
1779183272.212,/benchmark/latency_ms,97.913353
1779183272.307,/benchmark/latency_ms,97.765282
1779183272.395,/benchmark/latency_ms,93.755516
1779183272.508,/benchmark/latency_ms,96.333557
1779183272.591,/benchmark/latency_ms,96.499832
1779183272.692,/benchmark/latency_ms,95.283432
1779183272.778,/benchmark/latency_ms,95.902451
1779183272.851,/benchmark/latency_ms,73.249504
1779183272.945,/benchmark/latency_ms,74.415436
1779183273.047,/benchmark/latency_ms,76.502174
1779183273.140,/benchmark/latency_ms,75.059250
1779183273.236,/benchmark/latency_ms,75.251122
1779183273.328,/benchmark/latency_ms,76.280861
1779183273.428,/benchmark/latency_ms,79.039421
1779183273.522,/benchmark/latency_ms,77.977966
1779183273.634,/benchmark/latency_ms,80.900879
1779183273.713,/benchmark/latency_ms,81.414902
1779183273.814,/benchmark/latency_ms,81.647415
1779183273.906,/benchmark/latency_ms,81.348625
1779183274.001,/benchmark/latency_ms,81.833946
1779183274.107,/benchmark/latency_ms,82.682045
1779183274.191,/benchmark/latency_ms,82.658173
1779183274.290,/benchmark/latency_ms,82.901054
1779183274.380,/benchmark/latency_ms,82.490715
1779183274.480,/benchmark/latency_ms,82.302841
1779183274.572,/benchmark/latency_ms,82.216087
1779183274.662,/benchmark/latency_ms,80.923180
1779183274.760,/benchmark/latency_ms,82.568092
1779183274.855,/benchmark/latency_ms,81.829651
1779183274.953,/benchmark/latency_ms,81.929939
1779183275.044,/benchmark/latency_ms,82.492538
1779183275.142,/benchmark/latency_ms,82.421173
1779183275.238,/benchmark/latency_ms,82.613754
1779183275.328,/benchmark/latency_ms,81.925041
1779183275.424,/benchmark/latency_ms,82.753433
1779183275.519,/benchmark/latency_ms,82.815872
1779183275.618,/benchmark/latency_ms,82.984894
1779183275.711,/benchmark/latency_ms,85.267220
1779183275.807,/benchmark/latency_ms,84.922165
1779183275.913,/benchmark/latency_ms,84.110573
1779183275.986,/benchmark/latency_ms,77.715492
1779183276.084,/benchmark/latency_ms,78.920464
1779183276.179,/benchmark/latency_ms,79.472855
1779183276.273,/benchmark/latency_ms,78.706093
1779183276.364,/benchmark/latency_ms,77.919075
1779183276.466,/benchmark/latency_ms,79.221237
1779183276.561,/benchmark/latency_ms,80.612259
1779183276.650,/benchmark/latency_ms,80.951012
1779183276.751,/benchmark/latency_ms,83.948647
1779183276.839,/benchmark/latency_ms,78.194382
1779183276.938,/benchmark/latency_ms,79.917976
1779183277.042,/benchmark/latency_ms,78.809456
1779183277.127,/benchmark/latency_ms,80.154968
1779183277.226,/benchmark/latency_ms,80.481697
1779183277.319,/benchmark/latency_ms,79.745972
1779183277.414,/benchmark/latency_ms,80.325439
1779183277.512,/benchmark/latency_ms,81.728935
1779183277.609,/benchmark/latency_ms,81.988235
1779183277.698,/benchmark/latency_ms,81.706764
1779183277.796,/benchmark/latency_ms,82.274162
1779183277.892,/benchmark/latency_ms,82.498192
1779183277.987,/benchmark/latency_ms,81.476196
1779183278.082,/benchmark/latency_ms,82.960983
1779183278.176,/benchmark/latency_ms,81.884262
1779183278.272,/benchmark/latency_ms,82.906960
1779183278.364,/benchmark/latency_ms,82.102509
1779183278.459,/benchmark/latency_ms,81.541512
1779183278.555,/benchmark/latency_ms,82.548943
1779183278.650,/benchmark/latency_ms,83.412788
1779183278.744,/benchmark/latency_ms,84.041725
1779183278.843,/benchmark/latency_ms,84.497864
1779183278.940,/benchmark/latency_ms,84.546150
1779183279.031,/benchmark/latency_ms,84.465317
1779183279.125,/benchmark/latency_ms,83.828728
1779183279.219,/benchmark/latency_ms,84.004120
1779183279.317,/benchmark/latency_ms,84.350945
1779183279.407,/benchmark/latency_ms,82.656654
1779183279.504,/benchmark/latency_ms,83.849113
1779183279.599,/benchmark/latency_ms,83.701622
1779183279.692,/benchmark/latency_ms,84.868935
1779183279.789,/benchmark/latency_ms,84.644127
1779183279.883,/benchmark/latency_ms,83.402519
1779183279.982,/benchmark/latency_ms,83.158447
1779183280.178,/benchmark/latency_ms,92.026535
1779183280.266,/benchmark/latency_ms,82.316391
1779183280.356,/benchmark/latency_ms,82.386726
1779183280.451,/benchmark/latency_ms,81.045753
1779183280.547,/benchmark/latency_ms,81.426781
1779183280.641,/benchmark/latency_ms,81.572060
1779183280.734,/benchmark/latency_ms,80.824791
1779183280.830,/benchmark/latency_ms,81.151642
1779183280.928,/benchmark/latency_ms,81.509247
1779183281.017,/benchmark/latency_ms,82.207169
1779183281.116,/benchmark/latency_ms,82.410309
1779183281.211,/benchmark/latency_ms,82.084351
1779183281.302,/benchmark/latency_ms,77.893234
1779183281.393,/benchmark/latency_ms,78.817505
1779183281.496,/benchmark/latency_ms,81.531479
1779183281.588,/benchmark/latency_ms,79.364807
1779183281.677,/benchmark/latency_ms,78.561310
1779183281.776,/benchmark/latency_ms,79.502823
1779183281.878,/benchmark/latency_ms,85.366020
1779183281.968,/benchmark/latency_ms,80.465172
1779183282.060,/benchmark/latency_ms,80.562477
1779183282.162,/benchmark/latency_ms,84.081841
1779183282.268,/benchmark/latency_ms,83.498856
1779183282.353,/benchmark/latency_ms,83.791916
1779183282.450,/benchmark/latency_ms,76.879524
1779183282.532,/benchmark/latency_ms,78.523804
1779183282.633,/benchmark/latency_ms,79.470016
1779183282.723,/benchmark/latency_ms,78.636955
1779183282.825,/benchmark/latency_ms,81.193268
1779183282.918,/benchmark/latency_ms,80.148071
1779183283.016,/benchmark/latency_ms,82.933701
1779183283.107,/benchmark/latency_ms,82.157341
1779183283.204,/benchmark/latency_ms,82.562912
1779183283.301,/benchmark/latency_ms,83.951851
1779183283.389,/benchmark/latency_ms,80.341675
1779183283.491,/benchmark/latency_ms,83.761993
1779183283.587,/benchmark/latency_ms,82.328445
1779183283.680,/benchmark/latency_ms,82.134842
1779183283.771,/benchmark/latency_ms,81.772659
1779183283.866,/benchmark/latency_ms,80.846092
1779183283.965,/benchmark/latency_ms,81.390038
1779183284.054,/benchmark/latency_ms,81.009163
1779183284.151,/benchmark/latency_ms,81.713615
1779183284.262,/benchmark/latency_ms,83.999176
1779183284.344,/benchmark/latency_ms,82.512825
1779183284.435,/benchmark/latency_ms,82.595001
1779183284.536,/benchmark/latency_ms,86.710503
1779183284.625,/benchmark/latency_ms,81.313293
1779183284.719,/benchmark/latency_ms,81.538673
1779183284.828,/benchmark/latency_ms,81.418640
1779183284.909,/benchmark/latency_ms,80.646950
1779183285.007,/benchmark/latency_ms,80.987785
1779183285.100,/benchmark/latency_ms,80.847076
1779183285.195,/benchmark/latency_ms,81.565483
1779183285.290,/benchmark/latency_ms,81.774765
1779183285.387,/benchmark/latency_ms,86.201500
1779183285.489,/benchmark/latency_ms,89.557404
1779183285.580,/benchmark/latency_ms,84.502411
1779183285.674,/benchmark/latency_ms,83.871361
1779183285.868,/benchmark/latency_ms,89.571259
1779183286.059,/benchmark/latency_ms,92.391418
1779183286.147,/benchmark/latency_ms,85.553009
1779183286.245,/benchmark/latency_ms,86.915901
1779183286.336,/benchmark/latency_ms,81.825966
1779183286.428,/benchmark/latency_ms,83.523872
1779183286.521,/benchmark/latency_ms,81.751785
1779183286.628,/benchmark/latency_ms,82.454262
1779183286.718,/benchmark/latency_ms,86.883354
1779183286.808,/benchmark/latency_ms,84.863724
1779183286.905,/benchmark/latency_ms,85.237297
1779183287.004,/benchmark/latency_ms,86.527199
1779183287.099,/benchmark/latency_ms,86.734009
1779183287.190,/benchmark/latency_ms,84.266052
1779183287.288,/benchmark/latency_ms,86.052017
1779183287.389,/benchmark/latency_ms,90.509567
1779183287.479,/benchmark/latency_ms,86.873116
1779183287.567,/benchmark/latency_ms,84.627144
1779183287.667,/benchmark/latency_ms,86.038033
1779183287.764,/benchmark/latency_ms,86.213234
1779183287.854,/benchmark/latency_ms,84.283455
1779183287.952,/benchmark/latency_ms,84.420097
1779183288.051,/benchmark/latency_ms,88.561768
1779183288.143,/benchmark/latency_ms,86.231407
1779183288.236,/benchmark/latency_ms,86.709717
1779183288.333,/benchmark/latency_ms,86.910423
1779183288.424,/benchmark/latency_ms,86.204910
1779183288.519,/benchmark/latency_ms,85.321289
1779183288.616,/benchmark/latency_ms,84.494530
1779183288.711,/benchmark/latency_ms,84.602463
1779183288.803,/benchmark/latency_ms,84.835236
1779183288.897,/benchmark/latency_ms,84.620674
1779183288.995,/benchmark/latency_ms,84.763298
1779183289.082,/benchmark/latency_ms,81.148796
1779183289.177,/benchmark/latency_ms,81.624352
1779183289.279,/benchmark/latency_ms,84.445534
1779183289.374,/benchmark/latency_ms,83.866386
1779183289.461,/benchmark/latency_ms,79.274025
1779183289.555,/benchmark/latency_ms,80.055634
1779183289.652,/benchmark/latency_ms,81.683456
1779183289.743,/benchmark/latency_ms,80.448433
1779183289.843,/benchmark/latency_ms,83.288269
1779183289.938,/benchmark/latency_ms,81.568382
1779183290.035,/benchmark/latency_ms,83.656021
1779183290.122,/benchmark/latency_ms,79.358505
1779183290.222,/benchmark/latency_ms,81.647003
1779183290.317,/benchmark/latency_ms,81.598717
1779183290.419,/benchmark/latency_ms,85.614563
1779183290.524,/benchmark/latency_ms,87.339218
1779183290.609,/benchmark/latency_ms,86.807823
1779183290.704,/benchmark/latency_ms,84.711639
1779183290.794,/benchmark/latency_ms,84.342644
1779183290.892,/benchmark/latency_ms,84.816093
1779183290.987,/benchmark/latency_ms,85.091362
1779183291.080,/benchmark/latency_ms,82.168159
1779183291.172,/benchmark/latency_ms,82.342209
1779183291.264,/benchmark/latency_ms,79.464455
1779183291.460,/benchmark/latency_ms,84.328758
1779183291.547,/benchmark/latency_ms,78.427544
1779183291.643,/benchmark/latency_ms,78.303612
1779183291.740,/benchmark/latency_ms,80.898674
1779183291.831,/benchmark/latency_ms,78.552025
1779183291.928,/benchmark/latency_ms,80.848145
1779183292.083,/benchmark/latency_ms,134.813782
1779183292.174,/benchmark/latency_ms,135.619553
1779183112.589,/node/cpu_percent,26.903553
1779183113.089,/node/cpu_percent,15.989848
1779183113.589,/node/cpu_percent,17.346939
1779183114.089,/node/cpu_percent,20.759493
1779183114.589,/node/cpu_percent,20.204603
1779183115.089,/node/cpu_percent,19.796955
1779183115.591,/node/cpu_percent,21.173470
1779183116.089,/node/cpu_percent,21.356785
1779183116.589,/node/cpu_percent,20.204603
1779183117.089,/node/cpu_percent,21.065990
1779183117.589,/node/cpu_percent,21.464647
1779183118.090,/node/cpu_percent,21.969696
1779183118.589,/node/cpu_percent,18.781727
1779183119.091,/node/cpu_percent,22.278481
1779183119.589,/node/cpu_percent,19.493671
1779183120.089,/node/cpu_percent,23.366835
1779183120.589,/node/cpu_percent,20.506329
1779183121.089,/node/cpu_percent,23.737373
1779183121.590,/node/cpu_percent,31.043257
1779183122.090,/node/cpu_percent,33.673470
1779183122.590,/node/cpu_percent,20.050762
1779183123.090,/node/cpu_percent,15.776081
1779183123.590,/node/cpu_percent,16.581633
1779183124.089,/node/cpu_percent,17.258883
1779183124.590,/node/cpu_percent,15.206185
1779183125.090,/node/cpu_percent,19.493671
1779183125.589,/node/cpu_percent,19.095478
1779183126.089,/node/cpu_percent,18.905472
1779183126.590,/node/cpu_percent,18.158567
1779183127.092,/node/cpu_percent,19.647356
1779183127.590,/node/cpu_percent,18.274111
1779183128.089,/node/cpu_percent,18.575064
1779183128.591,/node/cpu_percent,18.387909
1779183129.091,/node/cpu_percent,19.700748
1779183129.589,/node/cpu_percent,17.884130
1779183130.089,/node/cpu_percent,17.525774
1779183130.589,/node/cpu_percent,18.461538
1779183131.089,/node/cpu_percent,16.919191
1779183131.591,/node/cpu_percent,29.219143
1779183132.089,/node/cpu_percent,27.848101
1779183132.589,/node/cpu_percent,18.686869
1779183133.089,/node/cpu_percent,14.910026
1779183133.590,/node/cpu_percent,15.601023
1779183134.089,/node/cpu_percent,17.135550
1779183134.590,/node/cpu_percent,17.424242
1779183135.092,/node/cpu_percent,18.527918
1779183135.591,/node/cpu_percent,17.258883
1779183136.090,/node/cpu_percent,16.202532
1779183136.590,/node/cpu_percent,17.346939
1779183137.090,/node/cpu_percent,17.179487
1779183137.591,/node/cpu_percent,16.709511
1779183138.091,/node/cpu_percent,16.666666
1779183138.590,/node/cpu_percent,16.876574
1779183139.092,/node/cpu_percent,16.836735
1779183139.592,/node/cpu_percent,15.829145
1779183140.089,/node/cpu_percent,20.454546
1779183140.590,/node/cpu_percent,17.128464
1779183141.089,/node/cpu_percent,15.617128
1779183141.590,/node/cpu_percent,33.500000
1779183142.090,/node/cpu_percent,37.626263
1779183142.590,/node/cpu_percent,27.000000
1779183143.089,/node/cpu_percent,19.083969
1779183143.590,/node/cpu_percent,15.696202
1779183144.089,/node/cpu_percent,21.683674
1779183144.590,/node/cpu_percent,20.408163
1779183145.089,/node/cpu_percent,20.460358
1779183145.589,/node/cpu_percent,21.158689
1779183146.089,/node/cpu_percent,20.707071
1779183146.590,/node/cpu_percent,22.921915
1779183147.089,/node/cpu_percent,21.212122
1779183147.589,/node/cpu_percent,22.222221
1779183148.089,/node/cpu_percent,19.338423
1779183148.589,/node/cpu_percent,22.942644
1779183149.089,/node/cpu_percent,23.690773
1779183149.590,/node/cpu_percent,21.303259
1779183150.089,/node/cpu_percent,22.556391
1779183150.589,/node/cpu_percent,22.413794
1779183151.090,/node/cpu_percent,25.814537
1779183151.587,/node/cpu_percent,33.750000
1779183152.088,/node/cpu_percent,30.500000
1779183152.589,/node/cpu_percent,25.304136
1779183153.088,/node/cpu_percent,21.234568
1779183153.588,/node/cpu_percent,17.530865
1779183154.088,/node/cpu_percent,21.515892
1779183154.588,/node/cpu_percent,21.339951
1779183155.088,/node/cpu_percent,20.638821
1779183155.588,/node/cpu_percent,20.393120
1779183156.087,/node/cpu_percent,20.689655
1779183156.588,/node/cpu_percent,20.895523
1779183157.087,/node/cpu_percent,19.801981
1779183157.587,/node/cpu_percent,18.796993
1779183158.089,/node/cpu_percent,18.844221
1779183158.588,/node/cpu_percent,20.537897
1779183159.086,/node/cpu_percent,24.494949
1779183159.587,/node/cpu_percent,21.227621
1779183160.087,/node/cpu_percent,18.717949
1779183160.587,/node/cpu_percent,23.544304
1779183161.087,/node/cpu_percent,19.849247
1779183161.587,/node/cpu_percent,31.043257
1779183162.088,/node/cpu_percent,29.081633
1779183162.587,/node/cpu_percent,17.480721
1779183163.087,/node/cpu_percent,16.836735
1779183163.587,/node/cpu_percent,17.010309
1779183164.087,/node/cpu_percent,18.227848
1779183164.587,/node/cpu_percent,17.766497
1779183165.086,/node/cpu_percent,18.527918
1779183165.588,/node/cpu_percent,18.434343
1779183166.086,/node/cpu_percent,17.135550
1779183166.587,/node/cpu_percent,17.766497
1779183167.086,/node/cpu_percent,18.939394
1779183167.587,/node/cpu_percent,18.686869
1779183168.086,/node/cpu_percent,19.240507
1779183168.586,/node/cpu_percent,15.938303
1779183169.086,/node/cpu_percent,17.268042
1779183169.586,/node/cpu_percent,17.647058
1779183170.086,/node/cpu_percent,17.929293
1779183170.587,/node/cpu_percent,16.071428
1779183171.087,/node/cpu_percent,18.414322
1779183171.586,/node/cpu_percent,29.396984
1779183172.087,/node/cpu_percent,36.111111
1779183172.586,/node/cpu_percent,27.568922
1779183173.085,/node/cpu_percent,23.573200
1779183173.585,/node/cpu_percent,15.538847
1779183174.085,/node/cpu_percent,20.448877
1779183174.586,/node/cpu_percent,21.914358
1779183175.084,/node/cpu_percent,20.959597
1779183175.585,/node/cpu_percent,21.446384
1779183176.086,/node/cpu_percent,22.524752
1779183176.585,/node/cpu_percent,23.383085
1779183177.085,/node/cpu_percent,22.443890
1779183177.584,/node/cpu_percent,21.588089
1779183178.085,/node/cpu_percent,23.573200
1779183178.584,/node/cpu_percent,22.524752
1779183179.084,/node/cpu_percent,23.134329
1779183179.585,/node/cpu_percent,23.152710
1779183180.089,/node/cpu_percent,25.495050
1779183180.584,/node/cpu_percent,21.836227
1779183181.084,/node/cpu_percent,24.754902
1779183181.584,/node/cpu_percent,36.069653
1779183182.084,/node/cpu_percent,30.099503
1779183182.584,/node/cpu_percent,26.666666
1779183183.084,/node/cpu_percent,22.682926
1779183183.585,/node/cpu_percent,20.935961
1779183184.084,/node/cpu_percent,24.939466
1779183184.584,/node/cpu_percent,18.781727
1779183185.085,/node/cpu_percent,17.135550
1779183185.583,/node/cpu_percent,13.659794
1779183186.083,/node/cpu_percent,14.987081
1779183186.584,/node/cpu_percent,16.793894
1779183187.084,/node/cpu_percent,15.503876
1779183187.584,/node/cpu_percent,15.625000
1779183188.084,/node/cpu_percent,15.989848
1779183188.583,/node/cpu_percent,16.410257
1779183189.084,/node/cpu_percent,15.721649
1779183189.585,/node/cpu_percent,14.360313
1779183190.083,/node/cpu_percent,15.584415
1779183190.584,/node/cpu_percent,17.391304
1779183191.087,/node/cpu_percent,15.641026
1779183191.583,/node/cpu_percent,31.457800
1779183192.083,/node/cpu_percent,28.354431
1779183192.583,/node/cpu_percent,16.494844
1779183193.084,/node/cpu_percent,17.268042
1779183193.583,/node/cpu_percent,17.994858
1779183194.083,/node/cpu_percent,15.938303
1779183194.583,/node/cpu_percent,15.601023
1779183195.083,/node/cpu_percent,17.557251
1779183195.582,/node/cpu_percent,16.666666
1779183196.082,/node/cpu_percent,16.452442
1779183196.582,/node/cpu_percent,15.696202
1779183197.082,/node/cpu_percent,19.900497
1779183197.582,/node/cpu_percent,17.206982
1779183198.082,/node/cpu_percent,19.410320
1779183198.582,/node/cpu_percent,19.559902
1779183199.082,/node/cpu_percent,19.106699
1779183199.585,/node/cpu_percent,19.059406
1779183200.082,/node/cpu_percent,19.849247
1779183200.581,/node/cpu_percent,18.453865
1779183201.082,/node/cpu_percent,19.651741
1779183201.582,/node/cpu_percent,29.950495
1779183202.081,/node/cpu_percent,33.498760
1779183202.581,/node/cpu_percent,28.784119
1779183203.082,/node/cpu_percent,23.134329
1779183203.581,/node/cpu_percent,16.209476
1779183204.081,/node/cpu_percent,21.782179
1779183204.581,/node/cpu_percent,22.332506
1779183205.081,/node/cpu_percent,23.209877
1779183205.581,/node/cpu_percent,21.588089
1779183206.081,/node/cpu_percent,23.645321
1779183206.581,/node/cpu_percent,22.358723
1779183207.081,/node/cpu_percent,23.456791
1779183207.581,/node/cpu_percent,21.078432
1779183208.081,/node/cpu_percent,22.305765
1779183208.580,/node/cpu_percent,22.636816
1779183209.082,/node/cpu_percent,21.641790
1779183209.580,/node/cpu_percent,23.728813
1779183210.080,/node/cpu_percent,21.772152
1779183210.580,/node/cpu_percent,19.240507
1779183211.080,/node/cpu_percent,19.181585
1779183211.580,/node/cpu_percent,33.418365
1779183212.080,/node/cpu_percent,28.423773
1779183212.580,/node/cpu_percent,13.730570
1779183213.079,/node/cpu_percent,15.681234
1779183213.581,/node/cpu_percent,16.494844
1779183214.083,/node/cpu_percent,18.556702
1779183214.581,/node/cpu_percent,15.736041
1779183215.079,/node/cpu_percent,16.537468
1779183215.581,/node/cpu_percent,16.195374
1779183216.081,/node/cpu_percent,15.206185
1779183216.578,/node/cpu_percent,14.062500
1779183217.084,/node/cpu_percent,16.452442
1779183217.582,/node/cpu_percent,20.698254
1779183218.079,/node/cpu_percent,16.497461
1779183218.579,/node/cpu_percent,15.424165
1779183219.079,/node/cpu_percent,17.676767
1779183219.579,/node/cpu_percent,26.262627
1779183220.079,/node/cpu_percent,18.686869
1779183220.578,/node/cpu_percent,16.539440
1779183221.077,/node/cpu_percent,21.173470
1779183221.579,/node/cpu_percent,30.964466
1779183222.079,/node/cpu_percent,28.030304
1779183222.582,/node/cpu_percent,19.012346
1779183223.080,/node/cpu_percent,19.651741
1779183223.579,/node/cpu_percent,19.750000
1779183224.081,/node/cpu_percent,19.306931
1779183224.580,/node/cpu_percent,19.354839
1779183225.079,/node/cpu_percent,19.602978
1779183225.578,/node/cpu_percent,18.610422
1779183226.079,/node/cpu_percent,18.362284
1779183226.579,/node/cpu_percent,17.530865
1779183227.078,/node/cpu_percent,19.059406
1779183227.577,/node/cpu_percent,16.750000
1779183228.080,/node/cpu_percent,19.211823
1779183228.578,/node/cpu_percent,18.734793
1779183229.078,/node/cpu_percent,17.980295
1779183229.579,/node/cpu_percent,20.388350
1779183230.078,/node/cpu_percent,19.012346
1779183230.580,/node/cpu_percent,20.588236
1779183231.078,/node/cpu_percent,15.880894
1779183231.577,/node/cpu_percent,33.740829
1779183232.077,/node/cpu_percent,37.128712
1779183232.578,/node/cpu_percent,29.104477
1779183233.077,/node/cpu_percent,26.600985
1779183233.577,/node/cpu_percent,17.037037
1779183234.077,/node/cpu_percent,22.113022
1779183234.577,/node/cpu_percent,22.828785
1779183235.077,/node/cpu_percent,22.627737
1779183235.577,/node/cpu_percent,25.665859
1779183236.077,/node/cpu_percent,19.537275
1779183236.577,/node/cpu_percent,22.025316
1779183237.076,/node/cpu_percent,18.434343
1779183237.576,/node/cpu_percent,20.716112
1779183238.079,/node/cpu_percent,18.781727
1779183238.577,/node/cpu_percent,21.859297
1779183239.076,/node/cpu_percent,18.781727
1779183239.576,/node/cpu_percent,21.573605
1779183240.076,/node/cpu_percent,20.153061
1779183240.577,/node/cpu_percent,22.727272
1779183241.076,/node/cpu_percent,21.573605
1779183241.576,/node/cpu_percent,31.007751
1779183242.076,/node/cpu_percent,29.081633
1779183242.577,/node/cpu_percent,20.308483
1779183243.076,/node/cpu_percent,16.708860
1779183243.576,/node/cpu_percent,17.512690
1779183244.078,/node/cpu_percent,15.856777
1779183244.576,/node/cpu_percent,16.539440
1779183245.078,/node/cpu_percent,18.341709
1779183245.576,/node/cpu_percent,18.781727
1779183246.075,/node/cpu_percent,16.112532
1779183246.575,/node/cpu_percent,17.705736
1779183247.075,/node/cpu_percent,16.000000
1779183247.575,/node/cpu_percent,17.721519
1779183248.076,/node/cpu_percent,18.045113
1779183248.578,/node/cpu_percent,18.295740
1779183249.075,/node/cpu_percent,16.923077
1779183249.576,/node/cpu_percent,18.575064
1779183250.075,/node/cpu_percent,19.095478
1779183250.575,/node/cpu_percent,20.098040
1779183251.076,/node/cpu_percent,19.801981
1779183251.575,/node/cpu_percent,30.576441
1779183252.075,/node/cpu_percent,27.819550
1779183252.577,/node/cpu_percent,18.703241
1779183253.075,/node/cpu_percent,19.700748
1779183253.574,/node/cpu_percent,18.750000
1779183254.074,/node/cpu_percent,17.766497
1779183254.574,/node/cpu_percent,19.500000
1779183255.075,/node/cpu_percent,19.047619
1779183255.575,/node/cpu_percent,19.402985
1779183256.074,/node/cpu_percent,18.656717
1779183256.575,/node/cpu_percent,19.143578
1779183257.075,/node/cpu_percent,19.900497
1779183257.575,/node/cpu_percent,19.900497
1779183258.074,/node/cpu_percent,20.493828
1779183258.575,/node/cpu_percent,18.527918
1779183259.075,/node/cpu_percent,19.000000
1779183259.574,/node/cpu_percent,18.387909
1779183260.075,/node/cpu_percent,21.867321
1779183260.577,/node/cpu_percent,19.250000
1779183261.074,/node/cpu_percent,19.095478
1779183261.575,/node/cpu_percent,32.250000
1779183262.075,/node/cpu_percent,31.513647
1779183262.577,/node/cpu_percent,28.070175
1779183263.074,/node/cpu_percent,28.428928
1779183263.576,/node/cpu_percent,16.080402
1779183264.074,/node/cpu_percent,19.095478
1779183264.575,/node/cpu_percent,19.899244
1779183265.075,/node/cpu_percent,22.556391
1779183265.574,/node/cpu_percent,20.610687
1779183266.075,/node/cpu_percent,21.356785
1779183266.575,/node/cpu_percent,21.052631
1779183267.073,/node/cpu_percent,22.194513
1779183267.575,/node/cpu_percent,20.253164
1779183268.075,/node/cpu_percent,21.464647
1779183268.574,/node/cpu_percent,20.448877
1779183269.075,/node/cpu_percent,22.305765
1779183269.574,/node/cpu_percent,20.551378
1779183270.076,/node/cpu_percent,21.303259
1779183270.575,/node/cpu_percent,20.895523
1779183271.074,/node/cpu_percent,24.371859
1779183271.576,/node/cpu_percent,32.663315
1779183272.075,/node/cpu_percent,33.746899
1779183272.575,/node/cpu_percent,20.947632
1779183273.074,/node/cpu_percent,20.149254
1779183273.574,/node/cpu_percent,22.084368
1779183274.075,/node/cpu_percent,22.000000
1779183274.575,/node/cpu_percent,20.246914
1779183275.075,/node/cpu_percent,18.181818
1779183275.574,/node/cpu_percent,19.500000
1779183276.074,/node/cpu_percent,18.564356
1779183276.575,/node/cpu_percent,20.487804
1779183277.075,/node/cpu_percent,21.116505
1779183277.575,/node/cpu_percent,19.851116
1779183278.074,/node/cpu_percent,19.000000
1779183278.575,/node/cpu_percent,20.199501
1779183279.076,/node/cpu_percent,20.050125
1779183279.574,/node/cpu_percent,28.780487
1779183280.075,/node/cpu_percent,21.265823
1779183280.575,/node/cpu_percent,19.950125
1779183281.075,/node/cpu_percent,23.558897
1779183281.575,/node/cpu_percent,31.761787
1779183282.075,/node/cpu_percent,31.527094
1779183282.575,/node/cpu_percent,18.407961
1779183283.075,/node/cpu_percent,18.765432
1779183283.575,/node/cpu_percent,20.197044
1779183284.075,/node/cpu_percent,19.801981
1779183284.575,/node/cpu_percent,18.387909
1779183285.075,/node/cpu_percent,20.343138
1779183285.581,/node/cpu_percent,20.347395
1779183286.075,/node/cpu_percent,17.936117
1779183286.575,/node/cpu_percent,20.099257
1779183287.075,/node/cpu_percent,20.493828
1779183287.573,/node/cpu_percent,21.078432
1779183288.073,/node/cpu_percent,20.500000
1779183288.576,/node/cpu_percent,20.638821
1779183289.075,/node/cpu_percent,19.801981
1779183289.575,/node/cpu_percent,20.731707
1779183290.074,/node/cpu_percent,21.791767
1779183290.575,/node/cpu_percent,20.243902
1779183291.074,/node/cpu_percent,20.000000
1779183291.575,/node/cpu_percent,31.617647
1779183292.076,/node/cpu_percent,30.922693
1779183112.591,/node/gpu_percent,99.800003
1779183113.091,/node/gpu_percent,99.599998
1779183113.592,/node/gpu_percent,98.800003
1779183114.091,/node/gpu_percent,99.400002
1779183114.592,/node/gpu_percent,99.400002
1779183115.092,/node/gpu_percent,99.199997
1779183115.592,/node/gpu_percent,99.400002
1779183116.092,/node/gpu_percent,99.500000
1779183116.593,/node/gpu_percent,99.400002
1779183117.093,/node/gpu_percent,99.300003
1779183117.593,/node/gpu_percent,79.800003
1779183118.093,/node/gpu_percent,99.300003
1779183118.591,/node/gpu_percent,99.400002
1779183119.093,/node/gpu_percent,98.800003
1779183119.592,/node/gpu_percent,98.800003
1779183120.091,/node/gpu_percent,99.000000
1779183120.592,/node/gpu_percent,99.400002
1779183121.094,/node/gpu_percent,0.800000
1779183121.591,/node/gpu_percent,58.099998
1779183122.091,/node/gpu_percent,52.200001
1779183122.593,/node/gpu_percent,0.000000
1779183123.094,/node/gpu_percent,0.000000
1779183123.591,/node/gpu_percent,49.099998
1779183124.092,/node/gpu_percent,0.000000
1779183124.594,/node/gpu_percent,0.000000
1779183125.093,/node/gpu_percent,0.000000
1779183125.592,/node/gpu_percent,11.900000
1779183126.092,/node/gpu_percent,0.000000
1779183126.592,/node/gpu_percent,0.000000
1779183127.092,/node/gpu_percent,0.000000
1779183127.591,/node/gpu_percent,41.599998
1779183128.091,/node/gpu_percent,0.000000
1779183128.594,/node/gpu_percent,0.000000
1779183129.094,/node/gpu_percent,87.500000
1779183129.594,/node/gpu_percent,13.100000
1779183130.092,/node/gpu_percent,0.000000
1779183130.591,/node/gpu_percent,0.000000
1779183131.092,/node/gpu_percent,89.199997
1779183131.592,/node/gpu_percent,0.000000
1779183132.092,/node/gpu_percent,0.000000
1779183132.592,/node/gpu_percent,37.500000
1779183133.092,/node/gpu_percent,66.300003
1779183133.597,/node/gpu_percent,0.000000
1779183134.093,/node/gpu_percent,0.000000
1779183134.593,/node/gpu_percent,27.100000
1779183135.093,/node/gpu_percent,5.100000
1779183135.592,/node/gpu_percent,0.000000
1779183136.094,/node/gpu_percent,0.000000
1779183136.593,/node/gpu_percent,29.299999
1779183137.093,/node/gpu_percent,2.900000
1779183137.591,/node/gpu_percent,0.000000
1779183138.091,/node/gpu_percent,5.600000
1779183138.593,/node/gpu_percent,41.000000
1779183139.092,/node/gpu_percent,0.000000
1779183139.593,/node/gpu_percent,0.000000
1779183140.091,/node/gpu_percent,93.599998
1779183140.592,/node/gpu_percent,22.200001
1779183141.092,/node/gpu_percent,0.000000
1779183141.594,/node/gpu_percent,88.099998
1779183142.092,/node/gpu_percent,99.800003
1779183142.593,/node/gpu_percent,99.300003
1779183143.093,/node/gpu_percent,99.199997
1779183143.592,/node/gpu_percent,99.599998
1779183144.092,/node/gpu_percent,99.400002
1779183144.593,/node/gpu_percent,99.500000
1779183145.092,/node/gpu_percent,99.400002
1779183145.592,/node/gpu_percent,99.000000
1779183146.091,/node/gpu_percent,80.800003
1779183146.592,/node/gpu_percent,99.400002
1779183147.093,/node/gpu_percent,99.400002
1779183147.591,/node/gpu_percent,98.800003
1779183148.092,/node/gpu_percent,99.300003
1779183148.592,/node/gpu_percent,99.400002
1779183149.095,/node/gpu_percent,99.400002
1779183149.591,/node/gpu_percent,99.400002
1779183150.093,/node/gpu_percent,99.400002
1779183150.592,/node/gpu_percent,99.300003
1779183151.092,/node/gpu_percent,99.400002
1779183151.591,/node/gpu_percent,99.500000
1779183152.093,/node/gpu_percent,0.000000
1779183152.592,/node/gpu_percent,0.000000
1779183153.090,/node/gpu_percent,47.599998
1779183153.592,/node/gpu_percent,0.000000
1779183154.091,/node/gpu_percent,0.000000
1779183154.590,/node/gpu_percent,0.000000
1779183155.091,/node/gpu_percent,73.500000
1779183155.590,/node/gpu_percent,0.000000
1779183156.089,/node/gpu_percent,0.000000
1779183156.592,/node/gpu_percent,0.000000
1779183157.088,/node/gpu_percent,66.400002
1779183157.589,/node/gpu_percent,0.000000
1779183158.090,/node/gpu_percent,0.000000
1779183158.592,/node/gpu_percent,13.300000
1779183159.087,/node/gpu_percent,22.600000
1779183159.590,/node/gpu_percent,0.000000
1779183160.089,/node/gpu_percent,0.000000
1779183160.589,/node/gpu_percent,28.400000
1779183161.089,/node/gpu_percent,48.400002
1779183161.590,/node/gpu_percent,0.000000
1779183162.090,/node/gpu_percent,0.000000
1779183162.589,/node/gpu_percent,95.500000
1779183163.090,/node/gpu_percent,0.000000
1779183163.590,/node/gpu_percent,0.000000
1779183164.091,/node/gpu_percent,12.900000
1779183164.592,/node/gpu_percent,91.800003
1779183165.090,/node/gpu_percent,0.000000
1779183165.588,/node/gpu_percent,0.000000
1779183166.089,/node/gpu_percent,17.799999
1779183166.590,/node/gpu_percent,2.100000
1779183167.088,/node/gpu_percent,0.000000
1779183167.590,/node/gpu_percent,0.000000
1779183168.089,/node/gpu_percent,49.000000
1779183168.588,/node/gpu_percent,0.000000
1779183169.088,/node/gpu_percent,0.000000
1779183169.588,/node/gpu_percent,0.000000
1779183170.089,/node/gpu_percent,33.599998
1779183170.587,/node/gpu_percent,0.000000
1779183171.087,/node/gpu_percent,0.000000
1779183171.588,/node/gpu_percent,55.400002
1779183172.090,/node/gpu_percent,99.699997
1779183172.588,/node/gpu_percent,99.599998
1779183173.088,/node/gpu_percent,99.699997
1779183173.588,/node/gpu_percent,99.099998
1779183174.088,/node/gpu_percent,99.300003
1779183174.586,/node/gpu_percent,99.199997
1779183175.087,/node/gpu_percent,99.400002
1779183175.589,/node/gpu_percent,99.400002
1779183176.089,/node/gpu_percent,98.699997
1779183176.591,/node/gpu_percent,99.400002
1779183177.087,/node/gpu_percent,99.400002
1779183177.587,/node/gpu_percent,78.900002
1779183178.086,/node/gpu_percent,98.900002
1779183178.587,/node/gpu_percent,99.199997
1779183179.086,/node/gpu_percent,99.400002
1779183179.586,/node/gpu_percent,99.400002
1779183180.090,/node/gpu_percent,99.400002
1779183180.586,/node/gpu_percent,99.400002
1779183181.086,/node/gpu_percent,99.400002
1779183181.587,/node/gpu_percent,99.300003
1779183182.087,/node/gpu_percent,99.400002
1779183182.589,/node/gpu_percent,99.199997
1779183183.087,/node/gpu_percent,99.400002
1779183183.586,/node/gpu_percent,0.000000
1779183184.086,/node/gpu_percent,0.000000
1779183184.587,/node/gpu_percent,8.200000
1779183185.086,/node/gpu_percent,0.000000
1779183185.586,/node/gpu_percent,0.000000
1779183186.087,/node/gpu_percent,0.000000
1779183186.587,/node/gpu_percent,45.599998
1779183187.085,/node/gpu_percent,0.000000
1779183187.586,/node/gpu_percent,0.000000
1779183188.090,/node/gpu_percent,0.000000
1779183188.586,/node/gpu_percent,50.400002
1779183189.086,/node/gpu_percent,0.000000
1779183189.587,/node/gpu_percent,0.000000
1779183190.086,/node/gpu_percent,91.300003
1779183190.586,/node/gpu_percent,38.500000
1779183191.088,/node/gpu_percent,0.000000
1779183191.585,/node/gpu_percent,0.000000
1779183192.087,/node/gpu_percent,0.000000
1779183192.588,/node/gpu_percent,68.000000
1779183193.085,/node/gpu_percent,0.000000
1779183193.586,/node/gpu_percent,0.000000
1779183194.085,/node/gpu_percent,95.500000
1779183194.585,/node/gpu_percent,0.000000
1779183195.085,/node/gpu_percent,0.000000
1779183195.586,/node/gpu_percent,9.600000
1779183196.085,/node/gpu_percent,4.800000
1779183196.585,/node/gpu_percent,0.000000
1779183197.086,/node/gpu_percent,0.000000
1779183197.586,/node/gpu_percent,31.000000
1779183198.085,/node/gpu_percent,0.000000
1779183198.584,/node/gpu_percent,0.000000
1779183199.086,/node/gpu_percent,0.000000
1779183199.586,/node/gpu_percent,75.900002
1779183200.085,/node/gpu_percent,4.500000
1779183200.584,/node/gpu_percent,0.000000
1779183201.085,/node/gpu_percent,0.000000
1779183201.583,/node/gpu_percent,53.200001
1779183202.083,/node/gpu_percent,99.699997
1779183202.584,/node/gpu_percent,99.800003
1779183203.086,/node/gpu_percent,99.699997
1779183203.586,/node/gpu_percent,98.900002
1779183204.087,/node/gpu_percent,99.500000
1779183204.583,/node/gpu_percent,99.500000
1779183205.084,/node/gpu_percent,99.000000
1779183205.584,/node/gpu_percent,99.400002
1779183206.084,/node/gpu_percent,99.400002
1779183206.584,/node/gpu_percent,90.599998
1779183207.085,/node/gpu_percent,99.000000
1779183207.583,/node/gpu_percent,99.199997
1779183208.085,/node/gpu_percent,99.400002
1779183208.582,/node/gpu_percent,99.400002
1779183209.083,/node/gpu_percent,99.199997
1779183209.584,/node/gpu_percent,99.400002
1779183210.083,/node/gpu_percent,99.400002
1779183210.583,/node/gpu_percent,42.599998
1779183211.084,/node/gpu_percent,2.600000
1779183211.585,/node/gpu_percent,0.000000
1779183212.083,/node/gpu_percent,0.000000
1779183212.583,/node/gpu_percent,0.000000
1779183213.081,/node/gpu_percent,0.000000
1779183213.582,/node/gpu_percent,0.000000
1779183214.083,/node/gpu_percent,0.000000
1779183214.582,/node/gpu_percent,91.400002
1779183215.083,/node/gpu_percent,0.000000
1779183215.583,/node/gpu_percent,0.000000
1779183216.082,/node/gpu_percent,34.000000
1779183216.579,/node/gpu_percent,0.000000
1779183217.084,/node/gpu_percent,0.000000
1779183217.583,/node/gpu_percent,0.000000
1779183218.082,/node/gpu_percent,42.799999
1779183218.584,/node/gpu_percent,0.000000
1779183219.083,/node/gpu_percent,0.000000
1779183219.584,/node/gpu_percent,0.000000
1779183220.083,/node/gpu_percent,58.299999
1779183220.580,/node/gpu_percent,0.000000
1779183221.079,/node/gpu_percent,0.000000
1779183221.583,/node/gpu_percent,83.000000
1779183222.083,/node/gpu_percent,52.099998
1779183222.585,/node/gpu_percent,0.000000
1779183223.084,/node/gpu_percent,0.000000
1779183223.580,/node/gpu_percent,95.900002
1779183224.081,/node/gpu_percent,0.000000
1779183224.580,/node/gpu_percent,0.000000
1779183225.081,/node/gpu_percent,3.500000
1779183225.583,/node/gpu_percent,80.199997
1779183226.080,/node/gpu_percent,0.000000
1779183226.580,/node/gpu_percent,0.000000
1779183227.082,/node/gpu_percent,0.000000
1779183227.580,/node/gpu_percent,28.299999
1779183228.080,/node/gpu_percent,0.000000
1779183228.580,/node/gpu_percent,0.000000
1779183229.081,/node/gpu_percent,0.000000
1779183229.582,/node/gpu_percent,12.200000
1779183230.080,/node/gpu_percent,0.000000
1779183230.580,/node/gpu_percent,0.000000
1779183231.081,/node/gpu_percent,77.699997
1779183231.580,/node/gpu_percent,4.500000
1779183232.079,/node/gpu_percent,99.500000
1779183232.580,/node/gpu_percent,99.800003
1779183233.080,/node/gpu_percent,99.199997
1779183233.580,/node/gpu_percent,99.699997
1779183234.080,/node/gpu_percent,80.300003
1779183234.583,/node/gpu_percent,99.400002
1779183235.081,/node/gpu_percent,99.500000
1779183235.580,/node/gpu_percent,99.199997
1779183236.082,/node/gpu_percent,99.400002
1779183236.580,/node/gpu_percent,99.099998
1779183237.080,/node/gpu_percent,99.199997
1779183237.578,/node/gpu_percent,99.400002
1779183238.080,/node/gpu_percent,89.199997
1779183238.580,/node/gpu_percent,99.099998
1779183239.081,/node/gpu_percent,99.300003
1779183239.584,/node/gpu_percent,99.400002
1779183240.081,/node/gpu_percent,99.400002
1779183240.578,/node/gpu_percent,98.900002
1779183241.078,/node/gpu_percent,99.500000
1779183241.578,/node/gpu_percent,0.000000
1779183242.078,/node/gpu_percent,74.500000
1779183242.579,/node/gpu_percent,43.700001
1779183243.079,/node/gpu_percent,0.000000
1779183243.580,/node/gpu_percent,0.300000
1779183244.079,/node/gpu_percent,98.199997
1779183244.579,/node/gpu_percent,0.000000
1779183245.079,/node/gpu_percent,0.000000
1779183245.581,/node/gpu_percent,15.800000
1779183246.080,/node/gpu_percent,84.599998
1779183246.581,/node/gpu_percent,0.000000
1779183247.078,/node/gpu_percent,0.000000
1779183247.578,/node/gpu_percent,24.900000
1779183248.080,/node/gpu_percent,10.300000
1779183248.579,/node/gpu_percent,0.000000
1779183249.079,/node/gpu_percent,0.000000
1779183249.578,/node/gpu_percent,93.099998
1779183250.078,/node/gpu_percent,6.500000
1779183250.580,/node/gpu_percent,0.000000
1779183251.078,/node/gpu_percent,0.000000
1779183251.578,/node/gpu_percent,60.500000
1779183252.076,/node/gpu_percent,9.500000
1779183252.578,/node/gpu_percent,0.000000
1779183253.080,/node/gpu_percent,19.900000
1779183253.577,/node/gpu_percent,83.000000
1779183254.078,/node/gpu_percent,0.000000
1779183254.577,/node/gpu_percent,0.000000
1779183255.078,/node/gpu_percent,32.099998
1779183255.578,/node/gpu_percent,75.199997
1779183256.077,/node/gpu_percent,0.000000
1779183256.577,/node/gpu_percent,0.000000
1779183257.078,/node/gpu_percent,43.500000
1779183257.578,/node/gpu_percent,0.000000
1779183258.078,/node/gpu_percent,0.000000
1779183258.577,/node/gpu_percent,0.000000
1779183259.078,/node/gpu_percent,61.700001
1779183259.576,/node/gpu_percent,0.000000
1779183260.077,/node/gpu_percent,0.000000
1779183260.577,/node/gpu_percent,0.000000
1779183261.078,/node/gpu_percent,39.400002
1779183261.578,/node/gpu_percent,0.000000
1779183262.077,/node/gpu_percent,98.900002
1779183262.578,/node/gpu_percent,99.699997
1779183263.078,/node/gpu_percent,99.000000
1779183263.577,/node/gpu_percent,99.800003
1779183264.078,/node/gpu_percent,99.500000
1779183264.578,/node/gpu_percent,98.000000
1779183265.078,/node/gpu_percent,99.500000
1779183265.578,/node/gpu_percent,81.000000
1779183266.078,/node/gpu_percent,99.099998
1779183266.577,/node/gpu_percent,98.699997
1779183267.075,/node/gpu_percent,99.400002
1779183267.577,/node/gpu_percent,79.199997
1779183268.076,/node/gpu_percent,99.000000
1779183268.578,/node/gpu_percent,99.400002
1779183269.080,/node/gpu_percent,99.500000
1779183269.578,/node/gpu_percent,99.400002
1779183270.078,/node/gpu_percent,99.099998
1779183270.580,/node/gpu_percent,99.300003
1779183271.076,/node/gpu_percent,99.400002
1779183271.577,/node/gpu_percent,99.400002
1779183272.078,/node/gpu_percent,99.000000
1779183272.578,/node/gpu_percent,99.400002
1779183273.076,/node/gpu_percent,0.000000
1779183273.578,/node/gpu_percent,41.099998
1779183274.078,/node/gpu_percent,58.200001
1779183274.578,/node/gpu_percent,0.000000
1779183275.077,/node/gpu_percent,0.000000
1779183275.577,/node/gpu_percent,57.400002
1779183276.078,/node/gpu_percent,0.000000
1779183276.578,/node/gpu_percent,0.000000
1779183277.077,/node/gpu_percent,21.400000
1779183277.577,/node/gpu_percent,82.900002
1779183278.075,/node/gpu_percent,0.000000
1779183278.579,/node/gpu_percent,0.000000
1779183279.078,/node/gpu_percent,6.400000
1779183279.577,/node/gpu_percent,22.299999
1779183280.080,/node/gpu_percent,0.000000
1779183280.580,/node/gpu_percent,0.000000
1779183281.079,/node/gpu_percent,81.000000
1779183281.578,/node/gpu_percent,3.600000
1779183282.080,/node/gpu_percent,0.000000
1779183282.576,/node/gpu_percent,0.000000
1779183283.079,/node/gpu_percent,75.300003
1779183283.577,/node/gpu_percent,5.300000
1779183284.079,/node/gpu_percent,0.000000
1779183284.578,/node/gpu_percent,69.400002
1779183285.077,/node/gpu_percent,60.599998
1779183285.582,/node/gpu_percent,0.000000
1779183286.077,/node/gpu_percent,0.000000
1779183286.577,/node/gpu_percent,76.900002
1779183287.079,/node/gpu_percent,0.000000
1779183287.575,/node/gpu_percent,0.000000
1779183288.074,/node/gpu_percent,0.000000
1779183288.578,/node/gpu_percent,60.000000
1779183289.078,/node/gpu_percent,0.000000
1779183289.579,/node/gpu_percent,0.000000
1779183290.077,/node/gpu_percent,38.700001
1779183290.577,/node/gpu_percent,43.400002
1779183291.083,/node/gpu_percent,0.000000
1779183291.577,/node/gpu_percent,0.000000
1779183292.079,/node/gpu_percent,99.699997
1779183112.594,/node/memory_percent,32.491493
1779183113.092,/node/memory_percent,32.483181
1779183113.592,/node/memory_percent,32.485550
1779183114.094,/node/memory_percent,32.468704
1779183114.592,/node/memory_percent,32.482574
1779183115.094,/node/memory_percent,32.490833
1779183115.594,/node/memory_percent,32.485321
1779183116.090,/node/memory_percent,32.466286
1779183116.590,/node/memory_percent,32.482578
1779183117.090,/node/memory_percent,32.472389
1779183117.591,/node/memory_percent,32.473026
1779183118.090,/node/memory_percent,32.467388
1779183118.592,/node/memory_percent,32.470669
1779183119.094,/node/memory_percent,32.478580
1779183119.592,/node/memory_percent,32.479588
1779183120.092,/node/memory_percent,32.486538
1779183120.594,/node/memory_percent,32.476288
1779183121.090,/node/memory_percent,32.481716
1779183121.594,/node/memory_percent,32.468189
1779183122.092,/node/memory_percent,32.478863
1779183122.595,/node/memory_percent,32.464447
1779183123.094,/node/memory_percent,32.469856
1779183123.593,/node/memory_percent,32.432713
1779183124.090,/node/memory_percent,32.442238
1779183124.592,/node/memory_percent,32.461246
1779183125.094,/node/memory_percent,32.477600
1779183125.592,/node/memory_percent,32.478260
1779183126.092,/node/memory_percent,32.470272
1779183126.590,/node/memory_percent,32.461040
1779183127.094,/node/memory_percent,32.455109
1779183127.593,/node/memory_percent,32.453556
1779183128.092,/node/memory_percent,32.469574
1779183128.592,/node/memory_percent,32.471016
1779183129.092,/node/memory_percent,32.487839
1779183129.593,/node/memory_percent,32.474438
1779183130.090,/node/memory_percent,32.443996
1779183130.593,/node/memory_percent,32.461182
1779183131.094,/node/memory_percent,32.460438
1779183131.592,/node/memory_percent,32.457840
1779183132.092,/node/memory_percent,32.468262
1779183132.592,/node/memory_percent,32.489468
1779183133.092,/node/memory_percent,32.493687
1779183133.597,/node/memory_percent,32.484661
1779183134.094,/node/memory_percent,32.476250
1779183134.594,/node/memory_percent,32.472614
1779183135.094,/node/memory_percent,32.452961
1779183135.593,/node/memory_percent,32.459305
1779183136.092,/node/memory_percent,32.457310
1779183136.594,/node/memory_percent,32.454315
1779183137.090,/node/memory_percent,32.474689
1779183137.593,/node/memory_percent,32.440495
1779183138.092,/node/memory_percent,32.470512
1779183138.594,/node/memory_percent,32.463974
1779183139.093,/node/memory_percent,32.473984
1779183139.594,/node/memory_percent,32.469505
1779183140.095,/node/memory_percent,32.477406
1779183140.590,/node/memory_percent,32.484966
1779183141.094,/node/memory_percent,32.458771
1779183141.592,/node/memory_percent,32.473106
1779183142.090,/node/memory_percent,32.481815
1779183142.591,/node/memory_percent,32.470142
1779183143.092,/node/memory_percent,32.479111
1779183143.592,/node/memory_percent,32.467022
1779183144.090,/node/memory_percent,32.485374
1779183144.591,/node/memory_percent,32.486614
1779183145.090,/node/memory_percent,32.484756
1779183145.590,/node/memory_percent,32.474136
1779183146.092,/node/memory_percent,32.472919
1779183146.590,/node/memory_percent,32.454178
1779183147.091,/node/memory_percent,32.470863
1779183147.592,/node/memory_percent,32.456333
1779183148.093,/node/memory_percent,32.474716
1779183148.593,/node/memory_percent,32.441944
1779183149.091,/node/memory_percent,32.466274
1779183149.591,/node/memory_percent,32.460884
1779183150.091,/node/memory_percent,32.450497
1779183150.594,/node/memory_percent,32.463951
1779183151.092,/node/memory_percent,32.463379
1779183151.592,/node/memory_percent,32.458000
1779183152.089,/node/memory_percent,32.472775
1779183152.593,/node/memory_percent,32.456520
1779183153.091,/node/memory_percent,32.470669
1779183153.589,/node/memory_percent,32.475979
1779183154.089,/node/memory_percent,32.447937
1779183154.591,/node/memory_percent,32.460213
1779183155.090,/node/memory_percent,32.477608
1779183155.591,/node/memory_percent,32.475430
1779183156.091,/node/memory_percent,32.461475
1779183156.592,/node/memory_percent,32.460655
1779183157.090,/node/memory_percent,32.476742
1779183157.590,/node/memory_percent,32.449024
1779183158.090,/node/memory_percent,32.463886
1779183158.590,/node/memory_percent,32.469067
1779183159.089,/node/memory_percent,32.456093
1779183159.591,/node/memory_percent,32.434174
1779183160.090,/node/memory_percent,32.466473
1779183160.590,/node/memory_percent,32.461651
1779183161.090,/node/memory_percent,32.461132
1779183161.591,/node/memory_percent,32.467499
1779183162.090,/node/memory_percent,32.478073
1779183162.590,/node/memory_percent,32.483902
1779183163.088,/node/memory_percent,32.462265
1779183163.591,/node/memory_percent,32.453308
1779183164.093,/node/memory_percent,32.462227
1779183164.593,/node/memory_percent,32.447109
1779183165.087,/node/memory_percent,32.464489
1779183165.589,/node/memory_percent,32.452793
1779183166.089,/node/memory_percent,32.459183
1779183166.588,/node/memory_percent,32.465225
1779183167.089,/node/memory_percent,32.463295
1779183167.588,/node/memory_percent,32.465641
1779183168.089,/node/memory_percent,32.461533
1779183168.589,/node/memory_percent,32.472111
1779183169.089,/node/memory_percent,32.450237
1779183169.590,/node/memory_percent,32.483040
1779183170.090,/node/memory_percent,32.470352
1779183170.589,/node/memory_percent,32.456230
1779183171.088,/node/memory_percent,32.460377
1779183171.590,/node/memory_percent,32.472881
1779183172.092,/node/memory_percent,32.474033
1779183172.590,/node/memory_percent,32.475792
1779183173.089,/node/memory_percent,32.468922
1779183173.588,/node/memory_percent,32.484009
1779183174.089,/node/memory_percent,32.464943
1779183174.587,/node/memory_percent,32.477154
1779183175.089,/node/memory_percent,32.485947
1779183175.589,/node/memory_percent,32.465664
1779183176.087,/node/memory_percent,32.467747
1779183176.587,/node/memory_percent,32.461868
1779183177.089,/node/memory_percent,32.472626
1779183177.587,/node/memory_percent,32.461838
1779183178.087,/node/memory_percent,32.462570
1779183178.587,/node/memory_percent,32.464348
1779183179.087,/node/memory_percent,32.469757
1779183179.587,/node/memory_percent,32.468731
1779183180.091,/node/memory_percent,32.452625
1779183180.587,/node/memory_percent,32.471813
1779183181.087,/node/memory_percent,32.476620
1779183181.588,/node/memory_percent,32.489223
1779183182.088,/node/memory_percent,32.493549
1779183182.586,/node/memory_percent,32.487926
1779183183.088,/node/memory_percent,32.475742
1779183183.587,/node/memory_percent,32.472523
1779183184.087,/node/memory_percent,32.474709
1779183184.590,/node/memory_percent,32.476799
1779183185.087,/node/memory_percent,32.478043
1779183185.586,/node/memory_percent,32.473751
1779183186.085,/node/memory_percent,32.481281
1779183186.584,/node/memory_percent,32.477726
1779183187.086,/node/memory_percent,32.483177
1779183187.588,/node/memory_percent,32.470776
1779183188.086,/node/memory_percent,32.485519
1779183188.584,/node/memory_percent,32.462105
1779183189.084,/node/memory_percent,32.489635
1779183189.585,/node/memory_percent,32.459908
1779183190.084,/node/memory_percent,32.474186
1779183190.587,/node/memory_percent,32.463787
1779183191.089,/node/memory_percent,32.464745
1779183191.585,/node/memory_percent,32.469471
1779183192.089,/node/memory_percent,32.464005
1779183192.585,/node/memory_percent,32.483456
1779183193.086,/node/memory_percent,32.484592
1779183193.587,/node/memory_percent,32.491970
1779183194.083,/node/memory_percent,32.471321
1779183194.584,/node/memory_percent,32.474846
1779183195.085,/node/memory_percent,32.454437
1779183195.583,/node/memory_percent,32.491131
1779183196.088,/node/memory_percent,32.477234
1779183196.583,/node/memory_percent,32.464336
1779183197.086,/node/memory_percent,32.489906
1779183197.584,/node/memory_percent,32.470726
1779183198.087,/node/memory_percent,32.485207
1779183198.585,/node/memory_percent,32.465088
1779183199.085,/node/memory_percent,32.478687
1779183199.587,/node/memory_percent,32.481068
1779183200.083,/node/memory_percent,32.479652
1779183200.585,/node/memory_percent,32.480087
1779183201.086,/node/memory_percent,32.495930
1779183201.584,/node/memory_percent,32.467430
1779183202.084,/node/memory_percent,32.478348
1779183202.584,/node/memory_percent,32.471390
1779183203.084,/node/memory_percent,32.479149
1779183203.584,/node/memory_percent,32.479794
1779183204.083,/node/memory_percent,32.484886
1779183204.584,/node/memory_percent,32.477127
1779183205.084,/node/memory_percent,32.477661
1779183205.582,/node/memory_percent,32.461475
1779183206.085,/node/memory_percent,32.458866
1779183206.585,/node/memory_percent,32.460300
1779183207.083,/node/memory_percent,32.462048
1779183207.581,/node/memory_percent,32.477104
1779183208.081,/node/memory_percent,32.455242
1779183208.583,/node/memory_percent,32.479855
1779183209.084,/node/memory_percent,32.472271
1779183209.585,/node/memory_percent,32.478577
1779183210.084,/node/memory_percent,32.473610
1779183210.584,/node/memory_percent,32.481766
1779183211.082,/node/memory_percent,32.462421
1779183211.583,/node/memory_percent,32.434460
1779183212.085,/node/memory_percent,32.445107
1779183212.585,/node/memory_percent,32.427151
1779183213.082,/node/memory_percent,32.460873
1779183213.583,/node/memory_percent,32.457603
1779183214.084,/node/memory_percent,32.473484
1779183214.584,/node/memory_percent,32.480846
1779183215.084,/node/memory_percent,32.481213
1779183215.581,/node/memory_percent,32.475903
1779183216.083,/node/memory_percent,32.444057
1779183216.580,/node/memory_percent,32.471756
1779183217.085,/node/memory_percent,32.467510
1779183217.583,/node/memory_percent,32.457870
1779183218.080,/node/memory_percent,32.472664
1779183218.586,/node/memory_percent,32.470490
1779183219.083,/node/memory_percent,32.457790
1779183219.582,/node/memory_percent,32.485104
1779183220.080,/node/memory_percent,32.477680
1779183220.578,/node/memory_percent,32.476700
1779183221.078,/node/memory_percent,32.466640
1779183221.584,/node/memory_percent,32.466766
1779183222.083,/node/memory_percent,32.460461
1779183222.583,/node/memory_percent,32.462780
1779183223.081,/node/memory_percent,32.472782
1779183223.581,/node/memory_percent,32.477768
1779183224.082,/node/memory_percent,32.455215
1779183224.581,/node/memory_percent,32.461651
1779183225.079,/node/memory_percent,32.489559
1779183225.581,/node/memory_percent,32.465504
1779183226.081,/node/memory_percent,32.492371
1779183226.581,/node/memory_percent,32.459827
1779183227.082,/node/memory_percent,32.478062
1779183227.578,/node/memory_percent,32.485947
1779183228.082,/node/memory_percent,32.462708
1779183228.581,/node/memory_percent,32.466434
1779183229.082,/node/memory_percent,32.482319
1779183229.579,/node/memory_percent,32.492790
1779183230.082,/node/memory_percent,32.460934
1779183230.581,/node/memory_percent,32.483841
1779183231.079,/node/memory_percent,32.473431
1779183231.578,/node/memory_percent,32.460705
1779183232.080,/node/memory_percent,32.464912
1779183232.581,/node/memory_percent,32.456627
1779183233.078,/node/memory_percent,32.466381
1779183233.578,/node/memory_percent,32.470875
1779183234.078,/node/memory_percent,32.463650
1779183234.579,/node/memory_percent,32.471577
1779183235.079,/node/memory_percent,32.456539
1779183235.581,/node/memory_percent,32.457684
1779183236.083,/node/memory_percent,32.466301
1779183236.577,/node/memory_percent,32.470364
1779183237.082,/node/memory_percent,32.468407
1779183237.580,/node/memory_percent,32.470695
1779183238.081,/node/memory_percent,32.462372
1779183238.580,/node/memory_percent,32.469543
1779183239.079,/node/memory_percent,32.430748
1779183239.580,/node/memory_percent,32.449486
1779183240.079,/node/memory_percent,32.464458
1779183240.579,/node/memory_percent,32.472645
1779183241.078,/node/memory_percent,32.465466
1779183241.580,/node/memory_percent,32.471767
1779183242.080,/node/memory_percent,32.481113
1779183242.580,/node/memory_percent,32.480255
1779183243.080,/node/memory_percent,32.479801
1779183243.581,/node/memory_percent,32.485260
1779183244.080,/node/memory_percent,32.460587
1779183244.577,/node/memory_percent,32.458218
1779183245.080,/node/memory_percent,32.456955
1779183245.578,/node/memory_percent,32.475021
1779183246.080,/node/memory_percent,32.471035
1779183246.582,/node/memory_percent,32.470314
1779183247.079,/node/memory_percent,32.480293
1779183247.579,/node/memory_percent,32.452641
1779183248.078,/node/memory_percent,32.470345
1779183248.580,/node/memory_percent,32.471279
1779183249.082,/node/memory_percent,32.449772
1779183249.579,/node/memory_percent,32.474655
1779183250.076,/node/memory_percent,32.460537
1779183250.578,/node/memory_percent,32.471378
1779183251.080,/node/memory_percent,32.477177
1779183251.578,/node/memory_percent,32.480247
1779183252.077,/node/memory_percent,32.481026
1779183252.579,/node/memory_percent,32.464279
1779183253.077,/node/memory_percent,32.465248
1779183253.578,/node/memory_percent,32.464054
1779183254.080,/node/memory_percent,32.465317
1779183254.578,/node/memory_percent,32.463192
1779183255.076,/node/memory_percent,32.461723
1779183255.575,/node/memory_percent,32.462719
1779183256.075,/node/memory_percent,32.461090
1779183256.578,/node/memory_percent,32.451534
1779183257.077,/node/memory_percent,32.468605
1779183257.576,/node/memory_percent,32.467728
1779183258.076,/node/memory_percent,32.461494
1779183258.578,/node/memory_percent,32.479328
1779183259.075,/node/memory_percent,32.456821
1779183259.577,/node/memory_percent,32.472801
1779183260.080,/node/memory_percent,32.467388
1779183260.578,/node/memory_percent,32.452892
1779183261.075,/node/memory_percent,32.456085
1779183261.576,/node/memory_percent,32.476387
1779183262.079,/node/memory_percent,32.466492
1779183262.579,/node/memory_percent,32.486073
1779183263.075,/node/memory_percent,32.482655
1779183263.579,/node/memory_percent,32.454571
1779183264.075,/node/memory_percent,32.463295
1779183264.576,/node/memory_percent,32.477699
1779183265.076,/node/memory_percent,32.479557
1779183265.579,/node/memory_percent,32.463398
1779183266.076,/node/memory_percent,32.466019
1779183266.578,/node/memory_percent,32.466820
1779183267.076,/node/memory_percent,32.487141
1779183267.578,/node/memory_percent,32.486210
1779183268.078,/node/memory_percent,32.477688
1779183268.576,/node/memory_percent,32.473919
1779183269.076,/node/memory_percent,32.485798
1779183269.576,/node/memory_percent,32.478546
1779183270.078,/node/memory_percent,32.486664
1779183270.576,/node/memory_percent,32.453743
1779183271.078,/node/memory_percent,32.443790
1779183271.577,/node/memory_percent,32.478172
1779183272.080,/node/memory_percent,32.484669
1779183272.576,/node/memory_percent,32.458771
1779183273.077,/node/memory_percent,32.457104
1779183273.581,/node/memory_percent,32.465546
1779183274.077,/node/memory_percent,32.472878
1779183274.576,/node/memory_percent,32.455074
1779183275.078,/node/memory_percent,32.467083
1779183275.578,/node/memory_percent,32.461178
1779183276.078,/node/memory_percent,32.482876
1779183276.577,/node/memory_percent,32.467758
1779183277.079,/node/memory_percent,32.458839
1779183277.578,/node/memory_percent,32.468861
1779183278.076,/node/memory_percent,32.460766
1779183278.580,/node/memory_percent,32.461948
1779183279.076,/node/memory_percent,32.479279
1779183279.575,/node/memory_percent,32.483028
1779183280.076,/node/memory_percent,32.454086
1779183280.580,/node/memory_percent,32.470104
1779183281.080,/node/memory_percent,32.469593
1779183281.576,/node/memory_percent,32.482262
1779183282.076,/node/memory_percent,32.459213
1779183282.578,/node/memory_percent,32.461613
1779183283.080,/node/memory_percent,32.475307
1779183283.580,/node/memory_percent,32.482094
1779183284.080,/node/memory_percent,32.459698
1779183284.576,/node/memory_percent,32.467133
1779183285.080,/node/memory_percent,32.464130
1779183285.583,/node/memory_percent,32.464161
1779183286.079,/node/memory_percent,32.457287
1779183286.580,/node/memory_percent,32.469151
1779183287.080,/node/memory_percent,32.478451
1779183287.577,/node/memory_percent,32.463905
1779183288.076,/node/memory_percent,32.457375
1779183288.576,/node/memory_percent,32.458885
1779183289.076,/node/memory_percent,32.479321
1779183289.580,/node/memory_percent,32.483902
1779183290.078,/node/memory_percent,32.474304
1779183290.578,/node/memory_percent,32.477154
1779183291.079,/node/memory_percent,32.449902
1779183291.578,/node/memory_percent,32.467827
1779183292.080,/node/memory_percent,32.459766
1779183112.595,/node/io_read_mbs,0.000000
1779183113.093,/node/io_read_mbs,0.000000
1779183113.593,/node/io_read_mbs,0.000000
1779183114.095,/node/io_read_mbs,0.000000
1779183114.594,/node/io_read_mbs,0.000000
1779183115.095,/node/io_read_mbs,0.000000
1779183115.594,/node/io_read_mbs,0.000000
1779183116.095,/node/io_read_mbs,0.000000
1779183116.593,/node/io_read_mbs,0.000000
1779183117.093,/node/io_read_mbs,0.000000
1779183117.593,/node/io_read_mbs,0.000000
1779183118.093,/node/io_read_mbs,0.000000
1779183118.593,/node/io_read_mbs,0.000000
1779183119.096,/node/io_read_mbs,0.000000
1779183119.594,/node/io_read_mbs,0.000000
1779183120.093,/node/io_read_mbs,0.000000
1779183120.595,/node/io_read_mbs,0.000000
1779183121.095,/node/io_read_mbs,0.000000
1779183121.594,/node/io_read_mbs,0.000000
1779183122.094,/node/io_read_mbs,0.000000
1779183122.597,/node/io_read_mbs,0.000000
1779183123.096,/node/io_read_mbs,0.000000
1779183123.595,/node/io_read_mbs,0.000000
1779183124.095,/node/io_read_mbs,0.000000
1779183124.595,/node/io_read_mbs,0.000000
1779183125.095,/node/io_read_mbs,0.000000
1779183125.594,/node/io_read_mbs,0.000000
1779183126.094,/node/io_read_mbs,0.000000
1779183126.595,/node/io_read_mbs,0.000000
1779183127.096,/node/io_read_mbs,0.000000
1779183127.594,/node/io_read_mbs,0.000000
1779183128.093,/node/io_read_mbs,0.000000
1779183128.595,/node/io_read_mbs,0.000000
1779183129.095,/node/io_read_mbs,0.000000
1779183129.594,/node/io_read_mbs,0.000000
1779183130.094,/node/io_read_mbs,0.000000
1779183130.593,/node/io_read_mbs,0.000000
1779183131.096,/node/io_read_mbs,0.000000
1779183131.596,/node/io_read_mbs,0.000000
1779183132.094,/node/io_read_mbs,0.000000
1779183132.594,/node/io_read_mbs,0.000000
1779183133.093,/node/io_read_mbs,0.000000
1779183133.599,/node/io_read_mbs,0.000000
1779183134.095,/node/io_read_mbs,0.000000
1779183134.597,/node/io_read_mbs,0.000000
1779183135.095,/node/io_read_mbs,0.000000
1779183135.596,/node/io_read_mbs,0.000000
1779183136.095,/node/io_read_mbs,0.000000
1779183136.595,/node/io_read_mbs,0.000000
1779183137.095,/node/io_read_mbs,0.000000
1779183137.595,/node/io_read_mbs,0.000000
1779183138.095,/node/io_read_mbs,0.000000
1779183138.595,/node/io_read_mbs,0.000000
1779183139.098,/node/io_read_mbs,0.000000
1779183139.596,/node/io_read_mbs,0.000000
1779183140.096,/node/io_read_mbs,0.000000
1779183140.595,/node/io_read_mbs,0.000000
1779183141.096,/node/io_read_mbs,0.000000
1779183141.595,/node/io_read_mbs,0.000000
1779183142.095,/node/io_read_mbs,0.000000
1779183142.594,/node/io_read_mbs,0.000000
1779183143.093,/node/io_read_mbs,0.000000
1779183143.594,/node/io_read_mbs,0.000000
1779183144.093,/node/io_read_mbs,0.000000
1779183144.595,/node/io_read_mbs,0.000000
1779183145.095,/node/io_read_mbs,0.000000
1779183145.595,/node/io_read_mbs,0.000000
1779183146.093,/node/io_read_mbs,0.000000
1779183146.593,/node/io_read_mbs,0.000000
1779183147.096,/node/io_read_mbs,0.000000
1779183147.593,/node/io_read_mbs,0.000000
1779183148.094,/node/io_read_mbs,0.000000
1779183148.594,/node/io_read_mbs,0.000000
1779183149.096,/node/io_read_mbs,0.000000
1779183149.594,/node/io_read_mbs,0.000000
1779183150.094,/node/io_read_mbs,0.000000
1779183150.594,/node/io_read_mbs,0.000000
1779183151.093,/node/io_read_mbs,0.000000
1779183151.594,/node/io_read_mbs,0.000000
1779183152.094,/node/io_read_mbs,0.000000
1779183152.594,/node/io_read_mbs,0.000000
1779183153.092,/node/io_read_mbs,0.000000
1779183153.592,/node/io_read_mbs,0.000000
1779183154.092,/node/io_read_mbs,0.000000
1779183154.592,/node/io_read_mbs,0.000000
1779183155.092,/node/io_read_mbs,0.000000
1779183155.592,/node/io_read_mbs,0.000000
1779183156.092,/node/io_read_mbs,0.000000
1779183156.593,/node/io_read_mbs,0.000000
1779183157.091,/node/io_read_mbs,0.000000
1779183157.591,/node/io_read_mbs,0.000000
1779183158.092,/node/io_read_mbs,0.000000
1779183158.593,/node/io_read_mbs,0.000000
1779183159.090,/node/io_read_mbs,0.000000
1779183159.592,/node/io_read_mbs,0.000000
1779183160.091,/node/io_read_mbs,0.000000
1779183160.592,/node/io_read_mbs,0.000000
1779183161.091,/node/io_read_mbs,0.000000
1779183161.592,/node/io_read_mbs,0.000000
1779183162.092,/node/io_read_mbs,0.000000
1779183162.591,/node/io_read_mbs,0.000000
1779183163.091,/node/io_read_mbs,0.000000
1779183163.593,/node/io_read_mbs,0.000000
1779183164.094,/node/io_read_mbs,0.000000
1779183164.594,/node/io_read_mbs,0.000000
1779183165.090,/node/io_read_mbs,0.000000
1779183165.591,/node/io_read_mbs,0.000000
1779183166.091,/node/io_read_mbs,0.000000
1779183166.591,/node/io_read_mbs,0.000000
1779183167.091,/node/io_read_mbs,0.000000
1779183167.591,/node/io_read_mbs,0.000000
1779183168.090,/node/io_read_mbs,0.000000
1779183168.590,/node/io_read_mbs,0.000000
1779183169.090,/node/io_read_mbs,0.000000
1779183169.590,/node/io_read_mbs,0.000000
1779183170.091,/node/io_read_mbs,0.000000
1779183170.589,/node/io_read_mbs,0.000000
1779183171.089,/node/io_read_mbs,0.000000
1779183171.591,/node/io_read_mbs,0.000000
1779183172.092,/node/io_read_mbs,0.000000
1779183172.591,/node/io_read_mbs,0.000000
1779183173.090,/node/io_read_mbs,0.000000
1779183173.589,/node/io_read_mbs,0.000000
1779183174.091,/node/io_read_mbs,0.000000
1779183174.588,/node/io_read_mbs,0.000000
1779183175.090,/node/io_read_mbs,0.000000
1779183175.590,/node/io_read_mbs,0.000000
1779183176.090,/node/io_read_mbs,0.000000
1779183176.591,/node/io_read_mbs,0.000000
1779183177.091,/node/io_read_mbs,0.000000
1779183177.588,/node/io_read_mbs,0.000000
1779183178.089,/node/io_read_mbs,0.000000
1779183178.588,/node/io_read_mbs,0.000000
1779183179.088,/node/io_read_mbs,0.000000
1779183179.588,/node/io_read_mbs,0.000000
1779183180.094,/node/io_read_mbs,0.000000
1779183180.588,/node/io_read_mbs,0.000000
1779183181.088,/node/io_read_mbs,0.000000
1779183181.589,/node/io_read_mbs,0.000000
1779183182.089,/node/io_read_mbs,0.000000
1779183182.591,/node/io_read_mbs,0.000000
1779183183.089,/node/io_read_mbs,0.000000
1779183183.589,/node/io_read_mbs,0.000000
1779183184.089,/node/io_read_mbs,0.000000
1779183184.591,/node/io_read_mbs,0.000000
1779183185.088,/node/io_read_mbs,0.000000
1779183185.588,/node/io_read_mbs,0.000000
1779183186.088,/node/io_read_mbs,0.000000
1779183186.587,/node/io_read_mbs,0.000000
1779183187.087,/node/io_read_mbs,0.000000
1779183187.590,/node/io_read_mbs,0.000000
1779183188.092,/node/io_read_mbs,0.000000
1779183188.587,/node/io_read_mbs,0.000000
1779183189.087,/node/io_read_mbs,0.000000
1779183189.589,/node/io_read_mbs,0.000000
1779183190.087,/node/io_read_mbs,0.000000
1779183190.589,/node/io_read_mbs,0.000000
1779183191.090,/node/io_read_mbs,0.000000
1779183191.586,/node/io_read_mbs,0.000000
1779183192.090,/node/io_read_mbs,0.000000
1779183192.589,/node/io_read_mbs,0.000000
1779183193.086,/node/io_read_mbs,0.000000
1779183193.588,/node/io_read_mbs,0.000000
1779183194.086,/node/io_read_mbs,0.000000
1779183194.586,/node/io_read_mbs,0.000000
1779183195.086,/node/io_read_mbs,0.000000
1779183195.586,/node/io_read_mbs,0.000000
1779183196.089,/node/io_read_mbs,0.000000
1779183196.586,/node/io_read_mbs,0.000000
1779183197.086,/node/io_read_mbs,0.000000
1779183197.587,/node/io_read_mbs,0.000000
1779183198.088,/node/io_read_mbs,0.000000
1779183198.585,/node/io_read_mbs,0.000000
1779183199.087,/node/io_read_mbs,0.000000
1779183199.588,/node/io_read_mbs,0.000000
1779183200.085,/node/io_read_mbs,0.000000
1779183200.586,/node/io_read_mbs,0.000000
1779183201.087,/node/io_read_mbs,0.000000
1779183201.585,/node/io_read_mbs,0.000000
1779183202.085,/node/io_read_mbs,0.000000
1779183202.585,/node/io_read_mbs,0.000000
1779183203.088,/node/io_read_mbs,0.000000
1779183203.588,/node/io_read_mbs,0.000000
1779183204.090,/node/io_read_mbs,0.000000
1779183204.585,/node/io_read_mbs,0.000000
1779183205.084,/node/io_read_mbs,0.000000
1779183205.584,/node/io_read_mbs,0.000000
1779183206.086,/node/io_read_mbs,0.000000
1779183206.586,/node/io_read_mbs,0.000000
1779183207.086,/node/io_read_mbs,0.000000
1779183207.584,/node/io_read_mbs,0.000000
1779183208.086,/node/io_read_mbs,0.000000
1779183208.584,/node/io_read_mbs,0.000000
1779183209.085,/node/io_read_mbs,0.000000
1779183209.586,/node/io_read_mbs,0.000000
1779183210.085,/node/io_read_mbs,0.000000
1779183210.585,/node/io_read_mbs,0.000000
1779183211.085,/node/io_read_mbs,0.000000
1779183211.587,/node/io_read_mbs,0.000000
1779183212.086,/node/io_read_mbs,0.000000
1779183212.586,/node/io_read_mbs,0.000000
1779183213.084,/node/io_read_mbs,0.000000
1779183213.586,/node/io_read_mbs,0.000000
1779183214.085,/node/io_read_mbs,0.000000
1779183214.584,/node/io_read_mbs,0.000000
1779183215.085,/node/io_read_mbs,0.000000
1779183215.584,/node/io_read_mbs,0.000000
1779183216.084,/node/io_read_mbs,0.000000
1779183216.582,/node/io_read_mbs,0.000000
1779183217.086,/node/io_read_mbs,0.000000
1779183217.585,/node/io_read_mbs,0.000000
1779183218.083,/node/io_read_mbs,0.000000
1779183218.587,/node/io_read_mbs,0.000000
1779183219.084,/node/io_read_mbs,0.000000
1779183219.585,/node/io_read_mbs,0.000000
1779183220.083,/node/io_read_mbs,0.000000
1779183220.581,/node/io_read_mbs,0.000000
1779183221.081,/node/io_read_mbs,0.000000
1779183221.584,/node/io_read_mbs,0.000000
1779183222.085,/node/io_read_mbs,0.000000
1779183222.586,/node/io_read_mbs,0.000000
1779183223.084,/node/io_read_mbs,0.000000
1779183223.583,/node/io_read_mbs,0.000000
1779183224.082,/node/io_read_mbs,0.000000
1779183224.583,/node/io_read_mbs,0.000000
1779183225.082,/node/io_read_mbs,0.000000
1779183225.584,/node/io_read_mbs,0.000000
1779183226.082,/node/io_read_mbs,0.000000
1779183226.581,/node/io_read_mbs,0.000000
1779183227.084,/node/io_read_mbs,0.000000
1779183227.582,/node/io_read_mbs,0.000000
1779183228.084,/node/io_read_mbs,0.000000
1779183228.582,/node/io_read_mbs,0.000000
1779183229.084,/node/io_read_mbs,0.000000
1779183229.583,/node/io_read_mbs,0.000000
1779183230.083,/node/io_read_mbs,0.000000
1779183230.584,/node/io_read_mbs,0.000000
1779183231.082,/node/io_read_mbs,0.000000
1779183231.582,/node/io_read_mbs,0.000000
1779183232.082,/node/io_read_mbs,0.000000
1779183232.581,/node/io_read_mbs,0.000000
1779183233.081,/node/io_read_mbs,0.000000
1779183233.581,/node/io_read_mbs,0.000000
1779183234.080,/node/io_read_mbs,0.000000
1779183234.584,/node/io_read_mbs,0.000000
1779183235.082,/node/io_read_mbs,0.000000
1779183235.582,/node/io_read_mbs,0.000000
1779183236.084,/node/io_read_mbs,0.000000
1779183236.581,/node/io_read_mbs,0.000000
1779183237.083,/node/io_read_mbs,0.000000
1779183237.580,/node/io_read_mbs,0.000000
1779183238.082,/node/io_read_mbs,0.000000
1779183238.582,/node/io_read_mbs,0.000000
1779183239.082,/node/io_read_mbs,0.000000
1779183239.586,/node/io_read_mbs,0.000000
1779183240.083,/node/io_read_mbs,0.000000
1779183240.581,/node/io_read_mbs,0.000000
1779183241.079,/node/io_read_mbs,0.000000
1779183241.581,/node/io_read_mbs,0.000000
1779183242.081,/node/io_read_mbs,0.000000
1779183242.581,/node/io_read_mbs,0.000000
1779183243.081,/node/io_read_mbs,0.000000
1779183243.582,/node/io_read_mbs,0.000000
1779183244.081,/node/io_read_mbs,0.000000
1779183244.581,/node/io_read_mbs,0.000000
1779183245.081,/node/io_read_mbs,0.000000
1779183245.582,/node/io_read_mbs,0.000000
1779183246.081,/node/io_read_mbs,0.000000
1779183246.584,/node/io_read_mbs,0.000000
1779183247.080,/node/io_read_mbs,0.000000
1779183247.580,/node/io_read_mbs,0.000000
1779183248.083,/node/io_read_mbs,0.000000
1779183248.581,/node/io_read_mbs,0.000000
1779183249.083,/node/io_read_mbs,0.000000
1779183249.580,/node/io_read_mbs,0.000000
1779183250.081,/node/io_read_mbs,0.000000
1779183250.583,/node/io_read_mbs,0.000000
1779183251.082,/node/io_read_mbs,0.000000
1779183251.579,/node/io_read_mbs,0.000000
1779183252.079,/node/io_read_mbs,0.000000
1779183252.580,/node/io_read_mbs,0.000000
1779183253.081,/node/io_read_mbs,0.000000
1779183253.579,/node/io_read_mbs,0.000000
1779183254.082,/node/io_read_mbs,0.000000
1779183254.579,/node/io_read_mbs,0.000000
1779183255.079,/node/io_read_mbs,0.000000
1779183255.578,/node/io_read_mbs,0.000000
1779183256.078,/node/io_read_mbs,0.000000
1779183256.579,/node/io_read_mbs,0.000000
1779183257.079,/node/io_read_mbs,0.000000
1779183257.579,/node/io_read_mbs,0.000000
1779183258.080,/node/io_read_mbs,0.000000
1779183258.579,/node/io_read_mbs,0.000000
1779183259.079,/node/io_read_mbs,0.000000
1779183259.579,/node/io_read_mbs,0.000000
1779183260.081,/node/io_read_mbs,0.000000
1779183260.581,/node/io_read_mbs,0.000000
1779183261.079,/node/io_read_mbs,0.000000
1779183261.579,/node/io_read_mbs,0.000000
1779183262.082,/node/io_read_mbs,0.000000
1779183262.580,/node/io_read_mbs,0.000000
1779183263.079,/node/io_read_mbs,0.000000
1779183263.580,/node/io_read_mbs,0.000000
1779183264.079,/node/io_read_mbs,0.000000
1779183264.579,/node/io_read_mbs,0.000000
1779183265.079,/node/io_read_mbs,0.000000
1779183265.580,/node/io_read_mbs,0.000000
1779183266.081,/node/io_read_mbs,0.000000
1779183266.579,/node/io_read_mbs,0.000000
1779183267.078,/node/io_read_mbs,0.000000
1779183267.580,/node/io_read_mbs,0.000000
1779183268.079,/node/io_read_mbs,0.000000
1779183268.579,/node/io_read_mbs,0.000000
1779183269.081,/node/io_read_mbs,0.000000
1779183269.579,/node/io_read_mbs,0.000000
1779183270.079,/node/io_read_mbs,0.000000
1779183270.581,/node/io_read_mbs,0.000000
1779183271.078,/node/io_read_mbs,0.000000
1779183271.579,/node/io_read_mbs,0.000000
1779183272.081,/node/io_read_mbs,0.000000
1779183272.579,/node/io_read_mbs,0.000000
1779183273.078,/node/io_read_mbs,0.000000
1779183273.582,/node/io_read_mbs,0.000000
1779183274.079,/node/io_read_mbs,0.000000
1779183274.579,/node/io_read_mbs,0.000000
1779183275.079,/node/io_read_mbs,0.000000
1779183275.578,/node/io_read_mbs,0.000000
1779183276.079,/node/io_read_mbs,0.000000
1779183276.579,/node/io_read_mbs,0.000000
1779183277.080,/node/io_read_mbs,0.000000
1779183277.579,/node/io_read_mbs,0.000000
1779183278.078,/node/io_read_mbs,0.000000
1779183278.581,/node/io_read_mbs,0.000000
1779183279.079,/node/io_read_mbs,0.000000
1779183279.578,/node/io_read_mbs,0.000000
1779183280.081,/node/io_read_mbs,0.000000
1779183280.581,/node/io_read_mbs,0.000000
1779183281.081,/node/io_read_mbs,0.000000
1779183281.581,/node/io_read_mbs,0.000000
1779183282.082,/node/io_read_mbs,0.000000
1779183282.580,/node/io_read_mbs,0.000000
1779183283.081,/node/io_read_mbs,0.000000
1779183283.581,/node/io_read_mbs,0.000000
1779183284.083,/node/io_read_mbs,0.000000
1779183284.581,/node/io_read_mbs,0.000000
1779183285.082,/node/io_read_mbs,0.000000
1779183285.584,/node/io_read_mbs,0.000000
1779183286.081,/node/io_read_mbs,0.000000
1779183286.581,/node/io_read_mbs,0.000000
1779183287.081,/node/io_read_mbs,0.000000
1779183287.578,/node/io_read_mbs,0.000000
1779183288.077,/node/io_read_mbs,0.000000
1779183288.579,/node/io_read_mbs,0.000000
1779183289.079,/node/io_read_mbs,0.000000
1779183289.581,/node/io_read_mbs,0.000000
1779183290.079,/node/io_read_mbs,0.000000
1779183290.580,/node/io_read_mbs,0.000000
1779183291.084,/node/io_read_mbs,0.000000
1779183291.578,/node/io_read_mbs,0.000000
1779183292.084,/node/io_read_mbs,0.000000
1779183112.596,/node/io_write_mbs,0.000000
1779183113.095,/node/io_write_mbs,0.000000
1779183113.596,/node/io_write_mbs,0.000000
1779183114.096,/node/io_write_mbs,0.000000
1779183114.594,/node/io_write_mbs,0.000000
1779183115.096,/node/io_write_mbs,0.000000
1779183115.595,/node/io_write_mbs,0.000000
1779183116.096,/node/io_write_mbs,0.000000
1779183116.594,/node/io_write_mbs,0.000000
1779183117.094,/node/io_write_mbs,0.062428
1779183117.605,/node/io_write_mbs,0.000000
1779183118.094,/node/io_write_mbs,0.000000
1779183118.594,/node/io_write_mbs,0.000000
1779183119.097,/node/io_write_mbs,0.000000
1779183119.594,/node/io_write_mbs,0.000000
1779183120.094,/node/io_write_mbs,0.000000
1779183120.596,/node/io_write_mbs,0.000000
1779183121.096,/node/io_write_mbs,0.000000
1779183121.594,/node/io_write_mbs,0.000000
1779183122.095,/node/io_write_mbs,0.062485
1779183122.597,/node/io_write_mbs,0.000000
1779183123.098,/node/io_write_mbs,0.000000
1779183123.595,/node/io_write_mbs,0.000000
1779183124.096,/node/io_write_mbs,0.000000
1779183124.596,/node/io_write_mbs,0.000000
1779183125.096,/node/io_write_mbs,0.031212
1779183125.596,/node/io_write_mbs,0.000000
1779183126.094,/node/io_write_mbs,0.000000
1779183126.596,/node/io_write_mbs,0.000000
1779183127.108,/node/io_write_mbs,0.187626
1779183127.595,/node/io_write_mbs,0.000000
1779183128.094,/node/io_write_mbs,0.000000
1779183128.596,/node/io_write_mbs,0.000000
1779183129.096,/node/io_write_mbs,0.000000
1779183129.597,/node/io_write_mbs,0.000000
1779183130.094,/node/io_write_mbs,0.000000
1779183130.594,/node/io_write_mbs,0.000000
1779183131.097,/node/io_write_mbs,0.000000
1779183131.598,/node/io_write_mbs,0.000000
1779183132.094,/node/io_write_mbs,0.203463
1779183132.594,/node/io_write_mbs,0.000000
1779183133.105,/node/io_write_mbs,0.000000
1779183133.599,/node/io_write_mbs,0.000000
1779183134.096,/node/io_write_mbs,0.000000
1779183134.598,/node/io_write_mbs,0.000000
1779183135.096,/node/io_write_mbs,0.000000
1779183135.597,/node/io_write_mbs,0.000000
1779183136.096,/node/io_write_mbs,0.000000
1779183136.596,/node/io_write_mbs,0.000000
1779183137.096,/node/io_write_mbs,0.062539
1779183137.597,/node/io_write_mbs,0.000000
1779183138.096,/node/io_write_mbs,0.000000
1779183138.596,/node/io_write_mbs,0.000000
1779183139.099,/node/io_write_mbs,0.000000
1779183139.597,/node/io_write_mbs,0.000000
1779183140.097,/node/io_write_mbs,0.000000
1779183140.597,/node/io_write_mbs,0.000000
1779183141.108,/node/io_write_mbs,0.000000
1779183141.596,/node/io_write_mbs,0.000000
1779183142.096,/node/io_write_mbs,0.062534
1779183142.595,/node/io_write_mbs,0.000000
1779183143.096,/node/io_write_mbs,0.000000
1779183143.594,/node/io_write_mbs,0.000000
1779183144.094,/node/io_write_mbs,0.000000
1779183144.595,/node/io_write_mbs,0.000000
1779183145.097,/node/io_write_mbs,0.031296
1779183145.596,/node/io_write_mbs,0.000000
1779183146.095,/node/io_write_mbs,0.000000
1779183146.594,/node/io_write_mbs,0.000000
1779183147.097,/node/io_write_mbs,0.062624
1779183147.594,/node/io_write_mbs,0.000000
1779183148.095,/node/io_write_mbs,0.000000
1779183148.595,/node/io_write_mbs,0.000000
1779183149.097,/node/io_write_mbs,0.000000
1779183149.596,/node/io_write_mbs,0.000000
1779183150.095,/node/io_write_mbs,0.000000
1779183150.595,/node/io_write_mbs,0.000000
1779183151.094,/node/io_write_mbs,0.000000
1779183151.595,/node/io_write_mbs,0.000000
1779183152.095,/node/io_write_mbs,0.046878
1779183152.595,/node/io_write_mbs,0.000000
1779183153.093,/node/io_write_mbs,0.000000
1779183153.593,/node/io_write_mbs,0.000000
1779183154.093,/node/io_write_mbs,0.000000
1779183154.593,/node/io_write_mbs,0.000000
1779183155.093,/node/io_write_mbs,0.000000
1779183155.593,/node/io_write_mbs,0.000000
1779183156.093,/node/io_write_mbs,0.000000
1779183156.594,/node/io_write_mbs,0.000000
1779183157.092,/node/io_write_mbs,0.109164
1779183157.592,/node/io_write_mbs,0.000000
1779183158.093,/node/io_write_mbs,0.000000
1779183158.594,/node/io_write_mbs,0.000000
1779183159.092,/node/io_write_mbs,0.000000
1779183159.593,/node/io_write_mbs,0.000000
1779183160.092,/node/io_write_mbs,0.000000
1779183160.594,/node/io_write_mbs,0.000000
1779183161.092,/node/io_write_mbs,0.000000
1779183161.593,/node/io_write_mbs,0.000000
1779183162.093,/node/io_write_mbs,0.109152
1779183162.592,/node/io_write_mbs,0.000000
1779183163.092,/node/io_write_mbs,0.000000
1779183163.593,/node/io_write_mbs,0.000000
1779183164.095,/node/io_write_mbs,0.000000
1779183164.595,/node/io_write_mbs,0.000000
1779183165.091,/node/io_write_mbs,0.000000
1779183165.592,/node/io_write_mbs,0.000000
1779183166.092,/node/io_write_mbs,0.000000
1779183166.592,/node/io_write_mbs,0.000000
1779183167.092,/node/io_write_mbs,0.062464
1779183167.592,/node/io_write_mbs,0.000000
1779183168.091,/node/io_write_mbs,0.000000
1779183168.591,/node/io_write_mbs,0.000000
1779183169.092,/node/io_write_mbs,0.000000
1779183169.591,/node/io_write_mbs,0.000000
1779183170.092,/node/io_write_mbs,0.000000
1779183170.590,/node/io_write_mbs,0.000000
1779183171.090,/node/io_write_mbs,0.000000
1779183171.592,/node/io_write_mbs,0.000000
1779183172.105,/node/io_write_mbs,0.046862
1779183172.592,/node/io_write_mbs,0.000000
1779183173.091,/node/io_write_mbs,0.000000
1779183173.590,/node/io_write_mbs,0.000000
1779183174.091,/node/io_write_mbs,0.000000
1779183174.590,/node/io_write_mbs,0.000000
1779183175.092,/node/io_write_mbs,0.000000
1779183175.591,/node/io_write_mbs,0.000000
1779183176.091,/node/io_write_mbs,0.000000
1779183176.593,/node/io_write_mbs,0.000000
1779183177.094,/node/io_write_mbs,0.062496
1779183177.589,/node/io_write_mbs,0.000000
1779183178.090,/node/io_write_mbs,0.000000
1779183178.589,/node/io_write_mbs,0.000000
1779183179.089,/node/io_write_mbs,0.000000
1779183179.589,/node/io_write_mbs,0.000000
1779183180.094,/node/io_write_mbs,0.000000
1779183180.589,/node/io_write_mbs,0.000000
1779183181.089,/node/io_write_mbs,0.000000
1779183181.590,/node/io_write_mbs,0.000000
1779183182.090,/node/io_write_mbs,0.062437
1779183182.592,/node/io_write_mbs,0.000000
1779183183.090,/node/io_write_mbs,0.000000
1779183183.589,/node/io_write_mbs,0.000000
1779183184.090,/node/io_write_mbs,0.000000
1779183184.603,/node/io_write_mbs,0.000000
1779183185.089,/node/io_write_mbs,0.031268
1779183185.588,/node/io_write_mbs,0.000000
1779183186.090,/node/io_write_mbs,0.000000
1779183186.588,/node/io_write_mbs,0.000000
1779183187.088,/node/io_write_mbs,0.109383
1779183187.591,/node/io_write_mbs,0.000000
1779183188.095,/node/io_write_mbs,0.000000
1779183188.588,/node/io_write_mbs,0.000000
1779183189.088,/node/io_write_mbs,0.000000
1779183189.589,/node/io_write_mbs,0.000000
1779183190.088,/node/io_write_mbs,0.000000
1779183190.590,/node/io_write_mbs,0.000000
1779183191.091,/node/io_write_mbs,0.000000
1779183191.587,/node/io_write_mbs,0.000000
1779183192.091,/node/io_write_mbs,0.015601
1779183192.591,/node/io_write_mbs,0.000000
1779183193.087,/node/io_write_mbs,0.000000
1779183193.589,/node/io_write_mbs,0.000000
1779183194.087,/node/io_write_mbs,0.000000
1779183194.587,/node/io_write_mbs,0.000000
1779183195.087,/node/io_write_mbs,0.000000
1779183195.587,/node/io_write_mbs,0.000000
1779183196.090,/node/io_write_mbs,0.000000
1779183196.587,/node/io_write_mbs,0.000000
1779183197.087,/node/io_write_mbs,0.062459
1779183197.588,/node/io_write_mbs,0.000000
1779183198.089,/node/io_write_mbs,0.000000
1779183198.586,/node/io_write_mbs,0.000000
1779183199.088,/node/io_write_mbs,0.000000
1779183199.589,/node/io_write_mbs,0.000000
1779183200.086,/node/io_write_mbs,0.000000
1779183200.586,/node/io_write_mbs,0.000000
1779183201.088,/node/io_write_mbs,0.000000
1779183201.587,/node/io_write_mbs,0.000000
1779183202.086,/node/io_write_mbs,0.062450
1779183202.586,/node/io_write_mbs,0.000000
1779183203.089,/node/io_write_mbs,0.000000
1779183203.589,/node/io_write_mbs,0.000000
1779183204.097,/node/io_write_mbs,0.000000
1779183204.586,/node/io_write_mbs,0.000000
1779183205.086,/node/io_write_mbs,0.031324
1779183205.585,/node/io_write_mbs,0.000000
1779183206.087,/node/io_write_mbs,0.000000
1779183206.587,/node/io_write_mbs,0.000000
1779183207.087,/node/io_write_mbs,0.062508
1779183207.586,/node/io_write_mbs,0.000000
1779183208.087,/node/io_write_mbs,0.000000
1779183208.585,/node/io_write_mbs,0.000000
1779183209.086,/node/io_write_mbs,0.000000
1779183209.587,/node/io_write_mbs,0.000000
1779183210.086,/node/io_write_mbs,0.000000
1779183210.586,/node/io_write_mbs,0.000000
1779183211.086,/node/io_write_mbs,0.000000
1779183211.590,/node/io_write_mbs,0.000000
1779183212.086,/node/io_write_mbs,0.000000
1779183212.586,/node/io_write_mbs,0.000000
1779183213.084,/node/io_write_mbs,0.000000
1779183213.587,/node/io_write_mbs,0.000000
1779183214.086,/node/io_write_mbs,0.000000
1779183214.586,/node/io_write_mbs,0.000000
1779183215.086,/node/io_write_mbs,0.000000
1779183215.585,/node/io_write_mbs,0.000000
1779183216.085,/node/io_write_mbs,0.000000
1779183216.583,/node/io_write_mbs,0.000000
1779183217.087,/node/io_write_mbs,0.109110
1779183217.587,/node/io_write_mbs,0.000000
1779183218.084,/node/io_write_mbs,0.000000
1779183218.588,/node/io_write_mbs,0.000000
1779183219.085,/node/io_write_mbs,0.000000
1779183219.586,/node/io_write_mbs,0.000000
1779183220.083,/node/io_write_mbs,0.000000
1779183220.582,/node/io_write_mbs,0.000000
1779183221.083,/node/io_write_mbs,0.000000
1779183221.585,/node/io_write_mbs,0.000000
1779183222.085,/node/io_write_mbs,0.109374
1779183222.587,/node/io_write_mbs,0.000000
1779183223.085,/node/io_write_mbs,0.000000
1779183223.584,/node/io_write_mbs,0.000000
1779183224.083,/node/io_write_mbs,0.000000
1779183224.583,/node/io_write_mbs,0.000000
1779183225.083,/node/io_write_mbs,0.000000
1779183225.585,/node/io_write_mbs,0.000000
1779183226.083,/node/io_write_mbs,0.000000
1779183226.582,/node/io_write_mbs,0.000000
1779183227.085,/node/io_write_mbs,0.062488
1779183227.584,/node/io_write_mbs,0.000000
1779183228.086,/node/io_write_mbs,0.000000
1779183228.583,/node/io_write_mbs,0.000000
1779183229.085,/node/io_write_mbs,0.000000
1779183229.595,/node/io_write_mbs,0.000000
1779183230.084,/node/io_write_mbs,0.000000
1779183230.586,/node/io_write_mbs,0.000000
1779183231.083,/node/io_write_mbs,0.000000
1779183231.582,/node/io_write_mbs,0.000000
1779183232.082,/node/io_write_mbs,0.046793
1779183232.582,/node/io_write_mbs,0.000000
1779183233.082,/node/io_write_mbs,0.000000
1779183233.581,/node/io_write_mbs,0.000000
1779183234.082,/node/io_write_mbs,0.000000
1779183234.585,/node/io_write_mbs,0.000000
1779183235.083,/node/io_write_mbs,0.000000
1779183235.583,/node/io_write_mbs,0.000000
1779183236.085,/node/io_write_mbs,0.000000
1779183236.581,/node/io_write_mbs,0.000000
1779183237.084,/node/io_write_mbs,0.062394
1779183237.581,/node/io_write_mbs,0.000000
1779183238.082,/node/io_write_mbs,0.000000
1779183238.584,/node/io_write_mbs,0.000000
1779183239.083,/node/io_write_mbs,0.000000
1779183239.586,/node/io_write_mbs,0.000000
1779183240.086,/node/io_write_mbs,0.000000
1779183240.582,/node/io_write_mbs,0.000000
1779183241.080,/node/io_write_mbs,0.000000
1779183241.582,/node/io_write_mbs,0.000000
1779183242.083,/node/io_write_mbs,0.062523
1779183242.582,/node/io_write_mbs,0.000000
1779183243.082,/node/io_write_mbs,0.000000
1779183243.584,/node/io_write_mbs,0.000000
1779183244.082,/node/io_write_mbs,0.000000
1779183244.582,/node/io_write_mbs,0.000000
1779183245.093,/node/io_write_mbs,0.031209
1779183245.582,/node/io_write_mbs,0.000000
1779183246.082,/node/io_write_mbs,0.000000
1779183246.584,/node/io_write_mbs,0.000000
1779183247.092,/node/io_write_mbs,0.109183
1779183247.581,/node/io_write_mbs,0.000000
1779183248.084,/node/io_write_mbs,0.000000
1779183248.593,/node/io_write_mbs,0.000000
1779183249.095,/node/io_write_mbs,0.000000
1779183249.592,/node/io_write_mbs,0.000000
1779183250.082,/node/io_write_mbs,0.000000
1779183250.583,/node/io_write_mbs,0.000000
1779183251.083,/node/io_write_mbs,0.000000
1779183251.581,/node/io_write_mbs,0.000000
1779183252.080,/node/io_write_mbs,0.062489
1779183252.581,/node/io_write_mbs,0.000000
1779183253.082,/node/io_write_mbs,0.000000
1779183253.580,/node/io_write_mbs,0.000000
1779183254.082,/node/io_write_mbs,0.000000
1779183254.579,/node/io_write_mbs,0.000000
1779183255.080,/node/io_write_mbs,0.000000
1779183255.579,/node/io_write_mbs,0.000000
1779183256.079,/node/io_write_mbs,0.000000
1779183256.579,/node/io_write_mbs,0.000000
1779183257.081,/node/io_write_mbs,0.062529
1779183257.580,/node/io_write_mbs,0.000000
1779183258.080,/node/io_write_mbs,0.000000
1779183258.591,/node/io_write_mbs,0.000000
1779183259.080,/node/io_write_mbs,0.000000
1779183259.580,/node/io_write_mbs,0.000000
1779183260.083,/node/io_write_mbs,0.000000
1779183260.582,/node/io_write_mbs,0.000000
1779183261.080,/node/io_write_mbs,0.000000
1779183261.591,/node/io_write_mbs,0.000000
1779183262.094,/node/io_write_mbs,0.062366
1779183262.581,/node/io_write_mbs,0.000000
1779183263.080,/node/io_write_mbs,0.000000
1779183263.589,/node/io_write_mbs,0.000000
1779183264.080,/node/io_write_mbs,0.000000
1779183264.580,/node/io_write_mbs,0.000000
1779183265.091,/node/io_write_mbs,0.031255
1779183265.592,/node/io_write_mbs,0.000000
1779183266.082,/node/io_write_mbs,0.000000
1779183266.580,/node/io_write_mbs,0.000000
1779183267.078,/node/io_write_mbs,0.062620
1779183267.581,/node/io_write_mbs,0.000000
1779183268.080,/node/io_write_mbs,0.000000
1779183268.591,/node/io_write_mbs,0.000000
1779183269.082,/node/io_write_mbs,0.000000
1779183269.591,/node/io_write_mbs,0.000000
1779183270.091,/node/io_write_mbs,0.000000
1779183270.582,/node/io_write_mbs,0.000000
1779183271.080,/node/io_write_mbs,0.000000
1779183271.580,/node/io_write_mbs,0.000000
1779183272.082,/node/io_write_mbs,0.046778
1779183272.580,/node/io_write_mbs,0.000000
1779183273.079,/node/io_write_mbs,0.000000
1779183273.583,/node/io_write_mbs,0.000000
1779183274.080,/node/io_write_mbs,0.000000
1779183274.580,/node/io_write_mbs,0.000000
1779183275.080,/node/io_write_mbs,0.000000
1779183275.580,/node/io_write_mbs,0.000000
1779183276.080,/node/io_write_mbs,0.000000
1779183276.580,/node/io_write_mbs,0.000000
1779183277.082,/node/io_write_mbs,0.125098
1779183277.579,/node/io_write_mbs,0.000000
1779183278.079,/node/io_write_mbs,0.000000
1779183278.582,/node/io_write_mbs,0.000000
1779183279.080,/node/io_write_mbs,0.000000
1779183279.580,/node/io_write_mbs,0.000000
1779183280.082,/node/io_write_mbs,0.000000
1779183280.584,/node/io_write_mbs,0.000000
1779183281.082,/node/io_write_mbs,0.000000
1779183281.582,/node/io_write_mbs,0.000000
1779183282.082,/node/io_write_mbs,0.187379
1779183282.581,/node/io_write_mbs,0.000000
1779183283.082,/node/io_write_mbs,0.000000
1779183283.582,/node/io_write_mbs,0.000000
1779183284.084,/node/io_write_mbs,0.000000
1779183284.582,/node/io_write_mbs,0.000000
1779183285.082,/node/io_write_mbs,0.000000
1779183285.596,/node/io_write_mbs,0.000000
1779183286.083,/node/io_write_mbs,0.000000
1779183286.582,/node/io_write_mbs,0.000000
1779183287.082,/node/io_write_mbs,0.062410
1779183287.580,/node/io_write_mbs,0.000000
1779183288.079,/node/io_write_mbs,0.000000
1779183288.580,/node/io_write_mbs,0.000000
1779183289.080,/node/io_write_mbs,0.000000
1779183289.582,/node/io_write_mbs,0.000000
1779183290.080,/node/io_write_mbs,0.000000
1779183290.581,/node/io_write_mbs,0.000000
1779183291.085,/node/io_write_mbs,0.000000
1779183291.579,/node/io_write_mbs,0.000000
1779183292.085,/node/io_write_mbs,0.046849
1779183121.049,/llava/metrics_inference_ms,9576.022461
1779183151.611,/llava/metrics_inference_ms,10057.300781
1779183183.122,/llava/metrics_inference_ms,11494.391602
1779183210.559,/llava/metrics_inference_ms,8865.185547
1779183241.291,/llava/metrics_inference_ms,9525.495117
1779183272.788,/llava/metrics_inference_ms,10917.888672
1779183121.050,/llava/metrics_latency_ms,9599.870117
1779183151.612,/llava/metrics_latency_ms,10090.395508
1779183183.136,/llava/metrics_latency_ms,11519.783203
1779183210.560,/llava/metrics_latency_ms,8888.949219
1779183241.292,/llava/metrics_latency_ms,9549.566406
1779183272.791,/llava/metrics_latency_ms,10962.517578
