timestamp_unix,topic,value
1779466632.822,/benchmark/inference_ms,477.295685
1779466633.314,/benchmark/inference_ms,435.609436
1779466633.780,/benchmark/inference_ms,419.324799
1779466634.259,/benchmark/inference_ms,415.919525
1779466634.827,/benchmark/inference_ms,505.959473
1779466635.282,/benchmark/inference_ms,407.486847
1779466635.688,/benchmark/inference_ms,339.910461
1779466636.097,/benchmark/inference_ms,356.940887
1779466636.608,/benchmark/inference_ms,473.438080
1779466636.991,/benchmark/inference_ms,353.056366
1779466637.437,/benchmark/inference_ms,385.254181
1779466637.766,/benchmark/inference_ms,287.563141
1779466638.272,/benchmark/inference_ms,467.779175
1779466638.668,/benchmark/inference_ms,342.837189
1779466639.160,/benchmark/inference_ms,448.655396
1779466639.655,/benchmark/inference_ms,449.963440
1779466640.100,/benchmark/inference_ms,401.088348
1779466640.573,/benchmark/inference_ms,418.714905
1779466641.044,/benchmark/inference_ms,421.093231
1779466641.599,/benchmark/inference_ms,453.134308
1779466642.044,/benchmark/inference_ms,390.711548
1779466642.492,/benchmark/inference_ms,398.123413
1779466643.016,/benchmark/inference_ms,469.788910
1779466643.526,/benchmark/inference_ms,464.981110
1779466643.950,/benchmark/inference_ms,366.268585
1779466644.410,/benchmark/inference_ms,419.132629
1779466644.894,/benchmark/inference_ms,424.994080
1779466645.380,/benchmark/inference_ms,443.153687
1779466645.810,/benchmark/inference_ms,379.738464
1779466646.273,/benchmark/inference_ms,417.067169
1779466646.753,/benchmark/inference_ms,429.711884
1779466647.228,/benchmark/inference_ms,433.375458
1779466647.612,/benchmark/inference_ms,333.064575
1779466648.111,/benchmark/inference_ms,433.526703
1779466648.545,/benchmark/inference_ms,387.962036
1779466649.022,/benchmark/inference_ms,425.772522
1779466649.430,/benchmark/inference_ms,357.533051
1779466649.956,/benchmark/inference_ms,468.703033
1779466650.396,/benchmark/inference_ms,388.903839
1779466650.941,/benchmark/inference_ms,490.025574
1779466651.414,/benchmark/inference_ms,426.362762
1779466651.864,/benchmark/inference_ms,399.321686
1779466652.267,/benchmark/inference_ms,353.401581
1779466652.735,/benchmark/inference_ms,415.729767
1779466653.206,/benchmark/inference_ms,425.945862
1779466653.682,/benchmark/inference_ms,435.057587
1779466654.165,/benchmark/inference_ms,418.227631
1779466654.631,/benchmark/inference_ms,411.439056
1779466655.060,/benchmark/inference_ms,386.633759
1779466655.499,/benchmark/inference_ms,384.118530
1779466655.913,/benchmark/inference_ms,368.631775
1779466656.342,/benchmark/inference_ms,382.048187
1779466656.743,/benchmark/inference_ms,363.917389
1779466657.122,/benchmark/inference_ms,346.840393
1779466657.491,/benchmark/inference_ms,328.723328
1779466657.886,/benchmark/inference_ms,345.673157
1779466658.374,/benchmark/inference_ms,444.830902
1779466658.805,/benchmark/inference_ms,372.312714
1779466659.239,/benchmark/inference_ms,390.555084
1779466659.703,/benchmark/inference_ms,418.999512
1779466660.115,/benchmark/inference_ms,363.445312
1779466660.565,/benchmark/inference_ms,399.246490
1779466661.076,/benchmark/inference_ms,454.239105
1779466661.592,/benchmark/inference_ms,463.722198
1779466662.073,/benchmark/inference_ms,427.409851
1779466662.524,/benchmark/inference_ms,390.605682
1779466663.007,/benchmark/inference_ms,415.294250
1779466663.469,/benchmark/inference_ms,409.983459
1779466663.894,/benchmark/inference_ms,379.118591
1779466664.306,/benchmark/inference_ms,321.747375
1779466664.717,/benchmark/inference_ms,365.229095
1779466665.136,/benchmark/inference_ms,360.755463
1779466665.645,/benchmark/inference_ms,445.905975
1779466666.129,/benchmark/inference_ms,436.800842
1779466666.618,/benchmark/inference_ms,446.701263
1779466667.060,/benchmark/inference_ms,381.207397
1779466667.494,/benchmark/inference_ms,391.950623
1779466667.915,/benchmark/inference_ms,376.367401
1779466668.410,/benchmark/inference_ms,449.886047
1779466668.877,/benchmark/inference_ms,395.149536
1779466669.301,/benchmark/inference_ms,374.591400
1779466669.747,/benchmark/inference_ms,400.988861
1779466670.217,/benchmark/inference_ms,417.949860
1779466670.665,/benchmark/inference_ms,400.563934
1779466671.097,/benchmark/inference_ms,375.598511
1779466671.479,/benchmark/inference_ms,337.662720
1779466671.933,/benchmark/inference_ms,405.654694
1779466672.453,/benchmark/inference_ms,481.269318
1779466672.916,/benchmark/inference_ms,414.556335
1779466673.372,/benchmark/inference_ms,399.175171
1779466673.838,/benchmark/inference_ms,404.253082
1779466674.262,/benchmark/inference_ms,382.719696
1779466674.698,/benchmark/inference_ms,385.795593
1779466675.188,/benchmark/inference_ms,435.420441
1779466675.559,/benchmark/inference_ms,323.921356
1779466676.061,/benchmark/inference_ms,456.232788
1779466676.517,/benchmark/inference_ms,416.835571
1779466676.953,/benchmark/inference_ms,393.789307
1779466677.431,/benchmark/inference_ms,426.712524
1779466677.952,/benchmark/inference_ms,466.882965
1779466678.367,/benchmark/inference_ms,371.065247
1779466678.859,/benchmark/inference_ms,451.234436
1779466679.368,/benchmark/inference_ms,464.215942
1779466679.826,/benchmark/inference_ms,407.732239
1779466680.305,/benchmark/inference_ms,431.951813
1779466680.763,/benchmark/inference_ms,409.451111
1779466681.206,/benchmark/inference_ms,390.072296
1779466681.711,/benchmark/inference_ms,457.579803
1779466682.196,/benchmark/inference_ms,437.457092
1779466682.646,/benchmark/inference_ms,406.699921
1779466683.128,/benchmark/inference_ms,432.187531
1779466683.631,/benchmark/inference_ms,456.710327
1779466684.095,/benchmark/inference_ms,402.553711
1779466684.540,/benchmark/inference_ms,398.911774
1779466684.921,/benchmark/inference_ms,332.075500
1779466685.317,/benchmark/inference_ms,349.945404
1779466685.804,/benchmark/inference_ms,442.797241
1779466686.203,/benchmark/inference_ms,349.613556
1779466686.614,/benchmark/inference_ms,362.985657
1779466687.131,/benchmark/inference_ms,439.066620
1779466687.556,/benchmark/inference_ms,373.208405
1779466688.034,/benchmark/inference_ms,432.266449
1779466688.541,/benchmark/inference_ms,462.931335
1779466689.016,/benchmark/inference_ms,422.909668
1779466689.451,/benchmark/inference_ms,375.754395
1779466689.900,/benchmark/inference_ms,399.596283
1779466690.414,/benchmark/inference_ms,464.454895
1779466690.909,/benchmark/inference_ms,450.184326
1779466691.445,/benchmark/inference_ms,489.554291
1779466691.951,/benchmark/inference_ms,466.247528
1779466692.437,/benchmark/inference_ms,436.706421
1779466692.896,/benchmark/inference_ms,413.204437
1779466693.388,/benchmark/inference_ms,452.992706
1779466693.819,/benchmark/inference_ms,380.682892
1779466694.287,/benchmark/inference_ms,423.751831
1779466694.743,/benchmark/inference_ms,412.750275
1779466695.094,/benchmark/inference_ms,298.524658
1779466695.536,/benchmark/inference_ms,388.477722
1779466695.981,/benchmark/inference_ms,401.479614
1779466696.476,/benchmark/inference_ms,430.421539
1779466696.840,/benchmark/inference_ms,316.748108
1779466697.290,/benchmark/inference_ms,406.675720
1779466697.696,/benchmark/inference_ms,372.503113
1779466698.221,/benchmark/inference_ms,487.863373
1779466698.609,/benchmark/inference_ms,345.905212
1779466699.036,/benchmark/inference_ms,380.078217
1779466699.508,/benchmark/inference_ms,432.641937
1779466700.046,/benchmark/inference_ms,475.372406
1779466700.450,/benchmark/inference_ms,358.680878
1779466700.878,/benchmark/inference_ms,382.817780
1779466701.421,/benchmark/inference_ms,478.532745
1779466701.854,/benchmark/inference_ms,387.020386
1779466702.310,/benchmark/inference_ms,404.597137
1779466702.785,/benchmark/inference_ms,425.571533
1779466703.222,/benchmark/inference_ms,382.063690
1779466703.720,/benchmark/inference_ms,447.776215
1779466704.210,/benchmark/inference_ms,421.285675
1779466704.684,/benchmark/inference_ms,429.643616
1779466705.093,/benchmark/inference_ms,363.188751
1779466705.388,/benchmark/inference_ms,257.685730
1779466705.862,/benchmark/inference_ms,416.192108
1779466706.368,/benchmark/inference_ms,460.389282
1779466706.787,/benchmark/inference_ms,379.059082
1779466707.217,/benchmark/inference_ms,406.562500
1779466707.652,/benchmark/inference_ms,384.382355
1779466708.048,/benchmark/inference_ms,352.964050
1779466708.529,/benchmark/inference_ms,433.686188
1779466708.976,/benchmark/inference_ms,388.556458
1779466709.388,/benchmark/inference_ms,365.814514
1779466709.818,/benchmark/inference_ms,356.414978
1779466710.289,/benchmark/inference_ms,414.139557
1779466710.709,/benchmark/inference_ms,360.156616
1779466711.129,/benchmark/inference_ms,370.057007
1779466711.557,/benchmark/inference_ms,382.402863
1779466712.016,/benchmark/inference_ms,406.549316
1779466712.470,/benchmark/inference_ms,409.140137
1779466712.934,/benchmark/inference_ms,412.410553
1779466713.315,/benchmark/inference_ms,329.245758
1779466713.759,/benchmark/inference_ms,388.719269
1779466714.147,/benchmark/inference_ms,344.308899
1779466714.584,/benchmark/inference_ms,378.317261
1779466714.989,/benchmark/inference_ms,365.908142
1779466715.420,/benchmark/inference_ms,370.132141
1779466715.956,/benchmark/inference_ms,483.074188
1779466716.449,/benchmark/inference_ms,444.540741
1779466716.881,/benchmark/inference_ms,383.346558
1779466717.388,/benchmark/inference_ms,471.713837
1779466717.820,/benchmark/inference_ms,380.544006
1779466718.330,/benchmark/inference_ms,447.722412
1779466718.790,/benchmark/inference_ms,402.725586
1779466719.316,/benchmark/inference_ms,483.552155
1779466719.822,/benchmark/inference_ms,438.763458
1779466720.287,/benchmark/inference_ms,419.468048
1779466720.790,/benchmark/inference_ms,462.430176
1779466721.224,/benchmark/inference_ms,386.656219
1779466721.742,/benchmark/inference_ms,457.398621
1779466722.181,/benchmark/inference_ms,390.379730
1779466722.667,/benchmark/inference_ms,435.203705
1779466723.140,/benchmark/inference_ms,425.426605
1779466723.573,/benchmark/inference_ms,382.640686
1779466723.930,/benchmark/inference_ms,319.317841
1779466724.461,/benchmark/inference_ms,483.533417
1779466724.983,/benchmark/inference_ms,472.040680
1779466725.433,/benchmark/inference_ms,387.793213
1779466725.854,/benchmark/inference_ms,379.201538
1779466726.372,/benchmark/inference_ms,456.568359
1779466726.808,/benchmark/inference_ms,409.127960
1779466727.226,/benchmark/inference_ms,366.260345
1779466727.637,/benchmark/inference_ms,365.310516
1779466728.155,/benchmark/inference_ms,459.242554
1779466728.552,/benchmark/inference_ms,351.098297
1779466729.062,/benchmark/inference_ms,465.480988
1779466729.566,/benchmark/inference_ms,430.897461
1779466730.023,/benchmark/inference_ms,406.882812
1779466730.524,/benchmark/inference_ms,441.027100
1779466730.971,/benchmark/inference_ms,395.489288
1779466731.483,/benchmark/inference_ms,450.968933
1779466731.949,/benchmark/inference_ms,413.941193
1779466732.450,/benchmark/inference_ms,454.726044
1779466732.894,/benchmark/inference_ms,348.620148
1779466733.350,/benchmark/inference_ms,403.465790
1779466733.885,/benchmark/inference_ms,485.674164
1779466734.415,/benchmark/inference_ms,480.126465
1779466734.870,/benchmark/inference_ms,410.599243
1779466735.380,/benchmark/inference_ms,457.678955
1779466735.918,/benchmark/inference_ms,481.441589
1779466736.409,/benchmark/inference_ms,436.528198
1779466736.798,/benchmark/inference_ms,335.393005
1779466737.277,/benchmark/inference_ms,431.978333
1779466737.776,/benchmark/inference_ms,456.853607
1779466738.332,/benchmark/inference_ms,494.253357
1779466738.855,/benchmark/inference_ms,477.465088
1779466739.320,/benchmark/inference_ms,408.943451
1779466739.718,/benchmark/inference_ms,346.172180
1779466740.262,/benchmark/inference_ms,485.440125
1779466740.700,/benchmark/inference_ms,381.074493
1779466741.172,/benchmark/inference_ms,413.880432
1779466741.584,/benchmark/inference_ms,375.722687
1779466742.097,/benchmark/inference_ms,462.234589
1779466742.489,/benchmark/inference_ms,348.845947
1779466742.966,/benchmark/inference_ms,425.131409
1779466743.428,/benchmark/inference_ms,417.030975
1779466743.858,/benchmark/inference_ms,372.898071
1779466744.291,/benchmark/inference_ms,392.159546
1779466744.769,/benchmark/inference_ms,415.454071
1779466745.214,/benchmark/inference_ms,411.234985
1779466745.728,/benchmark/inference_ms,450.597137
1779466746.129,/benchmark/inference_ms,351.152924
1779466746.595,/benchmark/inference_ms,434.348663
1779466747.028,/benchmark/inference_ms,388.196991
1779466747.268,/benchmark/inference_ms,201.693069
1779466747.690,/benchmark/inference_ms,359.425690
1779466748.073,/benchmark/inference_ms,341.626770
1779466748.475,/benchmark/inference_ms,344.543884
1779466748.892,/benchmark/inference_ms,364.808075
1779466749.338,/benchmark/inference_ms,398.986542
1779466749.863,/benchmark/inference_ms,474.444336
1779466750.281,/benchmark/inference_ms,361.563599
1779466750.705,/benchmark/inference_ms,370.187866
1779466751.240,/benchmark/inference_ms,495.574127
1779466751.701,/benchmark/inference_ms,420.093597
1779466752.198,/benchmark/inference_ms,443.177490
1779466752.638,/benchmark/inference_ms,391.424957
1779466753.083,/benchmark/inference_ms,383.290100
1779466753.538,/benchmark/inference_ms,407.860077
1779466753.991,/benchmark/inference_ms,398.141418
1779466754.521,/benchmark/inference_ms,466.359222
1779466755.064,/benchmark/inference_ms,498.336456
1779466755.498,/benchmark/inference_ms,377.785797
1779466756.017,/benchmark/inference_ms,439.152649
1779466756.450,/benchmark/inference_ms,409.332214
1779466756.894,/benchmark/inference_ms,388.676697
1779466757.264,/benchmark/inference_ms,339.310120
1779466757.748,/benchmark/inference_ms,432.768768
1779466758.243,/benchmark/inference_ms,433.930542
1779466758.681,/benchmark/inference_ms,396.186859
1779466759.111,/benchmark/inference_ms,372.849854
1779466759.526,/benchmark/inference_ms,340.736145
1779466759.879,/benchmark/inference_ms,298.170654
1779466760.302,/benchmark/inference_ms,374.066956
1779466760.744,/benchmark/inference_ms,391.778992
1779466761.164,/benchmark/inference_ms,366.381744
1779466761.472,/benchmark/inference_ms,254.482895
1779466761.878,/benchmark/inference_ms,353.227722
1779466762.168,/benchmark/inference_ms,251.926849
1779466762.572,/benchmark/inference_ms,366.274078
1779466763.109,/benchmark/inference_ms,488.679077
1779466763.596,/benchmark/inference_ms,426.444214
1779466764.064,/benchmark/inference_ms,408.275513
1779466764.515,/benchmark/inference_ms,407.046143
1779466764.983,/benchmark/inference_ms,408.233948
1779466765.440,/benchmark/inference_ms,405.848785
1779466765.855,/benchmark/inference_ms,373.133209
1779466766.367,/benchmark/inference_ms,435.631195
1779466766.859,/benchmark/inference_ms,443.605194
1779466767.215,/benchmark/inference_ms,312.758575
1779466767.613,/benchmark/inference_ms,347.302948
1779466768.101,/benchmark/inference_ms,429.874176
1779466768.611,/benchmark/inference_ms,453.540588
1779466769.072,/benchmark/inference_ms,409.946350
1779466769.470,/benchmark/inference_ms,349.101776
1779466770.013,/benchmark/inference_ms,486.735931
1779466770.526,/benchmark/inference_ms,452.371552
1779466770.973,/benchmark/inference_ms,394.447937
1779466771.419,/benchmark/inference_ms,386.937347
1779466771.838,/benchmark/inference_ms,369.482910
1779466772.225,/benchmark/inference_ms,345.318665
1779466772.618,/benchmark/inference_ms,343.433838
1779466773.076,/benchmark/inference_ms,408.974548
1779466773.577,/benchmark/inference_ms,439.895081
1779466774.060,/benchmark/inference_ms,436.096375
1779466774.501,/benchmark/inference_ms,392.662567
1779466774.926,/benchmark/inference_ms,372.477905
1779466775.381,/benchmark/inference_ms,404.169983
1779466775.860,/benchmark/inference_ms,436.859161
1779466776.311,/benchmark/inference_ms,410.175598
1779466776.835,/benchmark/inference_ms,469.127289
1779466777.354,/benchmark/inference_ms,467.624695
1779466777.838,/benchmark/inference_ms,429.935303
1779466778.283,/benchmark/inference_ms,380.101105
1779466778.752,/benchmark/inference_ms,426.209167
1779466779.146,/benchmark/inference_ms,331.550232
1779466779.526,/benchmark/inference_ms,333.103516
1779466780.026,/benchmark/inference_ms,453.622986
1779466780.541,/benchmark/inference_ms,468.658264
1779466780.967,/benchmark/inference_ms,387.174194
1779466781.442,/benchmark/inference_ms,434.359711
1779466781.947,/benchmark/inference_ms,459.611664
1779466782.377,/benchmark/inference_ms,389.598999
1779466782.846,/benchmark/inference_ms,427.711243
1779466783.318,/benchmark/inference_ms,414.531464
1779466783.706,/benchmark/inference_ms,332.643616
1779466784.147,/benchmark/inference_ms,397.152069
1779466784.631,/benchmark/inference_ms,429.408295
1779466785.035,/benchmark/inference_ms,365.273071
1779466785.536,/benchmark/inference_ms,456.524017
1779466786.018,/benchmark/inference_ms,438.247803
1779466786.477,/benchmark/inference_ms,413.729248
1779466786.712,/benchmark/inference_ms,206.485306
1779466787.118,/benchmark/inference_ms,361.541260
1779466787.560,/benchmark/inference_ms,391.032928
1779466787.967,/benchmark/inference_ms,353.782227
1779466788.420,/benchmark/inference_ms,396.795319
1779466788.899,/benchmark/inference_ms,430.977966
1779466789.305,/benchmark/inference_ms,358.472137
1779466789.813,/benchmark/inference_ms,458.279816
1779466790.236,/benchmark/inference_ms,373.462067
1779466790.651,/benchmark/inference_ms,360.024719
1779466791.142,/benchmark/inference_ms,434.393219
1779466791.672,/benchmark/inference_ms,486.329163
1779466792.145,/benchmark/inference_ms,403.492432
1779466792.575,/benchmark/inference_ms,385.488159
1779466793.038,/benchmark/inference_ms,423.006958
1779466793.390,/benchmark/inference_ms,303.808685
1779466793.863,/benchmark/inference_ms,409.084839
1779466794.267,/benchmark/inference_ms,352.377075
1779466794.772,/benchmark/inference_ms,450.843292
1779466795.261,/benchmark/inference_ms,428.828461
1779466795.698,/benchmark/inference_ms,370.670624
1779466796.104,/benchmark/inference_ms,346.699280
1779466796.461,/benchmark/inference_ms,305.550690
1779466796.986,/benchmark/inference_ms,464.684052
1779466797.472,/benchmark/inference_ms,433.780426
1779466798.009,/benchmark/inference_ms,475.815582
1779466798.459,/benchmark/inference_ms,403.306763
1779466798.903,/benchmark/inference_ms,402.017395
1779466799.367,/benchmark/inference_ms,421.514191
1779466799.775,/benchmark/inference_ms,342.345215
1779466800.193,/benchmark/inference_ms,358.548157
1779466800.730,/benchmark/inference_ms,475.655029
1779466801.194,/benchmark/inference_ms,413.413635
1779466801.724,/benchmark/inference_ms,463.839203
1779466802.152,/benchmark/inference_ms,385.736633
1779466802.582,/benchmark/inference_ms,360.463928
1779466802.981,/benchmark/inference_ms,351.161072
1779466803.534,/benchmark/inference_ms,513.055664
1779466803.979,/benchmark/inference_ms,399.520874
1779466804.388,/benchmark/inference_ms,350.124420
1779466804.809,/benchmark/inference_ms,364.277191
1779466805.165,/benchmark/inference_ms,315.900726
1779466805.699,/benchmark/inference_ms,494.386780
1779466806.154,/benchmark/inference_ms,391.760468
1779466806.531,/benchmark/inference_ms,334.878448
1779466806.900,/benchmark/inference_ms,334.755524
1779466807.279,/benchmark/inference_ms,349.998352
1779466807.657,/benchmark/inference_ms,329.014008
1779466808.124,/benchmark/inference_ms,412.692078
1779466808.574,/benchmark/inference_ms,394.187714
1779466809.016,/benchmark/inference_ms,395.063812
1779466809.500,/benchmark/inference_ms,443.768799
1779466809.931,/benchmark/inference_ms,381.393768
1779466810.315,/benchmark/inference_ms,329.741760
1779466810.733,/benchmark/inference_ms,372.605652
1779466811.275,/benchmark/inference_ms,497.913971
1779466811.691,/benchmark/inference_ms,371.454834
1779466812.066,/benchmark/inference_ms,329.368652
1779466812.480,/benchmark/inference_ms,355.518951
1779466632.823,/benchmark/latency_ms,541.181885
1779466633.315,/benchmark/latency_ms,515.783142
1779466633.782,/benchmark/latency_ms,494.229462
1779466634.261,/benchmark/latency_ms,494.352814
1779466634.829,/benchmark/latency_ms,585.350220
1779466635.281,/benchmark/latency_ms,479.080597
1779466635.690,/benchmark/latency_ms,428.675293
1779466636.110,/benchmark/latency_ms,439.146881
1779466636.609,/benchmark/latency_ms,529.332703
1779466637.005,/benchmark/latency_ms,380.244415
1779466637.437,/benchmark/latency_ms,455.432098
1779466637.768,/benchmark/latency_ms,344.517365
1779466638.270,/benchmark/latency_ms,508.501923
1779466638.669,/benchmark/latency_ms,412.313995
1779466639.172,/benchmark/latency_ms,515.722290
1779466639.654,/benchmark/latency_ms,509.305969
1779466640.101,/benchmark/latency_ms,464.473480
1779466640.574,/benchmark/latency_ms,460.701813
1779466641.045,/benchmark/latency_ms,469.824249
1779466641.601,/benchmark/latency_ms,514.854980
1779466642.043,/benchmark/latency_ms,468.542206
1779466642.495,/benchmark/latency_ms,462.501434
1779466643.028,/benchmark/latency_ms,553.560974
1779466643.527,/benchmark/latency_ms,518.130920
1779466643.953,/benchmark/latency_ms,438.840240
1779466644.411,/benchmark/latency_ms,481.342865
1779466644.895,/benchmark/latency_ms,481.895996
1779466645.374,/benchmark/latency_ms,489.295563
1779466645.811,/benchmark/latency_ms,429.028687
1779466646.274,/benchmark/latency_ms,479.856354
1779466646.754,/benchmark/latency_ms,494.555511
1779466647.240,/benchmark/latency_ms,483.257751
1779466647.613,/benchmark/latency_ms,401.562622
1779466648.113,/benchmark/latency_ms,534.129822
1779466648.546,/benchmark/latency_ms,454.849457
1779466649.022,/benchmark/latency_ms,470.482971
1779466649.431,/benchmark/latency_ms,408.786987
1779466649.957,/benchmark/latency_ms,543.409912
1779466650.396,/benchmark/latency_ms,464.496246
1779466650.942,/benchmark/latency_ms,561.138367
1779466651.415,/benchmark/latency_ms,493.421722
1779466651.866,/benchmark/latency_ms,467.267059
1779466652.267,/benchmark/latency_ms,423.498993
1779466652.736,/benchmark/latency_ms,483.025848
1779466653.206,/benchmark/latency_ms,477.948395
1779466653.683,/benchmark/latency_ms,496.519836
1779466654.162,/benchmark/latency_ms,477.028046
1779466654.643,/benchmark/latency_ms,489.537689
1779466655.061,/benchmark/latency_ms,445.549286
1779466655.500,/benchmark/latency_ms,455.436340
1779466655.911,/benchmark/latency_ms,427.189880
1779466656.341,/benchmark/latency_ms,450.738647
1779466656.739,/benchmark/latency_ms,426.700500
1779466657.136,/benchmark/latency_ms,398.848938
1779466657.492,/benchmark/latency_ms,382.954498
1779466657.887,/benchmark/latency_ms,412.570007
1779466658.376,/benchmark/latency_ms,502.412048
1779466658.802,/benchmark/latency_ms,445.745972
1779466659.240,/benchmark/latency_ms,450.835480
1779466659.704,/benchmark/latency_ms,460.101776
1779466660.117,/benchmark/latency_ms,430.147186
1779466660.579,/benchmark/latency_ms,446.795044
1779466661.077,/benchmark/latency_ms,529.257263
1779466661.590,/benchmark/latency_ms,536.163391
1779466662.073,/benchmark/latency_ms,501.398163
1779466662.526,/benchmark/latency_ms,466.579407
1779466663.007,/benchmark/latency_ms,503.238678
1779466663.470,/benchmark/latency_ms,487.926331
1779466663.894,/benchmark/latency_ms,442.951080
1779466664.307,/benchmark/latency_ms,362.842377
1779466664.719,/benchmark/latency_ms,428.258667
1779466665.135,/benchmark/latency_ms,408.115448
1779466665.646,/benchmark/latency_ms,497.957397
1779466666.130,/benchmark/latency_ms,508.408173
1779466666.618,/benchmark/latency_ms,485.102844
1779466667.061,/benchmark/latency_ms,468.782196
1779466667.492,/benchmark/latency_ms,428.936768
1779466667.915,/benchmark/latency_ms,437.456421
1779466668.410,/benchmark/latency_ms,512.888489
1779466668.879,/benchmark/latency_ms,495.024384
1779466669.304,/benchmark/latency_ms,446.937653
1779466669.748,/benchmark/latency_ms,460.715637
1779466670.217,/benchmark/latency_ms,492.031158
1779466670.667,/benchmark/latency_ms,468.221558
1779466671.098,/benchmark/latency_ms,449.703247
1779466671.482,/benchmark/latency_ms,400.306183
1779466671.933,/benchmark/latency_ms,465.019867
1779466672.454,/benchmark/latency_ms,537.429443
1779466672.917,/benchmark/latency_ms,459.159241
1779466673.374,/benchmark/latency_ms,471.400879
1779466673.839,/benchmark/latency_ms,481.161407
1779466674.276,/benchmark/latency_ms,441.634430
1779466674.700,/benchmark/latency_ms,459.141907
1779466675.200,/benchmark/latency_ms,484.968750
1779466675.561,/benchmark/latency_ms,392.683929
1779466676.062,/benchmark/latency_ms,521.745605
1779466676.518,/benchmark/latency_ms,473.832062
1779466676.967,/benchmark/latency_ms,458.776398
1779466677.431,/benchmark/latency_ms,492.490021
1779466677.952,/benchmark/latency_ms,539.707886
1779466678.368,/benchmark/latency_ms,431.954590
1779466678.860,/benchmark/latency_ms,506.997192
1779466679.369,/benchmark/latency_ms,525.521545
1779466679.829,/benchmark/latency_ms,455.572906
1779466680.306,/benchmark/latency_ms,500.418884
1779466680.764,/benchmark/latency_ms,473.432526
1779466681.217,/benchmark/latency_ms,455.922058
1779466681.712,/benchmark/latency_ms,519.417725
1779466682.196,/benchmark/latency_ms,509.482941
1779466682.646,/benchmark/latency_ms,445.880920
1779466683.140,/benchmark/latency_ms,504.025635
1779466683.632,/benchmark/latency_ms,522.127563
1779466684.109,/benchmark/latency_ms,490.252228
1779466684.541,/benchmark/latency_ms,464.970734
1779466684.923,/benchmark/latency_ms,409.452881
1779466685.319,/benchmark/latency_ms,416.804810
1779466685.816,/benchmark/latency_ms,501.310547
1779466686.203,/benchmark/latency_ms,404.445404
1779466686.614,/benchmark/latency_ms,409.615540
1779466687.129,/benchmark/latency_ms,493.154327
1779466687.557,/benchmark/latency_ms,417.305420
1779466688.034,/benchmark/latency_ms,491.950531
1779466688.542,/benchmark/latency_ms,505.530060
1779466689.018,/benchmark/latency_ms,470.840546
1779466689.452,/benchmark/latency_ms,432.886597
1779466689.901,/benchmark/latency_ms,472.862762
1779466690.415,/benchmark/latency_ms,526.346069
1779466690.910,/benchmark/latency_ms,522.678284
1779466691.446,/benchmark/latency_ms,533.698975
1779466691.952,/benchmark/latency_ms,518.589661
1779466692.438,/benchmark/latency_ms,505.349213
1779466692.896,/benchmark/latency_ms,486.473145
1779466693.389,/benchmark/latency_ms,509.731445
1779466693.819,/benchmark/latency_ms,456.340607
1779466694.288,/benchmark/latency_ms,487.983643
1779466694.744,/benchmark/latency_ms,471.096405
1779466695.094,/benchmark/latency_ms,342.920105
1779466695.538,/benchmark/latency_ms,457.786774
1779466695.979,/benchmark/latency_ms,460.824097
1779466696.477,/benchmark/latency_ms,510.473785
1779466696.841,/benchmark/latency_ms,388.933929
1779466697.276,/benchmark/latency_ms,452.999481
1779466697.697,/benchmark/latency_ms,415.062561
1779466698.222,/benchmark/latency_ms,540.966919
1779466698.611,/benchmark/latency_ms,404.198273
1779466699.048,/benchmark/latency_ms,441.611847
1779466699.509,/benchmark/latency_ms,478.303040
1779466700.046,/benchmark/latency_ms,555.717224
1779466700.452,/benchmark/latency_ms,421.763641
1779466700.878,/benchmark/latency_ms,444.812408
1779466701.423,/benchmark/latency_ms,540.137451
1779466701.855,/benchmark/latency_ms,455.917755
1779466702.323,/benchmark/latency_ms,473.978546
1779466702.785,/benchmark/latency_ms,497.201996
1779466703.219,/benchmark/latency_ms,446.968353
1779466703.721,/benchmark/latency_ms,496.916656
1779466704.211,/benchmark/latency_ms,513.160950
1779466704.685,/benchmark/latency_ms,470.461426
1779466705.093,/benchmark/latency_ms,433.333344
1779466705.388,/benchmark/latency_ms,304.950439
1779466705.874,/benchmark/latency_ms,488.106445
1779466706.368,/benchmark/latency_ms,500.730896
1779466706.789,/benchmark/latency_ms,431.593933
1779466707.218,/benchmark/latency_ms,435.641083
1779466707.638,/benchmark/latency_ms,438.081543
1779466708.049,/benchmark/latency_ms,405.790344
1779466708.530,/benchmark/latency_ms,478.079468
1779466708.977,/benchmark/latency_ms,469.810272
1779466709.384,/benchmark/latency_ms,428.438019
1779466709.818,/benchmark/latency_ms,398.349426
1779466710.292,/benchmark/latency_ms,468.133209
1779466710.711,/benchmark/latency_ms,437.244843
1779466711.129,/benchmark/latency_ms,434.342468
1779466711.557,/benchmark/latency_ms,446.950684
1779466712.017,/benchmark/latency_ms,478.459503
1779466712.471,/benchmark/latency_ms,450.648712
1779466712.934,/benchmark/latency_ms,478.087341
1779466713.315,/benchmark/latency_ms,399.296875
1779466713.761,/benchmark/latency_ms,460.113342
1779466714.147,/benchmark/latency_ms,403.094727
1779466714.586,/benchmark/latency_ms,457.908844
1779466714.991,/benchmark/latency_ms,420.813202
1779466715.420,/benchmark/latency_ms,453.426208
1779466715.959,/benchmark/latency_ms,553.183716
1779466716.452,/benchmark/latency_ms,485.350372
1779466716.867,/benchmark/latency_ms,431.558441
1779466717.390,/benchmark/latency_ms,549.314636
1779466717.821,/benchmark/latency_ms,424.464600
1779466718.329,/benchmark/latency_ms,531.259338
1779466718.792,/benchmark/latency_ms,469.213776
1779466719.317,/benchmark/latency_ms,543.608215
1779466719.824,/benchmark/latency_ms,520.372681
1779466720.289,/benchmark/latency_ms,482.126831
1779466720.791,/benchmark/latency_ms,518.870056
1779466721.225,/benchmark/latency_ms,427.699829
1779466721.745,/benchmark/latency_ms,536.242737
1779466722.182,/benchmark/latency_ms,456.362976
1779466722.680,/benchmark/latency_ms,506.465881
1779466723.143,/benchmark/latency_ms,490.542603
1779466723.573,/benchmark/latency_ms,452.598999
1779466723.931,/benchmark/latency_ms,379.030548
1779466724.473,/benchmark/latency_ms,548.933716
1779466724.984,/benchmark/latency_ms,537.327026
1779466725.433,/benchmark/latency_ms,454.213013
1779466725.854,/benchmark/latency_ms,434.960907
1779466726.372,/benchmark/latency_ms,531.894409
1779466726.810,/benchmark/latency_ms,444.676758
1779466727.227,/benchmark/latency_ms,413.772736
1779466727.638,/benchmark/latency_ms,423.626923
1779466728.157,/benchmark/latency_ms,532.690857
1779466728.552,/benchmark/latency_ms,396.634552
1779466729.064,/benchmark/latency_ms,534.029846
1779466729.566,/benchmark/latency_ms,486.568573
1779466730.023,/benchmark/latency_ms,453.557800
1779466730.522,/benchmark/latency_ms,512.425110
1779466730.973,/benchmark/latency_ms,464.670624
1779466731.486,/benchmark/latency_ms,527.876465
1779466731.962,/benchmark/latency_ms,466.576996
1779466732.451,/benchmark/latency_ms,530.060059
1779466732.892,/benchmark/latency_ms,411.821411
1779466733.351,/benchmark/latency_ms,461.652069
1779466733.885,/benchmark/latency_ms,542.520874
1779466734.416,/benchmark/latency_ms,523.985107
1779466734.872,/benchmark/latency_ms,472.198730
1779466735.383,/benchmark/latency_ms,500.520996
1779466735.918,/benchmark/latency_ms,550.736084
1779466736.411,/benchmark/latency_ms,508.893585
1779466736.783,/benchmark/latency_ms,389.591766
1779466737.277,/benchmark/latency_ms,474.657837
1779466737.777,/benchmark/latency_ms,519.047546
1779466738.331,/benchmark/latency_ms,565.268982
1779466738.858,/benchmark/latency_ms,540.024109
1779466739.322,/benchmark/latency_ms,483.420471
1779466739.718,/benchmark/latency_ms,389.940063
1779466740.274,/benchmark/latency_ms,531.953186
1779466740.701,/benchmark/latency_ms,454.940063
1779466741.159,/benchmark/latency_ms,475.090271
1779466741.587,/benchmark/latency_ms,445.809814
1779466742.109,/benchmark/latency_ms,522.794312
1779466742.488,/benchmark/latency_ms,407.098877
1779466742.969,/benchmark/latency_ms,497.831512
1779466743.429,/benchmark/latency_ms,480.369507
1779466743.861,/benchmark/latency_ms,449.477966
1779466744.292,/benchmark/latency_ms,447.934387
1779466744.756,/benchmark/latency_ms,482.105011
1779466745.216,/benchmark/latency_ms,471.340515
1779466745.728,/benchmark/latency_ms,509.605743
1779466746.131,/benchmark/latency_ms,417.181702
1779466746.593,/benchmark/latency_ms,472.699493
1779466747.029,/benchmark/latency_ms,445.524109
1779466747.270,/benchmark/latency_ms,255.103760
1779466747.677,/benchmark/latency_ms,422.193787
1779466748.073,/benchmark/latency_ms,412.463745
1779466748.476,/benchmark/latency_ms,398.812805
1779466748.890,/benchmark/latency_ms,432.563721
1779466749.351,/benchmark/latency_ms,476.964813
1779466749.863,/benchmark/latency_ms,552.541016
1779466750.278,/benchmark/latency_ms,429.630463
1779466750.707,/benchmark/latency_ms,452.637054
1779466751.240,/benchmark/latency_ms,540.135254
1779466751.703,/benchmark/latency_ms,483.407013
1779466752.199,/benchmark/latency_ms,515.535339
1779466752.641,/benchmark/latency_ms,472.907166
1779466753.084,/benchmark/latency_ms,463.300995
1779466753.539,/benchmark/latency_ms,450.291565
1779466753.992,/benchmark/latency_ms,475.381531
1779466754.519,/benchmark/latency_ms,520.683594
1779466755.066,/benchmark/latency_ms,575.766663
1779466755.499,/benchmark/latency_ms,452.839569
1779466756.003,/benchmark/latency_ms,483.103516
1779466756.449,/benchmark/latency_ms,444.487061
1779466756.892,/benchmark/latency_ms,434.826080
1779466757.265,/benchmark/latency_ms,369.755280
1779466757.750,/benchmark/latency_ms,493.597931
1779466758.244,/benchmark/latency_ms,491.297791
1779466758.681,/benchmark/latency_ms,452.479828
1779466759.114,/benchmark/latency_ms,446.090179
1779466759.528,/benchmark/latency_ms,411.839081
1779466759.881,/benchmark/latency_ms,372.488770
1779466760.302,/benchmark/latency_ms,438.151123
1779466760.746,/benchmark/latency_ms,466.792053
1779466761.162,/benchmark/latency_ms,439.356384
1779466761.473,/benchmark/latency_ms,324.035583
1779466761.879,/benchmark/latency_ms,427.361786
1779466762.170,/benchmark/latency_ms,279.582794
1779466762.572,/benchmark/latency_ms,412.811829
1779466763.110,/benchmark/latency_ms,553.958557
1779466763.596,/benchmark/latency_ms,506.516205
1779466764.062,/benchmark/latency_ms,483.956482
1779466764.527,/benchmark/latency_ms,474.030914
1779466764.984,/benchmark/latency_ms,485.319641
1779466765.441,/benchmark/latency_ms,480.096222
1779466765.855,/benchmark/latency_ms,424.015167
1779466766.379,/benchmark/latency_ms,497.964264
1779466766.860,/benchmark/latency_ms,518.040955
1779466767.227,/benchmark/latency_ms,378.984772
1779466767.613,/benchmark/latency_ms,395.587616
1779466768.102,/benchmark/latency_ms,508.006226
1779466768.612,/benchmark/latency_ms,543.755615
1779466769.074,/benchmark/latency_ms,473.813049
1779466769.467,/benchmark/latency_ms,418.357117
1779466770.014,/benchmark/latency_ms,569.239685
1779466770.527,/benchmark/latency_ms,529.481934
1779466770.974,/benchmark/latency_ms,465.013885
1779466771.422,/benchmark/latency_ms,454.726715
1779466771.838,/benchmark/latency_ms,430.454620
1779466772.221,/benchmark/latency_ms,389.528473
1779466772.621,/benchmark/latency_ms,390.893524
1779466773.078,/benchmark/latency_ms,469.712769
1779466773.579,/benchmark/latency_ms,519.382935
1779466774.061,/benchmark/latency_ms,499.495392
1779466774.503,/benchmark/latency_ms,465.079468
1779466774.927,/benchmark/latency_ms,433.573151
1779466775.381,/benchmark/latency_ms,471.193451
1779466775.860,/benchmark/latency_ms,511.241028
1779466776.313,/benchmark/latency_ms,469.088043
1779466776.833,/benchmark/latency_ms,539.770813
1779466777.350,/benchmark/latency_ms,512.283569
1779466777.839,/benchmark/latency_ms,509.822296
1779466778.284,/benchmark/latency_ms,434.756592
1779466778.753,/benchmark/latency_ms,484.373505
1779466779.148,/benchmark/latency_ms,390.865112
1779466779.526,/benchmark/latency_ms,399.760498
1779466780.029,/benchmark/latency_ms,520.929626
1779466780.542,/benchmark/latency_ms,536.614380
1779466780.979,/benchmark/latency_ms,443.960968
1779466781.444,/benchmark/latency_ms,492.528870
1779466781.959,/benchmark/latency_ms,521.157654
1779466782.380,/benchmark/latency_ms,444.419495
1779466782.848,/benchmark/latency_ms,486.451263
1779466783.320,/benchmark/latency_ms,494.594269
1779466783.706,/benchmark/latency_ms,405.559967
1779466784.160,/benchmark/latency_ms,433.764465
1779466784.631,/benchmark/latency_ms,489.107269
1779466785.047,/benchmark/latency_ms,433.559998
1779466785.536,/benchmark/latency_ms,515.970154
1779466786.019,/benchmark/latency_ms,501.649323
1779466786.479,/benchmark/latency_ms,476.663574
1779466786.715,/benchmark/latency_ms,251.020309
1779466787.121,/benchmark/latency_ms,414.698822
1779466787.560,/benchmark/latency_ms,457.941589
1779466787.965,/benchmark/latency_ms,407.305511
1779466788.421,/benchmark/latency_ms,445.326141
1779466788.900,/benchmark/latency_ms,493.663147
1779466789.305,/benchmark/latency_ms,424.940582
1779466789.815,/benchmark/latency_ms,527.934875
1779466790.238,/benchmark/latency_ms,443.630707
1779466790.652,/benchmark/latency_ms,441.107117
1779466791.143,/benchmark/latency_ms,505.193512
1779466791.675,/benchmark/latency_ms,552.977478
1779466792.146,/benchmark/latency_ms,486.784943
1779466792.587,/benchmark/latency_ms,440.103790
1779466793.039,/benchmark/latency_ms,476.922028
1779466793.392,/benchmark/latency_ms,346.859314
1779466793.864,/benchmark/latency_ms,466.803314
1779466794.268,/benchmark/latency_ms,415.626526
1779466794.766,/benchmark/latency_ms,520.553406
1779466795.262,/benchmark/latency_ms,499.825775
1779466795.699,/benchmark/latency_ms,467.148346
1779466796.106,/benchmark/latency_ms,416.195099
1779466796.464,/benchmark/latency_ms,354.307220
1779466796.986,/benchmark/latency_ms,539.216492
1779466797.470,/benchmark/latency_ms,502.723267
1779466798.009,/benchmark/latency_ms,552.673157
1779466798.462,/benchmark/latency_ms,447.033173
1779466798.903,/benchmark/latency_ms,464.786896
1779466799.368,/benchmark/latency_ms,483.472565
1779466799.776,/benchmark/latency_ms,405.810242
1779466800.194,/benchmark/latency_ms,440.890717
1779466800.731,/benchmark/latency_ms,526.593994
1779466801.208,/benchmark/latency_ms,475.723267
1779466801.721,/benchmark/latency_ms,516.984314
1779466802.153,/benchmark/latency_ms,426.308594
1779466802.582,/benchmark/latency_ms,452.462677
1779466802.982,/benchmark/latency_ms,425.910553
1779466803.537,/benchmark/latency_ms,568.563477
1779466803.980,/benchmark/latency_ms,467.494934
1779466804.389,/benchmark/latency_ms,404.087494
1779466804.822,/benchmark/latency_ms,439.307281
1779466805.166,/benchmark/latency_ms,372.992462
1779466805.700,/benchmark/latency_ms,555.614441
1779466806.166,/benchmark/latency_ms,453.574463
1779466806.526,/benchmark/latency_ms,383.692566
1779466806.901,/benchmark/latency_ms,373.028412
1779466807.281,/benchmark/latency_ms,384.767548
1779466807.658,/benchmark/latency_ms,390.812958
1779466808.124,/benchmark/latency_ms,480.416504
1779466808.576,/benchmark/latency_ms,473.023956
1779466809.028,/benchmark/latency_ms,471.087708
1779466809.501,/benchmark/latency_ms,498.971222
1779466809.931,/benchmark/latency_ms,426.685638
1779466810.313,/benchmark/latency_ms,400.852081
1779466810.734,/benchmark/latency_ms,429.047058
1779466811.276,/benchmark/latency_ms,538.723999
1779466811.692,/benchmark/latency_ms,431.446930
1779466812.078,/benchmark/latency_ms,395.110168
1779466812.481,/benchmark/latency_ms,430.658447
1779466632.939,/node/cpu_percent,24.494949
1779466633.441,/node/cpu_percent,29.396984
1779466633.939,/node/cpu_percent,21.065990
1779466634.439,/node/cpu_percent,24.494949
1779466634.939,/node/cpu_percent,19.746836
1779466635.439,/node/cpu_percent,20.151133
1779466635.940,/node/cpu_percent,20.151133
1779466636.439,/node/cpu_percent,23.677582
1779466636.940,/node/cpu_percent,33.418365
1779466637.439,/node/cpu_percent,30.922693
1779466637.939,/node/cpu_percent,18.829517
1779466638.439,/node/cpu_percent,19.346733
1779466638.940,/node/cpu_percent,20.595533
1779466639.439,/node/cpu_percent,18.622450
1779466639.942,/node/cpu_percent,20.906801
1779466640.439,/node/cpu_percent,20.347395
1779466640.939,/node/cpu_percent,20.250000
1779466641.439,/node/cpu_percent,20.595533
1779466641.938,/node/cpu_percent,19.597990
1779466642.439,/node/cpu_percent,20.906801
1779466642.939,/node/cpu_percent,19.387754
1779466643.439,/node/cpu_percent,19.444445
1779466643.939,/node/cpu_percent,20.750000
1779466644.439,/node/cpu_percent,20.792080
1779466644.939,/node/cpu_percent,19.191919
1779466645.439,/node/cpu_percent,18.781727
1779466645.939,/node/cpu_percent,20.000000
1779466646.439,/node/cpu_percent,22.979797
1779466646.939,/node/cpu_percent,32.575756
1779466647.440,/node/cpu_percent,35.087719
1779466647.941,/node/cpu_percent,19.548872
1779466648.440,/node/cpu_percent,19.346733
1779466648.940,/node/cpu_percent,19.647356
1779466649.439,/node/cpu_percent,19.796955
1779466649.939,/node/cpu_percent,22.194513
1779466650.439,/node/cpu_percent,19.143578
1779466650.939,/node/cpu_percent,18.844221
1779466651.439,/node/cpu_percent,20.802006
1779466651.942,/node/cpu_percent,21.518988
1779466652.439,/node/cpu_percent,19.696970
1779466652.940,/node/cpu_percent,21.481482
1779466653.439,/node/cpu_percent,20.351759
1779466653.941,/node/cpu_percent,19.799500
1779466654.440,/node/cpu_percent,18.829517
1779466654.940,/node/cpu_percent,19.143578
1779466655.440,/node/cpu_percent,19.493671
1779466655.940,/node/cpu_percent,19.548872
1779466656.439,/node/cpu_percent,24.438902
1779466656.942,/node/cpu_percent,33.250000
1779466657.441,/node/cpu_percent,30.867348
1779466657.939,/node/cpu_percent,19.346733
1779466658.438,/node/cpu_percent,19.750000
1779466658.940,/node/cpu_percent,20.398010
1779466659.442,/node/cpu_percent,21.695761
1779466659.939,/node/cpu_percent,21.410580
1779466660.439,/node/cpu_percent,20.100502
1779466660.941,/node/cpu_percent,18.527918
1779466661.440,/node/cpu_percent,19.647356
1779466661.940,/node/cpu_percent,20.802006
1779466662.442,/node/cpu_percent,19.799500
1779466662.939,/node/cpu_percent,20.802006
1779466663.440,/node/cpu_percent,21.695761
1779466663.940,/node/cpu_percent,19.849247
1779466664.439,/node/cpu_percent,20.646767
1779466664.940,/node/cpu_percent,19.799500
1779466665.440,/node/cpu_percent,21.065990
1779466665.940,/node/cpu_percent,19.597990
1779466666.440,/node/cpu_percent,23.037975
1779466666.942,/node/cpu_percent,34.771572
1779466667.440,/node/cpu_percent,33.501259
1779466667.939,/node/cpu_percent,21.588089
1779466668.438,/node/cpu_percent,19.250000
1779466668.940,/node/cpu_percent,20.351759
1779466669.439,/node/cpu_percent,20.300753
1779466669.940,/node/cpu_percent,20.506329
1779466670.439,/node/cpu_percent,19.799500
1779466670.942,/node/cpu_percent,20.500000
1779466671.440,/node/cpu_percent,19.132652
1779466671.939,/node/cpu_percent,20.250000
1779466672.439,/node/cpu_percent,19.647356
1779466672.939,/node/cpu_percent,19.796955
1779466673.440,/node/cpu_percent,19.899244
1779466673.941,/node/cpu_percent,20.947632
1779466674.439,/node/cpu_percent,19.647356
1779466674.939,/node/cpu_percent,19.191919
1779466675.439,/node/cpu_percent,19.083969
1779466675.941,/node/cpu_percent,20.646767
1779466676.440,/node/cpu_percent,23.366835
1779466676.940,/node/cpu_percent,33.670887
1779466677.439,/node/cpu_percent,34.500000
1779466677.939,/node/cpu_percent,23.250000
1779466678.440,/node/cpu_percent,20.000000
1779466678.939,/node/cpu_percent,20.603016
1779466679.439,/node/cpu_percent,20.100502
1779466679.939,/node/cpu_percent,20.759493
1779466680.439,/node/cpu_percent,19.849247
1779466680.939,/node/cpu_percent,19.799500
1779466681.439,/node/cpu_percent,20.843672
1779466681.939,/node/cpu_percent,22.391857
1779466682.439,/node/cpu_percent,19.395466
1779466682.939,/node/cpu_percent,19.949495
1779466683.439,/node/cpu_percent,20.000000
1779466683.939,/node/cpu_percent,20.750000
1779466684.439,/node/cpu_percent,19.191919
1779466684.938,/node/cpu_percent,20.000000
1779466685.439,/node/cpu_percent,22.194513
1779466685.942,/node/cpu_percent,20.246914
1779466686.439,/node/cpu_percent,22.391857
1779466686.939,/node/cpu_percent,32.658226
1779466687.439,/node/cpu_percent,33.585857
1779466687.939,/node/cpu_percent,20.000000
1779466688.439,/node/cpu_percent,18.939394
1779466688.939,/node/cpu_percent,20.297029
1779466689.440,/node/cpu_percent,20.750000
1779466689.940,/node/cpu_percent,19.849247
1779466690.438,/node/cpu_percent,19.746836
1779466690.938,/node/cpu_percent,21.481482
1779466691.438,/node/cpu_percent,18.939394
1779466691.939,/node/cpu_percent,19.444445
1779466692.438,/node/cpu_percent,19.899244
1779466692.939,/node/cpu_percent,22.828785
1779466693.439,/node/cpu_percent,29.177057
1779466693.939,/node/cpu_percent,25.063292
1779466694.438,/node/cpu_percent,22.000000
1779466694.941,/node/cpu_percent,26.500000
1779466695.439,/node/cpu_percent,20.802006
1779466695.939,/node/cpu_percent,18.877550
1779466696.438,/node/cpu_percent,23.544304
1779466696.939,/node/cpu_percent,35.101009
1779466697.439,/node/cpu_percent,33.753147
1779466697.939,/node/cpu_percent,30.478590
1779466698.439,/node/cpu_percent,21.662468
1779466698.939,/node/cpu_percent,20.750000
1779466699.439,/node/cpu_percent,20.100502
1779466699.941,/node/cpu_percent,19.298246
1779466700.439,/node/cpu_percent,20.959597
1779466700.939,/node/cpu_percent,19.444445
1779466701.438,/node/cpu_percent,20.151133
1779466701.939,/node/cpu_percent,19.647356
1779466702.438,/node/cpu_percent,19.849247
1779466702.939,/node/cpu_percent,20.050762
1779466703.439,/node/cpu_percent,21.356785
1779466703.938,/node/cpu_percent,20.100502
1779466704.439,/node/cpu_percent,19.750000
1779466704.938,/node/cpu_percent,19.647356
1779466705.438,/node/cpu_percent,20.802006
1779466705.938,/node/cpu_percent,19.950125
1779466706.438,/node/cpu_percent,23.441397
1779466706.939,/node/cpu_percent,34.328358
1779466707.439,/node/cpu_percent,31.234257
1779466707.939,/node/cpu_percent,21.356785
1779466708.438,/node/cpu_percent,19.444445
1779466708.939,/node/cpu_percent,19.849247
1779466709.440,/node/cpu_percent,19.647356
1779466709.939,/node/cpu_percent,19.395466
1779466710.439,/node/cpu_percent,22.250000
1779466710.939,/node/cpu_percent,19.240507
1779466711.437,/node/cpu_percent,18.686869
1779466711.938,/node/cpu_percent,20.506329
1779466712.439,/node/cpu_percent,19.897959
1779466712.938,/node/cpu_percent,21.250000
1779466713.441,/node/cpu_percent,19.035534
1779466713.938,/node/cpu_percent,20.500000
1779466714.440,/node/cpu_percent,18.829517
1779466714.938,/node/cpu_percent,20.300753
1779466715.438,/node/cpu_percent,24.000000
1779466715.940,/node/cpu_percent,18.987341
1779466716.438,/node/cpu_percent,23.057644
1779466716.938,/node/cpu_percent,32.575756
1779466717.438,/node/cpu_percent,30.808081
1779466717.938,/node/cpu_percent,19.143578
1779466718.438,/node/cpu_percent,19.143578
1779466718.938,/node/cpu_percent,19.240507
1779466719.438,/node/cpu_percent,23.115578
1779466719.939,/node/cpu_percent,19.035534
1779466720.439,/node/cpu_percent,21.464647
1779466720.938,/node/cpu_percent,19.493671
1779466721.438,/node/cpu_percent,20.750000
1779466721.941,/node/cpu_percent,21.446384
1779466722.438,/node/cpu_percent,19.250000
1779466722.939,/node/cpu_percent,20.000000
1779466723.438,/node/cpu_percent,20.448877
1779466723.938,/node/cpu_percent,20.895523
1779466724.440,/node/cpu_percent,19.849247
1779466724.940,/node/cpu_percent,21.500000
1779466725.437,/node/cpu_percent,20.500000
1779466725.938,/node/cpu_percent,19.746836
1779466726.437,/node/cpu_percent,23.500000
1779466726.938,/node/cpu_percent,33.163265
1779466727.438,/node/cpu_percent,32.663315
1779466727.938,/node/cpu_percent,18.734177
1779466728.438,/node/cpu_percent,19.950125
1779466728.938,/node/cpu_percent,20.646767
1779466729.439,/node/cpu_percent,20.347395
1779466729.938,/node/cpu_percent,19.647356
1779466730.440,/node/cpu_percent,22.084368
1779466730.940,/node/cpu_percent,19.849247
1779466731.438,/node/cpu_percent,19.444445
1779466731.939,/node/cpu_percent,18.829517
1779466732.440,/node/cpu_percent,18.939394
1779466732.938,/node/cpu_percent,19.696970
1779466733.440,/node/cpu_percent,20.100502
1779466733.938,/node/cpu_percent,19.548872
1779466734.438,/node/cpu_percent,19.750000
1779466734.938,/node/cpu_percent,21.250000
1779466735.440,/node/cpu_percent,20.050125
1779466735.938,/node/cpu_percent,18.434343
1779466736.440,/node/cpu_percent,24.181360
1779466736.938,/node/cpu_percent,33.164558
1779466737.440,/node/cpu_percent,31.407036
1779466737.938,/node/cpu_percent,22.727272
1779466738.438,/node/cpu_percent,19.444445
1779466738.938,/node/cpu_percent,20.300753
1779466739.440,/node/cpu_percent,20.750000
1779466739.941,/node/cpu_percent,18.320610
1779466740.438,/node/cpu_percent,21.410580
1779466740.938,/node/cpu_percent,18.575064
1779466741.437,/node/cpu_percent,19.746836
1779466741.938,/node/cpu_percent,18.622450
1779466742.439,/node/cpu_percent,22.636816
1779466742.940,/node/cpu_percent,19.899244
1779466743.438,/node/cpu_percent,19.493671
1779466743.938,/node/cpu_percent,19.444445
1779466744.438,/node/cpu_percent,18.939394
1779466744.938,/node/cpu_percent,21.553885
1779466745.438,/node/cpu_percent,20.250000
1779466745.939,/node/cpu_percent,19.191919
1779466746.438,/node/cpu_percent,22.807018
1779466746.938,/node/cpu_percent,33.078880
1779466747.438,/node/cpu_percent,31.043257
1779466747.938,/node/cpu_percent,20.050125
1779466748.440,/node/cpu_percent,19.647356
1779466748.940,/node/cpu_percent,21.534653
1779466749.437,/node/cpu_percent,20.202021
1779466749.939,/node/cpu_percent,19.950125
1779466750.438,/node/cpu_percent,21.717173
1779466750.938,/node/cpu_percent,20.551378
1779466751.438,/node/cpu_percent,20.792080
1779466751.939,/node/cpu_percent,19.949495
1779466752.440,/node/cpu_percent,20.551378
1779466752.940,/node/cpu_percent,20.000000
1779466753.438,/node/cpu_percent,30.904522
1779466753.938,/node/cpu_percent,25.376884
1779466754.438,/node/cpu_percent,20.199501
1779466754.938,/node/cpu_percent,25.757576
1779466755.438,/node/cpu_percent,19.849247
1779466755.938,/node/cpu_percent,20.750000
1779466756.439,/node/cpu_percent,24.257425
1779466756.938,/node/cpu_percent,34.673367
1779466757.440,/node/cpu_percent,33.000000
1779466757.940,/node/cpu_percent,19.035534
1779466758.438,/node/cpu_percent,19.250000
1779466758.938,/node/cpu_percent,20.050125
1779466759.438,/node/cpu_percent,19.949495
1779466759.938,/node/cpu_percent,20.300753
1779466760.439,/node/cpu_percent,20.403023
1779466760.938,/node/cpu_percent,20.250000
1779466761.438,/node/cpu_percent,18.781727
1779466761.938,/node/cpu_percent,24.303797
1779466762.438,/node/cpu_percent,25.313284
1779466762.940,/node/cpu_percent,20.947632
1779466763.439,/node/cpu_percent,19.700748
1779466763.940,/node/cpu_percent,20.500000
1779466764.438,/node/cpu_percent,19.597990
1779466764.938,/node/cpu_percent,19.750000
1779466765.438,/node/cpu_percent,20.250000
1779466765.938,/node/cpu_percent,19.493671
1779466766.438,/node/cpu_percent,23.618090
1779466766.938,/node/cpu_percent,32.994923
1779466767.438,/node/cpu_percent,31.909548
1779466767.938,/node/cpu_percent,21.319798
1779466768.438,/node/cpu_percent,20.099257
1779466768.938,/node/cpu_percent,18.781727
1779466769.438,/node/cpu_percent,19.548872
1779466769.938,/node/cpu_percent,19.395466
1779466770.438,/node/cpu_percent,21.446384
1779466770.938,/node/cpu_percent,20.050125
1779466771.437,/node/cpu_percent,19.444445
1779466771.938,/node/cpu_percent,20.802006
1779466772.437,/node/cpu_percent,21.827412
1779466772.938,/node/cpu_percent,19.796955
1779466773.438,/node/cpu_percent,19.047619
1779466773.939,/node/cpu_percent,21.695761
1779466774.439,/node/cpu_percent,19.548872
1779466774.938,/node/cpu_percent,19.095478
1779466775.437,/node/cpu_percent,20.050125
1779466775.938,/node/cpu_percent,19.500000
1779466776.439,/node/cpu_percent,23.690773
1779466776.938,/node/cpu_percent,33.248730
1779466777.440,/node/cpu_percent,32.569973
1779466777.939,/node/cpu_percent,25.062656
1779466778.440,/node/cpu_percent,19.799500
1779466778.939,/node/cpu_percent,20.000000
1779466779.438,/node/cpu_percent,21.105528
1779466779.938,/node/cpu_percent,19.346733
1779466780.440,/node/cpu_percent,21.464647
1779466780.938,/node/cpu_percent,19.191919
1779466781.438,/node/cpu_percent,20.448877
1779466781.938,/node/cpu_percent,20.151133
1779466782.438,/node/cpu_percent,18.987341
1779466782.937,/node/cpu_percent,19.746836
1779466783.438,/node/cpu_percent,19.395466
1779466783.940,/node/cpu_percent,20.895523
1779466784.438,/node/cpu_percent,19.849247
1779466784.940,/node/cpu_percent,19.597990
1779466785.439,/node/cpu_percent,19.899244
1779466785.939,/node/cpu_percent,19.899244
1779466786.437,/node/cpu_percent,22.588833
1779466786.939,/node/cpu_percent,38.366337
1779466787.440,/node/cpu_percent,30.402010
1779466787.940,/node/cpu_percent,20.646767
1779466788.440,/node/cpu_percent,18.829517
1779466788.938,/node/cpu_percent,20.000000
1779466789.438,/node/cpu_percent,19.696970
1779466789.940,/node/cpu_percent,19.750000
1779466790.438,/node/cpu_percent,19.493671
1779466790.938,/node/cpu_percent,20.454546
1779466791.439,/node/cpu_percent,20.250000
1779466791.938,/node/cpu_percent,19.849247
1779466792.439,/node/cpu_percent,19.395466
1779466792.938,/node/cpu_percent,20.351759
1779466793.438,/node/cpu_percent,20.050125
1779466793.939,/node/cpu_percent,19.647356
1779466794.441,/node/cpu_percent,20.448877
1779466794.939,/node/cpu_percent,18.987341
1779466795.440,/node/cpu_percent,19.799500
1779466795.939,/node/cpu_percent,20.895523
1779466796.438,/node/cpu_percent,25.621891
1779466796.938,/node/cpu_percent,32.997482
1779466797.440,/node/cpu_percent,32.160805
1779466797.938,/node/cpu_percent,22.670025
1779466798.439,/node/cpu_percent,20.603016
1779466798.938,/node/cpu_percent,20.050125
1779466799.438,/node/cpu_percent,18.734177
1779466799.938,/node/cpu_percent,20.199501
1779466800.439,/node/cpu_percent,18.734177
1779466800.938,/node/cpu_percent,21.717173
1779466801.438,/node/cpu_percent,18.686869
1779466801.940,/node/cpu_percent,20.906801
1779466802.439,/node/cpu_percent,20.250000
1779466802.938,/node/cpu_percent,23.308271
1779466803.438,/node/cpu_percent,20.050125
1779466803.940,/node/cpu_percent,21.356785
1779466804.441,/node/cpu_percent,20.947632
1779466804.938,/node/cpu_percent,20.500000
1779466805.438,/node/cpu_percent,20.300753
1779466805.940,/node/cpu_percent,18.527918
1779466806.439,/node/cpu_percent,22.474747
1779466806.940,/node/cpu_percent,33.919598
1779466807.439,/node/cpu_percent,31.500000
1779466807.939,/node/cpu_percent,20.000000
1779466808.439,/node/cpu_percent,19.240507
1779466808.938,/node/cpu_percent,20.646767
1779466809.439,/node/cpu_percent,19.849247
1779466809.939,/node/cpu_percent,19.696970
1779466810.439,/node/cpu_percent,20.250000
1779466810.939,/node/cpu_percent,21.772152
1779466811.438,/node/cpu_percent,19.597990
1779466811.939,/node/cpu_percent,18.622450
1779466812.439,/node/cpu_percent,18.829517
1779466632.941,/node/gpu_percent,2.800000
1779466633.443,/node/gpu_percent,2.500000
1779466633.941,/node/gpu_percent,4.000000
1779466634.441,/node/gpu_percent,3.500000
1779466634.941,/node/gpu_percent,6.600000
1779466635.441,/node/gpu_percent,4.100000
1779466635.941,/node/gpu_percent,7.300000
1779466636.441,/node/gpu_percent,11.900000
1779466636.941,/node/gpu_percent,3.200000
1779466637.444,/node/gpu_percent,0.000000
1779466637.941,/node/gpu_percent,2.200000
1779466638.443,/node/gpu_percent,3.500000
1779466638.946,/node/gpu_percent,9.600000
1779466639.442,/node/gpu_percent,7.500000
1779466639.943,/node/gpu_percent,12.200000
1779466640.441,/node/gpu_percent,9.200000
1779466640.941,/node/gpu_percent,18.100000
1779466641.441,/node/gpu_percent,13.900000
1779466641.939,/node/gpu_percent,22.299999
1779466642.441,/node/gpu_percent,6.100000
1779466642.941,/node/gpu_percent,5.300000
1779466643.442,/node/gpu_percent,8.400000
1779466643.942,/node/gpu_percent,0.000000
1779466644.442,/node/gpu_percent,0.000000
1779466644.941,/node/gpu_percent,8.000000
1779466645.441,/node/gpu_percent,17.200001
1779466645.941,/node/gpu_percent,10.600000
1779466646.441,/node/gpu_percent,12.900000
1779466646.943,/node/gpu_percent,14.600000
1779466647.441,/node/gpu_percent,6.500000
1779466647.942,/node/gpu_percent,12.500000
1779466648.442,/node/gpu_percent,9.600000
1779466648.944,/node/gpu_percent,8.700000
1779466649.441,/node/gpu_percent,0.000000
1779466649.942,/node/gpu_percent,0.000000
1779466650.441,/node/gpu_percent,9.300000
1779466650.944,/node/gpu_percent,0.000000
1779466651.441,/node/gpu_percent,0.000000
1779466651.944,/node/gpu_percent,18.000000
1779466652.441,/node/gpu_percent,3.600000
1779466652.942,/node/gpu_percent,2.800000
1779466653.442,/node/gpu_percent,1.000000
1779466653.942,/node/gpu_percent,5.200000
1779466654.441,/node/gpu_percent,13.700000
1779466654.944,/node/gpu_percent,11.400000
1779466655.441,/node/gpu_percent,5.900000
1779466655.942,/node/gpu_percent,0.000000
1779466656.441,/node/gpu_percent,18.299999
1779466656.943,/node/gpu_percent,3.000000
1779466657.442,/node/gpu_percent,1.700000
1779466657.941,/node/gpu_percent,9.900000
1779466658.440,/node/gpu_percent,18.200001
1779466658.942,/node/gpu_percent,5.900000
1779466659.442,/node/gpu_percent,2.800000
1779466659.942,/node/gpu_percent,2.900000
1779466660.442,/node/gpu_percent,5.800000
1779466660.942,/node/gpu_percent,15.000000
1779466661.442,/node/gpu_percent,18.400000
1779466661.943,/node/gpu_percent,13.800000
1779466662.443,/node/gpu_percent,7.200000
1779466662.940,/node/gpu_percent,0.300000
1779466663.441,/node/gpu_percent,1.900000
1779466663.943,/node/gpu_percent,0.000000
1779466664.441,/node/gpu_percent,6.200000
1779466664.943,/node/gpu_percent,5.400000
1779466665.442,/node/gpu_percent,1.900000
1779466665.944,/node/gpu_percent,9.600000
1779466666.443,/node/gpu_percent,5.900000
1779466666.942,/node/gpu_percent,3.800000
1779466667.442,/node/gpu_percent,4.800000
1779466667.942,/node/gpu_percent,0.000000
1779466668.440,/node/gpu_percent,0.000000
1779466668.942,/node/gpu_percent,24.500000
1779466669.442,/node/gpu_percent,2.400000
1779466669.941,/node/gpu_percent,3.900000
1779466670.442,/node/gpu_percent,5.400000
1779466670.943,/node/gpu_percent,9.700000
1779466671.444,/node/gpu_percent,12.300000
1779466671.941,/node/gpu_percent,0.000000
1779466672.441,/node/gpu_percent,0.000000
1779466672.942,/node/gpu_percent,0.000000
1779466673.441,/node/gpu_percent,4.500000
1779466673.941,/node/gpu_percent,2.600000
1779466674.441,/node/gpu_percent,13.000000
1779466674.941,/node/gpu_percent,15.500000
1779466675.441,/node/gpu_percent,13.200000
1779466675.943,/node/gpu_percent,4.100000
1779466676.442,/node/gpu_percent,3.800000
1779466676.941,/node/gpu_percent,1.900000
1779466677.442,/node/gpu_percent,0.000000
1779466677.941,/node/gpu_percent,0.000000
1779466678.443,/node/gpu_percent,16.299999
1779466678.943,/node/gpu_percent,15.300000
1779466679.443,/node/gpu_percent,15.400000
1779466679.942,/node/gpu_percent,11.100000
1779466680.444,/node/gpu_percent,20.000000
1779466680.942,/node/gpu_percent,11.800000
1779466681.440,/node/gpu_percent,4.500000
1779466681.942,/node/gpu_percent,15.600000
1779466682.442,/node/gpu_percent,12.600000
1779466682.942,/node/gpu_percent,6.100000
1779466683.441,/node/gpu_percent,2.500000
1779466683.942,/node/gpu_percent,11.300000
1779466684.443,/node/gpu_percent,6.300000
1779466684.940,/node/gpu_percent,0.000000
1779466685.442,/node/gpu_percent,3.400000
1779466685.944,/node/gpu_percent,10.900000
1779466686.444,/node/gpu_percent,6.500000
1779466686.941,/node/gpu_percent,2.500000
1779466687.442,/node/gpu_percent,3.300000
1779466687.940,/node/gpu_percent,5.300000
1779466688.443,/node/gpu_percent,3.600000
1779466688.941,/node/gpu_percent,6.100000
1779466689.441,/node/gpu_percent,0.000000
1779466689.942,/node/gpu_percent,0.000000
1779466690.440,/node/gpu_percent,0.000000
1779466690.940,/node/gpu_percent,0.500000
1779466691.440,/node/gpu_percent,0.000000
1779466691.940,/node/gpu_percent,0.000000
1779466692.442,/node/gpu_percent,0.000000
1779466692.941,/node/gpu_percent,20.700001
1779466693.444,/node/gpu_percent,6.100000
1779466693.941,/node/gpu_percent,10.600000
1779466694.441,/node/gpu_percent,3.600000
1779466694.942,/node/gpu_percent,8.000000
1779466695.440,/node/gpu_percent,4.400000
1779466695.941,/node/gpu_percent,2.300000
1779466696.441,/node/gpu_percent,0.000000
1779466696.941,/node/gpu_percent,3.300000
1779466697.444,/node/gpu_percent,7.800000
1779466697.941,/node/gpu_percent,10.700000
1779466698.440,/node/gpu_percent,15.300000
1779466698.941,/node/gpu_percent,10.800000
1779466699.442,/node/gpu_percent,8.500000
1779466699.941,/node/gpu_percent,14.600000
1779466700.441,/node/gpu_percent,0.000000
1779466700.942,/node/gpu_percent,0.500000
1779466701.441,/node/gpu_percent,0.000000
1779466701.941,/node/gpu_percent,5.600000
1779466702.441,/node/gpu_percent,3.900000
1779466702.940,/node/gpu_percent,1.200000
1779466703.441,/node/gpu_percent,6.400000
1779466703.941,/node/gpu_percent,6.000000
1779466704.440,/node/gpu_percent,4.400000
1779466704.940,/node/gpu_percent,7.600000
1779466705.443,/node/gpu_percent,14.000000
1779466705.942,/node/gpu_percent,10.300000
1779466706.440,/node/gpu_percent,9.600000
1779466706.944,/node/gpu_percent,6.700000
1779466707.440,/node/gpu_percent,11.600000
1779466707.940,/node/gpu_percent,3.700000
1779466708.440,/node/gpu_percent,1.200000
1779466708.940,/node/gpu_percent,4.500000
1779466709.442,/node/gpu_percent,0.000000
1779466709.940,/node/gpu_percent,4.600000
1779466710.440,/node/gpu_percent,7.100000
1779466710.940,/node/gpu_percent,12.200000
1779466711.439,/node/gpu_percent,17.200001
1779466711.941,/node/gpu_percent,15.200000
1779466712.441,/node/gpu_percent,1.600000
1779466712.940,/node/gpu_percent,0.000000
1779466713.443,/node/gpu_percent,6.800000
1779466713.940,/node/gpu_percent,7.000000
1779466714.442,/node/gpu_percent,11.000000
1779466714.940,/node/gpu_percent,3.100000
1779466715.440,/node/gpu_percent,0.000000
1779466715.942,/node/gpu_percent,0.000000
1779466716.442,/node/gpu_percent,0.000000
1779466716.940,/node/gpu_percent,16.799999
1779466717.441,/node/gpu_percent,18.299999
1779466717.942,/node/gpu_percent,3.200000
1779466718.439,/node/gpu_percent,15.500000
1779466718.941,/node/gpu_percent,8.300000
1779466719.440,/node/gpu_percent,6.000000
1779466719.941,/node/gpu_percent,12.000000
1779466720.442,/node/gpu_percent,8.100000
1779466720.941,/node/gpu_percent,16.799999
1779466721.442,/node/gpu_percent,10.000000
1779466721.942,/node/gpu_percent,4.300000
1779466722.441,/node/gpu_percent,4.200000
1779466722.942,/node/gpu_percent,1.000000
1779466723.442,/node/gpu_percent,15.300000
1779466723.940,/node/gpu_percent,0.000000
1779466724.440,/node/gpu_percent,0.000000
1779466724.944,/node/gpu_percent,4.900000
1779466725.440,/node/gpu_percent,0.000000
1779466725.940,/node/gpu_percent,3.700000
1779466726.438,/node/gpu_percent,5.600000
1779466726.940,/node/gpu_percent,6.900000
1779466727.442,/node/gpu_percent,8.800000
1779466727.942,/node/gpu_percent,3.100000
1779466728.441,/node/gpu_percent,11.200000
1779466728.941,/node/gpu_percent,4.800000
1779466729.440,/node/gpu_percent,3.400000
1779466729.942,/node/gpu_percent,9.900000
1779466730.442,/node/gpu_percent,7.100000
1779466730.942,/node/gpu_percent,6.300000
1779466731.441,/node/gpu_percent,6.000000
1779466731.943,/node/gpu_percent,0.000000
1779466732.440,/node/gpu_percent,0.000000
1779466732.942,/node/gpu_percent,17.400000
1779466733.441,/node/gpu_percent,10.800000
1779466733.942,/node/gpu_percent,0.000000
1779466734.441,/node/gpu_percent,0.000000
1779466734.941,/node/gpu_percent,8.700000
1779466735.440,/node/gpu_percent,11.300000
1779466735.942,/node/gpu_percent,0.000000
1779466736.442,/node/gpu_percent,0.000000
1779466736.942,/node/gpu_percent,12.400000
1779466737.443,/node/gpu_percent,4.000000
1779466737.941,/node/gpu_percent,6.400000
1779466738.442,/node/gpu_percent,15.000000
1779466738.942,/node/gpu_percent,13.700000
1779466739.440,/node/gpu_percent,13.600000
1779466739.942,/node/gpu_percent,10.100000
1779466740.441,/node/gpu_percent,12.600000
1779466740.941,/node/gpu_percent,14.300000
1779466741.438,/node/gpu_percent,17.600000
1779466741.942,/node/gpu_percent,7.200000
1779466742.440,/node/gpu_percent,5.900000
1779466742.940,/node/gpu_percent,0.700000
1779466743.442,/node/gpu_percent,0.000000
1779466743.942,/node/gpu_percent,18.000000
1779466744.442,/node/gpu_percent,15.400000
1779466744.942,/node/gpu_percent,8.100000
1779466745.442,/node/gpu_percent,2.600000
1779466745.942,/node/gpu_percent,5.400000
1779466746.440,/node/gpu_percent,5.300000
1779466746.941,/node/gpu_percent,6.000000
1779466747.440,/node/gpu_percent,2.400000
1779466747.940,/node/gpu_percent,10.900000
1779466748.440,/node/gpu_percent,4.400000
1779466748.940,/node/gpu_percent,15.900000
1779466749.439,/node/gpu_percent,9.700000
1779466749.942,/node/gpu_percent,9.700000
1779466750.440,/node/gpu_percent,3.700000
1779466750.940,/node/gpu_percent,3.500000
1779466751.442,/node/gpu_percent,2.900000
1779466751.942,/node/gpu_percent,2.600000
1779466752.440,/node/gpu_percent,3.800000
1779466752.941,/node/gpu_percent,9.100000
1779466753.440,/node/gpu_percent,7.300000
1779466753.942,/node/gpu_percent,6.600000
1779466754.442,/node/gpu_percent,0.900000
1779466754.942,/node/gpu_percent,1.700000
1779466755.440,/node/gpu_percent,7.800000
1779466755.940,/node/gpu_percent,9.800000
1779466756.440,/node/gpu_percent,4.800000
1779466756.941,/node/gpu_percent,5.700000
1779466757.440,/node/gpu_percent,2.900000
1779466757.940,/node/gpu_percent,2.200000
1779466758.440,/node/gpu_percent,4.100000
1779466758.940,/node/gpu_percent,3.800000
1779466759.440,/node/gpu_percent,13.300000
1779466759.940,/node/gpu_percent,15.300000
1779466760.441,/node/gpu_percent,4.100000
1779466760.939,/node/gpu_percent,5.800000
1779466761.440,/node/gpu_percent,1.900000
1779466761.941,/node/gpu_percent,5.700000
1779466762.440,/node/gpu_percent,5.400000
1779466762.943,/node/gpu_percent,8.800000
1779466763.442,/node/gpu_percent,6.900000
1779466763.942,/node/gpu_percent,12.500000
1779466764.440,/node/gpu_percent,15.700000
1779466764.940,/node/gpu_percent,2.400000
1779466765.442,/node/gpu_percent,0.000000
1779466765.940,/node/gpu_percent,23.900000
1779466766.440,/node/gpu_percent,11.700000
1779466766.940,/node/gpu_percent,13.700000
1779466767.440,/node/gpu_percent,10.300000
1779466767.940,/node/gpu_percent,15.300000
1779466768.440,/node/gpu_percent,10.100000
1779466768.940,/node/gpu_percent,8.800000
1779466769.440,/node/gpu_percent,0.000000
1779466769.940,/node/gpu_percent,7.200000
1779466770.440,/node/gpu_percent,1.400000
1779466770.940,/node/gpu_percent,1.800000
1779466771.440,/node/gpu_percent,0.000000
1779466771.940,/node/gpu_percent,13.200000
1779466772.441,/node/gpu_percent,12.500000
1779466772.940,/node/gpu_percent,4.800000
1779466773.440,/node/gpu_percent,12.000000
1779466773.942,/node/gpu_percent,12.200000
1779466774.444,/node/gpu_percent,7.000000
1779466774.940,/node/gpu_percent,0.000000
1779466775.439,/node/gpu_percent,13.000000
1779466775.940,/node/gpu_percent,13.700000
1779466776.442,/node/gpu_percent,6.200000
1779466776.940,/node/gpu_percent,0.800000
1779466777.443,/node/gpu_percent,17.900000
1779466777.942,/node/gpu_percent,20.100000
1779466778.441,/node/gpu_percent,8.800000
1779466778.942,/node/gpu_percent,11.900000
1779466779.440,/node/gpu_percent,5.700000
1779466779.942,/node/gpu_percent,2.100000
1779466780.441,/node/gpu_percent,1.400000
1779466780.942,/node/gpu_percent,1.900000
1779466781.444,/node/gpu_percent,0.000000
1779466781.941,/node/gpu_percent,0.000000
1779466782.442,/node/gpu_percent,14.000000
1779466782.939,/node/gpu_percent,8.400000
1779466783.442,/node/gpu_percent,17.600000
1779466783.941,/node/gpu_percent,9.400000
1779466784.440,/node/gpu_percent,7.300000
1779466784.940,/node/gpu_percent,5.600000
1779466785.444,/node/gpu_percent,2.300000
1779466785.942,/node/gpu_percent,5.900000
1779466786.439,/node/gpu_percent,0.000000
1779466786.942,/node/gpu_percent,12.600000
1779466787.442,/node/gpu_percent,12.900000
1779466787.940,/node/gpu_percent,0.000000
1779466788.440,/node/gpu_percent,0.000000
1779466788.942,/node/gpu_percent,0.000000
1779466789.442,/node/gpu_percent,9.900000
1779466789.940,/node/gpu_percent,6.000000
1779466790.442,/node/gpu_percent,8.100000
1779466790.942,/node/gpu_percent,10.400000
1779466791.441,/node/gpu_percent,11.200000
1779466791.942,/node/gpu_percent,14.500000
1779466792.440,/node/gpu_percent,14.000000
1779466792.942,/node/gpu_percent,5.400000
1779466793.442,/node/gpu_percent,0.000000
1779466793.942,/node/gpu_percent,11.000000
1779466794.442,/node/gpu_percent,7.400000
1779466794.942,/node/gpu_percent,12.900000
1779466795.440,/node/gpu_percent,8.200000
1779466795.940,/node/gpu_percent,12.800000
1779466796.441,/node/gpu_percent,1.600000
1779466796.941,/node/gpu_percent,11.800000
1779466797.440,/node/gpu_percent,15.400000
1779466797.942,/node/gpu_percent,9.800000
1779466798.441,/node/gpu_percent,0.000000
1779466798.942,/node/gpu_percent,0.000000
1779466799.442,/node/gpu_percent,13.900000
1779466799.942,/node/gpu_percent,4.600000
1779466800.442,/node/gpu_percent,1.600000
1779466800.940,/node/gpu_percent,2.700000
1779466801.440,/node/gpu_percent,7.000000
1779466801.942,/node/gpu_percent,11.900000
1779466802.442,/node/gpu_percent,12.600000
1779466802.940,/node/gpu_percent,1.000000
1779466803.440,/node/gpu_percent,1.400000
1779466803.940,/node/gpu_percent,1.600000
1779466804.442,/node/gpu_percent,4.500000
1779466804.941,/node/gpu_percent,3.700000
1779466805.443,/node/gpu_percent,4.100000
1779466805.941,/node/gpu_percent,4.800000
1779466806.442,/node/gpu_percent,8.000000
1779466806.943,/node/gpu_percent,4.100000
1779466807.443,/node/gpu_percent,5.500000
1779466807.942,/node/gpu_percent,2.600000
1779466808.442,/node/gpu_percent,9.800000
1779466808.940,/node/gpu_percent,3.800000
1779466809.442,/node/gpu_percent,1.600000
1779466809.941,/node/gpu_percent,0.000000
1779466810.441,/node/gpu_percent,9.700000
1779466810.942,/node/gpu_percent,8.200000
1779466811.440,/node/gpu_percent,12.800000
1779466811.941,/node/gpu_percent,13.200000
1779466812.442,/node/gpu_percent,10.600000
1779466632.944,/node/memory_percent,27.888357
1779466633.441,/node/memory_percent,27.904102
1779466633.944,/node/memory_percent,27.914732
1779466634.444,/node/memory_percent,27.907503
1779466634.944,/node/memory_percent,27.914932
1779466635.444,/node/memory_percent,27.888998
1779466635.946,/node/memory_percent,27.917934
1779466636.442,/node/memory_percent,27.912514
1779466636.941,/node/memory_percent,27.908056
1779466637.442,/node/memory_percent,27.921812
1779466637.944,/node/memory_percent,27.877728
1779466638.440,/node/memory_percent,27.896339
1779466638.941,/node/memory_percent,27.924118
1779466639.444,/node/memory_percent,27.907845
1779466639.944,/node/memory_percent,27.900057
1779466640.445,/node/memory_percent,27.899944
1779466640.944,/node/memory_percent,27.915136
1779466641.444,/node/memory_percent,27.899136
1779466641.939,/node/memory_percent,27.919178
1779466642.444,/node/memory_percent,27.896849
1779466642.944,/node/memory_percent,27.885008
1779466643.444,/node/memory_percent,27.873346
1779466643.945,/node/memory_percent,27.887394
1779466644.444,/node/memory_percent,27.886431
1779466644.944,/node/memory_percent,27.904234
1779466645.444,/node/memory_percent,27.912811
1779466645.944,/node/memory_percent,27.911644
1779466646.444,/node/memory_percent,27.883751
1779466646.940,/node/memory_percent,27.885798
1779466647.444,/node/memory_percent,27.938839
1779466647.945,/node/memory_percent,27.880102
1779466648.442,/node/memory_percent,27.902294
1779466648.941,/node/memory_percent,27.896141
1779466649.442,/node/memory_percent,27.893305
1779466649.942,/node/memory_percent,27.897825
1779466650.444,/node/memory_percent,27.932032
1779466650.944,/node/memory_percent,27.909660
1779466651.442,/node/memory_percent,27.890875
1779466651.947,/node/memory_percent,27.924280
1779466652.442,/node/memory_percent,27.911232
1779466652.942,/node/memory_percent,27.914236
1779466653.444,/node/memory_percent,27.907005
1779466653.942,/node/memory_percent,27.909151
1779466654.444,/node/memory_percent,27.912544
1779466654.944,/node/memory_percent,27.886480
1779466655.444,/node/memory_percent,27.939907
1779466655.940,/node/memory_percent,27.938839
1779466656.444,/node/memory_percent,27.950487
1779466656.943,/node/memory_percent,27.949163
1779466657.445,/node/memory_percent,27.905863
1779466657.944,/node/memory_percent,27.897316
1779466658.439,/node/memory_percent,27.882427
1779466658.945,/node/memory_percent,27.930796
1779466659.445,/node/memory_percent,27.920874
1779466659.944,/node/memory_percent,27.919140
1779466660.444,/node/memory_percent,27.916492
1779466660.943,/node/memory_percent,27.891659
1779466661.444,/node/memory_percent,27.917032
1779466661.945,/node/memory_percent,27.877119
1779466662.443,/node/memory_percent,27.867764
1779466662.942,/node/memory_percent,27.903313
1779466663.444,/node/memory_percent,27.902164
1779466663.944,/node/memory_percent,27.912600
1779466664.442,/node/memory_percent,27.958363
1779466664.944,/node/memory_percent,27.885641
1779466665.444,/node/memory_percent,27.880569
1779466665.945,/node/memory_percent,27.879953
1779466666.444,/node/memory_percent,27.877455
1779466666.943,/node/memory_percent,27.931828
1779466667.444,/node/memory_percent,27.900503
1779466667.944,/node/memory_percent,27.895134
1779466668.442,/node/memory_percent,27.877567
1779466668.945,/node/memory_percent,27.922466
1779466669.444,/node/memory_percent,27.901920
1779466669.944,/node/memory_percent,27.867546
1779466670.445,/node/memory_percent,27.902828
1779466670.945,/node/memory_percent,27.879885
1779466671.441,/node/memory_percent,27.902990
1779466671.942,/node/memory_percent,27.911015
1779466672.442,/node/memory_percent,27.918909
1779466672.943,/node/memory_percent,27.914074
1779466673.442,/node/memory_percent,27.927414
1779466673.943,/node/memory_percent,27.945677
1779466674.442,/node/memory_percent,27.902468
1779466674.942,/node/memory_percent,27.881384
1779466675.443,/node/memory_percent,27.909897
1779466675.944,/node/memory_percent,27.896582
1779466676.443,/node/memory_percent,27.907982
1779466676.943,/node/memory_percent,27.935961
1779466677.444,/node/memory_percent,27.920092
1779466677.943,/node/memory_percent,27.954025
1779466678.443,/node/memory_percent,27.930136
1779466678.943,/node/memory_percent,27.905396
1779466679.443,/node/memory_percent,27.907541
1779466679.940,/node/memory_percent,27.922043
1779466680.447,/node/memory_percent,27.952738
1779466680.943,/node/memory_percent,27.916977
1779466681.443,/node/memory_percent,27.905905
1779466681.943,/node/memory_percent,27.901144
1779466682.443,/node/memory_percent,27.911245
1779466682.940,/node/memory_percent,27.911985
1779466683.441,/node/memory_percent,27.934748
1779466683.940,/node/memory_percent,27.922726
1779466684.444,/node/memory_percent,27.932909
1779466684.942,/node/memory_percent,27.910866
1779466685.444,/node/memory_percent,27.906471
1779466685.944,/node/memory_percent,27.915411
1779466686.440,/node/memory_percent,27.902363
1779466686.941,/node/memory_percent,27.886648
1779466687.444,/node/memory_percent,27.937086
1779466687.943,/node/memory_percent,27.913937
1779466688.443,/node/memory_percent,27.927799
1779466688.943,/node/memory_percent,27.923298
1779466689.442,/node/memory_percent,27.948778
1779466689.943,/node/memory_percent,27.930353
1779466690.443,/node/memory_percent,27.908169
1779466690.943,/node/memory_percent,27.913322
1779466691.441,/node/memory_percent,27.892859
1779466691.943,/node/memory_percent,27.898670
1779466692.440,/node/memory_percent,27.905918
1779466692.943,/node/memory_percent,27.928110
1779466693.442,/node/memory_percent,27.948429
1779466693.941,/node/memory_percent,27.938292
1779466694.443,/node/memory_percent,27.929775
1779466694.942,/node/memory_percent,27.942133
1779466695.443,/node/memory_percent,27.952570
1779466695.942,/node/memory_percent,27.960327
1779466696.442,/node/memory_percent,27.931211
1779466696.944,/node/memory_percent,27.917734
1779466697.443,/node/memory_percent,27.896526
1779466697.943,/node/memory_percent,27.906509
1779466698.440,/node/memory_percent,27.906471
1779466698.944,/node/memory_percent,27.950041
1779466699.443,/node/memory_percent,27.934456
1779466699.943,/node/memory_percent,27.915621
1779466700.443,/node/memory_percent,27.958693
1779466700.943,/node/memory_percent,27.922068
1779466701.443,/node/memory_percent,27.940964
1779466701.943,/node/memory_percent,27.892633
1779466702.443,/node/memory_percent,27.907492
1779466702.943,/node/memory_percent,27.911537
1779466703.443,/node/memory_percent,27.915964
1779466703.943,/node/memory_percent,27.926685
1779466704.443,/node/memory_percent,27.922590
1779466704.940,/node/memory_percent,27.913012
1779466705.440,/node/memory_percent,27.920780
1779466705.942,/node/memory_percent,27.926594
1779466706.441,/node/memory_percent,27.914354
1779466706.941,/node/memory_percent,27.943178
1779466707.441,/node/memory_percent,27.933195
1779466707.942,/node/memory_percent,27.932535
1779466708.439,/node/memory_percent,27.900206
1779466708.941,/node/memory_percent,27.926773
1779466709.442,/node/memory_percent,27.929651
1779466709.941,/node/memory_percent,27.902779
1779466710.441,/node/memory_percent,27.933245
1779466710.942,/node/memory_percent,27.947138
1779466711.438,/node/memory_percent,27.946789
1779466711.943,/node/memory_percent,27.953632
1779466712.442,/node/memory_percent,27.947180
1779466712.941,/node/memory_percent,27.969149
1779466713.444,/node/memory_percent,27.943134
1779466713.942,/node/memory_percent,27.935575
1779466714.440,/node/memory_percent,27.944302
1779466714.941,/node/memory_percent,27.926338
1779466715.441,/node/memory_percent,27.872246
1779466715.943,/node/memory_percent,27.895973
1779466716.443,/node/memory_percent,27.889986
1779466716.942,/node/memory_percent,27.917189
1779466717.441,/node/memory_percent,27.892149
1779466717.942,/node/memory_percent,27.873314
1779466718.440,/node/memory_percent,27.893145
1779466718.943,/node/memory_percent,27.921408
1779466719.441,/node/memory_percent,27.900646
1779466719.941,/node/memory_percent,27.900442
1779466720.440,/node/memory_percent,27.911699
1779466720.942,/node/memory_percent,27.880880
1779466721.442,/node/memory_percent,27.890806
1779466721.943,/node/memory_percent,27.898073
1779466722.441,/node/memory_percent,27.913992
1779466722.940,/node/memory_percent,27.872009
1779466723.443,/node/memory_percent,27.901075
1779466723.941,/node/memory_percent,27.895811
1779466724.441,/node/memory_percent,27.900187
1779466724.942,/node/memory_percent,27.886089
1779466725.443,/node/memory_percent,27.901337
1779466725.942,/node/memory_percent,27.888035
1779466726.440,/node/memory_percent,27.899323
1779466726.941,/node/memory_percent,27.886574
1779466727.442,/node/memory_percent,27.903004
1779466727.942,/node/memory_percent,27.898901
1779466728.442,/node/memory_percent,27.893255
1779466728.941,/node/memory_percent,27.914415
1779466729.442,/node/memory_percent,27.900883
1779466729.943,/node/memory_percent,27.898129
1779466730.440,/node/memory_percent,27.914347
1779466730.940,/node/memory_percent,27.897793
1779466731.443,/node/memory_percent,27.886543
1779466731.940,/node/memory_percent,27.869585
1779466732.442,/node/memory_percent,27.884821
1779466732.942,/node/memory_percent,27.884405
1779466733.443,/node/memory_percent,27.903450
1779466733.943,/node/memory_percent,27.910948
1779466734.442,/node/memory_percent,27.884604
1779466734.942,/node/memory_percent,27.877741
1779466735.443,/node/memory_percent,27.865389
1779466735.942,/node/memory_percent,27.864979
1779466736.440,/node/memory_percent,27.906317
1779466736.939,/node/memory_percent,27.875814
1779466737.440,/node/memory_percent,27.873016
1779466737.942,/node/memory_percent,27.902878
1779466738.443,/node/memory_percent,27.884150
1779466738.942,/node/memory_percent,27.899416
1779466739.442,/node/memory_percent,27.881433
1779466739.943,/node/memory_percent,27.900200
1779466740.443,/node/memory_percent,27.886686
1779466740.943,/node/memory_percent,27.898657
1779466741.437,/node/memory_percent,27.876808
1779466741.943,/node/memory_percent,27.899696
1779466742.442,/node/memory_percent,27.903488
1779466742.942,/node/memory_percent,27.895195
1779466743.443,/node/memory_percent,27.887617
1779466743.943,/node/memory_percent,27.915852
1779466744.442,/node/memory_percent,27.886511
1779466744.943,/node/memory_percent,27.882097
1779466745.443,/node/memory_percent,27.870295
1779466745.940,/node/memory_percent,27.905569
1779466746.443,/node/memory_percent,27.891230
1779466746.941,/node/memory_percent,27.875460
1779466747.443,/node/memory_percent,27.890621
1779466747.943,/node/memory_percent,27.890005
1779466748.443,/node/memory_percent,27.882135
1779466748.941,/node/memory_percent,27.903841
1779466749.441,/node/memory_percent,27.911551
1779466749.941,/node/memory_percent,27.883633
1779466750.443,/node/memory_percent,27.894108
1779466750.942,/node/memory_percent,27.908815
1779466751.442,/node/memory_percent,27.873135
1779466751.940,/node/memory_percent,27.900604
1779466752.441,/node/memory_percent,27.879152
1779466752.944,/node/memory_percent,27.916845
1779466753.441,/node/memory_percent,27.896637
1779466753.943,/node/memory_percent,27.897900
1779466754.443,/node/memory_percent,27.860802
1779466754.943,/node/memory_percent,27.926929
1779466755.442,/node/memory_percent,27.901293
1779466755.943,/node/memory_percent,27.882807
1779466756.442,/node/memory_percent,27.873688
1779466756.939,/node/memory_percent,27.904737
1779466757.442,/node/memory_percent,27.918587
1779466757.941,/node/memory_percent,27.909891
1779466758.442,/node/memory_percent,27.915422
1779466758.943,/node/memory_percent,27.884516
1779466759.443,/node/memory_percent,27.935507
1779466759.941,/node/memory_percent,27.919022
1779466760.439,/node/memory_percent,27.907112
1779466760.940,/node/memory_percent,27.930994
1779466761.441,/node/memory_percent,27.904470
1779466761.941,/node/memory_percent,27.944092
1779466762.442,/node/memory_percent,27.938068
1779466762.944,/node/memory_percent,27.885088
1779466763.441,/node/memory_percent,27.896830
1779466763.940,/node/memory_percent,27.904284
1779466764.442,/node/memory_percent,27.903568
1779466764.943,/node/memory_percent,27.885063
1779466765.443,/node/memory_percent,27.899237
1779466765.943,/node/memory_percent,27.860596
1779466766.442,/node/memory_percent,27.898565
1779466766.942,/node/memory_percent,27.914740
1779466767.441,/node/memory_percent,27.926512
1779466767.942,/node/memory_percent,27.887779
1779466768.442,/node/memory_percent,27.891230
1779466768.943,/node/memory_percent,27.889111
1779466769.442,/node/memory_percent,27.895979
1779466769.941,/node/memory_percent,27.889202
1779466770.442,/node/memory_percent,27.889097
1779466770.943,/node/memory_percent,27.901628
1779466771.441,/node/memory_percent,27.903263
1779466771.942,/node/memory_percent,27.912500
1779466772.442,/node/memory_percent,27.884672
1779466772.942,/node/memory_percent,27.873110
1779466773.443,/node/memory_percent,27.885044
1779466773.942,/node/memory_percent,27.903992
1779466774.442,/node/memory_percent,27.907597
1779466774.941,/node/memory_percent,27.894176
1779466775.440,/node/memory_percent,27.909269
1779466775.942,/node/memory_percent,27.898981
1779466776.444,/node/memory_percent,27.910854
1779466776.942,/node/memory_percent,27.858601
1779466777.441,/node/memory_percent,27.880022
1779466777.940,/node/memory_percent,27.893026
1779466778.442,/node/memory_percent,27.915236
1779466778.940,/node/memory_percent,27.904924
1779466779.443,/node/memory_percent,27.892069
1779466779.943,/node/memory_percent,27.848078
1779466780.441,/node/memory_percent,27.886486
1779466780.943,/node/memory_percent,27.895412
1779466781.445,/node/memory_percent,27.877224
1779466781.943,/node/memory_percent,27.859335
1779466782.443,/node/memory_percent,27.873203
1779466782.939,/node/memory_percent,27.905769
1779466783.442,/node/memory_percent,27.927687
1779466783.941,/node/memory_percent,27.906441
1779466784.442,/node/memory_percent,27.933083
1779466784.941,/node/memory_percent,27.850092
1779466785.442,/node/memory_percent,27.864313
1779466785.940,/node/memory_percent,27.869846
1779466786.437,/node/memory_percent,27.859440
1779466786.943,/node/memory_percent,27.927271
1779466787.440,/node/memory_percent,27.894760
1779466787.942,/node/memory_percent,27.880041
1779466788.442,/node/memory_percent,27.896812
1779466788.940,/node/memory_percent,27.903593
1779466789.443,/node/memory_percent,27.909765
1779466789.943,/node/memory_percent,27.909916
1779466790.443,/node/memory_percent,27.899298
1779466790.943,/node/memory_percent,27.871754
1779466791.443,/node/memory_percent,27.882111
1779466791.943,/node/memory_percent,27.892529
1779466792.442,/node/memory_percent,27.934841
1779466792.943,/node/memory_percent,27.932486
1779466793.443,/node/memory_percent,27.918810
1779466793.940,/node/memory_percent,27.908895
1779466794.443,/node/memory_percent,27.887257
1779466794.942,/node/memory_percent,27.913433
1779466795.443,/node/memory_percent,27.921652
1779466795.942,/node/memory_percent,27.898409
1779466796.439,/node/memory_percent,27.895891
1779466796.939,/node/memory_percent,27.891191
1779466797.443,/node/memory_percent,27.912407
1779466797.943,/node/memory_percent,27.907745
1779466798.442,/node/memory_percent,27.927855
1779466798.943,/node/memory_percent,27.892834
1779466799.443,/node/memory_percent,27.883030
1779466799.943,/node/memory_percent,27.898769
1779466800.440,/node/memory_percent,27.885828
1779466800.943,/node/memory_percent,27.898422
1779466801.440,/node/memory_percent,27.870623
1779466801.941,/node/memory_percent,27.906534
1779466802.443,/node/memory_percent,27.913675
1779466802.941,/node/memory_percent,27.932274
1779466803.442,/node/memory_percent,27.904160
1779466803.943,/node/memory_percent,27.937204
1779466804.444,/node/memory_percent,27.903824
1779466804.942,/node/memory_percent,27.901188
1779466805.445,/node/memory_percent,27.884802
1779466805.942,/node/memory_percent,27.895245
1779466806.445,/node/memory_percent,27.901834
1779466806.944,/node/memory_percent,27.855909
1779466807.447,/node/memory_percent,27.924461
1779466807.943,/node/memory_percent,27.937004
1779466808.440,/node/memory_percent,27.898769
1779466808.941,/node/memory_percent,27.882006
1779466809.443,/node/memory_percent,27.930534
1779466809.943,/node/memory_percent,27.900784
1779466810.442,/node/memory_percent,27.925829
1779466810.942,/node/memory_percent,27.887444
1779466811.443,/node/memory_percent,27.896980
1779466811.942,/node/memory_percent,27.916262
1779466812.444,/node/memory_percent,27.887300
1779466632.946,/node/io_read_mbs,0.000000
1779466633.446,/node/io_read_mbs,0.000000
1779466633.946,/node/io_read_mbs,0.000000
1779466634.445,/node/io_read_mbs,0.000000
1779466634.945,/node/io_read_mbs,0.000000
1779466635.445,/node/io_read_mbs,0.000000
1779466635.946,/node/io_read_mbs,0.000000
1779466636.443,/node/io_read_mbs,0.000000
1779466636.945,/node/io_read_mbs,0.000000
1779466637.447,/node/io_read_mbs,0.000000
1779466637.945,/node/io_read_mbs,0.000000
1779466638.443,/node/io_read_mbs,0.000000
1779466638.946,/node/io_read_mbs,0.000000
1779466639.445,/node/io_read_mbs,0.000000
1779466639.948,/node/io_read_mbs,0.000000
1779466640.445,/node/io_read_mbs,0.000000
1779466640.947,/node/io_read_mbs,0.000000
1779466641.446,/node/io_read_mbs,0.000000
1779466641.941,/node/io_read_mbs,0.000000
1779466642.445,/node/io_read_mbs,0.000000
1779466642.945,/node/io_read_mbs,0.000000
1779466643.445,/node/io_read_mbs,0.000000
1779466643.945,/node/io_read_mbs,0.000000
1779466644.446,/node/io_read_mbs,0.000000
1779466644.946,/node/io_read_mbs,0.000000
1779466645.446,/node/io_read_mbs,0.000000
1779466645.946,/node/io_read_mbs,0.000000
1779466646.445,/node/io_read_mbs,0.000000
1779466646.943,/node/io_read_mbs,0.000000
1779466647.446,/node/io_read_mbs,0.000000
1779466647.945,/node/io_read_mbs,0.000000
1779466648.443,/node/io_read_mbs,0.000000
1779466648.944,/node/io_read_mbs,0.000000
1779466649.443,/node/io_read_mbs,0.000000
1779466649.943,/node/io_read_mbs,0.000000
1779466650.447,/node/io_read_mbs,0.000000
1779466650.947,/node/io_read_mbs,0.000000
1779466651.442,/node/io_read_mbs,0.000000
1779466651.947,/node/io_read_mbs,0.000000
1779466652.444,/node/io_read_mbs,0.000000
1779466652.944,/node/io_read_mbs,0.000000
1779466653.446,/node/io_read_mbs,0.000000
1779466653.946,/node/io_read_mbs,0.000000
1779466654.447,/node/io_read_mbs,0.000000
1779466654.946,/node/io_read_mbs,0.000000
1779466655.447,/node/io_read_mbs,0.000000
1779466655.944,/node/io_read_mbs,0.000000
1779466656.445,/node/io_read_mbs,0.000000
1779466656.945,/node/io_read_mbs,0.000000
1779466657.445,/node/io_read_mbs,0.000000
1779466657.946,/node/io_read_mbs,0.000000
1779466658.443,/node/io_read_mbs,0.000000
1779466658.945,/node/io_read_mbs,0.000000
1779466659.447,/node/io_read_mbs,0.000000
1779466659.945,/node/io_read_mbs,0.000000
1779466660.447,/node/io_read_mbs,0.000000
1779466660.946,/node/io_read_mbs,0.000000
1779466661.447,/node/io_read_mbs,0.000000
1779466661.947,/node/io_read_mbs,0.000000
1779466662.446,/node/io_read_mbs,0.000000
1779466662.943,/node/io_read_mbs,0.000000
1779466663.446,/node/io_read_mbs,0.000000
1779466663.945,/node/io_read_mbs,0.000000
1779466664.444,/node/io_read_mbs,0.000000
1779466664.947,/node/io_read_mbs,0.000000
1779466665.447,/node/io_read_mbs,0.000000
1779466665.945,/node/io_read_mbs,0.000000
1779466666.444,/node/io_read_mbs,0.000000
1779466666.944,/node/io_read_mbs,0.000000
1779466667.445,/node/io_read_mbs,0.000000
1779466667.945,/node/io_read_mbs,0.000000
1779466668.442,/node/io_read_mbs,0.000000
1779466668.946,/node/io_read_mbs,0.000000
1779466669.446,/node/io_read_mbs,0.000000
1779466669.946,/node/io_read_mbs,0.000000
1779466670.447,/node/io_read_mbs,0.000000
1779466670.945,/node/io_read_mbs,0.000000
1779466671.444,/node/io_read_mbs,0.000000
1779466671.944,/node/io_read_mbs,0.000000
1779466672.445,/node/io_read_mbs,0.000000
1779466672.943,/node/io_read_mbs,0.000000
1779466673.446,/node/io_read_mbs,0.000000
1779466673.946,/node/io_read_mbs,0.000000
1779466674.444,/node/io_read_mbs,0.000000
1779466674.944,/node/io_read_mbs,0.000000
1779466675.443,/node/io_read_mbs,0.000000
1779466675.946,/node/io_read_mbs,0.000000
1779466676.448,/node/io_read_mbs,0.000000
1779466676.943,/node/io_read_mbs,0.000000
1779466677.444,/node/io_read_mbs,0.000000
1779466677.943,/node/io_read_mbs,0.000000
1779466678.445,/node/io_read_mbs,0.000000
1779466678.945,/node/io_read_mbs,0.000000
1779466679.444,/node/io_read_mbs,0.000000
1779466679.945,/node/io_read_mbs,0.000000
1779466680.447,/node/io_read_mbs,0.000000
1779466680.944,/node/io_read_mbs,0.000000
1779466681.444,/node/io_read_mbs,0.000000
1779466681.944,/node/io_read_mbs,0.000000
1779466682.444,/node/io_read_mbs,0.000000
1779466682.943,/node/io_read_mbs,0.000000
1779466683.444,/node/io_read_mbs,0.000000
1779466683.943,/node/io_read_mbs,0.000000
1779466684.444,/node/io_read_mbs,0.000000
1779466684.943,/node/io_read_mbs,0.000000
1779466685.444,/node/io_read_mbs,0.000000
1779466685.946,/node/io_read_mbs,0.000000
1779466686.446,/node/io_read_mbs,0.000000
1779466686.942,/node/io_read_mbs,0.000000
1779466687.444,/node/io_read_mbs,0.000000
1779466687.946,/node/io_read_mbs,0.000000
1779466688.445,/node/io_read_mbs,0.000000
1779466688.944,/node/io_read_mbs,0.000000
1779466689.444,/node/io_read_mbs,0.000000
1779466689.945,/node/io_read_mbs,0.000000
1779466690.444,/node/io_read_mbs,0.000000
1779466690.944,/node/io_read_mbs,0.000000
1779466691.442,/node/io_read_mbs,0.000000
1779466691.944,/node/io_read_mbs,0.000000
1779466692.442,/node/io_read_mbs,0.000000
1779466692.946,/node/io_read_mbs,0.000000
1779466693.446,/node/io_read_mbs,0.406630
1779466693.944,/node/io_read_mbs,0.000000
1779466694.445,/node/io_read_mbs,14.689638
1779466694.945,/node/io_read_mbs,0.000000
1779466695.445,/node/io_read_mbs,0.000000
1779466695.942,/node/io_read_mbs,0.000000
1779466696.443,/node/io_read_mbs,0.000000
1779466696.944,/node/io_read_mbs,0.000000
1779466697.445,/node/io_read_mbs,4.625172
1779466697.944,/node/io_read_mbs,11.095347
1779466698.441,/node/io_read_mbs,0.000000
1779466698.945,/node/io_read_mbs,0.000000
1779466699.445,/node/io_read_mbs,0.000000
1779466699.943,/node/io_read_mbs,0.000000
1779466700.444,/node/io_read_mbs,0.000000
1779466700.946,/node/io_read_mbs,0.000000
1779466701.445,/node/io_read_mbs,0.000000
1779466701.944,/node/io_read_mbs,0.000000
1779466702.445,/node/io_read_mbs,0.000000
1779466702.945,/node/io_read_mbs,0.000000
1779466703.445,/node/io_read_mbs,0.000000
1779466703.945,/node/io_read_mbs,0.156438
1779466704.444,/node/io_read_mbs,0.000000
1779466704.941,/node/io_read_mbs,0.000000
1779466705.444,/node/io_read_mbs,0.000000
1779466705.944,/node/io_read_mbs,0.000000
1779466706.442,/node/io_read_mbs,0.000000
1779466706.945,/node/io_read_mbs,0.000000
1779466707.443,/node/io_read_mbs,0.000000
1779466707.943,/node/io_read_mbs,0.000000
1779466708.442,/node/io_read_mbs,0.000000
1779466708.942,/node/io_read_mbs,0.000000
1779466709.443,/node/io_read_mbs,0.000000
1779466709.942,/node/io_read_mbs,0.000000
1779466710.442,/node/io_read_mbs,0.000000
1779466710.942,/node/io_read_mbs,0.000000
1779466711.440,/node/io_read_mbs,0.000000
1779466711.943,/node/io_read_mbs,0.000000
1779466712.442,/node/io_read_mbs,0.000000
1779466712.942,/node/io_read_mbs,0.000000
1779466713.445,/node/io_read_mbs,0.000000
1779466713.942,/node/io_read_mbs,0.000000
1779466714.443,/node/io_read_mbs,0.000000
1779466714.943,/node/io_read_mbs,0.000000
1779466715.443,/node/io_read_mbs,0.000000
1779466715.945,/node/io_read_mbs,0.000000
1779466716.445,/node/io_read_mbs,0.000000
1779466716.942,/node/io_read_mbs,0.000000
1779466717.443,/node/io_read_mbs,0.000000
1779466717.943,/node/io_read_mbs,0.000000
1779466718.442,/node/io_read_mbs,0.000000
1779466718.944,/node/io_read_mbs,0.000000
1779466719.443,/node/io_read_mbs,0.000000
1779466719.943,/node/io_read_mbs,0.000000
1779466720.444,/node/io_read_mbs,0.000000
1779466720.943,/node/io_read_mbs,0.000000
1779466721.443,/node/io_read_mbs,0.000000
1779466721.945,/node/io_read_mbs,0.000000
1779466722.443,/node/io_read_mbs,0.000000
1779466722.944,/node/io_read_mbs,0.000000
1779466723.443,/node/io_read_mbs,0.000000
1779466723.942,/node/io_read_mbs,0.000000
1779466724.444,/node/io_read_mbs,0.000000
1779466724.946,/node/io_read_mbs,0.000000
1779466725.445,/node/io_read_mbs,0.000000
1779466725.942,/node/io_read_mbs,0.000000
1779466726.440,/node/io_read_mbs,0.000000
1779466726.942,/node/io_read_mbs,0.000000
1779466727.444,/node/io_read_mbs,0.000000
1779466727.944,/node/io_read_mbs,0.000000
1779466728.444,/node/io_read_mbs,0.000000
1779466728.943,/node/io_read_mbs,0.000000
1779466729.443,/node/io_read_mbs,0.000000
1779466729.944,/node/io_read_mbs,0.000000
1779466730.444,/node/io_read_mbs,0.000000
1779466730.944,/node/io_read_mbs,0.000000
1779466731.443,/node/io_read_mbs,0.000000
1779466731.943,/node/io_read_mbs,0.000000
1779466732.443,/node/io_read_mbs,0.000000
1779466732.944,/node/io_read_mbs,0.000000
1779466733.443,/node/io_read_mbs,0.000000
1779466733.944,/node/io_read_mbs,0.000000
1779466734.443,/node/io_read_mbs,0.000000
1779466734.943,/node/io_read_mbs,0.000000
1779466735.445,/node/io_read_mbs,0.000000
1779466735.944,/node/io_read_mbs,0.000000
1779466736.444,/node/io_read_mbs,0.000000
1779466736.944,/node/io_read_mbs,0.000000
1779466737.443,/node/io_read_mbs,0.000000
1779466737.944,/node/io_read_mbs,0.000000
1779466738.444,/node/io_read_mbs,0.000000
1779466738.944,/node/io_read_mbs,0.000000
1779466739.444,/node/io_read_mbs,0.000000
1779466739.943,/node/io_read_mbs,0.000000
1779466740.443,/node/io_read_mbs,0.000000
1779466740.943,/node/io_read_mbs,0.000000
1779466741.440,/node/io_read_mbs,0.000000
1779466741.943,/node/io_read_mbs,0.000000
1779466742.442,/node/io_read_mbs,0.000000
1779466742.944,/node/io_read_mbs,0.000000
1779466743.445,/node/io_read_mbs,0.000000
1779466743.944,/node/io_read_mbs,0.000000
1779466744.446,/node/io_read_mbs,0.000000
1779466744.945,/node/io_read_mbs,0.000000
1779466745.444,/node/io_read_mbs,0.000000
1779466745.944,/node/io_read_mbs,0.000000
1779466746.444,/node/io_read_mbs,0.000000
1779466746.942,/node/io_read_mbs,0.000000
1779466747.444,/node/io_read_mbs,0.000000
1779466747.944,/node/io_read_mbs,0.000000
1779466748.445,/node/io_read_mbs,0.000000
1779466748.942,/node/io_read_mbs,0.000000
1779466749.442,/node/io_read_mbs,0.000000
1779466749.943,/node/io_read_mbs,0.000000
1779466750.443,/node/io_read_mbs,0.000000
1779466750.944,/node/io_read_mbs,0.000000
1779466751.442,/node/io_read_mbs,0.000000
1779466751.943,/node/io_read_mbs,0.000000
1779466752.444,/node/io_read_mbs,0.000000
1779466752.944,/node/io_read_mbs,0.000000
1779466753.444,/node/io_read_mbs,0.422131
1779466753.944,/node/io_read_mbs,0.000000
1779466754.444,/node/io_read_mbs,0.000000
1779466754.944,/node/io_read_mbs,0.000000
1779466755.444,/node/io_read_mbs,0.000000
1779466755.945,/node/io_read_mbs,0.000000
1779466756.443,/node/io_read_mbs,0.000000
1779466756.943,/node/io_read_mbs,0.000000
1779466757.445,/node/io_read_mbs,0.000000
1779466757.943,/node/io_read_mbs,0.000000
1779466758.443,/node/io_read_mbs,0.000000
1779466758.944,/node/io_read_mbs,0.000000
1779466759.445,/node/io_read_mbs,0.468569
1779466759.942,/node/io_read_mbs,0.000000
1779466760.443,/node/io_read_mbs,0.000000
1779466760.942,/node/io_read_mbs,0.000000
1779466761.443,/node/io_read_mbs,0.000000
1779466761.943,/node/io_read_mbs,0.000000
1779466762.443,/node/io_read_mbs,0.000000
1779466762.945,/node/io_read_mbs,0.000000
1779466763.444,/node/io_read_mbs,0.000000
1779466763.944,/node/io_read_mbs,0.000000
1779466764.445,/node/io_read_mbs,0.000000
1779466764.944,/node/io_read_mbs,0.000000
1779466765.443,/node/io_read_mbs,0.000000
1779466765.943,/node/io_read_mbs,0.000000
1779466766.443,/node/io_read_mbs,0.000000
1779466766.943,/node/io_read_mbs,0.000000
1779466767.443,/node/io_read_mbs,0.000000
1779466767.943,/node/io_read_mbs,0.000000
1779466768.444,/node/io_read_mbs,0.000000
1779466768.944,/node/io_read_mbs,0.000000
1779466769.444,/node/io_read_mbs,0.000000
1779466769.942,/node/io_read_mbs,0.000000
1779466770.444,/node/io_read_mbs,0.000000
1779466770.944,/node/io_read_mbs,0.000000
1779466771.442,/node/io_read_mbs,0.000000
1779466771.944,/node/io_read_mbs,0.000000
1779466772.443,/node/io_read_mbs,0.000000
1779466772.944,/node/io_read_mbs,0.000000
1779466773.444,/node/io_read_mbs,0.000000
1779466773.943,/node/io_read_mbs,0.000000
1779466774.447,/node/io_read_mbs,0.000000
1779466774.942,/node/io_read_mbs,0.000000
1779466775.442,/node/io_read_mbs,0.000000
1779466775.945,/node/io_read_mbs,0.000000
1779466776.445,/node/io_read_mbs,0.000000
1779466776.945,/node/io_read_mbs,0.000000
1779466777.444,/node/io_read_mbs,0.000000
1779466777.945,/node/io_read_mbs,0.000000
1779466778.443,/node/io_read_mbs,0.000000
1779466778.943,/node/io_read_mbs,0.000000
1779466779.444,/node/io_read_mbs,0.000000
1779466779.944,/node/io_read_mbs,0.000000
1779466780.444,/node/io_read_mbs,0.000000
1779466780.944,/node/io_read_mbs,0.000000
1779466781.446,/node/io_read_mbs,0.000000
1779466781.943,/node/io_read_mbs,0.000000
1779466782.444,/node/io_read_mbs,0.000000
1779466782.941,/node/io_read_mbs,0.000000
1779466783.443,/node/io_read_mbs,0.000000
1779466783.944,/node/io_read_mbs,0.000000
1779466784.443,/node/io_read_mbs,0.000000
1779466784.945,/node/io_read_mbs,0.000000
1779466785.445,/node/io_read_mbs,0.000000
1779466785.942,/node/io_read_mbs,0.000000
1779466786.439,/node/io_read_mbs,0.000000
1779466786.944,/node/io_read_mbs,0.000000
1779466787.445,/node/io_read_mbs,0.000000
1779466787.943,/node/io_read_mbs,0.000000
1779466788.443,/node/io_read_mbs,0.000000
1779466788.943,/node/io_read_mbs,0.000000
1779466789.444,/node/io_read_mbs,0.000000
1779466789.943,/node/io_read_mbs,0.000000
1779466790.444,/node/io_read_mbs,0.000000
1779466790.944,/node/io_read_mbs,0.000000
1779466791.444,/node/io_read_mbs,0.000000
1779466791.943,/node/io_read_mbs,0.000000
1779466792.443,/node/io_read_mbs,0.000000
1779466792.944,/node/io_read_mbs,0.000000
1779466793.444,/node/io_read_mbs,0.000000
1779466793.943,/node/io_read_mbs,0.000000
1779466794.446,/node/io_read_mbs,0.000000
1779466794.943,/node/io_read_mbs,0.000000
1779466795.443,/node/io_read_mbs,0.000000
1779466795.942,/node/io_read_mbs,0.000000
1779466796.442,/node/io_read_mbs,0.000000
1779466796.942,/node/io_read_mbs,0.000000
1779466797.443,/node/io_read_mbs,0.000000
1779466797.944,/node/io_read_mbs,0.000000
1779466798.443,/node/io_read_mbs,0.000000
1779466798.944,/node/io_read_mbs,0.000000
1779466799.444,/node/io_read_mbs,0.000000
1779466799.944,/node/io_read_mbs,0.000000
1779466800.443,/node/io_read_mbs,0.000000
1779466800.945,/node/io_read_mbs,0.000000
1779466801.442,/node/io_read_mbs,0.000000
1779466801.943,/node/io_read_mbs,0.000000
1779466802.444,/node/io_read_mbs,0.000000
1779466802.942,/node/io_read_mbs,0.000000
1779466803.444,/node/io_read_mbs,0.000000
1779466803.943,/node/io_read_mbs,0.000000
1779466804.444,/node/io_read_mbs,0.000000
1779466804.943,/node/io_read_mbs,0.000000
1779466805.446,/node/io_read_mbs,0.000000
1779466805.944,/node/io_read_mbs,0.000000
1779466806.446,/node/io_read_mbs,0.000000
1779466806.945,/node/io_read_mbs,0.000000
1779466807.447,/node/io_read_mbs,0.000000
1779466807.944,/node/io_read_mbs,0.000000
1779466808.444,/node/io_read_mbs,0.000000
1779466808.942,/node/io_read_mbs,0.000000
1779466809.444,/node/io_read_mbs,0.000000
1779466809.945,/node/io_read_mbs,0.000000
1779466810.444,/node/io_read_mbs,0.000000
1779466810.943,/node/io_read_mbs,0.000000
1779466811.444,/node/io_read_mbs,0.000000
1779466811.943,/node/io_read_mbs,0.000000
1779466812.444,/node/io_read_mbs,0.000000
1779466632.949,/node/io_write_mbs,0.000000
1779466633.447,/node/io_write_mbs,0.000000
1779466633.949,/node/io_write_mbs,0.000000
1779466634.448,/node/io_write_mbs,0.000000
1779466634.949,/node/io_write_mbs,0.000000
1779466635.448,/node/io_write_mbs,0.000000
1779466635.959,/node/io_write_mbs,0.000000
1779466636.444,/node/io_write_mbs,0.000000
1779466636.959,/node/io_write_mbs,0.000000
1779466637.448,/node/io_write_mbs,0.000000
1779466637.948,/node/io_write_mbs,0.000000
1779466638.445,/node/io_write_mbs,0.000000
1779466638.947,/node/io_write_mbs,0.000000
1779466639.446,/node/io_write_mbs,0.000000
1779466639.948,/node/io_write_mbs,0.000000
1779466640.447,/node/io_write_mbs,0.000000
1779466640.949,/node/io_write_mbs,0.000000
1779466641.449,/node/io_write_mbs,0.000000
1779466641.941,/node/io_write_mbs,0.000000
1779466642.448,/node/io_write_mbs,0.000000
1779466642.948,/node/io_write_mbs,0.000000
1779466643.449,/node/io_write_mbs,0.000000
1779466643.948,/node/io_write_mbs,0.000000
1779466644.448,/node/io_write_mbs,0.000000
1779466644.948,/node/io_write_mbs,0.000000
1779466645.449,/node/io_write_mbs,0.000000
1779466645.946,/node/io_write_mbs,0.000000
1779466646.448,/node/io_write_mbs,0.000000
1779466646.944,/node/io_write_mbs,0.000000
1779466647.446,/node/io_write_mbs,0.000000
1779466647.958,/node/io_write_mbs,0.000000
1779466648.455,/node/io_write_mbs,0.000000
1779466648.945,/node/io_write_mbs,0.000000
1779466649.445,/node/io_write_mbs,0.000000
1779466649.944,/node/io_write_mbs,0.000000
1779466650.447,/node/io_write_mbs,0.000000
1779466650.947,/node/io_write_mbs,0.062522
1779466651.443,/node/io_write_mbs,0.000000
1779466651.948,/node/io_write_mbs,0.000000
1779466652.445,/node/io_write_mbs,0.000000
1779466652.947,/node/io_write_mbs,0.000000
1779466653.449,/node/io_write_mbs,0.000000
1779466653.947,/node/io_write_mbs,0.000000
1779466654.449,/node/io_write_mbs,0.000000
1779466654.946,/node/io_write_mbs,0.000000
1779466655.449,/node/io_write_mbs,0.000000
1779466655.946,/node/io_write_mbs,0.015601
1779466656.448,/node/io_write_mbs,0.000000
1779466656.947,/node/io_write_mbs,0.000000
1779466657.446,/node/io_write_mbs,0.000000
1779466657.949,/node/io_write_mbs,0.000000
1779466658.444,/node/io_write_mbs,0.000000
1779466658.948,/node/io_write_mbs,0.000000
1779466659.450,/node/io_write_mbs,0.000000
1779466659.948,/node/io_write_mbs,0.000000
1779466660.449,/node/io_write_mbs,0.000000
1779466660.949,/node/io_write_mbs,0.000000
1779466661.449,/node/io_write_mbs,0.000000
1779466661.959,/node/io_write_mbs,0.000000
1779466662.449,/node/io_write_mbs,0.000000
1779466662.945,/node/io_write_mbs,0.000000
1779466663.449,/node/io_write_mbs,0.000000
1779466663.948,/node/io_write_mbs,0.000000
1779466664.446,/node/io_write_mbs,0.000000
1779466664.948,/node/io_write_mbs,0.000000
1779466665.449,/node/io_write_mbs,0.000000
1779466665.948,/node/io_write_mbs,0.000000
1779466666.446,/node/io_write_mbs,0.000000
1779466666.945,/node/io_write_mbs,0.000000
1779466667.448,/node/io_write_mbs,0.000000
1779466667.949,/node/io_write_mbs,0.000000
1779466668.445,/node/io_write_mbs,0.000000
1779466668.948,/node/io_write_mbs,0.000000
1779466669.450,/node/io_write_mbs,0.000000
1779466669.946,/node/io_write_mbs,0.000000
1779466670.447,/node/io_write_mbs,0.000000
1779466670.947,/node/io_write_mbs,0.046885
1779466671.457,/node/io_write_mbs,0.000000
1779466671.944,/node/io_write_mbs,0.000000
1779466672.447,/node/io_write_mbs,0.000000
1779466672.944,/node/io_write_mbs,0.000000
1779466673.446,/node/io_write_mbs,0.000000
1779466673.947,/node/io_write_mbs,0.000000
1779466674.447,/node/io_write_mbs,0.000000
1779466674.947,/node/io_write_mbs,0.000000
1779466675.445,/node/io_write_mbs,0.000000
1779466675.949,/node/io_write_mbs,0.015633
1779466676.460,/node/io_write_mbs,0.000000
1779466676.944,/node/io_write_mbs,0.000000
1779466677.445,/node/io_write_mbs,0.000000
1779466677.944,/node/io_write_mbs,0.000000
1779466678.447,/node/io_write_mbs,0.000000
1779466678.945,/node/io_write_mbs,0.000000
1779466679.447,/node/io_write_mbs,0.000000
1779466679.946,/node/io_write_mbs,0.000000
1779466680.448,/node/io_write_mbs,0.000000
1779466680.947,/node/io_write_mbs,0.000000
1779466681.445,/node/io_write_mbs,0.000000
1779466681.946,/node/io_write_mbs,0.000000
1779466682.445,/node/io_write_mbs,0.000000
1779466682.944,/node/io_write_mbs,0.000000
1779466683.444,/node/io_write_mbs,0.000000
1779466683.944,/node/io_write_mbs,0.000000
1779466684.445,/node/io_write_mbs,0.000000
1779466684.955,/node/io_write_mbs,0.000000
1779466685.445,/node/io_write_mbs,0.000000
1779466685.949,/node/io_write_mbs,0.000000
1779466686.446,/node/io_write_mbs,0.000000
1779466686.944,/node/io_write_mbs,0.000000
1779466687.445,/node/io_write_mbs,0.000000
1779466687.946,/node/io_write_mbs,0.000000
1779466688.445,/node/io_write_mbs,0.000000
1779466688.945,/node/io_write_mbs,0.000000
1779466689.450,/node/io_write_mbs,0.000000
1779466689.948,/node/io_write_mbs,0.000000
1779466690.445,/node/io_write_mbs,0.000000
1779466690.945,/node/io_write_mbs,0.000000
1779466691.443,/node/io_write_mbs,0.000000
1779466691.945,/node/io_write_mbs,0.000000
1779466692.444,/node/io_write_mbs,0.000000
1779466692.946,/node/io_write_mbs,0.000000
1779466693.447,/node/io_write_mbs,0.000000
1779466693.944,/node/io_write_mbs,0.000000
1779466694.448,/node/io_write_mbs,0.000000
1779466694.945,/node/io_write_mbs,0.000000
1779466695.448,/node/io_write_mbs,0.046868
1779466695.944,/node/io_write_mbs,0.015631
1779466696.443,/node/io_write_mbs,0.000000
1779466696.947,/node/io_write_mbs,0.000000
1779466697.448,/node/io_write_mbs,1.125042
1779466697.947,/node/io_write_mbs,33.332924
1779466698.443,/node/io_write_mbs,0.000000
1779466698.946,/node/io_write_mbs,0.000000
1779466699.445,/node/io_write_mbs,0.000000
1779466699.944,/node/io_write_mbs,0.000000
1779466700.447,/node/io_write_mbs,0.000000
1779466700.948,/node/io_write_mbs,0.015641
1779466701.457,/node/io_write_mbs,0.000000
1779466701.947,/node/io_write_mbs,0.000000
1779466702.445,/node/io_write_mbs,0.000000
1779466702.945,/node/io_write_mbs,0.374998
1779466703.445,/node/io_write_mbs,0.000000
1779466703.945,/node/io_write_mbs,0.000000
1779466704.457,/node/io_write_mbs,0.000000
1779466704.943,/node/io_write_mbs,0.000000
1779466705.445,/node/io_write_mbs,0.000000
1779466705.944,/node/io_write_mbs,0.000000
1779466706.443,/node/io_write_mbs,0.000000
1779466706.945,/node/io_write_mbs,0.000000
1779466707.444,/node/io_write_mbs,0.000000
1779466707.943,/node/io_write_mbs,0.344455
1779466708.444,/node/io_write_mbs,0.000000
1779466708.943,/node/io_write_mbs,0.000000
1779466709.444,/node/io_write_mbs,0.000000
1779466709.943,/node/io_write_mbs,0.000000
1779466710.443,/node/io_write_mbs,0.000000
1779466710.943,/node/io_write_mbs,0.000000
1779466711.440,/node/io_write_mbs,0.000000
1779466711.944,/node/io_write_mbs,0.000000
1779466712.443,/node/io_write_mbs,0.000000
1779466712.943,/node/io_write_mbs,0.000000
1779466713.446,/node/io_write_mbs,0.000000
1779466713.943,/node/io_write_mbs,0.000000
1779466714.444,/node/io_write_mbs,0.000000
1779466714.944,/node/io_write_mbs,0.000000
1779466715.444,/node/io_write_mbs,0.000000
1779466715.946,/node/io_write_mbs,0.046917
1779466716.446,/node/io_write_mbs,0.000000
1779466716.955,/node/io_write_mbs,0.000000
1779466717.443,/node/io_write_mbs,0.000000
1779466717.943,/node/io_write_mbs,0.000000
1779466718.443,/node/io_write_mbs,0.000000
1779466718.945,/node/io_write_mbs,0.000000
1779466719.443,/node/io_write_mbs,0.000000
1779466719.943,/node/io_write_mbs,0.000000
1779466720.457,/node/io_write_mbs,0.000000
1779466720.956,/node/io_write_mbs,0.015619
1779466721.445,/node/io_write_mbs,0.000000
1779466721.947,/node/io_write_mbs,0.000000
1779466722.443,/node/io_write_mbs,0.000000
1779466722.945,/node/io_write_mbs,0.000000
1779466723.444,/node/io_write_mbs,0.000000
1779466723.943,/node/io_write_mbs,0.000000
1779466724.445,/node/io_write_mbs,0.000000
1779466724.947,/node/io_write_mbs,0.000000
1779466725.447,/node/io_write_mbs,0.000000
1779466725.955,/node/io_write_mbs,0.000000
1779466726.441,/node/io_write_mbs,0.000000
1779466726.943,/node/io_write_mbs,0.000000
1779466727.444,/node/io_write_mbs,0.000000
1779466727.944,/node/io_write_mbs,0.015621
1779466728.444,/node/io_write_mbs,0.000000
1779466728.943,/node/io_write_mbs,0.000000
1779466729.443,/node/io_write_mbs,0.000000
1779466729.946,/node/io_write_mbs,0.000000
1779466730.457,/node/io_write_mbs,0.000000
1779466730.944,/node/io_write_mbs,0.000000
1779466731.456,/node/io_write_mbs,0.000000
1779466731.949,/node/io_write_mbs,0.000000
1779466732.444,/node/io_write_mbs,0.000000
1779466732.946,/node/io_write_mbs,0.000000
1779466733.446,/node/io_write_mbs,0.015623
1779466733.944,/node/io_write_mbs,0.000000
1779466734.456,/node/io_write_mbs,0.000000
1779466734.944,/node/io_write_mbs,0.000000
1779466735.447,/node/io_write_mbs,0.000000
1779466735.944,/node/io_write_mbs,0.000000
1779466736.446,/node/io_write_mbs,0.000000
1779466736.944,/node/io_write_mbs,0.000000
1779466737.456,/node/io_write_mbs,0.000000
1779466737.944,/node/io_write_mbs,0.000000
1779466738.456,/node/io_write_mbs,0.000000
1779466738.945,/node/io_write_mbs,0.000000
1779466739.444,/node/io_write_mbs,0.000000
1779466739.945,/node/io_write_mbs,0.000000
1779466740.456,/node/io_write_mbs,0.046902
1779466740.944,/node/io_write_mbs,0.015610
1779466741.441,/node/io_write_mbs,0.000000
1779466741.945,/node/io_write_mbs,0.000000
1779466742.455,/node/io_write_mbs,0.000000
1779466742.956,/node/io_write_mbs,0.000000
1779466743.447,/node/io_write_mbs,0.000000
1779466743.944,/node/io_write_mbs,0.000000
1779466744.446,/node/io_write_mbs,0.000000
1779466744.945,/node/io_write_mbs,0.000000
1779466745.456,/node/io_write_mbs,0.000000
1779466745.945,/node/io_write_mbs,0.015616
1779466746.444,/node/io_write_mbs,0.000000
1779466746.944,/node/io_write_mbs,0.000000
1779466747.444,/node/io_write_mbs,0.000000
1779466747.944,/node/io_write_mbs,0.000000
1779466748.446,/node/io_write_mbs,0.000000
1779466748.944,/node/io_write_mbs,0.000000
1779466749.443,/node/io_write_mbs,0.000000
1779466749.943,/node/io_write_mbs,0.000000
1779466750.445,/node/io_write_mbs,0.000000
1779466750.944,/node/io_write_mbs,0.000000
1779466751.443,/node/io_write_mbs,0.000000
1779466751.944,/node/io_write_mbs,0.000000
1779466752.446,/node/io_write_mbs,0.000000
1779466752.956,/node/io_write_mbs,0.000000
1779466753.445,/node/io_write_mbs,0.000000
1779466753.944,/node/io_write_mbs,0.000000
1779466754.456,/node/io_write_mbs,0.000000
1779466754.957,/node/io_write_mbs,0.000000
1779466755.445,/node/io_write_mbs,0.000000
1779466755.946,/node/io_write_mbs,0.000000
1779466756.444,/node/io_write_mbs,0.000000
1779466756.944,/node/io_write_mbs,0.000000
1779466757.446,/node/io_write_mbs,0.000000
1779466757.957,/node/io_write_mbs,0.000000
1779466758.444,/node/io_write_mbs,0.000000
1779466758.945,/node/io_write_mbs,0.000000
1779466759.446,/node/io_write_mbs,1.124566
1779466759.942,/node/io_write_mbs,0.000000
1779466760.443,/node/io_write_mbs,0.000000
1779466760.943,/node/io_write_mbs,0.000000
1779466761.443,/node/io_write_mbs,0.000000
1779466761.943,/node/io_write_mbs,0.000000
1779466762.456,/node/io_write_mbs,33.349579
1779466762.957,/node/io_write_mbs,0.000000
1779466763.444,/node/io_write_mbs,0.000000
1779466763.946,/node/io_write_mbs,0.000000
1779466764.446,/node/io_write_mbs,0.000000
1779466764.945,/node/io_write_mbs,0.000000
1779466765.456,/node/io_write_mbs,0.000000
1779466765.944,/node/io_write_mbs,0.359114
1779466766.445,/node/io_write_mbs,0.000000
1779466766.945,/node/io_write_mbs,0.000000
1779466767.443,/node/io_write_mbs,0.000000
1779466767.945,/node/io_write_mbs,0.000000
1779466768.445,/node/io_write_mbs,0.000000
1779466768.945,/node/io_write_mbs,0.000000
1779466769.445,/node/io_write_mbs,0.000000
1779466769.943,/node/io_write_mbs,0.000000
1779466770.445,/node/io_write_mbs,0.000000
1779466770.945,/node/io_write_mbs,0.328100
1779466771.443,/node/io_write_mbs,0.000000
1779466771.945,/node/io_write_mbs,0.000000
1779466772.455,/node/io_write_mbs,0.000000
1779466772.944,/node/io_write_mbs,0.000000
1779466773.445,/node/io_write_mbs,0.000000
1779466773.944,/node/io_write_mbs,0.000000
1779466774.448,/node/io_write_mbs,0.000000
1779466774.943,/node/io_write_mbs,0.000000
1779466775.454,/node/io_write_mbs,0.000000
1779466775.957,/node/io_write_mbs,0.000000
1779466776.446,/node/io_write_mbs,0.000000
1779466776.957,/node/io_write_mbs,0.000000
1779466777.456,/node/io_write_mbs,0.000000
1779466777.945,/node/io_write_mbs,0.000000
1779466778.455,/node/io_write_mbs,0.000000
1779466778.944,/node/io_write_mbs,0.000000
1779466779.445,/node/io_write_mbs,0.000000
1779466779.945,/node/io_write_mbs,0.000000
1779466780.445,/node/io_write_mbs,0.000000
1779466780.945,/node/io_write_mbs,0.000000
1779466781.447,/node/io_write_mbs,0.000000
1779466781.945,/node/io_write_mbs,0.000000
1779466782.445,/node/io_write_mbs,0.000000
1779466782.942,/node/io_write_mbs,0.000000
1779466783.444,/node/io_write_mbs,0.000000
1779466783.945,/node/io_write_mbs,0.000000
1779466784.445,/node/io_write_mbs,0.000000
1779466784.946,/node/io_write_mbs,0.000000
1779466785.446,/node/io_write_mbs,0.046882
1779466785.943,/node/io_write_mbs,0.000000
1779466786.440,/node/io_write_mbs,0.000000
1779466786.945,/node/io_write_mbs,0.000000
1779466787.445,/node/io_write_mbs,0.000000
1779466787.944,/node/io_write_mbs,0.000000
1779466788.444,/node/io_write_mbs,0.000000
1779466788.944,/node/io_write_mbs,0.000000
1779466789.445,/node/io_write_mbs,0.000000
1779466789.944,/node/io_write_mbs,0.000000
1779466790.445,/node/io_write_mbs,0.015615
1779466790.945,/node/io_write_mbs,0.031231
1779466791.444,/node/io_write_mbs,0.000000
1779466791.945,/node/io_write_mbs,0.000000
1779466792.444,/node/io_write_mbs,0.000000
1779466792.944,/node/io_write_mbs,0.000000
1779466793.445,/node/io_write_mbs,0.000000
1779466793.943,/node/io_write_mbs,0.000000
1779466794.447,/node/io_write_mbs,0.000000
1779466794.946,/node/io_write_mbs,0.000000
1779466795.445,/node/io_write_mbs,0.015635
1779466795.943,/node/io_write_mbs,0.000000
1779466796.443,/node/io_write_mbs,0.000000
1779466796.943,/node/io_write_mbs,0.000000
1779466797.444,/node/io_write_mbs,0.000000
1779466797.945,/node/io_write_mbs,0.000000
1779466798.445,/node/io_write_mbs,0.000000
1779466798.945,/node/io_write_mbs,0.000000
1779466799.445,/node/io_write_mbs,0.000000
1779466799.945,/node/io_write_mbs,0.000000
1779466800.444,/node/io_write_mbs,0.000000
1779466800.946,/node/io_write_mbs,0.000000
1779466801.444,/node/io_write_mbs,0.000000
1779466801.944,/node/io_write_mbs,0.000000
1779466802.445,/node/io_write_mbs,0.000000
1779466802.943,/node/io_write_mbs,0.000000
1779466803.445,/node/io_write_mbs,0.000000
1779466803.944,/node/io_write_mbs,0.000000
1779466804.445,/node/io_write_mbs,0.000000
1779466804.944,/node/io_write_mbs,0.000000
1779466805.448,/node/io_write_mbs,0.000000
1779466805.945,/node/io_write_mbs,0.000000
1779466806.447,/node/io_write_mbs,0.000000
1779466806.946,/node/io_write_mbs,0.000000
1779466807.448,/node/io_write_mbs,0.000000
1779466807.945,/node/io_write_mbs,0.000000
1779466808.445,/node/io_write_mbs,0.000000
1779466808.944,/node/io_write_mbs,0.000000
1779466809.445,/node/io_write_mbs,0.000000
1779466809.946,/node/io_write_mbs,0.000000
1779466810.446,/node/io_write_mbs,0.000000
1779466810.944,/node/io_write_mbs,0.046852
1779466811.457,/node/io_write_mbs,0.000000
1779466811.944,/node/io_write_mbs,0.000000
1779466812.445,/node/io_write_mbs,0.000000
