timestamp_unix,topic,value
1779444406.846,/benchmark/inference_ms,24.188156
1779444406.877,/benchmark/inference_ms,25.172194
1779444406.919,/benchmark/inference_ms,24.298208
1779444406.963,/benchmark/inference_ms,25.468267
1779444407.005,/benchmark/inference_ms,24.982298
1779444407.051,/benchmark/inference_ms,25.108253
1779444407.092,/benchmark/inference_ms,24.805458
1779444407.133,/benchmark/inference_ms,25.533451
1779444407.176,/benchmark/inference_ms,24.278654
1779444407.218,/benchmark/inference_ms,25.335140
1779444407.260,/benchmark/inference_ms,23.982069
1779444407.302,/benchmark/inference_ms,25.258755
1779444407.344,/benchmark/inference_ms,24.169308
1779444407.386,/benchmark/inference_ms,25.413511
1779444407.427,/benchmark/inference_ms,24.476358
1779444407.470,/benchmark/inference_ms,25.137533
1779444407.513,/benchmark/inference_ms,24.593962
1779444407.554,/benchmark/inference_ms,24.933910
1779444407.596,/benchmark/inference_ms,24.343809
1779444407.639,/benchmark/inference_ms,25.445000
1779444407.681,/benchmark/inference_ms,23.979156
1779444407.723,/benchmark/inference_ms,25.347141
1779444407.765,/benchmark/inference_ms,24.298464
1779444407.809,/benchmark/inference_ms,26.076925
1779444407.853,/benchmark/inference_ms,26.367624
1779444407.897,/benchmark/inference_ms,26.642387
1779444407.939,/benchmark/inference_ms,24.211613
1779444407.982,/benchmark/inference_ms,25.367813
1779444408.024,/benchmark/inference_ms,25.343077
1779444408.068,/benchmark/inference_ms,26.903931
1779444408.112,/benchmark/inference_ms,26.121983
1779444408.156,/benchmark/inference_ms,26.971132
1779444408.199,/benchmark/inference_ms,24.380096
1779444408.242,/benchmark/inference_ms,25.089754
1779444408.283,/benchmark/inference_ms,24.170393
1779444408.325,/benchmark/inference_ms,24.788366
1779444408.367,/benchmark/inference_ms,24.274334
1779444408.410,/benchmark/inference_ms,25.996122
1779444408.452,/benchmark/inference_ms,24.967894
1779444408.496,/benchmark/inference_ms,25.951511
1779444408.540,/benchmark/inference_ms,25.614059
1779444408.582,/benchmark/inference_ms,25.894999
1779444408.626,/benchmark/inference_ms,24.635498
1779444408.669,/benchmark/inference_ms,26.117437
1779444408.711,/benchmark/inference_ms,25.307968
1779444408.755,/benchmark/inference_ms,25.771856
1779444408.798,/benchmark/inference_ms,25.361732
1779444408.841,/benchmark/inference_ms,26.111422
1779444408.884,/benchmark/inference_ms,24.976694
1779444408.928,/benchmark/inference_ms,26.277700
1779444408.970,/benchmark/inference_ms,25.500265
1779444409.017,/benchmark/inference_ms,25.944408
1779444409.056,/benchmark/inference_ms,24.771053
1779444409.099,/benchmark/inference_ms,26.373989
1779444409.142,/benchmark/inference_ms,25.876467
1779444409.185,/benchmark/inference_ms,25.465670
1779444409.234,/benchmark/inference_ms,25.213982
1779444409.271,/benchmark/inference_ms,26.249121
1779444409.314,/benchmark/inference_ms,25.020630
1779444409.358,/benchmark/inference_ms,26.008345
1779444409.401,/benchmark/inference_ms,25.423300
1779444409.443,/benchmark/inference_ms,25.866674
1779444409.487,/benchmark/inference_ms,24.781900
1779444409.529,/benchmark/inference_ms,25.856594
1779444409.572,/benchmark/inference_ms,25.229052
1779444409.615,/benchmark/inference_ms,25.350336
1779444409.658,/benchmark/inference_ms,25.288799
1779444409.702,/benchmark/inference_ms,26.006008
1779444409.745,/benchmark/inference_ms,25.034615
1779444409.789,/benchmark/inference_ms,26.002457
1779444409.832,/benchmark/inference_ms,25.071510
1779444409.874,/benchmark/inference_ms,25.711950
1779444409.917,/benchmark/inference_ms,24.737837
1779444409.959,/benchmark/inference_ms,25.998873
1779444410.005,/benchmark/inference_ms,25.432899
1779444410.052,/benchmark/inference_ms,25.191738
1779444410.090,/benchmark/inference_ms,25.358976
1779444410.133,/benchmark/inference_ms,26.038742
1779444410.176,/benchmark/inference_ms,24.710312
1779444410.219,/benchmark/inference_ms,26.043991
1779444410.262,/benchmark/inference_ms,25.164377
1779444410.305,/benchmark/inference_ms,25.241116
1779444410.347,/benchmark/inference_ms,25.069685
1779444410.390,/benchmark/inference_ms,26.162428
1779444410.433,/benchmark/inference_ms,25.074741
1779444410.478,/benchmark/inference_ms,26.195932
1779444410.521,/benchmark/inference_ms,25.167929
1779444410.563,/benchmark/inference_ms,25.772078
1779444410.606,/benchmark/inference_ms,24.338844
1779444410.649,/benchmark/inference_ms,26.147066
1779444410.692,/benchmark/inference_ms,25.444323
1779444410.736,/benchmark/inference_ms,25.302078
1779444410.779,/benchmark/inference_ms,25.332607
1779444410.821,/benchmark/inference_ms,26.238941
1779444410.865,/benchmark/inference_ms,24.809772
1779444410.908,/benchmark/inference_ms,26.004726
1779444410.951,/benchmark/inference_ms,25.481253
1779444410.994,/benchmark/inference_ms,25.610567
1779444411.037,/benchmark/inference_ms,25.380608
1779444411.080,/benchmark/inference_ms,26.401409
1779444411.123,/benchmark/inference_ms,25.087379
1779444411.166,/benchmark/inference_ms,26.275646
1779444411.210,/benchmark/inference_ms,25.336765
1779444411.252,/benchmark/inference_ms,26.124697
1779444411.296,/benchmark/inference_ms,24.738504
1779444411.339,/benchmark/inference_ms,25.979668
1779444411.383,/benchmark/inference_ms,25.630823
1779444411.425,/benchmark/inference_ms,25.639721
1779444411.468,/benchmark/inference_ms,25.396799
1779444411.515,/benchmark/inference_ms,26.147097
1779444411.555,/benchmark/inference_ms,24.810186
1779444411.599,/benchmark/inference_ms,26.317919
1779444411.642,/benchmark/inference_ms,25.453920
1779444411.684,/benchmark/inference_ms,26.011925
1779444411.731,/benchmark/inference_ms,24.715847
1779444411.773,/benchmark/inference_ms,25.921778
1779444411.814,/benchmark/inference_ms,25.145845
1779444411.857,/benchmark/inference_ms,25.352318
1779444411.899,/benchmark/inference_ms,25.167927
1779444411.943,/benchmark/inference_ms,26.299646
1779444411.987,/benchmark/inference_ms,25.049171
1779444412.030,/benchmark/inference_ms,25.973555
1779444412.073,/benchmark/inference_ms,25.229879
1779444412.115,/benchmark/inference_ms,26.068563
1779444412.160,/benchmark/inference_ms,24.892748
1779444412.203,/benchmark/inference_ms,26.034164
1779444412.246,/benchmark/inference_ms,26.045780
1779444412.290,/benchmark/inference_ms,25.723530
1779444412.333,/benchmark/inference_ms,25.440096
1779444412.376,/benchmark/inference_ms,26.168730
1779444412.419,/benchmark/inference_ms,24.847818
1779444412.462,/benchmark/inference_ms,26.042515
1779444412.506,/benchmark/inference_ms,25.383709
1779444412.550,/benchmark/inference_ms,25.754923
1779444412.594,/benchmark/inference_ms,24.852842
1779444412.634,/benchmark/inference_ms,26.092182
1779444412.677,/benchmark/inference_ms,25.149685
1779444412.720,/benchmark/inference_ms,25.483809
1779444412.763,/benchmark/inference_ms,25.358587
1779444412.806,/benchmark/inference_ms,26.107702
1779444412.850,/benchmark/inference_ms,24.905453
1779444412.892,/benchmark/inference_ms,25.957649
1779444412.935,/benchmark/inference_ms,25.047314
1779444412.978,/benchmark/inference_ms,25.920879
1779444413.024,/benchmark/inference_ms,24.641123
1779444413.064,/benchmark/inference_ms,25.992912
1779444413.107,/benchmark/inference_ms,24.995886
1779444413.150,/benchmark/inference_ms,25.391003
1779444413.193,/benchmark/inference_ms,25.356441
1779444413.236,/benchmark/inference_ms,26.087540
1779444413.278,/benchmark/inference_ms,24.857704
1779444413.321,/benchmark/inference_ms,25.981457
1779444413.365,/benchmark/inference_ms,25.141106
1779444413.407,/benchmark/inference_ms,25.752104
1779444413.450,/benchmark/inference_ms,24.650049
1779444413.493,/benchmark/inference_ms,26.117685
1779444413.535,/benchmark/inference_ms,24.889160
1779444413.578,/benchmark/inference_ms,25.713736
1779444413.622,/benchmark/inference_ms,25.150354
1779444413.663,/benchmark/inference_ms,25.599363
1779444413.706,/benchmark/inference_ms,24.591679
1779444413.748,/benchmark/inference_ms,26.071058
1779444413.792,/benchmark/inference_ms,25.321274
1779444413.834,/benchmark/inference_ms,25.401306
1779444413.877,/benchmark/inference_ms,25.239510
1779444413.919,/benchmark/inference_ms,25.883564
1779444413.963,/benchmark/inference_ms,24.867113
1779444414.005,/benchmark/inference_ms,26.295547
1779444414.050,/benchmark/inference_ms,25.317017
1779444414.091,/benchmark/inference_ms,25.779240
1779444414.134,/benchmark/inference_ms,24.829412
1779444414.177,/benchmark/inference_ms,26.273144
1779444414.220,/benchmark/inference_ms,25.268148
1779444414.262,/benchmark/inference_ms,25.005772
1779444414.305,/benchmark/inference_ms,24.339252
1779444414.347,/benchmark/inference_ms,24.940168
1779444414.389,/benchmark/inference_ms,24.326580
1779444414.432,/benchmark/inference_ms,25.392185
1779444414.475,/benchmark/inference_ms,25.538046
1779444414.522,/benchmark/inference_ms,25.453018
1779444414.560,/benchmark/inference_ms,24.399927
1779444414.601,/benchmark/inference_ms,24.878344
1779444414.645,/benchmark/inference_ms,24.491034
1779444414.688,/benchmark/inference_ms,26.428959
1779444414.732,/benchmark/inference_ms,25.813641
1779444414.775,/benchmark/inference_ms,26.005936
1779444414.820,/benchmark/inference_ms,25.605217
1779444414.864,/benchmark/inference_ms,26.956944
1779444414.908,/benchmark/inference_ms,25.750469
1779444414.951,/benchmark/inference_ms,26.532768
1779444414.995,/benchmark/inference_ms,25.831848
1779444415.038,/benchmark/inference_ms,26.743336
1779444415.083,/benchmark/inference_ms,26.100817
1779444415.126,/benchmark/inference_ms,26.335447
1779444415.170,/benchmark/inference_ms,25.309046
1779444415.213,/benchmark/inference_ms,26.966606
1779444415.257,/benchmark/inference_ms,26.190451
1779444415.302,/benchmark/inference_ms,26.833067
1779444415.346,/benchmark/inference_ms,25.976204
1779444415.390,/benchmark/inference_ms,26.981710
1779444415.434,/benchmark/inference_ms,25.507900
1779444415.478,/benchmark/inference_ms,25.603422
1779444415.520,/benchmark/inference_ms,24.375860
1779444415.562,/benchmark/inference_ms,25.182896
1779444415.604,/benchmark/inference_ms,24.439445
1779444415.648,/benchmark/inference_ms,26.634211
1779444415.691,/benchmark/inference_ms,25.734627
1779444415.735,/benchmark/inference_ms,27.004944
1779444415.779,/benchmark/inference_ms,25.583775
1779444415.823,/benchmark/inference_ms,26.726374
1779444415.867,/benchmark/inference_ms,26.130289
1779444415.911,/benchmark/inference_ms,27.050194
1779444415.955,/benchmark/inference_ms,25.956842
1779444415.998,/benchmark/inference_ms,25.712708
1779444416.040,/benchmark/inference_ms,24.199341
1779444416.082,/benchmark/inference_ms,25.172878
1779444416.124,/benchmark/inference_ms,24.145611
1779444416.166,/benchmark/inference_ms,25.318516
1779444416.209,/benchmark/inference_ms,24.588314
1779444416.251,/benchmark/inference_ms,25.271090
1779444416.295,/benchmark/inference_ms,26.000908
1779444416.339,/benchmark/inference_ms,27.060688
1779444416.383,/benchmark/inference_ms,26.125423
1779444416.426,/benchmark/inference_ms,26.522844
1779444416.470,/benchmark/inference_ms,24.257261
1779444416.512,/benchmark/inference_ms,25.025002
1779444416.554,/benchmark/inference_ms,24.483253
1779444416.597,/benchmark/inference_ms,25.153900
1779444416.639,/benchmark/inference_ms,24.658461
1779444416.681,/benchmark/inference_ms,25.407383
1779444416.726,/benchmark/inference_ms,24.323984
1779444416.766,/benchmark/inference_ms,25.462328
1779444416.808,/benchmark/inference_ms,24.442900
1779444416.850,/benchmark/inference_ms,24.697918
1779444416.892,/benchmark/inference_ms,24.585274
1779444416.936,/benchmark/inference_ms,25.986185
1779444416.980,/benchmark/inference_ms,25.542044
1779444417.028,/benchmark/inference_ms,26.155890
1779444417.071,/benchmark/inference_ms,25.357843
1779444417.114,/benchmark/inference_ms,26.083435
1779444417.157,/benchmark/inference_ms,25.199341
1779444417.200,/benchmark/inference_ms,24.752796
1779444417.247,/benchmark/inference_ms,24.979109
1779444417.290,/benchmark/inference_ms,26.083147
1779444417.334,/benchmark/inference_ms,25.102377
1779444417.376,/benchmark/inference_ms,26.176975
1779444417.418,/benchmark/inference_ms,24.868067
1779444417.462,/benchmark/inference_ms,25.287760
1779444417.505,/benchmark/inference_ms,25.028296
1779444417.548,/benchmark/inference_ms,26.147470
1779444417.592,/benchmark/inference_ms,25.409555
1779444417.635,/benchmark/inference_ms,25.466198
1779444417.678,/benchmark/inference_ms,25.261040
1779444417.721,/benchmark/inference_ms,26.047018
1779444417.765,/benchmark/inference_ms,25.274063
1779444417.807,/benchmark/inference_ms,25.497303
1779444417.851,/benchmark/inference_ms,24.934467
1779444417.894,/benchmark/inference_ms,26.232721
1779444417.938,/benchmark/inference_ms,26.278835
1779444417.981,/benchmark/inference_ms,26.121838
1779444418.026,/benchmark/inference_ms,25.555769
1779444418.068,/benchmark/inference_ms,26.431606
1779444418.111,/benchmark/inference_ms,25.259981
1779444418.154,/benchmark/inference_ms,25.359632
1779444418.197,/benchmark/inference_ms,25.325232
1779444418.241,/benchmark/inference_ms,26.226734
1779444418.283,/benchmark/inference_ms,24.688953
1779444418.326,/benchmark/inference_ms,26.255856
1779444418.369,/benchmark/inference_ms,25.263918
1779444418.410,/benchmark/inference_ms,25.880356
1779444418.455,/benchmark/inference_ms,24.864191
1779444418.498,/benchmark/inference_ms,26.238798
1779444418.542,/benchmark/inference_ms,25.164074
1779444418.585,/benchmark/inference_ms,25.653690
1779444418.630,/benchmark/inference_ms,25.000229
1779444418.674,/benchmark/inference_ms,26.432055
1779444418.717,/benchmark/inference_ms,25.257484
1779444418.761,/benchmark/inference_ms,26.566395
1779444418.804,/benchmark/inference_ms,25.168139
1779444418.847,/benchmark/inference_ms,25.995623
1779444418.891,/benchmark/inference_ms,24.684729
1779444418.934,/benchmark/inference_ms,26.273394
1779444418.977,/benchmark/inference_ms,25.296719
1779444419.021,/benchmark/inference_ms,26.087147
1779444419.065,/benchmark/inference_ms,25.257803
1779444419.108,/benchmark/inference_ms,26.276272
1779444419.152,/benchmark/inference_ms,25.488947
1779444419.195,/benchmark/inference_ms,25.519957
1779444419.238,/benchmark/inference_ms,25.144136
1779444419.281,/benchmark/inference_ms,26.256367
1779444419.324,/benchmark/inference_ms,25.171688
1779444419.369,/benchmark/inference_ms,26.349649
1779444419.412,/benchmark/inference_ms,25.331631
1779444419.455,/benchmark/inference_ms,25.896833
1779444419.498,/benchmark/inference_ms,24.787323
1779444419.544,/benchmark/inference_ms,26.417973
1779444419.585,/benchmark/inference_ms,25.524981
1779444419.628,/benchmark/inference_ms,26.158571
1779444419.672,/benchmark/inference_ms,24.947872
1779444419.716,/benchmark/inference_ms,26.503735
1779444419.759,/benchmark/inference_ms,25.301325
1779444419.802,/benchmark/inference_ms,25.853151
1779444419.848,/benchmark/inference_ms,26.050568
1779444419.891,/benchmark/inference_ms,27.020905
1779444419.936,/benchmark/inference_ms,26.059912
1779444419.979,/benchmark/inference_ms,25.983587
1779444420.022,/benchmark/inference_ms,25.122471
1779444420.066,/benchmark/inference_ms,25.954338
1779444420.111,/benchmark/inference_ms,25.291275
1779444420.154,/benchmark/inference_ms,26.423571
1779444420.197,/benchmark/inference_ms,25.068771
1779444420.242,/benchmark/inference_ms,26.249483
1779444420.284,/benchmark/inference_ms,24.546097
1779444420.328,/benchmark/inference_ms,26.322159
1779444420.371,/benchmark/inference_ms,25.031553
1779444420.414,/benchmark/inference_ms,26.117414
1779444420.457,/benchmark/inference_ms,24.775417
1779444420.500,/benchmark/inference_ms,25.856285
1779444420.543,/benchmark/inference_ms,24.896349
1779444420.586,/benchmark/inference_ms,26.100679
1779444420.630,/benchmark/inference_ms,25.107685
1779444420.673,/benchmark/inference_ms,26.603512
1779444420.718,/benchmark/inference_ms,25.990625
1779444420.762,/benchmark/inference_ms,25.729593
1779444420.805,/benchmark/inference_ms,24.489775
1779444420.849,/benchmark/inference_ms,25.843517
1779444420.892,/benchmark/inference_ms,24.856989
1779444420.934,/benchmark/inference_ms,25.294538
1779444420.978,/benchmark/inference_ms,25.055971
1779444421.020,/benchmark/inference_ms,25.765659
1779444421.063,/benchmark/inference_ms,24.891676
1779444421.106,/benchmark/inference_ms,25.693335
1779444421.150,/benchmark/inference_ms,25.383724
1779444421.192,/benchmark/inference_ms,25.742266
1779444421.238,/benchmark/inference_ms,26.292362
1779444421.283,/benchmark/inference_ms,27.078278
1779444421.327,/benchmark/inference_ms,25.803452
1779444421.370,/benchmark/inference_ms,26.245321
1779444421.415,/benchmark/inference_ms,24.892923
1779444421.458,/benchmark/inference_ms,26.522451
1779444421.501,/benchmark/inference_ms,25.266376
1779444421.546,/benchmark/inference_ms,26.448050
1779444421.589,/benchmark/inference_ms,24.838362
1779444421.632,/benchmark/inference_ms,25.972641
1779444421.675,/benchmark/inference_ms,25.266504
1779444421.718,/benchmark/inference_ms,25.957184
1779444421.761,/benchmark/inference_ms,24.621265
1779444421.804,/benchmark/inference_ms,26.106022
1779444421.848,/benchmark/inference_ms,25.537777
1779444421.891,/benchmark/inference_ms,26.056259
1779444421.934,/benchmark/inference_ms,25.040545
1779444421.978,/benchmark/inference_ms,26.143559
1779444422.020,/benchmark/inference_ms,25.353676
1779444422.063,/benchmark/inference_ms,25.835291
1779444422.107,/benchmark/inference_ms,25.299847
1779444422.150,/benchmark/inference_ms,26.065378
1779444422.193,/benchmark/inference_ms,25.135010
1779444422.237,/benchmark/inference_ms,26.475088
1779444422.280,/benchmark/inference_ms,25.424938
1779444422.323,/benchmark/inference_ms,26.140486
1779444422.367,/benchmark/inference_ms,24.917883
1779444422.410,/benchmark/inference_ms,26.108259
1779444422.454,/benchmark/inference_ms,25.340746
1779444422.496,/benchmark/inference_ms,25.837851
1779444422.541,/benchmark/inference_ms,24.976955
1779444422.583,/benchmark/inference_ms,26.501553
1779444422.626,/benchmark/inference_ms,25.522448
1779444422.670,/benchmark/inference_ms,27.048452
1779444422.715,/benchmark/inference_ms,26.140293
1779444422.759,/benchmark/inference_ms,26.932287
1779444422.802,/benchmark/inference_ms,25.288198
1779444422.845,/benchmark/inference_ms,26.606709
1779444422.887,/benchmark/inference_ms,24.957661
1779444422.943,/benchmark/inference_ms,25.652468
1779444422.977,/benchmark/inference_ms,25.687412
1779444423.019,/benchmark/inference_ms,26.371117
1779444423.062,/benchmark/inference_ms,25.618160
1779444423.105,/benchmark/inference_ms,26.202148
1779444423.151,/benchmark/inference_ms,25.540495
1779444423.194,/benchmark/inference_ms,26.608530
1779444423.236,/benchmark/inference_ms,25.101566
1779444423.280,/benchmark/inference_ms,25.380840
1779444423.323,/benchmark/inference_ms,24.986235
1779444423.366,/benchmark/inference_ms,25.952188
1779444423.409,/benchmark/inference_ms,25.154945
1779444423.452,/benchmark/inference_ms,25.525263
1779444423.494,/benchmark/inference_ms,24.454985
1779444423.539,/benchmark/inference_ms,27.255720
1779444423.582,/benchmark/inference_ms,25.742931
1779444423.624,/benchmark/inference_ms,25.433867
1779444423.667,/benchmark/inference_ms,25.196770
1779444423.710,/benchmark/inference_ms,25.835608
1779444423.755,/benchmark/inference_ms,25.031294
1779444423.797,/benchmark/inference_ms,25.374056
1779444423.840,/benchmark/inference_ms,25.589870
1779444423.882,/benchmark/inference_ms,26.006172
1779444423.927,/benchmark/inference_ms,25.213634
1779444423.970,/benchmark/inference_ms,25.400745
1779444424.014,/benchmark/inference_ms,24.514538
1779444424.055,/benchmark/inference_ms,26.314951
1779444424.098,/benchmark/inference_ms,25.471338
1779444424.141,/benchmark/inference_ms,25.727026
1779444424.185,/benchmark/inference_ms,24.775377
1779444424.232,/benchmark/inference_ms,26.325224
1779444424.273,/benchmark/inference_ms,25.264227
1779444424.315,/benchmark/inference_ms,26.174625
1779444424.357,/benchmark/inference_ms,24.837845
1779444424.400,/benchmark/inference_ms,25.241121
1779444424.444,/benchmark/inference_ms,25.278339
1779444424.487,/benchmark/inference_ms,26.122080
1779444424.532,/benchmark/inference_ms,25.631599
1779444424.573,/benchmark/inference_ms,25.802197
1779444424.617,/benchmark/inference_ms,24.484072
1779444424.659,/benchmark/inference_ms,26.028702
1779444424.702,/benchmark/inference_ms,25.152191
1779444424.746,/benchmark/inference_ms,25.893080
1779444424.789,/benchmark/inference_ms,24.739120
1779444424.833,/benchmark/inference_ms,26.582352
1779444424.876,/benchmark/inference_ms,25.152319
1779444424.919,/benchmark/inference_ms,26.350311
1779444424.963,/benchmark/inference_ms,25.296261
1779444425.006,/benchmark/inference_ms,25.507755
1779444425.052,/benchmark/inference_ms,25.193630
1779444425.092,/benchmark/inference_ms,25.766321
1779444425.136,/benchmark/inference_ms,25.252768
1779444425.178,/benchmark/inference_ms,25.479561
1779444425.220,/benchmark/inference_ms,24.757935
1779444425.265,/benchmark/inference_ms,26.332006
1779444425.307,/benchmark/inference_ms,24.306112
1779444425.349,/benchmark/inference_ms,24.623276
1779444425.391,/benchmark/inference_ms,24.564104
1779444425.433,/benchmark/inference_ms,24.872820
1779444425.475,/benchmark/inference_ms,24.028502
1779444425.520,/benchmark/inference_ms,24.995480
1779444425.560,/benchmark/inference_ms,24.443716
1779444425.603,/benchmark/inference_ms,24.937044
1779444425.644,/benchmark/inference_ms,25.538345
1779444425.688,/benchmark/inference_ms,26.434120
1779444425.732,/benchmark/inference_ms,25.857590
1779444425.776,/benchmark/inference_ms,26.666258
1779444425.819,/benchmark/inference_ms,25.363939
1779444425.862,/benchmark/inference_ms,26.154047
1779444425.905,/benchmark/inference_ms,24.928564
1779444425.949,/benchmark/inference_ms,25.409861
1779444425.992,/benchmark/inference_ms,25.194719
1779444426.035,/benchmark/inference_ms,26.221601
1779444426.079,/benchmark/inference_ms,25.362883
1779444426.120,/benchmark/inference_ms,25.573034
1779444426.164,/benchmark/inference_ms,24.529573
1779444426.207,/benchmark/inference_ms,26.206879
1779444426.250,/benchmark/inference_ms,25.285215
1779444426.293,/benchmark/inference_ms,25.799442
1779444426.338,/benchmark/inference_ms,25.174620
1779444426.380,/benchmark/inference_ms,26.279490
1779444426.424,/benchmark/inference_ms,25.592171
1779444426.468,/benchmark/inference_ms,25.875347
1779444426.514,/benchmark/inference_ms,25.614155
1779444426.555,/benchmark/inference_ms,26.345827
1779444426.598,/benchmark/inference_ms,25.206173
1779444426.641,/benchmark/inference_ms,26.567051
1779444426.685,/benchmark/inference_ms,25.630924
1779444426.731,/benchmark/inference_ms,27.889145
1779444426.776,/benchmark/inference_ms,26.580875
1779444426.820,/benchmark/inference_ms,26.434952
1779444426.865,/benchmark/inference_ms,26.043194
1779444426.908,/benchmark/inference_ms,26.465193
1779444426.951,/benchmark/inference_ms,25.644396
1779444426.994,/benchmark/inference_ms,25.097944
1779444427.037,/benchmark/inference_ms,24.923250
1779444427.080,/benchmark/inference_ms,26.211710
1779444427.122,/benchmark/inference_ms,24.632521
1779444427.164,/benchmark/inference_ms,25.186138
1779444427.206,/benchmark/inference_ms,24.649576
1779444427.248,/benchmark/inference_ms,25.680235
1779444427.292,/benchmark/inference_ms,24.987091
1779444427.334,/benchmark/inference_ms,25.144857
1779444427.376,/benchmark/inference_ms,24.101559
1779444427.418,/benchmark/inference_ms,25.948374
1779444427.460,/benchmark/inference_ms,23.940687
1779444427.503,/benchmark/inference_ms,25.859921
1779444427.546,/benchmark/inference_ms,24.723915
1779444427.589,/benchmark/inference_ms,25.503941
1779444427.632,/benchmark/inference_ms,24.867281
1779444427.675,/benchmark/inference_ms,25.668011
1779444427.718,/benchmark/inference_ms,24.792877
1779444427.760,/benchmark/inference_ms,25.679626
1779444427.803,/benchmark/inference_ms,24.450434
1779444427.846,/benchmark/inference_ms,25.946741
1779444427.889,/benchmark/inference_ms,24.777355
1779444427.931,/benchmark/inference_ms,25.924084
1779444427.975,/benchmark/inference_ms,24.978611
1779444428.019,/benchmark/inference_ms,26.123739
1779444428.061,/benchmark/inference_ms,24.656582
1779444428.102,/benchmark/inference_ms,24.986513
1779444428.144,/benchmark/inference_ms,23.976591
1779444428.186,/benchmark/inference_ms,24.604773
1779444428.228,/benchmark/inference_ms,24.747435
1779444428.270,/benchmark/inference_ms,24.904625
1779444428.312,/benchmark/inference_ms,24.654406
1779444428.354,/benchmark/inference_ms,24.999346
1779444428.395,/benchmark/inference_ms,24.660295
1779444428.437,/benchmark/inference_ms,25.187449
1779444428.481,/benchmark/inference_ms,24.321692
1779444428.523,/benchmark/inference_ms,25.599463
1779444428.566,/benchmark/inference_ms,24.663206
1779444428.608,/benchmark/inference_ms,25.416769
1779444428.650,/benchmark/inference_ms,24.709768
1779444428.691,/benchmark/inference_ms,24.809740
1779444428.733,/benchmark/inference_ms,24.644903
1779444428.775,/benchmark/inference_ms,24.938543
1779444428.817,/benchmark/inference_ms,23.991377
1779444428.859,/benchmark/inference_ms,25.349277
1779444428.901,/benchmark/inference_ms,24.030832
1779444428.943,/benchmark/inference_ms,25.240250
1779444428.985,/benchmark/inference_ms,24.314331
1779444429.029,/benchmark/inference_ms,25.198618
1779444429.072,/benchmark/inference_ms,24.963888
1779444429.113,/benchmark/inference_ms,24.695078
1779444429.153,/benchmark/inference_ms,24.478334
1779444429.195,/benchmark/inference_ms,24.999281
1779444429.238,/benchmark/inference_ms,24.081457
1779444429.280,/benchmark/inference_ms,25.213783
1779444429.321,/benchmark/inference_ms,24.328539
1779444429.362,/benchmark/inference_ms,25.356956
1779444429.406,/benchmark/inference_ms,24.745319
1779444429.449,/benchmark/inference_ms,24.938446
1779444429.491,/benchmark/inference_ms,24.880013
1779444429.533,/benchmark/inference_ms,25.350460
1779444429.575,/benchmark/inference_ms,24.260536
1779444429.618,/benchmark/inference_ms,26.055508
1779444429.661,/benchmark/inference_ms,25.179190
1779444429.704,/benchmark/inference_ms,26.349566
1779444429.747,/benchmark/inference_ms,25.439327
1779444429.790,/benchmark/inference_ms,26.060404
1779444429.833,/benchmark/inference_ms,25.095411
1779444429.876,/benchmark/inference_ms,25.958065
1779444429.920,/benchmark/inference_ms,25.477600
1779444429.962,/benchmark/inference_ms,25.775915
1779444430.006,/benchmark/inference_ms,25.079027
1779444430.049,/benchmark/inference_ms,26.076372
1779444430.092,/benchmark/inference_ms,25.140404
1779444430.134,/benchmark/inference_ms,25.468349
1779444430.178,/benchmark/inference_ms,25.023502
1779444430.220,/benchmark/inference_ms,26.497568
1779444430.265,/benchmark/inference_ms,25.351931
1779444430.305,/benchmark/inference_ms,25.525440
1779444430.349,/benchmark/inference_ms,24.386490
1779444430.393,/benchmark/inference_ms,25.476158
1779444430.434,/benchmark/inference_ms,25.201653
1779444430.477,/benchmark/inference_ms,25.948687
1779444430.519,/benchmark/inference_ms,24.530495
1779444430.562,/benchmark/inference_ms,26.081011
1779444430.606,/benchmark/inference_ms,25.376219
1779444430.649,/benchmark/inference_ms,26.553284
1779444430.693,/benchmark/inference_ms,24.558016
1779444430.735,/benchmark/inference_ms,25.988625
1779444430.778,/benchmark/inference_ms,25.081778
1779444430.820,/benchmark/inference_ms,25.351707
1779444430.863,/benchmark/inference_ms,24.472542
1779444430.905,/benchmark/inference_ms,25.833195
1779444430.948,/benchmark/inference_ms,24.846827
1779444430.990,/benchmark/inference_ms,25.699205
1779444431.034,/benchmark/inference_ms,24.935308
1779444431.078,/benchmark/inference_ms,26.524706
1779444431.120,/benchmark/inference_ms,25.061487
1779444431.162,/benchmark/inference_ms,25.873161
1779444431.205,/benchmark/inference_ms,24.794247
1779444431.253,/benchmark/inference_ms,29.023190
1779444431.297,/benchmark/inference_ms,27.200342
1779444431.341,/benchmark/inference_ms,26.866411
1779444431.383,/benchmark/inference_ms,25.045166
1779444431.427,/benchmark/inference_ms,25.120304
1779444431.470,/benchmark/inference_ms,25.134832
1779444431.514,/benchmark/inference_ms,25.978094
1779444431.558,/benchmark/inference_ms,24.055918
1779444431.598,/benchmark/inference_ms,24.745253
1779444431.639,/benchmark/inference_ms,24.543295
1779444431.681,/benchmark/inference_ms,24.712805
1779444431.728,/benchmark/inference_ms,24.531197
1779444431.763,/benchmark/inference_ms,24.944555
1779444431.806,/benchmark/inference_ms,24.514622
1779444431.849,/benchmark/inference_ms,26.016657
1779444431.891,/benchmark/inference_ms,25.228117
1779444431.933,/benchmark/inference_ms,25.624451
1779444431.975,/benchmark/inference_ms,24.499388
1779444432.018,/benchmark/inference_ms,26.173302
1779444432.061,/benchmark/inference_ms,25.404985
1779444432.102,/benchmark/inference_ms,25.595903
1779444432.146,/benchmark/inference_ms,24.749378
1779444432.190,/benchmark/inference_ms,25.966730
1779444432.233,/benchmark/inference_ms,25.321110
1779444432.275,/benchmark/inference_ms,26.091536
1779444432.317,/benchmark/inference_ms,24.927977
1779444432.360,/benchmark/inference_ms,25.487066
1779444432.403,/benchmark/inference_ms,25.455002
1779444432.446,/benchmark/inference_ms,25.848488
1779444432.489,/benchmark/inference_ms,25.190769
1779444432.532,/benchmark/inference_ms,25.449179
1779444432.575,/benchmark/inference_ms,24.928553
1779444432.617,/benchmark/inference_ms,25.710659
1779444432.659,/benchmark/inference_ms,25.041037
1779444432.701,/benchmark/inference_ms,25.513596
1779444432.745,/benchmark/inference_ms,24.545500
1779444432.788,/benchmark/inference_ms,25.922316
1779444432.831,/benchmark/inference_ms,24.951786
1779444432.873,/benchmark/inference_ms,25.962603
1779444432.917,/benchmark/inference_ms,24.599358
1779444432.960,/benchmark/inference_ms,25.810150
1779444433.002,/benchmark/inference_ms,25.044333
1779444433.046,/benchmark/inference_ms,25.757635
1779444433.087,/benchmark/inference_ms,24.588221
1779444433.130,/benchmark/inference_ms,25.672512
1779444433.173,/benchmark/inference_ms,24.963337
1779444433.215,/benchmark/inference_ms,25.771044
1779444433.258,/benchmark/inference_ms,24.739328
1779444433.299,/benchmark/inference_ms,25.532412
1779444433.343,/benchmark/inference_ms,25.016361
1779444433.386,/benchmark/inference_ms,25.960394
1779444433.428,/benchmark/inference_ms,24.747936
1779444433.472,/benchmark/inference_ms,26.128654
1779444433.516,/benchmark/inference_ms,26.422234
1779444433.560,/benchmark/inference_ms,25.692064
1779444433.601,/benchmark/inference_ms,24.754498
1779444433.658,/benchmark/inference_ms,25.825380
1779444433.689,/benchmark/inference_ms,25.197617
1779444433.733,/benchmark/inference_ms,25.796932
1779444433.774,/benchmark/inference_ms,24.909702
1779444433.817,/benchmark/inference_ms,25.260082
1779444433.860,/benchmark/inference_ms,24.919943
1779444433.902,/benchmark/inference_ms,25.680000
1779444433.945,/benchmark/inference_ms,25.244242
1779444433.988,/benchmark/inference_ms,25.241392
1779444434.032,/benchmark/inference_ms,25.342676
1779444434.074,/benchmark/inference_ms,25.951527
1779444434.118,/benchmark/inference_ms,25.314194
1779444434.159,/benchmark/inference_ms,25.237104
1779444434.202,/benchmark/inference_ms,24.193581
1779444434.244,/benchmark/inference_ms,25.670206
1779444434.287,/benchmark/inference_ms,24.974791
1779444434.329,/benchmark/inference_ms,25.566523
1779444434.372,/benchmark/inference_ms,24.414516
1779444434.416,/benchmark/inference_ms,26.195120
1779444434.458,/benchmark/inference_ms,25.116652
1779444434.504,/benchmark/inference_ms,29.434910
1779444434.547,/benchmark/inference_ms,25.670527
1779444434.592,/benchmark/inference_ms,26.328979
1779444434.636,/benchmark/inference_ms,25.186926
1779444434.678,/benchmark/inference_ms,26.104813
1779444434.723,/benchmark/inference_ms,25.122026
1779444434.765,/benchmark/inference_ms,25.657406
1779444434.809,/benchmark/inference_ms,25.479160
1779444434.852,/benchmark/inference_ms,26.227345
1779444434.895,/benchmark/inference_ms,25.098347
1779444434.938,/benchmark/inference_ms,26.533403
1779444434.981,/benchmark/inference_ms,25.295858
1779444435.024,/benchmark/inference_ms,26.238417
1779444435.068,/benchmark/inference_ms,25.118633
1779444435.111,/benchmark/inference_ms,25.734398
1779444435.155,/benchmark/inference_ms,25.223118
1779444435.196,/benchmark/inference_ms,25.798208
1779444435.238,/benchmark/inference_ms,24.738428
1779444435.283,/benchmark/inference_ms,26.318930
1779444435.326,/benchmark/inference_ms,25.485750
1779444435.370,/benchmark/inference_ms,25.492598
1779444435.414,/benchmark/inference_ms,25.031815
1779444435.456,/benchmark/inference_ms,26.223280
1779444435.499,/benchmark/inference_ms,25.068136
1779444435.542,/benchmark/inference_ms,25.930597
1779444435.586,/benchmark/inference_ms,25.616091
1779444435.629,/benchmark/inference_ms,26.553497
1779444435.672,/benchmark/inference_ms,25.073320
1779444435.716,/benchmark/inference_ms,26.441462
1779444435.761,/benchmark/inference_ms,25.120426
1779444435.802,/benchmark/inference_ms,26.087435
1779444435.847,/benchmark/inference_ms,24.872801
1779444435.891,/benchmark/inference_ms,26.337715
1779444435.934,/benchmark/inference_ms,25.223118
1779444435.976,/benchmark/inference_ms,25.901669
1779444436.020,/benchmark/inference_ms,24.903267
1779444436.064,/benchmark/inference_ms,26.122505
1779444436.106,/benchmark/inference_ms,25.016966
1779444436.149,/benchmark/inference_ms,25.997349
1779444436.192,/benchmark/inference_ms,24.779837
1779444436.235,/benchmark/inference_ms,26.709373
1779444436.277,/benchmark/inference_ms,25.250702
1779444436.321,/benchmark/inference_ms,26.859875
1779444436.365,/benchmark/inference_ms,25.571608
1779444436.408,/benchmark/inference_ms,26.717693
1779444436.454,/benchmark/inference_ms,26.623802
1779444436.496,/benchmark/inference_ms,27.135277
1779444436.541,/benchmark/inference_ms,25.756317
1779444436.590,/benchmark/inference_ms,26.143402
1779444436.627,/benchmark/inference_ms,26.277517
1779444436.676,/benchmark/inference_ms,25.841280
1779444436.715,/benchmark/inference_ms,25.657530
1779444436.761,/benchmark/inference_ms,27.160749
1779444436.804,/benchmark/inference_ms,25.795872
1779444436.848,/benchmark/inference_ms,27.106091
1779444436.892,/benchmark/inference_ms,25.778847
1779444436.935,/benchmark/inference_ms,26.705692
1779444436.980,/benchmark/inference_ms,25.844032
1779444437.024,/benchmark/inference_ms,26.593561
1779444437.069,/benchmark/inference_ms,26.602615
1779444437.114,/benchmark/inference_ms,26.924803
1779444437.157,/benchmark/inference_ms,25.812958
1779444437.200,/benchmark/inference_ms,26.568790
1779444437.244,/benchmark/inference_ms,25.735867
1779444437.288,/benchmark/inference_ms,26.582039
1779444437.332,/benchmark/inference_ms,25.513428
1779444437.376,/benchmark/inference_ms,26.435602
1779444437.419,/benchmark/inference_ms,25.210985
1779444437.463,/benchmark/inference_ms,26.382193
1779444437.507,/benchmark/inference_ms,25.774557
1779444437.550,/benchmark/inference_ms,26.353041
1779444437.592,/benchmark/inference_ms,23.761688
1779444437.634,/benchmark/inference_ms,25.267756
1779444437.676,/benchmark/inference_ms,24.082243
1779444437.717,/benchmark/inference_ms,25.347727
1779444437.761,/benchmark/inference_ms,24.427406
1779444437.804,/benchmark/inference_ms,26.177771
1779444437.847,/benchmark/inference_ms,25.426256
1779444437.891,/benchmark/inference_ms,26.060293
1779444437.933,/benchmark/inference_ms,25.095110
1779444437.975,/benchmark/inference_ms,24.829117
1779444438.019,/benchmark/inference_ms,24.986946
1779444438.064,/benchmark/inference_ms,26.942307
1779444438.107,/benchmark/inference_ms,25.624981
1779444438.150,/benchmark/inference_ms,25.067619
1779444438.192,/benchmark/inference_ms,24.734713
1779444438.235,/benchmark/inference_ms,25.632311
1779444438.277,/benchmark/inference_ms,24.287529
1779444438.319,/benchmark/inference_ms,25.417070
1779444438.362,/benchmark/inference_ms,24.479118
1779444438.402,/benchmark/inference_ms,25.162374
1779444438.446,/benchmark/inference_ms,24.674807
1779444438.488,/benchmark/inference_ms,25.318892
1779444438.532,/benchmark/inference_ms,24.301611
1779444438.573,/benchmark/inference_ms,25.533010
1779444438.616,/benchmark/inference_ms,24.147844
1779444438.658,/benchmark/inference_ms,25.564852
1779444438.700,/benchmark/inference_ms,24.470798
1779444438.742,/benchmark/inference_ms,24.693142
1779444438.784,/benchmark/inference_ms,24.745687
1779444438.827,/benchmark/inference_ms,25.151558
1779444438.869,/benchmark/inference_ms,24.214149
1779444438.912,/benchmark/inference_ms,25.435886
1779444438.953,/benchmark/inference_ms,24.330540
1779444438.995,/benchmark/inference_ms,25.115747
1779444439.039,/benchmark/inference_ms,24.664471
1779444439.080,/benchmark/inference_ms,24.929884
1779444439.123,/benchmark/inference_ms,24.765560
1779444439.164,/benchmark/inference_ms,25.028128
1779444439.207,/benchmark/inference_ms,24.575792
1779444439.251,/benchmark/inference_ms,25.350924
1779444439.291,/benchmark/inference_ms,24.240133
1779444439.334,/benchmark/inference_ms,25.586418
1779444439.376,/benchmark/inference_ms,24.292648
1779444439.418,/benchmark/inference_ms,25.490158
1779444439.460,/benchmark/inference_ms,24.744984
1779444439.502,/benchmark/inference_ms,24.872377
1779444439.544,/benchmark/inference_ms,24.569489
1779444439.586,/benchmark/inference_ms,25.195877
1779444439.630,/benchmark/inference_ms,24.483023
1779444439.674,/benchmark/inference_ms,25.398701
1779444439.714,/benchmark/inference_ms,24.212101
1779444439.756,/benchmark/inference_ms,25.193510
1779444439.798,/benchmark/inference_ms,24.473389
1779444439.841,/benchmark/inference_ms,25.565779
1779444439.884,/benchmark/inference_ms,24.732725
1779444439.927,/benchmark/inference_ms,25.743608
1779444439.970,/benchmark/inference_ms,24.600178
1779444440.014,/benchmark/inference_ms,25.685205
1779444440.055,/benchmark/inference_ms,24.376490
1779444440.098,/benchmark/inference_ms,26.043903
1779444440.142,/benchmark/inference_ms,24.745428
1779444440.185,/benchmark/inference_ms,25.039358
1779444440.226,/benchmark/inference_ms,24.566479
1779444440.269,/benchmark/inference_ms,25.333736
1779444440.312,/benchmark/inference_ms,24.753109
1779444440.353,/benchmark/inference_ms,25.536240
1779444440.397,/benchmark/inference_ms,23.983707
1779444440.439,/benchmark/inference_ms,25.680981
1779444440.482,/benchmark/inference_ms,24.431530
1779444440.526,/benchmark/inference_ms,24.679411
1779444440.567,/benchmark/inference_ms,24.872410
1779444440.609,/benchmark/inference_ms,25.218149
1779444440.651,/benchmark/inference_ms,24.907194
1779444440.694,/benchmark/inference_ms,25.429611
1779444440.737,/benchmark/inference_ms,24.035933
1779444440.780,/benchmark/inference_ms,25.465485
1779444440.821,/benchmark/inference_ms,24.386953
1779444440.863,/benchmark/inference_ms,25.431179
1779444440.905,/benchmark/inference_ms,24.592655
1779444440.947,/benchmark/inference_ms,24.993980
1779444440.992,/benchmark/inference_ms,24.564495
1779444441.031,/benchmark/inference_ms,25.489902
1779444441.072,/benchmark/inference_ms,24.148895
1779444441.114,/benchmark/inference_ms,25.189409
1779444441.156,/benchmark/inference_ms,23.900438
1779444441.198,/benchmark/inference_ms,25.292454
1779444441.240,/benchmark/inference_ms,24.350021
1779444441.281,/benchmark/inference_ms,24.847319
1779444441.324,/benchmark/inference_ms,24.805620
1779444441.367,/benchmark/inference_ms,25.173218
1779444441.410,/benchmark/inference_ms,24.794966
1779444441.453,/benchmark/inference_ms,25.551277
1779444441.497,/benchmark/inference_ms,25.134304
1779444441.541,/benchmark/inference_ms,26.170500
1779444441.582,/benchmark/inference_ms,25.123232
1779444441.623,/benchmark/inference_ms,25.761429
1779444441.667,/benchmark/inference_ms,24.464937
1779444441.710,/benchmark/inference_ms,25.896729
1779444441.753,/benchmark/inference_ms,25.186241
1779444441.796,/benchmark/inference_ms,25.648018
1779444441.839,/benchmark/inference_ms,24.603470
1779444441.881,/benchmark/inference_ms,26.467531
1779444441.925,/benchmark/inference_ms,25.239555
1779444441.967,/benchmark/inference_ms,25.988508
1779444442.011,/benchmark/inference_ms,24.611567
1779444442.054,/benchmark/inference_ms,26.401194
1779444442.097,/benchmark/inference_ms,25.143709
1779444442.140,/benchmark/inference_ms,26.015514
1779444442.182,/benchmark/inference_ms,24.623631
1779444442.226,/benchmark/inference_ms,26.405832
1779444442.270,/benchmark/inference_ms,25.070587
1779444442.313,/benchmark/inference_ms,25.917080
1779444442.356,/benchmark/inference_ms,24.846355
1779444442.400,/benchmark/inference_ms,25.559469
1779444442.443,/benchmark/inference_ms,24.961306
1779444442.485,/benchmark/inference_ms,25.854902
1779444442.529,/benchmark/inference_ms,25.558926
1779444442.572,/benchmark/inference_ms,25.729074
1779444442.616,/benchmark/inference_ms,24.816437
1779444442.657,/benchmark/inference_ms,26.017916
1779444442.700,/benchmark/inference_ms,25.254913
1779444442.744,/benchmark/inference_ms,25.870358
1779444442.788,/benchmark/inference_ms,24.584492
1779444442.831,/benchmark/inference_ms,26.137054
1779444442.874,/benchmark/inference_ms,25.196159
1779444442.917,/benchmark/inference_ms,26.144127
1779444442.961,/benchmark/inference_ms,25.199360
1779444443.004,/benchmark/inference_ms,25.543116
1779444443.046,/benchmark/inference_ms,24.924854
1779444443.089,/benchmark/inference_ms,25.663885
1779444443.132,/benchmark/inference_ms,25.184767
1779444443.175,/benchmark/inference_ms,25.068954
1779444443.220,/benchmark/inference_ms,25.258945
1779444443.261,/benchmark/inference_ms,26.036409
1779444443.304,/benchmark/inference_ms,25.183229
1779444443.347,/benchmark/inference_ms,25.578348
1779444443.390,/benchmark/inference_ms,24.548681
1779444443.434,/benchmark/inference_ms,26.229536
1779444443.477,/benchmark/inference_ms,25.129597
1779444443.520,/benchmark/inference_ms,26.166174
1779444443.563,/benchmark/inference_ms,24.928373
1779444443.607,/benchmark/inference_ms,25.888021
1779444443.650,/benchmark/inference_ms,26.263105
1779444443.695,/benchmark/inference_ms,25.912981
1779444443.737,/benchmark/inference_ms,24.496807
1779444443.780,/benchmark/inference_ms,25.867188
1779444443.822,/benchmark/inference_ms,25.008217
1779444443.865,/benchmark/inference_ms,25.833235
1779444443.909,/benchmark/inference_ms,24.423653
1779444443.952,/benchmark/inference_ms,25.934198
1779444443.994,/benchmark/inference_ms,24.968311
1779444444.038,/benchmark/inference_ms,25.761520
1779444444.081,/benchmark/inference_ms,24.443300
1779444444.123,/benchmark/inference_ms,25.873203
1779444444.167,/benchmark/inference_ms,25.302048
1779444444.209,/benchmark/inference_ms,25.729134
1779444444.253,/benchmark/inference_ms,24.949396
1779444444.295,/benchmark/inference_ms,26.186750
1779444444.339,/benchmark/inference_ms,25.711948
1779444444.383,/benchmark/inference_ms,27.070618
1779444444.429,/benchmark/inference_ms,25.105402
1779444444.472,/benchmark/inference_ms,26.472101
1779444444.514,/benchmark/inference_ms,25.323330
1779444444.558,/benchmark/inference_ms,26.017113
1779444444.601,/benchmark/inference_ms,24.545639
1779444444.644,/benchmark/inference_ms,26.070265
1779444444.686,/benchmark/inference_ms,23.829456
1779444444.730,/benchmark/inference_ms,26.981176
1779444444.775,/benchmark/inference_ms,25.319201
1779444444.818,/benchmark/inference_ms,26.880596
1779444444.862,/benchmark/inference_ms,25.098938
1779444444.904,/benchmark/inference_ms,25.481831
1779444444.948,/benchmark/inference_ms,24.920019
1779444444.992,/benchmark/inference_ms,27.345762
1779444445.036,/benchmark/inference_ms,26.315489
1779444445.082,/benchmark/inference_ms,27.008694
1779444445.130,/benchmark/inference_ms,24.085047
1779444445.173,/benchmark/inference_ms,25.431747
1779444445.215,/benchmark/inference_ms,24.409506
1779444445.260,/benchmark/inference_ms,26.673452
1779444445.302,/benchmark/inference_ms,24.338047
1779444445.344,/benchmark/inference_ms,25.666731
1779444445.386,/benchmark/inference_ms,24.076056
1779444445.429,/benchmark/inference_ms,26.397955
1779444445.473,/benchmark/inference_ms,25.930708
1779444445.516,/benchmark/inference_ms,26.707756
1779444445.559,/benchmark/inference_ms,24.376831
1779444445.602,/benchmark/inference_ms,25.765518
1779444445.643,/benchmark/inference_ms,24.455139
1779444445.686,/benchmark/inference_ms,26.317440
1779444445.733,/benchmark/inference_ms,25.346016
1779444445.775,/benchmark/inference_ms,26.133146
1779444445.819,/benchmark/inference_ms,25.294207
1779444445.861,/benchmark/inference_ms,25.810511
1779444445.905,/benchmark/inference_ms,24.618696
1779444445.948,/benchmark/inference_ms,26.088921
1779444445.990,/benchmark/inference_ms,25.048662
1779444446.033,/benchmark/inference_ms,26.068855
1779444446.079,/benchmark/inference_ms,24.789995
1779444446.121,/benchmark/inference_ms,26.189146
1779444446.163,/benchmark/inference_ms,25.111895
1779444446.206,/benchmark/inference_ms,25.883568
1779444446.250,/benchmark/inference_ms,24.780746
1779444446.293,/benchmark/inference_ms,26.491779
1779444446.337,/benchmark/inference_ms,25.560038
1779444446.380,/benchmark/inference_ms,26.428802
1779444446.423,/benchmark/inference_ms,24.737387
1779444446.467,/benchmark/inference_ms,25.574150
1779444446.511,/benchmark/inference_ms,25.268637
1779444446.553,/benchmark/inference_ms,25.919313
1779444446.597,/benchmark/inference_ms,24.688681
1779444446.640,/benchmark/inference_ms,25.707914
1779444446.684,/benchmark/inference_ms,25.185560
1779444446.727,/benchmark/inference_ms,25.910480
1779444446.771,/benchmark/inference_ms,25.295324
1779444446.813,/benchmark/inference_ms,25.812141
1779444446.856,/benchmark/inference_ms,25.209242
1779444446.898,/benchmark/inference_ms,25.141752
1779444446.942,/benchmark/inference_ms,25.244444
1779444446.983,/benchmark/inference_ms,25.150553
1779444447.026,/benchmark/inference_ms,24.477762
1779444447.068,/benchmark/inference_ms,25.019474
1779444447.110,/benchmark/inference_ms,24.217848
1779444447.154,/benchmark/inference_ms,25.465921
1779444447.198,/benchmark/inference_ms,25.320061
1779444447.241,/benchmark/inference_ms,26.113525
1779444447.285,/benchmark/inference_ms,25.438080
1779444447.327,/benchmark/inference_ms,25.426910
1779444447.370,/benchmark/inference_ms,24.817642
1779444447.413,/benchmark/inference_ms,25.785547
1779444447.457,/benchmark/inference_ms,25.158422
1779444447.499,/benchmark/inference_ms,25.615396
1779444447.544,/benchmark/inference_ms,24.524899
1779444447.586,/benchmark/inference_ms,26.292795
1779444447.629,/benchmark/inference_ms,25.040083
1779444447.672,/benchmark/inference_ms,26.137463
1779444447.715,/benchmark/inference_ms,24.540291
1779444447.757,/benchmark/inference_ms,26.547140
1779444447.802,/benchmark/inference_ms,25.119829
1779444447.845,/benchmark/inference_ms,26.051668
1779444447.888,/benchmark/inference_ms,25.047955
1779444447.932,/benchmark/inference_ms,25.989075
1779444447.976,/benchmark/inference_ms,25.112501
1779444448.018,/benchmark/inference_ms,26.302525
1779444448.070,/benchmark/inference_ms,24.259319
1779444448.103,/benchmark/inference_ms,25.007153
1779444448.145,/benchmark/inference_ms,24.522047
1779444448.188,/benchmark/inference_ms,24.853643
1779444448.230,/benchmark/inference_ms,24.456894
1779444448.273,/benchmark/inference_ms,25.704647
1779444448.317,/benchmark/inference_ms,25.699686
1779444448.361,/benchmark/inference_ms,27.019058
1779444448.405,/benchmark/inference_ms,26.263096
1779444448.449,/benchmark/inference_ms,26.877293
1779444448.495,/benchmark/inference_ms,25.939022
1779444448.541,/benchmark/inference_ms,26.746025
1779444448.580,/benchmark/inference_ms,23.840521
1779444448.622,/benchmark/inference_ms,24.880140
1779444448.665,/benchmark/inference_ms,24.119987
1779444448.706,/benchmark/inference_ms,24.838282
1779444448.750,/benchmark/inference_ms,23.924459
1779444448.791,/benchmark/inference_ms,25.099409
1779444448.833,/benchmark/inference_ms,24.019024
1779444448.876,/benchmark/inference_ms,25.103827
1779444448.918,/benchmark/inference_ms,24.165012
1779444448.959,/benchmark/inference_ms,25.034449
1779444449.002,/benchmark/inference_ms,23.949741
1779444449.045,/benchmark/inference_ms,26.335161
1779444449.089,/benchmark/inference_ms,25.246166
1779444449.131,/benchmark/inference_ms,26.076849
1779444449.175,/benchmark/inference_ms,24.842760
1779444449.226,/benchmark/inference_ms,26.960077
1779444449.264,/benchmark/inference_ms,26.285145
1779444449.310,/benchmark/inference_ms,26.589827
1779444449.351,/benchmark/inference_ms,25.104498
1779444449.394,/benchmark/inference_ms,25.859339
1779444449.438,/benchmark/inference_ms,25.035151
1779444449.481,/benchmark/inference_ms,25.324633
1779444449.526,/benchmark/inference_ms,25.956589
1779444449.570,/benchmark/inference_ms,27.115410
1779444449.613,/benchmark/inference_ms,25.453213
1779444449.658,/benchmark/inference_ms,26.740358
1779444449.702,/benchmark/inference_ms,25.706596
1779444449.745,/benchmark/inference_ms,26.685286
1779444449.789,/benchmark/inference_ms,26.123825
1779444449.831,/benchmark/inference_ms,25.504992
1779444449.873,/benchmark/inference_ms,24.115152
1779444449.915,/benchmark/inference_ms,25.441755
1779444449.957,/benchmark/inference_ms,24.805960
1779444449.999,/benchmark/inference_ms,25.156818
1779444450.042,/benchmark/inference_ms,24.655619
1779444450.083,/benchmark/inference_ms,25.364952
1779444450.126,/benchmark/inference_ms,24.958668
1779444450.168,/benchmark/inference_ms,26.215410
1779444450.212,/benchmark/inference_ms,25.724163
1779444450.255,/benchmark/inference_ms,25.714085
1779444450.298,/benchmark/inference_ms,25.160593
1779444450.341,/benchmark/inference_ms,26.204308
1779444450.384,/benchmark/inference_ms,25.107504
1779444450.428,/benchmark/inference_ms,26.751717
1779444450.471,/benchmark/inference_ms,25.643713
1779444450.515,/benchmark/inference_ms,26.161745
1779444450.558,/benchmark/inference_ms,25.019724
1779444450.601,/benchmark/inference_ms,26.181715
1779444450.645,/benchmark/inference_ms,25.647457
1779444450.688,/benchmark/inference_ms,26.455450
1779444450.732,/benchmark/inference_ms,24.885641
1779444450.775,/benchmark/inference_ms,26.003181
1779444450.819,/benchmark/inference_ms,25.489563
1779444450.862,/benchmark/inference_ms,25.692131
1779444450.907,/benchmark/inference_ms,25.477211
1779444450.949,/benchmark/inference_ms,25.049166
1779444450.992,/benchmark/inference_ms,25.624352
1779444451.035,/benchmark/inference_ms,26.181492
1779444451.079,/benchmark/inference_ms,24.727074
1779444451.122,/benchmark/inference_ms,26.191504
1779444451.166,/benchmark/inference_ms,25.369238
1779444451.209,/benchmark/inference_ms,26.133711
1779444451.252,/benchmark/inference_ms,24.790083
1779444451.296,/benchmark/inference_ms,26.562014
1779444451.339,/benchmark/inference_ms,26.302870
1779444451.380,/benchmark/inference_ms,25.701248
1779444451.425,/benchmark/inference_ms,25.196690
1779444451.467,/benchmark/inference_ms,26.678400
1779444451.512,/benchmark/inference_ms,24.935848
1779444451.555,/benchmark/inference_ms,25.170576
1779444451.598,/benchmark/inference_ms,25.145582
1779444451.641,/benchmark/inference_ms,26.343031
1779444451.685,/benchmark/inference_ms,25.394999
1779444451.727,/benchmark/inference_ms,25.523260
1779444451.771,/benchmark/inference_ms,25.293907
1779444451.814,/benchmark/inference_ms,26.035437
1779444451.857,/benchmark/inference_ms,24.905031
1779444451.901,/benchmark/inference_ms,26.308758
1779444451.944,/benchmark/inference_ms,25.309652
1779444451.986,/benchmark/inference_ms,26.279732
1779444452.031,/benchmark/inference_ms,25.180241
1779444452.074,/benchmark/inference_ms,26.202959
1779444452.118,/benchmark/inference_ms,25.230831
1779444452.160,/benchmark/inference_ms,25.950089
1779444452.203,/benchmark/inference_ms,24.640862
1779444452.248,/benchmark/inference_ms,26.340372
1779444452.290,/benchmark/inference_ms,25.420952
1779444452.334,/benchmark/inference_ms,26.032555
1779444452.377,/benchmark/inference_ms,25.240784
1779444452.420,/benchmark/inference_ms,26.365845
1779444452.464,/benchmark/inference_ms,25.192816
1779444452.508,/benchmark/inference_ms,25.467129
1779444452.551,/benchmark/inference_ms,25.634558
1779444452.593,/benchmark/inference_ms,26.438616
1779444452.636,/benchmark/inference_ms,25.076876
1779444452.681,/benchmark/inference_ms,26.574747
1779444452.724,/benchmark/inference_ms,25.301714
1779444452.767,/benchmark/inference_ms,26.149038
1779444452.811,/benchmark/inference_ms,25.098314
1779444452.854,/benchmark/inference_ms,26.162094
1779444452.898,/benchmark/inference_ms,25.364981
1779444452.941,/benchmark/inference_ms,25.888966
1779444452.985,/benchmark/inference_ms,24.877443
1779444453.027,/benchmark/inference_ms,26.172750
1779444453.074,/benchmark/inference_ms,26.514521
1779444453.119,/benchmark/inference_ms,28.124811
1779444453.163,/benchmark/inference_ms,24.691357
1779444453.206,/benchmark/inference_ms,26.258127
1779444453.249,/benchmark/inference_ms,25.342867
1779444453.292,/benchmark/inference_ms,25.547993
1779444453.335,/benchmark/inference_ms,24.908323
1779444453.378,/benchmark/inference_ms,26.133835
1779444453.421,/benchmark/inference_ms,25.043367
1779444453.465,/benchmark/inference_ms,25.527321
1779444453.511,/benchmark/inference_ms,25.416180
1779444453.551,/benchmark/inference_ms,26.243183
1779444453.594,/benchmark/inference_ms,25.003399
1779444453.638,/benchmark/inference_ms,25.960455
1779444453.682,/benchmark/inference_ms,25.643930
1779444453.725,/benchmark/inference_ms,25.671198
1779444453.767,/benchmark/inference_ms,24.512823
1779444453.810,/benchmark/inference_ms,26.233774
1779444453.854,/benchmark/inference_ms,25.446262
1779444453.897,/benchmark/inference_ms,25.931652
1779444453.941,/benchmark/inference_ms,25.079498
1779444453.984,/benchmark/inference_ms,26.274128
1779444454.028,/benchmark/inference_ms,25.487253
1779444454.071,/benchmark/inference_ms,25.698715
1779444454.115,/benchmark/inference_ms,25.259214
1779444454.158,/benchmark/inference_ms,26.002182
1779444454.201,/benchmark/inference_ms,25.128328
1779444454.244,/benchmark/inference_ms,26.078312
1779444454.288,/benchmark/inference_ms,25.262606
1779444454.331,/benchmark/inference_ms,26.318289
1779444454.374,/benchmark/inference_ms,24.904354
1779444454.418,/benchmark/inference_ms,26.397490
1779444454.461,/benchmark/inference_ms,25.384914
1779444454.504,/benchmark/inference_ms,26.129578
1779444454.546,/benchmark/inference_ms,24.810974
1779444454.589,/benchmark/inference_ms,26.210987
1779444454.633,/benchmark/inference_ms,25.364784
1779444454.674,/benchmark/inference_ms,25.921667
1779444454.722,/benchmark/inference_ms,24.591032
1779444454.762,/benchmark/inference_ms,26.117098
1779444454.805,/benchmark/inference_ms,25.260302
1779444454.846,/benchmark/inference_ms,25.506550
1779444454.889,/benchmark/inference_ms,25.301743
1779444454.933,/benchmark/inference_ms,25.988836
1779444454.975,/benchmark/inference_ms,24.939011
1779444455.020,/benchmark/inference_ms,26.915363
1779444455.063,/benchmark/inference_ms,25.532757
1779444455.107,/benchmark/inference_ms,26.987682
1779444455.152,/benchmark/inference_ms,26.163210
1779444455.195,/benchmark/inference_ms,26.495701
1779444455.242,/benchmark/inference_ms,26.794876
1779444455.288,/benchmark/inference_ms,27.557686
1779444455.331,/benchmark/inference_ms,24.995459
1779444455.375,/benchmark/inference_ms,26.203499
1779444455.418,/benchmark/inference_ms,25.249516
1779444455.461,/benchmark/inference_ms,25.824638
1779444455.505,/benchmark/inference_ms,24.515476
1779444455.548,/benchmark/inference_ms,26.569334
1779444455.591,/benchmark/inference_ms,25.033989
1779444455.635,/benchmark/inference_ms,26.110151
1779444455.678,/benchmark/inference_ms,25.416882
1779444455.722,/benchmark/inference_ms,25.655704
1779444455.766,/benchmark/inference_ms,25.266413
1779444455.808,/benchmark/inference_ms,26.013796
1779444455.852,/benchmark/inference_ms,25.089382
1779444455.894,/benchmark/inference_ms,25.960835
1779444455.938,/benchmark/inference_ms,24.816669
1779444455.983,/benchmark/inference_ms,28.102535
1779444456.028,/benchmark/inference_ms,26.580053
1779444456.072,/benchmark/inference_ms,26.381327
1779444456.118,/benchmark/inference_ms,27.483475
1779444456.160,/benchmark/inference_ms,26.095268
1779444456.203,/benchmark/inference_ms,24.625687
1779444456.250,/benchmark/inference_ms,27.124294
1779444456.292,/benchmark/inference_ms,25.238985
1779444456.336,/benchmark/inference_ms,27.311308
1779444456.381,/benchmark/inference_ms,25.350477
1779444456.423,/benchmark/inference_ms,26.103588
1779444456.468,/benchmark/inference_ms,24.713945
1779444456.514,/benchmark/inference_ms,25.143942
1779444456.554,/benchmark/inference_ms,25.358349
1779444456.596,/benchmark/inference_ms,25.885632
1779444456.641,/benchmark/inference_ms,25.819963
1779444456.684,/benchmark/inference_ms,26.086084
1779444456.727,/benchmark/inference_ms,24.535635
1779444456.771,/benchmark/inference_ms,26.487089
1779444456.814,/benchmark/inference_ms,25.162600
1779444456.857,/benchmark/inference_ms,25.994402
1779444456.902,/benchmark/inference_ms,24.876190
1779444456.946,/benchmark/inference_ms,26.347597
1779444456.989,/benchmark/inference_ms,25.259050
1779444457.033,/benchmark/inference_ms,26.687864
1779444457.076,/benchmark/inference_ms,25.049122
1779444457.119,/benchmark/inference_ms,25.570354
1779444457.162,/benchmark/inference_ms,24.913054
1779444457.204,/benchmark/inference_ms,25.387564
1779444457.248,/benchmark/inference_ms,24.087267
1779444457.289,/benchmark/inference_ms,24.929277
1779444457.344,/benchmark/inference_ms,24.495953
1779444457.375,/benchmark/inference_ms,26.339531
1779444457.421,/benchmark/inference_ms,25.210279
1779444457.464,/benchmark/inference_ms,26.196711
1779444457.508,/benchmark/inference_ms,25.570675
1779444457.551,/benchmark/inference_ms,26.256680
1779444457.595,/benchmark/inference_ms,24.676470
1779444457.638,/benchmark/inference_ms,26.201384
1779444457.682,/benchmark/inference_ms,25.136932
1779444457.726,/benchmark/inference_ms,26.305899
1779444457.768,/benchmark/inference_ms,24.987904
1779444457.812,/benchmark/inference_ms,25.827995
1779444457.855,/benchmark/inference_ms,25.111139
1779444457.899,/benchmark/inference_ms,26.414959
1779444457.942,/benchmark/inference_ms,25.339659
1779444457.986,/benchmark/inference_ms,25.481998
1779444458.030,/benchmark/inference_ms,25.920094
1779444458.074,/benchmark/inference_ms,26.513166
1779444458.117,/benchmark/inference_ms,25.252104
1779444458.160,/benchmark/inference_ms,25.591793
1779444458.204,/benchmark/inference_ms,25.276327
1779444458.248,/benchmark/inference_ms,26.252806
1779444458.292,/benchmark/inference_ms,25.279495
1779444458.335,/benchmark/inference_ms,26.365322
1779444458.379,/benchmark/inference_ms,25.225159
1779444458.422,/benchmark/inference_ms,25.942844
1779444458.466,/benchmark/inference_ms,24.705334
1779444458.514,/benchmark/inference_ms,26.320969
1779444458.555,/benchmark/inference_ms,25.321577
1779444458.596,/benchmark/inference_ms,25.925789
1779444458.638,/benchmark/inference_ms,24.326218
1779444458.684,/benchmark/inference_ms,26.342922
1779444458.725,/benchmark/inference_ms,25.489199
1779444458.769,/benchmark/inference_ms,25.885691
1779444458.812,/benchmark/inference_ms,24.854841
1779444458.855,/benchmark/inference_ms,26.033825
1779444458.901,/benchmark/inference_ms,26.808281
1779444458.945,/benchmark/inference_ms,27.434923
1779444458.988,/benchmark/inference_ms,24.444139
1779444459.030,/benchmark/inference_ms,25.937277
1779444459.074,/benchmark/inference_ms,26.055742
1779444459.118,/benchmark/inference_ms,26.907129
1779444459.163,/benchmark/inference_ms,25.684307
1779444459.207,/benchmark/inference_ms,27.607697
1779444459.250,/benchmark/inference_ms,25.181347
1779444459.293,/benchmark/inference_ms,26.760885
1779444459.338,/benchmark/inference_ms,25.544590
1779444459.382,/benchmark/inference_ms,26.562447
1779444459.426,/benchmark/inference_ms,25.377802
1779444459.469,/benchmark/inference_ms,26.608881
1779444459.514,/benchmark/inference_ms,25.428810
1779444459.559,/benchmark/inference_ms,27.688883
1779444459.604,/benchmark/inference_ms,25.539789
1779444459.647,/benchmark/inference_ms,25.997532
1779444459.690,/benchmark/inference_ms,24.869848
1779444459.733,/benchmark/inference_ms,25.806326
1779444459.776,/benchmark/inference_ms,25.174177
1779444459.819,/benchmark/inference_ms,25.939161
1779444459.864,/benchmark/inference_ms,25.850201
1779444459.907,/benchmark/inference_ms,26.463531
1779444459.952,/benchmark/inference_ms,26.215652
1779444459.996,/benchmark/inference_ms,26.515629
1779444460.041,/benchmark/inference_ms,25.896217
1779444460.086,/benchmark/inference_ms,27.936186
1779444460.132,/benchmark/inference_ms,27.424681
1779444460.177,/benchmark/inference_ms,27.525612
1779444460.223,/benchmark/inference_ms,25.915607
1779444460.264,/benchmark/inference_ms,26.187649
1779444460.307,/benchmark/inference_ms,25.072380
1779444460.353,/benchmark/inference_ms,27.265923
1779444460.396,/benchmark/inference_ms,25.268707
1779444460.440,/benchmark/inference_ms,26.361639
1779444460.483,/benchmark/inference_ms,24.971642
1779444460.529,/benchmark/inference_ms,26.622606
1779444460.571,/benchmark/inference_ms,25.204929
1779444460.614,/benchmark/inference_ms,26.311333
1779444460.658,/benchmark/inference_ms,25.325445
1779444460.701,/benchmark/inference_ms,25.626896
1779444460.745,/benchmark/inference_ms,24.992218
1779444460.788,/benchmark/inference_ms,25.994394
1779444460.832,/benchmark/inference_ms,25.201571
1779444460.874,/benchmark/inference_ms,25.959801
1779444460.917,/benchmark/inference_ms,24.413128
1779444460.961,/benchmark/inference_ms,25.980570
1779444461.003,/benchmark/inference_ms,24.884567
1779444461.046,/benchmark/inference_ms,25.875702
1779444461.089,/benchmark/inference_ms,24.251392
1779444461.133,/benchmark/inference_ms,26.466696
1779444461.177,/benchmark/inference_ms,25.123678
1779444461.221,/benchmark/inference_ms,26.128124
1779444461.261,/benchmark/inference_ms,24.717264
1779444461.306,/benchmark/inference_ms,26.487720
1779444461.350,/benchmark/inference_ms,25.371429
1779444461.394,/benchmark/inference_ms,26.898134
1779444461.436,/benchmark/inference_ms,25.475048
1779444461.480,/benchmark/inference_ms,25.254498
1779444461.525,/benchmark/inference_ms,24.606478
1779444461.568,/benchmark/inference_ms,26.322533
1779444461.610,/benchmark/inference_ms,25.148926
1779444461.654,/benchmark/inference_ms,27.896469
1779444461.699,/benchmark/inference_ms,25.283714
1779444461.741,/benchmark/inference_ms,25.797426
1779444461.785,/benchmark/inference_ms,24.753714
1779444461.827,/benchmark/inference_ms,25.175167
1779444461.870,/benchmark/inference_ms,24.662094
1779444461.912,/benchmark/inference_ms,25.301250
1779444461.956,/benchmark/inference_ms,24.488842
1779444461.998,/benchmark/inference_ms,25.770098
1779444462.040,/benchmark/inference_ms,24.365862
1779444462.082,/benchmark/inference_ms,25.744911
1779444462.126,/benchmark/inference_ms,24.599754
1779444462.168,/benchmark/inference_ms,25.155645
1779444462.211,/benchmark/inference_ms,24.468903
1779444462.252,/benchmark/inference_ms,25.422726
1779444462.295,/benchmark/inference_ms,24.434822
1779444462.338,/benchmark/inference_ms,26.031799
1779444462.381,/benchmark/inference_ms,24.658733
1779444462.424,/benchmark/inference_ms,25.962549
1779444462.466,/benchmark/inference_ms,24.579306
1779444462.510,/benchmark/inference_ms,25.130524
1779444462.553,/benchmark/inference_ms,24.688206
1779444462.594,/benchmark/inference_ms,25.635723
1779444462.638,/benchmark/inference_ms,24.541481
1779444462.680,/benchmark/inference_ms,25.650509
1779444462.723,/benchmark/inference_ms,24.480488
1779444462.766,/benchmark/inference_ms,25.611851
1779444462.808,/benchmark/inference_ms,24.587212
1779444462.851,/benchmark/inference_ms,25.386372
1779444462.892,/benchmark/inference_ms,24.655022
1779444462.935,/benchmark/inference_ms,25.211359
1779444462.978,/benchmark/inference_ms,24.272575
1779444463.021,/benchmark/inference_ms,25.867411
1779444463.064,/benchmark/inference_ms,24.773968
1779444463.105,/benchmark/inference_ms,25.504709
1779444463.150,/benchmark/inference_ms,24.765358
1779444463.192,/benchmark/inference_ms,25.412451
1779444463.237,/benchmark/inference_ms,24.721678
1779444463.278,/benchmark/inference_ms,25.441380
1779444463.321,/benchmark/inference_ms,25.027735
1779444463.364,/benchmark/inference_ms,25.964533
1779444463.406,/benchmark/inference_ms,24.228189
1779444463.449,/benchmark/inference_ms,25.748814
1779444463.492,/benchmark/inference_ms,24.930325
1779444463.538,/benchmark/inference_ms,25.626890
1779444463.577,/benchmark/inference_ms,24.595432
1779444463.619,/benchmark/inference_ms,25.631947
1779444463.662,/benchmark/inference_ms,24.157499
1779444463.705,/benchmark/inference_ms,25.993269
1779444463.747,/benchmark/inference_ms,24.537863
1779444463.789,/benchmark/inference_ms,25.176060
1779444463.832,/benchmark/inference_ms,24.828081
1779444463.875,/benchmark/inference_ms,25.502438
1779444463.918,/benchmark/inference_ms,24.506662
1779444463.974,/benchmark/inference_ms,25.553062
1779444464.003,/benchmark/inference_ms,24.561640
1779444464.046,/benchmark/inference_ms,25.797134
1779444464.087,/benchmark/inference_ms,24.479109
1779444464.129,/benchmark/inference_ms,24.706987
1779444464.172,/benchmark/inference_ms,24.514725
1779444464.215,/benchmark/inference_ms,25.572552
1779444464.257,/benchmark/inference_ms,24.068279
1779444464.299,/benchmark/inference_ms,25.587238
1779444464.342,/benchmark/inference_ms,24.837646
1779444464.385,/benchmark/inference_ms,26.232924
1779444464.428,/benchmark/inference_ms,24.666954
1779444464.471,/benchmark/inference_ms,25.658792
1779444464.518,/benchmark/inference_ms,27.866991
1779444464.561,/benchmark/inference_ms,26.715242
1779444464.603,/benchmark/inference_ms,24.289246
1779444464.646,/benchmark/inference_ms,25.351711
1779444464.691,/benchmark/inference_ms,25.795151
1779444464.735,/benchmark/inference_ms,25.856913
1779444464.776,/benchmark/inference_ms,24.201979
1779444464.818,/benchmark/inference_ms,25.509989
1779444464.861,/benchmark/inference_ms,24.337025
1779444464.903,/benchmark/inference_ms,25.426689
1779444464.946,/benchmark/inference_ms,24.515268
1779444464.989,/benchmark/inference_ms,25.506275
1779444465.031,/benchmark/inference_ms,24.740780
1779444465.074,/benchmark/inference_ms,25.540451
1779444465.117,/benchmark/inference_ms,24.382784
1779444465.159,/benchmark/inference_ms,25.577477
1779444465.202,/benchmark/inference_ms,24.401760
1779444465.244,/benchmark/inference_ms,25.913233
1779444465.286,/benchmark/inference_ms,24.445568
1779444465.328,/benchmark/inference_ms,25.224409
1779444465.372,/benchmark/inference_ms,24.517220
1779444465.414,/benchmark/inference_ms,24.815758
1779444465.456,/benchmark/inference_ms,24.662632
1779444465.499,/benchmark/inference_ms,25.539429
1779444465.541,/benchmark/inference_ms,24.412191
1779444465.584,/benchmark/inference_ms,25.576582
1779444465.627,/benchmark/inference_ms,24.648327
1779444465.669,/benchmark/inference_ms,25.125048
1779444465.712,/benchmark/inference_ms,24.831631
1779444465.754,/benchmark/inference_ms,25.389854
1779444465.798,/benchmark/inference_ms,24.371679
1779444465.840,/benchmark/inference_ms,25.574053
1779444465.882,/benchmark/inference_ms,24.238554
1779444465.925,/benchmark/inference_ms,25.731499
1779444465.968,/benchmark/inference_ms,24.773293
1779444466.011,/benchmark/inference_ms,26.144823
1779444466.056,/benchmark/inference_ms,25.621157
1779444466.100,/benchmark/inference_ms,26.338970
1779444466.143,/benchmark/inference_ms,24.930286
1779444466.188,/benchmark/inference_ms,26.647493
1779444466.233,/benchmark/inference_ms,25.273689
1779444466.274,/benchmark/inference_ms,26.274426
1779444466.318,/benchmark/inference_ms,25.126806
1779444466.362,/benchmark/inference_ms,26.520897
1779444466.406,/benchmark/inference_ms,25.759785
1779444466.450,/benchmark/inference_ms,26.694855
1779444466.494,/benchmark/inference_ms,24.358524
1779444466.541,/benchmark/inference_ms,26.212343
1779444466.580,/benchmark/inference_ms,25.316412
1779444466.622,/benchmark/inference_ms,25.530338
1779444466.665,/benchmark/inference_ms,24.348028
1779444466.707,/benchmark/inference_ms,24.974289
1779444466.750,/benchmark/inference_ms,24.251738
1779444466.797,/benchmark/inference_ms,29.710693
1779444466.839,/benchmark/inference_ms,24.736681
1779444466.882,/benchmark/inference_ms,25.550018
1779444466.926,/benchmark/inference_ms,24.549219
1779444466.969,/benchmark/inference_ms,25.955118
1779444467.013,/benchmark/inference_ms,24.229656
1779444467.053,/benchmark/inference_ms,26.049105
1779444467.097,/benchmark/inference_ms,24.948622
1779444467.139,/benchmark/inference_ms,25.530111
1779444467.182,/benchmark/inference_ms,24.837034
1779444467.225,/benchmark/inference_ms,25.758663
1779444467.268,/benchmark/inference_ms,24.045971
1779444467.310,/benchmark/inference_ms,25.649988
1779444467.354,/benchmark/inference_ms,24.749161
1779444467.399,/benchmark/inference_ms,28.108721
1779444467.442,/benchmark/inference_ms,25.392252
1779444467.486,/benchmark/inference_ms,26.565186
1779444467.530,/benchmark/inference_ms,25.501823
1779444467.576,/benchmark/inference_ms,26.473534
1779444467.619,/benchmark/inference_ms,25.509825
1779444467.662,/benchmark/inference_ms,26.901163
1779444467.706,/benchmark/inference_ms,25.510113
1779444467.750,/benchmark/inference_ms,26.706596
1779444467.794,/benchmark/inference_ms,25.276535
1779444467.838,/benchmark/inference_ms,26.774759
1779444467.883,/benchmark/inference_ms,25.736647
1779444467.927,/benchmark/inference_ms,27.372538
1779444467.971,/benchmark/inference_ms,26.298904
1779444468.016,/benchmark/inference_ms,26.887499
1779444468.060,/benchmark/inference_ms,25.936811
1779444468.107,/benchmark/inference_ms,29.196562
1779444468.151,/benchmark/inference_ms,25.166195
1779444468.194,/benchmark/inference_ms,25.976460
1779444468.239,/benchmark/inference_ms,25.888458
1779444468.283,/benchmark/inference_ms,26.641697
1779444468.327,/benchmark/inference_ms,25.607489
1779444468.370,/benchmark/inference_ms,26.033613
1779444468.411,/benchmark/inference_ms,24.725765
1779444468.456,/benchmark/inference_ms,26.573664
1779444468.500,/benchmark/inference_ms,26.265686
1779444468.544,/benchmark/inference_ms,27.152370
1779444468.588,/benchmark/inference_ms,24.565985
1779444468.631,/benchmark/inference_ms,26.277014
1779444468.674,/benchmark/inference_ms,25.024752
1779444468.718,/benchmark/inference_ms,27.213747
1779444468.763,/benchmark/inference_ms,25.875210
1779444468.807,/benchmark/inference_ms,27.139954
1779444468.852,/benchmark/inference_ms,26.244982
1779444468.895,/benchmark/inference_ms,26.078863
1779444468.939,/benchmark/inference_ms,24.789864
1779444468.983,/benchmark/inference_ms,26.803398
1779444469.026,/benchmark/inference_ms,25.347704
1779444469.069,/benchmark/inference_ms,26.084526
1779444469.112,/benchmark/inference_ms,24.755013
1779444469.156,/benchmark/inference_ms,26.005068
1779444469.199,/benchmark/inference_ms,25.209364
1779444469.242,/benchmark/inference_ms,26.118641
1779444469.285,/benchmark/inference_ms,25.000299
1779444469.330,/benchmark/inference_ms,26.201553
1779444469.373,/benchmark/inference_ms,26.002476
1779444469.417,/benchmark/inference_ms,26.897287
1779444469.461,/benchmark/inference_ms,25.129042
1779444469.504,/benchmark/inference_ms,26.625216
1779444469.548,/benchmark/inference_ms,25.551485
1779444469.592,/benchmark/inference_ms,26.220306
1779444469.635,/benchmark/inference_ms,23.965612
1779444469.679,/benchmark/inference_ms,26.702242
1779444469.722,/benchmark/inference_ms,24.888296
1779444469.765,/benchmark/inference_ms,26.056974
1779444469.810,/benchmark/inference_ms,26.508955
1779444469.856,/benchmark/inference_ms,27.398615
1779444469.899,/benchmark/inference_ms,24.692642
1779444469.942,/benchmark/inference_ms,25.812038
1779444469.985,/benchmark/inference_ms,24.529917
1779444470.027,/benchmark/inference_ms,25.893768
1779444470.071,/benchmark/inference_ms,25.196753
1779444470.113,/benchmark/inference_ms,25.155375
1779444470.156,/benchmark/inference_ms,24.552317
1779444470.198,/benchmark/inference_ms,25.660416
1779444470.242,/benchmark/inference_ms,25.060013
1779444470.285,/benchmark/inference_ms,25.954727
1779444470.327,/benchmark/inference_ms,24.629566
1779444470.370,/benchmark/inference_ms,25.527996
1779444470.414,/benchmark/inference_ms,24.694208
1779444470.457,/benchmark/inference_ms,25.490778
1779444470.500,/benchmark/inference_ms,24.720642
1779444470.543,/benchmark/inference_ms,25.434008
1779444470.585,/benchmark/inference_ms,24.148975
1779444470.627,/benchmark/inference_ms,26.115118
1779444470.670,/benchmark/inference_ms,24.374166
1779444470.714,/benchmark/inference_ms,25.674273
1779444470.757,/benchmark/inference_ms,24.750372
1779444470.798,/benchmark/inference_ms,25.461817
1779444470.841,/benchmark/inference_ms,24.191984
1779444470.884,/benchmark/inference_ms,25.784931
1779444470.927,/benchmark/inference_ms,24.549149
1779444470.969,/benchmark/inference_ms,25.566908
1779444471.012,/benchmark/inference_ms,24.567581
1779444471.055,/benchmark/inference_ms,25.772064
1779444471.098,/benchmark/inference_ms,24.758369
1779444471.141,/benchmark/inference_ms,25.704830
1779444471.184,/benchmark/inference_ms,24.286161
1779444471.226,/benchmark/inference_ms,26.053257
1779444471.271,/benchmark/inference_ms,24.428150
1779444471.312,/benchmark/inference_ms,25.464054
1779444471.355,/benchmark/inference_ms,24.750753
1779444471.397,/benchmark/inference_ms,25.324051
1779444471.441,/benchmark/inference_ms,24.422583
1779444471.484,/benchmark/inference_ms,27.033319
1779444471.529,/benchmark/inference_ms,25.784386
1779444471.574,/benchmark/inference_ms,28.324272
1779444471.617,/benchmark/inference_ms,24.475737
1779444471.661,/benchmark/inference_ms,25.544729
1779444471.704,/benchmark/inference_ms,24.486776
1779444471.749,/benchmark/inference_ms,26.962502
1779444471.792,/benchmark/inference_ms,25.420374
1779444471.836,/benchmark/inference_ms,26.469238
1779444471.879,/benchmark/inference_ms,24.808290
1779444471.924,/benchmark/inference_ms,26.963333
1779444471.968,/benchmark/inference_ms,25.766624
1779444472.011,/benchmark/inference_ms,26.881060
1779444472.056,/benchmark/inference_ms,25.552794
1779444472.100,/benchmark/inference_ms,26.203821
1779444472.144,/benchmark/inference_ms,24.782560
1779444472.188,/benchmark/inference_ms,26.139883
1779444472.234,/benchmark/inference_ms,25.855234
1779444472.276,/benchmark/inference_ms,26.604824
1779444472.319,/benchmark/inference_ms,25.228174
1779444472.365,/benchmark/inference_ms,26.214380
1779444472.407,/benchmark/inference_ms,25.224525
1779444472.451,/benchmark/inference_ms,26.865217
1779444472.495,/benchmark/inference_ms,25.230736
1779444472.540,/benchmark/inference_ms,26.460150
1779444472.584,/benchmark/inference_ms,25.269520
1779444472.626,/benchmark/inference_ms,25.694397
1779444472.670,/benchmark/inference_ms,24.811619
1779444472.714,/benchmark/inference_ms,26.405556
1779444472.759,/benchmark/inference_ms,25.206030
1779444472.801,/benchmark/inference_ms,26.905666
1779444472.844,/benchmark/inference_ms,24.802338
1779444472.887,/benchmark/inference_ms,26.597721
1779444472.930,/benchmark/inference_ms,25.117867
1779444472.974,/benchmark/inference_ms,26.365202
1779444473.017,/benchmark/inference_ms,25.334993
1779444473.061,/benchmark/inference_ms,26.957411
1779444473.105,/benchmark/inference_ms,25.184875
1779444473.148,/benchmark/inference_ms,26.765469
1779444473.192,/benchmark/inference_ms,25.626362
1779444473.236,/benchmark/inference_ms,26.223724
1779444473.281,/benchmark/inference_ms,26.060711
1779444473.325,/benchmark/inference_ms,26.482866
1779444473.369,/benchmark/inference_ms,25.733149
1779444473.413,/benchmark/inference_ms,26.226570
1779444473.457,/benchmark/inference_ms,24.931364
1779444473.501,/benchmark/inference_ms,26.835487
1779444473.545,/benchmark/inference_ms,25.191755
1779444473.588,/benchmark/inference_ms,26.219595
1779444473.634,/benchmark/inference_ms,26.878241
1779444473.677,/benchmark/inference_ms,26.411058
1779444473.720,/benchmark/inference_ms,25.139626
1779444473.765,/benchmark/inference_ms,26.687962
1779444473.808,/benchmark/inference_ms,24.751358
1779444473.852,/benchmark/inference_ms,26.602936
1779444473.896,/benchmark/inference_ms,26.067974
1779444473.940,/benchmark/inference_ms,26.645657
1779444473.984,/benchmark/inference_ms,24.961861
1779444474.027,/benchmark/inference_ms,26.694490
1779444474.072,/benchmark/inference_ms,26.170441
1779444474.115,/benchmark/inference_ms,25.995426
1779444474.160,/benchmark/inference_ms,25.608536
1779444474.203,/benchmark/inference_ms,26.562677
1779444474.247,/benchmark/inference_ms,25.270540
1779444474.291,/benchmark/inference_ms,26.580469
1779444474.336,/benchmark/inference_ms,25.523157
1779444474.380,/benchmark/inference_ms,26.659672
1779444474.424,/benchmark/inference_ms,25.699770
1779444474.468,/benchmark/inference_ms,26.281420
1779444474.513,/benchmark/inference_ms,24.906944
1779444474.555,/benchmark/inference_ms,26.237579
1779444474.599,/benchmark/inference_ms,25.513556
1779444474.642,/benchmark/inference_ms,25.803741
1779444474.686,/benchmark/inference_ms,25.211914
1779444474.730,/benchmark/inference_ms,26.284908
1779444474.775,/benchmark/inference_ms,25.567095
1779444474.818,/benchmark/inference_ms,25.762428
1779444474.862,/benchmark/inference_ms,25.020966
1779444474.905,/benchmark/inference_ms,26.414864
1779444474.949,/benchmark/inference_ms,25.312174
1779444474.992,/benchmark/inference_ms,25.821213
1779444475.038,/benchmark/inference_ms,25.519699
1779444475.079,/benchmark/inference_ms,26.396687
1779444475.123,/benchmark/inference_ms,25.042660
1779444475.167,/benchmark/inference_ms,26.799738
1779444475.210,/benchmark/inference_ms,25.110725
1779444475.254,/benchmark/inference_ms,26.580595
1779444475.296,/benchmark/inference_ms,24.810619
1779444475.340,/benchmark/inference_ms,26.370541
1779444475.385,/benchmark/inference_ms,25.201962
1779444475.428,/benchmark/inference_ms,26.333197
1779444475.472,/benchmark/inference_ms,24.868319
1779444475.515,/benchmark/inference_ms,26.719704
1779444475.558,/benchmark/inference_ms,24.289261
1779444475.601,/benchmark/inference_ms,25.403151
1779444475.643,/benchmark/inference_ms,24.665625
1779444475.685,/benchmark/inference_ms,25.338446
1779444475.728,/benchmark/inference_ms,23.868416
1779444475.771,/benchmark/inference_ms,25.929216
1779444475.814,/benchmark/inference_ms,24.455954
1779444475.855,/benchmark/inference_ms,25.348045
1779444475.898,/benchmark/inference_ms,24.647799
1779444475.944,/benchmark/inference_ms,25.155302
1779444475.983,/benchmark/inference_ms,24.627222
1779444476.027,/benchmark/inference_ms,25.825308
1779444476.070,/benchmark/inference_ms,24.059748
1779444476.112,/benchmark/inference_ms,25.783577
1779444476.155,/benchmark/inference_ms,24.268618
1779444476.198,/benchmark/inference_ms,25.541138
1779444476.240,/benchmark/inference_ms,24.682648
1779444476.283,/benchmark/inference_ms,25.637333
1779444476.326,/benchmark/inference_ms,24.405230
1779444476.369,/benchmark/inference_ms,25.855419
1779444476.412,/benchmark/inference_ms,24.502003
1779444476.454,/benchmark/inference_ms,25.832762
1779444476.497,/benchmark/inference_ms,24.625301
1779444476.540,/benchmark/inference_ms,25.702454
1779444476.584,/benchmark/inference_ms,24.915806
1779444476.627,/benchmark/inference_ms,25.835356
1779444476.671,/benchmark/inference_ms,24.643574
1779444476.714,/benchmark/inference_ms,25.464687
1779444476.759,/benchmark/inference_ms,25.524433
1779444476.800,/benchmark/inference_ms,25.893852
1779444476.843,/benchmark/inference_ms,24.761658
1779444476.887,/benchmark/inference_ms,26.314730
1779444476.932,/benchmark/inference_ms,25.385229
1779444476.976,/benchmark/inference_ms,26.754103
1779444477.021,/benchmark/inference_ms,25.126694
1779444477.063,/benchmark/inference_ms,26.086594
1779444477.107,/benchmark/inference_ms,25.324011
1779444477.150,/benchmark/inference_ms,26.162338
1779444477.194,/benchmark/inference_ms,25.250759
1779444477.237,/benchmark/inference_ms,26.117441
1779444477.282,/benchmark/inference_ms,24.649748
1779444477.325,/benchmark/inference_ms,26.809496
1779444477.368,/benchmark/inference_ms,25.576626
1779444477.411,/benchmark/inference_ms,26.444237
1779444477.454,/benchmark/inference_ms,25.434093
1779444477.497,/benchmark/inference_ms,25.628819
1779444477.541,/benchmark/inference_ms,24.332268
1779444477.583,/benchmark/inference_ms,26.643570
1779444477.627,/benchmark/inference_ms,25.396172
1779444477.669,/benchmark/inference_ms,25.763798
1779444477.711,/benchmark/inference_ms,24.727575
1779444477.754,/benchmark/inference_ms,26.299271
1779444477.796,/benchmark/inference_ms,24.662102
1779444477.841,/benchmark/inference_ms,26.884792
1779444477.885,/benchmark/inference_ms,24.867964
1779444477.928,/benchmark/inference_ms,26.076321
1779444477.971,/benchmark/inference_ms,25.196295
1779444478.014,/benchmark/inference_ms,26.003422
1779444478.058,/benchmark/inference_ms,24.916924
1779444478.102,/benchmark/inference_ms,26.256516
1779444478.145,/benchmark/inference_ms,25.091295
1779444478.187,/benchmark/inference_ms,26.000860
1779444478.233,/benchmark/inference_ms,24.609875
1779444478.275,/benchmark/inference_ms,26.458698
1779444478.318,/benchmark/inference_ms,25.219397
1779444478.361,/benchmark/inference_ms,25.941660
1779444478.403,/benchmark/inference_ms,24.867258
1779444478.447,/benchmark/inference_ms,25.638674
1779444478.491,/benchmark/inference_ms,25.056063
1779444478.537,/benchmark/inference_ms,26.525644
1779444478.580,/benchmark/inference_ms,25.217699
1779444478.621,/benchmark/inference_ms,25.869720
1779444478.665,/benchmark/inference_ms,24.709364
1779444478.707,/benchmark/inference_ms,25.262981
1779444478.749,/benchmark/inference_ms,24.299688
1779444478.791,/benchmark/inference_ms,25.110977
1779444478.835,/benchmark/inference_ms,25.372137
1779444478.878,/benchmark/inference_ms,26.200321
1779444478.921,/benchmark/inference_ms,25.003517
1779444478.965,/benchmark/inference_ms,25.913177
1779444479.009,/benchmark/inference_ms,26.244389
1779444479.054,/benchmark/inference_ms,27.112446
1779444479.100,/benchmark/inference_ms,26.088829
1779444479.143,/benchmark/inference_ms,25.977850
1779444479.186,/benchmark/inference_ms,25.625774
1779444479.233,/benchmark/inference_ms,26.197313
1779444479.273,/benchmark/inference_ms,24.510830
1779444479.317,/benchmark/inference_ms,26.330086
1779444479.360,/benchmark/inference_ms,25.038525
1779444479.404,/benchmark/inference_ms,26.548300
1779444479.448,/benchmark/inference_ms,25.041054
1779444479.491,/benchmark/inference_ms,25.417706
1779444479.537,/benchmark/inference_ms,25.413576
1779444479.578,/benchmark/inference_ms,26.266466
1779444479.621,/benchmark/inference_ms,25.350822
1779444479.665,/benchmark/inference_ms,25.838581
1779444479.708,/benchmark/inference_ms,24.528559
1779444479.751,/benchmark/inference_ms,25.926777
1779444479.795,/benchmark/inference_ms,24.760468
1779444479.838,/benchmark/inference_ms,26.260611
1779444479.881,/benchmark/inference_ms,25.029469
1779444479.925,/benchmark/inference_ms,26.246305
1779444479.968,/benchmark/inference_ms,24.896856
1779444480.011,/benchmark/inference_ms,26.153503
1779444480.055,/benchmark/inference_ms,25.239523
1779444480.099,/benchmark/inference_ms,27.147451
1779444480.144,/benchmark/inference_ms,24.368744
1779444480.187,/benchmark/inference_ms,26.567657
1779444480.231,/benchmark/inference_ms,25.073532
1779444480.275,/benchmark/inference_ms,26.602859
1779444480.317,/benchmark/inference_ms,24.803509
1779444480.361,/benchmark/inference_ms,25.332260
1779444480.404,/benchmark/inference_ms,25.070684
1779444480.448,/benchmark/inference_ms,26.118845
1779444480.491,/benchmark/inference_ms,25.144318
1779444480.535,/benchmark/inference_ms,25.935575
1779444480.577,/benchmark/inference_ms,24.587757
1779444480.621,/benchmark/inference_ms,26.414694
1779444480.664,/benchmark/inference_ms,25.001722
1779444480.707,/benchmark/inference_ms,26.198336
1779444480.750,/benchmark/inference_ms,25.130560
1779444480.794,/benchmark/inference_ms,25.601036
1779444480.838,/benchmark/inference_ms,24.924601
1779444480.881,/benchmark/inference_ms,26.144541
1779444480.924,/benchmark/inference_ms,25.157087
1779444480.967,/benchmark/inference_ms,26.079708
1779444481.010,/benchmark/inference_ms,24.601902
1779444481.054,/benchmark/inference_ms,26.412996
1779444481.109,/benchmark/inference_ms,25.040667
1779444481.141,/benchmark/inference_ms,26.032986
1779444481.185,/benchmark/inference_ms,25.251425
1779444481.227,/benchmark/inference_ms,25.608044
1779444481.272,/benchmark/inference_ms,24.711504
1779444481.317,/benchmark/inference_ms,26.819952
1779444481.360,/benchmark/inference_ms,25.357733
1779444481.404,/benchmark/inference_ms,26.235327
1779444481.445,/benchmark/inference_ms,25.151005
1779444481.514,/benchmark/inference_ms,25.827923
1779444481.559,/benchmark/inference_ms,25.196415
1779444481.602,/benchmark/inference_ms,26.227583
1779444481.646,/benchmark/inference_ms,25.161789
1779444481.688,/benchmark/inference_ms,25.835922
1779444481.732,/benchmark/inference_ms,24.565195
1779444481.775,/benchmark/inference_ms,26.423365
1779444481.818,/benchmark/inference_ms,25.087740
1779444481.861,/benchmark/inference_ms,26.226910
1779444481.904,/benchmark/inference_ms,24.908821
1779444481.947,/benchmark/inference_ms,25.605772
1779444481.990,/benchmark/inference_ms,25.042395
1779444482.033,/benchmark/inference_ms,26.319328
1779444482.077,/benchmark/inference_ms,25.045433
1779444482.118,/benchmark/inference_ms,26.146425
1779444482.163,/benchmark/inference_ms,25.392611
1779444482.206,/benchmark/inference_ms,26.421314
1779444482.250,/benchmark/inference_ms,25.416037
1779444482.294,/benchmark/inference_ms,26.332993
1779444482.338,/benchmark/inference_ms,25.421860
1779444482.381,/benchmark/inference_ms,26.136986
1779444482.425,/benchmark/inference_ms,25.081209
1779444482.467,/benchmark/inference_ms,26.362625
1779444482.510,/benchmark/inference_ms,24.377155
1779444482.555,/benchmark/inference_ms,26.808046
1779444482.598,/benchmark/inference_ms,25.105274
1779444482.642,/benchmark/inference_ms,26.106617
1779444482.685,/benchmark/inference_ms,24.897076
1779444482.728,/benchmark/inference_ms,25.660139
1779444482.772,/benchmark/inference_ms,25.339712
1779444482.815,/benchmark/inference_ms,26.002998
1779444482.858,/benchmark/inference_ms,25.146650
1779444482.902,/benchmark/inference_ms,26.269503
1779444482.946,/benchmark/inference_ms,24.702093
1779444482.990,/benchmark/inference_ms,26.774445
1779444483.035,/benchmark/inference_ms,25.316929
1779444483.078,/benchmark/inference_ms,26.185625
1779444483.120,/benchmark/inference_ms,25.099897
1779444483.163,/benchmark/inference_ms,25.542854
1779444483.207,/benchmark/inference_ms,24.994356
1779444483.249,/benchmark/inference_ms,26.196218
1779444483.293,/benchmark/inference_ms,24.896402
1779444483.335,/benchmark/inference_ms,25.854639
1779444483.379,/benchmark/inference_ms,24.621450
1779444483.423,/benchmark/inference_ms,26.653767
1779444483.468,/benchmark/inference_ms,25.169210
1779444483.510,/benchmark/inference_ms,25.766638
1779444483.553,/benchmark/inference_ms,24.364738
1779444483.595,/benchmark/inference_ms,25.061302
1779444483.638,/benchmark/inference_ms,24.286367
1779444483.680,/benchmark/inference_ms,25.145243
1779444483.722,/benchmark/inference_ms,23.978071
1779444483.764,/benchmark/inference_ms,25.364481
1779444483.807,/benchmark/inference_ms,24.329281
1779444483.850,/benchmark/inference_ms,25.533127
1779444483.894,/benchmark/inference_ms,24.818129
1779444483.937,/benchmark/inference_ms,26.047253
1779444483.981,/benchmark/inference_ms,25.231613
1779444484.024,/benchmark/inference_ms,26.311678
1779444484.067,/benchmark/inference_ms,24.557480
1779444484.111,/benchmark/inference_ms,26.729929
1779444484.155,/benchmark/inference_ms,25.170874
1779444484.198,/benchmark/inference_ms,26.246298
1779444484.242,/benchmark/inference_ms,25.546885
1779444484.286,/benchmark/inference_ms,25.803211
1779444484.328,/benchmark/inference_ms,24.373249
1779444484.372,/benchmark/inference_ms,26.383165
1779444484.416,/benchmark/inference_ms,25.140888
1779444484.459,/benchmark/inference_ms,26.153751
1779444484.503,/benchmark/inference_ms,24.355297
1779444484.546,/benchmark/inference_ms,26.493090
1779444484.589,/benchmark/inference_ms,25.013172
1779444484.632,/benchmark/inference_ms,26.195608
1779444484.676,/benchmark/inference_ms,25.198235
1779444484.719,/benchmark/inference_ms,25.755051
1779444484.763,/benchmark/inference_ms,24.578024
1779444484.805,/benchmark/inference_ms,26.309467
1779444484.849,/benchmark/inference_ms,25.079447
1779444484.892,/benchmark/inference_ms,25.767723
1779444484.935,/benchmark/inference_ms,24.464804
1779444484.979,/benchmark/inference_ms,26.298075
1779444485.022,/benchmark/inference_ms,25.228348
1779444485.066,/benchmark/inference_ms,26.547777
1779444485.109,/benchmark/inference_ms,24.759338
1779444485.152,/benchmark/inference_ms,25.539555
1779444485.195,/benchmark/inference_ms,24.935793
1779444485.239,/benchmark/inference_ms,26.090645
1779444485.282,/benchmark/inference_ms,25.314075
1779444485.324,/benchmark/inference_ms,25.779146
1779444485.368,/benchmark/inference_ms,24.510981
1779444485.411,/benchmark/inference_ms,26.210007
1779444485.455,/benchmark/inference_ms,25.126070
1779444485.498,/benchmark/inference_ms,26.139797
1779444485.542,/benchmark/inference_ms,24.705448
1779444485.585,/benchmark/inference_ms,26.847178
1779444485.630,/benchmark/inference_ms,25.158390
1779444485.674,/benchmark/inference_ms,26.164534
1779444485.717,/benchmark/inference_ms,25.168344
1779444485.759,/benchmark/inference_ms,25.711496
1779444485.802,/benchmark/inference_ms,24.601286
1779444485.846,/benchmark/inference_ms,26.315994
1779444485.890,/benchmark/inference_ms,25.125877
1779444485.934,/benchmark/inference_ms,26.514912
1779444485.977,/benchmark/inference_ms,24.632233
1779444486.021,/benchmark/inference_ms,25.929871
1779444486.064,/benchmark/inference_ms,25.112822
1779444486.107,/benchmark/inference_ms,25.980909
1779444486.151,/benchmark/inference_ms,25.096212
1779444486.194,/benchmark/inference_ms,25.783432
1779444486.237,/benchmark/inference_ms,24.561125
1779444486.280,/benchmark/inference_ms,26.031153
1779444486.322,/benchmark/inference_ms,25.198198
1779444486.364,/benchmark/inference_ms,25.846281
1779444486.408,/benchmark/inference_ms,24.751883
1779444486.451,/benchmark/inference_ms,26.384827
1779444486.494,/benchmark/inference_ms,25.180759
1779444486.538,/benchmark/inference_ms,26.001390
1779444486.579,/benchmark/inference_ms,24.446976
1779444486.624,/benchmark/inference_ms,27.082319
1779444486.668,/benchmark/inference_ms,25.381723
1779444486.714,/benchmark/inference_ms,27.765188
1779444486.757,/benchmark/inference_ms,26.632866
1779444486.802,/benchmark/inference_ms,26.987118
1779444486.845,/benchmark/inference_ms,24.491777
1779444486.890,/benchmark/inference_ms,26.913162
1779444486.933,/benchmark/inference_ms,25.206966
1779444486.975,/benchmark/inference_ms,26.063185
1779444487.021,/benchmark/inference_ms,25.031443
1779444487.062,/benchmark/inference_ms,26.328983
1779444487.106,/benchmark/inference_ms,24.376732
1779444487.153,/benchmark/inference_ms,25.657219
1779444487.196,/benchmark/inference_ms,24.826057
1779444487.240,/benchmark/inference_ms,26.524382
1779444487.283,/benchmark/inference_ms,25.231127
1779444487.326,/benchmark/inference_ms,26.125648
1779444487.371,/benchmark/inference_ms,24.529312
1779444487.414,/benchmark/inference_ms,26.588926
1779444487.458,/benchmark/inference_ms,25.415516
1779444487.502,/benchmark/inference_ms,26.085327
1779444487.543,/benchmark/inference_ms,25.201782
1779444487.587,/benchmark/inference_ms,25.586433
1779444487.630,/benchmark/inference_ms,24.439806
1779444487.675,/benchmark/inference_ms,27.485882
1779444487.718,/benchmark/inference_ms,25.088209
1779444487.762,/benchmark/inference_ms,25.918634
1779444487.807,/benchmark/inference_ms,24.726566
1779444487.851,/benchmark/inference_ms,26.608831
1779444487.894,/benchmark/inference_ms,25.272087
1779444487.937,/benchmark/inference_ms,26.399097
1779444487.982,/benchmark/inference_ms,26.061199
1779444488.028,/benchmark/inference_ms,27.881062
1779444488.074,/benchmark/inference_ms,25.997932
1779444488.115,/benchmark/inference_ms,26.126480
1779444488.158,/benchmark/inference_ms,24.782055
1779444488.201,/benchmark/inference_ms,25.487164
1779444488.245,/benchmark/inference_ms,25.090609
1779444488.288,/benchmark/inference_ms,26.211411
1779444488.332,/benchmark/inference_ms,25.078575
1779444488.374,/benchmark/inference_ms,25.836359
1779444488.417,/benchmark/inference_ms,24.363035
1779444488.461,/benchmark/inference_ms,26.642719
1779444488.509,/benchmark/inference_ms,25.358200
1779444488.549,/benchmark/inference_ms,26.200146
1779444488.591,/benchmark/inference_ms,24.997389
1779444488.636,/benchmark/inference_ms,26.513851
1779444488.680,/benchmark/inference_ms,25.429050
1779444488.724,/benchmark/inference_ms,27.138828
1779444488.769,/benchmark/inference_ms,25.592352
1779444488.813,/benchmark/inference_ms,26.336918
1779444488.858,/benchmark/inference_ms,25.339094
1779444488.900,/benchmark/inference_ms,26.353397
1779444488.944,/benchmark/inference_ms,26.225683
1779444488.990,/benchmark/inference_ms,27.647293
1779444489.039,/benchmark/inference_ms,25.177746
1779444489.076,/benchmark/inference_ms,26.251890
1779444489.119,/benchmark/inference_ms,24.878313
1779444489.163,/benchmark/inference_ms,25.545692
1779444489.207,/benchmark/inference_ms,24.890537
1779444489.250,/benchmark/inference_ms,26.185200
1779444489.293,/benchmark/inference_ms,25.367863
1779444489.336,/benchmark/inference_ms,25.966282
1779444489.380,/benchmark/inference_ms,24.512220
1779444489.424,/benchmark/inference_ms,26.078060
1779444489.467,/benchmark/inference_ms,25.075022
1779444489.510,/benchmark/inference_ms,26.500793
1779444489.558,/benchmark/inference_ms,26.141582
1779444489.602,/benchmark/inference_ms,27.103020
1779444489.643,/benchmark/inference_ms,24.468187
1779444489.685,/benchmark/inference_ms,25.195923
1779444489.728,/benchmark/inference_ms,24.369530
1779444489.770,/benchmark/inference_ms,25.412825
1779444489.813,/benchmark/inference_ms,24.693218
1779444489.855,/benchmark/inference_ms,25.833414
1779444489.898,/benchmark/inference_ms,24.600096
1779444489.940,/benchmark/inference_ms,25.347544
1779444489.984,/benchmark/inference_ms,24.458076
1779444490.026,/benchmark/inference_ms,25.376984
1779444490.069,/benchmark/inference_ms,24.609182
1779444490.111,/benchmark/inference_ms,25.644861
1779444490.154,/benchmark/inference_ms,24.323639
1779444490.196,/benchmark/inference_ms,25.437880
1779444490.239,/benchmark/inference_ms,24.768612
1779444490.284,/benchmark/inference_ms,26.422197
1779444490.328,/benchmark/inference_ms,26.186893
1779444490.371,/benchmark/inference_ms,26.228880
1779444490.414,/benchmark/inference_ms,25.072077
1779444490.457,/benchmark/inference_ms,26.012810
1779444490.502,/benchmark/inference_ms,24.250547
1779444490.542,/benchmark/inference_ms,26.082026
1779444490.585,/benchmark/inference_ms,25.098030
1779444490.628,/benchmark/inference_ms,25.458937
1779444490.670,/benchmark/inference_ms,24.489244
1779444490.718,/benchmark/inference_ms,26.003017
1779444490.756,/benchmark/inference_ms,24.851526
1779444490.799,/benchmark/inference_ms,25.668734
1779444490.840,/benchmark/inference_ms,24.488987
1779444490.883,/benchmark/inference_ms,26.030985
1779444490.926,/benchmark/inference_ms,24.884327
1779444490.968,/benchmark/inference_ms,25.634876
1779444491.011,/benchmark/inference_ms,24.363480
1779444491.054,/benchmark/inference_ms,26.266352
1779444491.097,/benchmark/inference_ms,25.385941
1779444491.140,/benchmark/inference_ms,26.028711
1779444491.184,/benchmark/inference_ms,25.132109
1779444491.229,/benchmark/inference_ms,26.211470
1779444491.270,/benchmark/inference_ms,25.282833
1779444491.313,/benchmark/inference_ms,25.609852
1779444491.357,/benchmark/inference_ms,25.337362
1779444491.399,/benchmark/inference_ms,26.341745
1779444491.442,/benchmark/inference_ms,25.192719
1779444491.487,/benchmark/inference_ms,26.590904
1779444491.531,/benchmark/inference_ms,25.194672
1779444491.575,/benchmark/inference_ms,26.362097
1779444491.617,/benchmark/inference_ms,24.711872
1779444491.660,/benchmark/inference_ms,26.493078
1779444491.704,/benchmark/inference_ms,25.614618
1779444491.747,/benchmark/inference_ms,25.950310
1779444491.790,/benchmark/inference_ms,25.073227
1779444491.832,/benchmark/inference_ms,25.474104
1779444491.875,/benchmark/inference_ms,24.925446
1779444491.918,/benchmark/inference_ms,26.001190
1779444491.962,/benchmark/inference_ms,25.192591
1779444492.007,/benchmark/inference_ms,25.482552
1779444492.047,/benchmark/inference_ms,25.035498
1779444492.091,/benchmark/inference_ms,25.919779
1779444492.136,/benchmark/inference_ms,25.353809
1779444492.179,/benchmark/inference_ms,25.727293
1779444492.222,/benchmark/inference_ms,24.652124
1779444492.265,/benchmark/inference_ms,26.156713
1779444492.308,/benchmark/inference_ms,25.210606
1779444492.351,/benchmark/inference_ms,25.689947
1779444492.394,/benchmark/inference_ms,24.675421
1779444492.438,/benchmark/inference_ms,26.356049
1779444492.481,/benchmark/inference_ms,25.500376
1779444492.524,/benchmark/inference_ms,26.232718
1779444492.567,/benchmark/inference_ms,24.782370
1779444492.611,/benchmark/inference_ms,25.428885
1779444492.652,/benchmark/inference_ms,24.882565
1779444492.695,/benchmark/inference_ms,25.950691
1779444492.740,/benchmark/inference_ms,25.357363
1779444492.783,/benchmark/inference_ms,25.523094
1779444492.827,/benchmark/inference_ms,25.200558
1779444492.870,/benchmark/inference_ms,26.175306
1779444492.913,/benchmark/inference_ms,25.203278
1779444492.955,/benchmark/inference_ms,25.727774
1779444492.999,/benchmark/inference_ms,24.498137
1779444493.041,/benchmark/inference_ms,26.164841
1779444493.085,/benchmark/inference_ms,25.302063
1779444493.127,/benchmark/inference_ms,25.888128
1779444493.171,/benchmark/inference_ms,24.400116
1779444493.216,/benchmark/inference_ms,26.229162
1779444493.257,/benchmark/inference_ms,25.089512
1779444493.299,/benchmark/inference_ms,25.777405
1779444493.343,/benchmark/inference_ms,24.582043
1779444493.386,/benchmark/inference_ms,25.992100
1779444493.428,/benchmark/inference_ms,24.952677
1779444493.472,/benchmark/inference_ms,26.256939
1779444493.515,/benchmark/inference_ms,24.378836
1779444493.559,/benchmark/inference_ms,26.281868
1779444493.601,/benchmark/inference_ms,24.963877
1779444493.645,/benchmark/inference_ms,26.189224
1779444493.688,/benchmark/inference_ms,24.815489
1779444493.730,/benchmark/inference_ms,25.457203
1779444493.774,/benchmark/inference_ms,24.987974
1779444493.816,/benchmark/inference_ms,26.081478
1779444493.860,/benchmark/inference_ms,24.993637
1779444493.903,/benchmark/inference_ms,25.455442
1779444493.947,/benchmark/inference_ms,25.095945
1779444493.989,/benchmark/inference_ms,25.961475
1779444494.037,/benchmark/inference_ms,25.416273
1779444494.078,/benchmark/inference_ms,26.794907
1779444494.121,/benchmark/inference_ms,25.552021
1779444494.164,/benchmark/inference_ms,26.843578
1779444494.208,/benchmark/inference_ms,24.338415
1779444494.251,/benchmark/inference_ms,26.107109
1779444494.296,/benchmark/inference_ms,25.081511
1779444494.339,/benchmark/inference_ms,26.188488
1779444494.381,/benchmark/inference_ms,24.884256
1779444494.425,/benchmark/inference_ms,25.796700
1779444494.468,/benchmark/inference_ms,25.019653
1779444494.514,/benchmark/inference_ms,29.309635
1779444494.558,/benchmark/inference_ms,25.232746
1779444494.600,/benchmark/inference_ms,25.697624
1779444494.643,/benchmark/inference_ms,24.661339
1779444494.690,/benchmark/inference_ms,29.068956
1779444494.733,/benchmark/inference_ms,25.224171
1779444494.778,/benchmark/inference_ms,27.298536
1779444494.822,/benchmark/inference_ms,25.926943
1779444494.866,/benchmark/inference_ms,27.013695
1779444494.909,/benchmark/inference_ms,24.809534
1779444494.952,/benchmark/inference_ms,25.882814
1779444494.994,/benchmark/inference_ms,24.997028
1779444495.052,/benchmark/inference_ms,25.337070
1779444495.084,/benchmark/inference_ms,26.877914
1779444495.129,/benchmark/inference_ms,27.095552
1779444495.171,/benchmark/inference_ms,25.076838
1779444495.213,/benchmark/inference_ms,25.561138
1779444495.256,/benchmark/inference_ms,24.794781
1779444495.297,/benchmark/inference_ms,26.013599
1779444495.340,/benchmark/inference_ms,25.187113
1779444495.383,/benchmark/inference_ms,25.708023
1779444495.426,/benchmark/inference_ms,24.254925
1779444495.469,/benchmark/inference_ms,26.251368
1779444495.511,/benchmark/inference_ms,25.083302
1779444495.553,/benchmark/inference_ms,25.599157
1779444495.596,/benchmark/inference_ms,24.303213
1779444495.639,/benchmark/inference_ms,25.822363
1779444495.682,/benchmark/inference_ms,25.085957
1779444495.725,/benchmark/inference_ms,25.825819
1779444495.768,/benchmark/inference_ms,24.698137
1779444495.811,/benchmark/inference_ms,25.807226
1779444495.855,/benchmark/inference_ms,25.074278
1779444495.898,/benchmark/inference_ms,26.270376
1779444495.941,/benchmark/inference_ms,24.746172
1779444495.984,/benchmark/inference_ms,26.167940
1779444496.027,/benchmark/inference_ms,25.025219
1779444496.070,/benchmark/inference_ms,25.934204
1779444496.113,/benchmark/inference_ms,25.058371
1779444496.155,/benchmark/inference_ms,25.580851
1779444496.199,/benchmark/inference_ms,24.904448
1779444496.243,/benchmark/inference_ms,25.928732
1779444496.285,/benchmark/inference_ms,25.056770
1779444496.327,/benchmark/inference_ms,25.416142
1779444496.371,/benchmark/inference_ms,24.652184
1779444496.414,/benchmark/inference_ms,26.187012
1779444496.457,/benchmark/inference_ms,25.264681
1779444496.504,/benchmark/inference_ms,26.112066
1779444496.545,/benchmark/inference_ms,24.585526
1779444496.588,/benchmark/inference_ms,26.892889
1779444496.631,/benchmark/inference_ms,25.211720
1779444496.675,/benchmark/inference_ms,26.094145
1779444496.717,/benchmark/inference_ms,24.838844
1779444496.761,/benchmark/inference_ms,25.570034
1779444496.804,/benchmark/inference_ms,25.528498
1779444496.847,/benchmark/inference_ms,25.990559
1779444496.890,/benchmark/inference_ms,24.046629
1779444496.935,/benchmark/inference_ms,25.893564
1779444496.977,/benchmark/inference_ms,24.759066
1779444497.020,/benchmark/inference_ms,26.317287
1779444497.064,/benchmark/inference_ms,25.211430
1779444497.106,/benchmark/inference_ms,24.987936
1779444497.149,/benchmark/inference_ms,24.595251
1779444497.194,/benchmark/inference_ms,26.509644
1779444497.237,/benchmark/inference_ms,25.339849
1779444497.280,/benchmark/inference_ms,25.913210
1779444497.322,/benchmark/inference_ms,24.754999
1779444497.365,/benchmark/inference_ms,26.073055
1779444497.409,/benchmark/inference_ms,25.124931
1779444497.451,/benchmark/inference_ms,26.011101
1779444497.494,/benchmark/inference_ms,25.030785
1779444497.537,/benchmark/inference_ms,25.629971
1779444497.581,/benchmark/inference_ms,24.908125
1779444497.624,/benchmark/inference_ms,26.083391
1779444497.667,/benchmark/inference_ms,25.260902
1779444497.710,/benchmark/inference_ms,25.627474
1779444497.755,/benchmark/inference_ms,24.969471
1779444497.798,/benchmark/inference_ms,27.490761
1779444497.841,/benchmark/inference_ms,24.550642
1779444497.886,/benchmark/inference_ms,25.409227
1779444497.926,/benchmark/inference_ms,24.384588
1779444497.969,/benchmark/inference_ms,26.266693
1779444498.011,/benchmark/inference_ms,23.894655
1779444498.054,/benchmark/inference_ms,25.223269
1779444498.096,/benchmark/inference_ms,24.560209
1779444498.138,/benchmark/inference_ms,25.079073
1779444498.180,/benchmark/inference_ms,24.568336
1779444498.223,/benchmark/inference_ms,25.603727
1779444498.266,/benchmark/inference_ms,23.988832
1779444498.308,/benchmark/inference_ms,25.742676
1779444498.350,/benchmark/inference_ms,24.404749
1779444498.393,/benchmark/inference_ms,25.538734
1779444498.436,/benchmark/inference_ms,24.733654
1779444498.478,/benchmark/inference_ms,25.423082
1779444498.521,/benchmark/inference_ms,24.633171
1779444498.563,/benchmark/inference_ms,25.430058
1779444498.607,/benchmark/inference_ms,24.401644
1779444498.650,/benchmark/inference_ms,25.445580
1779444498.692,/benchmark/inference_ms,24.476303
1779444498.735,/benchmark/inference_ms,25.379082
1779444498.777,/benchmark/inference_ms,24.483406
1779444498.820,/benchmark/inference_ms,25.430250
1779444498.862,/benchmark/inference_ms,24.456493
1779444498.905,/benchmark/inference_ms,25.629360
1779444498.947,/benchmark/inference_ms,23.999073
1779444498.991,/benchmark/inference_ms,25.493998
1779444499.034,/benchmark/inference_ms,24.659187
1779444499.075,/benchmark/inference_ms,25.015804
1779444499.117,/benchmark/inference_ms,24.625904
1779444499.159,/benchmark/inference_ms,25.190083
1779444499.202,/benchmark/inference_ms,24.531088
1779444499.244,/benchmark/inference_ms,25.436649
1779444499.286,/benchmark/inference_ms,24.214022
1779444499.329,/benchmark/inference_ms,25.804020
1779444499.371,/benchmark/inference_ms,24.276360
1779444499.414,/benchmark/inference_ms,25.838774
1779444499.457,/benchmark/inference_ms,24.721300
1779444499.499,/benchmark/inference_ms,25.124544
1779444499.542,/benchmark/inference_ms,24.509806
1779444499.583,/benchmark/inference_ms,25.352871
1779444499.626,/benchmark/inference_ms,24.277800
1779444499.669,/benchmark/inference_ms,25.609488
1779444499.711,/benchmark/inference_ms,24.197029
1779444499.753,/benchmark/inference_ms,25.637936
1779444499.796,/benchmark/inference_ms,24.599730
1779444499.839,/benchmark/inference_ms,25.872471
1779444499.881,/benchmark/inference_ms,24.531631
1779444499.924,/benchmark/inference_ms,25.636398
1779444499.966,/benchmark/inference_ms,24.500271
1779444500.008,/benchmark/inference_ms,25.580111
1779444500.051,/benchmark/inference_ms,24.846167
1779444500.095,/benchmark/inference_ms,26.907410
1779444500.139,/benchmark/inference_ms,25.662830
1779444500.182,/benchmark/inference_ms,25.931063
1779444500.228,/benchmark/inference_ms,24.999035
1779444500.270,/benchmark/inference_ms,26.405861
1779444500.313,/benchmark/inference_ms,25.413191
1779444500.357,/benchmark/inference_ms,26.044952
1779444500.400,/benchmark/inference_ms,25.419559
1779444500.444,/benchmark/inference_ms,26.262655
1779444500.487,/benchmark/inference_ms,25.577579
1779444500.534,/benchmark/inference_ms,25.997272
1779444500.588,/benchmark/inference_ms,25.244066
1779444500.618,/benchmark/inference_ms,26.299648
1779444500.661,/benchmark/inference_ms,24.802837
1779444500.704,/benchmark/inference_ms,25.384903
1779444500.749,/benchmark/inference_ms,24.536175
1779444500.792,/benchmark/inference_ms,26.119003
1779444500.835,/benchmark/inference_ms,25.186562
1779444500.878,/benchmark/inference_ms,26.126011
1779444500.921,/benchmark/inference_ms,24.664370
1779444500.965,/benchmark/inference_ms,26.498310
1779444501.008,/benchmark/inference_ms,25.037693
1779444501.051,/benchmark/inference_ms,26.274399
1779444501.095,/benchmark/inference_ms,25.166687
1779444501.138,/benchmark/inference_ms,25.529129
1779444501.182,/benchmark/inference_ms,24.968601
1779444501.224,/benchmark/inference_ms,26.047512
1779444501.268,/benchmark/inference_ms,25.081404
1779444501.310,/benchmark/inference_ms,25.720621
1779444501.353,/benchmark/inference_ms,24.159201
1779444501.395,/benchmark/inference_ms,26.007767
1779444501.439,/benchmark/inference_ms,25.216192
1779444501.483,/benchmark/inference_ms,26.336544
1779444501.527,/benchmark/inference_ms,25.713039
1779444501.571,/benchmark/inference_ms,26.843086
1779444501.614,/benchmark/inference_ms,25.240992
1779444501.658,/benchmark/inference_ms,26.442595
1779444501.702,/benchmark/inference_ms,24.946775
1779444501.745,/benchmark/inference_ms,26.237789
1779444501.788,/benchmark/inference_ms,25.394501
1779444501.832,/benchmark/inference_ms,26.462980
1779444501.876,/benchmark/inference_ms,24.935640
1779444501.919,/benchmark/inference_ms,26.622568
1779444501.963,/benchmark/inference_ms,25.632299
1779444502.006,/benchmark/inference_ms,26.344545
1779444502.051,/benchmark/inference_ms,25.210911
1779444502.095,/benchmark/inference_ms,26.779469
1779444502.139,/benchmark/inference_ms,25.894449
1779444502.182,/benchmark/inference_ms,26.371967
1779444502.227,/benchmark/inference_ms,25.635052
1779444502.270,/benchmark/inference_ms,26.241213
1779444502.315,/benchmark/inference_ms,25.709837
1779444502.358,/benchmark/inference_ms,25.886545
1779444502.402,/benchmark/inference_ms,25.273184
1779444502.445,/benchmark/inference_ms,26.362846
1779444502.488,/benchmark/inference_ms,25.577415
1779444502.535,/benchmark/inference_ms,26.000950
1779444502.576,/benchmark/inference_ms,25.148508
1779444502.620,/benchmark/inference_ms,26.446146
1779444502.663,/benchmark/inference_ms,25.526630
1779444502.707,/benchmark/inference_ms,25.702860
1779444502.751,/benchmark/inference_ms,25.165180
1779444502.794,/benchmark/inference_ms,26.108376
1779444502.837,/benchmark/inference_ms,25.048601
1779444502.881,/benchmark/inference_ms,25.565481
1779444502.926,/benchmark/inference_ms,25.270271
1779444502.968,/benchmark/inference_ms,26.109144
1779444503.012,/benchmark/inference_ms,25.339777
1779444503.056,/benchmark/inference_ms,26.003252
1779444503.100,/benchmark/inference_ms,25.567080
1779444503.143,/benchmark/inference_ms,26.440607
1779444503.186,/benchmark/inference_ms,25.377153
1779444503.230,/benchmark/inference_ms,25.865070
1779444503.273,/benchmark/inference_ms,25.233278
1779444503.317,/benchmark/inference_ms,26.370878
1779444503.359,/benchmark/inference_ms,24.583691
1779444503.403,/benchmark/inference_ms,26.663717
1779444503.447,/benchmark/inference_ms,25.422947
1779444503.490,/benchmark/inference_ms,26.317118
1779444503.534,/benchmark/inference_ms,24.942741
1779444503.576,/benchmark/inference_ms,26.463873
1779444503.621,/benchmark/inference_ms,25.236700
1779444503.663,/benchmark/inference_ms,26.151705
1779444503.709,/benchmark/inference_ms,24.776144
1779444503.752,/benchmark/inference_ms,26.484640
1779444503.795,/benchmark/inference_ms,25.454531
1779444503.838,/benchmark/inference_ms,25.790861
1779444503.881,/benchmark/inference_ms,24.946836
1779444503.925,/benchmark/inference_ms,26.352255
1779444503.968,/benchmark/inference_ms,25.123352
1779444504.012,/benchmark/inference_ms,26.732586
1779444504.055,/benchmark/inference_ms,25.239613
1779444504.098,/benchmark/inference_ms,26.248121
1779444504.142,/benchmark/inference_ms,24.723181
1779444504.185,/benchmark/inference_ms,26.219225
1779444504.228,/benchmark/inference_ms,25.357983
1779444504.272,/benchmark/inference_ms,25.833134
1779444504.315,/benchmark/inference_ms,25.195738
1779444504.358,/benchmark/inference_ms,26.390205
1779444504.401,/benchmark/inference_ms,25.122553
1779444504.445,/benchmark/inference_ms,26.658150
1779444504.488,/benchmark/inference_ms,25.291452
1779444504.534,/benchmark/inference_ms,26.322651
1779444504.574,/benchmark/inference_ms,24.707756
1779444504.617,/benchmark/inference_ms,26.272923
1779444504.660,/benchmark/inference_ms,25.355230
1779444504.703,/benchmark/inference_ms,25.784588
1779444504.746,/benchmark/inference_ms,25.071447
1779444504.790,/benchmark/inference_ms,26.249624
1779444504.832,/benchmark/inference_ms,24.926228
1779444504.877,/benchmark/inference_ms,26.700645
1779444504.920,/benchmark/inference_ms,25.112633
1779444504.963,/benchmark/inference_ms,26.279194
1779444505.006,/benchmark/inference_ms,25.159386
1779444505.050,/benchmark/inference_ms,26.362106
1779444505.094,/benchmark/inference_ms,25.487362
1779444505.138,/benchmark/inference_ms,26.133781
1779444505.182,/benchmark/inference_ms,24.772556
1779444505.224,/benchmark/inference_ms,26.173079
1779444505.267,/benchmark/inference_ms,25.445473
1779444505.310,/benchmark/inference_ms,26.204021
1779444505.355,/benchmark/inference_ms,24.748140
1779444505.397,/benchmark/inference_ms,26.075699
1779444505.440,/benchmark/inference_ms,25.279642
1779444505.484,/benchmark/inference_ms,25.974224
1779444505.529,/benchmark/inference_ms,25.132406
1779444505.571,/benchmark/inference_ms,26.487967
1779444505.614,/benchmark/inference_ms,25.467810
1779444505.658,/benchmark/inference_ms,25.759689
1779444505.702,/benchmark/inference_ms,24.950642
1779444505.745,/benchmark/inference_ms,26.376699
1779444505.788,/benchmark/inference_ms,25.224058
1779444505.831,/benchmark/inference_ms,25.655142
1779444505.877,/benchmark/inference_ms,25.192184
1779444505.919,/benchmark/inference_ms,26.469566
1779444505.964,/benchmark/inference_ms,25.283484
1779444506.006,/benchmark/inference_ms,25.936365
1779444506.049,/benchmark/inference_ms,25.555874
1779444506.093,/benchmark/inference_ms,26.402075
1779444506.136,/benchmark/inference_ms,24.931664
1779444506.180,/benchmark/inference_ms,26.682369
1779444506.223,/benchmark/inference_ms,25.267706
1779444506.267,/benchmark/inference_ms,26.455069
1779444506.311,/benchmark/inference_ms,24.938513
1779444506.355,/benchmark/inference_ms,26.744612
1779444506.398,/benchmark/inference_ms,25.615332
1779444506.442,/benchmark/inference_ms,26.015408
1779444506.487,/benchmark/inference_ms,25.594818
1779444506.533,/benchmark/inference_ms,26.591007
1779444506.574,/benchmark/inference_ms,25.829481
1779444506.618,/benchmark/inference_ms,26.007278
1779444506.661,/benchmark/inference_ms,25.176119
1779444506.704,/benchmark/inference_ms,26.287670
1779444506.748,/benchmark/inference_ms,24.813101
1779444506.791,/benchmark/inference_ms,25.385502
1779444506.835,/benchmark/inference_ms,25.339163
1779444506.880,/benchmark/inference_ms,27.837219
1779444506.925,/benchmark/inference_ms,26.925289
1779444506.971,/benchmark/inference_ms,26.850119
1779444507.013,/benchmark/inference_ms,24.878637
1779444507.057,/benchmark/inference_ms,26.810499
1779444507.101,/benchmark/inference_ms,25.576384
1779444507.146,/benchmark/inference_ms,27.275826
1779444507.193,/benchmark/inference_ms,25.276119
1779444507.234,/benchmark/inference_ms,26.320696
1779444507.280,/benchmark/inference_ms,25.392538
1779444507.323,/benchmark/inference_ms,26.008366
1779444507.367,/benchmark/inference_ms,25.320410
1779444507.411,/benchmark/inference_ms,26.542622
1779444507.455,/benchmark/inference_ms,25.789927
1779444507.500,/benchmark/inference_ms,25.800743
1779444507.542,/benchmark/inference_ms,25.287416
1779444507.586,/benchmark/inference_ms,26.310806
1779444507.629,/benchmark/inference_ms,25.068754
1779444507.673,/benchmark/inference_ms,26.736738
1779444507.716,/benchmark/inference_ms,25.127604
1779444507.760,/benchmark/inference_ms,26.278484
1779444507.803,/benchmark/inference_ms,24.767786
1779444507.847,/benchmark/inference_ms,26.672480
1779444507.890,/benchmark/inference_ms,25.479422
1779444507.933,/benchmark/inference_ms,26.081936
1779444507.977,/benchmark/inference_ms,24.228251
1779444508.020,/benchmark/inference_ms,26.365656
1779444508.063,/benchmark/inference_ms,25.106131
1779444508.108,/benchmark/inference_ms,25.907625
1779444508.151,/benchmark/inference_ms,25.480125
1779444508.195,/benchmark/inference_ms,26.601789
1779444508.240,/benchmark/inference_ms,25.258005
1779444508.282,/benchmark/inference_ms,26.462009
1779444508.326,/benchmark/inference_ms,25.308983
1779444508.369,/benchmark/inference_ms,26.131056
1779444508.412,/benchmark/inference_ms,24.730150
1779444508.456,/benchmark/inference_ms,26.196241
1779444508.499,/benchmark/inference_ms,25.331863
1779444508.542,/benchmark/inference_ms,26.144527
1779444508.586,/benchmark/inference_ms,24.408670
1779444508.628,/benchmark/inference_ms,25.959978
1779444508.672,/benchmark/inference_ms,25.461884
1779444508.716,/benchmark/inference_ms,25.833960
1779444508.760,/benchmark/inference_ms,25.260630
1779444508.803,/benchmark/inference_ms,26.431128
1779444508.846,/benchmark/inference_ms,25.292311
1779444508.890,/benchmark/inference_ms,25.674690
1779444508.934,/benchmark/inference_ms,25.432539
1779444508.977,/benchmark/inference_ms,26.443031
1779444509.019,/benchmark/inference_ms,25.082449
1779444509.064,/benchmark/inference_ms,26.901539
1779444509.107,/benchmark/inference_ms,25.791300
1779444509.150,/benchmark/inference_ms,26.535353
1779444509.195,/benchmark/inference_ms,24.687077
1779444509.237,/benchmark/inference_ms,26.426357
1779444509.279,/benchmark/inference_ms,25.174067
1779444509.321,/benchmark/inference_ms,26.120974
1779444509.366,/benchmark/inference_ms,24.871273
1779444509.409,/benchmark/inference_ms,26.204399
1779444509.454,/benchmark/inference_ms,25.511612
1779444509.499,/benchmark/inference_ms,25.668928
1779444509.541,/benchmark/inference_ms,24.627874
1779444509.584,/benchmark/inference_ms,26.222481
1779444509.627,/benchmark/inference_ms,25.265972
1779444509.670,/benchmark/inference_ms,25.919559
1779444509.716,/benchmark/inference_ms,24.557760
1779444509.757,/benchmark/inference_ms,26.032204
1779444509.800,/benchmark/inference_ms,25.126192
1779444509.843,/benchmark/inference_ms,25.938248
1779444509.887,/benchmark/inference_ms,25.212851
1779444509.930,/benchmark/inference_ms,26.377300
1779444509.974,/benchmark/inference_ms,25.324118
1779444510.017,/benchmark/inference_ms,25.669216
1779444510.060,/benchmark/inference_ms,25.027277
1779444510.104,/benchmark/inference_ms,26.960291
1779444510.147,/benchmark/inference_ms,24.670465
1779444510.191,/benchmark/inference_ms,26.524439
1779444510.234,/benchmark/inference_ms,25.708992
1779444510.277,/benchmark/inference_ms,25.954344
1779444510.321,/benchmark/inference_ms,24.812422
1779444510.365,/benchmark/inference_ms,26.470295
1779444510.408,/benchmark/inference_ms,25.169970
1779444510.451,/benchmark/inference_ms,25.996073
1779444510.495,/benchmark/inference_ms,24.808773
1779444510.538,/benchmark/inference_ms,26.374643
1779444510.582,/benchmark/inference_ms,25.234035
1779444510.625,/benchmark/inference_ms,25.817251
1779444510.668,/benchmark/inference_ms,25.423384
1779444510.713,/benchmark/inference_ms,26.065226
1779444510.754,/benchmark/inference_ms,24.930441
1779444510.798,/benchmark/inference_ms,25.842371
1779444510.841,/benchmark/inference_ms,25.326069
1779444510.885,/benchmark/inference_ms,26.324369
1779444510.928,/benchmark/inference_ms,24.990442
1779444510.973,/benchmark/inference_ms,25.761793
1779444511.016,/benchmark/inference_ms,23.937838
1779444511.058,/benchmark/inference_ms,26.648825
1779444511.102,/benchmark/inference_ms,25.294897
1779444511.146,/benchmark/inference_ms,26.104553
1779444511.190,/benchmark/inference_ms,25.709213
1779444511.234,/benchmark/inference_ms,26.608952
1779444511.277,/benchmark/inference_ms,24.908457
1779444511.321,/benchmark/inference_ms,26.378674
1779444511.365,/benchmark/inference_ms,25.436567
1779444511.407,/benchmark/inference_ms,26.404627
1779444511.451,/benchmark/inference_ms,25.113070
1779444511.495,/benchmark/inference_ms,26.373650
1779444511.539,/benchmark/inference_ms,25.103788
1779444511.583,/benchmark/inference_ms,26.660410
1779444511.628,/benchmark/inference_ms,24.863558
1779444511.671,/benchmark/inference_ms,26.206894
1779444511.715,/benchmark/inference_ms,25.196432
1779444511.758,/benchmark/inference_ms,26.230028
1779444511.801,/benchmark/inference_ms,24.695330
1779444511.846,/benchmark/inference_ms,26.617880
1779444511.890,/benchmark/inference_ms,26.125994
1779444511.933,/benchmark/inference_ms,26.086729
1779444511.976,/benchmark/inference_ms,24.830086
1779444512.020,/benchmark/inference_ms,25.990726
1779444512.063,/benchmark/inference_ms,24.891685
1779444512.106,/benchmark/inference_ms,26.368849
1779444512.150,/benchmark/inference_ms,25.455093
1779444512.194,/benchmark/inference_ms,25.399988
1779444512.237,/benchmark/inference_ms,25.401972
1779444512.280,/benchmark/inference_ms,26.047079
1779444512.324,/benchmark/inference_ms,25.141708
1779444512.366,/benchmark/inference_ms,25.916739
1779444512.410,/benchmark/inference_ms,24.669790
1779444512.453,/benchmark/inference_ms,25.862465
1779444512.499,/benchmark/inference_ms,25.837440
1779444512.559,/benchmark/inference_ms,26.244619
1779444512.603,/benchmark/inference_ms,25.323217
1779444512.646,/benchmark/inference_ms,26.202763
1779444512.690,/benchmark/inference_ms,25.302608
1779444512.733,/benchmark/inference_ms,26.079815
1779444512.777,/benchmark/inference_ms,24.588606
1779444512.820,/benchmark/inference_ms,25.770687
1779444512.863,/benchmark/inference_ms,25.097195
1779444512.906,/benchmark/inference_ms,26.475315
1779444512.951,/benchmark/inference_ms,24.283443
1779444512.993,/benchmark/inference_ms,25.495703
1779444513.035,/benchmark/inference_ms,24.947239
1779444513.080,/benchmark/inference_ms,26.254763
1779444513.123,/benchmark/inference_ms,25.185228
1779444513.166,/benchmark/inference_ms,25.797182
1779444513.209,/benchmark/inference_ms,24.043724
1779444513.252,/benchmark/inference_ms,26.073669
1779444513.295,/benchmark/inference_ms,25.076105
1779444513.338,/benchmark/inference_ms,25.847231
1779444513.381,/benchmark/inference_ms,24.592188
1779444513.425,/benchmark/inference_ms,26.625301
1779444513.468,/benchmark/inference_ms,25.153996
1779444513.510,/benchmark/inference_ms,25.863487
1779444513.553,/benchmark/inference_ms,24.863138
1779444513.596,/benchmark/inference_ms,25.874912
1779444513.639,/benchmark/inference_ms,24.910564
1779444513.681,/benchmark/inference_ms,26.058084
1779444513.724,/benchmark/inference_ms,25.031496
1779444513.766,/benchmark/inference_ms,25.356529
1779444513.811,/benchmark/inference_ms,24.933893
1779444513.853,/benchmark/inference_ms,26.193193
1779444513.897,/benchmark/inference_ms,25.030472
1779444513.939,/benchmark/inference_ms,25.715963
1779444513.982,/benchmark/inference_ms,24.349077
1779444514.025,/benchmark/inference_ms,26.341997
1779444514.069,/benchmark/inference_ms,25.041414
1779444514.111,/benchmark/inference_ms,26.119108
1779444514.154,/benchmark/inference_ms,24.485657
1779444514.197,/benchmark/inference_ms,26.129829
1779444514.241,/benchmark/inference_ms,25.536724
1779444514.284,/benchmark/inference_ms,26.181223
1779444514.328,/benchmark/inference_ms,25.139528
1779444514.372,/benchmark/inference_ms,25.460787
1779444514.414,/benchmark/inference_ms,24.524057
1779444514.457,/benchmark/inference_ms,26.227369
1779444514.501,/benchmark/inference_ms,25.031494
1779444514.543,/benchmark/inference_ms,26.045155
1779444514.586,/benchmark/inference_ms,24.577625
1779444514.630,/benchmark/inference_ms,26.024067
1779444514.673,/benchmark/inference_ms,25.356752
1779444514.716,/benchmark/inference_ms,26.069380
1779444514.762,/benchmark/inference_ms,25.335119
1779444514.803,/benchmark/inference_ms,25.971779
1779444514.846,/benchmark/inference_ms,24.462038
1779444514.890,/benchmark/inference_ms,26.125990
1779444514.933,/benchmark/inference_ms,25.193996
1779444514.978,/benchmark/inference_ms,26.067940
1779444515.021,/benchmark/inference_ms,25.102823
1779444515.066,/benchmark/inference_ms,26.314890
1779444515.110,/benchmark/inference_ms,25.737465
1779444515.153,/benchmark/inference_ms,26.353388
1779444515.197,/benchmark/inference_ms,25.079239
1779444515.240,/benchmark/inference_ms,26.059362
1779444515.285,/benchmark/inference_ms,25.364527
1779444515.327,/benchmark/inference_ms,26.523472
1779444515.370,/benchmark/inference_ms,25.035812
1779444515.415,/benchmark/inference_ms,26.083235
1779444515.459,/benchmark/inference_ms,25.442575
1779444515.502,/benchmark/inference_ms,26.654900
1779444515.548,/benchmark/inference_ms,25.544914
1779444515.591,/benchmark/inference_ms,26.834904
1779444515.635,/benchmark/inference_ms,25.247019
1779444515.678,/benchmark/inference_ms,26.508623
1779444515.722,/benchmark/inference_ms,25.190987
1779444515.765,/benchmark/inference_ms,25.940189
1779444515.808,/benchmark/inference_ms,25.134920
1779444515.852,/benchmark/inference_ms,26.207655
1779444515.895,/benchmark/inference_ms,25.240074
1779444515.938,/benchmark/inference_ms,25.704023
1779444515.983,/benchmark/inference_ms,24.612953
1779444516.029,/benchmark/inference_ms,26.127716
1779444516.070,/benchmark/inference_ms,25.072517
1779444516.112,/benchmark/inference_ms,25.971645
1779444516.156,/benchmark/inference_ms,24.571350
1779444516.199,/benchmark/inference_ms,26.175812
1779444516.243,/benchmark/inference_ms,25.314283
1779444516.286,/benchmark/inference_ms,26.220100
1779444516.329,/benchmark/inference_ms,25.205448
1779444516.374,/benchmark/inference_ms,26.707699
1779444516.418,/benchmark/inference_ms,25.623060
1779444516.461,/benchmark/inference_ms,26.281096
1779444516.504,/benchmark/inference_ms,25.084997
1779444516.548,/benchmark/inference_ms,26.755478
1779444516.592,/benchmark/inference_ms,25.457199
1779444516.636,/benchmark/inference_ms,26.393129
1779444516.680,/benchmark/inference_ms,24.845791
1779444516.727,/benchmark/inference_ms,26.251974
1779444516.768,/benchmark/inference_ms,24.140682
1779444516.810,/benchmark/inference_ms,26.923704
1779444516.854,/benchmark/inference_ms,24.534805
1779444516.898,/benchmark/inference_ms,26.475277
1779444516.941,/benchmark/inference_ms,25.224041
1779444516.985,/benchmark/inference_ms,26.319048
1779444517.029,/benchmark/inference_ms,24.224300
1779444517.072,/benchmark/inference_ms,25.491728
1779444517.112,/benchmark/inference_ms,24.144585
1779444517.154,/benchmark/inference_ms,25.165861
1779444517.197,/benchmark/inference_ms,23.931587
1779444517.239,/benchmark/inference_ms,25.448717
1779444517.280,/benchmark/inference_ms,24.143688
1779444517.324,/benchmark/inference_ms,25.676563
1779444517.369,/benchmark/inference_ms,25.013794
1779444517.412,/benchmark/inference_ms,26.028574
1779444517.455,/benchmark/inference_ms,25.089891
1779444517.503,/benchmark/inference_ms,26.148130
1779444517.542,/benchmark/inference_ms,24.829117
1779444517.585,/benchmark/inference_ms,26.129889
1779444517.629,/benchmark/inference_ms,25.394253
1779444517.673,/benchmark/inference_ms,26.860182
1779444517.716,/benchmark/inference_ms,25.025890
1779444517.759,/benchmark/inference_ms,25.670069
1779444517.803,/benchmark/inference_ms,25.142630
1779444517.847,/benchmark/inference_ms,26.329159
1779444517.890,/benchmark/inference_ms,25.488878
1779444517.933,/benchmark/inference_ms,26.101568
1779444517.977,/benchmark/inference_ms,25.032099
1779444518.022,/benchmark/inference_ms,27.104477
1779444518.065,/benchmark/inference_ms,25.507790
1779444518.108,/benchmark/inference_ms,26.307364
1779444518.152,/benchmark/inference_ms,25.171717
1779444518.195,/benchmark/inference_ms,25.600784
1779444518.239,/benchmark/inference_ms,25.387915
1779444518.282,/benchmark/inference_ms,26.282148
1779444518.325,/benchmark/inference_ms,25.546831
1779444518.368,/benchmark/inference_ms,25.860409
1779444518.411,/benchmark/inference_ms,24.478642
1779444518.454,/benchmark/inference_ms,26.325413
1779444518.504,/benchmark/inference_ms,25.461613
1779444518.546,/benchmark/inference_ms,26.634863
1779444518.585,/benchmark/inference_ms,25.030527
1779444518.630,/benchmark/inference_ms,26.919542
1779444518.674,/benchmark/inference_ms,25.195942
1779444518.717,/benchmark/inference_ms,26.547882
1779444518.761,/benchmark/inference_ms,25.237734
1779444518.806,/benchmark/inference_ms,26.560780
1779444518.849,/benchmark/inference_ms,25.255848
1779444518.892,/benchmark/inference_ms,26.477993
1779444518.936,/benchmark/inference_ms,24.747831
1779444518.980,/benchmark/inference_ms,26.502506
1779444519.024,/benchmark/inference_ms,25.687443
1779444519.067,/benchmark/inference_ms,26.287073
1779444519.111,/benchmark/inference_ms,25.015072
1779444519.155,/benchmark/inference_ms,26.597195
1779444519.199,/benchmark/inference_ms,25.562542
1779444519.243,/benchmark/inference_ms,26.978870
1779444519.284,/benchmark/inference_ms,25.084257
1779444519.329,/benchmark/inference_ms,26.609804
1779444519.373,/benchmark/inference_ms,25.214308
1779444519.418,/benchmark/inference_ms,26.547050
1779444519.461,/benchmark/inference_ms,25.369831
1779444519.504,/benchmark/inference_ms,26.593323
1779444519.548,/benchmark/inference_ms,25.671633
1779444519.593,/benchmark/inference_ms,26.160894
1779444519.637,/benchmark/inference_ms,25.766005
1779444519.682,/benchmark/inference_ms,26.086012
1779444519.724,/benchmark/inference_ms,24.947037
1779444519.767,/benchmark/inference_ms,26.370693
1779444519.811,/benchmark/inference_ms,25.424107
1779444519.855,/benchmark/inference_ms,26.867924
1779444519.899,/benchmark/inference_ms,25.337864
1779444519.944,/benchmark/inference_ms,27.279678
1779444519.987,/benchmark/inference_ms,25.417738
1779444520.034,/benchmark/inference_ms,26.871538
1779444520.076,/benchmark/inference_ms,26.003834
1779444520.120,/benchmark/inference_ms,27.098391
1779444520.164,/benchmark/inference_ms,25.571180
1779444520.208,/benchmark/inference_ms,26.141212
1779444520.254,/benchmark/inference_ms,24.814615
1779444520.294,/benchmark/inference_ms,26.268127
1779444520.339,/benchmark/inference_ms,25.216963
1779444520.382,/benchmark/inference_ms,26.224735
1779444520.426,/benchmark/inference_ms,24.630419
1779444520.470,/benchmark/inference_ms,26.570024
1779444520.515,/benchmark/inference_ms,25.527884
1779444520.561,/benchmark/inference_ms,26.085306
1779444520.601,/benchmark/inference_ms,24.673365
1779444520.643,/benchmark/inference_ms,26.303104
1779444520.687,/benchmark/inference_ms,25.337030
1779444520.731,/benchmark/inference_ms,25.828180
1779444520.774,/benchmark/inference_ms,25.032862
1779444520.817,/benchmark/inference_ms,26.348099
1779444520.860,/benchmark/inference_ms,25.006428
1779444520.904,/benchmark/inference_ms,26.067675
1779444520.947,/benchmark/inference_ms,25.370792
1779444520.991,/benchmark/inference_ms,26.495079
1779444521.034,/benchmark/inference_ms,24.824022
1779444521.079,/benchmark/inference_ms,26.577801
1779444521.122,/benchmark/inference_ms,25.032412
1779444521.165,/benchmark/inference_ms,26.309280
1779444521.212,/benchmark/inference_ms,24.938522
1779444521.251,/benchmark/inference_ms,26.326433
1779444521.296,/benchmark/inference_ms,25.409191
1779444521.339,/benchmark/inference_ms,26.217598
1779444521.384,/benchmark/inference_ms,24.984283
1779444521.427,/benchmark/inference_ms,26.368097
1779444521.471,/benchmark/inference_ms,25.428679
1779444521.516,/benchmark/inference_ms,26.176956
1779444521.558,/benchmark/inference_ms,24.528366
1779444521.601,/benchmark/inference_ms,26.723980
1779444521.645,/benchmark/inference_ms,25.110527
1779444521.687,/benchmark/inference_ms,25.755728
1779444521.731,/benchmark/inference_ms,24.768309
1779444521.775,/benchmark/inference_ms,26.379072
1779444521.818,/benchmark/inference_ms,25.083357
1779444521.862,/benchmark/inference_ms,26.262367
1779444521.904,/benchmark/inference_ms,24.869080
1779444521.948,/benchmark/inference_ms,25.381317
1779444521.992,/benchmark/inference_ms,25.122879
1779444522.034,/benchmark/inference_ms,26.031256
1779444522.078,/benchmark/inference_ms,25.223680
1779444522.120,/benchmark/inference_ms,25.585707
1779444522.164,/benchmark/inference_ms,24.460842
1779444522.208,/benchmark/inference_ms,25.890387
1779444522.252,/benchmark/inference_ms,24.923737
1779444522.294,/benchmark/inference_ms,26.159578
1779444522.337,/benchmark/inference_ms,24.814676
1779444522.381,/benchmark/inference_ms,26.767818
1779444522.424,/benchmark/inference_ms,25.388004
1779444522.467,/benchmark/inference_ms,26.205116
1779444522.511,/benchmark/inference_ms,25.088669
1779444522.557,/benchmark/inference_ms,25.799152
1779444522.599,/benchmark/inference_ms,25.829041
1779444522.643,/benchmark/inference_ms,27.477663
1779444522.686,/benchmark/inference_ms,24.600750
1779444522.729,/benchmark/inference_ms,26.770123
1779444522.773,/benchmark/inference_ms,25.376356
1779444522.815,/benchmark/inference_ms,26.426434
1779444522.858,/benchmark/inference_ms,24.694546
1779444522.901,/benchmark/inference_ms,25.652525
1779444522.943,/benchmark/inference_ms,24.902327
1779444522.987,/benchmark/inference_ms,26.277981
1779444523.031,/benchmark/inference_ms,24.845398
1779444523.074,/benchmark/inference_ms,26.499874
1779444523.120,/benchmark/inference_ms,26.010036
1779444523.163,/benchmark/inference_ms,25.573608
1779444523.208,/benchmark/inference_ms,24.528172
1779444523.250,/benchmark/inference_ms,25.740717
1779444523.292,/benchmark/inference_ms,25.627464
1779444523.335,/benchmark/inference_ms,25.260448
1779444523.378,/benchmark/inference_ms,24.881781
1779444523.422,/benchmark/inference_ms,26.207769
1779444523.465,/benchmark/inference_ms,24.781651
1779444523.508,/benchmark/inference_ms,25.713772
1779444523.551,/benchmark/inference_ms,25.014360
1779444523.595,/benchmark/inference_ms,25.691309
1779444523.638,/benchmark/inference_ms,24.736080
1779444523.680,/benchmark/inference_ms,25.823919
1779444523.725,/benchmark/inference_ms,24.119743
1779444523.766,/benchmark/inference_ms,25.808111
1779444523.809,/benchmark/inference_ms,25.199038
1779444523.851,/benchmark/inference_ms,25.745678
1779444523.894,/benchmark/inference_ms,24.975927
1779444523.937,/benchmark/inference_ms,25.822254
1779444523.981,/benchmark/inference_ms,25.703243
1779444524.026,/benchmark/inference_ms,27.208469
1779444524.071,/benchmark/inference_ms,25.088858
1779444524.113,/benchmark/inference_ms,26.605444
1779444524.156,/benchmark/inference_ms,25.307550
1779444524.199,/benchmark/inference_ms,26.179895
1779444524.244,/benchmark/inference_ms,24.993111
1779444524.288,/benchmark/inference_ms,26.614819
1779444524.331,/benchmark/inference_ms,25.520229
1779444524.374,/benchmark/inference_ms,26.141174
1779444524.419,/benchmark/inference_ms,25.037975
1779444524.462,/benchmark/inference_ms,26.961262
1779444524.505,/benchmark/inference_ms,25.448034
1779444524.557,/benchmark/inference_ms,30.143909
1779444524.600,/benchmark/inference_ms,26.182808
1779444524.643,/benchmark/inference_ms,26.166647
1779444524.687,/benchmark/inference_ms,24.494249
1779444524.732,/benchmark/inference_ms,25.465763
1779444524.775,/benchmark/inference_ms,23.948793
1779444524.817,/benchmark/inference_ms,25.602310
1779444524.860,/benchmark/inference_ms,24.333380
1779444524.903,/benchmark/inference_ms,25.625416
1779444524.945,/benchmark/inference_ms,24.530890
1779444524.987,/benchmark/inference_ms,24.908020
1779444525.032,/benchmark/inference_ms,24.783953
1779444525.073,/benchmark/inference_ms,25.376673
1779444525.115,/benchmark/inference_ms,23.959064
1779444525.158,/benchmark/inference_ms,25.708937
1779444525.200,/benchmark/inference_ms,24.192383
1779444525.242,/benchmark/inference_ms,25.398146
1779444525.284,/benchmark/inference_ms,24.421734
1779444525.328,/benchmark/inference_ms,25.595718
1779444525.370,/benchmark/inference_ms,24.479942
1779444525.412,/benchmark/inference_ms,25.319422
1779444525.455,/benchmark/inference_ms,24.661003
1779444525.499,/benchmark/inference_ms,25.272732
1779444525.540,/benchmark/inference_ms,24.062778
1779444525.583,/benchmark/inference_ms,25.879917
1779444525.625,/benchmark/inference_ms,24.211199
1779444525.668,/benchmark/inference_ms,25.556772
1779444525.713,/benchmark/inference_ms,24.513288
1779444525.753,/benchmark/inference_ms,25.167803
1779444525.795,/benchmark/inference_ms,24.350531
1779444525.838,/benchmark/inference_ms,25.607367
1779444525.881,/benchmark/inference_ms,24.094172
1779444525.923,/benchmark/inference_ms,25.547491
1779444525.965,/benchmark/inference_ms,24.190880
1779444526.007,/benchmark/inference_ms,25.125816
1779444526.050,/benchmark/inference_ms,24.695915
1779444526.093,/benchmark/inference_ms,25.315132
1779444526.136,/benchmark/inference_ms,24.386084
1779444526.179,/benchmark/inference_ms,25.593668
1779444526.221,/benchmark/inference_ms,24.259775
1779444526.265,/benchmark/inference_ms,26.452061
1779444526.309,/benchmark/inference_ms,26.008623
1779444526.355,/benchmark/inference_ms,27.044748
1779444526.399,/benchmark/inference_ms,25.875948
1779444526.443,/benchmark/inference_ms,27.634525
1779444526.488,/benchmark/inference_ms,26.034927
1779444526.532,/benchmark/inference_ms,25.547331
1779444526.576,/benchmark/inference_ms,25.466497
1779444526.618,/benchmark/inference_ms,25.749128
1779444526.663,/benchmark/inference_ms,25.594725
1779444526.706,/benchmark/inference_ms,26.451004
1779444526.750,/benchmark/inference_ms,25.876013
1779444526.794,/benchmark/inference_ms,25.954927
1779444526.839,/benchmark/inference_ms,24.993843
1779444526.882,/benchmark/inference_ms,25.818987
1779444526.926,/benchmark/inference_ms,25.122774
1779444526.971,/benchmark/inference_ms,27.365494
1779444527.015,/benchmark/inference_ms,24.491270
1779444527.059,/benchmark/inference_ms,27.418741
1779444527.102,/benchmark/inference_ms,24.601160
1779444527.146,/benchmark/inference_ms,26.041519
1779444527.189,/benchmark/inference_ms,24.005878
1779444527.233,/benchmark/inference_ms,26.935753
1779444527.276,/benchmark/inference_ms,25.448511
1779444527.318,/benchmark/inference_ms,26.086512
1779444527.362,/benchmark/inference_ms,25.553507
1779444527.405,/benchmark/inference_ms,26.992233
1779444527.459,/benchmark/inference_ms,25.798183
1779444527.504,/benchmark/inference_ms,25.603010
1779444527.547,/benchmark/inference_ms,25.078997
1779444527.589,/benchmark/inference_ms,25.961004
1779444527.633,/benchmark/inference_ms,25.898285
1779444527.677,/benchmark/inference_ms,26.347736
1779444527.720,/benchmark/inference_ms,25.470367
1779444527.765,/benchmark/inference_ms,26.553501
1779444527.808,/benchmark/inference_ms,25.543137
1779444527.851,/benchmark/inference_ms,26.338936
1779444527.895,/benchmark/inference_ms,25.094677
1779444527.939,/benchmark/inference_ms,26.434074
1779444527.983,/benchmark/inference_ms,25.683846
1779444528.027,/benchmark/inference_ms,27.511703
1779444528.071,/benchmark/inference_ms,25.474911
1779444528.115,/benchmark/inference_ms,26.856676
1779444528.159,/benchmark/inference_ms,25.612898
1779444528.202,/benchmark/inference_ms,25.828585
1779444528.245,/benchmark/inference_ms,25.648323
1779444528.288,/benchmark/inference_ms,25.650978
1779444528.331,/benchmark/inference_ms,24.444801
1779444528.374,/benchmark/inference_ms,25.589153
1779444528.415,/benchmark/inference_ms,24.529764
1779444528.458,/benchmark/inference_ms,25.353756
1779444528.503,/benchmark/inference_ms,25.341722
1779444528.545,/benchmark/inference_ms,25.637506
1779444528.588,/benchmark/inference_ms,25.422779
1779444528.632,/benchmark/inference_ms,26.833155
1779444528.676,/benchmark/inference_ms,25.615009
1779444528.720,/benchmark/inference_ms,26.326580
1779444528.764,/benchmark/inference_ms,26.035822
1779444528.808,/benchmark/inference_ms,26.318069
1779444528.852,/benchmark/inference_ms,25.014801
1779444528.894,/benchmark/inference_ms,26.107664
1779444528.938,/benchmark/inference_ms,25.367964
1779444528.980,/benchmark/inference_ms,25.225687
1779444529.026,/benchmark/inference_ms,24.519461
1779444529.067,/benchmark/inference_ms,25.494781
1779444529.109,/benchmark/inference_ms,24.153368
1779444529.151,/benchmark/inference_ms,25.254456
1779444529.194,/benchmark/inference_ms,24.444769
1779444529.236,/benchmark/inference_ms,25.498205
1779444529.279,/benchmark/inference_ms,24.208153
1779444529.322,/benchmark/inference_ms,25.815207
1779444529.364,/benchmark/inference_ms,24.358429
1779444529.407,/benchmark/inference_ms,25.384569
1779444529.449,/benchmark/inference_ms,24.772808
1779444529.492,/benchmark/inference_ms,25.826309
1779444529.535,/benchmark/inference_ms,24.636934
1779444529.578,/benchmark/inference_ms,25.923559
1779444529.621,/benchmark/inference_ms,24.757994
1779444529.664,/benchmark/inference_ms,25.326521
1779444529.710,/benchmark/inference_ms,24.771849
1779444529.751,/benchmark/inference_ms,25.327288
1779444529.792,/benchmark/inference_ms,24.572197
1779444529.835,/benchmark/inference_ms,25.752932
1779444529.877,/benchmark/inference_ms,24.474434
1779444529.920,/benchmark/inference_ms,26.144688
1779444529.964,/benchmark/inference_ms,24.896494
1779444530.006,/benchmark/inference_ms,25.283031
1779444530.051,/benchmark/inference_ms,25.341270
1779444530.092,/benchmark/inference_ms,25.845797
1779444530.136,/benchmark/inference_ms,24.462719
1779444530.179,/benchmark/inference_ms,26.416723
1779444530.224,/benchmark/inference_ms,24.826025
1779444530.266,/benchmark/inference_ms,25.356888
1779444530.307,/benchmark/inference_ms,24.758310
1779444530.350,/benchmark/inference_ms,24.985485
1779444530.391,/benchmark/inference_ms,24.060564
1779444530.433,/benchmark/inference_ms,25.556669
1779444530.476,/benchmark/inference_ms,24.169910
1779444530.518,/benchmark/inference_ms,25.503355
1779444530.561,/benchmark/inference_ms,24.711014
1779444530.604,/benchmark/inference_ms,25.705187
1779444530.646,/benchmark/inference_ms,24.699621
1779444530.688,/benchmark/inference_ms,25.186674
1779444530.730,/benchmark/inference_ms,24.249081
1779444530.773,/benchmark/inference_ms,25.574015
1779444530.815,/benchmark/inference_ms,23.830797
1779444530.858,/benchmark/inference_ms,25.655489
1779444530.900,/benchmark/inference_ms,24.488865
1779444530.943,/benchmark/inference_ms,25.389977
1779444530.985,/benchmark/inference_ms,24.532993
1779444531.031,/benchmark/inference_ms,25.414265
1779444531.072,/benchmark/inference_ms,24.636387
1779444531.114,/benchmark/inference_ms,25.502363
1779444531.156,/benchmark/inference_ms,23.973040
1779444531.199,/benchmark/inference_ms,25.349430
1779444531.243,/benchmark/inference_ms,25.931749
1779444531.287,/benchmark/inference_ms,26.705467
1779444531.331,/benchmark/inference_ms,25.428633
1779444531.373,/benchmark/inference_ms,25.533724
1779444531.417,/benchmark/inference_ms,25.195442
1779444531.460,/benchmark/inference_ms,25.739586
1779444531.503,/benchmark/inference_ms,24.816711
1779444531.547,/benchmark/inference_ms,26.612665
1779444531.591,/benchmark/inference_ms,25.192755
1779444531.635,/benchmark/inference_ms,26.277264
1779444531.677,/benchmark/inference_ms,25.569948
1779444531.720,/benchmark/inference_ms,25.305908
1779444531.764,/benchmark/inference_ms,25.115473
1779444531.806,/benchmark/inference_ms,25.892101
1779444531.850,/benchmark/inference_ms,25.243507
1779444531.892,/benchmark/inference_ms,25.443865
1779444531.936,/benchmark/inference_ms,25.216082
1779444531.978,/benchmark/inference_ms,25.729248
1779444532.020,/benchmark/inference_ms,25.029774
1779444532.062,/benchmark/inference_ms,25.264147
1779444532.106,/benchmark/inference_ms,24.665281
1779444532.149,/benchmark/inference_ms,26.225132
1779444532.192,/benchmark/inference_ms,25.168560
1779444532.234,/benchmark/inference_ms,25.982758
1779444532.278,/benchmark/inference_ms,24.892200
1779444532.321,/benchmark/inference_ms,26.349712
1779444532.365,/benchmark/inference_ms,25.706142
1779444532.408,/benchmark/inference_ms,26.175787
1779444532.451,/benchmark/inference_ms,24.912008
1779444532.495,/benchmark/inference_ms,25.320883
1779444532.537,/benchmark/inference_ms,24.831621
1779444532.580,/benchmark/inference_ms,26.208237
1779444532.624,/benchmark/inference_ms,25.804993
1779444532.666,/benchmark/inference_ms,25.522650
1779444532.712,/benchmark/inference_ms,24.499645
1779444532.752,/benchmark/inference_ms,25.941284
1779444532.795,/benchmark/inference_ms,24.960234
1779444532.837,/benchmark/inference_ms,25.440950
1779444532.880,/benchmark/inference_ms,24.244310
1779444532.923,/benchmark/inference_ms,25.954309
1779444532.966,/benchmark/inference_ms,24.828711
1779444533.009,/benchmark/inference_ms,25.758753
1779444533.052,/benchmark/inference_ms,24.729057
1779444533.095,/benchmark/inference_ms,26.710009
1779444533.139,/benchmark/inference_ms,25.059820
1779444533.181,/benchmark/inference_ms,25.919266
1779444533.226,/benchmark/inference_ms,24.980680
1779444533.267,/benchmark/inference_ms,25.659485
1779444533.312,/benchmark/inference_ms,24.706017
1779444533.356,/benchmark/inference_ms,26.240683
1779444533.399,/benchmark/inference_ms,25.041451
1779444533.441,/benchmark/inference_ms,25.852545
1779444533.484,/benchmark/inference_ms,24.575933
1779444533.531,/benchmark/inference_ms,26.400816
1779444533.572,/benchmark/inference_ms,25.138926
1779444533.615,/benchmark/inference_ms,26.080647
1779444533.658,/benchmark/inference_ms,25.013323
1779444533.701,/benchmark/inference_ms,25.654524
1779444533.745,/benchmark/inference_ms,25.095692
1779444533.788,/benchmark/inference_ms,26.534388
1779444533.831,/benchmark/inference_ms,25.388052
1779444533.875,/benchmark/inference_ms,25.733501
1779444533.920,/benchmark/inference_ms,25.183662
1779444533.962,/benchmark/inference_ms,26.359951
1779444534.005,/benchmark/inference_ms,25.373396
1779444534.050,/benchmark/inference_ms,26.279243
1779444534.093,/benchmark/inference_ms,25.121132
1779444534.135,/benchmark/inference_ms,25.206095
1779444534.177,/benchmark/inference_ms,24.039373
1779444534.219,/benchmark/inference_ms,25.304880
1779444534.261,/benchmark/inference_ms,24.388086
1779444534.304,/benchmark/inference_ms,25.363123
1779444534.347,/benchmark/inference_ms,24.614815
1779444534.389,/benchmark/inference_ms,25.745981
1779444534.431,/benchmark/inference_ms,24.457850
1779444534.473,/benchmark/inference_ms,25.667706
1779444534.517,/benchmark/inference_ms,23.924683
1779444534.559,/benchmark/inference_ms,25.900961
1779444534.602,/benchmark/inference_ms,24.410072
1779444534.645,/benchmark/inference_ms,25.512312
1779444534.687,/benchmark/inference_ms,24.458202
1779444534.729,/benchmark/inference_ms,25.238798
1779444534.772,/benchmark/inference_ms,24.322838
1779444534.814,/benchmark/inference_ms,25.560823
1779444534.856,/benchmark/inference_ms,24.165712
1779444534.898,/benchmark/inference_ms,25.524471
1779444534.941,/benchmark/inference_ms,24.444857
1779444534.983,/benchmark/inference_ms,25.373362
1779444535.031,/benchmark/inference_ms,24.828386
1779444535.070,/benchmark/inference_ms,25.236717
1779444535.110,/benchmark/inference_ms,24.285620
1779444535.153,/benchmark/inference_ms,25.576694
1779444535.196,/benchmark/inference_ms,24.144913
1779444535.238,/benchmark/inference_ms,25.588152
1779444535.280,/benchmark/inference_ms,24.518648
1779444535.323,/benchmark/inference_ms,25.191244
1779444535.365,/benchmark/inference_ms,24.537626
1779444535.407,/benchmark/inference_ms,25.199436
1779444535.452,/benchmark/inference_ms,24.427158
1779444535.495,/benchmark/inference_ms,25.865759
1779444535.537,/benchmark/inference_ms,24.436184
1779444535.579,/benchmark/inference_ms,25.566101
1779444535.622,/benchmark/inference_ms,24.470936
1779444535.664,/benchmark/inference_ms,24.920645
1779444535.708,/benchmark/inference_ms,24.671391
1779444535.749,/benchmark/inference_ms,25.276558
1779444535.795,/benchmark/inference_ms,25.144236
1779444535.835,/benchmark/inference_ms,27.349094
1779444535.880,/benchmark/inference_ms,24.400246
1779444535.921,/benchmark/inference_ms,25.392656
1779444535.964,/benchmark/inference_ms,24.414423
1779444536.007,/benchmark/inference_ms,26.160967
1779444536.052,/benchmark/inference_ms,26.111490
1779444536.096,/benchmark/inference_ms,26.980860
1779444536.139,/benchmark/inference_ms,24.669147
1779444536.181,/benchmark/inference_ms,25.094503
1779444536.224,/benchmark/inference_ms,23.941736
1779444536.266,/benchmark/inference_ms,25.148233
1779444536.308,/benchmark/inference_ms,24.097549
1779444536.352,/benchmark/inference_ms,26.563025
1779444536.395,/benchmark/inference_ms,24.881220
1779444536.439,/benchmark/inference_ms,26.013184
1779444536.482,/benchmark/inference_ms,24.541977
1779444536.526,/benchmark/inference_ms,25.706327
1779444536.568,/benchmark/inference_ms,23.833317
1779444536.610,/benchmark/inference_ms,25.804731
1779444536.652,/benchmark/inference_ms,24.359829
1779444536.694,/benchmark/inference_ms,25.474066
1779444536.736,/benchmark/inference_ms,25.082855
1779444536.779,/benchmark/inference_ms,25.602934
1779444536.821,/benchmark/inference_ms,24.279346
1779444536.864,/benchmark/inference_ms,25.671736
1779444536.907,/benchmark/inference_ms,24.481718
1779444536.949,/benchmark/inference_ms,26.116196
1779444536.993,/benchmark/inference_ms,24.500919
1779444537.034,/benchmark/inference_ms,25.604277
1779444537.077,/benchmark/inference_ms,24.796383
1779444537.120,/benchmark/inference_ms,26.118114
1779444537.163,/benchmark/inference_ms,25.071140
1779444537.208,/benchmark/inference_ms,25.720728
1779444537.250,/benchmark/inference_ms,24.547703
1779444537.294,/benchmark/inference_ms,26.426666
1779444537.336,/benchmark/inference_ms,24.957090
1779444537.379,/benchmark/inference_ms,26.261190
1779444537.423,/benchmark/inference_ms,25.011396
1779444537.466,/benchmark/inference_ms,25.750776
1779444537.509,/benchmark/inference_ms,25.269323
1779444537.553,/benchmark/inference_ms,26.469259
1779444537.597,/benchmark/inference_ms,25.339533
1779444537.640,/benchmark/inference_ms,25.513491
1779444537.684,/benchmark/inference_ms,24.417046
1779444537.727,/benchmark/inference_ms,26.673714
1779444537.771,/benchmark/inference_ms,25.375917
1779444537.815,/benchmark/inference_ms,26.203173
1779444537.857,/benchmark/inference_ms,24.670490
1779444537.901,/benchmark/inference_ms,26.091072
1779444537.944,/benchmark/inference_ms,25.224043
1779444537.987,/benchmark/inference_ms,26.159555
1779444538.030,/benchmark/inference_ms,25.653269
1779444538.074,/benchmark/inference_ms,25.057444
1779444538.117,/benchmark/inference_ms,24.904097
1779444538.160,/benchmark/inference_ms,25.952349
1779444538.203,/benchmark/inference_ms,25.044037
1779444538.246,/benchmark/inference_ms,25.941084
1779444538.289,/benchmark/inference_ms,24.535606
1779444538.334,/benchmark/inference_ms,26.139009
1779444538.376,/benchmark/inference_ms,25.097893
1779444538.418,/benchmark/inference_ms,25.731958
1779444538.461,/benchmark/inference_ms,24.560343
1779444538.505,/benchmark/inference_ms,26.428137
1779444538.548,/benchmark/inference_ms,25.147335
1779444538.592,/benchmark/inference_ms,26.497099
1779444538.635,/benchmark/inference_ms,24.775389
1779444538.679,/benchmark/inference_ms,25.817530
1779444538.724,/benchmark/inference_ms,25.116934
1779444538.765,/benchmark/inference_ms,26.069311
1779444538.809,/benchmark/inference_ms,26.104511
1779444538.853,/benchmark/inference_ms,25.983389
1779444538.897,/benchmark/inference_ms,25.738390
1779444538.942,/benchmark/inference_ms,27.388994
1779444538.985,/benchmark/inference_ms,24.888384
1779444539.030,/benchmark/inference_ms,25.885050
1779444539.072,/benchmark/inference_ms,25.260424
1779444539.115,/benchmark/inference_ms,26.291395
1779444539.160,/benchmark/inference_ms,25.356907
1779444539.203,/benchmark/inference_ms,25.512367
1779444539.246,/benchmark/inference_ms,25.282249
1779444539.289,/benchmark/inference_ms,25.997499
1779444539.332,/benchmark/inference_ms,25.394987
1779444539.376,/benchmark/inference_ms,26.157503
1779444539.420,/benchmark/inference_ms,24.666361
1779444539.463,/benchmark/inference_ms,26.891060
1779444539.507,/benchmark/inference_ms,25.807638
1779444539.550,/benchmark/inference_ms,26.781874
1779444539.595,/benchmark/inference_ms,25.423916
1779444539.638,/benchmark/inference_ms,25.937593
1779444539.682,/benchmark/inference_ms,24.874174
1779444539.730,/benchmark/inference_ms,26.502569
1779444539.770,/benchmark/inference_ms,25.135843
1779444539.814,/benchmark/inference_ms,26.279715
1779444539.858,/benchmark/inference_ms,25.697205
1779444539.905,/benchmark/inference_ms,27.700331
1779444539.947,/benchmark/inference_ms,24.862654
1779444539.990,/benchmark/inference_ms,26.116480
1779444540.032,/benchmark/inference_ms,25.194532
1779444540.078,/benchmark/inference_ms,27.034517
1779444540.125,/benchmark/inference_ms,25.391371
1779444540.167,/benchmark/inference_ms,26.266659
1779444540.209,/benchmark/inference_ms,25.900856
1779444540.252,/benchmark/inference_ms,26.315107
1779444540.298,/benchmark/inference_ms,25.077761
1779444540.341,/benchmark/inference_ms,26.336676
1779444540.388,/benchmark/inference_ms,25.607632
1779444540.427,/benchmark/inference_ms,26.437958
1779444540.472,/benchmark/inference_ms,24.772057
1779444540.515,/benchmark/inference_ms,26.498312
1779444540.560,/benchmark/inference_ms,25.634800
1779444540.616,/benchmark/inference_ms,26.225729
1779444540.647,/benchmark/inference_ms,25.427946
1779444540.691,/benchmark/inference_ms,26.396965
1779444540.737,/benchmark/inference_ms,26.030684
1779444540.781,/benchmark/inference_ms,26.092348
1779444540.824,/benchmark/inference_ms,25.576206
1779444540.869,/benchmark/inference_ms,26.477032
1779444540.914,/benchmark/inference_ms,25.353992
1779444540.954,/benchmark/inference_ms,25.702066
1779444540.999,/benchmark/inference_ms,25.280935
1779444541.044,/benchmark/inference_ms,26.613098
1779444541.084,/benchmark/inference_ms,24.750711
1779444541.128,/benchmark/inference_ms,26.659435
1779444541.170,/benchmark/inference_ms,25.322184
1779444541.212,/benchmark/inference_ms,25.987801
1779444541.256,/benchmark/inference_ms,24.858875
1779444541.299,/benchmark/inference_ms,26.640617
1779444541.343,/benchmark/inference_ms,25.430506
1779444541.389,/benchmark/inference_ms,26.128059
1779444541.429,/benchmark/inference_ms,24.729431
1779444541.473,/benchmark/inference_ms,26.449221
1779444541.516,/benchmark/inference_ms,25.232357
1779444541.561,/benchmark/inference_ms,26.450373
1779444541.605,/benchmark/inference_ms,25.860853
1779444541.649,/benchmark/inference_ms,26.145660
1779444541.693,/benchmark/inference_ms,25.430634
1779444541.734,/benchmark/inference_ms,25.819668
1779444541.778,/benchmark/inference_ms,25.101057
1779444541.821,/benchmark/inference_ms,26.139484
1779444541.864,/benchmark/inference_ms,25.136545
1779444541.907,/benchmark/inference_ms,25.268581
1779444541.953,/benchmark/inference_ms,24.930395
1779444541.999,/benchmark/inference_ms,26.114525
1779444542.041,/benchmark/inference_ms,25.187681
1779444542.083,/benchmark/inference_ms,25.806194
1779444542.125,/benchmark/inference_ms,24.445742
1779444542.169,/benchmark/inference_ms,26.384739
1779444542.212,/benchmark/inference_ms,25.325285
1779444542.255,/benchmark/inference_ms,26.288544
1779444542.298,/benchmark/inference_ms,24.885275
1779444542.342,/benchmark/inference_ms,25.372807
1779444542.386,/benchmark/inference_ms,25.392551
1779444542.429,/benchmark/inference_ms,26.118362
1779444542.472,/benchmark/inference_ms,25.412552
1779444542.515,/benchmark/inference_ms,26.006584
1779444542.559,/benchmark/inference_ms,24.722166
1779444542.604,/benchmark/inference_ms,26.727018
1779444542.646,/benchmark/inference_ms,25.238626
1779444542.690,/benchmark/inference_ms,26.454916
1779444542.734,/benchmark/inference_ms,25.137823
1779444542.776,/benchmark/inference_ms,25.474665
1779444542.820,/benchmark/inference_ms,24.888954
1779444542.863,/benchmark/inference_ms,26.413378
1779444542.907,/benchmark/inference_ms,25.157345
1779444542.949,/benchmark/inference_ms,25.766609
1779444542.994,/benchmark/inference_ms,24.582514
1779444543.036,/benchmark/inference_ms,26.626024
1779444543.080,/benchmark/inference_ms,24.908697
1779444543.123,/benchmark/inference_ms,26.159739
1779444543.166,/benchmark/inference_ms,24.707827
1779444543.211,/benchmark/inference_ms,25.580107
1779444543.253,/benchmark/inference_ms,24.930138
1779444543.296,/benchmark/inference_ms,25.913364
1779444543.340,/benchmark/inference_ms,25.051420
1779444543.382,/benchmark/inference_ms,25.726446
1779444543.425,/benchmark/inference_ms,24.596497
1779444543.468,/benchmark/inference_ms,26.135609
1779444543.511,/benchmark/inference_ms,25.258242
1779444543.554,/benchmark/inference_ms,26.021399
1779444543.598,/benchmark/inference_ms,24.788086
1779444543.642,/benchmark/inference_ms,26.255070
1779444543.685,/benchmark/inference_ms,25.105661
1779444543.728,/benchmark/inference_ms,26.083256
1779444543.771,/benchmark/inference_ms,24.938585
1779444543.814,/benchmark/inference_ms,25.231682
1779444543.859,/benchmark/inference_ms,25.386885
1779444543.902,/benchmark/inference_ms,26.541222
1779444543.945,/benchmark/inference_ms,25.179296
1779444543.988,/benchmark/inference_ms,25.852434
1779444544.031,/benchmark/inference_ms,24.169956
1779444544.075,/benchmark/inference_ms,26.407999
1779444544.120,/benchmark/inference_ms,25.256674
1779444544.162,/benchmark/inference_ms,25.882545
1779444544.205,/benchmark/inference_ms,25.128317
1779444544.248,/benchmark/inference_ms,25.749357
1779444544.292,/benchmark/inference_ms,24.652178
1779444544.335,/benchmark/inference_ms,26.120247
1779444544.378,/benchmark/inference_ms,25.216896
1779444544.421,/benchmark/inference_ms,26.050966
1779444544.465,/benchmark/inference_ms,24.801172
1779444544.511,/benchmark/inference_ms,26.449921
1779444544.554,/benchmark/inference_ms,25.365156
1779444544.596,/benchmark/inference_ms,26.431328
1779444544.639,/benchmark/inference_ms,25.088827
1779444544.683,/benchmark/inference_ms,26.279036
1779444544.727,/benchmark/inference_ms,25.833584
1779444544.771,/benchmark/inference_ms,26.413919
1779444544.814,/benchmark/inference_ms,24.881910
1779444544.859,/benchmark/inference_ms,27.030577
1779444544.902,/benchmark/inference_ms,25.200542
1779444544.944,/benchmark/inference_ms,25.124252
1779444544.987,/benchmark/inference_ms,23.763929
1779444545.028,/benchmark/inference_ms,25.464710
1779444545.072,/benchmark/inference_ms,24.913687
1779444545.117,/benchmark/inference_ms,25.323202
1779444545.158,/benchmark/inference_ms,24.771828
1779444545.200,/benchmark/inference_ms,25.630857
1779444545.243,/benchmark/inference_ms,24.013054
1779444545.285,/benchmark/inference_ms,26.192760
1779444545.328,/benchmark/inference_ms,24.366472
1779444545.370,/benchmark/inference_ms,25.428707
1779444545.414,/benchmark/inference_ms,24.436840
1779444545.456,/benchmark/inference_ms,25.246782
1779444545.498,/benchmark/inference_ms,24.104609
1779444545.540,/benchmark/inference_ms,25.530149
1779444545.581,/benchmark/inference_ms,24.338310
1779444545.624,/benchmark/inference_ms,25.568968
1779444545.667,/benchmark/inference_ms,24.372486
1779444545.710,/benchmark/inference_ms,25.584808
1779444545.751,/benchmark/inference_ms,24.571884
1779444545.793,/benchmark/inference_ms,25.380898
1779444545.835,/benchmark/inference_ms,24.095327
1779444545.877,/benchmark/inference_ms,25.586023
1779444545.920,/benchmark/inference_ms,24.108065
1779444545.965,/benchmark/inference_ms,26.079893
1779444546.005,/benchmark/inference_ms,24.512426
1779444546.048,/benchmark/inference_ms,25.667082
1779444546.091,/benchmark/inference_ms,24.802546
1779444546.133,/benchmark/inference_ms,25.258909
1779444546.176,/benchmark/inference_ms,24.420391
1779444546.218,/benchmark/inference_ms,25.555269
1779444546.262,/benchmark/inference_ms,24.303877
1779444546.305,/benchmark/inference_ms,25.964497
1779444546.349,/benchmark/inference_ms,24.784691
1779444546.391,/benchmark/inference_ms,25.664680
1779444546.434,/benchmark/inference_ms,25.326719
1779444546.476,/benchmark/inference_ms,25.011255
1779444546.519,/benchmark/inference_ms,24.248899
1779444546.562,/benchmark/inference_ms,25.736298
1779444546.606,/benchmark/inference_ms,24.670925
1779444546.647,/benchmark/inference_ms,25.416067
1779444546.692,/benchmark/inference_ms,24.332678
1779444546.737,/benchmark/inference_ms,25.818092
1779444546.778,/benchmark/inference_ms,24.645645
1779444546.820,/benchmark/inference_ms,25.441540
1779444546.864,/benchmark/inference_ms,24.973206
1779444546.906,/benchmark/inference_ms,25.666121
1779444546.951,/benchmark/inference_ms,24.930101
1779444546.995,/benchmark/inference_ms,26.030226
1779444547.035,/benchmark/inference_ms,23.792534
1779444547.080,/benchmark/inference_ms,28.159912
1779444547.123,/benchmark/inference_ms,24.426630
1779444547.165,/benchmark/inference_ms,24.984726
1779444547.208,/benchmark/inference_ms,24.183617
1779444547.249,/benchmark/inference_ms,25.289021
1779444547.292,/benchmark/inference_ms,24.275171
1779444547.334,/benchmark/inference_ms,24.875923
1779444547.376,/benchmark/inference_ms,24.069277
1779444547.418,/benchmark/inference_ms,25.141401
1779444547.460,/benchmark/inference_ms,23.897432
1779444547.503,/benchmark/inference_ms,25.357216
1779444547.546,/benchmark/inference_ms,24.467049
1779444547.588,/benchmark/inference_ms,24.924948
1779444547.630,/benchmark/inference_ms,24.133694
1779444547.672,/benchmark/inference_ms,25.418114
1779444547.714,/benchmark/inference_ms,24.008797
1779444547.756,/benchmark/inference_ms,24.922804
1779444547.799,/benchmark/inference_ms,24.648716
1779444547.840,/benchmark/inference_ms,24.960213
1779444547.883,/benchmark/inference_ms,24.021372
1779444547.926,/benchmark/inference_ms,25.682568
1779444547.968,/benchmark/inference_ms,23.864792
1779444548.012,/benchmark/inference_ms,25.167994
1779444548.052,/benchmark/inference_ms,24.643019
1779444548.095,/benchmark/inference_ms,24.871634
1779444548.138,/benchmark/inference_ms,24.737101
1779444548.182,/benchmark/inference_ms,27.251310
1779444548.225,/benchmark/inference_ms,26.444315
1779444548.272,/benchmark/inference_ms,25.582340
1779444548.314,/benchmark/inference_ms,25.101271
1779444548.358,/benchmark/inference_ms,26.288181
1779444548.402,/benchmark/inference_ms,25.246523
1779444548.445,/benchmark/inference_ms,25.926157
1779444548.490,/benchmark/inference_ms,25.188856
1779444548.534,/benchmark/inference_ms,26.510555
1779444548.577,/benchmark/inference_ms,25.291580
1779444548.621,/benchmark/inference_ms,26.655231
1779444548.664,/benchmark/inference_ms,25.170393
1779444548.708,/benchmark/inference_ms,25.449696
1779444548.752,/benchmark/inference_ms,25.049940
1779444548.795,/benchmark/inference_ms,26.281590
1779444548.838,/benchmark/inference_ms,25.124920
1779444548.881,/benchmark/inference_ms,25.747561
1779444548.924,/benchmark/inference_ms,24.654634
1779444548.968,/benchmark/inference_ms,26.062576
1779444549.012,/benchmark/inference_ms,25.221531
1779444549.054,/benchmark/inference_ms,26.242355
1779444549.097,/benchmark/inference_ms,24.623337
1779444549.141,/benchmark/inference_ms,25.757927
1779444549.185,/benchmark/inference_ms,25.099543
1779444549.227,/benchmark/inference_ms,26.293398
1779444549.270,/benchmark/inference_ms,25.124407
1779444549.313,/benchmark/inference_ms,25.831720
1779444549.358,/benchmark/inference_ms,24.557222
1779444549.401,/benchmark/inference_ms,26.452185
1779444549.445,/benchmark/inference_ms,25.262329
1779444549.488,/benchmark/inference_ms,26.238386
1779444549.531,/benchmark/inference_ms,24.683371
1779444549.574,/benchmark/inference_ms,25.557537
1779444549.618,/benchmark/inference_ms,25.218714
1779444549.661,/benchmark/inference_ms,25.968620
1779444549.706,/benchmark/inference_ms,25.328667
1779444549.747,/benchmark/inference_ms,25.657253
1779444549.791,/benchmark/inference_ms,24.714859
1779444549.834,/benchmark/inference_ms,26.405016
1779444549.878,/benchmark/inference_ms,25.159990
1779444549.923,/benchmark/inference_ms,26.628286
1779444549.964,/benchmark/inference_ms,24.904690
1779444550.008,/benchmark/inference_ms,26.024014
1779444550.053,/benchmark/inference_ms,25.591778
1779444550.095,/benchmark/inference_ms,26.017387
1779444550.138,/benchmark/inference_ms,25.093140
1779444550.180,/benchmark/inference_ms,25.831240
1779444550.224,/benchmark/inference_ms,24.869741
1779444550.266,/benchmark/inference_ms,26.040461
1779444550.310,/benchmark/inference_ms,24.888622
1779444550.351,/benchmark/inference_ms,25.957388
1779444550.395,/benchmark/inference_ms,24.396130
1779444550.438,/benchmark/inference_ms,26.557371
1779444550.481,/benchmark/inference_ms,24.954897
1779444550.528,/benchmark/inference_ms,26.481176
1779444550.569,/benchmark/inference_ms,25.093077
1779444550.613,/benchmark/inference_ms,25.647299
1779444550.657,/benchmark/inference_ms,25.117332
1779444550.699,/benchmark/inference_ms,25.919754
1779444550.743,/benchmark/inference_ms,24.863886
1779444550.785,/benchmark/inference_ms,25.759109
1779444550.829,/benchmark/inference_ms,24.299135
1779444550.872,/benchmark/inference_ms,26.218193
1779444550.916,/benchmark/inference_ms,25.099829
1779444550.958,/benchmark/inference_ms,25.990891
1779444551.001,/benchmark/inference_ms,24.612070
1779444551.045,/benchmark/inference_ms,26.415445
1779444551.088,/benchmark/inference_ms,24.896589
1779444551.131,/benchmark/inference_ms,26.120686
1779444551.174,/benchmark/inference_ms,25.015312
1779444551.218,/benchmark/inference_ms,25.470621
1779444551.261,/benchmark/inference_ms,24.506403
1779444551.304,/benchmark/inference_ms,26.200399
1779444551.347,/benchmark/inference_ms,25.055346
1779444551.390,/benchmark/inference_ms,25.829638
1779444551.434,/benchmark/inference_ms,24.571974
1779444551.478,/benchmark/inference_ms,26.574745
1779444551.524,/benchmark/inference_ms,25.421915
1779444551.564,/benchmark/inference_ms,26.358322
1779444551.608,/benchmark/inference_ms,24.720552
1779444551.651,/benchmark/inference_ms,25.771332
1779444551.695,/benchmark/inference_ms,25.054802
1779444551.738,/benchmark/inference_ms,25.247095
1779444551.780,/benchmark/inference_ms,25.070099
1779444551.825,/benchmark/inference_ms,26.098158
1779444551.868,/benchmark/inference_ms,25.164341
1779444551.912,/benchmark/inference_ms,26.468407
1779444551.955,/benchmark/inference_ms,25.210934
1779444551.999,/benchmark/inference_ms,25.576736
1779444552.043,/benchmark/inference_ms,25.453947
1779444552.086,/benchmark/inference_ms,26.455988
1779444552.129,/benchmark/inference_ms,24.895723
1779444552.173,/benchmark/inference_ms,26.393908
1779444552.217,/benchmark/inference_ms,25.574238
1779444552.260,/benchmark/inference_ms,26.211695
1779444552.304,/benchmark/inference_ms,24.668646
1779444552.347,/benchmark/inference_ms,26.396212
1779444552.391,/benchmark/inference_ms,25.368055
1779444552.434,/benchmark/inference_ms,25.993896
1779444552.478,/benchmark/inference_ms,24.892427
1779444552.525,/benchmark/inference_ms,26.789982
1779444552.564,/benchmark/inference_ms,24.978189
1779444552.608,/benchmark/inference_ms,25.796003
1779444552.652,/benchmark/inference_ms,25.138836
1779444552.694,/benchmark/inference_ms,26.230125
1779444552.740,/benchmark/inference_ms,25.199732
1779444552.784,/benchmark/inference_ms,26.364594
1779444552.827,/benchmark/inference_ms,25.628479
1779444552.871,/benchmark/inference_ms,26.260847
1779444552.915,/benchmark/inference_ms,24.953165
1779444552.958,/benchmark/inference_ms,26.318609
1779444553.002,/benchmark/inference_ms,25.399385
1779444553.045,/benchmark/inference_ms,26.403858
1779444553.089,/benchmark/inference_ms,24.583618
1779444553.133,/benchmark/inference_ms,26.579542
1779444553.176,/benchmark/inference_ms,25.042509
1779444553.220,/benchmark/inference_ms,26.156748
1779444553.263,/benchmark/inference_ms,24.584482
1779444553.307,/benchmark/inference_ms,26.296944
1779444553.350,/benchmark/inference_ms,25.132050
1779444553.394,/benchmark/inference_ms,27.286665
1779444553.439,/benchmark/inference_ms,25.740608
1779444553.483,/benchmark/inference_ms,26.890879
1779444553.529,/benchmark/inference_ms,24.968172
1779444553.569,/benchmark/inference_ms,26.161549
1779444553.612,/benchmark/inference_ms,24.399935
1779444553.657,/benchmark/inference_ms,26.384176
1779444553.700,/benchmark/inference_ms,25.138544
1779444553.742,/benchmark/inference_ms,25.980103
1779444553.787,/benchmark/inference_ms,26.140106
1779444553.832,/benchmark/inference_ms,27.142372
1779444553.877,/benchmark/inference_ms,26.080809
1779444553.922,/benchmark/inference_ms,27.566671
1779444553.966,/benchmark/inference_ms,25.671518
1779444554.010,/benchmark/inference_ms,26.906176
1779444554.055,/benchmark/inference_ms,26.731096
1779444554.101,/benchmark/inference_ms,27.175749
1779444554.145,/benchmark/inference_ms,26.198507
1779444554.187,/benchmark/inference_ms,26.380337
1779444554.230,/benchmark/inference_ms,24.088947
1779444554.272,/benchmark/inference_ms,25.370996
1779444554.315,/benchmark/inference_ms,25.076111
1779444554.359,/benchmark/inference_ms,26.461010
1779444554.404,/benchmark/inference_ms,25.570587
1779444554.449,/benchmark/inference_ms,25.795584
1779444554.495,/benchmark/inference_ms,24.703779
1779444554.533,/benchmark/inference_ms,25.425528
1779444554.579,/benchmark/inference_ms,28.246496
1779444554.622,/benchmark/inference_ms,25.728542
1779444554.666,/benchmark/inference_ms,25.785664
1779444554.707,/benchmark/inference_ms,25.425079
1779444554.751,/benchmark/inference_ms,25.540922
1779444554.793,/benchmark/inference_ms,25.539930
1779444554.836,/benchmark/inference_ms,24.041521
1779444554.877,/benchmark/inference_ms,25.657724
1779444554.921,/benchmark/inference_ms,25.294643
1779444554.965,/benchmark/inference_ms,26.520691
1779444555.011,/benchmark/inference_ms,25.299349
1779444555.054,/benchmark/inference_ms,26.778135
1779444555.096,/benchmark/inference_ms,24.543776
1779444555.138,/benchmark/inference_ms,25.439285
1779444555.182,/benchmark/inference_ms,24.546623
1779444555.225,/benchmark/inference_ms,26.123112
1779444555.267,/benchmark/inference_ms,24.334362
1779444555.310,/benchmark/inference_ms,25.718590
1779444555.351,/benchmark/inference_ms,24.670946
1779444555.394,/benchmark/inference_ms,25.624826
1779444555.438,/benchmark/inference_ms,24.748869
1779444555.481,/benchmark/inference_ms,25.507671
1779444555.524,/benchmark/inference_ms,24.611298
1779444555.568,/benchmark/inference_ms,25.687868
1779444555.610,/benchmark/inference_ms,24.379738
1779444555.652,/benchmark/inference_ms,25.865057
1779444555.695,/benchmark/inference_ms,24.651747
1779444555.738,/benchmark/inference_ms,25.548025
1779444555.780,/benchmark/inference_ms,24.882311
1779444555.823,/benchmark/inference_ms,25.361780
1779444555.866,/benchmark/inference_ms,24.251638
1779444555.908,/benchmark/inference_ms,25.864386
1779444555.951,/benchmark/inference_ms,24.369114
1779444555.993,/benchmark/inference_ms,25.585880
1779444556.036,/benchmark/inference_ms,24.509789
1779444556.079,/benchmark/inference_ms,25.673756
1779444556.122,/benchmark/inference_ms,24.659616
1779444556.165,/benchmark/inference_ms,25.197454
1779444556.207,/benchmark/inference_ms,24.807013
1779444556.248,/benchmark/inference_ms,25.429525
1779444556.292,/benchmark/inference_ms,24.063280
1779444556.335,/benchmark/inference_ms,25.833246
1779444556.377,/benchmark/inference_ms,24.597597
1779444556.425,/benchmark/inference_ms,25.941538
1779444556.469,/benchmark/inference_ms,25.931362
1779444556.513,/benchmark/inference_ms,26.749302
1779444556.557,/benchmark/inference_ms,24.191444
1779444556.599,/benchmark/inference_ms,26.085478
1779444556.642,/benchmark/inference_ms,24.806597
1779444556.686,/benchmark/inference_ms,26.308268
1779444556.733,/benchmark/inference_ms,26.416302
1779444556.774,/benchmark/inference_ms,26.707190
1779444556.822,/benchmark/inference_ms,25.015593
1779444556.865,/benchmark/inference_ms,26.662483
1779444556.910,/benchmark/inference_ms,26.354542
1779444556.954,/benchmark/inference_ms,27.125025
1779444556.997,/benchmark/inference_ms,25.031275
1779444557.041,/benchmark/inference_ms,26.597616
1779444557.087,/benchmark/inference_ms,25.457874
1779444557.129,/benchmark/inference_ms,26.006081
1779444557.173,/benchmark/inference_ms,24.541788
1779444557.219,/benchmark/inference_ms,26.721716
1779444557.261,/benchmark/inference_ms,25.060009
1779444557.303,/benchmark/inference_ms,25.904095
1779444557.346,/benchmark/inference_ms,24.500858
1779444557.389,/benchmark/inference_ms,26.216934
1779444557.433,/benchmark/inference_ms,25.117834
1779444557.476,/benchmark/inference_ms,26.236423
1779444557.519,/benchmark/inference_ms,25.346096
1779444557.562,/benchmark/inference_ms,25.481300
1779444557.606,/benchmark/inference_ms,24.932999
1779444557.650,/benchmark/inference_ms,26.256296
1779444557.693,/benchmark/inference_ms,24.941607
1779444557.735,/benchmark/inference_ms,26.015842
1779444557.779,/benchmark/inference_ms,24.676287
1779444557.822,/benchmark/inference_ms,26.215942
1779444557.866,/benchmark/inference_ms,25.145515
1779444557.909,/benchmark/inference_ms,26.427244
1779444557.952,/benchmark/inference_ms,24.484379
1779444557.996,/benchmark/inference_ms,26.634579
1779444558.042,/benchmark/inference_ms,25.980127
1779444558.083,/benchmark/inference_ms,26.128323
1779444558.126,/benchmark/inference_ms,24.608156
1779444558.169,/benchmark/inference_ms,25.570869
1779444558.213,/benchmark/inference_ms,25.113482
1779444558.256,/benchmark/inference_ms,26.037634
1779444558.299,/benchmark/inference_ms,24.882339
1779444558.342,/benchmark/inference_ms,25.358576
1779444558.385,/benchmark/inference_ms,24.954533
1779444558.427,/benchmark/inference_ms,26.164003
1779444558.472,/benchmark/inference_ms,25.279245
1779444558.516,/benchmark/inference_ms,26.566256
1779444558.560,/benchmark/inference_ms,25.590199
1779444558.605,/benchmark/inference_ms,27.435045
1779444558.649,/benchmark/inference_ms,26.000160
1779444558.694,/benchmark/inference_ms,26.461452
1779444558.740,/benchmark/inference_ms,27.367907
1779444558.783,/benchmark/inference_ms,26.084770
1779444558.826,/benchmark/inference_ms,24.794369
1779444558.871,/benchmark/inference_ms,26.257254
1779444558.913,/benchmark/inference_ms,25.151371
1779444558.956,/benchmark/inference_ms,26.474731
1779444558.999,/benchmark/inference_ms,25.333872
1779444559.044,/benchmark/inference_ms,26.837812
1779444559.089,/benchmark/inference_ms,25.384590
1779444559.134,/benchmark/inference_ms,26.790419
1779444559.176,/benchmark/inference_ms,25.417295
1779444559.221,/benchmark/inference_ms,26.007008
1779444559.264,/benchmark/inference_ms,25.598196
1779444559.310,/benchmark/inference_ms,27.102587
1779444559.352,/benchmark/inference_ms,25.784985
1779444559.397,/benchmark/inference_ms,26.576111
1779444559.440,/benchmark/inference_ms,24.954948
1779444559.483,/benchmark/inference_ms,26.604464
1779444559.527,/benchmark/inference_ms,25.161865
1779444559.569,/benchmark/inference_ms,26.260454
1779444559.614,/benchmark/inference_ms,25.188169
1779444559.656,/benchmark/inference_ms,26.057024
1779444559.702,/benchmark/inference_ms,25.045286
1779444559.746,/benchmark/inference_ms,26.462252
1779444559.788,/benchmark/inference_ms,25.380590
1779444559.831,/benchmark/inference_ms,27.898865
1779444559.879,/benchmark/inference_ms,26.508652
1779444559.926,/benchmark/inference_ms,29.327637
1779444559.969,/benchmark/inference_ms,25.004038
1779444560.014,/benchmark/inference_ms,27.423204
1779444560.057,/benchmark/inference_ms,24.884289
1779444560.105,/benchmark/inference_ms,28.825478
1779444560.147,/benchmark/inference_ms,24.175919
1779444560.188,/benchmark/inference_ms,24.590904
1779444560.230,/benchmark/inference_ms,23.977930
1779444560.272,/benchmark/inference_ms,24.776733
1779444560.313,/benchmark/inference_ms,23.984394
1779444560.354,/benchmark/inference_ms,24.599672
1779444560.397,/benchmark/inference_ms,24.823999
1779444560.438,/benchmark/inference_ms,24.780703
1779444560.483,/benchmark/inference_ms,24.255856
1779444560.522,/benchmark/inference_ms,26.041725
1779444560.565,/benchmark/inference_ms,25.055365
1779444560.609,/benchmark/inference_ms,26.544010
1779444560.652,/benchmark/inference_ms,26.127104
1779444560.694,/benchmark/inference_ms,25.212330
1779444560.737,/benchmark/inference_ms,24.358868
1779444560.779,/benchmark/inference_ms,25.578131
1779444560.822,/benchmark/inference_ms,25.037603
1779444560.863,/benchmark/inference_ms,25.088358
1779444560.907,/benchmark/inference_ms,24.699932
1779444560.949,/benchmark/inference_ms,25.682358
1779444560.995,/benchmark/inference_ms,25.249866
1779444561.034,/benchmark/inference_ms,25.511568
1779444561.077,/benchmark/inference_ms,24.714649
1779444561.120,/benchmark/inference_ms,25.793909
1779444561.163,/benchmark/inference_ms,25.218023
1779444561.207,/benchmark/inference_ms,25.287081
1779444561.247,/benchmark/inference_ms,24.448021
1779444561.288,/benchmark/inference_ms,25.635315
1779444561.332,/benchmark/inference_ms,25.131655
1779444561.374,/benchmark/inference_ms,25.368044
1779444561.418,/benchmark/inference_ms,24.744925
1779444561.460,/benchmark/inference_ms,25.654354
1779444561.504,/benchmark/inference_ms,24.935362
1779444561.546,/benchmark/inference_ms,25.445198
1779444561.589,/benchmark/inference_ms,24.508949
1779444561.632,/benchmark/inference_ms,25.845177
1779444561.676,/benchmark/inference_ms,26.273569
1779444561.721,/benchmark/inference_ms,26.791409
1779444561.765,/benchmark/inference_ms,27.305117
1779444561.807,/benchmark/inference_ms,25.000738
1779444561.851,/benchmark/inference_ms,25.070660
1779444561.892,/benchmark/inference_ms,25.029316
1779444561.936,/benchmark/inference_ms,24.793566
1779444561.978,/benchmark/inference_ms,25.462927
1779444562.021,/benchmark/inference_ms,25.116804
1779444562.064,/benchmark/inference_ms,25.399916
1779444562.107,/benchmark/inference_ms,24.648985
1779444562.148,/benchmark/inference_ms,25.573936
1779444562.191,/benchmark/inference_ms,25.387178
1779444562.232,/benchmark/inference_ms,25.390507
1779444562.275,/benchmark/inference_ms,24.245037
1779444562.318,/benchmark/inference_ms,25.522446
1779444562.360,/benchmark/inference_ms,24.975008
1779444562.403,/benchmark/inference_ms,25.382730
1779444562.446,/benchmark/inference_ms,24.478260
1779444562.488,/benchmark/inference_ms,25.583984
1779444562.531,/benchmark/inference_ms,25.406122
1779444562.574,/benchmark/inference_ms,25.284967
1779444562.616,/benchmark/inference_ms,24.896574
1779444562.659,/benchmark/inference_ms,25.764179
1779444562.701,/benchmark/inference_ms,25.133381
1779444562.744,/benchmark/inference_ms,25.621937
1779444562.787,/benchmark/inference_ms,25.303753
1779444562.830,/benchmark/inference_ms,25.757301
1779444562.872,/benchmark/inference_ms,24.825212
1779444562.915,/benchmark/inference_ms,24.924671
1779444562.957,/benchmark/inference_ms,25.056417
1779444563.001,/benchmark/inference_ms,26.719692
1779444563.044,/benchmark/inference_ms,24.918045
1779444563.087,/benchmark/inference_ms,25.660784
1779444563.129,/benchmark/inference_ms,24.952894
1779444563.171,/benchmark/inference_ms,25.953209
1779444563.214,/benchmark/inference_ms,24.944126
1779444563.257,/benchmark/inference_ms,25.233509
1779444563.300,/benchmark/inference_ms,24.954655
1779444563.355,/benchmark/inference_ms,25.831221
1779444563.384,/benchmark/inference_ms,24.646935
1779444563.428,/benchmark/inference_ms,25.233574
1779444563.470,/benchmark/inference_ms,25.073345
1779444563.512,/benchmark/inference_ms,25.652176
1779444563.557,/benchmark/inference_ms,25.031296
1779444563.599,/benchmark/inference_ms,25.224388
1779444563.642,/benchmark/inference_ms,25.007681
1779444563.685,/benchmark/inference_ms,25.613071
1779444563.727,/benchmark/inference_ms,25.437931
1779444563.769,/benchmark/inference_ms,25.381098
1779444563.811,/benchmark/inference_ms,24.383247
1779444563.853,/benchmark/inference_ms,25.586351
1779444563.896,/benchmark/inference_ms,25.096033
1779444563.937,/benchmark/inference_ms,25.436907
1779444563.979,/benchmark/inference_ms,24.342798
1779444564.023,/benchmark/inference_ms,25.840437
1779444564.064,/benchmark/inference_ms,25.082369
1779444564.106,/benchmark/inference_ms,25.580812
1779444564.149,/benchmark/inference_ms,24.413614
1779444564.191,/benchmark/inference_ms,25.733425
1779444564.235,/benchmark/inference_ms,25.333223
1779444564.276,/benchmark/inference_ms,25.424648
1779444564.320,/benchmark/inference_ms,24.428783
1779444564.362,/benchmark/inference_ms,26.093178
1779444564.406,/benchmark/inference_ms,26.095835
1779444564.450,/benchmark/inference_ms,25.963095
1779444564.498,/benchmark/inference_ms,25.839603
1779444564.537,/benchmark/inference_ms,25.827765
1779444564.578,/benchmark/inference_ms,24.895227
1779444564.621,/benchmark/inference_ms,24.933661
1779444564.665,/benchmark/inference_ms,25.144449
1779444564.708,/benchmark/inference_ms,25.728048
1779444564.750,/benchmark/inference_ms,25.906422
1779444564.794,/benchmark/inference_ms,25.627247
1779444564.837,/benchmark/inference_ms,25.522602
1779444564.879,/benchmark/inference_ms,25.890100
1779444564.921,/benchmark/inference_ms,23.905090
1779444564.963,/benchmark/inference_ms,24.939196
1779444565.004,/benchmark/inference_ms,24.231241
1779444565.046,/benchmark/inference_ms,24.939068
1779444565.089,/benchmark/inference_ms,24.445997
1779444565.130,/benchmark/inference_ms,25.433865
1779444565.172,/benchmark/inference_ms,24.060165
1779444565.214,/benchmark/inference_ms,25.444839
1779444565.256,/benchmark/inference_ms,24.404270
1779444565.296,/benchmark/inference_ms,24.617268
1779444565.340,/benchmark/inference_ms,24.627028
1779444565.381,/benchmark/inference_ms,25.060926
1779444565.423,/benchmark/inference_ms,24.283083
1779444565.466,/benchmark/inference_ms,25.249731
1779444565.508,/benchmark/inference_ms,24.387917
1779444565.552,/benchmark/inference_ms,25.514793
1779444565.593,/benchmark/inference_ms,24.300171
1779444565.635,/benchmark/inference_ms,25.350853
1779444565.678,/benchmark/inference_ms,24.771030
1779444565.721,/benchmark/inference_ms,24.902458
1779444565.777,/benchmark/inference_ms,24.777431
1779444565.804,/benchmark/inference_ms,24.859928
1779444565.846,/benchmark/inference_ms,23.999874
1779444565.888,/benchmark/inference_ms,25.153378
1779444565.930,/benchmark/inference_ms,24.035685
1779444565.972,/benchmark/inference_ms,25.186850
1779444566.014,/benchmark/inference_ms,24.327597
1779444566.056,/benchmark/inference_ms,25.209217
1779444566.098,/benchmark/inference_ms,24.749142
1779444566.140,/benchmark/inference_ms,24.972410
1779444566.182,/benchmark/inference_ms,24.585936
1779444566.224,/benchmark/inference_ms,25.438118
1779444566.267,/benchmark/inference_ms,24.308969
1779444566.310,/benchmark/inference_ms,25.594858
1779444566.352,/benchmark/inference_ms,24.522831
1779444566.394,/benchmark/inference_ms,25.669453
1779444566.437,/benchmark/inference_ms,25.224512
1779444566.479,/benchmark/inference_ms,24.648724
1779444566.524,/benchmark/inference_ms,25.020412
1779444566.564,/benchmark/inference_ms,26.111128
1779444566.608,/benchmark/inference_ms,25.108446
1779444566.651,/benchmark/inference_ms,26.379005
1779444566.695,/benchmark/inference_ms,25.204128
1779444566.736,/benchmark/inference_ms,24.999643
1779444566.780,/benchmark/inference_ms,24.514862
1779444566.824,/benchmark/inference_ms,27.027855
1779444566.869,/benchmark/inference_ms,26.182329
1779444566.912,/benchmark/inference_ms,26.837034
1779444566.954,/benchmark/inference_ms,24.218023
1779444567.003,/benchmark/inference_ms,25.353828
1779444567.047,/benchmark/inference_ms,25.929682
1779444567.091,/benchmark/inference_ms,26.123383
1779444567.134,/benchmark/inference_ms,25.384165
1779444567.178,/benchmark/inference_ms,25.983187
1779444567.221,/benchmark/inference_ms,25.145374
1779444567.264,/benchmark/inference_ms,26.136471
1779444567.307,/benchmark/inference_ms,24.861174
1779444567.351,/benchmark/inference_ms,26.163479
1779444567.394,/benchmark/inference_ms,25.204672
1779444567.436,/benchmark/inference_ms,25.930483
1779444567.480,/benchmark/inference_ms,24.748755
1779444567.522,/benchmark/inference_ms,26.045334
1779444567.566,/benchmark/inference_ms,25.524616
1779444567.610,/benchmark/inference_ms,25.893904
1779444567.654,/benchmark/inference_ms,25.291491
1779444567.696,/benchmark/inference_ms,26.051989
1779444567.739,/benchmark/inference_ms,25.251648
1779444567.783,/benchmark/inference_ms,25.592937
1779444567.828,/benchmark/inference_ms,25.135326
1779444567.871,/benchmark/inference_ms,26.251066
1779444567.914,/benchmark/inference_ms,25.238369
1779444567.958,/benchmark/inference_ms,26.232153
1779444568.001,/benchmark/inference_ms,25.380836
1779444568.045,/benchmark/inference_ms,26.437660
1779444568.089,/benchmark/inference_ms,24.780178
1779444568.133,/benchmark/inference_ms,26.165430
1779444568.176,/benchmark/inference_ms,25.274464
1779444568.218,/benchmark/inference_ms,26.481247
1779444568.262,/benchmark/inference_ms,24.705362
1779444568.305,/benchmark/inference_ms,26.249912
1779444568.348,/benchmark/inference_ms,25.447588
1779444568.390,/benchmark/inference_ms,25.684874
1779444568.433,/benchmark/inference_ms,25.254814
1779444568.476,/benchmark/inference_ms,26.158518
1779444568.519,/benchmark/inference_ms,25.402468
1779444568.564,/benchmark/inference_ms,26.543585
1779444568.606,/benchmark/inference_ms,25.334658
1779444568.647,/benchmark/inference_ms,25.847567
1779444568.691,/benchmark/inference_ms,24.803699
1779444568.735,/benchmark/inference_ms,26.529375
1779444568.778,/benchmark/inference_ms,25.669514
1779444568.821,/benchmark/inference_ms,25.846766
1779444568.864,/benchmark/inference_ms,25.126301
1779444568.907,/benchmark/inference_ms,26.165848
1779444568.951,/benchmark/inference_ms,25.090778
1779444568.995,/benchmark/inference_ms,26.224407
1779444569.037,/benchmark/inference_ms,25.225084
1779444569.079,/benchmark/inference_ms,26.237911
1779444569.123,/benchmark/inference_ms,24.913589
1779444569.166,/benchmark/inference_ms,26.340858
1779444569.209,/benchmark/inference_ms,25.409281
1779444569.252,/benchmark/inference_ms,25.315039
1779444569.295,/benchmark/inference_ms,25.889389
1779444569.339,/benchmark/inference_ms,26.317720
1779444569.382,/benchmark/inference_ms,25.357985
1779444569.425,/benchmark/inference_ms,26.003248
1779444569.468,/benchmark/inference_ms,24.727760
1779444569.515,/benchmark/inference_ms,27.308849
1779444569.558,/benchmark/inference_ms,24.708143
1779444569.599,/benchmark/inference_ms,25.197342
1779444569.642,/benchmark/inference_ms,24.204388
1779444569.684,/benchmark/inference_ms,25.326817
1779444569.729,/benchmark/inference_ms,25.234173
1779444569.771,/benchmark/inference_ms,26.090322
1779444569.814,/benchmark/inference_ms,25.326401
1779444569.857,/benchmark/inference_ms,25.754923
1779444569.901,/benchmark/inference_ms,24.651182
1779444569.944,/benchmark/inference_ms,26.035858
1779444569.988,/benchmark/inference_ms,25.309055
1779444570.030,/benchmark/inference_ms,25.476707
1779444570.080,/benchmark/inference_ms,24.360197
1779444570.123,/benchmark/inference_ms,26.944487
1779444570.166,/benchmark/inference_ms,25.387873
1779444570.209,/benchmark/inference_ms,25.482498
1779444570.251,/benchmark/inference_ms,25.029207
1779444570.294,/benchmark/inference_ms,26.165140
1779444570.337,/benchmark/inference_ms,25.031128
1779444570.380,/benchmark/inference_ms,26.254454
1779444570.424,/benchmark/inference_ms,25.228636
1779444570.467,/benchmark/inference_ms,26.054768
1779444570.510,/benchmark/inference_ms,24.548651
1779444570.553,/benchmark/inference_ms,25.754185
1779444570.595,/benchmark/inference_ms,25.235741
1779444570.637,/benchmark/inference_ms,25.542885
1779444570.681,/benchmark/inference_ms,25.430784
1779444570.724,/benchmark/inference_ms,26.464348
1779444570.768,/benchmark/inference_ms,24.875507
1779444570.810,/benchmark/inference_ms,26.070257
1779444570.854,/benchmark/inference_ms,25.113655
1779444570.897,/benchmark/inference_ms,26.156467
1779444570.943,/benchmark/inference_ms,25.005270
1779444570.985,/benchmark/inference_ms,26.327288
1779444571.028,/benchmark/inference_ms,25.459585
1779444571.071,/benchmark/inference_ms,25.295580
1779444571.114,/benchmark/inference_ms,24.999187
1779444571.156,/benchmark/inference_ms,25.676966
1779444571.199,/benchmark/inference_ms,24.306211
1779444571.242,/benchmark/inference_ms,26.164978
1779444571.284,/benchmark/inference_ms,24.725775
1779444571.327,/benchmark/inference_ms,25.071989
1779444571.370,/benchmark/inference_ms,25.020535
1779444571.411,/benchmark/inference_ms,26.027855
1779444571.456,/benchmark/inference_ms,25.328701
1779444571.499,/benchmark/inference_ms,26.353270
1779444571.547,/benchmark/inference_ms,25.518497
1779444571.589,/benchmark/inference_ms,26.109297
1779444571.632,/benchmark/inference_ms,23.758486
1779444571.675,/benchmark/inference_ms,26.463800
1779444571.720,/benchmark/inference_ms,24.336260
1779444571.761,/benchmark/inference_ms,25.258682
1779444571.804,/benchmark/inference_ms,24.902418
1779444571.846,/benchmark/inference_ms,25.407839
1779444571.889,/benchmark/inference_ms,23.890169
1779444571.932,/benchmark/inference_ms,25.785769
1779444571.974,/benchmark/inference_ms,24.291075
1779444572.022,/benchmark/inference_ms,27.080360
1779444572.062,/benchmark/inference_ms,25.500448
1779444572.106,/benchmark/inference_ms,26.250738
1779444572.151,/benchmark/inference_ms,24.930897
1779444572.194,/benchmark/inference_ms,25.778824
1779444572.236,/benchmark/inference_ms,24.458054
1779444572.280,/benchmark/inference_ms,26.263090
1779444572.323,/benchmark/inference_ms,25.043221
1779444572.367,/benchmark/inference_ms,26.421303
1779444572.409,/benchmark/inference_ms,24.943346
1779444572.454,/benchmark/inference_ms,25.760742
1779444572.498,/benchmark/inference_ms,26.136881
1779444572.542,/benchmark/inference_ms,26.489050
1779444572.586,/benchmark/inference_ms,25.614210
1779444572.628,/benchmark/inference_ms,25.691011
1779444572.672,/benchmark/inference_ms,24.663147
1779444572.717,/benchmark/inference_ms,26.097103
1779444572.759,/benchmark/inference_ms,25.175735
1779444572.802,/benchmark/inference_ms,25.907722
1779444572.845,/benchmark/inference_ms,24.932945
1779444572.889,/benchmark/inference_ms,26.496408
1779444572.932,/benchmark/inference_ms,25.408157
1779444572.975,/benchmark/inference_ms,26.301653
1779444573.020,/benchmark/inference_ms,25.053972
1779444573.065,/benchmark/inference_ms,27.533264
1779444573.106,/benchmark/inference_ms,25.750086
1779444573.150,/benchmark/inference_ms,26.801950
1779444573.193,/benchmark/inference_ms,25.298523
1779444573.236,/benchmark/inference_ms,26.247856
1779444573.277,/benchmark/inference_ms,24.454596
1779444573.321,/benchmark/inference_ms,26.224049
1779444573.365,/benchmark/inference_ms,24.998674
1779444573.408,/benchmark/inference_ms,26.180752
1779444573.451,/benchmark/inference_ms,24.716522
1779444573.495,/benchmark/inference_ms,26.401974
1779444573.540,/benchmark/inference_ms,26.116716
1779444573.585,/benchmark/inference_ms,27.361900
1779444573.628,/benchmark/inference_ms,24.315647
1779444573.671,/benchmark/inference_ms,26.242386
1779444573.714,/benchmark/inference_ms,24.991825
1779444573.758,/benchmark/inference_ms,26.334036
1779444573.802,/benchmark/inference_ms,24.956976
1779444573.844,/benchmark/inference_ms,26.028109
1779444573.888,/benchmark/inference_ms,24.999601
1779444573.931,/benchmark/inference_ms,26.277906
1779444573.974,/benchmark/inference_ms,25.015985
1779444574.020,/benchmark/inference_ms,25.659809
1779444574.062,/benchmark/inference_ms,25.950344
1779444574.107,/benchmark/inference_ms,27.401646
1779444574.151,/benchmark/inference_ms,25.179029
1779444574.193,/benchmark/inference_ms,25.605345
1779444574.239,/benchmark/inference_ms,25.099955
1779444574.280,/benchmark/inference_ms,26.286865
1779444574.325,/benchmark/inference_ms,25.212854
1779444574.368,/benchmark/inference_ms,25.751429
1779444574.411,/benchmark/inference_ms,24.445314
1779444574.454,/benchmark/inference_ms,26.057163
1779444574.498,/benchmark/inference_ms,25.144150
1779444574.541,/benchmark/inference_ms,25.963720
1779444574.584,/benchmark/inference_ms,24.495300
1779444574.627,/benchmark/inference_ms,26.201454
1779444574.672,/benchmark/inference_ms,26.410419
1779444574.717,/benchmark/inference_ms,27.285097
1779444574.762,/benchmark/inference_ms,25.505886
1779444574.806,/benchmark/inference_ms,27.474926
1779444574.850,/benchmark/inference_ms,25.270807
1779444574.893,/benchmark/inference_ms,25.982889
1779444574.937,/benchmark/inference_ms,24.610472
1779444574.979,/benchmark/inference_ms,26.045227
1779444575.024,/benchmark/inference_ms,25.204021
1779444575.066,/benchmark/inference_ms,26.003784
1779444575.110,/benchmark/inference_ms,24.709255
1779444575.154,/benchmark/inference_ms,26.716698
1779444575.199,/benchmark/inference_ms,26.131723
1779444575.244,/benchmark/inference_ms,27.505774
1779444575.287,/benchmark/inference_ms,24.454082
1779444575.331,/benchmark/inference_ms,26.426834
1779444575.372,/benchmark/inference_ms,24.907309
1779444575.416,/benchmark/inference_ms,26.149036
1779444575.460,/benchmark/inference_ms,24.832586
1779444575.504,/benchmark/inference_ms,25.675585
1779444575.548,/benchmark/inference_ms,24.799210
1779444575.590,/benchmark/inference_ms,26.139690
1779444575.634,/benchmark/inference_ms,25.145012
1779444575.679,/benchmark/inference_ms,26.773148
1779444575.723,/benchmark/inference_ms,25.635519
1779444575.768,/benchmark/inference_ms,27.434635
1779444575.811,/benchmark/inference_ms,25.215284
1779444575.854,/benchmark/inference_ms,25.548124
1779444575.898,/benchmark/inference_ms,24.541733
1779444575.942,/benchmark/inference_ms,26.209421
1779444575.985,/benchmark/inference_ms,25.207829
1779444576.028,/benchmark/inference_ms,26.042889
1779444576.072,/benchmark/inference_ms,24.689573
1779444576.116,/benchmark/inference_ms,26.388306
1779444576.159,/benchmark/inference_ms,25.130512
1779444576.206,/benchmark/inference_ms,26.248781
1779444576.246,/benchmark/inference_ms,24.899467
1779444576.289,/benchmark/inference_ms,25.622557
1779444576.333,/benchmark/inference_ms,25.150738
1779444576.378,/benchmark/inference_ms,27.702930
1779444576.423,/benchmark/inference_ms,26.543541
1779444576.467,/benchmark/inference_ms,26.588757
1779444576.510,/benchmark/inference_ms,23.933653
1779444576.553,/benchmark/inference_ms,25.468859
1779444576.595,/benchmark/inference_ms,24.442177
1779444576.637,/benchmark/inference_ms,25.459705
1779444576.687,/benchmark/inference_ms,24.556034
1779444576.730,/benchmark/inference_ms,25.732256
1779444576.774,/benchmark/inference_ms,24.268572
1779444576.816,/benchmark/inference_ms,25.542364
1779444576.860,/benchmark/inference_ms,25.708481
1779444576.904,/benchmark/inference_ms,26.700920
1779444576.949,/benchmark/inference_ms,24.950092
1779444576.995,/benchmark/inference_ms,26.911037
1779444577.040,/benchmark/inference_ms,25.889828
1779444577.081,/benchmark/inference_ms,26.163563
1779444577.125,/benchmark/inference_ms,25.949251
1779444577.168,/benchmark/inference_ms,26.499794
1779444577.212,/benchmark/inference_ms,25.159441
1779444577.255,/benchmark/inference_ms,26.157034
1779444577.299,/benchmark/inference_ms,25.139601
1779444577.343,/benchmark/inference_ms,26.832699
1779444577.388,/benchmark/inference_ms,26.603924
1779444577.432,/benchmark/inference_ms,26.535923
1779444577.475,/benchmark/inference_ms,25.337141
1779444577.522,/benchmark/inference_ms,25.998310
1779444577.564,/benchmark/inference_ms,25.032717
1779444577.605,/benchmark/inference_ms,26.473457
1779444577.649,/benchmark/inference_ms,25.640123
1779444577.693,/benchmark/inference_ms,26.135241
1779444577.736,/benchmark/inference_ms,25.249811
1779444577.779,/benchmark/inference_ms,26.432753
1779444577.822,/benchmark/inference_ms,25.232433
1779444577.866,/benchmark/inference_ms,26.359726
1779444577.910,/benchmark/inference_ms,25.306932
1779444577.953,/benchmark/inference_ms,26.658388
1779444577.998,/benchmark/inference_ms,26.510386
1779444578.045,/benchmark/inference_ms,27.738575
1779444578.090,/benchmark/inference_ms,26.220968
1779444578.132,/benchmark/inference_ms,25.463896
1779444578.174,/benchmark/inference_ms,24.413918
1779444578.218,/benchmark/inference_ms,25.125294
1779444578.260,/benchmark/inference_ms,24.656450
1779444578.302,/benchmark/inference_ms,25.482967
1779444578.345,/benchmark/inference_ms,24.208088
1779444578.387,/benchmark/inference_ms,25.555834
1779444578.429,/benchmark/inference_ms,24.296089
1779444578.472,/benchmark/inference_ms,25.741245
1779444578.515,/benchmark/inference_ms,24.655458
1779444578.558,/benchmark/inference_ms,25.212080
1779444578.600,/benchmark/inference_ms,24.624994
1779444578.655,/benchmark/inference_ms,25.333941
1779444578.686,/benchmark/inference_ms,23.971441
1779444578.729,/benchmark/inference_ms,25.744701
1779444578.771,/benchmark/inference_ms,24.230137
1779444578.813,/benchmark/inference_ms,25.406452
1779444578.856,/benchmark/inference_ms,24.626242
1779444578.899,/benchmark/inference_ms,25.356565
1779444578.941,/benchmark/inference_ms,24.184406
1779444578.984,/benchmark/inference_ms,25.750462
1779444579.026,/benchmark/inference_ms,24.431677
1779444579.069,/benchmark/inference_ms,25.743259
1779444579.112,/benchmark/inference_ms,24.715235
1779444579.155,/benchmark/inference_ms,25.063757
1779444579.200,/benchmark/inference_ms,24.539583
1779444579.240,/benchmark/inference_ms,25.441845
1779444579.283,/benchmark/inference_ms,24.260406
1779444579.326,/benchmark/inference_ms,25.819389
1779444579.368,/benchmark/inference_ms,24.189463
1779444579.410,/benchmark/inference_ms,24.985769
1779444579.453,/benchmark/inference_ms,24.664034
1779444579.497,/benchmark/inference_ms,25.393652
1779444579.538,/benchmark/inference_ms,24.007120
1779444579.582,/benchmark/inference_ms,26.566994
1779444579.625,/benchmark/inference_ms,24.890696
1779444579.670,/benchmark/inference_ms,26.597681
1779444579.713,/benchmark/inference_ms,25.255632
1779444579.757,/benchmark/inference_ms,26.624884
1779444579.800,/benchmark/inference_ms,24.998219
1779444579.845,/benchmark/inference_ms,27.047132
1779444579.888,/benchmark/inference_ms,25.692732
1779444579.931,/benchmark/inference_ms,25.741341
1779444579.975,/benchmark/inference_ms,24.707396
1779444580.019,/benchmark/inference_ms,26.534512
1779444580.063,/benchmark/inference_ms,25.018312
1779444580.107,/benchmark/inference_ms,26.950424
1779444580.150,/benchmark/inference_ms,24.937000
1779444580.192,/benchmark/inference_ms,25.835102
1779444580.236,/benchmark/inference_ms,24.517853
1779444580.280,/benchmark/inference_ms,26.540302
1779444580.323,/benchmark/inference_ms,25.098412
1779444580.367,/benchmark/inference_ms,26.202408
1779444580.410,/benchmark/inference_ms,25.127020
1779444580.454,/benchmark/inference_ms,26.567408
1779444580.499,/benchmark/inference_ms,25.762875
1779444580.542,/benchmark/inference_ms,26.360556
1779444580.586,/benchmark/inference_ms,25.090540
1779444580.629,/benchmark/inference_ms,26.010305
1779444580.673,/benchmark/inference_ms,24.531837
1779444580.716,/benchmark/inference_ms,26.407404
1779444580.760,/benchmark/inference_ms,25.398994
1779444580.804,/benchmark/inference_ms,26.620016
1779444580.848,/benchmark/inference_ms,25.034185
1779444580.892,/benchmark/inference_ms,25.922272
1779444580.936,/benchmark/inference_ms,25.520660
1779444580.980,/benchmark/inference_ms,27.379747
1779444581.025,/benchmark/inference_ms,26.087362
1779444581.067,/benchmark/inference_ms,25.514004
1779444581.111,/benchmark/inference_ms,24.874981
1779444581.153,/benchmark/inference_ms,26.088226
1779444581.198,/benchmark/inference_ms,25.210796
1779444581.242,/benchmark/inference_ms,25.820667
1779444581.283,/benchmark/inference_ms,24.973606
1779444581.327,/benchmark/inference_ms,26.660368
1779444581.372,/benchmark/inference_ms,26.406761
1779444581.418,/benchmark/inference_ms,26.813204
1779444581.462,/benchmark/inference_ms,25.500565
1779444581.507,/benchmark/inference_ms,26.191236
1779444581.548,/benchmark/inference_ms,25.257774
1779444581.591,/benchmark/inference_ms,25.825724
1779444581.635,/benchmark/inference_ms,24.449497
1779444581.678,/benchmark/inference_ms,26.183365
1779444581.721,/benchmark/inference_ms,25.310032
1779444581.764,/benchmark/inference_ms,26.472235
1779444581.809,/benchmark/inference_ms,25.042376
1779444581.853,/benchmark/inference_ms,26.980888
1779444581.897,/benchmark/inference_ms,25.396688
1779444581.940,/benchmark/inference_ms,26.371080
1779444581.984,/benchmark/inference_ms,24.489819
1779444582.027,/benchmark/inference_ms,26.584015
1779444582.071,/benchmark/inference_ms,25.489586
1779444582.114,/benchmark/inference_ms,26.157890
1779444582.158,/benchmark/inference_ms,24.901316
1779444582.204,/benchmark/inference_ms,26.549196
1779444582.244,/benchmark/inference_ms,25.388720
1779444582.288,/benchmark/inference_ms,25.820665
1779444582.331,/benchmark/inference_ms,25.279819
1779444582.374,/benchmark/inference_ms,26.580750
1779444582.417,/benchmark/inference_ms,25.221100
1779444582.461,/benchmark/inference_ms,25.806938
1779444582.504,/benchmark/inference_ms,25.313391
1779444582.550,/benchmark/inference_ms,26.535435
1779444582.592,/benchmark/inference_ms,25.293901
1779444582.635,/benchmark/inference_ms,26.631277
1779444582.679,/benchmark/inference_ms,25.435410
1779444582.722,/benchmark/inference_ms,26.699951
1779444582.766,/benchmark/inference_ms,24.945251
1779444582.811,/benchmark/inference_ms,26.530668
1779444582.854,/benchmark/inference_ms,25.443665
1779444582.897,/benchmark/inference_ms,26.360071
1779444582.942,/benchmark/inference_ms,24.831169
1779444582.986,/benchmark/inference_ms,26.686384
1779444583.030,/benchmark/inference_ms,25.105480
1779444583.074,/benchmark/inference_ms,26.521385
1779444583.118,/benchmark/inference_ms,25.035078
1779444583.162,/benchmark/inference_ms,26.694990
1779444583.206,/benchmark/inference_ms,25.241161
1779444583.250,/benchmark/inference_ms,26.580685
1779444583.292,/benchmark/inference_ms,24.875202
1779444583.338,/benchmark/inference_ms,26.492329
1779444583.381,/benchmark/inference_ms,25.196459
1779444583.424,/benchmark/inference_ms,26.507498
1779444583.468,/benchmark/inference_ms,25.045893
1779444583.512,/benchmark/inference_ms,26.474730
1779444583.556,/benchmark/inference_ms,25.380463
1779444583.599,/benchmark/inference_ms,26.460360
1779444583.645,/benchmark/inference_ms,25.070501
1779444583.689,/benchmark/inference_ms,26.481642
1779444583.732,/benchmark/inference_ms,25.144903
1779444583.775,/benchmark/inference_ms,26.111937
1779444583.819,/benchmark/inference_ms,24.568346
1779444583.862,/benchmark/inference_ms,26.407528
1779444583.907,/benchmark/inference_ms,25.338829
1779444583.950,/benchmark/inference_ms,26.012733
1779444583.992,/benchmark/inference_ms,24.900770
1779444584.038,/benchmark/inference_ms,26.530313
1779444584.080,/benchmark/inference_ms,25.348684
1779444584.124,/benchmark/inference_ms,25.943995
1779444584.168,/benchmark/inference_ms,24.974276
1779444584.211,/benchmark/inference_ms,26.338469
1779444584.254,/benchmark/inference_ms,24.816895
1779444584.298,/benchmark/inference_ms,26.549801
1779444584.341,/benchmark/inference_ms,25.132967
1779444584.384,/benchmark/inference_ms,26.406950
1779444584.429,/benchmark/inference_ms,25.055908
1779444584.472,/benchmark/inference_ms,26.454599
1779444584.520,/benchmark/inference_ms,25.145031
1779444584.559,/benchmark/inference_ms,26.119295
1779444584.607,/benchmark/inference_ms,28.588539
1779444584.650,/benchmark/inference_ms,26.569195
1779444584.694,/benchmark/inference_ms,25.292810
1779444584.738,/benchmark/inference_ms,25.870712
1779444584.783,/benchmark/inference_ms,24.737982
1779444584.826,/benchmark/inference_ms,26.176289
1779444584.870,/benchmark/inference_ms,25.319275
1779444584.913,/benchmark/inference_ms,25.748150
1779444584.958,/benchmark/inference_ms,25.138277
1779444585.000,/benchmark/inference_ms,26.692013
1779444585.044,/benchmark/inference_ms,25.050434
1779444585.089,/benchmark/inference_ms,26.753677
1779444585.133,/benchmark/inference_ms,25.617970
1779444585.176,/benchmark/inference_ms,26.305185
1779444585.221,/benchmark/inference_ms,25.198759
1779444585.265,/benchmark/inference_ms,26.796398
1779444585.309,/benchmark/inference_ms,25.209959
1779444585.352,/benchmark/inference_ms,26.258945
1779444585.396,/benchmark/inference_ms,24.724859
1779444585.439,/benchmark/inference_ms,26.809549
1779444585.483,/benchmark/inference_ms,25.236200
1779444585.526,/benchmark/inference_ms,26.100317
1779444585.569,/benchmark/inference_ms,24.502518
1779444585.614,/benchmark/inference_ms,26.478790
1779444585.657,/benchmark/inference_ms,25.417389
1779444585.705,/benchmark/inference_ms,25.784470
1779444585.745,/benchmark/inference_ms,25.196232
1779444585.788,/benchmark/inference_ms,26.604776
1779444585.831,/benchmark/inference_ms,25.091013
1779444585.875,/benchmark/inference_ms,26.414436
1779444585.919,/benchmark/inference_ms,25.272329
1779444585.962,/benchmark/inference_ms,25.998779
1779444586.008,/benchmark/inference_ms,24.755068
1779444586.049,/benchmark/inference_ms,26.495813
1779444586.093,/benchmark/inference_ms,25.303144
1779444586.136,/benchmark/inference_ms,26.097755
1779444586.180,/benchmark/inference_ms,24.494452
1779444586.223,/benchmark/inference_ms,26.425507
1779444586.266,/benchmark/inference_ms,25.220007
1779444586.311,/benchmark/inference_ms,26.012344
1779444586.355,/benchmark/inference_ms,25.316170
1779444586.398,/benchmark/inference_ms,26.277344
1779444586.458,/benchmark/inference_ms,24.867294
1779444586.509,/benchmark/inference_ms,32.728188
1779444586.553,/benchmark/inference_ms,25.016001
1779444586.597,/benchmark/inference_ms,26.919535
1779444586.640,/benchmark/inference_ms,25.196262
1779444586.684,/benchmark/inference_ms,25.648560
1779444586.727,/benchmark/inference_ms,25.295656
1779444586.769,/benchmark/inference_ms,26.227102
1779444586.813,/benchmark/inference_ms,25.380970
1779444586.857,/benchmark/inference_ms,25.938105
1779444586.900,/benchmark/inference_ms,24.737082
1779444586.945,/benchmark/inference_ms,26.391972
1779444406.875,/benchmark/latency_ms,79.284775
1779444406.919,/benchmark/latency_ms,70.747955
1779444406.975,/benchmark/latency_ms,88.165634
1779444407.006,/benchmark/latency_ms,78.654900
1779444407.054,/benchmark/latency_ms,67.579941
1779444407.094,/benchmark/latency_ms,83.600731
1779444407.145,/benchmark/latency_ms,72.621460
1779444407.177,/benchmark/latency_ms,88.231842
1779444407.218,/benchmark/latency_ms,76.805222
1779444407.272,/benchmark/latency_ms,66.757217
1779444407.303,/benchmark/latency_ms,82.021126
1779444407.345,/benchmark/latency_ms,70.359749
1779444407.398,/benchmark/latency_ms,86.125397
1779444407.441,/benchmark/latency_ms,74.878632
1779444407.482,/benchmark/latency_ms,90.666870
1779444407.514,/benchmark/latency_ms,80.505486
1779444407.557,/benchmark/latency_ms,69.067413
1779444407.597,/benchmark/latency_ms,84.888138
1779444407.641,/benchmark/latency_ms,74.699745
1779444407.682,/benchmark/latency_ms,90.689301
1779444407.724,/benchmark/latency_ms,80.302406
1779444407.778,/benchmark/latency_ms,70.117241
1779444407.809,/benchmark/latency_ms,86.865547
1779444407.856,/benchmark/latency_ms,77.980530
1779444407.898,/benchmark/latency_ms,74.227409
1779444407.951,/benchmark/latency_ms,69.228378
1779444407.982,/benchmark/latency_ms,87.886902
1779444408.026,/benchmark/latency_ms,76.822189
1779444408.080,/benchmark/latency_ms,67.499519
1779444408.115,/benchmark/latency_ms,85.334320
1779444408.158,/benchmark/latency_ms,81.599083
1779444408.211,/benchmark/latency_ms,76.249710
1779444408.243,/benchmark/latency_ms,67.019463
1779444408.283,/benchmark/latency_ms,82.587120
1779444408.325,/benchmark/latency_ms,71.776817
1779444408.379,/benchmark/latency_ms,88.391937
1779444408.411,/benchmark/latency_ms,78.632584
1779444408.454,/benchmark/latency_ms,69.034225
1779444408.497,/benchmark/latency_ms,86.790154
1779444408.544,/benchmark/latency_ms,79.158485
1779444408.583,/benchmark/latency_ms,70.912399
1779444408.627,/benchmark/latency_ms,88.847343
1779444408.669,/benchmark/latency_ms,80.329597
1779444408.714,/benchmark/latency_ms,73.214149
1779444408.758,/benchmark/latency_ms,66.731232
1779444408.799,/benchmark/latency_ms,84.145958
1779444408.842,/benchmark/latency_ms,76.024139
1779444408.885,/benchmark/latency_ms,68.714500
1779444408.930,/benchmark/latency_ms,86.688965
1779444408.982,/benchmark/latency_ms,79.420479
1779444409.018,/benchmark/latency_ms,71.696274
1779444409.057,/benchmark/latency_ms,89.384705
1779444409.100,/benchmark/latency_ms,81.733772
1779444409.154,/benchmark/latency_ms,74.436455
1779444409.186,/benchmark/latency_ms,66.813210
1779444409.237,/benchmark/latency_ms,84.560944
1779444409.272,/benchmark/latency_ms,77.027557
1779444409.315,/benchmark/latency_ms,69.774979
1779444409.371,/benchmark/latency_ms,86.864929
1779444409.402,/benchmark/latency_ms,79.244888
1779444409.456,/benchmark/latency_ms,69.926697
1779444409.488,/benchmark/latency_ms,88.133362
1779444409.542,/benchmark/latency_ms,80.296150
1779444409.573,/benchmark/latency_ms,72.787407
1779444409.618,/benchmark/latency_ms,65.302696
1779444409.659,/benchmark/latency_ms,83.198883
1779444409.704,/benchmark/latency_ms,75.259148
1779444409.746,/benchmark/latency_ms,68.705406
1779444409.789,/benchmark/latency_ms,86.630363
1779444409.832,/benchmark/latency_ms,78.783714
1779444409.874,/benchmark/latency_ms,70.076492
1779444409.918,/benchmark/latency_ms,88.339127
1779444409.962,/benchmark/latency_ms,80.549126
1779444410.005,/benchmark/latency_ms,74.488747
1779444410.055,/benchmark/latency_ms,66.394669
1779444410.091,/benchmark/latency_ms,83.374557
1779444410.135,/benchmark/latency_ms,74.969528
1779444410.179,/benchmark/latency_ms,67.158180
1779444410.220,/benchmark/latency_ms,84.235619
1779444410.274,/benchmark/latency_ms,75.956696
1779444410.307,/benchmark/latency_ms,67.536209
1779444410.350,/benchmark/latency_ms,85.096123
1779444410.392,/benchmark/latency_ms,77.337387
1779444410.434,/benchmark/latency_ms,69.483383
1779444410.478,/benchmark/latency_ms,87.704666
1779444410.524,/benchmark/latency_ms,80.054382
1779444410.564,/benchmark/latency_ms,70.705086
1779444410.607,/benchmark/latency_ms,88.960999
1779444410.661,/benchmark/latency_ms,80.887657
1779444410.693,/benchmark/latency_ms,73.152245
1779444410.736,/benchmark/latency_ms,91.099663
1779444410.781,/benchmark/latency_ms,82.951988
1779444410.835,/benchmark/latency_ms,74.329666
1779444410.866,/benchmark/latency_ms,66.963455
1779444410.922,/benchmark/latency_ms,84.310211
1779444410.963,/benchmark/latency_ms,77.235558
1779444411.007,/benchmark/latency_ms,68.261833
1779444411.041,/benchmark/latency_ms,86.854683
1779444411.081,/benchmark/latency_ms,77.181282
1779444411.135,/benchmark/latency_ms,69.339050
1779444411.169,/benchmark/latency_ms,87.902077
1779444411.211,/benchmark/latency_ms,80.648956
1779444411.254,/benchmark/latency_ms,72.278740
1779444411.297,/benchmark/latency_ms,90.724762
1779444411.342,/benchmark/latency_ms,82.536095
1779444411.384,/benchmark/latency_ms,75.166359
1779444411.428,/benchmark/latency_ms,91.734978
1779444411.482,/benchmark/latency_ms,84.187157
1779444411.511,/benchmark/latency_ms,75.808525
1779444411.556,/benchmark/latency_ms,67.715477
1779444411.601,/benchmark/latency_ms,85.981812
1779444411.643,/benchmark/latency_ms,78.522865
1779444411.687,/benchmark/latency_ms,70.920227
1779444411.734,/benchmark/latency_ms,89.278923
1779444411.774,/benchmark/latency_ms,80.317841
1779444411.816,/benchmark/latency_ms,72.474457
1779444411.858,/benchmark/latency_ms,65.335388
1779444411.902,/benchmark/latency_ms,82.696259
1779444411.943,/benchmark/latency_ms,74.683563
1779444411.987,/benchmark/latency_ms,67.478539
1779444412.030,/benchmark/latency_ms,85.436867
1779444412.073,/benchmark/latency_ms,77.266083
1779444412.116,/benchmark/latency_ms,69.129951
1779444412.161,/benchmark/latency_ms,89.137917
1779444412.204,/benchmark/latency_ms,80.521042
1779444412.248,/benchmark/latency_ms,73.757507
1779444412.291,/benchmark/latency_ms,66.144730
1779444412.334,/benchmark/latency_ms,83.215118
1779444412.388,/benchmark/latency_ms,75.531586
1779444412.431,/benchmark/latency_ms,68.324287
1779444412.465,/benchmark/latency_ms,86.181908
1779444412.508,/benchmark/latency_ms,78.288033
1779444412.553,/benchmark/latency_ms,70.220200
1779444412.591,/benchmark/latency_ms,88.412392
1779444412.646,/benchmark/latency_ms,80.512306
1779444412.680,/benchmark/latency_ms,73.256752
1779444412.723,/benchmark/latency_ms,65.563293
1779444412.766,/benchmark/latency_ms,83.661278
1779444412.818,/benchmark/latency_ms,75.896751
1779444412.851,/benchmark/latency_ms,68.501930
1779444412.906,/benchmark/latency_ms,86.127350
1779444412.947,/benchmark/latency_ms,78.063995
1779444412.979,/benchmark/latency_ms,70.504944
1779444413.037,/benchmark/latency_ms,88.929176
1779444413.065,/benchmark/latency_ms,81.144836
1779444413.108,/benchmark/latency_ms,73.104073
1779444413.152,/benchmark/latency_ms,90.459396
1779444413.194,/benchmark/latency_ms,82.698586
1779444413.237,/benchmark/latency_ms,75.725983
1779444413.279,/benchmark/latency_ms,67.965012
1779444413.323,/benchmark/latency_ms,85.633690
1779444413.366,/benchmark/latency_ms,78.253914
1779444413.410,/benchmark/latency_ms,70.446121
1779444413.453,/benchmark/latency_ms,88.535873
1779444413.494,/benchmark/latency_ms,80.736877
1779444413.536,/benchmark/latency_ms,72.359016
1779444413.581,/benchmark/latency_ms,90.283043
1779444413.622,/benchmark/latency_ms,82.064735
1779444413.664,/benchmark/latency_ms,73.581879
1779444413.718,/benchmark/latency_ms,65.711647
1779444413.751,/benchmark/latency_ms,82.850586
1779444413.792,/benchmark/latency_ms,75.106346
1779444413.835,/benchmark/latency_ms,66.673668
1779444413.878,/benchmark/latency_ms,84.661789
1779444413.922,/benchmark/latency_ms,76.431480
1779444413.963,/benchmark/latency_ms,69.038292
1779444414.008,/benchmark/latency_ms,86.771111
1779444414.053,/benchmark/latency_ms,78.808624
1779444414.094,/benchmark/latency_ms,70.672142
1779444414.137,/benchmark/latency_ms,88.643776
1779444414.178,/benchmark/latency_ms,80.336800
1779444414.222,/benchmark/latency_ms,72.909241
1779444414.265,/benchmark/latency_ms,64.570679
1779444414.307,/benchmark/latency_ms,82.147552
1779444414.348,/benchmark/latency_ms,70.338913
1779444414.401,/benchmark/latency_ms,86.066696
1779444414.432,/benchmark/latency_ms,75.368622
1779444414.475,/benchmark/latency_ms,66.533432
1779444414.525,/benchmark/latency_ms,86.677467
1779444414.562,/benchmark/latency_ms,81.018196
1779444414.604,/benchmark/latency_ms,69.459038
1779444414.646,/benchmark/latency_ms,85.876190
1779444414.690,/benchmark/latency_ms,76.604988
1779444414.733,/benchmark/latency_ms,70.459557
1779444414.776,/benchmark/latency_ms,66.816711
1779444414.822,/benchmark/latency_ms,88.414711
1779444414.865,/benchmark/latency_ms,84.208771
1779444414.909,/benchmark/latency_ms,81.206299
1779444414.963,/benchmark/latency_ms,77.203186
1779444414.996,/benchmark/latency_ms,74.068802
1779444415.041,/benchmark/latency_ms,70.407684
1779444415.084,/benchmark/latency_ms,67.816353
1779444415.127,/benchmark/latency_ms,64.472778
1779444415.171,/benchmark/latency_ms,84.711060
1779444415.214,/benchmark/latency_ms,81.300697
1779444415.258,/benchmark/latency_ms,77.562553
1779444415.303,/benchmark/latency_ms,74.091324
1779444415.347,/benchmark/latency_ms,70.977486
1779444415.391,/benchmark/latency_ms,67.957993
1779444415.446,/benchmark/latency_ms,65.373009
1779444415.479,/benchmark/latency_ms,86.088066
1779444415.523,/benchmark/latency_ms,80.985420
1779444415.563,/benchmark/latency_ms,72.108696
1779444415.616,/benchmark/latency_ms,88.609787
1779444415.648,/benchmark/latency_ms,79.820137
1779444415.703,/benchmark/latency_ms,73.869682
1779444415.736,/benchmark/latency_ms,70.906670
1779444415.780,/benchmark/latency_ms,67.843811
1779444415.824,/benchmark/latency_ms,64.784218
1779444415.870,/benchmark/latency_ms,85.602989
1779444415.914,/benchmark/latency_ms,81.603745
1779444415.958,/benchmark/latency_ms,78.230415
1779444416.011,/benchmark/latency_ms,74.109436
1779444416.043,/benchmark/latency_ms,66.472054
1779444416.083,/benchmark/latency_ms,82.323547
1779444416.125,/benchmark/latency_ms,71.916397
1779444416.167,/benchmark/latency_ms,88.397835
1779444416.210,/benchmark/latency_ms,78.933472
1779444416.263,/benchmark/latency_ms,68.809151
1779444416.296,/benchmark/latency_ms,87.014458
1779444416.340,/benchmark/latency_ms,81.538910
1779444416.386,/benchmark/latency_ms,77.886169
1779444416.428,/benchmark/latency_ms,73.215958
1779444416.471,/benchmark/latency_ms,68.976807
1779444416.513,/benchmark/latency_ms,87.299011
1779444416.556,/benchmark/latency_ms,78.623764
1779444416.598,/benchmark/latency_ms,67.919876
1779444416.642,/benchmark/latency_ms,84.439331
1779444416.693,/benchmark/latency_ms,73.766029
1779444416.729,/benchmark/latency_ms,89.859772
1779444416.767,/benchmark/latency_ms,105.995796
1779444416.821,/benchmark/latency_ms,72.333176
1779444416.862,/benchmark/latency_ms,88.872604
1779444416.895,/benchmark/latency_ms,79.824417
1779444416.936,/benchmark/latency_ms,72.049614
1779444416.981,/benchmark/latency_ms,66.815384
1779444417.029,/benchmark/latency_ms,64.964279
1779444417.074,/benchmark/latency_ms,83.582787
1779444417.115,/benchmark/latency_ms,77.215935
1779444417.158,/benchmark/latency_ms,71.720772
1779444417.200,/benchmark/latency_ms,65.521286
1779444417.259,/benchmark/latency_ms,64.853775
1779444417.291,/benchmark/latency_ms,83.992683
1779444417.334,/benchmark/latency_ms,79.072227
1779444417.379,/benchmark/latency_ms,73.899368
1779444417.419,/benchmark/latency_ms,68.252457
1779444417.463,/benchmark/latency_ms,86.855728
1779444417.507,/benchmark/latency_ms,81.205864
1779444417.549,/benchmark/latency_ms,75.923286
1779444417.592,/benchmark/latency_ms,70.997803
1779444417.636,/benchmark/latency_ms,65.973015
1779444417.679,/benchmark/latency_ms,84.687111
1779444417.722,/benchmark/latency_ms,78.638130
1779444417.767,/benchmark/latency_ms,73.522110
1779444417.808,/benchmark/latency_ms,67.596558
1779444417.852,/benchmark/latency_ms,86.691719
1779444417.896,/benchmark/latency_ms,80.186150
1779444417.939,/benchmark/latency_ms,75.612747
1779444417.982,/benchmark/latency_ms,69.977448
1779444418.026,/benchmark/latency_ms,88.536713
1779444418.069,/benchmark/latency_ms,80.230408
1779444418.113,/benchmark/latency_ms,73.297173
1779444418.155,/benchmark/latency_ms,90.875793
1779444418.198,/benchmark/latency_ms,83.003334
1779444418.253,/benchmark/latency_ms,75.069099
1779444418.284,/benchmark/latency_ms,67.718414
1779444418.327,/benchmark/latency_ms,85.423187
1779444418.370,/benchmark/latency_ms,77.772652
1779444418.412,/benchmark/latency_ms,69.601776
1779444418.455,/benchmark/latency_ms,88.611717
1779444418.501,/benchmark/latency_ms,80.491211
1779444418.543,/benchmark/latency_ms,73.386040
1779444418.588,/benchmark/latency_ms,66.064697
1779444418.631,/benchmark/latency_ms,85.319473
1779444418.674,/benchmark/latency_ms,77.641510
1779444418.718,/benchmark/latency_ms,70.618134
1779444418.762,/benchmark/latency_ms,89.578568
1779444418.817,/benchmark/latency_ms,82.150856
1779444418.848,/benchmark/latency_ms,74.631874
1779444418.893,/benchmark/latency_ms,66.660683
1779444418.935,/benchmark/latency_ms,84.941673
1779444418.980,/benchmark/latency_ms,78.192894
1779444419.021,/benchmark/latency_ms,70.369164
1779444419.066,/benchmark/latency_ms,89.019669
1779444419.110,/benchmark/latency_ms,80.940536
1779444419.152,/benchmark/latency_ms,73.904640
1779444419.196,/benchmark/latency_ms,66.475395
1779444419.239,/benchmark/latency_ms,84.611221
1779444419.282,/benchmark/latency_ms,76.641441
1779444419.327,/benchmark/latency_ms,69.353188
1779444419.369,/benchmark/latency_ms,88.027916
1779444419.413,/benchmark/latency_ms,80.753426
1779444419.457,/benchmark/latency_ms,73.305199
1779444419.499,/benchmark/latency_ms,66.299034
1779444419.544,/benchmark/latency_ms,85.144516
1779444419.586,/benchmark/latency_ms,78.961235
1779444419.629,/benchmark/latency_ms,71.858749
1779444419.673,/benchmark/latency_ms,65.583389
1779444419.717,/benchmark/latency_ms,84.664055
1779444419.762,/benchmark/latency_ms,78.154388
1779444419.803,/benchmark/latency_ms,71.174599
1779444419.850,/benchmark/latency_ms,91.991447
1779444419.893,/benchmark/latency_ms,85.984039
1779444419.939,/benchmark/latency_ms,80.511398
1779444419.980,/benchmark/latency_ms,74.737053
1779444420.025,/benchmark/latency_ms,70.366821
1779444420.069,/benchmark/latency_ms,66.537987
1779444420.113,/benchmark/latency_ms,86.573265
1779444420.155,/benchmark/latency_ms,80.991058
1779444420.200,/benchmark/latency_ms,75.256943
1779444420.245,/benchmark/latency_ms,70.239929
1779444420.286,/benchmark/latency_ms,65.011749
1779444420.329,/benchmark/latency_ms,84.332962
1779444420.372,/benchmark/latency_ms,79.643845
1779444420.426,/benchmark/latency_ms,73.762299
1779444420.458,/benchmark/latency_ms,68.307388
1779444420.501,/benchmark/latency_ms,87.055428
1779444420.544,/benchmark/latency_ms,81.972885
1779444420.589,/benchmark/latency_ms,76.743324
1779444420.631,/benchmark/latency_ms,72.227364
1779444420.685,/benchmark/latency_ms,67.728745
1779444420.721,/benchmark/latency_ms,88.856003
1779444420.764,/benchmark/latency_ms,80.726341
1779444420.808,/benchmark/latency_ms,72.712341
1779444420.850,/benchmark/latency_ms,90.259247
1779444420.893,/benchmark/latency_ms,81.508934
1779444420.935,/benchmark/latency_ms,71.024117
1779444420.979,/benchmark/latency_ms,88.957253
1779444421.023,/benchmark/latency_ms,105.855888
1779444421.066,/benchmark/latency_ms,71.713295
1779444421.107,/benchmark/latency_ms,88.181221
1779444421.152,/benchmark/latency_ms,79.723419
1779444421.194,/benchmark/latency_ms,70.546593
1779444421.239,/benchmark/latency_ms,90.282829
1779444421.295,/benchmark/latency_ms,84.866898
1779444421.330,/benchmark/latency_ms,81.190453
1779444421.372,/benchmark/latency_ms,75.542351
1779444421.416,/benchmark/latency_ms,68.827240
1779444421.458,/benchmark/latency_ms,88.250793
1779444421.501,/benchmark/latency_ms,81.727875
1779444421.547,/benchmark/latency_ms,73.873688
1779444421.590,/benchmark/latency_ms,67.468185
1779444421.633,/benchmark/latency_ms,85.604874
1779444421.676,/benchmark/latency_ms,77.945702
1779444421.719,/benchmark/latency_ms,70.576164
1779444421.762,/benchmark/latency_ms,89.137222
1779444421.807,/benchmark/latency_ms,81.842918
1779444421.849,/benchmark/latency_ms,76.090820
1779444421.893,/benchmark/latency_ms,69.039024
1779444421.937,/benchmark/latency_ms,88.160454
1779444421.978,/benchmark/latency_ms,80.649155
1779444422.023,/benchmark/latency_ms,74.507339
1779444422.066,/benchmark/latency_ms,67.547867
1779444422.108,/benchmark/latency_ms,86.235703
1779444422.151,/benchmark/latency_ms,78.204453
1779444422.194,/benchmark/latency_ms,71.035980
1779444422.249,/benchmark/latency_ms,88.208923
1779444422.292,/benchmark/latency_ms,80.511665
1779444422.335,/benchmark/latency_ms,73.057396
1779444422.368,/benchmark/latency_ms,66.597687
1779444422.412,/benchmark/latency_ms,84.902863
1779444422.455,/benchmark/latency_ms,77.895386
1779444422.497,/benchmark/latency_ms,70.253975
1779444422.542,/benchmark/latency_ms,89.453285
1779444422.584,/benchmark/latency_ms,82.033997
1779444422.629,/benchmark/latency_ms,74.686348
1779444422.671,/benchmark/latency_ms,68.237648
1779444422.718,/benchmark/latency_ms,88.953590
1779444422.762,/benchmark/latency_ms,83.387894
1779444422.803,/benchmark/latency_ms,77.970528
1779444422.847,/benchmark/latency_ms,73.488007
1779444422.890,/benchmark/latency_ms,67.715515
1779444422.930,/benchmark/latency_ms,86.553955
1779444422.977,/benchmark/latency_ms,84.231926
1779444423.022,/benchmark/latency_ms,79.925346
1779444423.064,/benchmark/latency_ms,74.898415
1779444423.108,/benchmark/latency_ms,70.000740
1779444423.165,/benchmark/latency_ms,89.456581
1779444423.195,/benchmark/latency_ms,81.113220
1779444423.238,/benchmark/latency_ms,71.885605
1779444423.281,/benchmark/latency_ms,65.518990
1779444423.335,/benchmark/latency_ms,84.174507
1779444423.367,/benchmark/latency_ms,78.206047
1779444423.410,/benchmark/latency_ms,72.882599
1779444423.454,/benchmark/latency_ms,66.809883
1779444423.495,/benchmark/latency_ms,85.557022
1779444423.539,/benchmark/latency_ms,81.190918
1779444423.583,/benchmark/latency_ms,75.114838
1779444423.626,/benchmark/latency_ms,91.139488
1779444423.669,/benchmark/latency_ms,81.679291
1779444423.713,/benchmark/latency_ms,76.385757
1779444423.758,/benchmark/latency_ms,71.097130
1779444423.799,/benchmark/latency_ms,65.221123
1779444423.843,/benchmark/latency_ms,85.265076
1779444423.884,/benchmark/latency_ms,77.941658
1779444423.927,/benchmark/latency_ms,71.059181
1779444423.970,/benchmark/latency_ms,66.000122
1779444424.017,/benchmark/latency_ms,85.639938
1779444424.058,/benchmark/latency_ms,80.434059
1779444424.100,/benchmark/latency_ms,75.257523
1779444424.143,/benchmark/latency_ms,69.514381
1779444424.188,/benchmark/latency_ms,65.573959
1779444424.234,/benchmark/latency_ms,84.877022
1779444424.285,/benchmark/latency_ms,79.947861
1779444424.327,/benchmark/latency_ms,74.512062
1779444424.359,/benchmark/latency_ms,68.818428
1779444424.403,/benchmark/latency_ms,63.523075
1779444424.445,/benchmark/latency_ms,82.786522
1779444424.488,/benchmark/latency_ms,78.107384
1779444424.533,/benchmark/latency_ms,73.694496
1779444424.576,/benchmark/latency_ms,68.221413
1779444424.618,/benchmark/latency_ms,87.402870
1779444424.662,/benchmark/latency_ms,81.865051
1779444424.705,/benchmark/latency_ms,77.143097
1779444424.747,/benchmark/latency_ms,71.258217
1779444424.801,/benchmark/latency_ms,66.489197
1779444424.845,/benchmark/latency_ms,86.095879
1779444424.877,/benchmark/latency_ms,80.542633
1779444424.922,/benchmark/latency_ms,74.841766
1779444424.965,/benchmark/latency_ms,69.335335
1779444425.007,/benchmark/latency_ms,64.117142
1779444425.048,/benchmark/latency_ms,83.253380
1779444425.093,/benchmark/latency_ms,77.166481
1779444425.137,/benchmark/latency_ms,74.353714
1779444425.179,/benchmark/latency_ms,70.635246
1779444425.223,/benchmark/latency_ms,89.991013
1779444425.265,/benchmark/latency_ms,81.530823
1779444425.308,/benchmark/latency_ms,73.301193
1779444425.350,/benchmark/latency_ms,63.470589
1779444425.392,/benchmark/latency_ms,80.442657
1779444425.434,/benchmark/latency_ms,71.521133
1779444425.476,/benchmark/latency_ms,88.262505
1779444425.523,/benchmark/latency_ms,79.679977
1779444425.561,/benchmark/latency_ms,71.687607
1779444425.600,/benchmark/latency_ms,63.171825
1779444425.647,/benchmark/latency_ms,81.387711
1779444425.689,/benchmark/latency_ms,74.782593
1779444425.733,/benchmark/latency_ms,69.218559
1779444425.777,/benchmark/latency_ms,88.262543
1779444425.820,/benchmark/latency_ms,79.746796
1779444425.863,/benchmark/latency_ms,74.427544
1779444425.906,/benchmark/latency_ms,68.873177
1779444425.949,/benchmark/latency_ms,63.925549
1779444425.993,/benchmark/latency_ms,82.751724
1779444426.035,/benchmark/latency_ms,77.741058
1779444426.080,/benchmark/latency_ms,73.408943
1779444426.123,/benchmark/latency_ms,67.590439
1779444426.176,/benchmark/latency_ms,86.866516
1779444426.209,/benchmark/latency_ms,81.288277
1779444426.251,/benchmark/latency_ms,74.790329
1779444426.296,/benchmark/latency_ms,68.107063
1779444426.338,/benchmark/latency_ms,87.125755
1779444426.383,/benchmark/latency_ms,79.315224
1779444426.424,/benchmark/latency_ms,72.259109
1779444426.469,/benchmark/latency_ms,91.032936
1779444426.515,/benchmark/latency_ms,84.264282
1779444426.567,/benchmark/latency_ms,77.110764
1779444426.600,/benchmark/latency_ms,69.115639
1779444426.644,/benchmark/latency_ms,88.115585
1779444426.688,/benchmark/latency_ms,81.170738
1779444426.731,/benchmark/latency_ms,75.429359
1779444426.776,/benchmark/latency_ms,70.917366
1779444426.823,/benchmark/latency_ms,65.318489
1779444426.865,/benchmark/latency_ms,84.807823
1779444426.910,/benchmark/latency_ms,76.757759
1779444426.954,/benchmark/latency_ms,70.099129
1779444426.995,/benchmark/latency_ms,86.868858
1779444427.038,/benchmark/latency_ms,79.512794
1779444427.082,/benchmark/latency_ms,71.034966
1779444427.123,/benchmark/latency_ms,64.018440
1779444427.165,/benchmark/latency_ms,80.916359
1779444427.207,/benchmark/latency_ms,71.694511
1779444427.251,/benchmark/latency_ms,88.721519
1779444427.295,/benchmark/latency_ms,80.327057
1779444427.335,/benchmark/latency_ms,69.753418
1779444427.377,/benchmark/latency_ms,85.657799
1779444427.430,/benchmark/latency_ms,75.326759
1779444427.463,/benchmark/latency_ms,65.532761
1779444427.504,/benchmark/latency_ms,81.982727
1779444427.547,/benchmark/latency_ms,72.286209
1779444427.592,/benchmark/latency_ms,89.355042
1779444427.644,/benchmark/latency_ms,79.342995
1779444427.676,/benchmark/latency_ms,69.022415
1779444427.720,/benchmark/latency_ms,85.831825
1779444427.763,/benchmark/latency_ms,75.700691
1779444427.804,/benchmark/latency_ms,66.472984
1779444427.848,/benchmark/latency_ms,82.520058
1779444427.889,/benchmark/latency_ms,71.467400
1779444427.932,/benchmark/latency_ms,87.915833
1779444427.975,/benchmark/latency_ms,76.906494
1779444428.020,/benchmark/latency_ms,69.423134
1779444428.062,/benchmark/latency_ms,85.269524
1779444428.105,/benchmark/latency_ms,74.253761
1779444428.145,/benchmark/latency_ms,63.638130
1779444428.188,/benchmark/latency_ms,80.066048
1779444428.229,/benchmark/latency_ms,71.643272
1779444428.272,/benchmark/latency_ms,88.117783
1779444428.313,/benchmark/latency_ms,77.864220
1779444428.355,/benchmark/latency_ms,67.527832
1779444428.396,/benchmark/latency_ms,83.816612
1779444428.439,/benchmark/latency_ms,73.248444
1779444428.483,/benchmark/latency_ms,89.582085
1779444428.524,/benchmark/latency_ms,79.960800
1779444428.566,/benchmark/latency_ms,69.605988
1779444428.608,/benchmark/latency_ms,85.436440
1779444428.652,/benchmark/latency_ms,75.702126
1779444428.694,/benchmark/latency_ms,63.882942
1779444428.734,/benchmark/latency_ms,80.032257
1779444428.787,/benchmark/latency_ms,69.766632
1779444428.818,/benchmark/latency_ms,85.748199
1779444428.871,/benchmark/latency_ms,75.740211
1779444428.902,/benchmark/latency_ms,65.444305
1779444428.944,/benchmark/latency_ms,81.369934
1779444428.986,/benchmark/latency_ms,71.141655
1779444429.030,/benchmark/latency_ms,86.591072
1779444429.073,/benchmark/latency_ms,76.882675
1779444429.114,/benchmark/latency_ms,65.489838
1779444429.156,/benchmark/latency_ms,81.064766
1779444429.195,/benchmark/latency_ms,70.628220
1779444429.241,/benchmark/latency_ms,86.728386
1779444429.281,/benchmark/latency_ms,76.048210
1779444429.323,/benchmark/latency_ms,66.489616
1779444429.365,/benchmark/latency_ms,82.107231
1779444429.418,/benchmark/latency_ms,73.593605
1779444429.449,/benchmark/latency_ms,89.928909
1779444429.492,/benchmark/latency_ms,80.851929
1779444429.533,/benchmark/latency_ms,70.395638
1779444429.576,/benchmark/latency_ms,86.250542
1779444429.620,/benchmark/latency_ms,77.114998
1779444429.664,/benchmark/latency_ms,69.476562
1779444429.717,/benchmark/latency_ms,88.203316
1779444429.750,/benchmark/latency_ms,80.499756
1779444429.791,/benchmark/latency_ms,73.314140
1779444429.834,/benchmark/latency_ms,66.565109
1779444429.876,/benchmark/latency_ms,84.381363
1779444429.921,/benchmark/latency_ms,76.975479
1779444429.963,/benchmark/latency_ms,68.807297
1779444430.009,/benchmark/latency_ms,87.877831
1779444430.050,/benchmark/latency_ms,80.761108
1779444430.093,/benchmark/latency_ms,73.328468
1779444430.135,/benchmark/latency_ms,66.598351
1779444430.179,/benchmark/latency_ms,85.798615
1779444430.222,/benchmark/latency_ms,80.342941
1779444430.266,/benchmark/latency_ms,75.700104
1779444430.308,/benchmark/latency_ms,69.143494
1779444430.350,/benchmark/latency_ms,64.138939
1779444430.391,/benchmark/latency_ms,82.532875
1779444430.435,/benchmark/latency_ms,77.120598
1779444430.478,/benchmark/latency_ms,71.446678
1779444430.522,/benchmark/latency_ms,66.101952
1779444430.565,/benchmark/latency_ms,85.080063
1779444430.607,/benchmark/latency_ms,78.782249
1779444430.654,/benchmark/latency_ms,73.419128
1779444430.694,/benchmark/latency_ms,66.272743
1779444430.736,/benchmark/latency_ms,82.486504
1779444430.779,/benchmark/latency_ms,75.198837
1779444430.821,/benchmark/latency_ms,68.775932
1779444430.864,/benchmark/latency_ms,87.444016
1779444430.908,/benchmark/latency_ms,81.222626
1779444430.949,/benchmark/latency_ms,76.052147
1779444430.993,/benchmark/latency_ms,70.805275
1779444431.035,/benchmark/latency_ms,66.069756
1779444431.078,/benchmark/latency_ms,86.028702
1779444431.121,/benchmark/latency_ms,80.352570
1779444431.165,/benchmark/latency_ms,74.356239
1779444431.207,/benchmark/latency_ms,68.632050
1779444431.254,/benchmark/latency_ms,91.067589
1779444431.309,/benchmark/latency_ms,88.453964
1779444431.342,/benchmark/latency_ms,81.029045
1779444431.384,/benchmark/latency_ms,72.675575
1779444431.429,/benchmark/latency_ms,65.298561
1779444431.471,/benchmark/latency_ms,84.732109
1779444431.515,/benchmark/latency_ms,78.083084
1779444431.559,/benchmark/latency_ms,71.134338
1779444431.599,/benchmark/latency_ms,87.206306
1779444431.651,/benchmark/latency_ms,79.496513
1779444431.681,/benchmark/latency_ms,68.550415
1779444431.729,/benchmark/latency_ms,84.436073
1779444431.766,/benchmark/latency_ms,73.147720
1779444431.807,/benchmark/latency_ms,90.198341
1779444431.851,/benchmark/latency_ms,80.344383
1779444431.892,/benchmark/latency_ms,73.200333
1779444431.934,/benchmark/latency_ms,67.053467
1779444431.978,/benchmark/latency_ms,85.999710
1779444432.019,/benchmark/latency_ms,80.649704
1779444432.062,/benchmark/latency_ms,75.419472
1779444432.105,/benchmark/latency_ms,69.322784
1779444432.146,/benchmark/latency_ms,64.642944
1779444432.190,/benchmark/latency_ms,84.054771
1779444432.233,/benchmark/latency_ms,79.345490
1779444432.276,/benchmark/latency_ms,73.737465
1779444432.320,/benchmark/latency_ms,67.950256
1779444432.361,/benchmark/latency_ms,86.793297
1779444432.406,/benchmark/latency_ms,81.758820
1779444432.447,/benchmark/latency_ms,76.178024
1779444432.501,/benchmark/latency_ms,70.959930
1779444432.533,/benchmark/latency_ms,65.944847
1779444432.578,/benchmark/latency_ms,85.390244
1779444432.620,/benchmark/latency_ms,80.051888
1779444432.660,/benchmark/latency_ms,74.263596
1779444432.701,/benchmark/latency_ms,68.295677
1779444432.748,/benchmark/latency_ms,63.770119
1779444432.791,/benchmark/latency_ms,82.670914
1779444432.832,/benchmark/latency_ms,77.236237
1779444432.875,/benchmark/latency_ms,71.683952
1779444432.919,/benchmark/latency_ms,66.442528
1779444432.961,/benchmark/latency_ms,85.342560
1779444433.005,/benchmark/latency_ms,79.681503
1779444433.047,/benchmark/latency_ms,73.503212
1779444433.088,/benchmark/latency_ms,67.679237
1779444433.131,/benchmark/latency_ms,86.490753
1779444433.175,/benchmark/latency_ms,80.615227
1779444433.216,/benchmark/latency_ms,74.583794
1779444433.258,/benchmark/latency_ms,67.667816
1779444433.301,/benchmark/latency_ms,86.551231
1779444433.346,/benchmark/latency_ms,81.133415
1779444433.387,/benchmark/latency_ms,74.419014
1779444433.429,/benchmark/latency_ms,68.026382
1779444433.474,/benchmark/latency_ms,87.411072
1779444433.517,/benchmark/latency_ms,83.097229
1779444433.558,/benchmark/latency_ms,73.366791
1779444433.604,/benchmark/latency_ms,65.767845
1779444433.644,/benchmark/latency_ms,84.668739
1779444433.690,/benchmark/latency_ms,80.346031
1779444433.731,/benchmark/latency_ms,74.706261
1779444433.775,/benchmark/latency_ms,69.005142
1779444433.819,/benchmark/latency_ms,63.728832
1779444433.860,/benchmark/latency_ms,82.162224
1779444433.903,/benchmark/latency_ms,76.544846
1779444433.946,/benchmark/latency_ms,71.116982
1779444433.989,/benchmark/latency_ms,65.555580
1779444434.032,/benchmark/latency_ms,85.142639
1779444434.075,/benchmark/latency_ms,79.393417
1779444434.118,/benchmark/latency_ms,74.163452
1779444434.171,/benchmark/latency_ms,67.870567
1779444434.203,/benchmark/latency_ms,86.068169
1779444434.245,/benchmark/latency_ms,79.556847
1779444434.288,/benchmark/latency_ms,74.509796
1779444434.341,/benchmark/latency_ms,67.876137
1779444434.384,/benchmark/latency_ms,86.712799
1779444434.416,/benchmark/latency_ms,81.174339
1779444434.460,/benchmark/latency_ms,75.693550
1779444434.505,/benchmark/latency_ms,74.275200
1779444434.548,/benchmark/latency_ms,69.681030
1779444434.595,/benchmark/latency_ms,65.576668
1779444434.637,/benchmark/latency_ms,84.928421
1779444434.681,/benchmark/latency_ms,79.585396
1779444434.724,/benchmark/latency_ms,71.890961
1779444434.766,/benchmark/latency_ms,90.639236
1779444434.811,/benchmark/latency_ms,83.655640
1779444434.852,/benchmark/latency_ms,76.526794
1779444434.897,/benchmark/latency_ms,69.724709
1779444434.941,/benchmark/latency_ms,88.715271
1779444434.995,/benchmark/latency_ms,81.858299
1779444435.028,/benchmark/latency_ms,74.133499
1779444435.080,/benchmark/latency_ms,67.853218
1779444435.112,/benchmark/latency_ms,85.719612
1779444435.156,/benchmark/latency_ms,78.449379
1779444435.199,/benchmark/latency_ms,70.639679
1779444435.240,/benchmark/latency_ms,89.145645
1779444435.296,/benchmark/latency_ms,81.952408
1779444435.330,/benchmark/latency_ms,75.528229
1779444435.371,/benchmark/latency_ms,67.680122
1779444435.414,/benchmark/latency_ms,85.160133
1779444435.456,/benchmark/latency_ms,77.621544
1779444435.499,/benchmark/latency_ms,70.960457
1779444435.543,/benchmark/latency_ms,90.010284
1779444435.588,/benchmark/latency_ms,83.291397
1779444435.630,/benchmark/latency_ms,76.402557
1779444435.673,/benchmark/latency_ms,69.658051
1779444435.717,/benchmark/latency_ms,88.122765
1779444435.759,/benchmark/latency_ms,80.294662
1779444435.804,/benchmark/latency_ms,73.275764
1779444435.849,/benchmark/latency_ms,67.953125
1779444435.893,/benchmark/latency_ms,87.223114
1779444435.947,/benchmark/latency_ms,80.268707
1779444435.979,/benchmark/latency_ms,72.576416
1779444436.022,/benchmark/latency_ms,66.160042
1779444436.064,/benchmark/latency_ms,84.342346
1779444436.107,/benchmark/latency_ms,77.915565
1779444436.150,/benchmark/latency_ms,72.710304
1779444436.192,/benchmark/latency_ms,66.836029
1779444436.236,/benchmark/latency_ms,86.301674
1779444436.280,/benchmark/latency_ms,79.970863
1779444436.333,/benchmark/latency_ms,73.282036
1779444436.367,/benchmark/latency_ms,66.724052
1779444436.411,/benchmark/latency_ms,63.840694
1779444436.453,/benchmark/latency_ms,85.195877
1779444436.496,/benchmark/latency_ms,81.376419
1779444436.542,/benchmark/latency_ms,77.084724
1779444436.584,/benchmark/latency_ms,72.080650
1779444436.628,/benchmark/latency_ms,93.061287
1779444436.691,/benchmark/latency_ms,64.470604
1779444436.715,/benchmark/latency_ms,85.089951
1779444436.761,/benchmark/latency_ms,82.673676
1779444436.805,/benchmark/latency_ms,78.836624
1779444436.849,/benchmark/latency_ms,75.757988
1779444436.893,/benchmark/latency_ms,73.098061
1779444436.938,/benchmark/latency_ms,69.699226
1779444436.980,/benchmark/latency_ms,66.786682
1779444437.025,/benchmark/latency_ms,64.131172
1779444437.070,/benchmark/latency_ms,85.736687
1779444437.116,/benchmark/latency_ms,82.734695
1779444437.158,/benchmark/latency_ms,78.968361
1779444437.203,/benchmark/latency_ms,75.225616
1779444437.247,/benchmark/latency_ms,72.268013
1779444437.289,/benchmark/latency_ms,69.260139
1779444437.333,/benchmark/latency_ms,66.042747
1779444437.378,/benchmark/latency_ms,86.855988
1779444437.420,/benchmark/latency_ms,83.021011
1779444437.465,/benchmark/latency_ms,77.506012
1779444437.508,/benchmark/latency_ms,71.793564
1779444437.550,/benchmark/latency_ms,67.208199
1779444437.593,/benchmark/latency_ms,86.053146
1779444437.634,/benchmark/latency_ms,75.517372
1779444437.678,/benchmark/latency_ms,66.514832
1779444437.719,/benchmark/latency_ms,82.151062
1779444437.773,/benchmark/latency_ms,72.634842
1779444437.806,/benchmark/latency_ms,64.317284
1779444437.850,/benchmark/latency_ms,84.714508
1779444437.893,/benchmark/latency_ms,80.865967
1779444437.936,/benchmark/latency_ms,76.702881
1779444437.978,/benchmark/latency_ms,67.029472
1779444438.020,/benchmark/latency_ms,85.905334
1779444438.064,/benchmark/latency_ms,77.914627
1779444438.110,/benchmark/latency_ms,73.165764
1779444438.150,/benchmark/latency_ms,67.497574
1779444438.193,/benchmark/latency_ms,87.470718
1779444438.236,/benchmark/latency_ms,79.077896
1779444438.278,/benchmark/latency_ms,69.908760
1779444438.331,/benchmark/latency_ms,86.260986
1779444438.362,/benchmark/latency_ms,76.354546
1779444438.404,/benchmark/latency_ms,66.751724
1779444438.447,/benchmark/latency_ms,83.172661
1779444438.491,/benchmark/latency_ms,73.156448
1779444438.532,/benchmark/latency_ms,90.179932
1779444438.574,/benchmark/latency_ms,79.576828
1779444438.616,/benchmark/latency_ms,69.661072
1779444438.660,/benchmark/latency_ms,85.972366
1779444438.701,/benchmark/latency_ms,75.923233
1779444438.744,/benchmark/latency_ms,65.533508
1779444438.785,/benchmark/latency_ms,81.250549
1779444438.827,/benchmark/latency_ms,71.266121
1779444438.870,/benchmark/latency_ms,87.791656
1779444438.912,/benchmark/latency_ms,77.708954
1779444438.965,/benchmark/latency_ms,67.881203
1779444438.996,/benchmark/latency_ms,83.158607
1779444439.040,/benchmark/latency_ms,73.327080
1779444439.082,/benchmark/latency_ms,88.057358
1779444439.123,/benchmark/latency_ms,78.772057
1779444439.165,/benchmark/latency_ms,68.146973
1779444439.209,/benchmark/latency_ms,83.499161
1779444439.252,/benchmark/latency_ms,73.106621
1779444439.294,/benchmark/latency_ms,89.026894
1779444439.336,/benchmark/latency_ms,79.251305
1779444439.377,/benchmark/latency_ms,68.811279
1779444439.420,/benchmark/latency_ms,84.703712
1779444439.461,/benchmark/latency_ms,75.241539
1779444439.505,/benchmark/latency_ms,65.572678
1779444439.547,/benchmark/latency_ms,81.781631
1779444439.588,/benchmark/latency_ms,71.234497
1779444439.631,/benchmark/latency_ms,88.103119
1779444439.672,/benchmark/latency_ms,78.062721
1779444439.717,/benchmark/latency_ms,68.296448
1779444439.757,/benchmark/latency_ms,84.337685
1779444439.801,/benchmark/latency_ms,73.184830
1779444439.843,/benchmark/latency_ms,89.807915
1779444439.885,/benchmark/latency_ms,80.087914
1779444439.928,/benchmark/latency_ms,69.873779
1779444439.971,/benchmark/latency_ms,86.303383
1779444440.015,/benchmark/latency_ms,75.266563
1779444440.056,/benchmark/latency_ms,91.759979
1779444440.099,/benchmark/latency_ms,82.037827
1779444440.143,/benchmark/latency_ms,73.171257
1779444440.185,/benchmark/latency_ms,88.724640
1779444440.227,/benchmark/latency_ms,77.690094
1779444440.270,/benchmark/latency_ms,68.088463
1779444440.313,/benchmark/latency_ms,84.849121
1779444440.354,/benchmark/latency_ms,74.842804
1779444440.398,/benchmark/latency_ms,91.184494
1779444440.451,/benchmark/latency_ms,80.965019
1779444440.483,/benchmark/latency_ms,71.560707
1779444440.528,/benchmark/latency_ms,87.336334
1779444440.568,/benchmark/latency_ms,77.990364
1779444440.612,/benchmark/latency_ms,68.235573
1779444440.653,/benchmark/latency_ms,84.618874
1779444440.695,/benchmark/latency_ms,74.397537
1779444440.738,/benchmark/latency_ms,90.147598
1779444440.780,/benchmark/latency_ms,80.457550
1779444440.834,/benchmark/latency_ms,69.932526
1779444440.864,/benchmark/latency_ms,85.442192
1779444440.906,/benchmark/latency_ms,74.585197
1779444440.948,/benchmark/latency_ms,64.519615
1779444440.989,/benchmark/latency_ms,81.164902
1779444441.032,/benchmark/latency_ms,70.089973
1779444441.075,/benchmark/latency_ms,85.692726
1779444441.115,/benchmark/latency_ms,74.596581
1779444441.157,/benchmark/latency_ms,66.225838
1779444441.198,/benchmark/latency_ms,82.435143
1779444441.242,/benchmark/latency_ms,74.194260
1779444441.282,/benchmark/latency_ms,65.818947
1779444441.325,/benchmark/latency_ms,83.494446
1779444441.368,/benchmark/latency_ms,75.340187
1779444441.412,/benchmark/latency_ms,67.951721
1779444441.453,/benchmark/latency_ms,86.756020
1779444441.497,/benchmark/latency_ms,81.516075
1779444441.542,/benchmark/latency_ms,78.794670
1779444441.580,/benchmark/latency_ms,74.396416
1779444441.625,/benchmark/latency_ms,68.580795
1779444441.669,/benchmark/latency_ms,87.546989
1779444441.711,/benchmark/latency_ms,82.093086
1779444441.754,/benchmark/latency_ms,77.028595
1779444441.796,/benchmark/latency_ms,70.741768
1779444441.839,/benchmark/latency_ms,64.999115
1779444441.884,/benchmark/latency_ms,84.112640
1779444441.927,/benchmark/latency_ms,78.572586
1779444441.970,/benchmark/latency_ms,73.082260
1779444442.012,/benchmark/latency_ms,67.485176
1779444442.055,/benchmark/latency_ms,86.506416
1779444442.098,/benchmark/latency_ms,80.431076
1779444442.141,/benchmark/latency_ms,74.167091
1779444442.185,/benchmark/latency_ms,67.801216
1779444442.229,/benchmark/latency_ms,86.929367
1779444442.273,/benchmark/latency_ms,81.373215
1779444442.316,/benchmark/latency_ms,74.840584
1779444442.359,/benchmark/latency_ms,68.381683
1779444442.401,/benchmark/latency_ms,86.798485
1779444442.445,/benchmark/latency_ms,81.723724
1779444442.486,/benchmark/latency_ms,76.223091
1779444442.530,/benchmark/latency_ms,71.631584
1779444442.573,/benchmark/latency_ms,66.699036
1779444442.616,/benchmark/latency_ms,85.959450
1779444442.657,/benchmark/latency_ms,80.069427
1779444442.702,/benchmark/latency_ms,75.282585
1779444442.745,/benchmark/latency_ms,69.919716
1779444442.790,/benchmark/latency_ms,65.105286
1779444442.833,/benchmark/latency_ms,84.238586
1779444442.875,/benchmark/latency_ms,78.764938
1779444442.930,/benchmark/latency_ms,72.950890
1779444442.963,/benchmark/latency_ms,68.105545
1779444443.005,/benchmark/latency_ms,87.044701
1779444443.047,/benchmark/latency_ms,81.667786
1779444443.090,/benchmark/latency_ms,76.000008
1779444443.135,/benchmark/latency_ms,71.757339
1779444443.176,/benchmark/latency_ms,66.685364
1779444443.221,/benchmark/latency_ms,85.611717
1779444443.263,/benchmark/latency_ms,80.024750
1779444443.307,/benchmark/latency_ms,75.214188
1779444443.348,/benchmark/latency_ms,69.617271
1779444443.402,/benchmark/latency_ms,64.418732
1779444443.434,/benchmark/latency_ms,83.575333
1779444443.479,/benchmark/latency_ms,78.500061
1779444443.521,/benchmark/latency_ms,72.946465
1779444443.564,/benchmark/latency_ms,67.820984
1779444443.607,/benchmark/latency_ms,86.618759
1779444443.653,/benchmark/latency_ms,82.169075
1779444443.693,/benchmark/latency_ms,74.344849
1779444443.737,/benchmark/latency_ms,65.204102
1779444443.782,/benchmark/latency_ms,83.684486
1779444443.823,/benchmark/latency_ms,76.975563
1779444443.866,/benchmark/latency_ms,70.417358
1779444443.909,/benchmark/latency_ms,89.056023
1779444443.952,/benchmark/latency_ms,82.712997
1779444443.995,/benchmark/latency_ms,75.717667
1779444444.039,/benchmark/latency_ms,68.929756
1779444444.082,/benchmark/latency_ms,87.310776
1779444444.125,/benchmark/latency_ms,80.224464
1779444444.167,/benchmark/latency_ms,74.537872
1779444444.211,/benchmark/latency_ms,67.331017
1779444444.253,/benchmark/latency_ms,86.375290
1779444444.298,/benchmark/latency_ms,80.568024
1779444444.340,/benchmark/latency_ms,75.066658
1779444444.384,/benchmark/latency_ms,69.505135
1779444444.429,/benchmark/latency_ms,89.873772
1779444444.473,/benchmark/latency_ms,82.582397
1779444444.517,/benchmark/latency_ms,76.726395
1779444444.559,/benchmark/latency_ms,69.975006
1779444444.602,/benchmark/latency_ms,88.452286
1779444444.645,/benchmark/latency_ms,82.224785
1779444444.687,/benchmark/latency_ms,75.929375
1779444444.731,/benchmark/latency_ms,71.276588
1779444444.776,/benchmark/latency_ms,91.608292
1779444444.821,/benchmark/latency_ms,83.268242
1779444444.864,/benchmark/latency_ms,74.820190
1779444444.916,/benchmark/latency_ms,67.042938
1779444444.949,/benchmark/latency_ms,85.666367
1779444445.005,/benchmark/latency_ms,79.895782
1779444445.037,/benchmark/latency_ms,73.497421
1779444445.082,/benchmark/latency_ms,67.596329
1779444445.133,/benchmark/latency_ms,64.822098
1779444445.174,/benchmark/latency_ms,81.953506
1779444445.216,/benchmark/latency_ms,70.871986
1779444445.272,/benchmark/latency_ms,88.899780
1779444445.303,/benchmark/latency_ms,81.550934
1779444445.345,/benchmark/latency_ms,74.719604
1779444445.387,/benchmark/latency_ms,90.482521
1779444445.430,/benchmark/latency_ms,80.411858
1779444445.475,/benchmark/latency_ms,71.309380
1779444445.517,/benchmark/latency_ms,68.008278
1779444445.560,/benchmark/latency_ms,63.680714
1779444445.602,/benchmark/latency_ms,81.691994
1779444445.644,/benchmark/latency_ms,70.312935
1779444445.689,/benchmark/latency_ms,88.050606
1779444445.735,/benchmark/latency_ms,81.901855
1779444445.776,/benchmark/latency_ms,77.884506
1779444445.819,/benchmark/latency_ms,73.547981
1779444445.862,/benchmark/latency_ms,67.752686
1779444445.907,/benchmark/latency_ms,87.048584
1779444445.950,/benchmark/latency_ms,82.221390
1779444445.991,/benchmark/latency_ms,76.888443
1779444446.034,/benchmark/latency_ms,70.634827
1779444446.092,/benchmark/latency_ms,65.121971
1779444446.121,/benchmark/latency_ms,84.041023
1779444446.166,/benchmark/latency_ms,78.742294
1779444446.208,/benchmark/latency_ms,72.149178
1779444446.262,/benchmark/latency_ms,67.100632
1779444446.294,/benchmark/latency_ms,86.673271
1779444446.338,/benchmark/latency_ms,81.411720
1779444446.383,/benchmark/latency_ms,75.588425
1779444446.424,/benchmark/latency_ms,69.429443
1779444446.468,/benchmark/latency_ms,64.363327
1779444446.512,/benchmark/latency_ms,83.561714
1779444446.554,/benchmark/latency_ms,77.995102
1779444446.598,/benchmark/latency_ms,72.763184
1779444446.641,/benchmark/latency_ms,67.206390
1779444446.686,/benchmark/latency_ms,86.278313
1779444446.727,/benchmark/latency_ms,78.752914
1779444446.772,/benchmark/latency_ms,71.907349
1779444446.814,/benchmark/latency_ms,90.854691
1779444446.859,/benchmark/latency_ms,108.863884
1779444446.901,/benchmark/latency_ms,76.728851
1779444446.943,/benchmark/latency_ms,72.099449
1779444446.986,/benchmark/latency_ms,65.986420
1779444447.027,/benchmark/latency_ms,84.244392
1779444447.071,/benchmark/latency_ms,75.887344
1779444447.113,/benchmark/latency_ms,69.777252
1779444447.167,/benchmark/latency_ms,64.532417
1779444447.200,/benchmark/latency_ms,83.507530
1779444447.243,/benchmark/latency_ms,77.999382
1779444447.287,/benchmark/latency_ms,72.604805
1779444447.328,/benchmark/latency_ms,66.861961
1779444447.371,/benchmark/latency_ms,85.478729
1779444447.414,/benchmark/latency_ms,79.777779
1779444447.457,/benchmark/latency_ms,75.446083
1779444447.499,/benchmark/latency_ms,69.224564
1779444447.545,/benchmark/latency_ms,88.168770
1779444447.588,/benchmark/latency_ms,82.805618
1779444447.630,/benchmark/latency_ms,77.418816
1779444447.674,/benchmark/latency_ms,72.368286
1779444447.716,/benchmark/latency_ms,66.706345
1779444447.759,/benchmark/latency_ms,85.671761
1779444447.804,/benchmark/latency_ms,80.164314
1779444447.846,/benchmark/latency_ms,74.558403
1779444447.889,/benchmark/latency_ms,67.765289
1779444447.933,/benchmark/latency_ms,87.521133
1779444447.976,/benchmark/latency_ms,82.451752
1779444448.023,/benchmark/latency_ms,76.818573
1779444448.071,/benchmark/latency_ms,69.693062
1779444448.104,/benchmark/latency_ms,86.646797
1779444448.146,/benchmark/latency_ms,77.209496
1779444448.188,/benchmark/latency_ms,66.178383
1779444448.231,/benchmark/latency_ms,82.177307
1779444448.273,/benchmark/latency_ms,72.023499
1779444448.329,/benchmark/latency_ms,64.034149
1779444448.364,/benchmark/latency_ms,85.033363
1779444448.407,/benchmark/latency_ms,81.944595
1779444448.451,/benchmark/latency_ms,79.445122
1779444448.497,/benchmark/latency_ms,76.349113
1779444448.542,/benchmark/latency_ms,72.840012
1779444448.581,/benchmark/latency_ms,67.628540
1779444448.623,/benchmark/latency_ms,85.328094
1779444448.665,/benchmark/latency_ms,78.063087
1779444448.707,/benchmark/latency_ms,68.841446
1779444448.750,/benchmark/latency_ms,87.088791
1779444448.794,/benchmark/latency_ms,79.478142
1779444448.836,/benchmark/latency_ms,71.649475
1779444448.877,/benchmark/latency_ms,63.478935
1779444448.919,/benchmark/latency_ms,79.981491
1779444448.960,/benchmark/latency_ms,71.855621
1779444449.003,/benchmark/latency_ms,63.832771
1779444449.057,/benchmark/latency_ms,81.941139
1779444449.091,/benchmark/latency_ms,75.374580
1779444449.143,/benchmark/latency_ms,68.868484
1779444449.176,/benchmark/latency_ms,87.847816
1779444449.226,/benchmark/latency_ms,82.284149
1779444449.265,/benchmark/latency_ms,75.868584
1779444449.310,/benchmark/latency_ms,68.729790
1779444449.354,/benchmark/latency_ms,86.516670
1779444449.395,/benchmark/latency_ms,78.366806
1779444449.452,/benchmark/latency_ms,72.602684
1779444449.483,/benchmark/latency_ms,66.582069
1779444449.527,/benchmark/latency_ms,87.168983
1779444449.573,/benchmark/latency_ms,80.771683
1779444449.614,/benchmark/latency_ms,72.640732
1779444449.659,/benchmark/latency_ms,91.366714
1779444449.702,/benchmark/latency_ms,82.118385
1779444449.746,/benchmark/latency_ms,71.432983
1779444449.790,/benchmark/latency_ms,88.950386
1779444449.843,/benchmark/latency_ms,78.290520
1779444449.874,/benchmark/latency_ms,68.919075
1779444449.916,/benchmark/latency_ms,84.911880
1779444449.969,/benchmark/latency_ms,75.208176
1779444450.000,/benchmark/latency_ms,65.918526
1779444450.043,/benchmark/latency_ms,81.882347
1779444450.085,/benchmark/latency_ms,71.506966
1779444450.127,/benchmark/latency_ms,88.763016
1779444450.169,/benchmark/latency_ms,79.577499
1779444450.214,/benchmark/latency_ms,73.318382
1779444450.257,/benchmark/latency_ms,65.882301
1779444450.299,/benchmark/latency_ms,84.226547
1779444450.342,/benchmark/latency_ms,76.769852
1779444450.385,/benchmark/latency_ms,69.545586
1779444450.429,/benchmark/latency_ms,88.495064
1779444450.474,/benchmark/latency_ms,81.464340
1779444450.515,/benchmark/latency_ms,74.323921
1779444450.559,/benchmark/latency_ms,66.985664
1779444450.602,/benchmark/latency_ms,85.305840
1779444450.646,/benchmark/latency_ms,78.406227
1779444450.689,/benchmark/latency_ms,71.185707
1779444450.733,/benchmark/latency_ms,89.120338
1779444450.775,/benchmark/latency_ms,80.430290
1779444450.819,/benchmark/latency_ms,74.384529
1779444450.862,/benchmark/latency_ms,68.040512
1779444450.908,/benchmark/latency_ms,88.797859
1779444450.951,/benchmark/latency_ms,105.370941
1779444450.993,/benchmark/latency_ms,75.139656
1779444451.036,/benchmark/latency_ms,70.015427
1779444451.081,/benchmark/latency_ms,64.979965
1779444451.123,/benchmark/latency_ms,84.137863
1779444451.178,/benchmark/latency_ms,78.918045
1779444451.209,/benchmark/latency_ms,72.377197
1779444451.266,/benchmark/latency_ms,65.679604
1779444451.298,/benchmark/latency_ms,84.032005
1779444451.342,/benchmark/latency_ms,77.916222
1779444451.382,/benchmark/latency_ms,69.834618
1779444451.437,/benchmark/latency_ms,87.043266
1779444451.468,/benchmark/latency_ms,78.984863
1779444451.513,/benchmark/latency_ms,70.859291
1779444451.556,/benchmark/latency_ms,64.662285
1779444451.599,/benchmark/latency_ms,83.784027
1779444451.642,/benchmark/latency_ms,78.882141
1779444451.698,/benchmark/latency_ms,72.835480
1779444451.740,/benchmark/latency_ms,65.949913
1779444451.772,/benchmark/latency_ms,84.001663
1779444451.815,/benchmark/latency_ms,76.257996
1779444451.870,/benchmark/latency_ms,69.284676
1779444451.902,/benchmark/latency_ms,87.830048
1779444451.946,/benchmark/latency_ms,81.016479
1779444451.989,/benchmark/latency_ms,74.220581
1779444452.031,/benchmark/latency_ms,68.625069
1779444452.075,/benchmark/latency_ms,86.619476
1779444452.118,/benchmark/latency_ms,79.669357
1779444452.174,/benchmark/latency_ms,72.263748
1779444452.204,/benchmark/latency_ms,90.588661
1779444452.249,/benchmark/latency_ms,83.039291
1779444452.291,/benchmark/latency_ms,76.073471
1779444452.334,/benchmark/latency_ms,68.445129
1779444452.378,/benchmark/latency_ms,87.010078
1779444452.421,/benchmark/latency_ms,79.361160
1779444452.464,/benchmark/latency_ms,72.376778
1779444452.509,/benchmark/latency_ms,65.148827
1779444452.553,/benchmark/latency_ms,83.547920
1779444452.596,/benchmark/latency_ms,76.410950
1779444452.639,/benchmark/latency_ms,69.141792
1779444452.682,/benchmark/latency_ms,88.346794
1779444452.727,/benchmark/latency_ms,81.307465
1779444452.768,/benchmark/latency_ms,74.018875
1779444452.812,/benchmark/latency_ms,66.831184
1779444452.857,/benchmark/latency_ms,85.421577
1779444452.899,/benchmark/latency_ms,78.620209
1779444452.943,/benchmark/latency_ms,71.156799
1779444452.985,/benchmark/latency_ms,89.997948
1779444453.030,/benchmark/latency_ms,82.828247
1779444453.076,/benchmark/latency_ms,78.889366
1779444453.133,/benchmark/latency_ms,72.784561
1779444453.164,/benchmark/latency_ms,65.994705
1779444453.208,/benchmark/latency_ms,83.621513
1779444453.250,/benchmark/latency_ms,76.569321
1779444453.294,/benchmark/latency_ms,68.425758
1779444453.336,/benchmark/latency_ms,86.983925
1779444453.379,/benchmark/latency_ms,79.231071
1779444453.422,/benchmark/latency_ms,71.813393
1779444453.467,/benchmark/latency_ms,90.658257
1779444453.512,/benchmark/latency_ms,83.539276
1779444453.552,/benchmark/latency_ms,76.472549
1779444453.607,/benchmark/latency_ms,68.418526
1779444453.639,/benchmark/latency_ms,86.966904
1779444453.683,/benchmark/latency_ms,80.576073
1779444453.725,/benchmark/latency_ms,73.109978
1779444453.770,/benchmark/latency_ms,64.676292
1779444453.811,/benchmark/latency_ms,82.421448
1779444453.855,/benchmark/latency_ms,75.886292
1779444453.898,/benchmark/latency_ms,68.472832
1779444453.942,/benchmark/latency_ms,87.670990
1779444453.985,/benchmark/latency_ms,79.775726
1779444454.028,/benchmark/latency_ms,72.974388
1779444454.072,/benchmark/latency_ms,66.858894
1779444454.116,/benchmark/latency_ms,85.429695
1779444454.159,/benchmark/latency_ms,78.271484
1779444454.213,/benchmark/latency_ms,71.217621
1779444454.257,/benchmark/latency_ms,90.143578
1779444454.302,/benchmark/latency_ms,82.918159
1779444454.332,/benchmark/latency_ms,76.219002
1779444454.375,/benchmark/latency_ms,68.645798
1779444454.419,/benchmark/latency_ms,87.145813
1779444454.462,/benchmark/latency_ms,80.406815
1779444454.504,/benchmark/latency_ms,73.014641
1779444454.549,/benchmark/latency_ms,66.099792
1779444454.590,/benchmark/latency_ms,83.831856
1779444454.633,/benchmark/latency_ms,77.360924
1779444454.677,/benchmark/latency_ms,69.538750
1779444454.723,/benchmark/latency_ms,87.299896
1779444454.765,/benchmark/latency_ms,79.651268
1779444454.806,/benchmark/latency_ms,72.422592
1779444454.848,/benchmark/latency_ms,89.600388
1779444454.902,/benchmark/latency_ms,83.078743
1779444454.935,/benchmark/latency_ms,75.732330
1779444454.976,/benchmark/latency_ms,68.148308
1779444455.020,/benchmark/latency_ms,87.071281
1779444455.064,/benchmark/latency_ms,105.672905
1779444455.119,/benchmark/latency_ms,72.309044
1779444455.154,/benchmark/latency_ms,69.014313
1779444455.208,/benchmark/latency_ms,64.886185
1779444455.243,/benchmark/latency_ms,88.743462
1779444455.289,/benchmark/latency_ms,86.349915
1779444455.332,/benchmark/latency_ms,82.394424
1779444455.388,/benchmark/latency_ms,77.033134
1779444455.420,/benchmark/latency_ms,72.827271
1779444455.462,/benchmark/latency_ms,67.859077
1779444455.507,/benchmark/latency_ms,87.044655
1779444455.560,/benchmark/latency_ms,82.640450
1779444455.592,/benchmark/latency_ms,77.997231
1779444455.635,/benchmark/latency_ms,73.394745
1779444455.679,/benchmark/latency_ms,69.276527
1779444455.723,/benchmark/latency_ms,64.854309
1779444455.766,/benchmark/latency_ms,84.098961
1779444455.812,/benchmark/latency_ms,79.269234
1779444455.854,/benchmark/latency_ms,74.628899
1779444455.895,/benchmark/latency_ms,69.302353
1779444455.939,/benchmark/latency_ms,65.093071
1779444455.984,/benchmark/latency_ms,85.906181
1779444456.031,/benchmark/latency_ms,83.144081
1779444456.085,/benchmark/latency_ms,78.418808
1779444456.119,/benchmark/latency_ms,75.758049
1779444456.161,/benchmark/latency_ms,70.440948
1779444456.206,/benchmark/latency_ms,65.348083
1779444456.252,/benchmark/latency_ms,86.457588
1779444456.305,/benchmark/latency_ms,81.521210
1779444456.337,/benchmark/latency_ms,77.742722
1779444456.381,/benchmark/latency_ms,73.154350
1779444456.426,/benchmark/latency_ms,67.975204
1779444456.470,/benchmark/latency_ms,87.884453
1779444456.514,/benchmark/latency_ms,82.276527
1779444456.555,/benchmark/latency_ms,78.199020
1779444456.597,/benchmark/latency_ms,74.248428
1779444456.641,/benchmark/latency_ms,72.551315
1779444456.684,/benchmark/latency_ms,92.540184
1779444456.728,/benchmark/latency_ms,88.179535
1779444456.772,/benchmark/latency_ms,83.334160
1779444456.815,/benchmark/latency_ms,78.072906
1779444456.860,/benchmark/latency_ms,72.867142
1779444456.903,/benchmark/latency_ms,92.769699
1779444456.946,/benchmark/latency_ms,87.231888
1779444456.990,/benchmark/latency_ms,79.794205
1779444457.035,/benchmark/latency_ms,74.875519
1779444457.078,/benchmark/latency_ms,69.493073
1779444457.119,/benchmark/latency_ms,63.248936
1779444457.163,/benchmark/latency_ms,82.299950
1779444457.214,/benchmark/latency_ms,75.568756
1779444457.248,/benchmark/latency_ms,67.971649
1779444457.290,/benchmark/latency_ms,85.132866
1779444457.331,/benchmark/latency_ms,76.167107
1779444457.376,/benchmark/latency_ms,69.704826
1779444457.422,/benchmark/latency_ms,90.754646
1779444457.476,/benchmark/latency_ms,84.182373
1779444457.509,/benchmark/latency_ms,76.659767
1779444457.552,/benchmark/latency_ms,70.022591
1779444457.598,/benchmark/latency_ms,64.555283
1779444457.639,/benchmark/latency_ms,83.921600
1779444457.683,/benchmark/latency_ms,79.170761
1779444457.726,/benchmark/latency_ms,73.759323
1779444457.771,/benchmark/latency_ms,68.462898
1779444457.813,/benchmark/latency_ms,87.555283
1779444457.858,/benchmark/latency_ms,82.544113
1779444457.901,/benchmark/latency_ms,77.196136
1779444457.954,/benchmark/latency_ms,71.740791
1779444457.986,/benchmark/latency_ms,66.661140
1779444458.031,/benchmark/latency_ms,86.732056
1779444458.075,/benchmark/latency_ms,81.599251
1779444458.118,/benchmark/latency_ms,75.704529
1779444458.160,/benchmark/latency_ms,69.276772
1779444458.205,/benchmark/latency_ms,65.315590
1779444458.249,/benchmark/latency_ms,85.208321
1779444458.294,/benchmark/latency_ms,80.549355
1779444458.336,/benchmark/latency_ms,76.051613
1779444458.379,/benchmark/latency_ms,70.968636
1779444458.423,/benchmark/latency_ms,66.309349
1779444458.468,/benchmark/latency_ms,85.790611
1779444458.515,/benchmark/latency_ms,80.169632
1779444458.556,/benchmark/latency_ms,74.882805
1779444458.597,/benchmark/latency_ms,69.345001
1779444458.638,/benchmark/latency_ms,64.300232
1779444458.682,/benchmark/latency_ms,83.048988
1779444458.725,/benchmark/latency_ms,77.963066
1779444458.770,/benchmark/latency_ms,70.459053
1779444458.813,/benchmark/latency_ms,89.930809
1779444458.857,/benchmark/latency_ms,83.619057
1779444458.902,/benchmark/latency_ms,78.437576
1779444458.946,/benchmark/latency_ms,71.467209
1779444458.989,/benchmark/latency_ms,88.124641
1779444459.031,/benchmark/latency_ms,78.432037
1779444459.075,/benchmark/latency_ms,69.503845
1779444459.119,/benchmark/latency_ms,66.243744
1779444459.176,/benchmark/latency_ms,87.132118
1779444459.208,/benchmark/latency_ms,83.446754
1779444459.251,/benchmark/latency_ms,79.318588
1779444459.296,/benchmark/latency_ms,74.976311
1779444459.340,/benchmark/latency_ms,69.058487
1779444459.382,/benchmark/latency_ms,88.332962
1779444459.427,/benchmark/latency_ms,82.469154
1779444459.482,/benchmark/latency_ms,76.047287
1779444459.514,/benchmark/latency_ms,70.015831
1779444459.560,/benchmark/latency_ms,90.236382
1779444459.605,/benchmark/latency_ms,84.960854
1779444459.648,/benchmark/latency_ms,77.262299
1779444459.692,/benchmark/latency_ms,68.472679
1779444459.733,/benchmark/latency_ms,85.591690
1779444459.778,/benchmark/latency_ms,76.561546
1779444459.831,/benchmark/latency_ms,68.360550
1779444459.865,/benchmark/latency_ms,87.124504
1779444459.908,/benchmark/latency_ms,78.652679
1779444459.954,/benchmark/latency_ms,72.556038
1779444459.996,/benchmark/latency_ms,67.500900
1779444460.042,/benchmark/latency_ms,65.713036
1779444460.087,/benchmark/latency_ms,87.673958
1779444460.133,/benchmark/latency_ms,86.051605
1779444460.178,/benchmark/latency_ms,83.562401
1779444460.235,/benchmark/latency_ms,79.812584
1779444460.266,/benchmark/latency_ms,74.250008
1779444460.310,/benchmark/latency_ms,68.265915
1779444460.353,/benchmark/latency_ms,87.606689
1779444460.397,/benchmark/latency_ms,81.011795
1779444460.442,/benchmark/latency_ms,99.656868
1779444460.496,/benchmark/latency_ms,67.365891
1779444460.527,/benchmark/latency_ms,85.903275
1779444460.572,/benchmark/latency_ms,80.630753
1779444460.615,/benchmark/latency_ms,75.870895
1779444460.658,/benchmark/latency_ms,70.615875
1779444460.702,/benchmark/latency_ms,65.298393
1779444460.746,/benchmark/latency_ms,84.878792
1779444460.789,/benchmark/latency_ms,79.573250
1779444460.832,/benchmark/latency_ms,73.989777
1779444460.875,/benchmark/latency_ms,67.796303
1779444460.929,/benchmark/latency_ms,86.593536
1779444460.961,/benchmark/latency_ms,81.271767
1779444461.006,/benchmark/latency_ms,75.995445
1779444461.047,/benchmark/latency_ms,69.670692
1779444461.090,/benchmark/latency_ms,64.683205
1779444461.134,/benchmark/latency_ms,84.132011
1779444461.179,/benchmark/latency_ms,79.145294
1779444461.222,/benchmark/latency_ms,73.648964
1779444461.263,/benchmark/latency_ms,67.735046
1779444461.309,/benchmark/latency_ms,87.063499
1779444461.351,/benchmark/latency_ms,82.029739
1779444461.392,/benchmark/latency_ms,77.290649
1779444461.436,/benchmark/latency_ms,71.664551
1779444461.481,/benchmark/latency_ms,66.057236
1779444461.526,/benchmark/latency_ms,85.368057
1779444461.569,/benchmark/latency_ms,80.295479
1779444461.611,/benchmark/latency_ms,74.560188
1779444461.667,/benchmark/latency_ms,70.394264
1779444461.699,/benchmark/latency_ms,89.876518
1779444461.742,/benchmark/latency_ms,82.210037
1779444461.786,/benchmark/latency_ms,75.154831
1779444461.830,/benchmark/latency_ms,64.957550
1779444461.871,/benchmark/latency_ms,81.096458
1779444461.924,/benchmark/latency_ms,71.155411
1779444461.956,/benchmark/latency_ms,88.356918
1779444462.003,/benchmark/latency_ms,79.020653
1779444462.041,/benchmark/latency_ms,69.198807
1779444462.085,/benchmark/latency_ms,85.243919
1779444462.126,/benchmark/latency_ms,75.760674
1779444462.170,/benchmark/latency_ms,65.998093
1779444462.211,/benchmark/latency_ms,82.592468
1779444462.264,/benchmark/latency_ms,72.128426
1779444462.296,/benchmark/latency_ms,88.534866
1779444462.339,/benchmark/latency_ms,78.950310
1779444462.382,/benchmark/latency_ms,69.828903
1779444462.425,/benchmark/latency_ms,86.336205
1779444462.467,/benchmark/latency_ms,75.855392
1779444462.522,/benchmark/latency_ms,65.891205
1779444462.554,/benchmark/latency_ms,82.099625
1779444462.595,/benchmark/latency_ms,72.721344
1779444462.638,/benchmark/latency_ms,89.195465
1779444462.681,/benchmark/latency_ms,78.865761
1779444462.723,/benchmark/latency_ms,69.147339
1779444462.766,/benchmark/latency_ms,85.492630
1779444462.809,/benchmark/latency_ms,75.078186
1779444462.852,/benchmark/latency_ms,65.028397
1779444462.892,/benchmark/latency_ms,81.117256
1779444462.936,/benchmark/latency_ms,70.442711
1779444462.979,/benchmark/latency_ms,86.927841
1779444463.033,/benchmark/latency_ms,76.998726
1779444463.063,/benchmark/latency_ms,67.541786
1779444463.118,/benchmark/latency_ms,83.988960
1779444463.150,/benchmark/latency_ms,73.916672
1779444463.195,/benchmark/latency_ms,90.923805
1779444463.235,/benchmark/latency_ms,81.773781
1779444463.291,/benchmark/latency_ms,72.198029
1779444463.322,/benchmark/latency_ms,89.254120
1779444463.365,/benchmark/latency_ms,80.076065
1779444463.419,/benchmark/latency_ms,70.661209
1779444463.453,/benchmark/latency_ms,87.467056
1779444463.495,/benchmark/latency_ms,78.951294
1779444463.539,/benchmark/latency_ms,69.404053
1779444463.580,/benchmark/latency_ms,84.657974
1779444463.622,/benchmark/latency_ms,74.714363
1779444463.663,/benchmark/latency_ms,64.852707
1779444463.708,/benchmark/latency_ms,81.147881
1779444463.749,/benchmark/latency_ms,70.613686
1779444463.790,/benchmark/latency_ms,86.920059
1779444463.833,/benchmark/latency_ms,77.602066
1779444463.877,/benchmark/latency_ms,67.720032
1779444463.920,/benchmark/latency_ms,85.096481
1779444463.960,/benchmark/latency_ms,74.921341
1779444464.004,/benchmark/latency_ms,66.142029
1779444464.048,/benchmark/latency_ms,82.684792
1779444464.098,/benchmark/latency_ms,72.786842
1779444464.132,/benchmark/latency_ms,64.960831
1779444464.173,/benchmark/latency_ms,83.071838
1779444464.216,/benchmark/latency_ms,74.558861
1779444464.258,/benchmark/latency_ms,65.202187
1779444464.302,/benchmark/latency_ms,81.465096
1779444464.343,/benchmark/latency_ms,71.806328
1779444464.388,/benchmark/latency_ms,89.221756
1779444464.431,/benchmark/latency_ms,80.142464
1779444464.472,/benchmark/latency_ms,70.085953
1779444464.518,/benchmark/latency_ms,90.328896
1779444464.562,/benchmark/latency_ms,81.145309
1779444464.606,/benchmark/latency_ms,71.294182
1779444464.658,/benchmark/latency_ms,87.576843
1779444464.692,/benchmark/latency_ms,79.362793
1779444464.736,/benchmark/latency_ms,70.022308
1779444464.777,/benchmark/latency_ms,86.375557
1779444464.819,/benchmark/latency_ms,76.570892
1779444464.862,/benchmark/latency_ms,66.997375
1779444464.904,/benchmark/latency_ms,83.312546
1779444464.948,/benchmark/latency_ms,73.381485
1779444464.989,/benchmark/latency_ms,89.645134
1779444465.032,/benchmark/latency_ms,81.012733
1779444465.076,/benchmark/latency_ms,71.117470
1779444465.118,/benchmark/latency_ms,88.463776
1779444465.160,/benchmark/latency_ms,78.328194
1779444465.203,/benchmark/latency_ms,68.998077
1779444465.256,/benchmark/latency_ms,86.069939
1779444465.287,/benchmark/latency_ms,75.985718
1779444465.341,/benchmark/latency_ms,66.527824
1779444465.374,/benchmark/latency_ms,82.265884
1779444465.416,/benchmark/latency_ms,70.979736
1779444465.457,/benchmark/latency_ms,87.748299
1779444465.500,/benchmark/latency_ms,78.839600
1779444465.542,/benchmark/latency_ms,69.609810
1779444465.585,/benchmark/latency_ms,85.530533
1779444465.629,/benchmark/latency_ms,75.163322
1779444465.670,/benchmark/latency_ms,65.695381
1779444465.713,/benchmark/latency_ms,82.449188
1779444465.757,/benchmark/latency_ms,72.611504
1779444465.798,/benchmark/latency_ms,88.902382
1779444465.842,/benchmark/latency_ms,79.033752
1779444465.883,/benchmark/latency_ms,69.380615
1779444465.926,/benchmark/latency_ms,85.808876
1779444465.970,/benchmark/latency_ms,76.637451
1779444466.012,/benchmark/latency_ms,67.215363
1779444466.069,/benchmark/latency_ms,85.793869
1779444466.100,/benchmark/latency_ms,76.207230
1779444466.144,/benchmark/latency_ms,68.590187
1779444466.190,/benchmark/latency_ms,87.861671
1779444466.234,/benchmark/latency_ms,80.568703
1779444466.276,/benchmark/latency_ms,73.974388
1779444466.319,/benchmark/latency_ms,68.202400
1779444466.363,/benchmark/latency_ms,87.004585
1779444466.419,/benchmark/latency_ms,80.239960
1779444466.449,/benchmark/latency_ms,68.918007
1779444466.495,/benchmark/latency_ms,87.137550
1779444466.554,/benchmark/latency_ms,82.061134
1779444466.583,/benchmark/latency_ms,79.938545
1779444466.625,/benchmark/latency_ms,99.337837
1779444466.666,/benchmark/latency_ms,71.944084
1779444466.708,/benchmark/latency_ms,66.927315
1779444466.751,/benchmark/latency_ms,85.313782
1779444466.799,/benchmark/latency_ms,85.087822
1779444466.842,/benchmark/latency_ms,79.706886
1779444466.884,/benchmark/latency_ms,71.292801
1779444466.928,/benchmark/latency_ms,88.630173
1779444466.971,/benchmark/latency_ms,79.435806
1779444467.025,/benchmark/latency_ms,68.398247
1779444467.056,/benchmark/latency_ms,85.404312
1779444467.099,/benchmark/latency_ms,77.380600
1779444467.152,/benchmark/latency_ms,68.479301
1779444467.185,/benchmark/latency_ms,84.665054
1779444467.226,/benchmark/latency_ms,75.265396
1779444467.266,/benchmark/latency_ms,66.239967
1779444467.311,/benchmark/latency_ms,82.993286
1779444467.356,/benchmark/latency_ms,72.116051
1779444467.400,/benchmark/latency_ms,91.179016
1779444467.445,/benchmark/latency_ms,82.388023
1779444467.487,/benchmark/latency_ms,78.160149
1779444467.531,/benchmark/latency_ms,72.378235
1779444467.579,/benchmark/latency_ms,67.723656
1779444467.619,/benchmark/latency_ms,87.645912
1779444467.663,/benchmark/latency_ms,81.341522
1779444467.707,/benchmark/latency_ms,76.107597
1779444467.751,/benchmark/latency_ms,70.753738
1779444467.795,/benchmark/latency_ms,65.259804
1779444467.839,/benchmark/latency_ms,84.961449
1779444467.883,/benchmark/latency_ms,79.673119
1779444467.930,/benchmark/latency_ms,76.338844
1779444467.974,/benchmark/latency_ms,74.256859
1779444468.018,/benchmark/latency_ms,71.828972
1779444468.061,/benchmark/latency_ms,68.994255
1779444468.108,/benchmark/latency_ms,69.276314
1779444468.152,/benchmark/latency_ms,66.708778
1779444468.206,/benchmark/latency_ms,86.374123
1779444468.242,/benchmark/latency_ms,83.545303
1779444468.284,/benchmark/latency_ms,78.767776
1779444468.327,/benchmark/latency_ms,73.738182
1779444468.370,/benchmark/latency_ms,68.300827
1779444468.413,/benchmark/latency_ms,88.007393
1779444468.459,/benchmark/latency_ms,83.097832
1779444468.503,/benchmark/latency_ms,79.215088
1779444468.556,/benchmark/latency_ms,73.555199
1779444468.590,/benchmark/latency_ms,64.496704
1779444468.634,/benchmark/latency_ms,83.723579
1779444468.675,/benchmark/latency_ms,78.563705
1779444468.719,/benchmark/latency_ms,74.813316
1779444468.763,/benchmark/latency_ms,70.676903
1779444468.810,/benchmark/latency_ms,90.798485
1779444468.853,/benchmark/latency_ms,83.268463
1779444468.896,/benchmark/latency_ms,73.629982
1779444468.941,/benchmark/latency_ms,67.714981
1779444468.984,/benchmark/latency_ms,87.011841
1779444469.027,/benchmark/latency_ms,80.958504
1779444469.070,/benchmark/latency_ms,74.844673
1779444469.113,/benchmark/latency_ms,68.659966
1779444469.157,/benchmark/latency_ms,87.517448
1779444469.201,/benchmark/latency_ms,81.435982
1779444469.243,/benchmark/latency_ms,75.484177
1779444469.286,/benchmark/latency_ms,69.829926
1779444469.330,/benchmark/latency_ms,65.115280
1779444469.374,/benchmark/latency_ms,84.756851
1779444469.419,/benchmark/latency_ms,76.558968
1779444469.461,/benchmark/latency_ms,68.522652
1779444469.507,/benchmark/latency_ms,86.917877
1779444469.560,/benchmark/latency_ms,80.938400
1779444469.593,/benchmark/latency_ms,74.975365
1779444469.635,/benchmark/latency_ms,68.174675
1779444469.681,/benchmark/latency_ms,87.362762
1779444469.722,/benchmark/latency_ms,79.987297
1779444469.766,/benchmark/latency_ms,76.056168
1779444469.810,/benchmark/latency_ms,72.914246
1779444469.856,/benchmark/latency_ms,69.747711
1779444469.900,/benchmark/latency_ms,87.712563
1779444469.943,/benchmark/latency_ms,78.489235
1779444469.987,/benchmark/latency_ms,68.409943
1779444470.030,/benchmark/latency_ms,84.528107
1779444470.073,/benchmark/latency_ms,76.085831
1779444470.114,/benchmark/latency_ms,65.837410
1779444470.157,/benchmark/latency_ms,82.263718
1779444470.199,/benchmark/latency_ms,72.254219
1779444470.244,/benchmark/latency_ms,89.204315
1779444470.296,/benchmark/latency_ms,79.878967
1779444470.340,/benchmark/latency_ms,70.259308
1779444470.371,/benchmark/latency_ms,86.712494
1779444470.416,/benchmark/latency_ms,77.990944
1779444470.469,/benchmark/latency_ms,67.812355
1779444470.502,/benchmark/latency_ms,84.298882
1779444470.543,/benchmark/latency_ms,74.204712
1779444470.586,/benchmark/latency_ms,91.081848
1779444470.630,/benchmark/latency_ms,81.487114
1779444470.671,/benchmark/latency_ms,72.272011
1779444470.716,/benchmark/latency_ms,89.266624
1779444470.757,/benchmark/latency_ms,79.974075
1779444470.811,/benchmark/latency_ms,70.293808
1779444470.842,/benchmark/latency_ms,87.269531
1779444470.885,/benchmark/latency_ms,77.740631
1779444470.928,/benchmark/latency_ms,69.149323
1779444470.972,/benchmark/latency_ms,85.947029
1779444471.024,/benchmark/latency_ms,77.094849
1779444471.056,/benchmark/latency_ms,67.942047
1779444471.099,/benchmark/latency_ms,84.613640
1779444471.143,/benchmark/latency_ms,75.527496
1779444471.184,/benchmark/latency_ms,66.452209
1779444471.227,/benchmark/latency_ms,83.350464
1779444471.270,/benchmark/latency_ms,72.991455
1779444471.314,/benchmark/latency_ms,88.912521
1779444471.357,/benchmark/latency_ms,79.736336
1779444471.398,/benchmark/latency_ms,70.072388
1779444471.452,/benchmark/latency_ms,87.015182
1779444471.485,/benchmark/latency_ms,78.438217
1779444471.529,/benchmark/latency_ms,71.801048
1779444471.575,/benchmark/latency_ms,70.159904
1779444471.620,/benchmark/latency_ms,65.958885
1779444471.662,/benchmark/latency_ms,63.483253
1779444471.707,/benchmark/latency_ms,83.778793
1779444471.749,/benchmark/latency_ms,81.620552
1779444471.804,/benchmark/latency_ms,76.827446
1779444471.836,/benchmark/latency_ms,71.331947
1779444471.880,/benchmark/latency_ms,66.635254
1779444471.926,/benchmark/latency_ms,86.750885
1779444471.969,/benchmark/latency_ms,82.651817
1779444472.014,/benchmark/latency_ms,78.245567
1779444472.056,/benchmark/latency_ms,73.929848
1779444472.101,/benchmark/latency_ms,69.845978
1779444472.145,/benchmark/latency_ms,65.625076
1779444472.190,/benchmark/latency_ms,85.080299
1779444472.235,/benchmark/latency_ms,83.001007
1779444472.276,/benchmark/latency_ms,78.361534
1779444472.320,/benchmark/latency_ms,74.100510
1779444472.375,/benchmark/latency_ms,68.827705
1779444472.408,/benchmark/latency_ms,89.255569
1779444472.452,/benchmark/latency_ms,84.537659
1779444472.497,/benchmark/latency_ms,80.120178
1779444472.552,/benchmark/latency_ms,75.436096
1779444472.596,/benchmark/latency_ms,71.888153
1779444472.627,/benchmark/latency_ms,66.218788
1779444472.671,/benchmark/latency_ms,85.884453
1779444472.716,/benchmark/latency_ms,80.955826
1779444472.761,/benchmark/latency_ms,75.745934
1779444472.804,/benchmark/latency_ms,71.231522
1779444472.845,/benchmark/latency_ms,66.340744
1779444472.888,/benchmark/latency_ms,85.632065
1779444472.931,/benchmark/latency_ms,80.810379
1779444472.986,/benchmark/latency_ms,75.830803
1779444473.019,/benchmark/latency_ms,70.456169
1779444473.062,/benchmark/latency_ms,66.899765
1779444473.107,/benchmark/latency_ms,86.860771
1779444473.149,/benchmark/latency_ms,80.489754
1779444473.193,/benchmark/latency_ms,74.580231
1779444473.237,/benchmark/latency_ms,68.453705
1779444473.284,/benchmark/latency_ms,88.761887
1779444473.326,/benchmark/latency_ms,82.067535
1779444473.370,/benchmark/latency_ms,75.314751
1779444473.414,/benchmark/latency_ms,68.399010
1779444473.459,/benchmark/latency_ms,87.725624
1779444473.502,/benchmark/latency_ms,82.067787
1779444473.546,/benchmark/latency_ms,75.955276
1779444473.589,/benchmark/latency_ms,69.141945
1779444473.636,/benchmark/latency_ms,89.538033
1779444473.678,/benchmark/latency_ms,82.153488
1779444473.721,/benchmark/latency_ms,75.786026
1779444473.767,/benchmark/latency_ms,69.364838
1779444473.809,/benchmark/latency_ms,87.947296
1779444473.853,/benchmark/latency_ms,81.860291
1779444473.897,/benchmark/latency_ms,76.429436
1779444473.941,/benchmark/latency_ms,69.909782
1779444473.985,/benchmark/latency_ms,89.327049
1779444474.031,/benchmark/latency_ms,82.654686
1779444474.073,/benchmark/latency_ms,77.488380
1779444474.128,/benchmark/latency_ms,69.091576
1779444474.161,/benchmark/latency_ms,88.695122
1779444474.204,/benchmark/latency_ms,81.179657
1779444474.249,/benchmark/latency_ms,74.488510
1779444474.304,/benchmark/latency_ms,68.365570
1779444474.337,/benchmark/latency_ms,87.617264
1779444474.381,/benchmark/latency_ms,81.612663
1779444474.426,/benchmark/latency_ms,75.242645
1779444474.468,/benchmark/latency_ms,68.815727
1779444474.511,/benchmark/latency_ms,87.898552
1779444474.556,/benchmark/latency_ms,81.012550
1779444474.599,/benchmark/latency_ms,74.241364
1779444474.643,/benchmark/latency_ms,67.792908
1779444474.687,/benchmark/latency_ms,86.687477
1779444474.730,/benchmark/latency_ms,80.074730
1779444474.776,/benchmark/latency_ms,74.968079
1779444474.819,/benchmark/latency_ms,67.841484
1779444474.864,/benchmark/latency_ms,86.569107
1779444474.906,/benchmark/latency_ms,79.255249
1779444474.951,/benchmark/latency_ms,72.877579
1779444474.993,/benchmark/latency_ms,65.896881
1779444475.051,/benchmark/latency_ms,84.028099
1779444475.081,/benchmark/latency_ms,77.118317
1779444475.123,/benchmark/latency_ms,69.397438
1779444475.168,/benchmark/latency_ms,89.189178
1779444475.212,/benchmark/latency_ms,81.735382
1779444475.255,/benchmark/latency_ms,75.122253
1779444475.298,/benchmark/latency_ms,68.192566
1779444475.353,/benchmark/latency_ms,87.194366
1779444475.386,/benchmark/latency_ms,79.590614
1779444475.430,/benchmark/latency_ms,72.661118
1779444475.473,/benchmark/latency_ms,66.711914
1779444475.518,/benchmark/latency_ms,85.550926
1779444475.559,/benchmark/latency_ms,77.723450
1779444475.601,/benchmark/latency_ms,68.230904
1779444475.644,/benchmark/latency_ms,84.927162
1779444475.686,/benchmark/latency_ms,74.784325
1779444475.729,/benchmark/latency_ms,91.082680
1779444475.772,/benchmark/latency_ms,81.865944
1779444475.826,/benchmark/latency_ms,71.755585
1779444475.858,/benchmark/latency_ms,88.190430
1779444475.901,/benchmark/latency_ms,78.222984
1779444475.941,/benchmark/latency_ms,68.523613
1779444475.986,/benchmark/latency_ms,85.314758
1779444476.027,/benchmark/latency_ms,75.566490
1779444476.082,/benchmark/latency_ms,65.903145
1779444476.113,/benchmark/latency_ms,82.448776
1779444476.155,/benchmark/latency_ms,72.321426
1779444476.198,/benchmark/latency_ms,89.061104
1779444476.241,/benchmark/latency_ms,79.259079
1779444476.284,/benchmark/latency_ms,69.985001
1779444476.328,/benchmark/latency_ms,86.863724
1779444476.371,/benchmark/latency_ms,103.792953
1779444476.414,/benchmark/latency_ms,69.032173
1779444476.455,/benchmark/latency_ms,85.693260
1779444476.498,/benchmark/latency_ms,76.367210
1779444476.541,/benchmark/latency_ms,67.793320
1779444476.585,/benchmark/latency_ms,84.958931
1779444476.629,/benchmark/latency_ms,74.329964
1779444476.671,/benchmark/latency_ms,91.302582
1779444476.715,/benchmark/latency_ms,81.735985
1779444476.761,/benchmark/latency_ms,73.908638
1779444476.802,/benchmark/latency_ms,92.357719
1779444476.846,/benchmark/latency_ms,87.883919
1779444476.888,/benchmark/latency_ms,82.259941
1779444476.933,/benchmark/latency_ms,79.160835
1779444476.978,/benchmark/latency_ms,74.756126
1779444477.022,/benchmark/latency_ms,69.361526
1779444477.075,/benchmark/latency_ms,64.869095
1779444477.109,/benchmark/latency_ms,85.076851
1779444477.151,/benchmark/latency_ms,79.972855
1779444477.196,/benchmark/latency_ms,75.231972
1779444477.237,/benchmark/latency_ms,69.328659
1779444477.282,/benchmark/latency_ms,64.839684
1779444477.337,/benchmark/latency_ms,85.044334
1779444477.370,/benchmark/latency_ms,80.878357
1779444477.414,/benchmark/latency_ms,76.087807
1779444477.455,/benchmark/latency_ms,71.360626
1779444477.498,/benchmark/latency_ms,66.012520
1779444477.554,/benchmark/latency_ms,85.321114
1779444477.584,/benchmark/latency_ms,82.395775
1779444477.627,/benchmark/latency_ms,80.001595
1779444477.669,/benchmark/latency_ms,76.894424
1779444477.712,/benchmark/latency_ms,73.674805
1779444477.755,/benchmark/latency_ms,71.464432
1779444477.798,/benchmark/latency_ms,67.318001
1779444477.853,/benchmark/latency_ms,87.021713
1779444477.885,/benchmark/latency_ms,81.533066
1779444477.928,/benchmark/latency_ms,76.494156
1779444477.972,/benchmark/latency_ms,71.766075
1779444478.015,/benchmark/latency_ms,67.001480
1779444478.059,/benchmark/latency_ms,86.547836
1779444478.104,/benchmark/latency_ms,81.370872
1779444478.146,/benchmark/latency_ms,76.324158
1779444478.190,/benchmark/latency_ms,70.729332
1779444478.234,/benchmark/latency_ms,66.396790
1779444478.276,/benchmark/latency_ms,85.860771
1779444478.319,/benchmark/latency_ms,81.024719
1779444478.362,/benchmark/latency_ms,75.673996
1779444478.403,/benchmark/latency_ms,70.210152
1779444478.448,/benchmark/latency_ms,65.479416
1779444478.494,/benchmark/latency_ms,85.195251
1779444478.538,/benchmark/latency_ms,80.852333
1779444478.581,/benchmark/latency_ms,74.898682
1779444478.623,/benchmark/latency_ms,69.665970
1779444478.667,/benchmark/latency_ms,65.063080
1779444478.709,/benchmark/latency_ms,82.597412
1779444478.750,/benchmark/latency_ms,73.140610
1779444478.792,/benchmark/latency_ms,64.621086
1779444478.838,/benchmark/latency_ms,82.684135
1779444478.880,/benchmark/latency_ms,76.033783
1779444478.922,/benchmark/latency_ms,69.819580
1779444478.966,/benchmark/latency_ms,89.422707
1779444479.010,/benchmark/latency_ms,83.900871
1779444479.054,/benchmark/latency_ms,78.964493
1779444479.102,/benchmark/latency_ms,77.368828
1779444479.144,/benchmark/latency_ms,73.509575
1779444479.189,/benchmark/latency_ms,70.809425
1779444479.235,/benchmark/latency_ms,67.771957
1779444479.274,/benchmark/latency_ms,87.253288
1779444479.318,/benchmark/latency_ms,83.435478
1779444479.363,/benchmark/latency_ms,78.629601
1779444479.405,/benchmark/latency_ms,74.376068
1779444479.450,/benchmark/latency_ms,69.867989
1779444479.492,/benchmark/latency_ms,65.121635
1779444479.550,/benchmark/latency_ms,85.137581
1779444479.580,/benchmark/latency_ms,79.572670
1779444479.622,/benchmark/latency_ms,75.246780
1779444479.665,/benchmark/latency_ms,68.961082
1779444479.709,/benchmark/latency_ms,64.772057
1779444479.752,/benchmark/latency_ms,83.576408
1779444479.795,/benchmark/latency_ms,78.753670
1779444479.850,/benchmark/latency_ms,74.508034
1779444479.882,/benchmark/latency_ms,69.620911
1779444479.926,/benchmark/latency_ms,89.101990
1779444479.969,/benchmark/latency_ms,82.841316
1779444480.012,/benchmark/latency_ms,77.195892
1779444480.056,/benchmark/latency_ms,72.689674
1779444480.100,/benchmark/latency_ms,69.337921
1779444480.144,/benchmark/latency_ms,65.017151
1779444480.199,/benchmark/latency_ms,83.580025
1779444480.232,/benchmark/latency_ms,78.918762
1779444480.275,/benchmark/latency_ms,74.725288
1779444480.318,/benchmark/latency_ms,69.247261
1779444480.373,/benchmark/latency_ms,64.412621
1779444480.417,/benchmark/latency_ms,84.511215
1779444480.449,/benchmark/latency_ms,79.536957
1779444480.493,/benchmark/latency_ms,74.743881
1779444480.535,/benchmark/latency_ms,69.447044
1779444480.578,/benchmark/latency_ms,65.036446
1779444480.622,/benchmark/latency_ms,84.971298
1779444480.665,/benchmark/latency_ms,80.292015
1779444480.708,/benchmark/latency_ms,74.999954
1779444480.763,/benchmark/latency_ms,70.431648
1779444480.795,/benchmark/latency_ms,65.289284
1779444480.840,/benchmark/latency_ms,85.070183
1779444480.882,/benchmark/latency_ms,81.147881
1779444480.925,/benchmark/latency_ms,76.428444
1779444480.968,/benchmark/latency_ms,71.405312
1779444481.011,/benchmark/latency_ms,66.863930
1779444481.055,/benchmark/latency_ms,86.680626
1779444481.098,/benchmark/latency_ms,82.070885
1779444481.140,/benchmark/latency_ms,77.112686
1779444481.184,/benchmark/latency_ms,72.408730
1779444481.228,/benchmark/latency_ms,67.410881
1779444481.273,/benchmark/latency_ms,64.156418
1779444481.319,/benchmark/latency_ms,83.782707
1779444481.361,/benchmark/latency_ms,79.023560
1779444481.404,/benchmark/latency_ms,74.403259
1779444481.446,/benchmark/latency_ms,69.622086
1779444481.514,/benchmark/latency_ms,65.308228
1779444481.560,/benchmark/latency_ms,84.906487
1779444481.614,/benchmark/latency_ms,80.225288
1779444481.647,/benchmark/latency_ms,75.383064
1779444481.689,/benchmark/latency_ms,69.377693
1779444481.734,/benchmark/latency_ms,88.552811
1779444481.776,/benchmark/latency_ms,82.881111
1779444481.819,/benchmark/latency_ms,77.998627
1779444481.863,/benchmark/latency_ms,72.616417
1779444481.906,/benchmark/latency_ms,67.607979
1779444481.949,/benchmark/latency_ms,86.346657
1779444481.990,/benchmark/latency_ms,81.499855
1779444482.034,/benchmark/latency_ms,76.484055
1779444482.079,/benchmark/latency_ms,70.957039
1779444482.121,/benchmark/latency_ms,66.683434
1779444482.165,/benchmark/latency_ms,86.378555
1779444482.207,/benchmark/latency_ms,79.588493
1779444482.252,/benchmark/latency_ms,73.468147
1779444482.296,/benchmark/latency_ms,67.734215
1779444482.339,/benchmark/latency_ms,87.209114
1779444482.382,/benchmark/latency_ms,80.200935
1779444482.427,/benchmark/latency_ms,74.888260
1779444482.479,/benchmark/latency_ms,93.631065
1779444482.513,/benchmark/latency_ms,88.856110
1779444482.556,/benchmark/latency_ms,83.494308
1779444482.611,/benchmark/latency_ms,78.666451
1779444482.654,/benchmark/latency_ms,73.380562
1779444482.686,/benchmark/latency_ms,68.343193
1779444482.729,/benchmark/latency_ms,87.957771
1779444482.773,/benchmark/latency_ms,83.803474
1779444482.816,/benchmark/latency_ms,78.989182
1779444482.871,/benchmark/latency_ms,75.340492
1779444482.904,/benchmark/latency_ms,71.470490
1779444482.958,/benchmark/latency_ms,66.895470
1779444482.992,/benchmark/latency_ms,85.991478
1779444483.035,/benchmark/latency_ms,80.898361
1779444483.080,/benchmark/latency_ms,75.699928
1779444483.131,/benchmark/latency_ms,70.206223
1779444483.165,/benchmark/latency_ms,65.508514
1779444483.207,/benchmark/latency_ms,85.553345
1779444483.250,/benchmark/latency_ms,80.277374
1779444483.293,/benchmark/latency_ms,75.572083
1779444483.336,/benchmark/latency_ms,70.165169
1779444483.380,/benchmark/latency_ms,65.652740
1779444483.425,/benchmark/latency_ms,85.643906
1779444483.470,/benchmark/latency_ms,82.258881
1779444483.522,/benchmark/latency_ms,76.701302
1779444483.555,/benchmark/latency_ms,70.578590
1779444483.596,/benchmark/latency_ms,87.754272
1779444483.638,/benchmark/latency_ms,79.724083
1779444483.682,/benchmark/latency_ms,71.927361
1779444483.723,/benchmark/latency_ms,63.812111
1779444483.777,/benchmark/latency_ms,81.227516
1779444483.809,/benchmark/latency_ms,72.895653
1779444483.862,/benchmark/latency_ms,66.041519
1779444483.895,/benchmark/latency_ms,85.258804
1779444483.938,/benchmark/latency_ms,80.383080
1779444483.984,/benchmark/latency_ms,76.017921
1779444484.024,/benchmark/latency_ms,70.572220
1779444484.068,/benchmark/latency_ms,65.995216
1779444484.112,/benchmark/latency_ms,86.391159
1779444484.157,/benchmark/latency_ms,81.349754
1779444484.200,/benchmark/latency_ms,76.407303
1779444484.244,/benchmark/latency_ms,71.927773
1779444484.286,/benchmark/latency_ms,67.041420
1779444484.331,/benchmark/latency_ms,86.587608
1779444484.373,/benchmark/latency_ms,81.770668
1779444484.416,/benchmark/latency_ms,76.643150
1779444484.459,/benchmark/latency_ms,71.938690
1779444484.504,/benchmark/latency_ms,67.001450
1779444484.548,/benchmark/latency_ms,86.480057
1779444484.591,/benchmark/latency_ms,80.954704
1779444484.633,/benchmark/latency_ms,77.541512
1779444484.678,/benchmark/latency_ms,72.649239
1779444484.720,/benchmark/latency_ms,67.737442
1779444484.765,/benchmark/latency_ms,87.343956
1779444484.806,/benchmark/latency_ms,81.892464
1779444484.863,/benchmark/latency_ms,76.629807
1779444484.894,/benchmark/latency_ms,70.852928
1779444484.936,/benchmark/latency_ms,65.483231
1779444484.981,/benchmark/latency_ms,84.848930
1779444485.023,/benchmark/latency_ms,79.801994
1779444485.068,/benchmark/latency_ms,74.882904
1779444485.109,/benchmark/latency_ms,69.117989
1779444485.153,/benchmark/latency_ms,63.765316
1779444485.196,/benchmark/latency_ms,82.879364
1779444485.239,/benchmark/latency_ms,77.777260
1779444485.281,/benchmark/latency_ms,72.660179
1779444485.324,/benchmark/latency_ms,67.316429
1779444485.370,/benchmark/latency_ms,86.486389
1779444485.423,/benchmark/latency_ms,81.349205
1779444485.456,/benchmark/latency_ms,76.651497
1779444485.499,/benchmark/latency_ms,71.101120
1779444485.542,/benchmark/latency_ms,66.142029
1779444485.586,/benchmark/latency_ms,85.661980
1779444485.631,/benchmark/latency_ms,81.749863
1779444485.674,/benchmark/latency_ms,76.977715
1779444485.729,/benchmark/latency_ms,72.468079
1779444485.762,/benchmark/latency_ms,67.316940
1779444485.802,/benchmark/latency_ms,87.011620
1779444485.846,/benchmark/latency_ms,82.447029
1779444485.893,/benchmark/latency_ms,78.297050
1779444485.936,/benchmark/latency_ms,73.381897
1779444485.979,/benchmark/latency_ms,68.137161
1779444486.021,/benchmark/latency_ms,88.035423
1779444486.065,/benchmark/latency_ms,83.178696
1779444486.108,/benchmark/latency_ms,77.751526
1779444486.153,/benchmark/latency_ms,72.449577
1779444486.194,/benchmark/latency_ms,66.619766
1779444486.239,/benchmark/latency_ms,85.790680
1779444486.292,/benchmark/latency_ms,80.074829
1779444486.323,/benchmark/latency_ms,74.198265
1779444486.377,/benchmark/latency_ms,68.664055
1779444486.409,/benchmark/latency_ms,63.760578
1779444486.452,/benchmark/latency_ms,83.072578
1779444486.495,/benchmark/latency_ms,101.980576
1779444486.536,/benchmark/latency_ms,72.278847
1779444486.582,/benchmark/latency_ms,67.200806
1779444486.625,/benchmark/latency_ms,87.743828
1779444486.670,/benchmark/latency_ms,81.884865
1779444486.714,/benchmark/latency_ms,102.446030
1779444486.769,/benchmark/latency_ms,75.311417
1779444486.804,/benchmark/latency_ms,70.296066
1779444486.846,/benchmark/latency_ms,87.700462
1779444486.890,/benchmark/latency_ms,82.285934
1779444486.935,/benchmark/latency_ms,101.449074
1779444486.978,/benchmark/latency_ms,73.932564
1779444487.022,/benchmark/latency_ms,71.367233
1779444487.063,/benchmark/latency_ms,69.268417
1779444487.106,/benchmark/latency_ms,64.973312
1779444487.156,/benchmark/latency_ms,64.503540
1779444487.209,/benchmark/latency_ms,84.316101
1779444487.242,/benchmark/latency_ms,80.176743
1779444487.284,/benchmark/latency_ms,75.831497
1779444487.327,/benchmark/latency_ms,70.776909
1779444487.371,/benchmark/latency_ms,66.364296
1779444487.416,/benchmark/latency_ms,86.369095
1779444487.458,/benchmark/latency_ms,81.535828
1779444487.505,/benchmark/latency_ms,76.012718
1779444487.544,/benchmark/latency_ms,70.920563
1779444487.589,/benchmark/latency_ms,65.838013
1779444487.631,/benchmark/latency_ms,85.551247
1779444487.677,/benchmark/latency_ms,81.540306
1779444487.719,/benchmark/latency_ms,74.954094
1779444487.764,/benchmark/latency_ms,67.221352
1779444487.809,/benchmark/latency_ms,88.253983
1779444487.853,/benchmark/latency_ms,84.093025
1779444487.896,/benchmark/latency_ms,78.656540
1779444487.950,/benchmark/latency_ms,73.952400
1779444487.984,/benchmark/latency_ms,70.431175
1779444488.029,/benchmark/latency_ms,91.123535
1779444488.074,/benchmark/latency_ms,83.811958
1779444488.116,/benchmark/latency_ms,74.499580
1779444488.170,/benchmark/latency_ms,69.371811
1779444488.204,/benchmark/latency_ms,64.646385
1779444488.248,/benchmark/latency_ms,84.559044
1779444488.289,/benchmark/latency_ms,79.189125
1779444488.334,/benchmark/latency_ms,74.500694
1779444488.375,/benchmark/latency_ms,68.892654
1779444488.418,/benchmark/latency_ms,64.279274
1779444488.462,/benchmark/latency_ms,83.804787
1779444488.512,/benchmark/latency_ms,79.462158
1779444488.551,/benchmark/latency_ms,74.545944
1779444488.594,/benchmark/latency_ms,70.008148
1779444488.637,/benchmark/latency_ms,89.218864
1779444488.682,/benchmark/latency_ms,84.261826
1779444488.725,/benchmark/latency_ms,76.985283
1779444488.770,/benchmark/latency_ms,69.042358
1779444488.815,/benchmark/latency_ms,87.282684
1779444488.856,/benchmark/latency_ms,79.026756
1779444488.903,/benchmark/latency_ms,73.885765
1779444488.945,/benchmark/latency_ms,70.018578
1779444488.991,/benchmark/latency_ms,91.341652
1779444489.040,/benchmark/latency_ms,82.341125
1779444489.077,/benchmark/latency_ms,73.450485
1779444489.120,/benchmark/latency_ms,68.288925
1779444489.165,/benchmark/latency_ms,87.837349
1779444489.209,/benchmark/latency_ms,83.500961
1779444489.252,/benchmark/latency_ms,78.691956
1779444489.294,/benchmark/latency_ms,74.535385
1779444489.337,/benchmark/latency_ms,69.079216
1779444489.381,/benchmark/latency_ms,88.447891
1779444489.426,/benchmark/latency_ms,83.175034
1779444489.467,/benchmark/latency_ms,78.347466
1779444489.511,/benchmark/latency_ms,73.710815
1779444489.555,/benchmark/latency_ms,70.201302
1779444489.602,/benchmark/latency_ms,91.092422
1779444489.644,/benchmark/latency_ms,81.588135
1779444489.686,/benchmark/latency_ms,72.090797
1779444489.742,/benchmark/latency_ms,89.421944
1779444489.771,/benchmark/latency_ms,79.448265
1779444489.814,/benchmark/latency_ms,69.741417
1779444489.856,/benchmark/latency_ms,86.018890
1779444489.900,/benchmark/latency_ms,75.966881
1779444489.941,/benchmark/latency_ms,66.438049
1779444489.985,/benchmark/latency_ms,83.727753
1779444490.027,/benchmark/latency_ms,72.714211
1779444490.071,/benchmark/latency_ms,89.519089
1779444490.112,/benchmark/latency_ms,79.322243
1779444490.156,/benchmark/latency_ms,68.686981
1779444490.197,/benchmark/latency_ms,84.530846
1779444490.240,/benchmark/latency_ms,73.397072
1779444490.285,/benchmark/latency_ms,64.358818
1779444490.330,/benchmark/latency_ms,85.542557
1779444490.373,/benchmark/latency_ms,80.930542
1779444490.415,/benchmark/latency_ms,75.477325
1779444490.459,/benchmark/latency_ms,69.194450
1779444490.504,/benchmark/latency_ms,87.523575
1779444490.555,/benchmark/latency_ms,80.780525
1779444490.598,/benchmark/latency_ms,75.610901
1779444490.630,/benchmark/latency_ms,69.695709
1779444490.671,/benchmark/latency_ms,64.322914
1779444490.719,/benchmark/latency_ms,83.073044
1779444490.758,/benchmark/latency_ms,76.975288
1779444490.800,/benchmark/latency_ms,70.442902
1779444490.853,/benchmark/latency_ms,64.600487
1779444490.884,/benchmark/latency_ms,83.351738
1779444490.928,/benchmark/latency_ms,77.347687
1779444490.970,/benchmark/latency_ms,70.166672
1779444491.013,/benchmark/latency_ms,64.497002
1779444491.056,/benchmark/latency_ms,82.915977
1779444491.099,/benchmark/latency_ms,77.012794
1779444491.140,/benchmark/latency_ms,69.567131
1779444491.186,/benchmark/latency_ms,88.261574
1779444491.230,/benchmark/latency_ms,80.542946
1779444491.272,/benchmark/latency_ms,73.934105
1779444491.314,/benchmark/latency_ms,66.110771
1779444491.359,/benchmark/latency_ms,84.228043
1779444491.400,/benchmark/latency_ms,76.803535
1779444491.443,/benchmark/latency_ms,69.371056
1779444491.489,/benchmark/latency_ms,87.594383
1779444491.531,/benchmark/latency_ms,79.709190
1779444491.577,/benchmark/latency_ms,72.389900
1779444491.619,/benchmark/latency_ms,66.831528
1779444491.661,/benchmark/latency_ms,86.154922
1779444491.706,/benchmark/latency_ms,80.971886
1779444491.749,/benchmark/latency_ms,75.192131
1779444491.792,/benchmark/latency_ms,69.289871
1779444491.835,/benchmark/latency_ms,63.709965
1779444491.876,/benchmark/latency_ms,82.120049
1779444491.919,/benchmark/latency_ms,76.552620
1779444491.964,/benchmark/latency_ms,71.120804
1779444492.008,/benchmark/latency_ms,65.115028
1779444492.048,/benchmark/latency_ms,84.003174
1779444492.091,/benchmark/latency_ms,78.463737
1779444492.137,/benchmark/latency_ms,74.349312
1779444492.181,/benchmark/latency_ms,68.192429
1779444492.223,/benchmark/latency_ms,86.990685
1779444492.267,/benchmark/latency_ms,80.970947
1779444492.309,/benchmark/latency_ms,75.892174
1779444492.351,/benchmark/latency_ms,69.478645
1779444492.395,/benchmark/latency_ms,64.502045
1779444492.440,/benchmark/latency_ms,83.971458
1779444492.482,/benchmark/latency_ms,78.799782
1779444492.528,/benchmark/latency_ms,73.706482
1779444492.568,/benchmark/latency_ms,68.346191
1779444492.611,/benchmark/latency_ms,87.655632
1779444492.653,/benchmark/latency_ms,81.829956
1779444492.696,/benchmark/latency_ms,76.343842
1779444492.742,/benchmark/latency_ms,71.044609
1779444492.785,/benchmark/latency_ms,65.881927
1779444492.829,/benchmark/latency_ms,85.166115
1779444492.870,/benchmark/latency_ms,79.499001
1779444492.915,/benchmark/latency_ms,74.224098
1779444492.956,/benchmark/latency_ms,68.428528
1779444493.001,/benchmark/latency_ms,87.535980
1779444493.042,/benchmark/latency_ms,81.082184
1779444493.085,/benchmark/latency_ms,75.830696
1779444493.128,/benchmark/latency_ms,69.404907
1779444493.173,/benchmark/latency_ms,64.091919
1779444493.217,/benchmark/latency_ms,82.742966
1779444493.259,/benchmark/latency_ms,76.909996
1779444493.300,/benchmark/latency_ms,71.022141
1779444493.345,/benchmark/latency_ms,65.659935
1779444493.388,/benchmark/latency_ms,84.776657
1779444493.441,/benchmark/latency_ms,78.298164
1779444493.473,/benchmark/latency_ms,73.237312
1779444493.516,/benchmark/latency_ms,67.507927
1779444493.561,/benchmark/latency_ms,86.767250
1779444493.602,/benchmark/latency_ms,80.740089
1779444493.647,/benchmark/latency_ms,75.317177
1779444493.689,/benchmark/latency_ms,69.269737
1779444493.731,/benchmark/latency_ms,87.711533
1779444493.776,/benchmark/latency_ms,81.907005
1779444493.817,/benchmark/latency_ms,76.245720
1779444493.871,/benchmark/latency_ms,70.405449
1779444493.904,/benchmark/latency_ms,64.984459
1779444493.948,/benchmark/latency_ms,83.873627
1779444493.990,/benchmark/latency_ms,77.782982
1779444494.038,/benchmark/latency_ms,72.851341
1779444494.090,/benchmark/latency_ms,68.894936
1779444494.123,/benchmark/latency_ms,86.833130
1779444494.165,/benchmark/latency_ms,77.880898
1779444494.208,/benchmark/latency_ms,67.070435
1779444494.252,/benchmark/latency_ms,84.106110
1779444494.308,/benchmark/latency_ms,80.338509
1779444494.341,/benchmark/latency_ms,74.455070
1779444494.382,/benchmark/latency_ms,68.347916
1779444494.438,/benchmark/latency_ms,87.215225
1779444494.470,/benchmark/latency_ms,81.999069
1779444494.515,/benchmark/latency_ms,80.066086
1779444494.560,/benchmark/latency_ms,74.727043
1779444494.602,/benchmark/latency_ms,67.848663
1779444494.644,/benchmark/latency_ms,86.506851
1779444494.693,/benchmark/latency_ms,84.371552
1779444494.734,/benchmark/latency_ms,79.888733
1779444494.778,/benchmark/latency_ms,75.160561
1779444494.824,/benchmark/latency_ms,69.617935
1779444494.867,/benchmark/latency_ms,88.741409
1779444494.910,/benchmark/latency_ms,79.376656
1779444494.954,/benchmark/latency_ms,74.769028
1779444494.995,/benchmark/latency_ms,70.188705
1779444495.037,/benchmark/latency_ms,64.464081
1779444495.086,/benchmark/latency_ms,86.141296
1779444495.131,/benchmark/latency_ms,81.937042
1779444495.172,/benchmark/latency_ms,75.643806
1779444495.214,/benchmark/latency_ms,67.149437
1779444495.256,/benchmark/latency_ms,86.255058
1779444495.298,/benchmark/latency_ms,79.744087
1779444495.341,/benchmark/latency_ms,74.334419
1779444495.384,/benchmark/latency_ms,68.372803
1779444495.428,/benchmark/latency_ms,86.916039
1779444495.471,/benchmark/latency_ms,81.243423
1779444495.512,/benchmark/latency_ms,75.515701
1779444495.554,/benchmark/latency_ms,68.557709
1779444495.598,/benchmark/latency_ms,87.356468
1779444495.651,/benchmark/latency_ms,81.535370
1779444495.684,/benchmark/latency_ms,76.075371
1779444495.725,/benchmark/latency_ms,69.713997
1779444495.770,/benchmark/latency_ms,64.499664
1779444495.813,/benchmark/latency_ms,83.387459
1779444495.855,/benchmark/latency_ms,77.836731
1779444495.898,/benchmark/latency_ms,72.302971
1779444495.941,/benchmark/latency_ms,66.861366
1779444495.985,/benchmark/latency_ms,86.246834
1779444496.027,/benchmark/latency_ms,80.996918
1779444496.070,/benchmark/latency_ms,75.714134
1779444496.113,/benchmark/latency_ms,70.290459
1779444496.156,/benchmark/latency_ms,65.010368
1779444496.200,/benchmark/latency_ms,84.638847
1779444496.243,/benchmark/latency_ms,79.510887
1779444496.287,/benchmark/latency_ms,74.458710
1779444496.329,/benchmark/latency_ms,67.490952
1779444496.371,/benchmark/latency_ms,86.738426
1779444496.414,/benchmark/latency_ms,81.014549
1779444496.458,/benchmark/latency_ms,77.009598
1779444496.504,/benchmark/latency_ms,71.565308
1779444496.545,/benchmark/latency_ms,65.779671
1779444496.589,/benchmark/latency_ms,86.158607
1779444496.644,/benchmark/latency_ms,80.850288
1779444496.677,/benchmark/latency_ms,74.894432
1779444496.719,/benchmark/latency_ms,68.960976
1779444496.761,/benchmark/latency_ms,87.755325
1779444496.805,/benchmark/latency_ms,83.017075
1779444496.848,/benchmark/latency_ms,101.947678
1779444496.891,/benchmark/latency_ms,71.927277
1779444496.933,/benchmark/latency_ms,67.075676
1779444496.978,/benchmark/latency_ms,86.856384
1779444497.022,/benchmark/latency_ms,81.977936
1779444497.065,/benchmark/latency_ms,77.125664
1779444497.108,/benchmark/latency_ms,70.335800
1779444497.150,/benchmark/latency_ms,65.997498
1779444497.194,/benchmark/latency_ms,85.851456
1779444497.238,/benchmark/latency_ms,80.348061
1779444497.280,/benchmark/latency_ms,74.545135
1779444497.325,/benchmark/latency_ms,68.002029
1779444497.366,/benchmark/latency_ms,86.914268
1779444497.409,/benchmark/latency_ms,81.212723
1779444497.452,/benchmark/latency_ms,75.194756
1779444497.495,/benchmark/latency_ms,69.329308
1779444497.540,/benchmark/latency_ms,87.958908
1779444497.581,/benchmark/latency_ms,82.543198
1779444497.624,/benchmark/latency_ms,77.142273
1779444497.669,/benchmark/latency_ms,71.536888
1779444497.711,/benchmark/latency_ms,65.870354
1779444497.756,/benchmark/latency_ms,85.534294
1779444497.799,/benchmark/latency_ms,105.779335
1779444497.843,/benchmark/latency_ms,75.255714
1779444497.883,/benchmark/latency_ms,67.773834
1779444497.928,/benchmark/latency_ms,85.505074
1779444497.971,/benchmark/latency_ms,78.350883
1779444498.012,/benchmark/latency_ms,93.762665
1779444498.056,/benchmark/latency_ms,86.084549
1779444498.098,/benchmark/latency_ms,78.515877
1779444498.141,/benchmark/latency_ms,68.926086
1779444498.181,/benchmark/latency_ms,85.400047
1779444498.225,/benchmark/latency_ms,75.129692
1779444498.266,/benchmark/latency_ms,65.259995
1779444498.310,/benchmark/latency_ms,81.640732
1779444498.351,/benchmark/latency_ms,71.476242
1779444498.394,/benchmark/latency_ms,88.356613
1779444498.436,/benchmark/latency_ms,78.928879
1779444498.479,/benchmark/latency_ms,69.446266
1779444498.521,/benchmark/latency_ms,85.047104
1779444498.564,/benchmark/latency_ms,75.216705
1779444498.608,/benchmark/latency_ms,67.256790
1779444498.662,/benchmark/latency_ms,83.827393
1779444498.693,/benchmark/latency_ms,73.790329
1779444498.737,/benchmark/latency_ms,90.272408
1779444498.778,/benchmark/latency_ms,80.787621
1779444498.820,/benchmark/latency_ms,70.782463
1779444498.863,/benchmark/latency_ms,86.999931
1779444498.907,/benchmark/latency_ms,76.284546
1779444498.948,/benchmark/latency_ms,65.535812
1779444498.989,/benchmark/latency_ms,81.151726
1779444499.035,/benchmark/latency_ms,71.823257
1779444499.077,/benchmark/latency_ms,88.171829
1779444499.118,/benchmark/latency_ms,77.986481
1779444499.160,/benchmark/latency_ms,67.904678
1779444499.208,/benchmark/latency_ms,83.742744
1779444499.246,/benchmark/latency_ms,73.115936
1779444499.299,/benchmark/latency_ms,89.236473
1779444499.330,/benchmark/latency_ms,79.470840
1779444499.372,/benchmark/latency_ms,69.443024
1779444499.416,/benchmark/latency_ms,86.080856
1779444499.459,/benchmark/latency_ms,76.551590
1779444499.501,/benchmark/latency_ms,66.302422
1779444499.544,/benchmark/latency_ms,81.960960
1779444499.585,/benchmark/latency_ms,71.382347
1779444499.638,/benchmark/latency_ms,88.005905
1779444499.670,/benchmark/latency_ms,78.375992
1779444499.712,/benchmark/latency_ms,68.955460
1779444499.754,/benchmark/latency_ms,84.764816
1779444499.798,/benchmark/latency_ms,75.232666
1779444499.841,/benchmark/latency_ms,65.720261
1779444499.882,/benchmark/latency_ms,81.989510
1779444499.924,/benchmark/latency_ms,70.999039
1779444499.968,/benchmark/latency_ms,86.702858
1779444500.010,/benchmark/latency_ms,74.432709
1779444500.054,/benchmark/latency_ms,66.439896
1779444500.096,/benchmark/latency_ms,84.289825
1779444500.141,/benchmark/latency_ms,77.721123
1779444500.182,/benchmark/latency_ms,68.670036
1779444500.230,/benchmark/latency_ms,87.273148
1779444500.284,/benchmark/latency_ms,80.455536
1779444500.313,/benchmark/latency_ms,74.028786
1779444500.357,/benchmark/latency_ms,67.840096
1779444500.401,/benchmark/latency_ms,86.658249
1779444500.444,/benchmark/latency_ms,79.731384
1779444500.488,/benchmark/latency_ms,73.444000
1779444500.535,/benchmark/latency_ms,67.152328
1779444500.575,/benchmark/latency_ms,86.330269
1779444500.620,/benchmark/latency_ms,79.512436
1779444500.663,/benchmark/latency_ms,72.453796
1779444500.706,/benchmark/latency_ms,66.548729
1779444500.749,/benchmark/latency_ms,87.384315
1779444500.794,/benchmark/latency_ms,82.267845
1779444500.836,/benchmark/latency_ms,77.472504
1779444500.879,/benchmark/latency_ms,72.127708
1779444500.934,/benchmark/latency_ms,67.014153
1779444500.966,/benchmark/latency_ms,86.475235
1779444501.009,/benchmark/latency_ms,80.914299
1779444501.052,/benchmark/latency_ms,75.770660
1779444501.097,/benchmark/latency_ms,70.500076
1779444501.139,/benchmark/latency_ms,65.430008
1779444501.182,/benchmark/latency_ms,85.003502
1779444501.237,/benchmark/latency_ms,79.503983
1779444501.280,/benchmark/latency_ms,74.043373
1779444501.311,/benchmark/latency_ms,67.958046
1779444501.354,/benchmark/latency_ms,87.066734
1779444501.396,/benchmark/latency_ms,81.356262
1779444501.440,/benchmark/latency_ms,78.277802
1779444501.486,/benchmark/latency_ms,73.211189
1779444501.530,/benchmark/latency_ms,68.719543
1779444501.572,/benchmark/latency_ms,88.564087
1779444501.615,/benchmark/latency_ms,81.548943
1779444501.660,/benchmark/latency_ms,75.043724
1779444501.702,/benchmark/latency_ms,68.424522
1779444501.746,/benchmark/latency_ms,86.050385
1779444501.789,/benchmark/latency_ms,78.936447
1779444501.832,/benchmark/latency_ms,73.351036
1779444501.878,/benchmark/latency_ms,67.436012
1779444501.932,/benchmark/latency_ms,86.098610
1779444501.964,/benchmark/latency_ms,79.070854
1779444502.009,/benchmark/latency_ms,70.441032
1779444502.052,/benchmark/latency_ms,89.567383
1779444502.097,/benchmark/latency_ms,82.954193
1779444502.140,/benchmark/latency_ms,76.991135
1779444502.184,/benchmark/latency_ms,69.044121
1779444502.228,/benchmark/latency_ms,88.502190
1779444502.271,/benchmark/latency_ms,81.101082
1779444502.315,/benchmark/latency_ms,75.180336
1779444502.358,/benchmark/latency_ms,68.582474
1779444502.402,/benchmark/latency_ms,86.998566
1779444502.447,/benchmark/latency_ms,80.195808
1779444502.491,/benchmark/latency_ms,74.113678
1779444502.536,/benchmark/latency_ms,68.158501
1779444502.577,/benchmark/latency_ms,87.145515
1779444502.622,/benchmark/latency_ms,80.455147
1779444502.662,/benchmark/latency_ms,74.447639
1779444502.709,/benchmark/latency_ms,67.536911
1779444502.753,/benchmark/latency_ms,86.394836
1779444502.794,/benchmark/latency_ms,78.442413
1779444502.839,/benchmark/latency_ms,71.785133
1779444502.881,/benchmark/latency_ms,90.652145
1779444502.928,/benchmark/latency_ms,85.456825
1779444502.969,/benchmark/latency_ms,78.295143
1779444503.014,/benchmark/latency_ms,71.957390
1779444503.058,/benchmark/latency_ms,66.384811
1779444503.102,/benchmark/latency_ms,85.729660
1779444503.145,/benchmark/latency_ms,78.635696
1779444503.187,/benchmark/latency_ms,71.859016
1779444503.232,/benchmark/latency_ms,90.639847
1779444503.274,/benchmark/latency_ms,84.262642
1779444503.318,/benchmark/latency_ms,77.367592
1779444503.360,/benchmark/latency_ms,69.198715
1779444503.404,/benchmark/latency_ms,87.638390
1779444503.449,/benchmark/latency_ms,80.701447
1779444503.492,/benchmark/latency_ms,73.773888
1779444503.535,/benchmark/latency_ms,67.792084
1779444503.577,/benchmark/latency_ms,86.034882
1779444503.620,/benchmark/latency_ms,78.829872
1779444503.664,/benchmark/latency_ms,70.900459
1779444503.709,/benchmark/latency_ms,90.027573
1779444503.751,/benchmark/latency_ms,82.635773
1779444503.795,/benchmark/latency_ms,74.880638
1779444503.840,/benchmark/latency_ms,68.115227
1779444503.882,/benchmark/latency_ms,86.186348
1779444503.925,/benchmark/latency_ms,78.135422
1779444503.969,/benchmark/latency_ms,70.761803
1779444504.014,/benchmark/latency_ms,89.173309
1779444504.056,/benchmark/latency_ms,81.023026
1779444504.100,/benchmark/latency_ms,73.243752
1779444504.143,/benchmark/latency_ms,66.736847
1779444504.187,/benchmark/latency_ms,84.315758
1779444504.229,/benchmark/latency_ms,76.790833
1779444504.272,/benchmark/latency_ms,69.016495
1779444504.316,/benchmark/latency_ms,87.653038
1779444504.359,/benchmark/latency_ms,79.180504
1779444504.403,/benchmark/latency_ms,70.962090
1779444504.447,/benchmark/latency_ms,89.172409
1779444504.490,/benchmark/latency_ms,81.103088
1779444504.546,/benchmark/latency_ms,98.197762
1779444504.576,/benchmark/latency_ms,90.727112
1779444504.619,/benchmark/latency_ms,82.344788
1779444504.662,/benchmark/latency_ms,74.702965
1779444504.704,/benchmark/latency_ms,66.866257
1779444504.747,/benchmark/latency_ms,84.696571
1779444504.790,/benchmark/latency_ms,77.115677
1779444504.833,/benchmark/latency_ms,69.704002
1779444504.878,/benchmark/latency_ms,88.547493
1779444504.921,/benchmark/latency_ms,81.302711
1779444504.964,/benchmark/latency_ms,74.169960
1779444505.006,/benchmark/latency_ms,67.362946
1779444505.052,/benchmark/latency_ms,86.089439
1779444505.095,/benchmark/latency_ms,79.963142
1779444505.150,/benchmark/latency_ms,72.524368
1779444505.182,/benchmark/latency_ms,66.100922
1779444505.225,/benchmark/latency_ms,83.981087
1779444505.268,/benchmark/latency_ms,77.568451
1779444505.311,/benchmark/latency_ms,70.406616
1779444505.355,/benchmark/latency_ms,89.299225
1779444505.399,/benchmark/latency_ms,81.714813
1779444505.441,/benchmark/latency_ms,75.282303
1779444505.495,/benchmark/latency_ms,68.640900
1779444505.531,/benchmark/latency_ms,87.856560
1779444505.572,/benchmark/latency_ms,80.917091
1779444505.615,/benchmark/latency_ms,74.390984
1779444505.660,/benchmark/latency_ms,67.420670
1779444505.702,/benchmark/latency_ms,86.557961
1779444505.746,/benchmark/latency_ms,79.859238
1779444505.789,/benchmark/latency_ms,72.844604
1779444505.844,/benchmark/latency_ms,66.733833
1779444505.875,/benchmark/latency_ms,85.504364
1779444505.919,/benchmark/latency_ms,78.859848
1779444505.963,/benchmark/latency_ms,72.460945
1779444506.006,/benchmark/latency_ms,66.244415
1779444506.050,/benchmark/latency_ms,85.215004
1779444506.095,/benchmark/latency_ms,76.686630
1779444506.137,/benchmark/latency_ms,69.818367
1779444506.181,/benchmark/latency_ms,88.277458
1779444506.224,/benchmark/latency_ms,81.212807
1779444506.268,/benchmark/latency_ms,73.901428
1779444506.313,/benchmark/latency_ms,66.986923
1779444506.355,/benchmark/latency_ms,85.530533
1779444506.400,/benchmark/latency_ms,77.386940
1779444506.444,/benchmark/latency_ms,69.345139
1779444506.487,/benchmark/latency_ms,88.096146
1779444506.534,/benchmark/latency_ms,81.409103
1779444506.576,/benchmark/latency_ms,74.227966
1779444506.620,/benchmark/latency_ms,66.866089
1779444506.662,/benchmark/latency_ms,83.822067
1779444506.705,/benchmark/latency_ms,74.907509
1779444506.748,/benchmark/latency_ms,69.502838
1779444506.792,/benchmark/latency_ms,88.334297
1779444506.848,/benchmark/latency_ms,82.733719
1779444506.880,/benchmark/latency_ms,79.216431
1779444506.927,/benchmark/latency_ms,75.150940
1779444506.969,/benchmark/latency_ms,70.074310
1779444507.014,/benchmark/latency_ms,89.582359
1779444507.058,/benchmark/latency_ms,83.386215
1779444507.102,/benchmark/latency_ms,102.046333
1779444507.159,/benchmark/latency_ms,70.391785
1779444507.193,/benchmark/latency_ms,89.744087
1779444507.235,/benchmark/latency_ms,82.729393
1779444507.282,/benchmark/latency_ms,77.359573
1779444507.325,/benchmark/latency_ms,69.031715
1779444507.368,/benchmark/latency_ms,88.223083
1779444507.412,/benchmark/latency_ms,106.526527
1779444507.456,/benchmark/latency_ms,74.671333
1779444507.500,/benchmark/latency_ms,66.776711
1779444507.555,/benchmark/latency_ms,85.520386
1779444507.588,/benchmark/latency_ms,77.821411
1779444507.629,/benchmark/latency_ms,69.860474
1779444507.674,/benchmark/latency_ms,89.472565
1779444507.717,/benchmark/latency_ms,81.633492
1779444507.762,/benchmark/latency_ms,74.358337
1779444507.804,/benchmark/latency_ms,66.608032
1779444507.849,/benchmark/latency_ms,85.034897
1779444507.903,/benchmark/latency_ms,78.560822
1779444507.946,/benchmark/latency_ms,70.825562
1779444507.978,/benchmark/latency_ms,89.134186
1779444508.021,/benchmark/latency_ms,81.146049
1779444508.076,/benchmark/latency_ms,72.623528
1779444508.109,/benchmark/latency_ms,91.262276
1779444508.152,/benchmark/latency_ms,83.323418
1779444508.197,/benchmark/latency_ms,76.301430
1779444508.241,/benchmark/latency_ms,68.956192
1779444508.283,/benchmark/latency_ms,87.767067
1779444508.328,/benchmark/latency_ms,80.956825
1779444508.371,/benchmark/latency_ms,74.309433
1779444508.413,/benchmark/latency_ms,66.740448
1779444508.468,/benchmark/latency_ms,84.489502
1779444508.501,/benchmark/latency_ms,77.338959
1779444508.543,/benchmark/latency_ms,69.742905
1779444508.589,/benchmark/latency_ms,88.425041
1779444508.629,/benchmark/latency_ms,80.363174
1779444508.673,/benchmark/latency_ms,74.823975
1779444508.717,/benchmark/latency_ms,68.682167
1779444508.762,/benchmark/latency_ms,87.181030
1779444508.804,/benchmark/latency_ms,79.830231
1779444508.847,/benchmark/latency_ms,72.464867
1779444508.891,/benchmark/latency_ms,65.667519
1779444508.935,/benchmark/latency_ms,84.335861
1779444508.978,/benchmark/latency_ms,77.478645
1779444509.026,/benchmark/latency_ms,69.670006
1779444509.076,/benchmark/latency_ms,88.478577
1779444509.108,/benchmark/latency_ms,81.351418
1779444509.151,/benchmark/latency_ms,73.103378
1779444509.195,/benchmark/latency_ms,65.995560
1779444509.239,/benchmark/latency_ms,83.992874
1779444509.280,/benchmark/latency_ms,77.466316
1779444509.323,/benchmark/latency_ms,69.622154
1779444509.368,/benchmark/latency_ms,88.213280
1779444509.411,/benchmark/latency_ms,80.185440
1779444509.466,/benchmark/latency_ms,73.968651
1779444509.500,/benchmark/latency_ms,67.796890
1779444509.542,/benchmark/latency_ms,86.622360
1779444509.585,/benchmark/latency_ms,80.723373
1779444509.628,/benchmark/latency_ms,74.262741
1779444509.671,/benchmark/latency_ms,68.836182
1779444509.717,/benchmark/latency_ms,88.163971
1779444509.757,/benchmark/latency_ms,82.195320
1779444509.801,/benchmark/latency_ms,75.572731
1779444509.846,/benchmark/latency_ms,67.744659
1779444509.889,/benchmark/latency_ms,86.185196
1779444509.932,/benchmark/latency_ms,79.293350
1779444509.975,/benchmark/latency_ms,72.638115
1779444510.020,/benchmark/latency_ms,65.870720
1779444510.062,/benchmark/latency_ms,84.428177
1779444510.105,/benchmark/latency_ms,78.436325
1779444510.149,/benchmark/latency_ms,69.166367
1779444510.192,/benchmark/latency_ms,88.219902
1779444510.235,/benchmark/latency_ms,80.849358
1779444510.278,/benchmark/latency_ms,73.718719
1779444510.322,/benchmark/latency_ms,66.088135
1779444510.367,/benchmark/latency_ms,84.388336
1779444510.410,/benchmark/latency_ms,77.366310
1779444510.451,/benchmark/latency_ms,69.457443
1779444510.495,/benchmark/latency_ms,87.934517
1779444510.540,/benchmark/latency_ms,80.948112
1779444510.582,/benchmark/latency_ms,73.926437
1779444510.626,/benchmark/latency_ms,67.305061
1779444510.669,/benchmark/latency_ms,85.836281
1779444510.714,/benchmark/latency_ms,78.903542
1779444510.756,/benchmark/latency_ms,72.128944
1779444510.801,/benchmark/latency_ms,66.643349
1779444510.854,/benchmark/latency_ms,85.728889
1779444510.887,/benchmark/latency_ms,78.903442
1779444510.929,/benchmark/latency_ms,72.358360
1779444510.976,/benchmark/latency_ms,66.751480
1779444511.017,/benchmark/latency_ms,84.139915
1779444511.059,/benchmark/latency_ms,77.824272
1779444511.104,/benchmark/latency_ms,71.979370
1779444511.148,/benchmark/latency_ms,90.304306
1779444511.193,/benchmark/latency_ms,83.771576
1779444511.235,/benchmark/latency_ms,76.646767
1779444511.279,/benchmark/latency_ms,70.189400
1779444511.322,/benchmark/latency_ms,88.829453
1779444511.366,/benchmark/latency_ms,82.682838
1779444511.409,/benchmark/latency_ms,76.094650
1779444511.452,/benchmark/latency_ms,69.194229
1779444511.496,/benchmark/latency_ms,88.045135
1779444511.552,/benchmark/latency_ms,80.245621
1779444511.584,/benchmark/latency_ms,73.264748
1779444511.629,/benchmark/latency_ms,66.854233
1779444511.684,/benchmark/latency_ms,84.894745
1779444511.716,/benchmark/latency_ms,79.321175
1779444511.759,/benchmark/latency_ms,74.119331
1779444511.803,/benchmark/latency_ms,68.774414
1779444511.848,/benchmark/latency_ms,89.576035
1779444511.891,/benchmark/latency_ms,84.292778
1779444511.934,/benchmark/latency_ms,76.045944
1779444511.989,/benchmark/latency_ms,68.654411
1779444512.021,/benchmark/latency_ms,87.963409
1779444512.064,/benchmark/latency_ms,82.111046
1779444512.118,/benchmark/latency_ms,76.667847
1779444512.151,/benchmark/latency_ms,71.430069
1779444512.206,/benchmark/latency_ms,65.259590
1779444512.238,/benchmark/latency_ms,84.842896
1779444512.281,/benchmark/latency_ms,79.024719
1779444512.325,/benchmark/latency_ms,74.106689
1779444512.367,/benchmark/latency_ms,68.636200
1779444512.411,/benchmark/latency_ms,88.680130
1779444512.467,/benchmark/latency_ms,82.681427
1779444512.500,/benchmark/latency_ms,78.438942
1779444512.560,/benchmark/latency_ms,68.054901
1779444512.604,/benchmark/latency_ms,85.645737
1779444512.648,/benchmark/latency_ms,78.555679
1779444512.692,/benchmark/latency_ms,73.701591
1779444512.735,/benchmark/latency_ms,68.314430
1779444512.778,/benchmark/latency_ms,87.977417
1779444512.820,/benchmark/latency_ms,82.466637
1779444512.865,/benchmark/latency_ms,77.568161
1779444512.919,/benchmark/latency_ms,72.631416
1779444512.949,/benchmark/latency_ms,67.388542
1779444512.995,/benchmark/latency_ms,86.876907
1779444513.038,/benchmark/latency_ms,82.265450
1779444513.080,/benchmark/latency_ms,77.772644
1779444513.125,/benchmark/latency_ms,73.525864
1779444513.166,/benchmark/latency_ms,68.004883
1779444513.210,/benchmark/latency_ms,86.967789
1779444513.252,/benchmark/latency_ms,81.506126
1779444513.297,/benchmark/latency_ms,76.378395
1779444513.340,/benchmark/latency_ms,70.420593
1779444513.383,/benchmark/latency_ms,65.461830
1779444513.425,/benchmark/latency_ms,84.757225
1779444513.470,/benchmark/latency_ms,79.886147
1779444513.522,/benchmark/latency_ms,74.504456
1779444513.555,/benchmark/latency_ms,68.335220
1779444513.598,/benchmark/latency_ms,87.321014
1779444513.641,/benchmark/latency_ms,81.235786
1779444513.682,/benchmark/latency_ms,75.784393
1779444513.725,/benchmark/latency_ms,70.303436
1779444513.779,/benchmark/latency_ms,63.976990
1779444513.812,/benchmark/latency_ms,84.614983
1779444513.854,/benchmark/latency_ms,79.416565
1779444513.899,/benchmark/latency_ms,74.500580
1779444513.941,/benchmark/latency_ms,68.535583
1779444513.983,/benchmark/latency_ms,87.465652
1779444514.026,/benchmark/latency_ms,82.448196
1779444514.071,/benchmark/latency_ms,77.430458
1779444514.124,/benchmark/latency_ms,72.237953
1779444514.155,/benchmark/latency_ms,66.525375
1779444514.198,/benchmark/latency_ms,85.624893
1779444514.242,/benchmark/latency_ms,81.203842
1779444514.285,/benchmark/latency_ms,76.378998
1779444514.330,/benchmark/latency_ms,71.763992
1779444514.370,/benchmark/latency_ms,66.189178
1779444514.416,/benchmark/latency_ms,85.390839
1779444514.458,/benchmark/latency_ms,81.048027
1779444514.502,/benchmark/latency_ms,76.419449
1779444514.545,/benchmark/latency_ms,71.287369
1779444514.587,/benchmark/latency_ms,66.708710
1779444514.631,/benchmark/latency_ms,85.955788
1779444514.674,/benchmark/latency_ms,82.012245
1779444514.717,/benchmark/latency_ms,76.939659
1779444514.761,/benchmark/latency_ms,72.202560
1779444514.805,/benchmark/latency_ms,67.499611
1779444514.847,/benchmark/latency_ms,86.983749
1779444514.891,/benchmark/latency_ms,82.331970
1779444514.935,/benchmark/latency_ms,77.176689
1779444514.980,/benchmark/latency_ms,73.930511
1779444515.022,/benchmark/latency_ms,68.877792
1779444515.068,/benchmark/latency_ms,65.278938
1779444515.111,/benchmark/latency_ms,85.549530
1779444515.154,/benchmark/latency_ms,78.523598
1779444515.197,/benchmark/latency_ms,71.262817
1779444515.241,/benchmark/latency_ms,90.380196
1779444515.285,/benchmark/latency_ms,83.780930
1779444515.328,/benchmark/latency_ms,76.752289
1779444515.372,/benchmark/latency_ms,69.978912
1779444515.416,/benchmark/latency_ms,89.261314
1779444515.459,/benchmark/latency_ms,83.243988
1779444515.503,/benchmark/latency_ms,76.404984
1779444515.549,/benchmark/latency_ms,69.866936
1779444515.592,/benchmark/latency_ms,89.054939
1779444515.635,/benchmark/latency_ms,82.056374
1779444515.680,/benchmark/latency_ms,75.115692
1779444515.722,/benchmark/latency_ms,68.719353
1779444515.765,/benchmark/latency_ms,86.994850
1779444515.809,/benchmark/latency_ms,81.486053
1779444515.852,/benchmark/latency_ms,76.168114
1779444515.895,/benchmark/latency_ms,71.127296
1779444515.940,/benchmark/latency_ms,65.798630
1779444515.985,/benchmark/latency_ms,86.560051
1779444516.029,/benchmark/latency_ms,81.506500
1779444516.071,/benchmark/latency_ms,76.824989
1779444516.112,/benchmark/latency_ms,71.115707
1779444516.156,/benchmark/latency_ms,65.983307
1779444516.200,/benchmark/latency_ms,85.613396
1779444516.245,/benchmark/latency_ms,80.556229
1779444516.287,/benchmark/latency_ms,75.452980
1779444516.342,/benchmark/latency_ms,94.444557
1779444516.374,/benchmark/latency_ms,89.770058
1779444516.418,/benchmark/latency_ms,82.996521
1779444516.462,/benchmark/latency_ms,76.216522
1779444516.505,/benchmark/latency_ms,69.140640
1779444516.550,/benchmark/latency_ms,88.301315
1779444516.593,/benchmark/latency_ms,81.881065
1779444516.637,/benchmark/latency_ms,74.559387
1779444516.682,/benchmark/latency_ms,67.598106
1779444516.723,/benchmark/latency_ms,85.582741
1779444516.768,/benchmark/latency_ms,77.819031
1779444516.811,/benchmark/latency_ms,71.817802
1779444516.855,/benchmark/latency_ms,64.220726
1779444516.900,/benchmark/latency_ms,84.330093
1779444516.942,/benchmark/latency_ms,79.153435
1779444516.985,/benchmark/latency_ms,74.361938
1779444517.029,/benchmark/latency_ms,68.710457
1779444517.072,/benchmark/latency_ms,86.896759
1779444517.113,/benchmark/latency_ms,78.271202
1779444517.166,/benchmark/latency_ms,70.972565
1779444517.199,/benchmark/latency_ms,63.659428
1779444517.240,/benchmark/latency_ms,80.873543
1779444517.282,/benchmark/latency_ms,73.196053
1779444517.325,/benchmark/latency_ms,65.561691
1779444517.370,/benchmark/latency_ms,84.943932
1779444517.413,/benchmark/latency_ms,79.414749
1779444517.456,/benchmark/latency_ms,74.902977
1779444517.503,/benchmark/latency_ms,69.168861
1779444517.544,/benchmark/latency_ms,88.243385
1779444517.586,/benchmark/latency_ms,83.487793
1779444517.630,/benchmark/latency_ms,78.521866
1779444517.676,/benchmark/latency_ms,73.971718
1779444517.718,/benchmark/latency_ms,68.613037
1779444517.760,/benchmark/latency_ms,87.908211
1779444517.804,/benchmark/latency_ms,83.068008
1779444517.849,/benchmark/latency_ms,78.513832
1779444517.891,/benchmark/latency_ms,74.163628
1779444517.934,/benchmark/latency_ms,69.221565
1779444517.978,/benchmark/latency_ms,64.836037
1779444518.022,/benchmark/latency_ms,85.108292
1779444518.067,/benchmark/latency_ms,80.116913
1779444518.110,/benchmark/latency_ms,74.308456
1779444518.153,/benchmark/latency_ms,70.108627
1779444518.196,/benchmark/latency_ms,64.737083
1779444518.241,/benchmark/latency_ms,84.594475
1779444518.284,/benchmark/latency_ms,78.951790
1779444518.326,/benchmark/latency_ms,74.077538
1779444518.369,/benchmark/latency_ms,68.754539
1779444518.412,/benchmark/latency_ms,88.203026
1779444518.467,/benchmark/latency_ms,83.344009
1779444518.505,/benchmark/latency_ms,78.362747
1779444518.542,/benchmark/latency_ms,73.642937
1779444518.597,/benchmark/latency_ms,68.711342
1779444518.631,/benchmark/latency_ms,88.299828
1779444518.686,/benchmark/latency_ms,81.364273
1779444518.718,/benchmark/latency_ms,74.333069
1779444518.762,/benchmark/latency_ms,68.236862
1779444518.806,/benchmark/latency_ms,87.319641
1779444518.850,/benchmark/latency_ms,80.722435
1779444518.893,/benchmark/latency_ms,73.937347
1779444518.938,/benchmark/latency_ms,67.420326
1779444518.982,/benchmark/latency_ms,86.275162
1779444519.026,/benchmark/latency_ms,80.233551
1779444519.069,/benchmark/latency_ms,73.128777
1779444519.112,/benchmark/latency_ms,66.355499
1779444519.158,/benchmark/latency_ms,85.138710
1779444519.199,/benchmark/latency_ms,78.089073
1779444519.255,/benchmark/latency_ms,70.966057
1779444519.286,/benchmark/latency_ms,88.373459
1779444519.332,/benchmark/latency_ms,76.999702
1779444519.375,/benchmark/latency_ms,68.300316
1779444519.418,/benchmark/latency_ms,87.330482
1779444519.462,/benchmark/latency_ms,80.966179
1779444519.505,/benchmark/latency_ms,75.286179
1779444519.549,/benchmark/latency_ms,70.096687
1779444519.605,/benchmark/latency_ms,89.345421
1779444519.639,/benchmark/latency_ms,81.739258
1779444519.679,/benchmark/latency_ms,72.334091
1779444519.724,/benchmark/latency_ms,66.154755
1779444519.780,/benchmark/latency_ms,84.870796
1779444519.812,/benchmark/latency_ms,79.826752
1779444519.856,/benchmark/latency_ms,75.508362
1779444519.911,/benchmark/latency_ms,69.208504
1779444519.944,/benchmark/latency_ms,90.656815
1779444519.988,/benchmark/latency_ms,82.952286
1779444520.035,/benchmark/latency_ms,76.231903
1779444520.076,/benchmark/latency_ms,69.756325
1779444520.121,/benchmark/latency_ms,89.335846
1779444520.167,/benchmark/latency_ms,81.426796
1779444520.208,/benchmark/latency_ms,73.928886
1779444520.254,/benchmark/latency_ms,67.109917
1779444520.295,/benchmark/latency_ms,85.883942
1779444520.340,/benchmark/latency_ms,80.276749
1779444520.383,/benchmark/latency_ms,73.145409
1779444520.427,/benchmark/latency_ms,66.814804
1779444520.473,/benchmark/latency_ms,85.478432
1779444520.516,/benchmark/latency_ms,78.151115
1779444520.556,/benchmark/latency_ms,71.389168
1779444520.603,/benchmark/latency_ms,89.840691
1779444520.644,/benchmark/latency_ms,82.536903
1779444520.688,/benchmark/latency_ms,75.562149
1779444520.731,/benchmark/latency_ms,67.897614
1779444520.788,/benchmark/latency_ms,85.942154
1779444520.818,/benchmark/latency_ms,78.767326
1779444520.861,/benchmark/latency_ms,70.934883
1779444520.906,/benchmark/latency_ms,89.221733
1779444520.948,/benchmark/latency_ms,82.445572
1779444520.992,/benchmark/latency_ms,76.088951
1779444521.035,/benchmark/latency_ms,69.308884
1779444521.081,/benchmark/latency_ms,88.469673
1779444521.123,/benchmark/latency_ms,80.742355
1779444521.179,/benchmark/latency_ms,73.857780
1779444521.213,/benchmark/latency_ms,67.409340
1779444521.251,/benchmark/latency_ms,85.957603
1779444521.298,/benchmark/latency_ms,78.542198
1779444521.341,/benchmark/latency_ms,71.745300
1779444521.384,/benchmark/latency_ms,66.368996
1779444521.428,/benchmark/latency_ms,85.183243
1779444521.474,/benchmark/latency_ms,78.558617
1779444521.517,/benchmark/latency_ms,71.071747
1779444521.560,/benchmark/latency_ms,90.195549
1779444521.602,/benchmark/latency_ms,83.492287
1779444521.646,/benchmark/latency_ms,76.041840
1779444521.688,/benchmark/latency_ms,69.175537
1779444521.732,/benchmark/latency_ms,64.792244
1779444521.776,/benchmark/latency_ms,84.579391
1779444521.831,/benchmark/latency_ms,79.515121
1779444521.862,/benchmark/latency_ms,74.919693
1779444521.905,/benchmark/latency_ms,69.250420
1779444521.948,/benchmark/latency_ms,64.288261
1779444521.992,/benchmark/latency_ms,84.393654
1779444522.035,/benchmark/latency_ms,79.233864
1779444522.078,/benchmark/latency_ms,74.180214
1779444522.121,/benchmark/latency_ms,68.243187
1779444522.166,/benchmark/latency_ms,87.298759
1779444522.209,/benchmark/latency_ms,81.937965
1779444522.254,/benchmark/latency_ms,76.648987
1779444522.292,/benchmark/latency_ms,71.130974
1779444522.349,/benchmark/latency_ms,66.338333
1779444522.383,/benchmark/latency_ms,85.626740
1779444522.425,/benchmark/latency_ms,81.376450
1779444522.468,/benchmark/latency_ms,74.920395
1779444522.512,/benchmark/latency_ms,69.160904
1779444522.557,/benchmark/latency_ms,88.207710
1779444522.601,/benchmark/latency_ms,83.206161
1779444522.645,/benchmark/latency_ms,76.543419
1779444522.688,/benchmark/latency_ms,67.362907
1779444522.730,/benchmark/latency_ms,86.202728
1779444522.773,/benchmark/latency_ms,80.854576
1779444522.828,/benchmark/latency_ms,74.559837
1779444522.860,/benchmark/latency_ms,92.507507
1779444522.900,/benchmark/latency_ms,87.478889
1779444522.943,/benchmark/latency_ms,82.163033
1779444522.989,/benchmark/latency_ms,76.599159
1779444523.033,/benchmark/latency_ms,70.552979
1779444523.075,/benchmark/latency_ms,90.968491
1779444523.120,/benchmark/latency_ms,84.295311
1779444523.164,/benchmark/latency_ms,75.259727
1779444523.209,/benchmark/latency_ms,66.998726
1779444523.250,/benchmark/latency_ms,84.188072
1779444523.293,/benchmark/latency_ms,74.993095
1779444523.337,/benchmark/latency_ms,65.345497
1779444523.379,/benchmark/latency_ms,82.447578
1779444523.422,/benchmark/latency_ms,72.901199
1779444523.467,/benchmark/latency_ms,90.572281
1779444523.510,/benchmark/latency_ms,81.494400
1779444523.552,/benchmark/latency_ms,71.997269
1779444523.595,/benchmark/latency_ms,88.521248
1779444523.640,/benchmark/latency_ms,79.179871
1779444523.682,/benchmark/latency_ms,69.783348
1779444523.727,/benchmark/latency_ms,85.940216
1779444523.767,/benchmark/latency_ms,76.305168
1779444523.809,/benchmark/latency_ms,67.972740
1779444523.852,/benchmark/latency_ms,84.675957
1779444523.895,/benchmark/latency_ms,75.174828
1779444523.938,/benchmark/latency_ms,66.385147
1779444523.983,/benchmark/latency_ms,84.179398
1779444524.027,/benchmark/latency_ms,76.552307
1779444524.073,/benchmark/latency_ms,69.194916
1779444524.115,/benchmark/latency_ms,86.857834
1779444524.159,/benchmark/latency_ms,79.551109
1779444524.201,/benchmark/latency_ms,72.529152
1779444524.245,/benchmark/latency_ms,66.449944
1779444524.288,/benchmark/latency_ms,85.016571
1779444524.333,/benchmark/latency_ms,77.252007
1779444524.377,/benchmark/latency_ms,69.637100
1779444524.419,/benchmark/latency_ms,88.672386
1779444524.463,/benchmark/latency_ms,107.234726
1779444524.506,/benchmark/latency_ms,74.927650
1779444524.554,/benchmark/latency_ms,72.088150
1779444524.602,/benchmark/latency_ms,92.773010
1779444524.644,/benchmark/latency_ms,85.966934
1779444524.688,/benchmark/latency_ms,80.317947
1779444524.733,/benchmark/latency_ms,74.525307
1779444524.777,/benchmark/latency_ms,91.021439
1779444524.818,/benchmark/latency_ms,81.297142
1779444524.862,/benchmark/latency_ms,70.306305
1779444524.903,/benchmark/latency_ms,86.684525
1779444524.946,/benchmark/latency_ms,76.235336
1779444524.988,/benchmark/latency_ms,65.659935
1779444525.033,/benchmark/latency_ms,82.332397
1779444525.073,/benchmark/latency_ms,72.267960
1779444525.117,/benchmark/latency_ms,87.909065
1779444525.158,/benchmark/latency_ms,77.419174
1779444525.202,/benchmark/latency_ms,67.466515
1779444525.244,/benchmark/latency_ms,83.529099
1779444525.284,/benchmark/latency_ms,73.247055
1779444525.328,/benchmark/latency_ms,89.310699
1779444525.372,/benchmark/latency_ms,78.801735
1779444525.413,/benchmark/latency_ms,68.851608
1779444525.456,/benchmark/latency_ms,85.370079
1779444525.500,/benchmark/latency_ms,75.042015
1779444525.541,/benchmark/latency_ms,90.684662
1779444525.585,/benchmark/latency_ms,81.218925
1779444525.626,/benchmark/latency_ms,72.008720
1779444525.669,/benchmark/latency_ms,88.855171
1779444525.714,/benchmark/latency_ms,79.045265
1779444525.754,/benchmark/latency_ms,69.010841
1779444525.797,/benchmark/latency_ms,84.753708
1779444525.838,/benchmark/latency_ms,75.388809
1779444525.881,/benchmark/latency_ms,65.733215
1779444525.926,/benchmark/latency_ms,81.959488
1779444525.966,/benchmark/latency_ms,71.519585
1779444526.020,/benchmark/latency_ms,87.916100
1779444526.051,/benchmark/latency_ms,78.217972
1779444526.095,/benchmark/latency_ms,68.445862
1779444526.137,/benchmark/latency_ms,84.971085
1779444526.179,/benchmark/latency_ms,74.784340
1779444526.222,/benchmark/latency_ms,65.889374
1779444526.265,/benchmark/latency_ms,82.996445
1779444526.310,/benchmark/latency_ms,76.337761
1779444526.355,/benchmark/latency_ms,71.410683
1779444526.400,/benchmark/latency_ms,87.144684
1779444526.444,/benchmark/latency_ms,80.219978
1779444526.489,/benchmark/latency_ms,72.605560
1779444526.533,/benchmark/latency_ms,90.766510
1779444526.578,/benchmark/latency_ms,81.022911
1779444526.619,/benchmark/latency_ms,71.360504
1779444526.665,/benchmark/latency_ms,89.121857
1779444526.708,/benchmark/latency_ms,79.397621
1779444526.751,/benchmark/latency_ms,74.326538
1779444526.795,/benchmark/latency_ms,68.765869
1779444526.840,/benchmark/latency_ms,87.610107
1779444526.883,/benchmark/latency_ms,79.516731
1779444526.928,/benchmark/latency_ms,71.188980
1779444526.973,/benchmark/latency_ms,89.690643
1779444527.024,/benchmark/latency_ms,82.608330
1779444527.060,/benchmark/latency_ms,80.473839
1779444527.103,/benchmark/latency_ms,76.063858
1779444527.148,/benchmark/latency_ms,70.505943
1779444527.191,/benchmark/latency_ms,64.389397
1779444527.233,/benchmark/latency_ms,83.599815
1779444527.278,/benchmark/latency_ms,77.585915
1779444527.319,/benchmark/latency_ms,72.185196
1779444527.364,/benchmark/latency_ms,69.401817
1779444527.406,/benchmark/latency_ms,90.122139
1779444527.459,/benchmark/latency_ms,65.921761
1779444527.504,/benchmark/latency_ms,63.744095
1779444527.549,/benchmark/latency_ms,81.715889
1779444527.590,/benchmark/latency_ms,71.738937
1779444527.646,/benchmark/latency_ms,89.401833
1779444527.679,/benchmark/latency_ms,80.530899
1779444527.721,/benchmark/latency_ms,71.390709
1779444527.777,/benchmark/latency_ms,90.121559
1779444527.811,/benchmark/latency_ms,82.233025
1779444527.865,/benchmark/latency_ms,74.030655
1779444527.896,/benchmark/latency_ms,67.030617
1779444527.942,/benchmark/latency_ms,85.245872
1779444527.984,/benchmark/latency_ms,78.021034
1779444528.029,/benchmark/latency_ms,70.991402
1779444528.072,/benchmark/latency_ms,89.452805
1779444528.117,/benchmark/latency_ms,81.963440
1779444528.162,/benchmark/latency_ms,73.759918
1779444528.204,/benchmark/latency_ms,90.021614
1779444528.246,/benchmark/latency_ms,79.124519
1779444528.289,/benchmark/latency_ms,71.384300
1779444528.332,/benchmark/latency_ms,88.307327
1779444528.375,/benchmark/latency_ms,79.747513
1779444528.416,/benchmark/latency_ms,71.456657
1779444528.460,/benchmark/latency_ms,88.166267
1779444528.503,/benchmark/latency_ms,80.804466
1779444528.547,/benchmark/latency_ms,71.577362
1779444528.589,/benchmark/latency_ms,88.955124
1779444528.634,/benchmark/latency_ms,79.960541
1779444528.688,/benchmark/latency_ms,72.615471
1779444528.722,/benchmark/latency_ms,91.227829
1779444528.765,/benchmark/latency_ms,84.520760
1779444528.810,/benchmark/latency_ms,76.011375
1779444528.864,/benchmark/latency_ms,68.706306
1779444528.895,/benchmark/latency_ms,85.985313
1779444528.940,/benchmark/latency_ms,77.401848
1779444528.982,/benchmark/latency_ms,68.582626
1779444529.028,/benchmark/latency_ms,87.185860
1779444529.067,/benchmark/latency_ms,78.184555
1779444529.110,/benchmark/latency_ms,70.049988
1779444529.152,/benchmark/latency_ms,87.699471
1779444529.196,/benchmark/latency_ms,80.251549
1779444529.236,/benchmark/latency_ms,71.527184
1779444529.291,/benchmark/latency_ms,63.775707
1779444529.323,/benchmark/latency_ms,81.443741
1779444529.365,/benchmark/latency_ms,73.947411
1779444529.407,/benchmark/latency_ms,65.565773
1779444529.451,/benchmark/latency_ms,82.449883
1779444529.494,/benchmark/latency_ms,74.733032
1779444529.536,/benchmark/latency_ms,66.559563
1779444529.579,/benchmark/latency_ms,83.249428
1779444529.623,/benchmark/latency_ms,74.400284
1779444529.666,/benchmark/latency_ms,90.800896
1779444529.711,/benchmark/latency_ms,81.849068
1779444529.752,/benchmark/latency_ms,72.008575
1779444529.792,/benchmark/latency_ms,88.941711
1779444529.837,/benchmark/latency_ms,79.128258
1779444529.891,/benchmark/latency_ms,69.365875
1779444529.921,/benchmark/latency_ms,86.688110
1779444529.965,/benchmark/latency_ms,77.280846
1779444530.007,/benchmark/latency_ms,67.580261
1779444530.051,/benchmark/latency_ms,84.744438
1779444530.106,/benchmark/latency_ms,74.615746
1779444530.136,/benchmark/latency_ms,91.229576
1779444530.181,/benchmark/latency_ms,82.157837
1779444530.225,/benchmark/latency_ms,73.241501
1779444530.264,/benchmark/latency_ms,90.083145
1779444530.309,/benchmark/latency_ms,79.876045
1779444530.350,/benchmark/latency_ms,70.051872
1779444530.393,/benchmark/latency_ms,86.581673
1779444530.434,/benchmark/latency_ms,76.464272
1779444530.476,/benchmark/latency_ms,66.841614
1779444530.519,/benchmark/latency_ms,82.038574
1779444530.563,/benchmark/latency_ms,73.047539
1779444530.616,/benchmark/latency_ms,89.688927
1779444530.647,/benchmark/latency_ms,80.174774
1779444530.689,/benchmark/latency_ms,69.932571
1779444530.732,/benchmark/latency_ms,85.943832
1779444530.785,/benchmark/latency_ms,75.335732
1779444530.816,/benchmark/latency_ms,65.537315
1779444530.860,/benchmark/latency_ms,81.450684
1779444530.901,/benchmark/latency_ms,71.954361
1779444530.943,/benchmark/latency_ms,88.645859
1779444530.986,/benchmark/latency_ms,78.669968
1779444531.032,/benchmark/latency_ms,69.192230
1779444531.072,/benchmark/latency_ms,85.303360
1779444531.114,/benchmark/latency_ms,74.882370
1779444531.157,/benchmark/latency_ms,66.119156
1779444531.199,/benchmark/latency_ms,81.597466
1779444531.245,/benchmark/latency_ms,73.774597
1779444531.289,/benchmark/latency_ms,67.830978
1779444531.333,/benchmark/latency_ms,64.827309
1779444531.374,/benchmark/latency_ms,83.521004
1779444531.419,/benchmark/latency_ms,76.141800
1779444531.460,/benchmark/latency_ms,69.009956
1779444531.504,/benchmark/latency_ms,88.816193
1779444531.549,/benchmark/latency_ms,83.704948
1779444531.591,/benchmark/latency_ms,78.966415
1779444531.635,/benchmark/latency_ms,73.735680
1779444531.678,/benchmark/latency_ms,69.396141
1779444531.733,/benchmark/latency_ms,87.870438
1779444531.765,/benchmark/latency_ms,82.328339
1779444531.807,/benchmark/latency_ms,76.842682
1779444531.852,/benchmark/latency_ms,72.042900
1779444531.892,/benchmark/latency_ms,65.659111
1779444531.936,/benchmark/latency_ms,85.125114
1779444531.978,/benchmark/latency_ms,78.376068
1779444532.021,/benchmark/latency_ms,73.025772
1779444532.064,/benchmark/latency_ms,67.018982
1779444532.108,/benchmark/latency_ms,63.503368
1779444532.151,/benchmark/latency_ms,82.968796
1779444532.193,/benchmark/latency_ms,77.246078
1779444532.235,/benchmark/latency_ms,71.220413
1779444532.278,/benchmark/latency_ms,66.010735
1779444532.323,/benchmark/latency_ms,84.925041
1779444532.366,/benchmark/latency_ms,80.032684
1779444532.410,/benchmark/latency_ms,74.937920
1779444532.454,/benchmark/latency_ms,69.860054
1779444532.496,/benchmark/latency_ms,64.443169
1779444532.538,/benchmark/latency_ms,82.993309
1779444532.581,/benchmark/latency_ms,78.034737
1779444532.625,/benchmark/latency_ms,73.055695
1779444532.668,/benchmark/latency_ms,66.625214
1779444532.713,/benchmark/latency_ms,85.391418
1779444532.754,/benchmark/latency_ms,80.101257
1779444532.797,/benchmark/latency_ms,74.237808
1779444532.838,/benchmark/latency_ms,68.499245
1779444532.881,/benchmark/latency_ms,87.549721
1779444532.924,/benchmark/latency_ms,82.072197
1779444532.967,/benchmark/latency_ms,77.099838
1779444533.009,/benchmark/latency_ms,71.075607
1779444533.053,/benchmark/latency_ms,66.089577
1779444533.096,/benchmark/latency_ms,85.350807
1779444533.141,/benchmark/latency_ms,80.336044
1779444533.182,/benchmark/latency_ms,75.205605
1779444533.224,/benchmark/latency_ms,70.074104
1779444533.268,/benchmark/latency_ms,65.366997
1779444533.313,/benchmark/latency_ms,85.728065
1779444533.368,/benchmark/latency_ms,81.092453
1779444533.399,/benchmark/latency_ms,76.651527
1779444533.442,/benchmark/latency_ms,71.191284
1779444533.485,/benchmark/latency_ms,66.557526
1779444533.544,/benchmark/latency_ms,85.732864
1779444533.573,/benchmark/latency_ms,81.389069
1779444533.617,/benchmark/latency_ms,76.547363
1779444533.659,/benchmark/latency_ms,70.715851
1779444533.702,/benchmark/latency_ms,65.822273
1779444533.747,/benchmark/latency_ms,84.868301
1779444533.789,/benchmark/latency_ms,78.677284
1779444533.832,/benchmark/latency_ms,71.817383
1779444533.876,/benchmark/latency_ms,65.370903
1779444533.920,/benchmark/latency_ms,84.178810
1779444533.964,/benchmark/latency_ms,77.432129
1779444534.007,/benchmark/latency_ms,71.170708
1779444534.062,/benchmark/latency_ms,90.556129
1779444534.094,/benchmark/latency_ms,83.062546
1779444534.137,/benchmark/latency_ms,73.927322
1779444534.178,/benchmark/latency_ms,66.562164
1779444534.220,/benchmark/latency_ms,83.468735
1779444534.262,/benchmark/latency_ms,73.041344
1779444534.318,/benchmark/latency_ms,89.396385
1779444534.348,/benchmark/latency_ms,79.431763
1779444534.390,/benchmark/latency_ms,70.355774
1779444534.433,/benchmark/latency_ms,87.116386
1779444534.475,/benchmark/latency_ms,76.862701
1779444534.518,/benchmark/latency_ms,66.280334
1779444534.560,/benchmark/latency_ms,82.358597
1779444534.604,/benchmark/latency_ms,72.686424
1779444534.645,/benchmark/latency_ms,89.626343
1779444534.690,/benchmark/latency_ms,79.228653
1779444534.730,/benchmark/latency_ms,68.957367
1779444534.773,/benchmark/latency_ms,85.568123
1779444534.815,/benchmark/latency_ms,75.942421
1779444534.857,/benchmark/latency_ms,66.295563
1779444534.899,/benchmark/latency_ms,82.392387
1779444534.943,/benchmark/latency_ms,73.070663
1779444534.984,/benchmark/latency_ms,89.870346
1779444535.032,/benchmark/latency_ms,80.809875
1779444535.072,/benchmark/latency_ms,70.362679
1779444535.123,/benchmark/latency_ms,87.269188
1779444535.154,/benchmark/latency_ms,77.949348
1779444535.196,/benchmark/latency_ms,68.597702
1779444535.239,/benchmark/latency_ms,84.356148
1779444535.282,/benchmark/latency_ms,74.607849
1779444535.322,/benchmark/latency_ms,65.217865
1779444535.366,/benchmark/latency_ms,81.202042
1779444535.408,/benchmark/latency_ms,70.914215
1779444535.453,/benchmark/latency_ms,89.166740
1779444535.496,/benchmark/latency_ms,79.212425
1779444535.538,/benchmark/latency_ms,69.593666
1779444535.580,/benchmark/latency_ms,85.895836
1779444535.624,/benchmark/latency_ms,75.964622
1779444535.666,/benchmark/latency_ms,65.809624
1779444535.711,/benchmark/latency_ms,82.005363
1779444535.750,/benchmark/latency_ms,71.670616
1779444535.793,/benchmark/latency_ms,89.318680
1779444535.835,/benchmark/latency_ms,81.500160
1779444535.880,/benchmark/latency_ms,76.690948
1779444535.922,/benchmark/latency_ms,68.937996
1779444535.967,/benchmark/latency_ms,85.276108
1779444536.009,/benchmark/latency_ms,76.118965
1779444536.054,/benchmark/latency_ms,68.572037
1779444536.097,/benchmark/latency_ms,65.575630
1779444536.152,/benchmark/latency_ms,84.686005
1779444536.182,/benchmark/latency_ms,77.820351
1779444536.225,/benchmark/latency_ms,69.081581
1779444536.267,/benchmark/latency_ms,85.957047
1779444536.309,/benchmark/latency_ms,77.408623
1779444536.364,/benchmark/latency_ms,71.725685
1779444536.396,/benchmark/latency_ms,66.047897
1779444536.441,/benchmark/latency_ms,84.360687
1779444536.492,/benchmark/latency_ms,76.837669
1779444536.528,/benchmark/latency_ms,69.177940
1779444536.568,/benchmark/latency_ms,63.146671
1779444536.624,/benchmark/latency_ms,80.260162
1779444536.666,/benchmark/latency_ms,71.981888
1779444536.696,/benchmark/latency_ms,63.367924
1779444536.738,/benchmark/latency_ms,81.263741
1779444536.791,/benchmark/latency_ms,73.323555
1779444536.822,/benchmark/latency_ms,90.929955
1779444536.865,/benchmark/latency_ms,80.103096
1779444536.907,/benchmark/latency_ms,69.495224
1779444536.950,/benchmark/latency_ms,85.767441
1779444536.993,/benchmark/latency_ms,102.337715
1779444537.048,/benchmark/latency_ms,69.874596
1779444537.078,/benchmark/latency_ms,87.722626
1779444537.134,/benchmark/latency_ms,80.504578
1779444537.164,/benchmark/latency_ms,76.468529
1779444537.208,/benchmark/latency_ms,69.900833
1779444537.252,/benchmark/latency_ms,65.295044
1779444537.294,/benchmark/latency_ms,84.823219
1779444537.337,/benchmark/latency_ms,79.458344
1779444537.381,/benchmark/latency_ms,74.652992
1779444537.423,/benchmark/latency_ms,69.615067
1779444537.467,/benchmark/latency_ms,64.650772
1779444537.510,/benchmark/latency_ms,83.656403
1779444537.555,/benchmark/latency_ms,79.051292
1779444537.598,/benchmark/latency_ms,75.660027
1779444537.641,/benchmark/latency_ms,69.183502
1779444537.684,/benchmark/latency_ms,63.852478
1779444537.729,/benchmark/latency_ms,83.189674
1779444537.771,/benchmark/latency_ms,78.155205
1779444537.815,/benchmark/latency_ms,72.687340
1779444537.858,/benchmark/latency_ms,67.897484
1779444537.901,/benchmark/latency_ms,86.671242
1779444537.956,/benchmark/latency_ms,81.433212
1779444537.989,/benchmark/latency_ms,76.273582
1779444538.043,/benchmark/latency_ms,71.360619
1779444538.074,/benchmark/latency_ms,65.137276
1779444538.119,/benchmark/latency_ms,84.710220
1779444538.174,/benchmark/latency_ms,79.378906
1779444538.204,/benchmark/latency_ms,74.401878
1779444538.248,/benchmark/latency_ms,68.556213
1779444538.291,/benchmark/latency_ms,87.419991
1779444538.332,/benchmark/latency_ms,81.646492
1779444538.376,/benchmark/latency_ms,76.741272
1779444538.418,/benchmark/latency_ms,70.509483
1779444538.462,/benchmark/latency_ms,65.092796
1779444538.506,/benchmark/latency_ms,84.392578
1779444538.561,/benchmark/latency_ms,78.796654
1779444538.593,/benchmark/latency_ms,73.919945
1779444538.636,/benchmark/latency_ms,68.402328
1779444538.679,/benchmark/latency_ms,87.302071
1779444538.725,/benchmark/latency_ms,82.261192
1779444538.765,/benchmark/latency_ms,77.048607
1779444538.811,/benchmark/latency_ms,72.710663
1779444538.854,/benchmark/latency_ms,91.778030
1779444538.899,/benchmark/latency_ms,82.582260
1779444538.954,/benchmark/latency_ms,72.999634
1779444538.988,/benchmark/latency_ms,67.929062
1779444539.031,/benchmark/latency_ms,87.363632
1779444539.074,/benchmark/latency_ms,82.514030
1779444539.116,/benchmark/latency_ms,76.731758
1779444539.160,/benchmark/latency_ms,71.712044
1779444539.206,/benchmark/latency_ms,66.016945
1779444539.247,/benchmark/latency_ms,85.767715
1779444539.291,/benchmark/latency_ms,79.830978
1779444539.333,/benchmark/latency_ms,75.277031
1779444539.388,/benchmark/latency_ms,70.035263
1779444539.421,/benchmark/latency_ms,65.732109
1779444539.464,/benchmark/latency_ms,84.936562
1779444539.509,/benchmark/latency_ms,80.948708
1779444539.551,/benchmark/latency_ms,76.096001
1779444539.595,/benchmark/latency_ms,70.937012
1779444539.639,/benchmark/latency_ms,66.192467
1779444539.694,/benchmark/latency_ms,85.421722
1779444539.725,/benchmark/latency_ms,80.920326
1779444539.771,/benchmark/latency_ms,77.577225
1779444539.814,/benchmark/latency_ms,72.612709
1779444539.870,/benchmark/latency_ms,68.705818
1779444539.903,/benchmark/latency_ms,89.393478
1779444539.947,/benchmark/latency_ms,83.914803
1779444539.991,/benchmark/latency_ms,79.576508
1779444540.035,/benchmark/latency_ms,76.508812
1779444540.078,/benchmark/latency_ms,72.145874
1779444540.122,/benchmark/latency_ms,67.544182
1779444540.166,/benchmark/latency_ms,86.937180
1779444540.210,/benchmark/latency_ms,80.248398
1779444540.253,/benchmark/latency_ms,72.997932
1779444540.298,/benchmark/latency_ms,67.248749
1779444540.342,/benchmark/latency_ms,85.681755
1779444540.385,/benchmark/latency_ms,79.589401
1779444540.440,/benchmark/latency_ms,72.520538
1779444540.474,/benchmark/latency_ms,91.101585
1779444540.516,/benchmark/latency_ms,83.695084
1779444540.560,/benchmark/latency_ms,77.117844
1779444540.603,/benchmark/latency_ms,69.491310
1779444540.648,/benchmark/latency_ms,88.545258
1779444540.693,/benchmark/latency_ms,80.719322
1779444540.737,/benchmark/latency_ms,74.355148
1779444540.779,/benchmark/latency_ms,68.107178
1779444540.826,/benchmark/latency_ms,87.760506
1779444540.867,/benchmark/latency_ms,80.242920
1779444540.911,/benchmark/latency_ms,73.323471
1779444540.955,/benchmark/latency_ms,65.876839
1779444541.000,/benchmark/latency_ms,84.441307
1779444541.040,/benchmark/latency_ms,76.895981
1779444541.085,/benchmark/latency_ms,69.432579
1779444541.130,/benchmark/latency_ms,88.204254
1779444541.172,/benchmark/latency_ms,80.522606
1779444541.214,/benchmark/latency_ms,72.405846
1779444541.257,/benchmark/latency_ms,65.817955
1779444541.300,/benchmark/latency_ms,83.812103
1779444541.345,/benchmark/latency_ms,76.995186
1779444541.386,/benchmark/latency_ms,69.831314
1779444541.428,/benchmark/latency_ms,87.866577
1779444541.475,/benchmark/latency_ms,80.802040
1779444541.517,/benchmark/latency_ms,73.365326
1779444541.563,/benchmark/latency_ms,67.452148
1779444541.607,/benchmark/latency_ms,86.529709
1779444541.647,/benchmark/latency_ms,76.236153
1779444541.691,/benchmark/latency_ms,69.317604
1779444541.735,/benchmark/latency_ms,88.617355
1779444541.779,/benchmark/latency_ms,82.355713
1779444541.822,/benchmark/latency_ms,76.772171
1779444541.865,/benchmark/latency_ms,71.149460
1779444541.908,/benchmark/latency_ms,65.643646
1779444541.953,/benchmark/latency_ms,86.333832
1779444542.000,/benchmark/latency_ms,80.400909
1779444542.043,/benchmark/latency_ms,74.832886
1779444542.085,/benchmark/latency_ms,68.666893
1779444542.127,/benchmark/latency_ms,88.335098
1779444542.183,/benchmark/latency_ms,83.947273
1779444542.225,/benchmark/latency_ms,79.176743
1779444542.256,/benchmark/latency_ms,74.329185
1779444542.299,/benchmark/latency_ms,68.488197
1779444542.342,/benchmark/latency_ms,63.785515
1779444542.388,/benchmark/latency_ms,83.978951
1779444542.430,/benchmark/latency_ms,78.911011
1779444542.473,/benchmark/latency_ms,75.025780
1779444542.516,/benchmark/latency_ms,70.014580
1779444542.560,/benchmark/latency_ms,65.920998
1779444542.604,/benchmark/latency_ms,85.901405
1779444542.647,/benchmark/latency_ms,80.856979
1779444542.691,/benchmark/latency_ms,75.877838
1779444542.735,/benchmark/latency_ms,70.526428
1779444542.777,/benchmark/latency_ms,65.682976
1779444542.834,/benchmark/latency_ms,85.161034
1779444542.864,/benchmark/latency_ms,80.140450
1779444542.909,/benchmark/latency_ms,75.171608
1779444542.962,/benchmark/latency_ms,69.523109
1779444542.996,/benchmark/latency_ms,64.690018
1779444543.037,/benchmark/latency_ms,84.458740
1779444543.082,/benchmark/latency_ms,79.348740
1779444543.137,/benchmark/latency_ms,74.482979
1779444543.167,/benchmark/latency_ms,69.234840
1779444543.212,/benchmark/latency_ms,88.364151
1779444543.256,/benchmark/latency_ms,83.362228
1779444543.298,/benchmark/latency_ms,78.353645
1779444543.340,/benchmark/latency_ms,73.346626
1779444543.384,/benchmark/latency_ms,67.138596
1779444543.437,/benchmark/latency_ms,85.841873
1779444543.470,/benchmark/latency_ms,80.510376
1779444543.512,/benchmark/latency_ms,76.287285
1779444543.555,/benchmark/latency_ms,70.337685
1779444543.600,/benchmark/latency_ms,65.809120
1779444543.644,/benchmark/latency_ms,85.494026
1779444543.699,/benchmark/latency_ms,80.469734
1779444543.742,/benchmark/latency_ms,75.326904
1779444543.773,/benchmark/latency_ms,69.790245
1779444543.815,/benchmark/latency_ms,64.824417
1779444543.860,/benchmark/latency_ms,85.107582
1779444543.916,/benchmark/latency_ms,80.278175
1779444543.946,/benchmark/latency_ms,75.261719
1779444543.990,/benchmark/latency_ms,69.765450
1779444544.033,/benchmark/latency_ms,64.448181
1779444544.078,/benchmark/latency_ms,83.849854
1779444544.120,/benchmark/latency_ms,80.346169
1779444544.162,/benchmark/latency_ms,74.430206
1779444544.207,/benchmark/latency_ms,70.945663
1779444544.262,/benchmark/latency_ms,67.168861
1779444544.294,/benchmark/latency_ms,86.346619
1779444544.337,/benchmark/latency_ms,80.959404
1779444544.379,/benchmark/latency_ms,76.091209
1779444544.423,/benchmark/latency_ms,70.805946
1779444544.479,/benchmark/latency_ms,66.140869
1779444544.512,/benchmark/latency_ms,85.754700
1779444544.554,/benchmark/latency_ms,80.554916
1779444544.596,/benchmark/latency_ms,75.624321
1779444544.641,/benchmark/latency_ms,70.553177
1779444544.686,/benchmark/latency_ms,90.224037
1779444544.730,/benchmark/latency_ms,83.811157
1779444544.771,/benchmark/latency_ms,74.840073
1779444544.817,/benchmark/latency_ms,67.750793
1779444544.871,/benchmark/latency_ms,88.194733
1779444544.904,/benchmark/latency_ms,81.725220
1779444544.945,/benchmark/latency_ms,73.640396
1779444544.987,/benchmark/latency_ms,65.979393
1779444545.029,/benchmark/latency_ms,83.331818
1779444545.086,/benchmark/latency_ms,75.994759
1779444545.114,/benchmark/latency_ms,67.588455
1779444545.158,/benchmark/latency_ms,83.942039
1779444545.202,/benchmark/latency_ms,74.948967
1779444545.243,/benchmark/latency_ms,65.359756
1779444545.286,/benchmark/latency_ms,82.818459
1779444545.327,/benchmark/latency_ms,72.921043
1779444545.371,/benchmark/latency_ms,88.911102
1779444545.415,/benchmark/latency_ms,79.585831
1779444545.456,/benchmark/latency_ms,69.221230
1779444545.499,/benchmark/latency_ms,85.588005
1779444545.541,/benchmark/latency_ms,75.785858
1779444545.583,/benchmark/latency_ms,66.166878
1779444545.626,/benchmark/latency_ms,82.194054
1779444545.667,/benchmark/latency_ms,72.688431
1779444545.712,/benchmark/latency_ms,89.229828
1779444545.765,/benchmark/latency_ms,79.200829
1779444545.794,/benchmark/latency_ms,69.089935
1779444545.837,/benchmark/latency_ms,84.970032
1779444545.879,/benchmark/latency_ms,74.834824
1779444545.932,/benchmark/latency_ms,65.490799
1779444545.965,/benchmark/latency_ms,82.516624
1779444546.019,/benchmark/latency_ms,72.687050
1779444546.050,/benchmark/latency_ms,89.164513
1779444546.093,/benchmark/latency_ms,79.798210
1779444546.134,/benchmark/latency_ms,69.866272
1779444546.178,/benchmark/latency_ms,86.637817
1779444546.220,/benchmark/latency_ms,76.527695
1779444546.264,/benchmark/latency_ms,67.889481
1779444546.307,/benchmark/latency_ms,84.814217
1779444546.351,/benchmark/latency_ms,75.614296
1779444546.392,/benchmark/latency_ms,65.794930
1779444546.436,/benchmark/latency_ms,83.037949
1779444546.478,/benchmark/latency_ms,98.166702
1779444546.519,/benchmark/latency_ms,65.735985
1779444546.562,/benchmark/latency_ms,83.221794
1779444546.606,/benchmark/latency_ms,76.584976
1779444546.647,/benchmark/latency_ms,68.986626
1779444546.701,/benchmark/latency_ms,64.009247
1779444546.738,/benchmark/latency_ms,81.526993
1779444546.780,/benchmark/latency_ms,73.126450
1779444546.821,/benchmark/latency_ms,89.626633
1779444546.876,/benchmark/latency_ms,80.117104
1779444546.908,/benchmark/latency_ms,70.779892
1779444546.951,/benchmark/latency_ms,88.482315
1779444546.996,/benchmark/latency_ms,78.677322
1779444547.036,/benchmark/latency_ms,67.865128
1779444547.081,/benchmark/latency_ms,86.736694
1779444547.124,/benchmark/latency_ms,106.020920
1779444547.166,/benchmark/latency_ms,73.790627
1779444547.209,/benchmark/latency_ms,66.277145
1779444547.263,/benchmark/latency_ms,82.868851
1779444547.292,/benchmark/latency_ms,74.876030
1779444547.336,/benchmark/latency_ms,66.262138
1779444547.390,/benchmark/latency_ms,83.261086
1779444547.420,/benchmark/latency_ms,74.500496
1779444547.462,/benchmark/latency_ms,66.287384
1779444547.503,/benchmark/latency_ms,83.463615
1779444547.546,/benchmark/latency_ms,76.457001
1779444547.588,/benchmark/latency_ms,67.758850
1779444547.632,/benchmark/latency_ms,85.231155
1779444547.674,/benchmark/latency_ms,76.779251
1779444547.715,/benchmark/latency_ms,68.344368
1779444547.757,/benchmark/latency_ms,85.235214
1779444547.800,/benchmark/latency_ms,77.160759
1779444547.841,/benchmark/latency_ms,67.688515
1779444547.885,/benchmark/latency_ms,85.011047
1779444547.926,/benchmark/latency_ms,77.112312
1779444547.980,/benchmark/latency_ms,68.806046
1779444548.013,/benchmark/latency_ms,86.075844
1779444548.053,/benchmark/latency_ms,77.984177
1779444548.095,/benchmark/latency_ms,69.042397
1779444548.140,/benchmark/latency_ms,86.873077
1779444548.185,/benchmark/latency_ms,81.168671
1779444548.226,/benchmark/latency_ms,74.033958
1779444548.272,/benchmark/latency_ms,66.651138
1779444548.316,/benchmark/latency_ms,83.477760
1779444548.372,/benchmark/latency_ms,78.734047
1779444548.403,/benchmark/latency_ms,75.195747
1779444548.446,/benchmark/latency_ms,69.230339
1779444548.492,/benchmark/latency_ms,65.221596
1779444548.546,/benchmark/latency_ms,84.737373
1779444548.578,/benchmark/latency_ms,79.779800
1779444548.621,/benchmark/latency_ms,74.932281
1779444548.666,/benchmark/latency_ms,69.657555
1779444548.709,/benchmark/latency_ms,64.827278
1779444548.752,/benchmark/latency_ms,84.819489
1779444548.795,/benchmark/latency_ms,79.872124
1779444548.840,/benchmark/latency_ms,74.345612
1779444548.881,/benchmark/latency_ms,68.644920
1779444548.925,/benchmark/latency_ms,88.344444
1779444548.970,/benchmark/latency_ms,83.193237
1779444549.013,/benchmark/latency_ms,78.467163
1779444549.068,/benchmark/latency_ms,73.543472
1779444549.098,/benchmark/latency_ms,67.888092
1779444549.143,/benchmark/latency_ms,87.232765
1779444549.186,/benchmark/latency_ms,82.439163
1779444549.228,/benchmark/latency_ms,77.716927
1779444549.271,/benchmark/latency_ms,73.230125
1779444549.314,/benchmark/latency_ms,67.925499
1779444549.359,/benchmark/latency_ms,87.377762
1779444549.404,/benchmark/latency_ms,82.699493
1779444549.445,/benchmark/latency_ms,78.269516
1779444549.490,/benchmark/latency_ms,73.509201
1779444549.532,/benchmark/latency_ms,68.447624
1779444549.575,/benchmark/latency_ms,87.937355
1779444549.620,/benchmark/latency_ms,83.345749
1779444549.663,/benchmark/latency_ms,78.025574
1779444549.708,/benchmark/latency_ms,73.187340
1779444549.748,/benchmark/latency_ms,67.902817
1779444549.791,/benchmark/latency_ms,87.167770
1779444549.836,/benchmark/latency_ms,83.268661
1779444549.878,/benchmark/latency_ms,78.637146
1779444549.921,/benchmark/latency_ms,74.269447
1779444549.966,/benchmark/latency_ms,68.885269
1779444550.010,/benchmark/latency_ms,64.856720
1779444550.053,/benchmark/latency_ms,85.256897
1779444550.107,/benchmark/latency_ms,79.861809
1779444550.138,/benchmark/latency_ms,74.030556
1779444550.182,/benchmark/latency_ms,67.997536
1779444550.236,/benchmark/latency_ms,87.201401
1779444550.267,/benchmark/latency_ms,82.028175
1779444550.312,/benchmark/latency_ms,76.347000
1779444550.352,/benchmark/latency_ms,70.177269
1779444550.395,/benchmark/latency_ms,64.668930
1779444550.452,/benchmark/latency_ms,84.075394
1779444550.483,/benchmark/latency_ms,79.142403
1779444550.529,/benchmark/latency_ms,74.133438
1779444550.570,/benchmark/latency_ms,70.012115
1779444550.625,/benchmark/latency_ms,65.332695
1779444550.658,/benchmark/latency_ms,84.895256
1779444550.700,/benchmark/latency_ms,79.062370
1779444550.743,/benchmark/latency_ms,73.820312
1779444550.786,/benchmark/latency_ms,67.648308
1779444550.830,/benchmark/latency_ms,87.140053
1779444550.886,/benchmark/latency_ms,82.352440
1779444550.916,/benchmark/latency_ms,77.346581
1779444550.960,/benchmark/latency_ms,71.625854
1779444551.003,/benchmark/latency_ms,67.045921
1779444551.059,/benchmark/latency_ms,86.509056
1779444551.089,/benchmark/latency_ms,81.449722
1779444551.145,/benchmark/latency_ms,77.015617
1779444551.175,/benchmark/latency_ms,71.802238
1779444551.230,/benchmark/latency_ms,66.530739
1779444551.262,/benchmark/latency_ms,86.098259
1779444551.306,/benchmark/latency_ms,80.804810
1779444551.348,/benchmark/latency_ms,75.110100
1779444551.391,/benchmark/latency_ms,69.487328
1779444551.448,/benchmark/latency_ms,64.961868
1779444551.491,/benchmark/latency_ms,84.772530
1779444551.524,/benchmark/latency_ms,79.936623
1779444551.565,/benchmark/latency_ms,74.405853
1779444551.620,/benchmark/latency_ms,68.778923
1779444551.652,/benchmark/latency_ms,87.804451
1779444551.696,/benchmark/latency_ms,83.393997
1779444551.738,/benchmark/latency_ms,77.456116
1779444551.781,/benchmark/latency_ms,72.533936
1779444551.827,/benchmark/latency_ms,66.401772
1779444551.869,/benchmark/latency_ms,85.293213
1779444551.912,/benchmark/latency_ms,78.381004
1779444551.957,/benchmark/latency_ms,71.811295
1779444551.999,/benchmark/latency_ms,90.890320
1779444552.044,/benchmark/latency_ms,84.018585
1779444552.087,/benchmark/latency_ms,77.228874
1779444552.131,/benchmark/latency_ms,70.144753
1779444552.174,/benchmark/latency_ms,86.754913
1779444552.218,/benchmark/latency_ms,78.837196
1779444552.260,/benchmark/latency_ms,71.332489
1779444552.307,/benchmark/latency_ms,90.522980
1779444552.361,/benchmark/latency_ms,83.863510
1779444552.403,/benchmark/latency_ms,77.043777
1779444552.436,/benchmark/latency_ms,69.674309
1779444552.480,/benchmark/latency_ms,88.094627
1779444552.528,/benchmark/latency_ms,80.198898
1779444552.566,/benchmark/latency_ms,73.083992
1779444552.622,/benchmark/latency_ms,66.699089
1779444552.650,/benchmark/latency_ms,85.959976
1779444552.696,/benchmark/latency_ms,77.901047
1779444552.752,/benchmark/latency_ms,71.443314
1779444552.787,/benchmark/latency_ms,89.570572
1779444552.840,/benchmark/latency_ms,82.321129
1779444552.872,/benchmark/latency_ms,74.497787
1779444552.929,/benchmark/latency_ms,67.296547
1779444552.972,/benchmark/latency_ms,84.740044
1779444553.002,/benchmark/latency_ms,77.198280
1779444553.047,/benchmark/latency_ms,70.414963
1779444553.091,/benchmark/latency_ms,88.889938
1779444553.133,/benchmark/latency_ms,82.776848
1779444553.188,/benchmark/latency_ms,76.844406
1779444553.221,/benchmark/latency_ms,70.987679
1779444553.264,/benchmark/latency_ms,65.745369
1779444553.307,/benchmark/latency_ms,85.008560
1779444553.350,/benchmark/latency_ms,79.167732
1779444553.395,/benchmark/latency_ms,74.330421
1779444553.441,/benchmark/latency_ms,69.054764
1779444553.486,/benchmark/latency_ms,87.767731
1779444553.529,/benchmark/latency_ms,78.012566
1779444553.572,/benchmark/latency_ms,71.393677
1779444553.614,/benchmark/latency_ms,66.222054
1779444553.657,/benchmark/latency_ms,85.758469
1779444553.700,/benchmark/latency_ms,80.501945
1779444553.743,/benchmark/latency_ms,74.105774
1779444553.799,/benchmark/latency_ms,69.998695
1779444553.833,/benchmark/latency_ms,91.075790
1779444553.878,/benchmark/latency_ms,83.447716
1779444553.922,/benchmark/latency_ms,76.411217
1779444553.967,/benchmark/latency_ms,69.524796
1779444554.011,/benchmark/latency_ms,87.915192
1779444554.056,/benchmark/latency_ms,107.054733
1779444554.101,/benchmark/latency_ms,79.862656
1779444554.145,/benchmark/latency_ms,76.681458
1779444554.188,/benchmark/latency_ms,73.180756
1779444554.230,/benchmark/latency_ms,69.135178
1779444554.274,/benchmark/latency_ms,84.261848
1779444554.318,/benchmark/latency_ms,74.939301
1779444554.360,/benchmark/latency_ms,66.732941
1779444554.406,/benchmark/latency_ms,65.068420
1779444554.449,/benchmark/latency_ms,85.986755
1779444554.496,/benchmark/latency_ms,82.002365
1779444554.534,/benchmark/latency_ms,70.730263
1779444554.580,/benchmark/latency_ms,91.270287
1779444554.622,/benchmark/latency_ms,81.991867
1779444554.666,/benchmark/latency_ms,73.194580
1779444554.708,/benchmark/latency_ms,66.206108
1779444554.753,/benchmark/latency_ms,86.368874
1779444554.795,/benchmark/latency_ms,75.581329
1779444554.848,/benchmark/latency_ms,65.560555
1779444554.878,/benchmark/latency_ms,81.680336
1779444554.922,/benchmark/latency_ms,73.534554
1779444554.967,/benchmark/latency_ms,65.221733
1779444555.012,/benchmark/latency_ms,87.018433
1779444555.056,/benchmark/latency_ms,84.068237
1779444555.098,/benchmark/latency_ms,79.611732
1779444555.151,/benchmark/latency_ms,69.986618
1779444555.182,/benchmark/latency_ms,87.163551
1779444555.226,/benchmark/latency_ms,77.585190
1779444555.269,/benchmark/latency_ms,68.282677
1779444555.324,/benchmark/latency_ms,84.795067
1779444555.352,/benchmark/latency_ms,74.504082
1779444555.395,/benchmark/latency_ms,91.055748
1779444555.439,/benchmark/latency_ms,81.551819
1779444555.483,/benchmark/latency_ms,71.797897
1779444555.525,/benchmark/latency_ms,89.001549
1779444555.568,/benchmark/latency_ms,78.711777
1779444555.610,/benchmark/latency_ms,68.129517
1779444555.653,/benchmark/latency_ms,84.525497
1779444555.696,/benchmark/latency_ms,74.597176
1779444555.752,/benchmark/latency_ms,90.202957
1779444555.781,/benchmark/latency_ms,79.686134
1779444555.824,/benchmark/latency_ms,69.732147
1779444555.878,/benchmark/latency_ms,85.268494
1779444555.909,/benchmark/latency_ms,75.742485
1779444555.952,/benchmark/latency_ms,66.169052
1779444555.994,/benchmark/latency_ms,82.009270
1779444556.038,/benchmark/latency_ms,72.165047
1779444556.081,/benchmark/latency_ms,88.809479
1779444556.124,/benchmark/latency_ms,79.401489
1779444556.165,/benchmark/latency_ms,68.332497
1779444556.208,/benchmark/latency_ms,84.548721
1779444556.250,/benchmark/latency_ms,74.382797
1779444556.294,/benchmark/latency_ms,90.712112
1779444556.337,/benchmark/latency_ms,81.717384
1779444556.378,/benchmark/latency_ms,71.769547
1779444556.426,/benchmark/latency_ms,66.351257
1779444556.471,/benchmark/latency_ms,84.914558
1779444556.519,/benchmark/latency_ms,78.334511
1779444556.557,/benchmark/latency_ms,70.192062
1779444556.600,/benchmark/latency_ms,87.625923
1779444556.643,/benchmark/latency_ms,81.693993
1779444556.688,/benchmark/latency_ms,76.342239
1779444556.734,/benchmark/latency_ms,72.796547
1779444556.787,/benchmark/latency_ms,67.968391
1779444556.822,/benchmark/latency_ms,66.872139
1779444556.866,/benchmark/latency_ms,84.931519
1779444556.912,/benchmark/latency_ms,78.826561
1779444556.955,/benchmark/latency_ms,97.644646
1779444556.998,/benchmark/latency_ms,90.475693
1779444557.055,/benchmark/latency_ms,82.738914
1779444557.087,/benchmark/latency_ms,77.220207
1779444557.130,/benchmark/latency_ms,70.843147
1779444557.174,/benchmark/latency_ms,65.666534
1779444557.233,/benchmark/latency_ms,84.702774
1779444557.263,/benchmark/latency_ms,79.265350
1779444557.305,/benchmark/latency_ms,73.475471
1779444557.360,/benchmark/latency_ms,67.729790
1779444557.391,/benchmark/latency_ms,86.284378
1779444557.434,/benchmark/latency_ms,81.443039
1779444557.490,/benchmark/latency_ms,76.373215
1779444557.520,/benchmark/latency_ms,71.688644
1779444557.563,/benchmark/latency_ms,65.954636
1779444557.606,/benchmark/latency_ms,85.029053
1779444557.650,/benchmark/latency_ms,79.607948
1779444557.694,/benchmark/latency_ms,74.457672
1779444557.736,/benchmark/latency_ms,68.472908
1779444557.782,/benchmark/latency_ms,87.313141
1779444557.823,/benchmark/latency_ms,82.511292
1779444557.878,/benchmark/latency_ms,77.464539
1779444557.923,/benchmark/latency_ms,72.289742
1779444557.954,/benchmark/latency_ms,66.990181
1779444557.997,/benchmark/latency_ms,86.293884
1779444558.043,/benchmark/latency_ms,81.642433
1779444558.085,/benchmark/latency_ms,75.958832
1779444558.127,/benchmark/latency_ms,69.494888
1779444558.171,/benchmark/latency_ms,88.026016
1779444558.214,/benchmark/latency_ms,82.941475
1779444558.268,/benchmark/latency_ms,77.619675
1779444558.313,/benchmark/latency_ms,71.779938
1779444558.342,/benchmark/latency_ms,65.850533
1779444558.386,/benchmark/latency_ms,84.851791
1779444558.429,/benchmark/latency_ms,79.479462
1779444558.474,/benchmark/latency_ms,74.702728
1779444558.518,/benchmark/latency_ms,69.384995
1779444558.561,/benchmark/latency_ms,65.125557
1779444558.606,/benchmark/latency_ms,85.441536
1779444558.651,/benchmark/latency_ms,77.242928
1779444558.696,/benchmark/latency_ms,69.640617
1779444558.740,/benchmark/latency_ms,88.262894
1779444558.795,/benchmark/latency_ms,76.227119
1779444558.840,/benchmark/latency_ms,68.035713
1779444558.871,/benchmark/latency_ms,87.171440
1779444558.927,/benchmark/latency_ms,81.744705
1779444558.958,/benchmark/latency_ms,76.258896
1779444559.012,/benchmark/latency_ms,70.831207
1779444559.045,/benchmark/latency_ms,67.303596
1779444559.101,/benchmark/latency_ms,87.117065
1779444559.134,/benchmark/latency_ms,81.021545
1779444559.177,/benchmark/latency_ms,74.183357
1779444559.222,/benchmark/latency_ms,67.189095
1779444559.265,/benchmark/latency_ms,87.049507
1779444559.310,/benchmark/latency_ms,80.106094
1779444559.354,/benchmark/latency_ms,72.785049
1779444559.398,/benchmark/latency_ms,66.857758
1779444559.440,/benchmark/latency_ms,85.055954
1779444559.484,/benchmark/latency_ms,77.988731
1779444559.528,/benchmark/latency_ms,70.604767
1779444559.583,/benchmark/latency_ms,89.051254
1779444559.614,/benchmark/latency_ms,81.826080
1779444559.659,/benchmark/latency_ms,73.752586
1779444559.703,/benchmark/latency_ms,66.838074
1779444559.749,/benchmark/latency_ms,85.573570
1779444559.802,/benchmark/latency_ms,78.248611
1779444559.833,/benchmark/latency_ms,72.252357
1779444559.891,/benchmark/latency_ms,94.121819
1779444559.938,/benchmark/latency_ms,88.976662
1779444559.970,/benchmark/latency_ms,81.746078
1779444560.014,/benchmark/latency_ms,75.216919
1779444560.071,/benchmark/latency_ms,68.062744
1779444560.106,/benchmark/latency_ms,90.348663
1779444560.161,/benchmark/latency_ms,79.915176
1779444560.189,/benchmark/latency_ms,69.697983
1779444560.232,/benchmark/latency_ms,87.789650
1779444560.272,/benchmark/latency_ms,78.510948
1779444560.327,/benchmark/latency_ms,69.594879
1779444560.355,/benchmark/latency_ms,85.487450
1779444560.397,/benchmark/latency_ms,76.919487
1779444560.441,/benchmark/latency_ms,68.330879
1779444560.480,/benchmark/latency_ms,85.467644
1779444560.523,/benchmark/latency_ms,77.975349
1779444560.566,/benchmark/latency_ms,70.047661
1779444560.609,/benchmark/latency_ms,89.129562
1779444560.666,/benchmark/latency_ms,81.651413
1779444560.697,/benchmark/latency_ms,70.862015
1779444560.740,/benchmark/latency_ms,87.297066
1779444560.782,/benchmark/latency_ms,80.941925
1779444560.823,/benchmark/latency_ms,74.800323
1779444560.864,/benchmark/latency_ms,67.579117
1779444560.908,/benchmark/latency_ms,86.400948
1779444560.963,/benchmark/latency_ms,80.142639
1779444560.995,/benchmark/latency_ms,74.492416
1779444561.035,/benchmark/latency_ms,68.011063
1779444561.078,/benchmark/latency_ms,86.496017
1779444561.121,/benchmark/latency_ms,80.246155
1779444561.163,/benchmark/latency_ms,74.148178
1779444561.208,/benchmark/latency_ms,67.507011
1779444561.260,/benchmark/latency_ms,86.163750
1779444561.289,/benchmark/latency_ms,80.183342
1779444561.334,/benchmark/latency_ms,74.125618
1779444561.375,/benchmark/latency_ms,67.396774
1779444561.419,/benchmark/latency_ms,87.814194
1779444561.461,/benchmark/latency_ms,81.902138
1779444561.505,/benchmark/latency_ms,76.298759
1779444561.546,/benchmark/latency_ms,69.845055
1779444561.591,/benchmark/latency_ms,64.198509
1779444561.632,/benchmark/latency_ms,82.663498
1779444561.688,/benchmark/latency_ms,78.587975
1779444561.722,/benchmark/latency_ms,72.071098
1779444561.767,/benchmark/latency_ms,92.846382
1779444561.808,/benchmark/latency_ms,81.581039
1779444561.851,/benchmark/latency_ms,71.173988
1779444561.894,/benchmark/latency_ms,65.569527
1779444561.936,/benchmark/latency_ms,84.790878
1779444561.978,/benchmark/latency_ms,78.621223
1779444562.023,/benchmark/latency_ms,73.481857
1779444562.064,/benchmark/latency_ms,67.395744
1779444562.107,/benchmark/latency_ms,86.235168
1779444562.149,/benchmark/latency_ms,79.949059
1779444562.191,/benchmark/latency_ms,74.803421
1779444562.245,/benchmark/latency_ms,68.224342
1779444562.276,/benchmark/latency_ms,86.635307
1779444562.320,/benchmark/latency_ms,80.347626
1779444562.361,/benchmark/latency_ms,74.269005
1779444562.404,/benchmark/latency_ms,67.443138
1779444562.447,/benchmark/latency_ms,85.935738
1779444562.491,/benchmark/latency_ms,79.188843
1779444562.533,/benchmark/latency_ms,73.634048
1779444562.574,/benchmark/latency_ms,67.040596
1779444562.617,/benchmark/latency_ms,86.484489
1779444562.671,/benchmark/latency_ms,79.237808
1779444562.702,/benchmark/latency_ms,73.507034
1779444562.745,/benchmark/latency_ms,67.832008
1779444562.788,/benchmark/latency_ms,85.751862
1779444562.832,/benchmark/latency_ms,75.339851
1779444562.873,/benchmark/latency_ms,69.181358
1779444562.916,/benchmark/latency_ms,63.305176
1779444562.958,/benchmark/latency_ms,82.103546
1779444563.002,/benchmark/latency_ms,76.892532
1779444563.056,/benchmark/latency_ms,68.591003
1779444563.099,/benchmark/latency_ms,86.420769
1779444563.143,/benchmark/latency_ms,80.637360
1779444563.173,/benchmark/latency_ms,74.764122
1779444563.215,/benchmark/latency_ms,68.703674
1779444563.259,/benchmark/latency_ms,87.003380
1779444563.302,/benchmark/latency_ms,81.216537
1779444563.342,/benchmark/latency_ms,75.264328
1779444563.385,/benchmark/latency_ms,68.783836
1779444563.428,/benchmark/latency_ms,87.190742
1779444563.471,/benchmark/latency_ms,81.926353
1779444563.514,/benchmark/latency_ms,76.074745
1779444563.569,/benchmark/latency_ms,71.542374
1779444563.602,/benchmark/latency_ms,65.990456
1779444563.643,/benchmark/latency_ms,85.218178
1779444563.685,/benchmark/latency_ms,78.929382
1779444563.741,/benchmark/latency_ms,73.792000
1779444563.770,/benchmark/latency_ms,67.370110
1779444563.812,/benchmark/latency_ms,85.969658
1779444563.854,/benchmark/latency_ms,79.434258
1779444563.896,/benchmark/latency_ms,74.031013
1779444563.940,/benchmark/latency_ms,68.179634
1779444563.980,/benchmark/latency_ms,86.873199
1779444564.025,/benchmark/latency_ms,81.192863
1779444564.065,/benchmark/latency_ms,76.039474
1779444564.108,/benchmark/latency_ms,69.390511
1779444564.150,/benchmark/latency_ms,88.331696
1779444564.193,/benchmark/latency_ms,82.006287
1779444564.236,/benchmark/latency_ms,75.233917
1779444564.277,/benchmark/latency_ms,68.195183
1779444564.320,/benchmark/latency_ms,86.718468
1779444564.376,/benchmark/latency_ms,80.954742
1779444564.409,/benchmark/latency_ms,75.767952
1779444564.451,/benchmark/latency_ms,68.235085
1779444564.499,/benchmark/latency_ms,86.128502
1779444564.537,/benchmark/latency_ms,75.985298
1779444564.592,/benchmark/latency_ms,69.445129
1779444564.622,/benchmark/latency_ms,63.787258
1779444564.665,/benchmark/latency_ms,82.691711
1779444564.709,/benchmark/latency_ms,76.651108
1779444564.762,/benchmark/latency_ms,72.128014
1779444564.794,/benchmark/latency_ms,66.359550
1779444564.839,/benchmark/latency_ms,84.054466
1779444564.893,/benchmark/latency_ms,75.241150
1779444564.925,/benchmark/latency_ms,67.474876
1779444564.977,/benchmark/latency_ms,83.833466
1779444565.005,/benchmark/latency_ms,75.653038
1779444565.047,/benchmark/latency_ms,67.524025
1779444565.089,/benchmark/latency_ms,84.020317
1779444565.132,/benchmark/latency_ms,75.075256
1779444565.175,/benchmark/latency_ms,65.425285
1779444565.215,/benchmark/latency_ms,81.605247
1779444565.258,/benchmark/latency_ms,71.688385
1779444565.298,/benchmark/latency_ms,87.002312
1779444565.341,/benchmark/latency_ms,76.907913
1779444565.382,/benchmark/latency_ms,66.190994
1779444565.424,/benchmark/latency_ms,82.065933
1779444565.469,/benchmark/latency_ms,72.138252
1779444565.509,/benchmark/latency_ms,88.643150
1779444565.564,/benchmark/latency_ms,78.529808
1779444565.605,/benchmark/latency_ms,68.560661
1779444565.636,/benchmark/latency_ms,84.461449
1779444565.679,/benchmark/latency_ms,76.259735
1779444565.723,/benchmark/latency_ms,65.246368
1779444565.762,/benchmark/latency_ms,81.491936
1779444565.805,/benchmark/latency_ms,70.936050
1779444565.849,/benchmark/latency_ms,86.350235
1779444565.891,/benchmark/latency_ms,75.951981
1779444565.931,/benchmark/latency_ms,66.089233
1779444565.973,/benchmark/latency_ms,82.254288
1779444566.015,/benchmark/latency_ms,72.070061
1779444566.058,/benchmark/latency_ms,88.362823
1779444566.099,/benchmark/latency_ms,78.768082
1779444566.143,/benchmark/latency_ms,68.044289
1779444566.185,/benchmark/latency_ms,83.718834
1779444566.226,/benchmark/latency_ms,73.736275
1779444566.282,/benchmark/latency_ms,90.479675
1779444566.310,/benchmark/latency_ms,81.218414
1779444566.352,/benchmark/latency_ms,70.986351
1779444566.396,/benchmark/latency_ms,86.319733
1779444566.438,/benchmark/latency_ms,76.436951
1779444566.488,/benchmark/latency_ms,65.513153
1779444566.526,/benchmark/latency_ms,81.680122
1779444566.578,/benchmark/latency_ms,72.620918
1779444566.609,/benchmark/latency_ms,66.405403
1779444566.652,/benchmark/latency_ms,85.735558
1779444566.695,/benchmark/latency_ms,78.950966
1779444566.738,/benchmark/latency_ms,70.653152
1779444566.793,/benchmark/latency_ms,65.398209
1779444566.825,/benchmark/latency_ms,87.040611
1779444566.870,/benchmark/latency_ms,82.079109
1779444566.926,/benchmark/latency_ms,73.784019
1779444566.955,/benchmark/latency_ms,64.691566
1779444567.004,/benchmark/latency_ms,64.556969
1779444567.048,/benchmark/latency_ms,84.107796
1779444567.092,/benchmark/latency_ms,77.756721
1779444567.146,/benchmark/latency_ms,71.245583
1779444567.180,/benchmark/latency_ms,65.953575
1779444567.222,/benchmark/latency_ms,84.015091
1779444567.276,/benchmark/latency_ms,75.408470
1779444567.310,/benchmark/latency_ms,68.511559
1779444567.352,/benchmark/latency_ms,86.920029
1779444567.394,/benchmark/latency_ms,79.744202
1779444567.437,/benchmark/latency_ms,71.769882
1779444567.481,/benchmark/latency_ms,90.408470
1779444567.524,/benchmark/latency_ms,82.258728
1779444567.569,/benchmark/latency_ms,75.259956
1779444567.611,/benchmark/latency_ms,67.811516
1779444567.656,/benchmark/latency_ms,86.596146
1779444567.697,/benchmark/latency_ms,79.346428
1779444567.740,/benchmark/latency_ms,72.391373
1779444567.785,/benchmark/latency_ms,65.712547
1779444567.830,/benchmark/latency_ms,85.168655
1779444567.874,/benchmark/latency_ms,77.599213
1779444567.928,/benchmark/latency_ms,70.040398
1779444567.960,/benchmark/latency_ms,88.274048
1779444568.002,/benchmark/latency_ms,80.939461
1779444568.046,/benchmark/latency_ms,73.636169
1779444568.089,/benchmark/latency_ms,66.725693
1779444568.133,/benchmark/latency_ms,85.197067
1779444568.176,/benchmark/latency_ms,78.039093
1779444568.219,/benchmark/latency_ms,70.742332
1779444568.264,/benchmark/latency_ms,89.911461
1779444568.317,/benchmark/latency_ms,82.845169
1779444568.360,/benchmark/latency_ms,75.996391
1779444568.393,/benchmark/latency_ms,68.256226
1779444568.434,/benchmark/latency_ms,86.408524
1779444568.478,/benchmark/latency_ms,78.639236
1779444568.520,/benchmark/latency_ms,70.023979
1779444568.566,/benchmark/latency_ms,87.569031
1779444568.608,/benchmark/latency_ms,79.761024
1779444568.648,/benchmark/latency_ms,71.528946
1779444568.694,/benchmark/latency_ms,90.110023
1779444568.748,/benchmark/latency_ms,82.485573
1779444568.778,/benchmark/latency_ms,75.138863
1779444568.823,/benchmark/latency_ms,68.345093
1779444568.878,/benchmark/latency_ms,85.890236
1779444568.921,/benchmark/latency_ms,78.082420
1779444568.949,/benchmark/latency_ms,70.277328
1779444568.996,/benchmark/latency_ms,88.496414
1779444569.038,/benchmark/latency_ms,81.350281
1779444569.082,/benchmark/latency_ms,73.840813
1779444569.124,/benchmark/latency_ms,66.872795
1779444569.169,/benchmark/latency_ms,84.867615
1779444569.210,/benchmark/latency_ms,78.274971
1779444569.252,/benchmark/latency_ms,70.020004
1779444569.297,/benchmark/latency_ms,88.513344
1779444569.341,/benchmark/latency_ms,79.565208
1779444569.394,/benchmark/latency_ms,75.367981
1779444569.426,/benchmark/latency_ms,70.155052
1779444569.469,/benchmark/latency_ms,65.645271
1779444569.515,/benchmark/latency_ms,87.149788
1779444569.560,/benchmark/latency_ms,80.995102
1779444569.602,/benchmark/latency_ms,70.553558
1779444569.642,/benchmark/latency_ms,87.269691
1779444569.686,/benchmark/latency_ms,77.563049
1779444569.729,/benchmark/latency_ms,69.493530
1779444569.771,/benchmark/latency_ms,86.363586
1779444569.815,/benchmark/latency_ms,78.371422
1779444569.857,/benchmark/latency_ms,70.809532
1779444569.903,/benchmark/latency_ms,89.607674
1779444569.944,/benchmark/latency_ms,82.159294
1779444569.988,/benchmark/latency_ms,75.479477
1779444570.031,/benchmark/latency_ms,68.536034
1779444570.079,/benchmark/latency_ms,66.292969
1779444570.123,/benchmark/latency_ms,84.234444
1779444570.166,/benchmark/latency_ms,76.753899
1779444570.210,/benchmark/latency_ms,68.784676
1779444570.254,/benchmark/latency_ms,86.873901
1779444570.295,/benchmark/latency_ms,78.408791
1779444570.339,/benchmark/latency_ms,70.890488
1779444570.382,/benchmark/latency_ms,89.260391
1779444570.425,/benchmark/latency_ms,81.322174
1779444570.467,/benchmark/latency_ms,73.368118
1779444570.513,/benchmark/latency_ms,65.879967
1779444570.565,/benchmark/latency_ms,83.201073
1779444570.596,/benchmark/latency_ms,75.230438
1779444570.638,/benchmark/latency_ms,67.876205
1779444570.683,/benchmark/latency_ms,86.631371
1779444570.726,/benchmark/latency_ms,79.682549
1779444570.768,/benchmark/latency_ms,71.410149
1779444570.811,/benchmark/latency_ms,89.258636
1779444570.855,/benchmark/latency_ms,81.341087
1779444570.899,/benchmark/latency_ms,74.018631
1779444570.943,/benchmark/latency_ms,66.897301
1779444570.987,/benchmark/latency_ms,84.448273
1779444571.029,/benchmark/latency_ms,77.046646
1779444571.072,/benchmark/latency_ms,68.660034
1779444571.114,/benchmark/latency_ms,85.794479
1779444571.170,/benchmark/latency_ms,75.568687
1779444571.199,/benchmark/latency_ms,65.789848
1779444571.245,/benchmark/latency_ms,82.043472
1779444571.285,/benchmark/latency_ms,73.249298
1779444571.330,/benchmark/latency_ms,88.993088
1779444571.371,/benchmark/latency_ms,79.072388
1779444571.413,/benchmark/latency_ms,69.428818
1779444571.459,/benchmark/latency_ms,86.284828
1779444571.500,/benchmark/latency_ms,78.506294
1779444571.548,/benchmark/latency_ms,73.982056
1779444571.601,/benchmark/latency_ms,67.951050
1779444571.646,/benchmark/latency_ms,87.710266
1779444571.676,/benchmark/latency_ms,82.568794
1779444571.721,/benchmark/latency_ms,100.534721
1779444571.762,/benchmark/latency_ms,66.916016
1779444571.804,/benchmark/latency_ms,84.484207
1779444571.849,/benchmark/latency_ms,75.340775
1779444571.889,/benchmark/latency_ms,91.346489
1779444571.932,/benchmark/latency_ms,81.015381
1779444571.977,/benchmark/latency_ms,71.228668
1779444572.023,/benchmark/latency_ms,88.766197
1779444572.063,/benchmark/latency_ms,80.389923
1779444572.107,/benchmark/latency_ms,76.911430
1779444572.151,/benchmark/latency_ms,73.674934
1779444572.194,/benchmark/latency_ms,67.740677
1779444572.239,/benchmark/latency_ms,87.031403
1779444572.281,/benchmark/latency_ms,82.515671
1779444572.324,/benchmark/latency_ms,78.171532
1779444572.379,/benchmark/latency_ms,73.815742
1779444572.410,/benchmark/latency_ms,68.739418
1779444572.454,/benchmark/latency_ms,88.199753
1779444572.499,/benchmark/latency_ms,84.915924
1779444572.543,/benchmark/latency_ms,80.475685
1779444572.586,/benchmark/latency_ms,75.889359
1779444572.630,/benchmark/latency_ms,70.099968
1779444572.673,/benchmark/latency_ms,66.129372
1779444572.718,/benchmark/latency_ms,85.372635
1779444572.762,/benchmark/latency_ms,78.880760
1779444572.802,/benchmark/latency_ms,69.740982
1779444572.846,/benchmark/latency_ms,87.428787
1779444572.891,/benchmark/latency_ms,78.741013
1779444572.935,/benchmark/latency_ms,72.007378
1779444572.976,/benchmark/latency_ms,65.668846
1779444573.020,/benchmark/latency_ms,84.091553
1779444573.068,/benchmark/latency_ms,78.647408
1779444573.108,/benchmark/latency_ms,70.843758
1779444573.151,/benchmark/latency_ms,88.873489
1779444573.194,/benchmark/latency_ms,80.603104
1779444573.237,/benchmark/latency_ms,73.905655
1779444573.278,/benchmark/latency_ms,67.350357
1779444573.323,/benchmark/latency_ms,86.430611
1779444573.366,/benchmark/latency_ms,81.351410
1779444573.411,/benchmark/latency_ms,75.342720
1779444573.453,/benchmark/latency_ms,69.229897
1779444573.495,/benchmark/latency_ms,89.352188
1779444573.540,/benchmark/latency_ms,84.272606
1779444573.585,/benchmark/latency_ms,76.681442
1779444573.629,/benchmark/latency_ms,68.338509
1779444573.685,/benchmark/latency_ms,86.150734
1779444573.716,/benchmark/latency_ms,79.534790
1779444573.761,/benchmark/latency_ms,73.674164
1779444573.802,/benchmark/latency_ms,67.679581
1779444573.858,/benchmark/latency_ms,87.235176
1779444573.889,/benchmark/latency_ms,81.879875
1779444573.934,/benchmark/latency_ms,77.013672
1779444573.977,/benchmark/latency_ms,71.229210
1779444574.020,/benchmark/latency_ms,66.086067
1779444574.065,/benchmark/latency_ms,86.918976
1779444574.119,/benchmark/latency_ms,82.377609
1779444574.151,/benchmark/latency_ms,74.485313
1779444574.194,/benchmark/latency_ms,66.275352
1779444574.239,/benchmark/latency_ms,85.943649
1779444574.281,/benchmark/latency_ms,79.794189
1779444574.326,/benchmark/latency_ms,75.673637
1779444574.370,/benchmark/latency_ms,68.804794
1779444574.425,/benchmark/latency_ms,87.326370
1779444574.455,/benchmark/latency_ms,80.831200
1779444574.510,/benchmark/latency_ms,74.983376
1779444574.542,/benchmark/latency_ms,69.357346
1779444574.587,/benchmark/latency_ms,87.727440
1779444574.641,/benchmark/latency_ms,81.943710
1779444574.674,/benchmark/latency_ms,77.983002
1779444574.731,/benchmark/latency_ms,71.641373
1779444574.774,/benchmark/latency_ms,91.671799
1779444574.808,/benchmark/latency_ms,84.294044
1779444574.862,/benchmark/latency_ms,76.146347
1779444574.905,/benchmark/latency_ms,68.339531
1779444574.938,/benchmark/latency_ms,88.063606
1779444574.980,/benchmark/latency_ms,81.719643
1779444575.025,/benchmark/latency_ms,76.528885
1779444575.068,/benchmark/latency_ms,70.408409
1779444575.113,/benchmark/latency_ms,65.346176
1779444575.157,/benchmark/latency_ms,85.344627
1779444575.201,/benchmark/latency_ms,81.352943
1779444575.245,/benchmark/latency_ms,76.146988
1779444575.299,/benchmark/latency_ms,68.136902
1779444575.332,/benchmark/latency_ms,86.933815
1779444575.373,/benchmark/latency_ms,80.234512
1779444575.418,/benchmark/latency_ms,75.082413
1779444575.463,/benchmark/latency_ms,70.107063
1779444575.505,/benchmark/latency_ms,65.442818
1779444575.549,/benchmark/latency_ms,85.551064
1779444575.591,/benchmark/latency_ms,80.054703
1779444575.648,/benchmark/latency_ms,75.154961
1779444575.679,/benchmark/latency_ms,70.743111
1779444575.724,/benchmark/latency_ms,91.118561
1779444575.768,/benchmark/latency_ms,82.252480
1779444575.813,/benchmark/latency_ms,73.148193
1779444575.855,/benchmark/latency_ms,66.740479
1779444575.899,/benchmark/latency_ms,86.651154
1779444575.942,/benchmark/latency_ms,81.674263
1779444575.986,/benchmark/latency_ms,76.622841
1779444576.029,/benchmark/latency_ms,71.509720
1779444576.073,/benchmark/latency_ms,66.270287
1779444576.118,/benchmark/latency_ms,86.346306
1779444576.162,/benchmark/latency_ms,81.168678
1779444576.218,/benchmark/latency_ms,74.849091
1779444576.247,/benchmark/latency_ms,69.340187
1779444576.292,/benchmark/latency_ms,64.574120
1779444576.347,/benchmark/latency_ms,84.535706
1779444576.390,/benchmark/latency_ms,80.401871
1779444576.424,/benchmark/latency_ms,75.440659
1779444576.467,/benchmark/latency_ms,93.783424
1779444576.511,/benchmark/latency_ms,87.777351
1779444576.554,/benchmark/latency_ms,78.922249
1779444576.596,/benchmark/latency_ms,72.156448
1779444576.637,/benchmark/latency_ms,64.581253
1779444576.687,/benchmark/latency_ms,64.219292
1779444576.733,/benchmark/latency_ms,81.776016
1779444576.774,/benchmark/latency_ms,71.066727
1779444576.818,/benchmark/latency_ms,88.081200
1779444576.863,/benchmark/latency_ms,79.932419
1779444576.905,/benchmark/latency_ms,72.842392
1779444576.950,/benchmark/latency_ms,91.785294
1779444576.996,/benchmark/latency_ms,84.941696
1779444577.053,/benchmark/latency_ms,78.967499
1779444577.084,/benchmark/latency_ms,71.778809
1779444577.126,/benchmark/latency_ms,69.670143
1779444577.169,/benchmark/latency_ms,88.725182
1779444577.213,/benchmark/latency_ms,81.229729
1779444577.257,/benchmark/latency_ms,76.785233
1779444577.311,/benchmark/latency_ms,71.567245
1779444577.344,/benchmark/latency_ms,67.302788
1779444577.390,/benchmark/latency_ms,88.484116
1779444577.433,/benchmark/latency_ms,80.743698
1779444577.476,/benchmark/latency_ms,74.052399
1779444577.523,/benchmark/latency_ms,68.053307
1779444577.565,/benchmark/latency_ms,86.403267
1779444577.619,/benchmark/latency_ms,79.845856
1779444577.662,/benchmark/latency_ms,73.629349
1779444577.694,/benchmark/latency_ms,66.257034
1779444577.750,/benchmark/latency_ms,84.566513
1779444577.793,/benchmark/latency_ms,77.564552
1779444577.836,/benchmark/latency_ms,70.308945
1779444577.869,/benchmark/latency_ms,89.027779
1779444577.911,/benchmark/latency_ms,81.744270
1779444577.956,/benchmark/latency_ms,75.143051
1779444577.999,/benchmark/latency_ms,70.135246
1779444578.047,/benchmark/latency_ms,91.729828
1779444578.093,/benchmark/latency_ms,87.165611
1779444578.134,/benchmark/latency_ms,80.615280
1779444578.175,/benchmark/latency_ms,74.464081
1779444578.219,/benchmark/latency_ms,65.100075
1779444578.272,/benchmark/latency_ms,81.641960
1779444578.305,/benchmark/latency_ms,71.948212
1779444578.347,/benchmark/latency_ms,88.639603
1779444578.390,/benchmark/latency_ms,79.492561
1779444578.430,/benchmark/latency_ms,69.877190
1779444578.474,/benchmark/latency_ms,86.017204
1779444578.517,/benchmark/latency_ms,76.615112
1779444578.559,/benchmark/latency_ms,66.440910
1779444578.602,/benchmark/latency_ms,82.229874
1779444578.642,/benchmark/latency_ms,72.785225
1779444578.696,/benchmark/latency_ms,65.285011
1779444578.741,/benchmark/latency_ms,82.204819
1779444578.774,/benchmark/latency_ms,71.216774
1779444578.814,/benchmark/latency_ms,87.929474
1779444578.857,/benchmark/latency_ms,78.576508
1779444578.911,/benchmark/latency_ms,69.556503
1779444578.942,/benchmark/latency_ms,86.188889
1779444578.986,/benchmark/latency_ms,76.382149
1779444579.027,/benchmark/latency_ms,67.586021
1779444579.070,/benchmark/latency_ms,84.125633
1779444579.126,/benchmark/latency_ms,73.947266
1779444579.156,/benchmark/latency_ms,90.406136
1779444579.201,/benchmark/latency_ms,81.384186
1779444579.252,/benchmark/latency_ms,71.586792
1779444579.284,/benchmark/latency_ms,88.619698
1779444579.326,/benchmark/latency_ms,79.882103
1779444579.380,/benchmark/latency_ms,70.915291
1779444579.413,/benchmark/latency_ms,87.445648
1779444579.455,/benchmark/latency_ms,77.895561
1779444579.498,/benchmark/latency_ms,68.798882
1779444579.541,/benchmark/latency_ms,85.337952
1779444579.584,/benchmark/latency_ms,76.790894
1779444579.627,/benchmark/latency_ms,68.825447
1779444579.671,/benchmark/latency_ms,88.115524
1779444579.714,/benchmark/latency_ms,80.885010
1779444579.758,/benchmark/latency_ms,74.580177
1779444579.803,/benchmark/latency_ms,68.134544
1779444579.845,/benchmark/latency_ms,87.806808
1779444579.889,/benchmark/latency_ms,81.474525
1779444579.934,/benchmark/latency_ms,73.680542
1779444579.986,/benchmark/latency_ms,66.298569
1779444580.020,/benchmark/latency_ms,84.750031
1779444580.063,/benchmark/latency_ms,79.541069
1779444580.108,/benchmark/latency_ms,76.830727
1779444580.152,/benchmark/latency_ms,73.376945
1779444580.194,/benchmark/latency_ms,69.538033
1779444580.239,/benchmark/latency_ms,65.246826
1779444580.282,/benchmark/latency_ms,85.185013
1779444580.324,/benchmark/latency_ms,80.062714
1779444580.368,/benchmark/latency_ms,75.241249
1779444580.412,/benchmark/latency_ms,70.230949
1779444580.455,/benchmark/latency_ms,66.525574
1779444580.502,/benchmark/latency_ms,87.120773
1779444580.543,/benchmark/latency_ms,79.589607
1779444580.598,/benchmark/latency_ms,72.469177
1779444580.632,/benchmark/latency_ms,67.715652
1779444580.674,/benchmark/latency_ms,87.305672
1779444580.719,/benchmark/latency_ms,82.380463
1779444580.763,/benchmark/latency_ms,77.516663
1779444580.804,/benchmark/latency_ms,72.472954
1779444580.849,/benchmark/latency_ms,68.901794
1779444580.906,/benchmark/latency_ms,88.421288
1779444580.937,/benchmark/latency_ms,83.629936
1779444580.982,/benchmark/latency_ms,79.581581
1779444581.026,/benchmark/latency_ms,72.236374
1779444581.069,/benchmark/latency_ms,88.918190
1779444581.111,/benchmark/latency_ms,80.116951
1779444581.154,/benchmark/latency_ms,76.855301
1779444581.199,/benchmark/latency_ms,72.158546
1779444581.245,/benchmark/latency_ms,67.023155
1779444581.284,/benchmark/latency_ms,86.118347
1779444581.329,/benchmark/latency_ms,81.325584
1779444581.375,/benchmark/latency_ms,76.186996
1779444581.418,/benchmark/latency_ms,69.708054
1779444581.463,/benchmark/latency_ms,88.010292
1779444581.510,/benchmark/latency_ms,79.400642
1779444581.551,/benchmark/latency_ms,74.031807
1779444581.603,/benchmark/latency_ms,68.048683
1779444581.636,/benchmark/latency_ms,87.128578
1779444581.679,/benchmark/latency_ms,81.870972
1779444581.723,/benchmark/latency_ms,76.684380
1779444581.765,/benchmark/latency_ms,70.748177
1779444581.811,/benchmark/latency_ms,90.088264
1779444581.856,/benchmark/latency_ms,84.439232
1779444581.898,/benchmark/latency_ms,77.830971
1779444581.954,/benchmark/latency_ms,70.174751
1779444581.986,/benchmark/latency_ms,88.717834
1779444582.028,/benchmark/latency_ms,81.955841
1779444582.074,/benchmark/latency_ms,75.306679
1779444582.116,/benchmark/latency_ms,68.739510
1779444582.161,/benchmark/latency_ms,87.713257
1779444582.205,/benchmark/latency_ms,80.445305
1779444582.245,/benchmark/latency_ms,73.712021
1779444582.288,/benchmark/latency_ms,66.288345
1779444582.345,/benchmark/latency_ms,84.748512
1779444582.388,/benchmark/latency_ms,77.948471
1779444582.419,/benchmark/latency_ms,71.146835
1779444582.461,/benchmark/latency_ms,89.363541
1779444582.505,/benchmark/latency_ms,82.710129
1779444582.564,/benchmark/latency_ms,75.927177
1779444582.593,/benchmark/latency_ms,69.151138
1779444582.638,/benchmark/latency_ms,88.192024
1779444582.693,/benchmark/latency_ms,81.431252
1779444582.723,/benchmark/latency_ms,74.784332
1779444582.768,/benchmark/latency_ms,68.021126
1779444582.823,/benchmark/latency_ms,87.108414
1779444582.855,/benchmark/latency_ms,80.711838
1779444582.896,/benchmark/latency_ms,74.173599
1779444582.943,/benchmark/latency_ms,67.851616
1779444582.987,/benchmark/latency_ms,86.887993
1779444583.031,/benchmark/latency_ms,81.744377
1779444583.073,/benchmark/latency_ms,75.075569
1779444583.121,/benchmark/latency_ms,68.564178
1779444583.163,/benchmark/latency_ms,87.797066
1779444583.208,/benchmark/latency_ms,81.132004
1779444583.250,/benchmark/latency_ms,74.176407
1779444583.295,/benchmark/latency_ms,68.219559
1779444583.350,/benchmark/latency_ms,87.454659
1779444583.382,/benchmark/latency_ms,80.427536
1779444583.425,/benchmark/latency_ms,73.444550
1779444583.469,/benchmark/latency_ms,67.473625
1779444583.513,/benchmark/latency_ms,86.484421
1779444583.559,/benchmark/latency_ms,80.025162
1779444583.600,/benchmark/latency_ms,73.448807
1779444583.647,/benchmark/latency_ms,67.769241
1779444583.689,/benchmark/latency_ms,87.797127
1779444583.733,/benchmark/latency_ms,80.565430
1779444583.775,/benchmark/latency_ms,72.951897
1779444583.820,/benchmark/latency_ms,66.175507
1779444583.865,/benchmark/latency_ms,84.758911
1779444583.907,/benchmark/latency_ms,77.679375
1779444583.950,/benchmark/latency_ms,69.779724
1779444583.994,/benchmark/latency_ms,88.552765
1779444584.039,/benchmark/latency_ms,81.154182
1779444584.082,/benchmark/latency_ms,74.043892
1779444584.136,/benchmark/latency_ms,67.337868
1779444584.168,/benchmark/latency_ms,85.694061
1779444584.211,/benchmark/latency_ms,78.117210
1779444584.255,/benchmark/latency_ms,70.527290
1779444584.300,/benchmark/latency_ms,89.886330
1779444584.342,/benchmark/latency_ms,82.539619
1779444584.386,/benchmark/latency_ms,74.640900
1779444584.430,/benchmark/latency_ms,68.279686
1779444584.473,/benchmark/latency_ms,86.659142
1779444584.521,/benchmark/latency_ms,79.094994
1779444584.571,/benchmark/latency_ms,71.123055
1779444584.607,/benchmark/latency_ms,93.148163
1779444584.651,/benchmark/latency_ms,86.431198
1779444584.697,/benchmark/latency_ms,78.810280
1779444584.738,/benchmark/latency_ms,70.133682
1779444584.795,/benchmark/latency_ms,90.689613
1779444584.838,/benchmark/latency_ms,82.942474
1779444584.870,/benchmark/latency_ms,75.701149
1779444584.916,/benchmark/latency_ms,68.557808
1779444584.958,/benchmark/latency_ms,85.957077
1779444585.002,/benchmark/latency_ms,77.842834
1779444585.045,/benchmark/latency_ms,70.851906
1779444585.090,/benchmark/latency_ms,90.307549
1779444585.133,/benchmark/latency_ms,83.061226
1779444585.177,/benchmark/latency_ms,74.229713
1779444585.223,/benchmark/latency_ms,68.596268
1779444585.269,/benchmark/latency_ms,88.358543
1779444585.310,/benchmark/latency_ms,81.258781
1779444585.355,/benchmark/latency_ms,74.008011
1779444585.397,/benchmark/latency_ms,67.154633
1779444585.453,/benchmark/latency_ms,85.613319
1779444585.483,/benchmark/latency_ms,78.674179
1779444585.527,/benchmark/latency_ms,71.398865
1779444585.570,/benchmark/latency_ms,89.679054
1779444585.614,/benchmark/latency_ms,81.856140
1779444585.657,/benchmark/latency_ms,74.596313
1779444585.705,/benchmark/latency_ms,67.445808
1779444585.758,/benchmark/latency_ms,85.111130
1779444585.791,/benchmark/latency_ms,78.421181
1779444585.843,/benchmark/latency_ms,71.039108
1779444585.878,/benchmark/latency_ms,88.034721
1779444585.920,/benchmark/latency_ms,80.789558
1779444585.963,/benchmark/latency_ms,73.648643
1779444586.011,/benchmark/latency_ms,66.964806
1779444586.051,/benchmark/latency_ms,85.439552
1779444586.095,/benchmark/latency_ms,78.423157
1779444586.136,/benchmark/latency_ms,71.006050
1779444586.181,/benchmark/latency_ms,89.412895
1779444586.226,/benchmark/latency_ms,81.516319
1779444586.267,/benchmark/latency_ms,74.466675
1779444586.312,/benchmark/latency_ms,67.782486
1779444586.367,/benchmark/latency_ms,85.629669
1779444586.401,/benchmark/latency_ms,77.574303
1779444586.459,/benchmark/latency_ms,65.811775
1779444586.512,/benchmark/latency_ms,90.925606
1779444586.554,/benchmark/latency_ms,84.060287
1779444586.598,/benchmark/latency_ms,78.170990
1779444586.640,/benchmark/latency_ms,71.957237
1779444586.685,/benchmark/latency_ms,66.180107
1779444586.741,/benchmark/latency_ms,85.514816
1779444586.770,/benchmark/latency_ms,79.723763
1779444586.816,/benchmark/latency_ms,73.716194
1779444586.870,/benchmark/latency_ms,67.789871
1779444586.901,/benchmark/latency_ms,86.593948
1779444586.945,/benchmark/latency_ms,80.206879
1779444407.012,/node/cpu_percent,48.737373
1779444407.042,/node/cpu_percent,48.743717
1779444407.222,/node/cpu_percent,46.835442
1779444407.515,/node/cpu_percent,38.539043
1779444407.541,/node/cpu_percent,37.563454
1779444407.725,/node/cpu_percent,34.090908
1779444408.013,/node/cpu_percent,35.877861
1779444408.042,/node/cpu_percent,35.877861
1779444408.222,/node/cpu_percent,37.215191
1779444408.515,/node/cpu_percent,35.264484
1779444408.544,/node/cpu_percent,35.427135
1779444408.722,/node/cpu_percent,34.586468
1779444409.012,/node/cpu_percent,34.663342
1779444409.042,/node/cpu_percent,34.085213
1779444409.225,/node/cpu_percent,34.586468
1779444409.514,/node/cpu_percent,34.517765
1779444409.542,/node/cpu_percent,34.517765
1779444409.722,/node/cpu_percent,33.673470
1779444410.012,/node/cpu_percent,33.502537
1779444410.041,/node/cpu_percent,33.838383
1779444410.222,/node/cpu_percent,33.924049
1779444410.512,/node/cpu_percent,34.343433
1779444410.542,/node/cpu_percent,34.010151
1779444410.722,/node/cpu_percent,34.586468
1779444411.011,/node/cpu_percent,34.912720
1779444411.041,/node/cpu_percent,35.555557
1779444411.222,/node/cpu_percent,35.839600
1779444411.516,/node/cpu_percent,35.858585
1779444411.542,/node/cpu_percent,35.459183
1779444411.722,/node/cpu_percent,35.101009
1779444412.012,/node/cpu_percent,35.411472
1779444412.041,/node/cpu_percent,35.162094
1779444412.222,/node/cpu_percent,36.000000
1779444412.511,/node/cpu_percent,35.025379
1779444412.542,/node/cpu_percent,34.936710
1779444412.723,/node/cpu_percent,33.502537
1779444413.012,/node/cpu_percent,33.670887
1779444413.041,/node/cpu_percent,34.090908
1779444413.222,/node/cpu_percent,34.837093
1779444413.511,/node/cpu_percent,35.660847
1779444413.541,/node/cpu_percent,35.500000
1779444413.722,/node/cpu_percent,34.848484
1779444414.011,/node/cpu_percent,34.090908
1779444414.041,/node/cpu_percent,34.256927
1779444414.225,/node/cpu_percent,34.586468
1779444414.511,/node/cpu_percent,34.263958
1779444414.541,/node/cpu_percent,34.096691
1779444414.722,/node/cpu_percent,34.517765
1779444415.011,/node/cpu_percent,36.408978
1779444415.043,/node/cpu_percent,36.972706
1779444415.220,/node/cpu_percent,36.962025
1779444415.511,/node/cpu_percent,37.783375
1779444415.541,/node/cpu_percent,37.373737
1779444415.722,/node/cpu_percent,37.157108
1779444416.011,/node/cpu_percent,36.572891
1779444416.044,/node/cpu_percent,36.410255
1779444416.221,/node/cpu_percent,36.132317
1779444416.516,/node/cpu_percent,41.878174
1779444416.540,/node/cpu_percent,42.531647
1779444416.722,/node/cpu_percent,47.193878
1779444417.011,/node/cpu_percent,47.222221
1779444417.040,/node/cpu_percent,47.058823
1779444417.221,/node/cpu_percent,47.088608
1779444417.510,/node/cpu_percent,39.130436
1779444417.541,/node/cpu_percent,38.987343
1779444417.723,/node/cpu_percent,34.438774
1779444418.011,/node/cpu_percent,37.500000
1779444418.041,/node/cpu_percent,37.500000
1779444418.221,/node/cpu_percent,37.562187
1779444418.510,/node/cpu_percent,35.189873
1779444418.540,/node/cpu_percent,34.683544
1779444418.721,/node/cpu_percent,35.012596
1779444419.010,/node/cpu_percent,34.170853
1779444419.040,/node/cpu_percent,34.256927
1779444419.223,/node/cpu_percent,33.924049
1779444419.510,/node/cpu_percent,35.012596
1779444419.540,/node/cpu_percent,35.338345
1779444419.720,/node/cpu_percent,35.087719
1779444420.011,/node/cpu_percent,37.626263
1779444420.040,/node/cpu_percent,37.468353
1779444420.221,/node/cpu_percent,39.694656
1779444420.511,/node/cpu_percent,35.949368
1779444420.540,/node/cpu_percent,36.272041
1779444420.723,/node/cpu_percent,34.335838
1779444421.010,/node/cpu_percent,36.318409
1779444421.040,/node/cpu_percent,36.318409
1779444421.221,/node/cpu_percent,38.403992
1779444421.517,/node/cpu_percent,39.552238
1779444421.539,/node/cpu_percent,39.702232
1779444421.721,/node/cpu_percent,38.386307
1779444422.010,/node/cpu_percent,36.029411
1779444422.039,/node/cpu_percent,35.555557
1779444422.221,/node/cpu_percent,35.162094
1779444422.511,/node/cpu_percent,35.891090
1779444422.541,/node/cpu_percent,36.049381
1779444422.720,/node/cpu_percent,34.673367
1779444423.010,/node/cpu_percent,32.820515
1779444423.039,/node/cpu_percent,32.647816
1779444423.222,/node/cpu_percent,33.333332
1779444423.510,/node/cpu_percent,33.676094
1779444423.542,/node/cpu_percent,33.591732
1779444423.722,/node/cpu_percent,34.010151
1779444424.010,/node/cpu_percent,33.924049
1779444424.041,/node/cpu_percent,33.838383
1779444424.220,/node/cpu_percent,33.756344
1779444424.510,/node/cpu_percent,34.256927
1779444424.540,/node/cpu_percent,34.422112
1779444424.721,/node/cpu_percent,34.250000
1779444425.009,/node/cpu_percent,34.413963
1779444425.040,/node/cpu_percent,34.491314
1779444425.219,/node/cpu_percent,35.411472
1779444425.509,/node/cpu_percent,35.572140
1779444425.539,/node/cpu_percent,35.660847
1779444425.720,/node/cpu_percent,34.760704
1779444426.009,/node/cpu_percent,34.177216
1779444426.039,/node/cpu_percent,34.177216
1779444426.220,/node/cpu_percent,34.825871
1779444426.509,/node/cpu_percent,42.144638
1779444426.539,/node/cpu_percent,42.643391
1779444426.720,/node/cpu_percent,47.208122
1779444427.010,/node/cpu_percent,48.223351
1779444427.040,/node/cpu_percent,48.477158
1779444427.221,/node/cpu_percent,47.103275
1779444427.509,/node/cpu_percent,39.650871
1779444427.541,/node/cpu_percent,38.750000
1779444427.722,/node/cpu_percent,35.820896
1779444428.010,/node/cpu_percent,36.090225
1779444428.038,/node/cpu_percent,36.090225
1779444428.220,/node/cpu_percent,35.101009
1779444428.510,/node/cpu_percent,33.928570
1779444428.539,/node/cpu_percent,33.928570
1779444428.720,/node/cpu_percent,33.928570
1779444429.009,/node/cpu_percent,34.256927
1779444429.039,/node/cpu_percent,34.256927
1779444429.219,/node/cpu_percent,34.430378
1779444429.510,/node/cpu_percent,34.771572
1779444429.538,/node/cpu_percent,34.771572
1779444429.719,/node/cpu_percent,35.338345
1779444430.009,/node/cpu_percent,35.572140
1779444430.038,/node/cpu_percent,35.411472
1779444430.219,/node/cpu_percent,36.206898
1779444430.508,/node/cpu_percent,35.820896
1779444430.539,/node/cpu_percent,35.980148
1779444430.721,/node/cpu_percent,34.517765
1779444431.008,/node/cpu_percent,34.256927
1779444431.041,/node/cpu_percent,34.750000
1779444431.219,/node/cpu_percent,34.987595
1779444431.510,/node/cpu_percent,37.500000
1779444431.538,/node/cpu_percent,36.708862
1779444431.721,/node/cpu_percent,36.548222
1779444432.008,/node/cpu_percent,32.564102
1779444432.037,/node/cpu_percent,32.992329
1779444432.219,/node/cpu_percent,32.908165
1779444432.508,/node/cpu_percent,33.673470
1779444432.538,/node/cpu_percent,33.418365
1779444432.718,/node/cpu_percent,32.731960
1779444433.008,/node/cpu_percent,32.480820
1779444433.040,/node/cpu_percent,32.307693
1779444433.219,/node/cpu_percent,33.501259
1779444433.508,/node/cpu_percent,35.960590
1779444433.538,/node/cpu_percent,36.274509
1779444433.718,/node/cpu_percent,35.643566
1779444434.008,/node/cpu_percent,33.248730
1779444434.037,/node/cpu_percent,33.078880
1779444434.218,/node/cpu_percent,34.005039
1779444434.508,/node/cpu_percent,34.683544
1779444434.540,/node/cpu_percent,35.839600
1779444434.719,/node/cpu_percent,35.459183
1779444435.008,/node/cpu_percent,35.678391
1779444435.037,/node/cpu_percent,34.683544
1779444435.216,/node/cpu_percent,34.343433
1779444435.508,/node/cpu_percent,34.438774
1779444435.538,/node/cpu_percent,34.771572
1779444435.719,/node/cpu_percent,35.012596
1779444436.007,/node/cpu_percent,34.924622
1779444436.037,/node/cpu_percent,34.263958
1779444436.219,/node/cpu_percent,34.177216
1779444436.506,/node/cpu_percent,41.772152
1779444436.537,/node/cpu_percent,42.821159
1779444436.718,/node/cpu_percent,47.704082
1779444437.007,/node/cpu_percent,48.101265
1779444437.039,/node/cpu_percent,48.484848
1779444437.218,/node/cpu_percent,46.984924
1779444437.509,/node/cpu_percent,39.949108
1779444437.537,/node/cpu_percent,38.931297
1779444437.719,/node/cpu_percent,35.368958
1779444438.007,/node/cpu_percent,34.771572
1779444438.037,/node/cpu_percent,35.279186
1779444438.220,/node/cpu_percent,36.180904
1779444438.507,/node/cpu_percent,36.000000
1779444438.537,/node/cpu_percent,35.338345
1779444438.717,/node/cpu_percent,34.760704
1779444439.007,/node/cpu_percent,34.912720
1779444439.041,/node/cpu_percent,35.396038
1779444439.217,/node/cpu_percent,34.837093
1779444439.507,/node/cpu_percent,34.263958
1779444439.536,/node/cpu_percent,33.419022
1779444439.720,/node/cpu_percent,33.842239
1779444440.007,/node/cpu_percent,38.190956
1779444440.036,/node/cpu_percent,38.596493
1779444440.218,/node/cpu_percent,40.452263
1779444440.507,/node/cpu_percent,37.343357
1779444440.536,/node/cpu_percent,37.250000
1779444440.717,/node/cpu_percent,35.660847
1779444441.007,/node/cpu_percent,34.263958
1779444441.036,/node/cpu_percent,34.595959
1779444441.218,/node/cpu_percent,33.924049
1779444441.507,/node/cpu_percent,36.159599
1779444441.537,/node/cpu_percent,36.000000
1779444441.717,/node/cpu_percent,36.090225
1779444442.007,/node/cpu_percent,33.502537
1779444442.037,/node/cpu_percent,33.248730
1779444442.217,/node/cpu_percent,33.501259
1779444442.507,/node/cpu_percent,33.919598
1779444442.537,/node/cpu_percent,33.924049
1779444442.717,/node/cpu_percent,34.170853
1779444443.007,/node/cpu_percent,33.838383
1779444443.037,/node/cpu_percent,34.000000
1779444443.217,/node/cpu_percent,34.005039
1779444443.506,/node/cpu_percent,34.422112
1779444443.536,/node/cpu_percent,34.750000
1779444443.717,/node/cpu_percent,34.090908
1779444444.006,/node/cpu_percent,33.753147
1779444444.036,/node/cpu_percent,33.333332
1779444444.217,/node/cpu_percent,34.085213
1779444444.507,/node/cpu_percent,35.483871
1779444444.537,/node/cpu_percent,35.162094
1779444444.717,/node/cpu_percent,36.476425
1779444445.009,/node/cpu_percent,35.588974
1779444445.038,/node/cpu_percent,36.069653
1779444445.219,/node/cpu_percent,35.606060
1779444445.506,/node/cpu_percent,36.040607
1779444445.536,/node/cpu_percent,36.040607
1779444445.716,/node/cpu_percent,35.189873
1779444446.006,/node/cpu_percent,34.924622
1779444446.037,/node/cpu_percent,34.760704
1779444446.216,/node/cpu_percent,34.500000
1779444446.507,/node/cpu_percent,40.806046
1779444446.536,/node/cpu_percent,41.457287
1779444446.717,/node/cpu_percent,47.474747
1779444447.006,/node/cpu_percent,49.631451
1779444447.035,/node/cpu_percent,50.246304
1779444447.216,/node/cpu_percent,46.913582
1779444447.506,/node/cpu_percent,38.010204
1779444447.535,/node/cpu_percent,36.895676
1779444447.718,/node/cpu_percent,33.759590
1779444448.006,/node/cpu_percent,33.842239
1779444448.040,/node/cpu_percent,33.842239
1779444448.216,/node/cpu_percent,34.760704
1779444448.506,/node/cpu_percent,36.090225
1779444448.535,/node/cpu_percent,35.768261
1779444448.716,/node/cpu_percent,35.443039
1779444449.005,/node/cpu_percent,33.417721
1779444449.036,/node/cpu_percent,34.005039
1779444449.218,/node/cpu_percent,35.175880
1779444449.506,/node/cpu_percent,35.606060
1779444449.535,/node/cpu_percent,35.279186
1779444449.717,/node/cpu_percent,36.363636
1779444450.006,/node/cpu_percent,37.157108
1779444450.035,/node/cpu_percent,37.220844
1779444450.216,/node/cpu_percent,35.839600
1779444450.506,/node/cpu_percent,35.768261
1779444450.535,/node/cpu_percent,35.606060
1779444450.717,/node/cpu_percent,35.516373
1779444451.007,/node/cpu_percent,40.942928
1779444451.037,/node/cpu_percent,41.336632
1779444451.215,/node/cpu_percent,41.975307
1779444451.505,/node/cpu_percent,41.250000
1779444451.535,/node/cpu_percent,40.601505
1779444451.715,/node/cpu_percent,39.598999
1779444452.005,/node/cpu_percent,34.343433
1779444452.034,/node/cpu_percent,34.177216
1779444452.216,/node/cpu_percent,33.673470
1779444452.505,/node/cpu_percent,35.949368
1779444452.534,/node/cpu_percent,36.842106
1779444452.715,/node/cpu_percent,36.907730
1779444453.005,/node/cpu_percent,35.323383
1779444453.036,/node/cpu_percent,34.673367
1779444453.216,/node/cpu_percent,34.848484
1779444453.505,/node/cpu_percent,35.588974
1779444453.534,/node/cpu_percent,35.500000
1779444453.715,/node/cpu_percent,35.411472
1779444454.005,/node/cpu_percent,34.256927
1779444454.034,/node/cpu_percent,34.595959
1779444454.216,/node/cpu_percent,34.090908
1779444454.506,/node/cpu_percent,33.673470
1779444454.535,/node/cpu_percent,33.842239
1779444454.719,/node/cpu_percent,34.096691
1779444455.007,/node/cpu_percent,37.250000
1779444455.035,/node/cpu_percent,37.027706
1779444455.215,/node/cpu_percent,39.097744
1779444455.508,/node/cpu_percent,36.040607
1779444455.534,/node/cpu_percent,36.090225
1779444455.715,/node/cpu_percent,34.500000
1779444456.004,/node/cpu_percent,34.500000
1779444456.033,/node/cpu_percent,34.750000
1779444456.215,/node/cpu_percent,34.090908
1779444456.505,/node/cpu_percent,41.206032
1779444456.534,/node/cpu_percent,41.518986
1779444456.715,/node/cpu_percent,46.329113
1779444457.005,/node/cpu_percent,47.088608
1779444457.037,/node/cpu_percent,47.607052
1779444457.215,/node/cpu_percent,47.000000
1779444457.505,/node/cpu_percent,39.294712
1779444457.534,/node/cpu_percent,38.227848
1779444457.714,/node/cpu_percent,33.924049
1779444458.004,/node/cpu_percent,33.842239
1779444458.035,/node/cpu_percent,33.924049
1779444458.216,/node/cpu_percent,34.010151
1779444458.506,/node/cpu_percent,33.838383
1779444458.533,/node/cpu_percent,33.670887
1779444458.713,/node/cpu_percent,34.085213
1779444459.004,/node/cpu_percent,34.005039
1779444459.034,/node/cpu_percent,34.663342
1779444459.216,/node/cpu_percent,35.678391
1779444459.505,/node/cpu_percent,36.455696
1779444459.533,/node/cpu_percent,35.805626
1779444459.714,/node/cpu_percent,36.061382
1779444460.004,/node/cpu_percent,41.500000
1779444460.034,/node/cpu_percent,41.500000
1779444460.214,/node/cpu_percent,42.493637
1779444460.504,/node/cpu_percent,37.532135
1779444460.535,/node/cpu_percent,37.435898
1779444460.714,/node/cpu_percent,35.101009
1779444461.007,/node/cpu_percent,34.577114
1779444461.033,/node/cpu_percent,34.577114
1779444461.214,/node/cpu_percent,34.164589
1779444461.503,/node/cpu_percent,35.929649
1779444461.535,/node/cpu_percent,36.180904
1779444461.714,/node/cpu_percent,38.613861
1779444462.005,/node/cpu_percent,36.408978
1779444462.033,/node/cpu_percent,36.567165
1779444462.215,/node/cpu_percent,34.912720
1779444462.503,/node/cpu_percent,35.323383
1779444462.533,/node/cpu_percent,35.000000
1779444462.714,/node/cpu_percent,35.087719
1779444463.004,/node/cpu_percent,34.256927
1779444463.034,/node/cpu_percent,34.256927
1779444463.214,/node/cpu_percent,34.177216
1779444463.503,/node/cpu_percent,34.848484
1779444463.533,/node/cpu_percent,34.848484
1779444463.714,/node/cpu_percent,34.343433
1779444464.005,/node/cpu_percent,34.586468
1779444464.033,/node/cpu_percent,34.837093
1779444464.215,/node/cpu_percent,34.924622
1779444464.503,/node/cpu_percent,35.175880
1779444464.533,/node/cpu_percent,35.929649
1779444464.713,/node/cpu_percent,36.842106
1779444465.004,/node/cpu_percent,35.368958
1779444465.035,/node/cpu_percent,34.351147
1779444465.213,/node/cpu_percent,33.759590
1779444465.502,/node/cpu_percent,34.683544
1779444465.534,/node/cpu_percent,34.517765
1779444465.715,/node/cpu_percent,34.430378
1779444466.003,/node/cpu_percent,34.760704
1779444466.033,/node/cpu_percent,34.924622
1779444466.214,/node/cpu_percent,34.595959
1779444466.503,/node/cpu_percent,43.358395
1779444466.532,/node/cpu_percent,44.221104
1779444466.713,/node/cpu_percent,48.492462
1779444467.003,/node/cpu_percent,48.354431
1779444467.032,/node/cpu_percent,48.492462
1779444467.213,/node/cpu_percent,46.599495
1779444467.503,/node/cpu_percent,38.131313
1779444467.534,/node/cpu_percent,37.150127
1779444467.713,/node/cpu_percent,36.500000
1779444468.003,/node/cpu_percent,38.154613
1779444468.033,/node/cpu_percent,39.012344
1779444468.213,/node/cpu_percent,36.868687
1779444468.506,/node/cpu_percent,34.693878
1779444468.532,/node/cpu_percent,33.846153
1779444468.715,/node/cpu_percent,34.256927
1779444469.003,/node/cpu_percent,34.335838
1779444469.032,/node/cpu_percent,34.085213
1779444469.213,/node/cpu_percent,34.256927
1779444469.502,/node/cpu_percent,34.605598
1779444469.532,/node/cpu_percent,34.860050
1779444469.713,/node/cpu_percent,35.189873
1779444470.002,/node/cpu_percent,35.338345
1779444470.033,/node/cpu_percent,35.087719
1779444470.214,/node/cpu_percent,35.175880
1779444470.504,/node/cpu_percent,34.760704
1779444470.532,/node/cpu_percent,34.848484
1779444470.714,/node/cpu_percent,34.595959
1779444471.002,/node/cpu_percent,34.508816
1779444471.031,/node/cpu_percent,34.837093
1779444471.214,/node/cpu_percent,35.087719
1779444471.504,/node/cpu_percent,35.678391
1779444471.531,/node/cpu_percent,35.606060
1779444471.714,/node/cpu_percent,35.025379
1779444472.002,/node/cpu_percent,34.177216
1779444472.031,/node/cpu_percent,34.256927
1779444472.212,/node/cpu_percent,34.586468
1779444472.502,/node/cpu_percent,34.586468
1779444472.531,/node/cpu_percent,34.256927
1779444472.712,/node/cpu_percent,33.502537
1779444473.001,/node/cpu_percent,34.090908
1779444473.034,/node/cpu_percent,34.005039
1779444473.212,/node/cpu_percent,34.508816
1779444473.504,/node/cpu_percent,35.025379
1779444473.531,/node/cpu_percent,34.860050
1779444473.712,/node/cpu_percent,35.353535
1779444474.002,/node/cpu_percent,34.177216
1779444474.031,/node/cpu_percent,34.430378
1779444474.212,/node/cpu_percent,33.842239
1779444474.502,/node/cpu_percent,35.175880
1779444474.531,/node/cpu_percent,35.012596
1779444474.714,/node/cpu_percent,34.924622
1779444475.002,/node/cpu_percent,33.756344
1779444475.031,/node/cpu_percent,34.343433
1779444475.215,/node/cpu_percent,34.430378
1779444475.501,/node/cpu_percent,35.411472
1779444475.533,/node/cpu_percent,35.250000
1779444475.713,/node/cpu_percent,35.323383
1779444476.001,/node/cpu_percent,33.924049
1779444476.031,/node/cpu_percent,34.090908
1779444476.213,/node/cpu_percent,33.587788
1779444476.501,/node/cpu_percent,41.265823
1779444476.532,/node/cpu_percent,42.239185
1779444476.713,/node/cpu_percent,47.727272
1779444477.002,/node/cpu_percent,48.994976
1779444477.031,/node/cpu_percent,48.370926
1779444477.211,/node/cpu_percent,45.707069
1779444477.501,/node/cpu_percent,38.010204
1779444477.531,/node/cpu_percent,37.404579
1779444477.714,/node/cpu_percent,34.605598
1779444478.001,/node/cpu_percent,35.696201
1779444478.031,/node/cpu_percent,35.786800
1779444478.212,/node/cpu_percent,36.340851
1779444478.501,/node/cpu_percent,33.842239
1779444478.530,/node/cpu_percent,33.418365
1779444478.711,/node/cpu_percent,33.928570
1779444479.001,/node/cpu_percent,35.427135
1779444479.031,/node/cpu_percent,36.000000
1779444479.211,/node/cpu_percent,35.623409
1779444479.501,/node/cpu_percent,34.358974
1779444479.531,/node/cpu_percent,33.846153
1779444479.711,/node/cpu_percent,34.005039
1779444480.002,/node/cpu_percent,38.059700
1779444480.030,/node/cpu_percent,38.000000
1779444480.211,/node/cpu_percent,39.646465
1779444480.500,/node/cpu_percent,36.202530
1779444480.530,/node/cpu_percent,36.272041
1779444480.711,/node/cpu_percent,34.586468
1779444481.001,/node/cpu_percent,34.413963
1779444481.029,/node/cpu_percent,34.663342
1779444481.210,/node/cpu_percent,34.413963
1779444481.499,/node/cpu_percent,36.040607
1779444481.530,/node/cpu_percent,35.786800
1779444481.711,/node/cpu_percent,35.877861
1779444482.001,/node/cpu_percent,34.987595
1779444482.030,/node/cpu_percent,35.714287
1779444482.210,/node/cpu_percent,35.308643
1779444482.500,/node/cpu_percent,35.500000
1779444482.530,/node/cpu_percent,34.683544
1779444482.712,/node/cpu_percent,35.175880
1779444483.002,/node/cpu_percent,34.085213
1779444483.030,/node/cpu_percent,34.500000
1779444483.211,/node/cpu_percent,33.838383
1779444483.500,/node/cpu_percent,33.333332
1779444483.530,/node/cpu_percent,33.248081
1779444483.711,/node/cpu_percent,33.418365
1779444484.000,/node/cpu_percent,33.164558
1779444484.030,/node/cpu_percent,33.078880
1779444484.210,/node/cpu_percent,32.824429
1779444484.500,/node/cpu_percent,33.333332
1779444484.530,/node/cpu_percent,33.248730
1779444484.710,/node/cpu_percent,33.924049
1779444485.000,/node/cpu_percent,33.838383
1779444485.031,/node/cpu_percent,33.919598
1779444485.211,/node/cpu_percent,34.328358
1779444485.501,/node/cpu_percent,34.987595
1779444485.529,/node/cpu_percent,34.837093
1779444485.710,/node/cpu_percent,34.343433
1779444486.000,/node/cpu_percent,33.248081
1779444486.029,/node/cpu_percent,33.333332
1779444486.210,/node/cpu_percent,32.820515
1779444486.500,/node/cpu_percent,40.703518
1779444486.529,/node/cpu_percent,41.604012
1779444486.709,/node/cpu_percent,47.146400
1779444486.999,/node/cpu_percent,47.738693
1779444487.030,/node/cpu_percent,47.869675
1779444487.212,/node/cpu_percent,45.316456
1779444487.500,/node/cpu_percent,37.783375
1779444487.529,/node/cpu_percent,36.868687
1779444487.710,/node/cpu_percent,34.090908
1779444488.000,/node/cpu_percent,34.673367
1779444488.031,/node/cpu_percent,35.678391
1779444488.210,/node/cpu_percent,35.353535
1779444488.502,/node/cpu_percent,34.438774
1779444488.529,/node/cpu_percent,33.418365
1779444488.710,/node/cpu_percent,34.673367
1779444488.999,/node/cpu_percent,35.162094
1779444489.029,/node/cpu_percent,35.411472
1779444489.212,/node/cpu_percent,34.912720
1779444489.499,/node/cpu_percent,34.422112
1779444489.529,/node/cpu_percent,34.170853
1779444489.710,/node/cpu_percent,34.508816
1779444490.000,/node/cpu_percent,34.683544
1779444490.029,/node/cpu_percent,34.351147
1779444490.212,/node/cpu_percent,34.517765
1779444490.499,/node/cpu_percent,35.443039
1779444490.528,/node/cpu_percent,35.353535
1779444490.711,/node/cpu_percent,34.936710
1779444490.999,/node/cpu_percent,33.417721
1779444491.029,/node/cpu_percent,33.753147
1779444491.210,/node/cpu_percent,34.005039
1779444491.499,/node/cpu_percent,35.858585
1779444491.529,/node/cpu_percent,36.111111
1779444491.709,/node/cpu_percent,35.114502
1779444491.999,/node/cpu_percent,33.333332
1779444492.027,/node/cpu_percent,32.908165
1779444492.209,/node/cpu_percent,33.670887
1779444492.499,/node/cpu_percent,34.250000
1779444492.528,/node/cpu_percent,34.663342
1779444492.708,/node/cpu_percent,34.739452
1779444493.002,/node/cpu_percent,35.148514
1779444493.028,/node/cpu_percent,34.739452
1779444493.209,/node/cpu_percent,34.500000
1779444493.500,/node/cpu_percent,34.335838
1779444493.528,/node/cpu_percent,34.090908
1779444493.709,/node/cpu_percent,33.753147
1779444493.998,/node/cpu_percent,32.736572
1779444494.028,/node/cpu_percent,33.078880
1779444494.210,/node/cpu_percent,34.177216
1779444494.499,/node/cpu_percent,35.087719
1779444494.530,/node/cpu_percent,35.588974
1779444494.709,/node/cpu_percent,36.591480
1779444494.998,/node/cpu_percent,36.340851
1779444495.030,/node/cpu_percent,36.090225
1779444495.210,/node/cpu_percent,34.760704
1779444495.499,/node/cpu_percent,34.924622
1779444495.527,/node/cpu_percent,34.422112
1779444495.709,/node/cpu_percent,33.753147
1779444495.999,/node/cpu_percent,34.170853
1779444496.029,/node/cpu_percent,34.422112
1779444496.209,/node/cpu_percent,35.643566
1779444496.497,/node/cpu_percent,42.857143
1779444496.528,/node/cpu_percent,43.872547
1779444496.708,/node/cpu_percent,48.148148
1779444496.998,/node/cpu_percent,48.258705
1779444497.029,/node/cpu_percent,47.750000
1779444497.209,/node/cpu_percent,45.728642
1779444497.498,/node/cpu_percent,38.403992
1779444497.530,/node/cpu_percent,38.213398
1779444497.708,/node/cpu_percent,33.919598
1779444497.998,/node/cpu_percent,38.987343
1779444498.027,/node/cpu_percent,39.493671
1779444498.209,/node/cpu_percent,40.350876
1779444498.498,/node/cpu_percent,35.101009
1779444498.527,/node/cpu_percent,34.430378
1779444498.708,/node/cpu_percent,34.595959
1779444498.998,/node/cpu_percent,34.422112
1779444499.027,/node/cpu_percent,34.422112
1779444499.208,/node/cpu_percent,34.924622
1779444499.502,/node/cpu_percent,34.760704
1779444499.527,/node/cpu_percent,34.595959
1779444499.708,/node/cpu_percent,33.924049
1779444499.997,/node/cpu_percent,38.190956
1779444500.027,/node/cpu_percent,38.035263
1779444500.208,/node/cpu_percent,40.151516
1779444500.498,/node/cpu_percent,35.969387
1779444500.527,/node/cpu_percent,36.363636
1779444500.708,/node/cpu_percent,34.673367
1779444500.999,/node/cpu_percent,34.491314
1779444501.027,/node/cpu_percent,34.335838
1779444501.208,/node/cpu_percent,34.000000
1779444501.497,/node/cpu_percent,33.838383
1779444501.531,/node/cpu_percent,34.595959
1779444501.708,/node/cpu_percent,35.368958
1779444501.997,/node/cpu_percent,35.949368
1779444502.027,/node/cpu_percent,35.264484
1779444502.208,/node/cpu_percent,35.000000
1779444502.497,/node/cpu_percent,34.924622
1779444502.527,/node/cpu_percent,34.673367
1779444502.711,/node/cpu_percent,34.177216
1779444502.997,/node/cpu_percent,34.256927
1779444503.029,/node/cpu_percent,34.343433
1779444503.208,/node/cpu_percent,34.508816
1779444503.497,/node/cpu_percent,35.264484
1779444503.527,/node/cpu_percent,35.012596
1779444503.707,/node/cpu_percent,35.338345
1779444503.996,/node/cpu_percent,34.422112
1779444504.029,/node/cpu_percent,35.250000
1779444504.207,/node/cpu_percent,34.837093
1779444504.497,/node/cpu_percent,35.000000
1779444504.526,/node/cpu_percent,34.090908
1779444504.707,/node/cpu_percent,33.924049
1779444504.997,/node/cpu_percent,33.924049
1779444505.026,/node/cpu_percent,34.090908
1779444505.210,/node/cpu_percent,34.010151
1779444505.499,/node/cpu_percent,34.177216
1779444505.526,/node/cpu_percent,34.343433
1779444505.707,/node/cpu_percent,34.177216
1779444505.996,/node/cpu_percent,34.343433
1779444506.026,/node/cpu_percent,34.177216
1779444506.208,/node/cpu_percent,34.508816
1779444506.497,/node/cpu_percent,41.414143
1779444506.526,/node/cpu_percent,42.569271
1779444506.707,/node/cpu_percent,47.848103
1779444506.998,/node/cpu_percent,48.205128
1779444507.026,/node/cpu_percent,48.214287
1779444507.207,/node/cpu_percent,46.954315
1779444507.496,/node/cpu_percent,39.847717
1779444507.526,/node/cpu_percent,38.832489
1779444507.708,/node/cpu_percent,35.264484
1779444507.996,/node/cpu_percent,34.422112
1779444508.026,/node/cpu_percent,35.087719
1779444508.207,/node/cpu_percent,35.338345
1779444508.496,/node/cpu_percent,35.338345
1779444508.526,/node/cpu_percent,34.595959
1779444508.706,/node/cpu_percent,34.586468
1779444508.996,/node/cpu_percent,34.663342
1779444509.026,/node/cpu_percent,34.900990
1779444509.206,/node/cpu_percent,34.924622
1779444509.496,/node/cpu_percent,34.936710
1779444509.526,/node/cpu_percent,34.693878
1779444509.707,/node/cpu_percent,34.693878
1779444509.996,/node/cpu_percent,35.338345
1779444510.026,/node/cpu_percent,35.338345
1779444510.207,/node/cpu_percent,35.087719
1779444510.497,/node/cpu_percent,35.114502
1779444510.526,/node/cpu_percent,35.025379
1779444510.708,/node/cpu_percent,34.605598
1779444510.996,/node/cpu_percent,39.042820
1779444511.026,/node/cpu_percent,39.086296
1779444511.209,/node/cpu_percent,39.949108
1779444511.499,/node/cpu_percent,38.303341
1779444511.525,/node/cpu_percent,38.618927
1779444511.707,/node/cpu_percent,39.240505
1779444511.997,/node/cpu_percent,36.340851
1779444512.025,/node/cpu_percent,36.408978
1779444512.209,/node/cpu_percent,35.162094
1779444512.496,/node/cpu_percent,38.403992
1779444512.526,/node/cpu_percent,37.844612
1779444512.707,/node/cpu_percent,37.593987
1779444512.998,/node/cpu_percent,32.569973
1779444513.026,/node/cpu_percent,32.994923
1779444513.206,/node/cpu_percent,32.390747
1779444513.496,/node/cpu_percent,34.090908
1779444513.526,/node/cpu_percent,33.924049
1779444513.706,/node/cpu_percent,33.670887
1779444513.996,/node/cpu_percent,32.564102
1779444514.029,/node/cpu_percent,32.908165
1779444514.207,/node/cpu_percent,33.919598
1779444514.497,/node/cpu_percent,35.941319
1779444514.526,/node/cpu_percent,35.714287
1779444514.707,/node/cpu_percent,35.396038
1779444514.996,/node/cpu_percent,33.919598
1779444515.025,/node/cpu_percent,34.328358
1779444515.207,/node/cpu_percent,34.825871
1779444515.496,/node/cpu_percent,35.500000
1779444515.528,/node/cpu_percent,35.175880
1779444515.707,/node/cpu_percent,35.175880
1779444515.996,/node/cpu_percent,34.586468
1779444516.025,/node/cpu_percent,34.586468
1779444516.206,/node/cpu_percent,33.417084
1779444516.495,/node/cpu_percent,39.847717
1779444516.525,/node/cpu_percent,40.862946
1779444516.707,/node/cpu_percent,47.222221
1779444516.996,/node/cpu_percent,49.118389
1779444517.025,/node/cpu_percent,48.866497
1779444517.206,/node/cpu_percent,45.707069
1779444517.496,/node/cpu_percent,36.802029
1779444517.525,/node/cpu_percent,36.479591
1779444517.706,/node/cpu_percent,34.517765
1779444517.996,/node/cpu_percent,35.572140
1779444518.025,/node/cpu_percent,35.323383
1779444518.206,/node/cpu_percent,34.422112
1779444518.495,/node/cpu_percent,34.183674
1779444518.525,/node/cpu_percent,34.343433
1779444518.706,/node/cpu_percent,34.924622
1779444518.997,/node/cpu_percent,34.422112
1779444519.029,/node/cpu_percent,34.673367
1779444519.206,/node/cpu_percent,36.591480
1779444519.495,/node/cpu_percent,37.844612
1779444519.525,/node/cpu_percent,37.121212
1779444519.706,/node/cpu_percent,35.101009
1779444519.995,/node/cpu_percent,38.190956
1779444520.027,/node/cpu_percent,38.287155
1779444520.207,/node/cpu_percent,40.253166
1779444520.495,/node/cpu_percent,36.455696
1779444520.524,/node/cpu_percent,36.363636
1779444520.706,/node/cpu_percent,34.848484
1779444520.995,/node/cpu_percent,35.500000
1779444521.027,/node/cpu_percent,35.572140
1779444521.206,/node/cpu_percent,35.162094
1779444521.495,/node/cpu_percent,34.177216
1779444521.524,/node/cpu_percent,34.595959
1779444521.705,/node/cpu_percent,35.606060
1779444521.994,/node/cpu_percent,36.228287
1779444522.024,/node/cpu_percent,35.750000
1779444522.205,/node/cpu_percent,34.085213
1779444522.495,/node/cpu_percent,32.992329
1779444522.524,/node/cpu_percent,32.992329
1779444522.705,/node/cpu_percent,34.343433
1779444522.995,/node/cpu_percent,35.087719
1779444523.023,/node/cpu_percent,35.483871
1779444523.205,/node/cpu_percent,35.162094
1779444523.495,/node/cpu_percent,36.049381
1779444523.525,/node/cpu_percent,35.338345
1779444523.705,/node/cpu_percent,35.411472
1779444523.995,/node/cpu_percent,35.235733
1779444524.025,/node/cpu_percent,35.643566
1779444524.206,/node/cpu_percent,35.323383
1779444524.495,/node/cpu_percent,34.343433
1779444524.524,/node/cpu_percent,34.508816
1779444524.705,/node/cpu_percent,36.432159
1779444524.994,/node/cpu_percent,36.432159
1779444525.026,/node/cpu_percent,36.658356
1779444525.206,/node/cpu_percent,35.074627
1779444525.495,/node/cpu_percent,35.250000
1779444525.524,/node/cpu_percent,34.760704
1779444525.705,/node/cpu_percent,34.263958
1779444525.995,/node/cpu_percent,33.670887
1779444526.024,/node/cpu_percent,34.005039
1779444526.206,/node/cpu_percent,34.500000
1779444526.493,/node/cpu_percent,43.324936
1779444526.524,/node/cpu_percent,44.810127
1779444526.704,/node/cpu_percent,53.807106
1779444526.994,/node/cpu_percent,59.949623
1779444527.024,/node/cpu_percent,60.000000
1779444527.206,/node/cpu_percent,60.000000
1779444527.494,/node/cpu_percent,60.305344
1779444527.524,/node/cpu_percent,58.717949
1779444527.706,/node/cpu_percent,55.949368
1779444527.994,/node/cpu_percent,51.515152
1779444528.024,/node/cpu_percent,52.791878
1779444528.206,/node/cpu_percent,52.941177
1779444528.494,/node/cpu_percent,47.959183
1779444528.524,/node/cpu_percent,46.700508
1779444528.705,/node/cpu_percent,43.908630
1779444528.996,/node/cpu_percent,41.432224
1779444529.023,/node/cpu_percent,41.475826
1779444529.205,/node/cpu_percent,37.468353
1779444529.497,/node/cpu_percent,33.248730
1779444529.523,/node/cpu_percent,33.248730
1779444529.705,/node/cpu_percent,32.904884
1779444529.994,/node/cpu_percent,34.343433
1779444530.023,/node/cpu_percent,34.010151
1779444530.204,/node/cpu_percent,34.508816
1779444530.493,/node/cpu_percent,34.263958
1779444530.523,/node/cpu_percent,34.508816
1779444530.704,/node/cpu_percent,34.263958
1779444530.993,/node/cpu_percent,34.924622
1779444531.025,/node/cpu_percent,34.683544
1779444531.204,/node/cpu_percent,34.673367
1779444531.494,/node/cpu_percent,34.924622
1779444531.523,/node/cpu_percent,34.760704
1779444531.706,/node/cpu_percent,37.500000
1779444531.993,/node/cpu_percent,35.623409
1779444532.024,/node/cpu_percent,35.623409
1779444532.205,/node/cpu_percent,32.564102
1779444532.493,/node/cpu_percent,33.163265
1779444532.523,/node/cpu_percent,33.417721
1779444532.704,/node/cpu_percent,33.756344
1779444532.994,/node/cpu_percent,33.585857
1779444533.023,/node/cpu_percent,33.670887
1779444533.204,/node/cpu_percent,32.994923
1779444533.493,/node/cpu_percent,33.418365
1779444533.523,/node/cpu_percent,33.248081
1779444533.704,/node/cpu_percent,34.177216
1779444533.993,/node/cpu_percent,34.924622
1779444534.022,/node/cpu_percent,34.924622
1779444534.205,/node/cpu_percent,35.411472
1779444534.493,/node/cpu_percent,35.175880
1779444534.522,/node/cpu_percent,34.760704
1779444534.704,/node/cpu_percent,35.025379
1779444534.993,/node/cpu_percent,34.595959
1779444535.022,/node/cpu_percent,35.012596
1779444535.203,/node/cpu_percent,34.430378
1779444535.493,/node/cpu_percent,34.517765
1779444535.522,/node/cpu_percent,34.683544
1779444535.706,/node/cpu_percent,34.924622
1779444535.993,/node/cpu_percent,34.351147
1779444536.023,/node/cpu_percent,34.683544
1779444536.203,/node/cpu_percent,34.183674
1779444536.493,/node/cpu_percent,41.457287
1779444536.522,/node/cpu_percent,42.424244
1779444536.703,/node/cpu_percent,46.464645
1779444536.995,/node/cpu_percent,49.118389
1779444537.022,/node/cpu_percent,48.484848
1779444537.204,/node/cpu_percent,47.474747
1779444537.494,/node/cpu_percent,38.636364
1779444537.522,/node/cpu_percent,38.190956
1779444537.703,/node/cpu_percent,35.500000
1779444537.992,/node/cpu_percent,36.523930
1779444538.022,/node/cpu_percent,36.708862
1779444538.205,/node/cpu_percent,36.683418
1779444538.492,/node/cpu_percent,35.087719
1779444538.522,/node/cpu_percent,34.750000
1779444538.703,/node/cpu_percent,33.673470
1779444538.992,/node/cpu_percent,34.848484
1779444539.022,/node/cpu_percent,34.848484
1779444539.207,/node/cpu_percent,35.643566
1779444539.492,/node/cpu_percent,33.834587
1779444539.524,/node/cpu_percent,33.834587
1779444539.705,/node/cpu_percent,34.085213
1779444539.994,/node/cpu_percent,38.805969
1779444540.024,/node/cpu_percent,38.500000
1779444540.203,/node/cpu_percent,40.554157
1779444540.492,/node/cpu_percent,36.548222
1779444540.522,/node/cpu_percent,36.775818
1779444540.703,/node/cpu_percent,34.183674
1779444540.993,/node/cpu_percent,35.012596
1779444541.023,/node/cpu_percent,34.771572
1779444541.203,/node/cpu_percent,35.338345
1779444541.492,/node/cpu_percent,36.090225
1779444541.523,/node/cpu_percent,36.340851
1779444541.702,/node/cpu_percent,37.185928
1779444541.993,/node/cpu_percent,35.443039
1779444542.022,/node/cpu_percent,35.189873
1779444542.202,/node/cpu_percent,33.838383
1779444542.492,/node/cpu_percent,33.502537
1779444542.521,/node/cpu_percent,33.670887
1779444542.702,/node/cpu_percent,33.587788
1779444542.992,/node/cpu_percent,34.005039
1779444543.021,/node/cpu_percent,34.005039
1779444543.202,/node/cpu_percent,34.005039
1779444543.491,/node/cpu_percent,34.256927
1779444543.521,/node/cpu_percent,34.586468
1779444543.703,/node/cpu_percent,34.170853
1779444543.992,/node/cpu_percent,33.670887
1779444544.021,/node/cpu_percent,33.756344
1779444544.203,/node/cpu_percent,34.256927
1779444544.492,/node/cpu_percent,34.500000
1779444544.521,/node/cpu_percent,34.577114
1779444544.702,/node/cpu_percent,35.891090
1779444544.991,/node/cpu_percent,37.438423
1779444545.021,/node/cpu_percent,37.283951
1779444545.206,/node/cpu_percent,36.069653
1779444545.492,/node/cpu_percent,33.842239
1779444545.520,/node/cpu_percent,33.673470
1779444545.702,/node/cpu_percent,33.247421
1779444545.991,/node/cpu_percent,33.933163
1779444546.022,/node/cpu_percent,34.102566
1779444546.203,/node/cpu_percent,34.936710
1779444546.493,/node/cpu_percent,41.309822
1779444546.522,/node/cpu_percent,41.919193
1779444546.702,/node/cpu_percent,46.329113
1779444546.992,/node/cpu_percent,48.354431
1779444547.021,/node/cpu_percent,48.354431
1779444547.201,/node/cpu_percent,46.428570
1779444547.491,/node/cpu_percent,36.828644
1779444547.521,/node/cpu_percent,36.061382
1779444547.701,/node/cpu_percent,32.824429
1779444547.991,/node/cpu_percent,33.417721
1779444548.020,/node/cpu_percent,34.090908
1779444548.201,/node/cpu_percent,34.673367
1779444548.495,/node/cpu_percent,35.750000
1779444548.520,/node/cpu_percent,34.924622
1779444548.701,/node/cpu_percent,35.572140
1779444548.991,/node/cpu_percent,35.148514
1779444549.020,/node/cpu_percent,35.148514
1779444549.201,/node/cpu_percent,34.500000
1779444549.493,/node/cpu_percent,34.663342
1779444549.521,/node/cpu_percent,34.825871
1779444549.703,/node/cpu_percent,34.900990
1779444549.991,/node/cpu_percent,34.663342
1779444550.020,/node/cpu_percent,34.987595
1779444550.201,/node/cpu_percent,34.586468
1779444550.490,/node/cpu_percent,34.508816
1779444550.522,/node/cpu_percent,34.256927
1779444550.702,/node/cpu_percent,34.256927
1779444550.991,/node/cpu_percent,34.577114
1779444551.020,/node/cpu_percent,34.335838
1779444551.203,/node/cpu_percent,35.061729
1779444551.491,/node/cpu_percent,34.577114
1779444551.520,/node/cpu_percent,34.413963
1779444551.702,/node/cpu_percent,35.264484
1779444551.990,/node/cpu_percent,35.696201
1779444552.019,/node/cpu_percent,36.020149
1779444552.201,/node/cpu_percent,34.760704
1779444552.490,/node/cpu_percent,34.422112
1779444552.520,/node/cpu_percent,34.673367
1779444552.699,/node/cpu_percent,34.673367
1779444552.990,/node/cpu_percent,34.090908
1779444553.021,/node/cpu_percent,33.670887
1779444553.201,/node/cpu_percent,33.838383
1779444553.490,/node/cpu_percent,34.837093
1779444553.520,/node/cpu_percent,34.837093
1779444553.703,/node/cpu_percent,34.508816
1779444553.990,/node/cpu_percent,34.430378
1779444554.020,/node/cpu_percent,34.595959
1779444554.200,/node/cpu_percent,36.111111
1779444554.490,/node/cpu_percent,37.313435
1779444554.519,/node/cpu_percent,36.907730
1779444554.700,/node/cpu_percent,37.623764
1779444554.991,/node/cpu_percent,36.340851
1779444555.019,/node/cpu_percent,36.907730
1779444555.200,/node/cpu_percent,35.250000
1779444555.490,/node/cpu_percent,35.483871
1779444555.519,/node/cpu_percent,34.924622
1779444555.700,/node/cpu_percent,34.750000
1779444555.991,/node/cpu_percent,35.483871
1779444556.019,/node/cpu_percent,35.714287
1779444556.201,/node/cpu_percent,35.411472
1779444556.490,/node/cpu_percent,41.666668
1779444556.519,/node/cpu_percent,42.424244
1779444556.700,/node/cpu_percent,47.487438
1779444556.990,/node/cpu_percent,48.232323
1779444557.019,/node/cpu_percent,48.232323
1779444557.200,/node/cpu_percent,47.103275
1779444557.490,/node/cpu_percent,38.071068
1779444557.521,/node/cpu_percent,37.309643
1779444557.700,/node/cpu_percent,33.333332
1779444557.989,/node/cpu_percent,34.750000
1779444558.019,/node/cpu_percent,35.087719
1779444558.201,/node/cpu_percent,35.000000
1779444558.489,/node/cpu_percent,34.256927
1779444558.520,/node/cpu_percent,33.753147
1779444558.699,/node/cpu_percent,34.760704
1779444558.989,/node/cpu_percent,35.101009
1779444559.019,/node/cpu_percent,35.264484
1779444559.200,/node/cpu_percent,34.343433
1779444559.489,/node/cpu_percent,34.096691
1779444559.521,/node/cpu_percent,33.928570
1779444559.700,/node/cpu_percent,33.673470
1779444559.989,/node/cpu_percent,37.913486
1779444560.018,/node/cpu_percent,38.944725
1779444560.200,/node/cpu_percent,41.102757
1779444560.489,/node/cpu_percent,36.500000
1779444560.519,/node/cpu_percent,35.768261
1779444560.700,/node/cpu_percent,34.760704
1779444560.990,/node/cpu_percent,35.175880
1779444561.019,/node/cpu_percent,34.683544
1779444561.199,/node/cpu_percent,33.333332
1779444561.489,/node/cpu_percent,32.908165
1779444561.520,/node/cpu_percent,33.417721
1779444561.700,/node/cpu_percent,34.090908
1779444561.990,/node/cpu_percent,35.623409
1779444562.019,/node/cpu_percent,35.459183
1779444562.199,/node/cpu_percent,34.782608
1779444562.493,/node/cpu_percent,34.170853
1779444562.518,/node/cpu_percent,34.250000
1779444562.698,/node/cpu_percent,34.739452
1779444562.989,/node/cpu_percent,34.987595
1779444563.018,/node/cpu_percent,35.074627
1779444563.200,/node/cpu_percent,35.483871
1779444563.488,/node/cpu_percent,35.074627
1779444563.518,/node/cpu_percent,34.750000
1779444563.700,/node/cpu_percent,34.500000
1779444563.989,/node/cpu_percent,34.413963
1779444564.018,/node/cpu_percent,34.900990
1779444564.199,/node/cpu_percent,34.085213
1779444564.490,/node/cpu_percent,34.673367
1779444564.518,/node/cpu_percent,34.177216
1779444564.699,/node/cpu_percent,34.177216
1779444564.988,/node/cpu_percent,33.928570
1779444565.020,/node/cpu_percent,34.177216
1779444565.199,/node/cpu_percent,35.500000
1779444565.488,/node/cpu_percent,36.274509
1779444565.518,/node/cpu_percent,36.274509
1779444565.699,/node/cpu_percent,35.802467
1779444565.990,/node/cpu_percent,33.924049
1779444566.019,/node/cpu_percent,33.756344
1779444566.199,/node/cpu_percent,33.163265
1779444566.488,/node/cpu_percent,41.475826
1779444566.518,/node/cpu_percent,42.748093
1779444566.698,/node/cpu_percent,47.727272
1779444566.988,/node/cpu_percent,48.241207
1779444567.019,/node/cpu_percent,47.858944
1779444567.199,/node/cpu_percent,47.328243
1779444567.488,/node/cpu_percent,39.795918
1779444567.518,/node/cpu_percent,39.130436
1779444567.700,/node/cpu_percent,35.189873
1779444567.988,/node/cpu_percent,35.012596
1779444568.017,/node/cpu_percent,35.264484
1779444568.199,/node/cpu_percent,34.936710
1779444568.488,/node/cpu_percent,34.605598
1779444568.517,/node/cpu_percent,34.430378
1779444568.698,/node/cpu_percent,34.673367
1779444568.988,/node/cpu_percent,34.508816
1779444569.017,/node/cpu_percent,34.586468
1779444569.198,/node/cpu_percent,34.263958
1779444569.488,/node/cpu_percent,34.343433
1779444569.518,/node/cpu_percent,34.263958
1779444569.698,/node/cpu_percent,35.353535
1779444569.990,/node/cpu_percent,35.929649
1779444570.017,/node/cpu_percent,36.523930
1779444570.198,/node/cpu_percent,36.500000
1779444570.488,/node/cpu_percent,36.432159
1779444570.517,/node/cpu_percent,35.353535
1779444570.697,/node/cpu_percent,34.936710
1779444570.988,/node/cpu_percent,35.768261
1779444571.017,/node/cpu_percent,36.250000
1779444571.201,/node/cpu_percent,38.500000
1779444571.488,/node/cpu_percent,41.666668
1779444571.517,/node/cpu_percent,42.211056
1779444571.699,/node/cpu_percent,41.025642
1779444571.987,/node/cpu_percent,37.500000
1779444572.018,/node/cpu_percent,36.760925
1779444572.198,/node/cpu_percent,34.936710
1779444572.488,/node/cpu_percent,33.587788
1779444572.517,/node/cpu_percent,34.177216
1779444572.697,/node/cpu_percent,37.340153
1779444572.987,/node/cpu_percent,39.493671
1779444573.022,/node/cpu_percent,39.086296
1779444573.197,/node/cpu_percent,37.406483
1779444573.487,/node/cpu_percent,34.848484
1779444573.517,/node/cpu_percent,34.848484
1779444573.697,/node/cpu_percent,33.673470
1779444573.987,/node/cpu_percent,33.587788
1779444574.016,/node/cpu_percent,33.418365
1779444574.197,/node/cpu_percent,32.992329
1779444574.487,/node/cpu_percent,33.670887
1779444574.517,/node/cpu_percent,33.585857
1779444574.698,/node/cpu_percent,34.090908
1779444574.987,/node/cpu_percent,34.837093
1779444575.017,/node/cpu_percent,35.087719
1779444575.198,/node/cpu_percent,35.162094
1779444575.487,/node/cpu_percent,33.924049
1779444575.516,/node/cpu_percent,34.090908
1779444575.698,/node/cpu_percent,34.343433
1779444575.989,/node/cpu_percent,35.000000
1779444576.017,/node/cpu_percent,34.673367
1779444576.197,/node/cpu_percent,33.753147
1779444576.487,/node/cpu_percent,39.795918
1779444576.516,/node/cpu_percent,40.153454
1779444576.696,/node/cpu_percent,46.192894
1779444576.987,/node/cpu_percent,48.614609
1779444577.016,/node/cpu_percent,48.994976
1779444577.197,/node/cpu_percent,47.355164
1779444577.487,/node/cpu_percent,39.294712
1779444577.516,/node/cpu_percent,38.383839
1779444577.697,/node/cpu_percent,35.012596
1779444577.987,/node/cpu_percent,34.924622
1779444578.016,/node/cpu_percent,35.768261
1779444578.197,/node/cpu_percent,35.786800
1779444578.486,/node/cpu_percent,35.786800
1779444578.519,/node/cpu_percent,35.101009
1779444578.697,/node/cpu_percent,34.508816
1779444578.987,/node/cpu_percent,34.595959
1779444579.016,/node/cpu_percent,34.683544
1779444579.197,/node/cpu_percent,35.588974
1779444579.486,/node/cpu_percent,35.012596
1779444579.516,/node/cpu_percent,35.000000
1779444579.698,/node/cpu_percent,34.924622
1779444579.988,/node/cpu_percent,39.097744
1779444580.016,/node/cpu_percent,39.195980
1779444580.196,/node/cpu_percent,40.201004
1779444580.486,/node/cpu_percent,34.615383
1779444580.517,/node/cpu_percent,34.278351
1779444580.696,/node/cpu_percent,33.502537
1779444580.986,/node/cpu_percent,34.912720
1779444581.016,/node/cpu_percent,35.074627
1779444581.196,/node/cpu_percent,34.256927
1779444581.487,/node/cpu_percent,34.090908
1779444581.515,/node/cpu_percent,33.838383
1779444581.696,/node/cpu_percent,33.587788
1779444581.989,/node/cpu_percent,36.090225
1779444582.015,/node/cpu_percent,36.340851
1779444582.196,/node/cpu_percent,36.408978
1779444582.486,/node/cpu_percent,34.912720
1779444582.515,/node/cpu_percent,34.912720
1779444582.696,/node/cpu_percent,35.643566
1779444582.987,/node/cpu_percent,35.000000
1779444583.015,/node/cpu_percent,35.087719
1779444583.196,/node/cpu_percent,34.263958
1779444583.485,/node/cpu_percent,34.183674
1779444583.515,/node/cpu_percent,34.263958
1779444583.696,/node/cpu_percent,34.517765
1779444583.985,/node/cpu_percent,34.430378
1779444584.015,/node/cpu_percent,34.595959
1779444584.196,/node/cpu_percent,34.343433
1779444584.485,/node/cpu_percent,34.837093
1779444584.515,/node/cpu_percent,34.837093
1779444584.699,/node/cpu_percent,37.220844
1779444584.986,/node/cpu_percent,36.750000
1779444585.016,/node/cpu_percent,36.500000
1779444585.196,/node/cpu_percent,34.848484
1779444585.486,/node/cpu_percent,35.175880
1779444585.515,/node/cpu_percent,34.848484
1779444585.697,/node/cpu_percent,34.090908
1779444585.985,/node/cpu_percent,33.076923
1779444586.015,/node/cpu_percent,34.010151
1779444586.196,/node/cpu_percent,34.096691
1779444586.485,/node/cpu_percent,43.037975
1779444586.515,/node/cpu_percent,43.112244
1779444586.695,/node/cpu_percent,47.837151
1779444407.016,/node/gpu_percent,40.299999
1779444407.045,/node/gpu_percent,73.699997
1779444407.225,/node/gpu_percent,45.099998
1779444407.517,/node/gpu_percent,38.099998
1779444407.544,/node/gpu_percent,35.099998
1779444407.730,/node/gpu_percent,35.400002
1779444408.015,/node/gpu_percent,49.900002
1779444408.044,/node/gpu_percent,9.900000
1779444408.225,/node/gpu_percent,11.000000
1779444408.515,/node/gpu_percent,10.400000
1779444408.545,/node/gpu_percent,7.100000
1779444408.725,/node/gpu_percent,0.000000
1779444409.021,/node/gpu_percent,90.500000
1779444409.044,/node/gpu_percent,47.599998
1779444409.227,/node/gpu_percent,64.199997
1779444409.517,/node/gpu_percent,52.000000
1779444409.545,/node/gpu_percent,5.400000
1779444409.726,/node/gpu_percent,16.600000
1779444410.017,/node/gpu_percent,0.000000
1779444410.045,/node/gpu_percent,88.500000
1779444410.226,/node/gpu_percent,2.700000
1779444410.515,/node/gpu_percent,77.599998
1779444410.544,/node/gpu_percent,47.799999
1779444410.727,/node/gpu_percent,58.700001
1779444411.016,/node/gpu_percent,30.000000
1779444411.047,/node/gpu_percent,77.500000
1779444411.224,/node/gpu_percent,5.900000
1779444411.518,/node/gpu_percent,77.699997
1779444411.546,/node/gpu_percent,71.900002
1779444411.724,/node/gpu_percent,78.199997
1779444412.016,/node/gpu_percent,65.900002
1779444412.043,/node/gpu_percent,18.500000
1779444412.226,/node/gpu_percent,25.799999
1779444412.516,/node/gpu_percent,63.299999
1779444412.544,/node/gpu_percent,92.599998
1779444412.724,/node/gpu_percent,88.699997
1779444413.016,/node/gpu_percent,88.599998
1779444413.044,/node/gpu_percent,52.000000
1779444413.224,/node/gpu_percent,67.300003
1779444413.516,/node/gpu_percent,52.799999
1779444413.543,/node/gpu_percent,52.299999
1779444413.727,/node/gpu_percent,41.400002
1779444414.016,/node/gpu_percent,35.700001
1779444414.044,/node/gpu_percent,79.500000
1779444414.226,/node/gpu_percent,62.799999
1779444414.513,/node/gpu_percent,69.300003
1779444414.543,/node/gpu_percent,0.000000
1779444414.725,/node/gpu_percent,81.900002
1779444415.014,/node/gpu_percent,2.100000
1779444415.044,/node/gpu_percent,37.799999
1779444415.221,/node/gpu_percent,39.799999
1779444415.516,/node/gpu_percent,92.699997
1779444415.543,/node/gpu_percent,74.199997
1779444415.724,/node/gpu_percent,82.900002
1779444416.014,/node/gpu_percent,25.400000
1779444416.047,/node/gpu_percent,68.300003
1779444416.224,/node/gpu_percent,34.200001
1779444416.518,/node/gpu_percent,61.299999
1779444416.545,/node/gpu_percent,90.699997
1779444416.724,/node/gpu_percent,75.099998
1779444417.016,/node/gpu_percent,94.599998
1779444417.044,/node/gpu_percent,5.500000
1779444417.225,/node/gpu_percent,44.000000
1779444417.512,/node/gpu_percent,42.700001
1779444417.542,/node/gpu_percent,71.800003
1779444417.726,/node/gpu_percent,63.099998
1779444418.013,/node/gpu_percent,90.699997
1779444418.043,/node/gpu_percent,14.100000
1779444418.223,/node/gpu_percent,69.000000
1779444418.515,/node/gpu_percent,16.799999
1779444418.544,/node/gpu_percent,58.599998
1779444418.723,/node/gpu_percent,58.599998
1779444419.012,/node/gpu_percent,87.300003
1779444419.043,/node/gpu_percent,2.100000
1779444419.224,/node/gpu_percent,64.500000
1779444419.516,/node/gpu_percent,30.000000
1779444419.546,/node/gpu_percent,70.599998
1779444419.724,/node/gpu_percent,64.300003
1779444420.013,/node/gpu_percent,74.699997
1779444420.044,/node/gpu_percent,37.799999
1779444420.223,/node/gpu_percent,45.599998
1779444420.514,/node/gpu_percent,4.500000
1779444420.545,/node/gpu_percent,97.400002
1779444420.726,/node/gpu_percent,5.100000
1779444421.012,/node/gpu_percent,78.500000
1779444421.042,/node/gpu_percent,32.200001
1779444421.223,/node/gpu_percent,41.299999
1779444421.517,/node/gpu_percent,0.000000
1779444421.548,/node/gpu_percent,76.800003
1779444421.724,/node/gpu_percent,10.300000
1779444422.013,/node/gpu_percent,63.700001
1779444422.044,/node/gpu_percent,23.100000
1779444422.222,/node/gpu_percent,33.599998
1779444422.512,/node/gpu_percent,1.900000
1779444422.545,/node/gpu_percent,92.400002
1779444422.725,/node/gpu_percent,23.000000
1779444423.012,/node/gpu_percent,58.700001
1779444423.043,/node/gpu_percent,12.200000
1779444423.225,/node/gpu_percent,15.200000
1779444423.515,/node/gpu_percent,6.400000
1779444423.543,/node/gpu_percent,15.800000
1779444423.722,/node/gpu_percent,2.300000
1779444424.018,/node/gpu_percent,76.099998
1779444424.042,/node/gpu_percent,41.400002
1779444424.225,/node/gpu_percent,49.500000
1779444424.513,/node/gpu_percent,23.799999
1779444424.542,/node/gpu_percent,1.600000
1779444424.723,/node/gpu_percent,1.900000
1779444425.014,/node/gpu_percent,3.800000
1779444425.042,/node/gpu_percent,51.900002
1779444425.224,/node/gpu_percent,37.900002
1779444425.514,/node/gpu_percent,81.800003
1779444425.541,/node/gpu_percent,40.099998
1779444425.723,/node/gpu_percent,59.900002
1779444426.013,/node/gpu_percent,32.900002
1779444426.041,/node/gpu_percent,72.199997
1779444426.222,/node/gpu_percent,1.900000
1779444426.517,/node/gpu_percent,92.699997
1779444426.541,/node/gpu_percent,59.299999
1779444426.722,/node/gpu_percent,58.200001
1779444427.012,/node/gpu_percent,0.500000
1779444427.041,/node/gpu_percent,17.000000
1779444427.222,/node/gpu_percent,0.000000
1779444427.511,/node/gpu_percent,67.000000
1779444427.542,/node/gpu_percent,80.800003
1779444427.725,/node/gpu_percent,94.199997
1779444428.014,/node/gpu_percent,90.599998
1779444428.042,/node/gpu_percent,42.000000
1779444428.222,/node/gpu_percent,83.000000
1779444428.513,/node/gpu_percent,92.000000
1779444428.542,/node/gpu_percent,2.600000
1779444428.721,/node/gpu_percent,89.599998
1779444429.012,/node/gpu_percent,26.700001
1779444429.042,/node/gpu_percent,0.000000
1779444429.222,/node/gpu_percent,22.400000
1779444429.511,/node/gpu_percent,37.000000
1779444429.543,/node/gpu_percent,67.800003
1779444429.722,/node/gpu_percent,10.800000
1779444430.012,/node/gpu_percent,76.400002
1779444430.041,/node/gpu_percent,79.500000
1779444430.223,/node/gpu_percent,89.599998
1779444430.513,/node/gpu_percent,89.699997
1779444430.541,/node/gpu_percent,52.900002
1779444430.722,/node/gpu_percent,65.300003
1779444431.011,/node/gpu_percent,5.300000
1779444431.041,/node/gpu_percent,49.000000
1779444431.223,/node/gpu_percent,32.299999
1779444431.511,/node/gpu_percent,78.599998
1779444431.541,/node/gpu_percent,70.300003
1779444431.723,/node/gpu_percent,86.099998
1779444432.012,/node/gpu_percent,71.300003
1779444432.040,/node/gpu_percent,0.000000
1779444432.222,/node/gpu_percent,89.199997
1779444432.510,/node/gpu_percent,2.900000
1779444432.540,/node/gpu_percent,9.000000
1779444432.720,/node/gpu_percent,0.000000
1779444433.011,/node/gpu_percent,6.400000
1779444433.041,/node/gpu_percent,64.599998
1779444433.221,/node/gpu_percent,17.799999
1779444433.510,/node/gpu_percent,68.199997
1779444433.541,/node/gpu_percent,35.900002
1779444433.723,/node/gpu_percent,47.099998
1779444434.011,/node/gpu_percent,26.600000
1779444434.042,/node/gpu_percent,0.000000
1779444434.220,/node/gpu_percent,14.400000
1779444434.511,/node/gpu_percent,68.599998
1779444434.540,/node/gpu_percent,72.099998
1779444434.720,/node/gpu_percent,74.900002
1779444435.011,/node/gpu_percent,57.299999
1779444435.042,/node/gpu_percent,4.500000
1779444435.218,/node/gpu_percent,17.600000
1779444435.511,/node/gpu_percent,1.900000
1779444435.544,/node/gpu_percent,93.099998
1779444435.720,/node/gpu_percent,2.700000
1779444436.012,/node/gpu_percent,60.200001
1779444436.040,/node/gpu_percent,20.900000
1779444436.222,/node/gpu_percent,38.200001
1779444436.510,/node/gpu_percent,0.000000
1779444436.543,/node/gpu_percent,76.500000
1779444436.718,/node/gpu_percent,21.799999
1779444437.011,/node/gpu_percent,36.099998
1779444437.042,/node/gpu_percent,0.000000
1779444437.220,/node/gpu_percent,0.000000
1779444437.512,/node/gpu_percent,39.299999
1779444437.540,/node/gpu_percent,76.099998
1779444437.723,/node/gpu_percent,46.200001
1779444438.011,/node/gpu_percent,35.599998
1779444438.040,/node/gpu_percent,0.400000
1779444438.221,/node/gpu_percent,9.800000
1779444438.509,/node/gpu_percent,8.700000
1779444438.540,/node/gpu_percent,2.400000
1779444438.722,/node/gpu_percent,7.600000
1779444439.010,/node/gpu_percent,18.400000
1779444439.042,/node/gpu_percent,84.900002
1779444439.223,/node/gpu_percent,14.900000
1779444439.512,/node/gpu_percent,43.299999
1779444439.540,/node/gpu_percent,87.500000
1779444439.720,/node/gpu_percent,59.400002
1779444440.009,/node/gpu_percent,52.799999
1779444440.041,/node/gpu_percent,4.500000
1779444440.220,/node/gpu_percent,84.099998
1779444440.509,/node/gpu_percent,23.299999
1779444440.540,/node/gpu_percent,0.000000
1779444440.720,/node/gpu_percent,4.500000
1779444441.009,/node/gpu_percent,27.700001
1779444441.041,/node/gpu_percent,0.000000
1779444441.223,/node/gpu_percent,31.400000
1779444441.510,/node/gpu_percent,37.299999
1779444441.543,/node/gpu_percent,71.099998
1779444441.721,/node/gpu_percent,56.200001
1779444442.008,/node/gpu_percent,78.500000
1779444442.039,/node/gpu_percent,82.199997
1779444442.220,/node/gpu_percent,94.699997
1779444442.509,/node/gpu_percent,65.400002
1779444442.539,/node/gpu_percent,39.700001
1779444442.720,/node/gpu_percent,42.200001
1779444443.010,/node/gpu_percent,49.900002
1779444443.040,/node/gpu_percent,97.500000
1779444443.222,/node/gpu_percent,80.599998
1779444443.508,/node/gpu_percent,89.300003
1779444443.539,/node/gpu_percent,2.700000
1779444443.720,/node/gpu_percent,62.299999
1779444444.008,/node/gpu_percent,20.200001
1779444444.040,/node/gpu_percent,48.700001
1779444444.221,/node/gpu_percent,35.900002
1779444444.510,/node/gpu_percent,84.900002
1779444444.539,/node/gpu_percent,73.699997
1779444444.719,/node/gpu_percent,86.500000
1779444445.010,/node/gpu_percent,17.799999
1779444445.041,/node/gpu_percent,57.700001
1779444445.219,/node/gpu_percent,91.199997
1779444445.510,/node/gpu_percent,89.599998
1779444445.539,/node/gpu_percent,46.099998
1779444445.719,/node/gpu_percent,55.900002
1779444446.009,/node/gpu_percent,28.600000
1779444446.039,/node/gpu_percent,58.000000
1779444446.218,/node/gpu_percent,4.900000
1779444446.508,/node/gpu_percent,91.500000
1779444446.541,/node/gpu_percent,69.400002
1779444446.721,/node/gpu_percent,78.000000
1779444447.009,/node/gpu_percent,62.200001
1779444447.040,/node/gpu_percent,42.900002
1779444447.218,/node/gpu_percent,47.299999
1779444447.509,/node/gpu_percent,35.900002
1779444447.539,/node/gpu_percent,87.900002
1779444447.718,/node/gpu_percent,76.800003
1779444448.010,/node/gpu_percent,92.900002
1779444448.040,/node/gpu_percent,8.000000
1779444448.218,/node/gpu_percent,80.400002
1779444448.508,/node/gpu_percent,35.799999
1779444448.543,/node/gpu_percent,69.099998
1779444448.720,/node/gpu_percent,39.099998
1779444449.007,/node/gpu_percent,33.900002
1779444449.039,/node/gpu_percent,69.000000
1779444449.218,/node/gpu_percent,61.500000
1779444449.510,/node/gpu_percent,0.000000
1779444449.540,/node/gpu_percent,25.799999
1779444449.720,/node/gpu_percent,37.900002
1779444450.008,/node/gpu_percent,30.700001
1779444450.038,/node/gpu_percent,71.800003
1779444450.218,/node/gpu_percent,42.299999
1779444450.508,/node/gpu_percent,66.300003
1779444450.538,/node/gpu_percent,0.000000
1779444450.720,/node/gpu_percent,87.400002
1779444451.010,/node/gpu_percent,12.300000
1779444451.039,/node/gpu_percent,39.000000
1779444451.220,/node/gpu_percent,35.200001
1779444451.507,/node/gpu_percent,71.800003
1779444451.537,/node/gpu_percent,0.000000
1779444451.717,/node/gpu_percent,94.000000
1779444452.008,/node/gpu_percent,0.000000
1779444452.037,/node/gpu_percent,35.900002
1779444452.218,/node/gpu_percent,30.200001
1779444452.510,/node/gpu_percent,56.400002
1779444452.538,/node/gpu_percent,90.000000
1779444452.717,/node/gpu_percent,90.000000
1779444453.008,/node/gpu_percent,1.900000
1779444453.037,/node/gpu_percent,35.599998
1779444453.218,/node/gpu_percent,50.299999
1779444453.508,/node/gpu_percent,84.500000
1779444453.540,/node/gpu_percent,75.500000
1779444453.718,/node/gpu_percent,86.000000
1779444454.007,/node/gpu_percent,57.700001
1779444454.039,/node/gpu_percent,47.599998
1779444454.217,/node/gpu_percent,21.500000
1779444454.509,/node/gpu_percent,64.199997
1779444454.538,/node/gpu_percent,82.699997
1779444454.719,/node/gpu_percent,95.500000
1779444455.009,/node/gpu_percent,85.300003
1779444455.039,/node/gpu_percent,19.900000
1779444455.217,/node/gpu_percent,20.100000
1779444455.511,/node/gpu_percent,90.300003
1779444455.537,/node/gpu_percent,71.699997
1779444455.717,/node/gpu_percent,73.400002
1779444456.006,/node/gpu_percent,27.299999
1779444456.037,/node/gpu_percent,0.000000
1779444456.218,/node/gpu_percent,1.600000
1779444456.507,/node/gpu_percent,71.099998
1779444456.538,/node/gpu_percent,20.600000
1779444456.719,/node/gpu_percent,26.500000
1779444457.008,/node/gpu_percent,0.000000
1779444457.040,/node/gpu_percent,23.500000
1779444457.217,/node/gpu_percent,5.100000
1779444457.510,/node/gpu_percent,42.299999
1779444457.538,/node/gpu_percent,27.100000
1779444457.718,/node/gpu_percent,72.699997
1779444458.007,/node/gpu_percent,0.000000
1779444458.035,/node/gpu_percent,27.600000
1779444458.216,/node/gpu_percent,17.500000
1779444458.506,/node/gpu_percent,57.500000
1779444458.537,/node/gpu_percent,1.800000
1779444458.715,/node/gpu_percent,89.599998
1779444459.006,/node/gpu_percent,5.200000
1779444459.037,/node/gpu_percent,38.500000
1779444459.216,/node/gpu_percent,42.299999
1779444459.507,/node/gpu_percent,91.500000
1779444459.537,/node/gpu_percent,53.000000
1779444459.716,/node/gpu_percent,57.599998
1779444460.008,/node/gpu_percent,47.200001
1779444460.036,/node/gpu_percent,89.599998
1779444460.216,/node/gpu_percent,59.000000
1779444460.507,/node/gpu_percent,16.000000
1779444460.535,/node/gpu_percent,0.000000
1779444460.718,/node/gpu_percent,0.000000
1779444461.010,/node/gpu_percent,23.799999
1779444461.038,/node/gpu_percent,50.400002
1779444461.218,/node/gpu_percent,45.700001
1779444461.507,/node/gpu_percent,12.900000
1779444461.535,/node/gpu_percent,1.600000
1779444461.717,/node/gpu_percent,1.600000
1779444462.006,/node/gpu_percent,3.800000
1779444462.035,/node/gpu_percent,57.400002
1779444462.215,/node/gpu_percent,20.400000
1779444462.507,/node/gpu_percent,84.500000
1779444462.536,/node/gpu_percent,37.299999
1779444462.718,/node/gpu_percent,59.900002
1779444463.006,/node/gpu_percent,63.099998
1779444463.036,/node/gpu_percent,11.200000
1779444463.218,/node/gpu_percent,30.700001
1779444463.506,/node/gpu_percent,44.700001
1779444463.540,/node/gpu_percent,82.300003
1779444463.718,/node/gpu_percent,51.599998
1779444464.007,/node/gpu_percent,62.000000
1779444464.036,/node/gpu_percent,92.199997
1779444464.219,/node/gpu_percent,63.599998
1779444464.505,/node/gpu_percent,95.300003
1779444464.536,/node/gpu_percent,4.200000
1779444464.717,/node/gpu_percent,72.599998
1779444465.007,/node/gpu_percent,1.600000
1779444465.035,/node/gpu_percent,40.700001
1779444465.217,/node/gpu_percent,19.500000
1779444465.505,/node/gpu_percent,11.200000
1779444465.536,/node/gpu_percent,47.900002
1779444465.716,/node/gpu_percent,34.099998
1779444466.006,/node/gpu_percent,74.599998
1779444466.035,/node/gpu_percent,13.200000
1779444466.216,/node/gpu_percent,12.700000
1779444466.505,/node/gpu_percent,3.800000
1779444466.536,/node/gpu_percent,41.099998
1779444466.716,/node/gpu_percent,17.700001
1779444467.007,/node/gpu_percent,47.500000
1779444467.036,/node/gpu_percent,13.200000
1779444467.215,/node/gpu_percent,33.599998
1779444467.506,/node/gpu_percent,0.000000
1779444467.537,/node/gpu_percent,26.799999
1779444467.715,/node/gpu_percent,31.700001
1779444468.007,/node/gpu_percent,79.800003
1779444468.036,/node/gpu_percent,1.600000
1779444468.216,/node/gpu_percent,31.200001
1779444468.506,/node/gpu_percent,64.699997
1779444468.535,/node/gpu_percent,83.099998
1779444468.715,/node/gpu_percent,89.300003
1779444469.004,/node/gpu_percent,35.599998
1779444469.034,/node/gpu_percent,69.500000
1779444469.217,/node/gpu_percent,11.300000
1779444469.508,/node/gpu_percent,92.599998
1779444469.534,/node/gpu_percent,52.299999
1779444469.715,/node/gpu_percent,56.200001
1779444470.006,/node/gpu_percent,18.100000
1779444470.036,/node/gpu_percent,0.000000
1779444470.215,/node/gpu_percent,0.000000
1779444470.505,/node/gpu_percent,87.199997
1779444470.536,/node/gpu_percent,75.000000
1779444470.719,/node/gpu_percent,93.900002
1779444471.005,/node/gpu_percent,78.900002
1779444471.036,/node/gpu_percent,46.400002
1779444471.214,/node/gpu_percent,65.900002
1779444471.507,/node/gpu_percent,43.000000
1779444471.535,/node/gpu_percent,62.099998
1779444471.714,/node/gpu_percent,0.000000
1779444472.006,/node/gpu_percent,78.300003
1779444472.036,/node/gpu_percent,28.700001
1779444472.215,/node/gpu_percent,17.100000
1779444472.504,/node/gpu_percent,1.600000
1779444472.536,/node/gpu_percent,68.900002
1779444472.716,/node/gpu_percent,36.599998
1779444473.004,/node/gpu_percent,34.500000
1779444473.035,/node/gpu_percent,0.000000
1779444473.214,/node/gpu_percent,0.000000
1779444473.505,/node/gpu_percent,35.900002
1779444473.534,/node/gpu_percent,84.599998
1779444473.714,/node/gpu_percent,89.099998
1779444474.005,/node/gpu_percent,5.000000
1779444474.034,/node/gpu_percent,45.400002
1779444474.214,/node/gpu_percent,51.000000
1779444474.505,/node/gpu_percent,84.000000
1779444474.534,/node/gpu_percent,48.000000
1779444474.715,/node/gpu_percent,50.200001
1779444475.006,/node/gpu_percent,0.000000
1779444475.034,/node/gpu_percent,88.500000
1779444475.215,/node/gpu_percent,15.400000
1779444475.503,/node/gpu_percent,57.400002
1779444475.534,/node/gpu_percent,6.900000
1779444475.715,/node/gpu_percent,33.400002
1779444476.003,/node/gpu_percent,36.599998
1779444476.034,/node/gpu_percent,68.400002
1779444476.216,/node/gpu_percent,9.000000
1779444476.504,/node/gpu_percent,64.699997
1779444476.533,/node/gpu_percent,92.400002
1779444476.717,/node/gpu_percent,88.199997
1779444477.005,/node/gpu_percent,61.500000
1779444477.035,/node/gpu_percent,16.799999
1779444477.213,/node/gpu_percent,24.200001
1779444477.503,/node/gpu_percent,75.000000
1779444477.535,/node/gpu_percent,75.699997
1779444477.715,/node/gpu_percent,90.800003
1779444478.003,/node/gpu_percent,74.000000
1779444478.034,/node/gpu_percent,21.000000
1779444478.215,/node/gpu_percent,32.400002
1779444478.503,/node/gpu_percent,6.000000
1779444478.539,/node/gpu_percent,89.099998
1779444478.718,/node/gpu_percent,1.600000
1779444479.004,/node/gpu_percent,81.400002
1779444479.035,/node/gpu_percent,46.400002
1779444479.213,/node/gpu_percent,30.799999
1779444479.504,/node/gpu_percent,0.000000
1779444479.532,/node/gpu_percent,78.500000
1779444479.714,/node/gpu_percent,16.400000
1779444480.003,/node/gpu_percent,62.799999
1779444480.034,/node/gpu_percent,13.900000
1779444480.213,/node/gpu_percent,6.900000
1779444480.505,/node/gpu_percent,1.600000
1779444480.535,/node/gpu_percent,30.900000
1779444480.714,/node/gpu_percent,24.500000
1779444481.006,/node/gpu_percent,46.099998
1779444481.030,/node/gpu_percent,4.500000
1779444481.212,/node/gpu_percent,12.500000
1779444481.501,/node/gpu_percent,70.500000
1779444481.533,/node/gpu_percent,15.200000
1779444481.715,/node/gpu_percent,24.400000
1779444482.005,/node/gpu_percent,15.700000
1779444482.035,/node/gpu_percent,87.000000
1779444482.212,/node/gpu_percent,0.000000
1779444482.503,/node/gpu_percent,71.400002
1779444482.534,/node/gpu_percent,32.599998
1779444482.715,/node/gpu_percent,38.200001
1779444483.002,/node/gpu_percent,0.000000
1779444483.036,/node/gpu_percent,85.500000
1779444483.214,/node/gpu_percent,9.500000
1779444483.503,/node/gpu_percent,65.400002
1779444483.532,/node/gpu_percent,17.200001
1779444483.712,/node/gpu_percent,49.200001
1779444484.002,/node/gpu_percent,36.700001
1779444484.033,/node/gpu_percent,0.000000
1779444484.212,/node/gpu_percent,0.000000
1779444484.505,/node/gpu_percent,91.699997
1779444484.532,/node/gpu_percent,51.700001
1779444484.713,/node/gpu_percent,63.299999
1779444485.003,/node/gpu_percent,24.799999
1779444485.031,/node/gpu_percent,0.000000
1779444485.214,/node/gpu_percent,1.900000
1779444485.504,/node/gpu_percent,3.700000
1779444485.532,/node/gpu_percent,51.900002
1779444485.714,/node/gpu_percent,48.900002
1779444486.003,/node/gpu_percent,23.700001
1779444486.033,/node/gpu_percent,0.000000
1779444486.212,/node/gpu_percent,0.000000
1779444486.503,/node/gpu_percent,3.200000
1779444486.532,/node/gpu_percent,67.199997
1779444486.716,/node/gpu_percent,39.400002
1779444487.004,/node/gpu_percent,14.800000
1779444487.033,/node/gpu_percent,2.300000
1779444487.213,/node/gpu_percent,11.000000
1779444487.506,/node/gpu_percent,42.200001
1779444487.532,/node/gpu_percent,17.299999
1779444487.713,/node/gpu_percent,84.199997
1779444488.002,/node/gpu_percent,3.800000
1779444488.032,/node/gpu_percent,46.799999
1779444488.213,/node/gpu_percent,48.599998
1779444488.504,/node/gpu_percent,83.000000
1779444488.532,/node/gpu_percent,71.400002
1779444488.713,/node/gpu_percent,69.699997
1779444489.002,/node/gpu_percent,4.500000
1779444489.033,/node/gpu_percent,89.599998
1779444489.212,/node/gpu_percent,2.200000
1779444489.502,/node/gpu_percent,75.000000
1779444489.533,/node/gpu_percent,26.299999
1779444489.713,/node/gpu_percent,26.600000
1779444490.004,/node/gpu_percent,31.000000
1779444490.030,/node/gpu_percent,74.099998
1779444490.215,/node/gpu_percent,11.600000
1779444490.504,/node/gpu_percent,86.800003
1779444490.533,/node/gpu_percent,75.000000
1779444490.713,/node/gpu_percent,95.800003
1779444491.003,/node/gpu_percent,93.300003
1779444491.030,/node/gpu_percent,11.800000
1779444491.212,/node/gpu_percent,66.800003
1779444491.501,/node/gpu_percent,25.799999
1779444491.532,/node/gpu_percent,70.500000
1779444491.712,/node/gpu_percent,63.900002
1779444492.004,/node/gpu_percent,81.900002
1779444492.029,/node/gpu_percent,67.599998
1779444492.211,/node/gpu_percent,73.099998
1779444492.501,/node/gpu_percent,56.900002
1779444492.531,/node/gpu_percent,48.500000
1779444492.709,/node/gpu_percent,24.100000
1779444493.005,/node/gpu_percent,68.000000
1779444493.031,/node/gpu_percent,90.500000
1779444493.212,/node/gpu_percent,88.599998
1779444493.501,/node/gpu_percent,84.400002
1779444493.532,/node/gpu_percent,20.700001
1779444493.712,/node/gpu_percent,59.200001
1779444494.003,/node/gpu_percent,28.700001
1779444494.031,/node/gpu_percent,70.300003
1779444494.213,/node/gpu_percent,79.699997
1779444494.500,/node/gpu_percent,77.900002
1779444494.532,/node/gpu_percent,27.299999
1779444494.712,/node/gpu_percent,30.000000
1779444495.000,/node/gpu_percent,72.000000
1779444495.031,/node/gpu_percent,88.500000
1779444495.210,/node/gpu_percent,85.800003
1779444495.501,/node/gpu_percent,71.300003
1779444495.530,/node/gpu_percent,42.400002
1779444495.715,/node/gpu_percent,67.599998
1779444496.001,/node/gpu_percent,23.600000
1779444496.032,/node/gpu_percent,73.699997
1779444496.212,/node/gpu_percent,13.100000
1779444496.499,/node/gpu_percent,73.900002
1779444496.531,/node/gpu_percent,72.599998
1779444496.711,/node/gpu_percent,78.599998
1779444497.001,/node/gpu_percent,62.500000
1779444497.032,/node/gpu_percent,45.299999
1779444497.212,/node/gpu_percent,23.799999
1779444497.501,/node/gpu_percent,56.299999
1779444497.531,/node/gpu_percent,96.300003
1779444497.712,/node/gpu_percent,82.800003
1779444497.999,/node/gpu_percent,87.199997
1779444498.029,/node/gpu_percent,17.900000
1779444498.211,/node/gpu_percent,83.400002
1779444498.502,/node/gpu_percent,0.000000
1779444498.529,/node/gpu_percent,31.500000
1779444498.712,/node/gpu_percent,9.800000
1779444499.002,/node/gpu_percent,2.700000
1779444499.029,/node/gpu_percent,49.400002
1779444499.210,/node/gpu_percent,21.400000
1779444499.503,/node/gpu_percent,90.500000
1779444499.530,/node/gpu_percent,46.599998
1779444499.713,/node/gpu_percent,72.400002
1779444500.001,/node/gpu_percent,79.699997
1779444500.030,/node/gpu_percent,31.799999
1779444500.211,/node/gpu_percent,37.400002
1779444500.502,/node/gpu_percent,4.500000
1779444500.530,/node/gpu_percent,94.099998
1779444500.711,/node/gpu_percent,2.200000
1779444500.999,/node/gpu_percent,62.400002
1779444501.032,/node/gpu_percent,29.500000
1779444501.211,/node/gpu_percent,39.400002
1779444501.502,/node/gpu_percent,6.400000
1779444501.534,/node/gpu_percent,92.000000
1779444501.712,/node/gpu_percent,6.800000
1779444502.000,/node/gpu_percent,67.800003
1779444502.032,/node/gpu_percent,8.900000
1779444502.213,/node/gpu_percent,4.500000
1779444502.500,/node/gpu_percent,5.700000
1779444502.532,/node/gpu_percent,44.500000
1779444502.714,/node/gpu_percent,40.900002
1779444503.000,/node/gpu_percent,19.799999
1779444503.030,/node/gpu_percent,1.600000
1779444503.211,/node/gpu_percent,1.600000
1779444503.501,/node/gpu_percent,22.600000
1779444503.530,/node/gpu_percent,71.300003
1779444503.711,/node/gpu_percent,65.800003
1779444503.999,/node/gpu_percent,94.400002
1779444504.030,/node/gpu_percent,2.300000
1779444504.211,/node/gpu_percent,62.500000
1779444504.502,/node/gpu_percent,32.599998
1779444504.529,/node/gpu_percent,61.599998
1779444504.710,/node/gpu_percent,50.799999
1779444505.002,/node/gpu_percent,84.400002
1779444505.030,/node/gpu_percent,1.600000
1779444505.210,/node/gpu_percent,72.800003
1779444505.502,/node/gpu_percent,11.600000
1779444505.531,/node/gpu_percent,66.800003
1779444505.709,/node/gpu_percent,61.400002
1779444505.998,/node/gpu_percent,89.699997
1779444506.029,/node/gpu_percent,57.599998
1779444506.209,/node/gpu_percent,59.900002
1779444506.501,/node/gpu_percent,42.799999
1779444506.530,/node/gpu_percent,80.699997
1779444506.710,/node/gpu_percent,79.300003
1779444506.999,/node/gpu_percent,49.500000
1779444507.030,/node/gpu_percent,13.100000
1779444507.210,/node/gpu_percent,0.000000
1779444507.502,/node/gpu_percent,25.799999
1779444507.530,/node/gpu_percent,25.299999
1779444507.708,/node/gpu_percent,70.900002
1779444507.999,/node/gpu_percent,5.100000
1779444508.029,/node/gpu_percent,10.300000
1779444508.210,/node/gpu_percent,6.000000
1779444508.501,/node/gpu_percent,46.000000
1779444508.531,/node/gpu_percent,22.799999
1779444508.709,/node/gpu_percent,75.699997
1779444508.999,/node/gpu_percent,0.000000
1779444509.028,/node/gpu_percent,26.600000
1779444509.210,/node/gpu_percent,17.700001
1779444509.501,/node/gpu_percent,41.299999
1779444509.531,/node/gpu_percent,94.400002
1779444509.709,/node/gpu_percent,85.400002
1779444509.999,/node/gpu_percent,0.000000
1779444510.028,/node/gpu_percent,14.500000
1779444510.211,/node/gpu_percent,8.300000
1779444510.500,/node/gpu_percent,46.000000
1779444510.530,/node/gpu_percent,81.599998
1779444510.710,/node/gpu_percent,75.599998
1779444510.999,/node/gpu_percent,78.900002
1779444511.030,/node/gpu_percent,26.000000
1779444511.210,/node/gpu_percent,48.799999
1779444511.499,/node/gpu_percent,62.000000
1779444511.527,/node/gpu_percent,81.699997
1779444511.710,/node/gpu_percent,79.500000
1779444511.997,/node/gpu_percent,47.400002
1779444512.027,/node/gpu_percent,57.599998
1779444512.210,/node/gpu_percent,3.300000
1779444512.501,/node/gpu_percent,83.500000
1779444512.531,/node/gpu_percent,0.000000
1779444512.710,/node/gpu_percent,1.600000
1779444513.000,/node/gpu_percent,19.500000
1779444513.029,/node/gpu_percent,72.300003
1779444513.213,/node/gpu_percent,60.299999
1779444513.499,/node/gpu_percent,31.200001
1779444513.527,/node/gpu_percent,0.000000
1779444513.710,/node/gpu_percent,5.100000
1779444513.999,/node/gpu_percent,0.000000
1779444514.034,/node/gpu_percent,22.400000
1779444514.210,/node/gpu_percent,3.400000
1779444514.498,/node/gpu_percent,39.000000
1779444514.530,/node/gpu_percent,32.599998
1779444514.709,/node/gpu_percent,61.299999
1779444515.000,/node/gpu_percent,0.000000
1779444515.027,/node/gpu_percent,17.400000
1779444515.211,/node/gpu_percent,20.500000
1779444515.504,/node/gpu_percent,51.700001
1779444515.528,/node/gpu_percent,0.500000
1779444515.708,/node/gpu_percent,86.900002
1779444516.000,/node/gpu_percent,11.400000
1779444516.030,/node/gpu_percent,49.299999
1779444516.209,/node/gpu_percent,38.599998
1779444516.498,/node/gpu_percent,85.500000
1779444516.529,/node/gpu_percent,1.800000
1779444516.710,/node/gpu_percent,70.400002
1779444517.001,/node/gpu_percent,32.500000
1779444517.030,/node/gpu_percent,79.300003
1779444517.209,/node/gpu_percent,50.099998
1779444517.498,/node/gpu_percent,62.299999
1779444517.528,/node/gpu_percent,83.300003
1779444517.709,/node/gpu_percent,83.000000
1779444518.000,/node/gpu_percent,8.600000
1779444518.028,/node/gpu_percent,48.500000
1779444518.209,/node/gpu_percent,4.500000
1779444518.498,/node/gpu_percent,81.199997
1779444518.528,/node/gpu_percent,72.599998
1779444518.710,/node/gpu_percent,72.400002
1779444518.998,/node/gpu_percent,25.400000
1779444519.029,/node/gpu_percent,78.199997
1779444519.210,/node/gpu_percent,0.000000
1779444519.499,/node/gpu_percent,71.800003
1779444519.529,/node/gpu_percent,25.200001
1779444519.708,/node/gpu_percent,21.500000
1779444519.998,/node/gpu_percent,1.900000
1779444520.028,/node/gpu_percent,66.500000
1779444520.211,/node/gpu_percent,40.799999
1779444520.498,/node/gpu_percent,11.600000
1779444520.530,/node/gpu_percent,5.500000
1779444520.710,/node/gpu_percent,1.700000
1779444520.997,/node/gpu_percent,29.400000
1779444521.027,/node/gpu_percent,75.599998
1779444521.207,/node/gpu_percent,72.000000
1779444521.498,/node/gpu_percent,0.500000
1779444521.527,/node/gpu_percent,14.800000
1779444521.708,/node/gpu_percent,46.500000
1779444522.000,/node/gpu_percent,46.700001
1779444522.026,/node/gpu_percent,81.400002
1779444522.210,/node/gpu_percent,72.099998
1779444522.498,/node/gpu_percent,77.500000
1779444522.527,/node/gpu_percent,27.600000
1779444522.708,/node/gpu_percent,47.599998
1779444522.999,/node/gpu_percent,35.900002
1779444523.025,/node/gpu_percent,81.900002
1779444523.210,/node/gpu_percent,84.699997
1779444523.497,/node/gpu_percent,91.099998
1779444523.526,/node/gpu_percent,11.100000
1779444523.708,/node/gpu_percent,61.400002
1779444523.998,/node/gpu_percent,22.500000
1779444524.029,/node/gpu_percent,54.200001
1779444524.206,/node/gpu_percent,52.500000
1779444524.497,/node/gpu_percent,83.900002
1779444524.526,/node/gpu_percent,32.200001
1779444524.709,/node/gpu_percent,3.400000
1779444524.997,/node/gpu_percent,62.200001
1779444525.027,/node/gpu_percent,87.500000
1779444525.206,/node/gpu_percent,82.599998
1779444525.496,/node/gpu_percent,77.800003
1779444525.526,/node/gpu_percent,73.500000
1779444525.710,/node/gpu_percent,92.500000
1779444525.997,/node/gpu_percent,90.500000
1779444526.027,/node/gpu_percent,1.600000
1779444526.209,/node/gpu_percent,87.599998
1779444526.494,/node/gpu_percent,49.599998
1779444526.529,/node/gpu_percent,86.199997
1779444526.709,/node/gpu_percent,78.800003
1779444526.998,/node/gpu_percent,55.400002
1779444527.027,/node/gpu_percent,49.500000
1779444527.207,/node/gpu_percent,16.500000
1779444527.497,/node/gpu_percent,60.500000
1779444527.528,/node/gpu_percent,11.600000
1779444527.707,/node/gpu_percent,25.299999
1779444527.997,/node/gpu_percent,0.000000
1779444528.030,/node/gpu_percent,31.400000
1779444528.207,/node/gpu_percent,34.299999
1779444528.499,/node/gpu_percent,54.400002
1779444528.527,/node/gpu_percent,17.100000
1779444528.707,/node/gpu_percent,84.900002
1779444528.998,/node/gpu_percent,0.000000
1779444529.028,/node/gpu_percent,39.400002
1779444529.208,/node/gpu_percent,13.200000
1779444529.497,/node/gpu_percent,9.400000
1779444529.526,/node/gpu_percent,50.000000
1779444529.706,/node/gpu_percent,39.700001
1779444529.998,/node/gpu_percent,62.200001
1779444530.026,/node/gpu_percent,11.400000
1779444530.207,/node/gpu_percent,24.900000
1779444530.496,/node/gpu_percent,35.200001
1779444530.527,/node/gpu_percent,69.900002
1779444530.707,/node/gpu_percent,12.600000
1779444530.996,/node/gpu_percent,46.200001
1779444531.026,/node/gpu_percent,83.000000
1779444531.206,/node/gpu_percent,58.200001
1779444531.496,/node/gpu_percent,93.699997
1779444531.526,/node/gpu_percent,55.500000
1779444531.706,/node/gpu_percent,62.700001
1779444531.995,/node/gpu_percent,18.600000
1779444532.026,/node/gpu_percent,58.000000
1779444532.206,/node/gpu_percent,42.299999
1779444532.497,/node/gpu_percent,64.099998
1779444532.527,/node/gpu_percent,87.699997
1779444532.706,/node/gpu_percent,96.300003
1779444532.995,/node/gpu_percent,90.900002
1779444533.029,/node/gpu_percent,9.400000
1779444533.207,/node/gpu_percent,65.400002
1779444533.496,/node/gpu_percent,30.500000
1779444533.526,/node/gpu_percent,72.400002
1779444533.705,/node/gpu_percent,58.400002
1779444533.998,/node/gpu_percent,91.900002
1779444534.024,/node/gpu_percent,7.200000
1779444534.208,/node/gpu_percent,78.300003
1779444534.498,/node/gpu_percent,0.000000
1779444534.524,/node/gpu_percent,31.299999
1779444534.705,/node/gpu_percent,6.900000
1779444534.998,/node/gpu_percent,1.600000
1779444535.026,/node/gpu_percent,40.799999
1779444535.205,/node/gpu_percent,10.100000
1779444535.497,/node/gpu_percent,89.500000
1779444535.526,/node/gpu_percent,47.700001
1779444535.706,/node/gpu_percent,73.500000
1779444535.996,/node/gpu_percent,67.300003
1779444536.024,/node/gpu_percent,14.800000
1779444536.206,/node/gpu_percent,23.000000
1779444536.497,/node/gpu_percent,16.799999
1779444536.530,/node/gpu_percent,86.800003
1779444536.705,/node/gpu_percent,0.000000
1779444536.997,/node/gpu_percent,70.199997
1779444537.025,/node/gpu_percent,92.300003
1779444537.204,/node/gpu_percent,84.300003
1779444537.495,/node/gpu_percent,72.599998
1779444537.526,/node/gpu_percent,32.500000
1779444537.708,/node/gpu_percent,42.700001
1779444537.995,/node/gpu_percent,51.400002
1779444538.025,/node/gpu_percent,87.099998
1779444538.208,/node/gpu_percent,86.800003
1779444538.495,/node/gpu_percent,92.099998
1779444538.525,/node/gpu_percent,42.299999
1779444538.708,/node/gpu_percent,47.099998
1779444538.995,/node/gpu_percent,58.700001
1779444539.025,/node/gpu_percent,94.099998
1779444539.208,/node/gpu_percent,92.199997
1779444539.496,/node/gpu_percent,62.099998
1779444539.525,/node/gpu_percent,23.700001
1779444539.705,/node/gpu_percent,26.600000
1779444539.995,/node/gpu_percent,2.100000
1779444540.024,/node/gpu_percent,54.299999
1779444540.205,/node/gpu_percent,56.700001
1779444540.496,/node/gpu_percent,11.600000
1779444540.524,/node/gpu_percent,5.500000
1779444540.705,/node/gpu_percent,7.200000
1779444540.994,/node/gpu_percent,64.699997
1779444541.025,/node/gpu_percent,8.100000
1779444541.205,/node/gpu_percent,81.400002
1779444541.495,/node/gpu_percent,0.000000
1779444541.524,/node/gpu_percent,32.099998
1779444541.704,/node/gpu_percent,28.700001
1779444541.994,/node/gpu_percent,57.599998
1779444542.024,/node/gpu_percent,85.300003
1779444542.205,/node/gpu_percent,89.099998
1779444542.495,/node/gpu_percent,1.800000
1779444542.523,/node/gpu_percent,32.599998
1779444542.704,/node/gpu_percent,31.799999
1779444542.996,/node/gpu_percent,66.699997
1779444543.023,/node/gpu_percent,94.800003
1779444543.207,/node/gpu_percent,94.500000
1779444543.494,/node/gpu_percent,72.099998
1779444543.524,/node/gpu_percent,33.099998
1779444543.706,/node/gpu_percent,48.299999
1779444543.995,/node/gpu_percent,44.099998
1779444544.025,/node/gpu_percent,96.800003
1779444544.207,/node/gpu_percent,86.099998
1779444544.495,/node/gpu_percent,82.000000
1779444544.524,/node/gpu_percent,23.100000
1779444544.705,/node/gpu_percent,38.200001
1779444544.995,/node/gpu_percent,61.599998
1779444545.023,/node/gpu_percent,93.500000
1779444545.206,/node/gpu_percent,70.000000
1779444545.493,/node/gpu_percent,83.000000
1779444545.521,/node/gpu_percent,0.000000
1779444545.704,/node/gpu_percent,81.099998
1779444545.994,/node/gpu_percent,25.400000
1779444546.024,/node/gpu_percent,0.000000
1779444546.204,/node/gpu_percent,14.600000
1779444546.494,/node/gpu_percent,0.000000
1779444546.524,/node/gpu_percent,20.200001
1779444546.706,/node/gpu_percent,9.200000
1779444546.993,/node/gpu_percent,24.900000
1779444547.023,/node/gpu_percent,34.099998
1779444547.203,/node/gpu_percent,53.799999
1779444547.493,/node/gpu_percent,70.900002
1779444547.525,/node/gpu_percent,24.900000
1779444547.705,/node/gpu_percent,55.299999
1779444547.994,/node/gpu_percent,71.800003
1779444548.023,/node/gpu_percent,33.099998
1779444548.202,/node/gpu_percent,40.099998
1779444548.495,/node/gpu_percent,73.800003
1779444548.522,/node/gpu_percent,80.699997
1779444548.703,/node/gpu_percent,87.400002
1779444548.996,/node/gpu_percent,48.200001
1779444549.024,/node/gpu_percent,57.099998
1779444549.205,/node/gpu_percent,21.600000
1779444549.495,/node/gpu_percent,69.699997
1779444549.524,/node/gpu_percent,73.500000
1779444549.704,/node/gpu_percent,80.599998
1779444549.996,/node/gpu_percent,59.000000
1779444550.022,/node/gpu_percent,4.000000
1779444550.205,/node/gpu_percent,18.100000
1779444550.492,/node/gpu_percent,58.000000
1779444550.523,/node/gpu_percent,88.599998
1779444550.703,/node/gpu_percent,5.000000
1779444550.993,/node/gpu_percent,72.599998
1779444551.025,/node/gpu_percent,33.099998
1779444551.203,/node/gpu_percent,45.099998
1779444551.495,/node/gpu_percent,6.000000
1779444551.526,/node/gpu_percent,89.000000
1779444551.702,/node/gpu_percent,1.800000
1779444551.993,/node/gpu_percent,76.500000
1779444552.022,/node/gpu_percent,25.600000
1779444552.206,/node/gpu_percent,36.200001
1779444552.492,/node/gpu_percent,3.200000
1779444552.529,/node/gpu_percent,84.000000
1779444552.701,/node/gpu_percent,9.000000
1779444552.993,/node/gpu_percent,48.000000
1779444553.022,/node/gpu_percent,5.800000
1779444553.202,/node/gpu_percent,12.500000
1779444553.494,/node/gpu_percent,10.900000
1779444553.522,/node/gpu_percent,57.700001
1779444553.703,/node/gpu_percent,51.799999
1779444553.995,/node/gpu_percent,0.000000
1779444554.023,/node/gpu_percent,20.299999
1779444554.204,/node/gpu_percent,23.700001
1779444554.498,/node/gpu_percent,71.599998
1779444554.521,/node/gpu_percent,89.900002
1779444554.703,/node/gpu_percent,91.300003
1779444554.992,/node/gpu_percent,67.900002
1779444555.023,/node/gpu_percent,37.000000
1779444555.202,/node/gpu_percent,46.400002
1779444555.492,/node/gpu_percent,29.400000
1779444555.526,/node/gpu_percent,78.800003
1779444555.702,/node/gpu_percent,53.700001
1779444555.995,/node/gpu_percent,53.799999
1779444556.021,/node/gpu_percent,4.500000
1779444556.203,/node/gpu_percent,78.699997
1779444556.492,/node/gpu_percent,0.000000
1779444556.523,/node/gpu_percent,25.799999
1779444556.703,/node/gpu_percent,16.000000
1779444556.991,/node/gpu_percent,93.699997
1779444557.022,/node/gpu_percent,64.599998
1779444557.202,/node/gpu_percent,62.799999
1779444557.494,/node/gpu_percent,30.900000
1779444557.524,/node/gpu_percent,75.300003
1779444557.705,/node/gpu_percent,65.300003
1779444557.992,/node/gpu_percent,94.000000
1779444558.024,/node/gpu_percent,51.400002
1779444558.202,/node/gpu_percent,64.199997
1779444558.492,/node/gpu_percent,42.900002
1779444558.521,/node/gpu_percent,62.099998
1779444558.701,/node/gpu_percent,0.000000
1779444558.992,/node/gpu_percent,66.800003
1779444559.024,/node/gpu_percent,23.600000
1779444559.204,/node/gpu_percent,16.400000
1779444559.493,/node/gpu_percent,2.100000
1779444559.522,/node/gpu_percent,60.799999
1779444559.704,/node/gpu_percent,39.900002
1779444559.992,/node/gpu_percent,0.000000
1779444560.021,/node/gpu_percent,25.500000
1779444560.203,/node/gpu_percent,33.299999
1779444560.492,/node/gpu_percent,3.900000
1779444560.524,/node/gpu_percent,40.700001
1779444560.701,/node/gpu_percent,20.299999
1779444560.996,/node/gpu_percent,75.000000
1779444561.022,/node/gpu_percent,48.400002
1779444561.202,/node/gpu_percent,71.400002
1779444561.492,/node/gpu_percent,54.599998
1779444561.521,/node/gpu_percent,21.600000
1779444561.704,/node/gpu_percent,39.700001
1779444561.991,/node/gpu_percent,7.800000
1779444562.026,/node/gpu_percent,90.000000
1779444562.202,/node/gpu_percent,0.500000
1779444562.495,/node/gpu_percent,66.500000
1779444562.521,/node/gpu_percent,79.699997
1779444562.703,/node/gpu_percent,87.400002
1779444562.992,/node/gpu_percent,84.400002
1779444563.021,/node/gpu_percent,4.900000
1779444563.203,/node/gpu_percent,76.800003
1779444563.492,/node/gpu_percent,0.000000
1779444563.522,/node/gpu_percent,30.000000
1779444563.701,/node/gpu_percent,14.700000
1779444563.991,/node/gpu_percent,4.100000
1779444564.026,/node/gpu_percent,39.200001
1779444564.202,/node/gpu_percent,11.200000
1779444564.493,/node/gpu_percent,71.300003
1779444564.523,/node/gpu_percent,38.099998
1779444564.702,/node/gpu_percent,58.200001
1779444564.991,/node/gpu_percent,51.299999
1779444565.021,/node/gpu_percent,18.500000
1779444565.202,/node/gpu_percent,57.000000
1779444565.491,/node/gpu_percent,68.800003
1779444565.523,/node/gpu_percent,36.400002
1779444565.701,/node/gpu_percent,63.799999
1779444565.990,/node/gpu_percent,0.000000
1779444566.020,/node/gpu_percent,25.000000
1779444566.201,/node/gpu_percent,0.000000
1779444566.491,/node/gpu_percent,0.000000
1779444566.527,/node/gpu_percent,74.500000
1779444566.701,/node/gpu_percent,16.400000
1779444566.992,/node/gpu_percent,33.400002
1779444567.020,/node/gpu_percent,0.000000
1779444567.202,/node/gpu_percent,0.000000
1779444567.493,/node/gpu_percent,4.600000
1779444567.524,/node/gpu_percent,43.099998
1779444567.700,/node/gpu_percent,38.000000
1779444567.991,/node/gpu_percent,30.200001
1779444568.020,/node/gpu_percent,0.000000
1779444568.201,/node/gpu_percent,1.900000
1779444568.493,/node/gpu_percent,1.800000
1779444568.522,/node/gpu_percent,38.299999
1779444568.702,/node/gpu_percent,25.400000
1779444568.991,/node/gpu_percent,42.799999
1779444569.020,/node/gpu_percent,15.100000
1779444569.201,/node/gpu_percent,78.199997
1779444569.491,/node/gpu_percent,1.900000
1779444569.518,/node/gpu_percent,14.200000
1779444569.703,/node/gpu_percent,1.600000
1779444569.991,/node/gpu_percent,34.500000
1779444570.022,/node/gpu_percent,33.400002
1779444570.203,/node/gpu_percent,82.099998
1779444570.491,/node/gpu_percent,0.000000
1779444570.522,/node/gpu_percent,18.700001
1779444570.699,/node/gpu_percent,5.000000
1779444570.992,/node/gpu_percent,31.700001
1779444571.022,/node/gpu_percent,71.599998
1779444571.206,/node/gpu_percent,53.599998
1779444571.490,/node/gpu_percent,45.799999
1779444571.522,/node/gpu_percent,0.000000
1779444571.701,/node/gpu_percent,0.000000
1779444571.990,/node/gpu_percent,0.000000
1779444572.023,/node/gpu_percent,30.600000
1779444572.201,/node/gpu_percent,31.200001
1779444572.490,/node/gpu_percent,73.900002
1779444572.521,/node/gpu_percent,0.000000
1779444572.701,/node/gpu_percent,88.300003
1779444572.989,/node/gpu_percent,5.900000
1779444573.022,/node/gpu_percent,54.000000
1779444573.199,/node/gpu_percent,52.900002
1779444573.489,/node/gpu_percent,65.300003
1779444573.520,/node/gpu_percent,0.000000
1779444573.699,/node/gpu_percent,71.000000
1779444573.992,/node/gpu_percent,19.799999
1779444574.021,/node/gpu_percent,53.799999
1779444574.199,/node/gpu_percent,61.099998
1779444574.490,/node/gpu_percent,89.099998
1779444574.520,/node/gpu_percent,62.299999
1779444574.701,/node/gpu_percent,65.500000
1779444574.990,/node/gpu_percent,54.700001
1779444575.020,/node/gpu_percent,87.900002
1779444575.202,/node/gpu_percent,87.199997
1779444575.491,/node/gpu_percent,56.900002
1779444575.520,/node/gpu_percent,2.900000
1779444575.700,/node/gpu_percent,4.500000
1779444575.991,/node/gpu_percent,10.100000
1779444576.019,/node/gpu_percent,64.699997
1779444576.201,/node/gpu_percent,40.500000
1779444576.490,/node/gpu_percent,0.100000
1779444576.518,/node/gpu_percent,12.100000
1779444576.698,/node/gpu_percent,24.299999
1779444576.992,/node/gpu_percent,54.700001
1779444577.021,/node/gpu_percent,1.900000
1779444577.199,/node/gpu_percent,86.500000
1779444577.490,/node/gpu_percent,29.200001
1779444577.524,/node/gpu_percent,64.000000
1779444577.700,/node/gpu_percent,56.799999
1779444577.989,/node/gpu_percent,87.300003
1779444578.020,/node/gpu_percent,45.000000
1779444578.200,/node/gpu_percent,48.500000
1779444578.491,/node/gpu_percent,20.200001
1779444578.520,/node/gpu_percent,65.699997
1779444578.699,/node/gpu_percent,44.400002
1779444578.991,/node/gpu_percent,40.099998
1779444579.019,/node/gpu_percent,86.000000
1779444579.202,/node/gpu_percent,65.199997
1779444579.491,/node/gpu_percent,63.299999
1779444579.519,/node/gpu_percent,0.000000
1779444579.698,/node/gpu_percent,86.800003
1779444579.988,/node/gpu_percent,11.100000
1779444580.020,/node/gpu_percent,52.000000
1779444580.199,/node/gpu_percent,44.099998
1779444580.491,/node/gpu_percent,93.199997
1779444580.518,/node/gpu_percent,7.500000
1779444580.699,/node/gpu_percent,68.000000
1779444580.989,/node/gpu_percent,48.900002
1779444581.018,/node/gpu_percent,86.199997
1779444581.200,/node/gpu_percent,85.699997
1779444581.489,/node/gpu_percent,61.500000
1779444581.519,/node/gpu_percent,43.900002
1779444581.699,/node/gpu_percent,22.100000
1779444581.990,/node/gpu_percent,86.000000
1779444582.018,/node/gpu_percent,70.599998
1779444582.199,/node/gpu_percent,74.300003
1779444582.491,/node/gpu_percent,45.900002
1779444582.520,/node/gpu_percent,7.700000
1779444582.699,/node/gpu_percent,8.300000
1779444582.991,/node/gpu_percent,93.400002
1779444583.020,/node/gpu_percent,39.700001
1779444583.201,/node/gpu_percent,68.699997
1779444583.487,/node/gpu_percent,0.000000
1779444583.516,/node/gpu_percent,18.400000
1779444583.701,/node/gpu_percent,23.500000
1779444583.988,/node/gpu_percent,68.400002
1779444584.020,/node/gpu_percent,2.700000
1779444584.198,/node/gpu_percent,87.900002
1779444584.489,/node/gpu_percent,6.500000
1779444584.523,/node/gpu_percent,55.299999
1779444584.701,/node/gpu_percent,71.099998
1779444584.990,/node/gpu_percent,79.500000
1779444585.019,/node/gpu_percent,25.900000
1779444585.199,/node/gpu_percent,21.299999
1779444585.487,/node/gpu_percent,78.300003
1779444585.518,/node/gpu_percent,81.300003
1779444585.700,/node/gpu_percent,83.199997
1779444585.990,/node/gpu_percent,34.799999
1779444586.019,/node/gpu_percent,0.500000
1779444586.199,/node/gpu_percent,4.500000
1779444586.486,/node/gpu_percent,4.500000
1779444586.518,/node/gpu_percent,40.900002
1779444586.698,/node/gpu_percent,14.700000
1779444407.019,/node/memory_percent,48.773037
1779444407.044,/node/memory_percent,48.773037
1779444407.226,/node/memory_percent,48.773430
1779444407.520,/node/memory_percent,48.773418
1779444407.545,/node/memory_percent,48.773418
1779444407.726,/node/memory_percent,48.773418
1779444408.013,/node/memory_percent,48.773418
1779444408.047,/node/memory_percent,48.773418
1779444408.226,/node/memory_percent,48.773418
1779444408.515,/node/memory_percent,48.773766
1779444408.548,/node/memory_percent,48.773766
1779444408.726,/node/memory_percent,48.773766
1779444409.013,/node/memory_percent,48.773766
1779444409.045,/node/memory_percent,48.773766
1779444409.230,/node/memory_percent,48.773766
1779444409.518,/node/memory_percent,48.773766
1779444409.543,/node/memory_percent,48.773766
1779444409.727,/node/memory_percent,48.773766
1779444410.013,/node/memory_percent,48.773766
1779444410.046,/node/memory_percent,48.773766
1779444410.223,/node/memory_percent,48.773766
1779444410.514,/node/memory_percent,48.773766
1779444410.545,/node/memory_percent,48.773766
1779444410.727,/node/memory_percent,48.773766
1779444411.016,/node/memory_percent,48.773766
1779444411.042,/node/memory_percent,48.773766
1779444411.227,/node/memory_percent,48.773766
1779444411.518,/node/memory_percent,48.772133
1779444411.544,/node/memory_percent,48.772133
1779444411.727,/node/memory_percent,48.772133
1779444412.013,/node/memory_percent,48.772133
1779444412.046,/node/memory_percent,48.772133
1779444412.227,/node/memory_percent,48.772133
1779444412.516,/node/memory_percent,48.772858
1779444412.542,/node/memory_percent,48.772858
1779444412.727,/node/memory_percent,48.772858
1779444413.014,/node/memory_percent,48.772858
1779444413.044,/node/memory_percent,48.772858
1779444413.226,/node/memory_percent,48.772858
1779444413.514,/node/memory_percent,48.773251
1779444413.546,/node/memory_percent,48.773251
1779444413.725,/node/memory_percent,48.773251
1779444414.014,/node/memory_percent,48.773251
1779444414.042,/node/memory_percent,48.773251
1779444414.227,/node/memory_percent,48.772469
1779444414.516,/node/memory_percent,48.772839
1779444414.544,/node/memory_percent,48.772839
1779444414.723,/node/memory_percent,48.772839
1779444415.016,/node/memory_percent,48.772839
1779444415.046,/node/memory_percent,48.772839
1779444415.223,/node/memory_percent,48.772839
1779444415.512,/node/memory_percent,48.773232
1779444415.544,/node/memory_percent,48.773232
1779444415.725,/node/memory_percent,48.773232
1779444416.015,/node/memory_percent,48.770702
1779444416.048,/node/memory_percent,48.770702
1779444416.225,/node/memory_percent,48.770859
1779444416.518,/node/memory_percent,48.770859
1779444416.542,/node/memory_percent,48.770859
1779444416.724,/node/memory_percent,48.770859
1779444417.012,/node/memory_percent,48.771229
1779444417.045,/node/memory_percent,48.771229
1779444417.226,/node/memory_percent,48.771229
1779444417.513,/node/memory_percent,48.771580
1779444417.543,/node/memory_percent,48.771580
1779444417.724,/node/memory_percent,48.771580
1779444418.014,/node/memory_percent,48.716663
1779444418.043,/node/memory_percent,48.716663
1779444418.224,/node/memory_percent,48.717056
1779444418.513,/node/memory_percent,48.718208
1779444418.545,/node/memory_percent,48.718208
1779444418.724,/node/memory_percent,48.722904
1779444419.015,/node/memory_percent,48.722904
1779444419.041,/node/memory_percent,48.722904
1779444419.225,/node/memory_percent,48.723682
1779444419.513,/node/memory_percent,48.724056
1779444419.541,/node/memory_percent,48.724056
1779444419.726,/node/memory_percent,48.724056
1779444420.011,/node/memory_percent,48.743549
1779444420.041,/node/memory_percent,48.743942
1779444420.224,/node/memory_percent,48.750206
1779444420.515,/node/memory_percent,48.751762
1779444420.541,/node/memory_percent,48.751762
1779444420.728,/node/memory_percent,48.751762
1779444421.013,/node/memory_percent,48.752457
1779444421.043,/node/memory_percent,48.752457
1779444421.224,/node/memory_percent,48.753609
1779444421.517,/node/memory_percent,48.762203
1779444421.542,/node/memory_percent,48.762203
1779444421.722,/node/memory_percent,48.762192
1779444422.011,/node/memory_percent,48.762192
1779444422.042,/node/memory_percent,48.762192
1779444422.225,/node/memory_percent,48.762585
1779444422.514,/node/memory_percent,48.762585
1779444422.546,/node/memory_percent,48.762585
1779444422.723,/node/memory_percent,48.762585
1779444423.013,/node/memory_percent,48.757038
1779444423.044,/node/memory_percent,48.757038
1779444423.227,/node/memory_percent,48.756702
1779444423.513,/node/memory_percent,48.756702
1779444423.544,/node/memory_percent,48.756702
1779444423.723,/node/memory_percent,48.756702
1779444424.011,/node/memory_percent,48.756702
1779444424.042,/node/memory_percent,48.756702
1779444424.223,/node/memory_percent,48.756702
1779444424.511,/node/memory_percent,48.757095
1779444424.540,/node/memory_percent,48.757095
1779444424.721,/node/memory_percent,48.757095
1779444425.012,/node/memory_percent,48.757484
1779444425.044,/node/memory_percent,48.757484
1779444425.219,/node/memory_percent,48.757484
1779444425.514,/node/memory_percent,48.757877
1779444425.544,/node/memory_percent,48.757877
1779444425.723,/node/memory_percent,48.757877
1779444426.014,/node/memory_percent,48.757877
1779444426.042,/node/memory_percent,48.757877
1779444426.223,/node/memory_percent,48.757877
1779444426.510,/node/memory_percent,48.757877
1779444426.544,/node/memory_percent,48.757877
1779444426.723,/node/memory_percent,48.764927
1779444427.010,/node/memory_percent,48.771194
1779444427.042,/node/memory_percent,48.771194
1779444427.224,/node/memory_percent,48.772076
1779444427.512,/node/memory_percent,48.771759
1779444427.543,/node/memory_percent,48.771759
1779444427.726,/node/memory_percent,48.771759
1779444428.012,/node/memory_percent,48.772144
1779444428.040,/node/memory_percent,48.779976
1779444428.220,/node/memory_percent,48.783894
1779444428.511,/node/memory_percent,48.784283
1779444428.540,/node/memory_percent,48.784283
1779444428.722,/node/memory_percent,48.784283
1779444429.010,/node/memory_percent,48.784283
1779444429.043,/node/memory_percent,48.784283
1779444429.222,/node/memory_percent,48.784283
1779444429.512,/node/memory_percent,48.784283
1779444429.543,/node/memory_percent,48.784283
1779444429.725,/node/memory_percent,48.784283
1779444430.012,/node/memory_percent,48.784283
1779444430.041,/node/memory_percent,48.784283
1779444430.224,/node/memory_percent,48.784283
1779444430.513,/node/memory_percent,48.784271
1779444430.541,/node/memory_percent,48.784271
1779444430.725,/node/memory_percent,48.784271
1779444431.011,/node/memory_percent,48.784271
1779444431.042,/node/memory_percent,48.784271
1779444431.224,/node/memory_percent,48.784271
1779444431.512,/node/memory_percent,48.784637
1779444431.539,/node/memory_percent,48.784637
1779444431.724,/node/memory_percent,48.785030
1779444432.013,/node/memory_percent,48.785030
1779444432.041,/node/memory_percent,48.785030
1779444432.219,/node/memory_percent,48.785030
1779444432.511,/node/memory_percent,48.785030
1779444432.543,/node/memory_percent,48.785030
1779444432.720,/node/memory_percent,48.785030
1779444433.009,/node/memory_percent,48.785030
1779444433.042,/node/memory_percent,48.785030
1779444433.219,/node/memory_percent,48.785416
1779444433.511,/node/memory_percent,48.785416
1779444433.541,/node/memory_percent,48.785416
1779444433.721,/node/memory_percent,48.785416
1779444434.009,/node/memory_percent,48.785416
1779444434.042,/node/memory_percent,48.785416
1779444434.221,/node/memory_percent,48.785416
1779444434.509,/node/memory_percent,48.785416
1779444434.541,/node/memory_percent,48.785416
1779444434.721,/node/memory_percent,48.779877
1779444435.009,/node/memory_percent,48.779877
1779444435.040,/node/memory_percent,48.779877
1779444435.219,/node/memory_percent,48.779877
1779444435.512,/node/memory_percent,48.779541
1779444435.540,/node/memory_percent,48.779541
1779444435.721,/node/memory_percent,48.779541
1779444436.010,/node/memory_percent,48.779541
1779444436.038,/node/memory_percent,48.779541
1779444436.223,/node/memory_percent,48.779541
1779444436.511,/node/memory_percent,48.780300
1779444436.544,/node/memory_percent,48.780300
1779444436.720,/node/memory_percent,48.780293
1779444437.012,/node/memory_percent,48.783817
1779444437.043,/node/memory_percent,48.783817
1779444437.221,/node/memory_percent,48.783817
1779444437.513,/node/memory_percent,48.783817
1779444437.538,/node/memory_percent,48.783817
1779444437.720,/node/memory_percent,48.783817
1779444438.013,/node/memory_percent,48.783817
1779444438.038,/node/memory_percent,48.783817
1779444438.222,/node/memory_percent,48.783817
1779444438.510,/node/memory_percent,48.784191
1779444438.538,/node/memory_percent,48.784191
1779444438.720,/node/memory_percent,48.784191
1779444439.010,/node/memory_percent,48.783787
1779444439.043,/node/memory_percent,48.783787
1779444439.220,/node/memory_percent,48.783787
1779444439.510,/node/memory_percent,48.783787
1779444439.538,/node/memory_percent,48.783787
1779444439.721,/node/memory_percent,48.783787
1779444440.010,/node/memory_percent,48.786865
1779444440.039,/node/memory_percent,48.786865
1779444440.218,/node/memory_percent,48.784569
1779444440.510,/node/memory_percent,48.786110
1779444440.542,/node/memory_percent,48.786110
1779444440.721,/node/memory_percent,48.786110
1779444441.010,/node/memory_percent,48.786110
1779444441.041,/node/memory_percent,48.786110
1779444441.220,/node/memory_percent,48.786495
1779444441.510,/node/memory_percent,48.786865
1779444441.537,/node/memory_percent,48.786865
1779444441.720,/node/memory_percent,48.786865
1779444442.009,/node/memory_percent,48.786865
1779444442.037,/node/memory_percent,48.787254
1779444442.218,/node/memory_percent,48.787254
1779444442.510,/node/memory_percent,48.787647
1779444442.537,/node/memory_percent,48.787647
1779444442.717,/node/memory_percent,48.787647
1779444443.008,/node/memory_percent,48.787647
1779444443.042,/node/memory_percent,48.787647
1779444443.218,/node/memory_percent,48.788425
1779444443.509,/node/memory_percent,48.788425
1779444443.541,/node/memory_percent,48.788425
1779444443.718,/node/memory_percent,48.788425
1779444444.011,/node/memory_percent,48.788425
1779444444.041,/node/memory_percent,48.788425
1779444444.218,/node/memory_percent,48.788425
1779444444.507,/node/memory_percent,48.788803
1779444444.539,/node/memory_percent,48.788803
1779444444.720,/node/memory_percent,48.788803
1779444445.011,/node/memory_percent,48.788803
1779444445.039,/node/memory_percent,48.788803
1779444445.220,/node/memory_percent,48.787571
1779444445.507,/node/memory_percent,48.788746
1779444445.537,/node/memory_percent,48.788746
1779444445.719,/node/memory_percent,48.792938
1779444446.007,/node/memory_percent,48.797245
1779444446.037,/node/memory_percent,48.797245
1779444446.221,/node/memory_percent,48.797245
1779444446.509,/node/memory_percent,48.796947
1779444446.538,/node/memory_percent,48.796947
1779444446.718,/node/memory_percent,48.796947
1779444447.007,/node/memory_percent,48.796947
1779444447.038,/node/memory_percent,48.798420
1779444447.221,/node/memory_percent,48.798420
1779444447.507,/node/memory_percent,48.798412
1779444447.540,/node/memory_percent,48.798412
1779444447.720,/node/memory_percent,48.798412
1779444448.010,/node/memory_percent,48.798412
1779444448.040,/node/memory_percent,48.798412
1779444448.219,/node/memory_percent,48.798412
1779444448.509,/node/memory_percent,48.797623
1779444448.544,/node/memory_percent,48.797623
1779444448.717,/node/memory_percent,48.797623
1779444449.008,/node/memory_percent,48.797623
1779444449.037,/node/memory_percent,48.797623
1779444449.219,/node/memory_percent,48.797623
1779444449.508,/node/memory_percent,48.797623
1779444449.536,/node/memory_percent,48.797623
1779444449.718,/node/memory_percent,48.797623
1779444450.006,/node/memory_percent,48.801540
1779444450.038,/node/memory_percent,48.801540
1779444450.219,/node/memory_percent,48.802280
1779444450.506,/node/memory_percent,48.802608
1779444450.536,/node/memory_percent,48.802608
1779444450.717,/node/memory_percent,48.802608
1779444451.012,/node/memory_percent,48.796207
1779444451.040,/node/memory_percent,48.796207
1779444451.220,/node/memory_percent,48.796593
1779444451.508,/node/memory_percent,48.797653
1779444451.538,/node/memory_percent,48.797653
1779444451.720,/node/memory_percent,48.797653
1779444452.006,/node/memory_percent,48.797653
1779444452.037,/node/memory_percent,48.797653
1779444452.219,/node/memory_percent,48.797653
1779444452.506,/node/memory_percent,48.797939
1779444452.540,/node/memory_percent,48.797939
1779444452.720,/node/memory_percent,48.797939
1779444453.006,/node/memory_percent,48.798325
1779444453.038,/node/memory_percent,48.798325
1779444453.216,/node/memory_percent,48.786957
1779444453.511,/node/memory_percent,48.786957
1779444453.537,/node/memory_percent,48.786957
1779444453.716,/node/memory_percent,48.786957
1779444454.010,/node/memory_percent,48.786957
1779444454.035,/node/memory_percent,48.786957
1779444454.218,/node/memory_percent,48.786957
1779444454.510,/node/memory_percent,48.786957
1779444454.535,/node/memory_percent,48.786957
1779444454.719,/node/memory_percent,48.786957
1779444455.011,/node/memory_percent,48.788391
1779444455.036,/node/memory_percent,48.788391
1779444455.218,/node/memory_percent,48.770252
1779444455.511,/node/memory_percent,48.758190
1779444455.537,/node/memory_percent,48.758190
1779444455.718,/node/memory_percent,48.758190
1779444456.009,/node/memory_percent,48.758190
1779444456.038,/node/memory_percent,48.758190
1779444456.221,/node/memory_percent,48.758923
1779444456.505,/node/memory_percent,48.758923
1779444456.535,/node/memory_percent,48.758923
1779444456.719,/node/memory_percent,48.758530
1779444457.006,/node/memory_percent,48.759262
1779444457.042,/node/memory_percent,48.759262
1779444457.219,/node/memory_percent,48.759262
1779444457.506,/node/memory_percent,48.759251
1779444457.538,/node/memory_percent,48.759251
1779444457.721,/node/memory_percent,48.759251
1779444458.007,/node/memory_percent,48.759251
1779444458.037,/node/memory_percent,48.759251
1779444458.217,/node/memory_percent,48.759251
1779444458.507,/node/memory_percent,48.759251
1779444458.538,/node/memory_percent,48.759251
1779444458.717,/node/memory_percent,48.759251
1779444459.008,/node/memory_percent,48.759251
1779444459.035,/node/memory_percent,48.759251
1779444459.217,/node/memory_percent,48.759251
1779444459.505,/node/memory_percent,48.759644
1779444459.538,/node/memory_percent,48.759644
1779444459.719,/node/memory_percent,48.759644
1779444460.008,/node/memory_percent,48.769005
1779444460.037,/node/memory_percent,48.769005
1779444460.219,/node/memory_percent,48.764610
1779444460.510,/node/memory_percent,48.765068
1779444460.536,/node/memory_percent,48.759468
1779444460.719,/node/memory_percent,48.759468
1779444461.008,/node/memory_percent,48.759468
1779444461.034,/node/memory_percent,48.759468
1779444461.215,/node/memory_percent,48.759861
1779444461.508,/node/memory_percent,48.759922
1779444461.536,/node/memory_percent,48.759922
1779444461.715,/node/memory_percent,48.762993
1779444462.008,/node/memory_percent,48.762993
1779444462.036,/node/memory_percent,48.762993
1779444462.218,/node/memory_percent,48.762993
1779444462.504,/node/memory_percent,48.764500
1779444462.534,/node/memory_percent,48.764500
1779444462.719,/node/memory_percent,48.764500
1779444463.004,/node/memory_percent,48.764500
1779444463.034,/node/memory_percent,48.764500
1779444463.218,/node/memory_percent,48.764500
1779444463.506,/node/memory_percent,48.764885
1779444463.541,/node/memory_percent,48.764885
1779444463.718,/node/memory_percent,48.764885
1779444464.008,/node/memory_percent,48.764885
1779444464.034,/node/memory_percent,48.764885
1779444464.220,/node/memory_percent,48.764885
1779444464.506,/node/memory_percent,48.764885
1779444464.536,/node/memory_percent,48.764885
1779444464.718,/node/memory_percent,48.764885
1779444465.006,/node/memory_percent,48.764885
1779444465.037,/node/memory_percent,48.764885
1779444465.218,/node/memory_percent,48.764885
1779444465.505,/node/memory_percent,48.764885
1779444465.536,/node/memory_percent,48.764885
1779444465.717,/node/memory_percent,48.764885
1779444466.004,/node/memory_percent,48.764885
1779444466.033,/node/memory_percent,48.764885
1779444466.216,/node/memory_percent,48.764885
1779444466.506,/node/memory_percent,48.765251
1779444466.537,/node/memory_percent,48.765251
1779444466.718,/node/memory_percent,48.769066
1779444467.005,/node/memory_percent,48.769459
1779444467.033,/node/memory_percent,48.769459
1779444467.217,/node/memory_percent,48.769459
1779444467.506,/node/memory_percent,48.769844
1779444467.534,/node/memory_percent,48.769844
1779444467.716,/node/memory_percent,48.769844
1779444468.008,/node/memory_percent,48.769844
1779444468.034,/node/memory_percent,48.769844
1779444468.214,/node/memory_percent,48.769844
1779444468.507,/node/memory_percent,48.770237
1779444468.533,/node/memory_percent,48.770237
1779444468.718,/node/memory_percent,48.758141
1779444469.007,/node/memory_percent,48.758141
1779444469.035,/node/memory_percent,48.758141
1779444469.218,/node/memory_percent,48.758141
1779444469.509,/node/memory_percent,48.758480
1779444469.537,/node/memory_percent,48.758480
1779444469.716,/node/memory_percent,48.769447
1779444470.003,/node/memory_percent,48.769447
1779444470.033,/node/memory_percent,48.769447
1779444470.216,/node/memory_percent,48.769447
1779444470.507,/node/memory_percent,48.769836
1779444470.534,/node/memory_percent,48.769836
1779444470.719,/node/memory_percent,48.769836
1779444471.003,/node/memory_percent,48.769836
1779444471.034,/node/memory_percent,48.769836
1779444471.215,/node/memory_percent,48.769836
1779444471.504,/node/memory_percent,48.770615
1779444471.536,/node/memory_percent,48.770615
1779444471.715,/node/memory_percent,48.770615
1779444472.006,/node/memory_percent,48.770615
1779444472.036,/node/memory_percent,48.770615
1779444472.213,/node/memory_percent,48.770603
1779444472.505,/node/memory_percent,48.770588
1779444472.532,/node/memory_percent,48.770588
1779444472.717,/node/memory_percent,48.770588
1779444473.004,/node/memory_percent,48.770588
1779444473.036,/node/memory_percent,48.770588
1779444473.215,/node/memory_percent,48.770588
1779444473.506,/node/memory_percent,48.770588
1779444473.534,/node/memory_percent,48.770588
1779444473.716,/node/memory_percent,48.770588
1779444474.006,/node/memory_percent,48.770588
1779444474.032,/node/memory_percent,48.770588
1779444474.215,/node/memory_percent,48.770588
1779444474.507,/node/memory_percent,48.770962
1779444474.532,/node/memory_percent,48.770962
1779444474.716,/node/memory_percent,48.770962
1779444475.007,/node/memory_percent,48.770962
1779444475.032,/node/memory_percent,48.770962
1779444475.216,/node/memory_percent,48.770962
1779444475.504,/node/memory_percent,48.770962
1779444475.535,/node/memory_percent,48.770962
1779444475.716,/node/memory_percent,48.770962
1779444476.005,/node/memory_percent,48.770962
1779444476.036,/node/memory_percent,48.770962
1779444476.214,/node/memory_percent,48.770962
1779444476.502,/node/memory_percent,48.774094
1779444476.534,/node/memory_percent,48.774094
1779444476.718,/node/memory_percent,48.774094
1779444477.002,/node/memory_percent,48.774792
1779444477.034,/node/memory_percent,48.774792
1779444477.214,/node/memory_percent,48.775135
1779444477.504,/node/memory_percent,48.775127
1779444477.533,/node/memory_percent,48.775127
1779444477.716,/node/memory_percent,48.775127
1779444478.004,/node/memory_percent,48.775127
1779444478.035,/node/memory_percent,48.775127
1779444478.216,/node/memory_percent,48.775513
1779444478.504,/node/memory_percent,48.775513
1779444478.533,/node/memory_percent,48.775513
1779444478.714,/node/memory_percent,48.782562
1779444479.004,/node/memory_percent,48.782562
1779444479.035,/node/memory_percent,48.782562
1779444479.216,/node/memory_percent,48.782562
1779444479.502,/node/memory_percent,48.783325
1779444479.533,/node/memory_percent,48.783325
1779444479.714,/node/memory_percent,48.777782
1779444480.006,/node/memory_percent,48.777763
1779444480.035,/node/memory_percent,48.777763
1779444480.214,/node/memory_percent,48.767921
1779444480.503,/node/memory_percent,48.767979
1779444480.531,/node/memory_percent,48.767979
1779444480.712,/node/memory_percent,48.767979
1779444481.003,/node/memory_percent,48.767979
1779444481.032,/node/memory_percent,48.767979
1779444481.210,/node/memory_percent,48.767979
1779444481.503,/node/memory_percent,48.769497
1779444481.535,/node/memory_percent,48.769497
1779444481.712,/node/memory_percent,48.770229
1779444482.001,/node/memory_percent,48.770229
1779444482.031,/node/memory_percent,48.770229
1779444482.213,/node/memory_percent,48.770229
1779444482.503,/node/memory_percent,48.770229
1779444482.534,/node/memory_percent,48.770229
1779444482.716,/node/memory_percent,48.770229
1779444483.003,/node/memory_percent,48.770229
1779444483.032,/node/memory_percent,48.770229
1779444483.211,/node/memory_percent,48.770229
1779444483.501,/node/memory_percent,48.770229
1779444483.533,/node/memory_percent,48.770229
1779444483.715,/node/memory_percent,48.770229
1779444484.005,/node/memory_percent,48.770229
1779444484.035,/node/memory_percent,48.770229
1779444484.215,/node/memory_percent,48.770229
1779444484.501,/node/memory_percent,48.770229
1779444484.533,/node/memory_percent,48.770229
1779444484.713,/node/memory_percent,48.770229
1779444485.001,/node/memory_percent,48.770229
1779444485.032,/node/memory_percent,48.770229
1779444485.212,/node/memory_percent,48.770615
1779444485.505,/node/memory_percent,48.770988
1779444485.532,/node/memory_percent,48.770988
1779444485.711,/node/memory_percent,48.770988
1779444486.001,/node/memory_percent,48.770988
1779444486.034,/node/memory_percent,48.770988
1779444486.213,/node/memory_percent,48.770988
1779444486.504,/node/memory_percent,48.770973
1779444486.530,/node/memory_percent,48.770973
1779444486.716,/node/memory_percent,48.771362
1779444487.002,/node/memory_percent,48.771362
1779444487.030,/node/memory_percent,48.771362
1779444487.214,/node/memory_percent,48.771362
1779444487.501,/node/memory_percent,48.771690
1779444487.530,/node/memory_percent,48.771690
1779444487.711,/node/memory_percent,48.771690
1779444488.003,/node/memory_percent,48.771690
1779444488.033,/node/memory_percent,48.771690
1779444488.213,/node/memory_percent,48.771690
1779444488.505,/node/memory_percent,48.771690
1779444488.530,/node/memory_percent,48.771690
1779444488.715,/node/memory_percent,48.771690
1779444489.002,/node/memory_percent,48.771690
1779444489.035,/node/memory_percent,48.771690
1779444489.214,/node/memory_percent,48.771690
1779444489.502,/node/memory_percent,48.772083
1779444489.531,/node/memory_percent,48.772083
1779444489.714,/node/memory_percent,48.773647
1779444490.002,/node/memory_percent,48.773647
1779444490.031,/node/memory_percent,48.773647
1779444490.215,/node/memory_percent,48.773647
1779444490.505,/node/memory_percent,48.774429
1779444490.531,/node/memory_percent,48.774429
1779444490.714,/node/memory_percent,48.774429
1779444491.004,/node/memory_percent,48.774429
1779444491.031,/node/memory_percent,48.774429
1779444491.212,/node/memory_percent,48.774818
1779444491.502,/node/memory_percent,48.774818
1779444491.533,/node/memory_percent,48.774818
1779444491.710,/node/memory_percent,48.774818
1779444492.002,/node/memory_percent,48.774818
1779444492.030,/node/memory_percent,48.774818
1779444492.214,/node/memory_percent,48.774818
1779444492.502,/node/memory_percent,48.775208
1779444492.531,/node/memory_percent,48.775208
1779444492.710,/node/memory_percent,48.775208
1779444493.003,/node/memory_percent,48.775208
1779444493.029,/node/memory_percent,48.775208
1779444493.210,/node/memory_percent,48.775208
1779444493.503,/node/memory_percent,48.775208
1779444493.533,/node/memory_percent,48.775208
1779444493.710,/node/memory_percent,48.775208
1779444493.999,/node/memory_percent,48.775208
1779444494.033,/node/memory_percent,48.775208
1779444494.214,/node/memory_percent,48.775208
1779444494.501,/node/memory_percent,48.775208
1779444494.533,/node/memory_percent,48.775208
1779444494.713,/node/memory_percent,48.775208
1779444495.001,/node/memory_percent,48.775208
1779444495.032,/node/memory_percent,48.775208
1779444495.211,/node/memory_percent,48.775208
1779444495.501,/node/memory_percent,48.775208
1779444495.530,/node/memory_percent,48.775208
1779444495.711,/node/memory_percent,48.775208
1779444496.002,/node/memory_percent,48.775593
1779444496.033,/node/memory_percent,48.775574
1779444496.213,/node/memory_percent,48.775574
1779444496.499,/node/memory_percent,48.775574
1779444496.529,/node/memory_percent,48.775574
1779444496.711,/node/memory_percent,48.775574
1779444496.999,/node/memory_percent,48.778709
1779444497.033,/node/memory_percent,48.778709
1779444497.210,/node/memory_percent,48.779739
1779444497.499,/node/memory_percent,48.779739
1779444497.532,/node/memory_percent,48.779739
1779444497.713,/node/memory_percent,48.779739
1779444498.001,/node/memory_percent,48.786652
1779444498.030,/node/memory_percent,48.786652
1779444498.209,/node/memory_percent,48.786652
1779444498.500,/node/memory_percent,48.786987
1779444498.530,/node/memory_percent,48.786987
1779444498.712,/node/memory_percent,48.786987
1779444499.000,/node/memory_percent,48.786987
1779444499.030,/node/memory_percent,48.786987
1779444499.212,/node/memory_percent,48.786987
1779444499.504,/node/memory_percent,48.786987
1779444499.528,/node/memory_percent,48.786987
1779444499.709,/node/memory_percent,48.786987
1779444499.998,/node/memory_percent,48.792061
1779444500.028,/node/memory_percent,48.792061
1779444500.209,/node/memory_percent,48.794411
1779444500.499,/node/memory_percent,48.794411
1779444500.528,/node/memory_percent,48.794411
1779444500.709,/node/memory_percent,48.798325
1779444501.000,/node/memory_percent,48.798325
1779444501.029,/node/memory_percent,48.798325
1779444501.209,/node/memory_percent,48.798717
1779444501.498,/node/memory_percent,48.798717
1779444501.531,/node/memory_percent,48.798717
1779444501.712,/node/memory_percent,48.798710
1779444501.998,/node/memory_percent,48.798710
1779444502.029,/node/memory_percent,48.798710
1779444502.214,/node/memory_percent,48.798710
1779444502.501,/node/memory_percent,48.798710
1779444502.529,/node/memory_percent,48.798710
1779444502.715,/node/memory_percent,48.798710
1779444503.001,/node/memory_percent,48.798710
1779444503.031,/node/memory_percent,48.798710
1779444503.208,/node/memory_percent,48.798710
1779444503.499,/node/memory_percent,48.798710
1779444503.528,/node/memory_percent,48.798710
1779444503.714,/node/memory_percent,48.798710
1779444503.999,/node/memory_percent,48.798710
1779444504.031,/node/memory_percent,48.798710
1779444504.208,/node/memory_percent,48.798710
1779444504.499,/node/memory_percent,48.799095
1779444504.529,/node/memory_percent,48.799095
1779444504.708,/node/memory_percent,48.799095
1779444504.999,/node/memory_percent,48.799095
1779444505.028,/node/memory_percent,48.799095
1779444505.211,/node/memory_percent,48.799095
1779444505.503,/node/memory_percent,48.799095
1779444505.527,/node/memory_percent,48.799095
1779444505.710,/node/memory_percent,48.799095
1779444506.000,/node/memory_percent,48.799095
1779444506.027,/node/memory_percent,48.799095
1779444506.210,/node/memory_percent,48.799095
1779444506.498,/node/memory_percent,48.796043
1779444506.530,/node/memory_percent,48.796043
1779444506.711,/node/memory_percent,48.796043
1779444507.000,/node/memory_percent,48.792072
1779444507.031,/node/memory_percent,48.792072
1779444507.208,/node/memory_percent,48.792072
1779444507.502,/node/memory_percent,48.792004
1779444507.528,/node/memory_percent,48.792004
1779444507.710,/node/memory_percent,48.792397
1779444507.998,/node/memory_percent,48.792397
1779444508.031,/node/memory_percent,48.792770
1779444508.211,/node/memory_percent,48.792770
1779444508.503,/node/memory_percent,48.793159
1779444508.528,/node/memory_percent,48.793159
1779444508.709,/node/memory_percent,48.793159
1779444508.997,/node/memory_percent,48.793159
1779444509.029,/node/memory_percent,48.793159
1779444509.211,/node/memory_percent,48.793159
1779444509.497,/node/memory_percent,48.792770
1779444509.528,/node/memory_percent,48.792770
1779444509.708,/node/memory_percent,48.792770
1779444510.001,/node/memory_percent,48.792770
1779444510.029,/node/memory_percent,48.792377
1779444510.209,/node/memory_percent,48.700397
1779444510.501,/node/memory_percent,48.702213
1779444510.528,/node/memory_percent,48.702213
1779444510.710,/node/memory_percent,48.702995
1779444510.997,/node/memory_percent,48.706688
1779444511.028,/node/memory_percent,48.706688
1779444511.209,/node/memory_percent,48.706688
1779444511.499,/node/memory_percent,48.708210
1779444511.529,/node/memory_percent,48.708210
1779444511.711,/node/memory_percent,48.708931
1779444511.999,/node/memory_percent,48.709324
1779444512.030,/node/memory_percent,48.709324
1779444512.211,/node/memory_percent,48.709324
1779444512.497,/node/memory_percent,48.717354
1779444512.529,/node/memory_percent,48.717354
1779444512.708,/node/memory_percent,48.717354
1779444513.001,/node/memory_percent,48.717354
1779444513.030,/node/memory_percent,48.717354
1779444513.209,/node/memory_percent,48.717354
1779444513.497,/node/memory_percent,48.717354
1779444513.528,/node/memory_percent,48.717354
1779444513.711,/node/memory_percent,48.717354
1779444513.997,/node/memory_percent,48.717354
1779444514.030,/node/memory_percent,48.717354
1779444514.211,/node/memory_percent,48.717354
1779444514.499,/node/memory_percent,48.717354
1779444514.528,/node/memory_percent,48.717354
1779444514.709,/node/memory_percent,48.717354
1779444515.001,/node/memory_percent,48.719704
1779444515.028,/node/memory_percent,48.722054
1779444515.207,/node/memory_percent,48.723621
1779444515.498,/node/memory_percent,48.724014
1779444515.528,/node/memory_percent,48.724014
1779444515.709,/node/memory_percent,48.724014
1779444516.002,/node/memory_percent,48.724014
1779444516.026,/node/memory_percent,48.724014
1779444516.207,/node/memory_percent,48.724014
1779444516.500,/node/memory_percent,48.725555
1779444516.526,/node/memory_percent,48.725555
1779444516.707,/node/memory_percent,48.731037
1779444516.998,/node/memory_percent,48.732605
1779444517.026,/node/memory_percent,48.732605
1779444517.209,/node/memory_percent,48.732994
1779444517.498,/node/memory_percent,48.733379
1779444517.528,/node/memory_percent,48.733379
1779444517.707,/node/memory_percent,48.733379
1779444517.996,/node/memory_percent,48.733379
1779444518.026,/node/memory_percent,48.733379
1779444518.207,/node/memory_percent,48.733379
1779444518.500,/node/memory_percent,48.733727
1779444518.526,/node/memory_percent,48.733727
1779444518.707,/node/memory_percent,48.733727
1779444518.999,/node/memory_percent,48.733727
1779444519.031,/node/memory_percent,48.733727
1779444519.210,/node/memory_percent,48.733727
1779444519.496,/node/memory_percent,48.736073
1779444519.527,/node/memory_percent,48.736073
1779444519.709,/node/memory_percent,48.736073
1779444519.996,/node/memory_percent,48.746582
1779444520.029,/node/memory_percent,48.746582
1779444520.212,/node/memory_percent,48.751282
1779444520.496,/node/memory_percent,48.751282
1779444520.527,/node/memory_percent,48.751282
1779444520.708,/node/memory_percent,48.751282
1779444520.997,/node/memory_percent,48.751282
1779444521.028,/node/memory_percent,48.751282
1779444521.208,/node/memory_percent,48.751282
1779444521.499,/node/memory_percent,48.751656
1779444521.527,/node/memory_percent,48.751656
1779444521.709,/node/memory_percent,48.751648
1779444521.997,/node/memory_percent,48.751648
1779444522.027,/node/memory_percent,48.751648
1779444522.206,/node/memory_percent,48.751648
1779444522.496,/node/memory_percent,48.751648
1779444522.527,/node/memory_percent,48.751648
1779444522.706,/node/memory_percent,48.751648
1779444522.997,/node/memory_percent,48.752384
1779444523.026,/node/memory_percent,48.752384
1779444523.206,/node/memory_percent,48.752731
1779444523.497,/node/memory_percent,48.753124
1779444523.527,/node/memory_percent,48.753124
1779444523.706,/node/memory_percent,48.753124
1779444523.999,/node/memory_percent,48.750599
1779444524.029,/node/memory_percent,48.750599
1779444524.208,/node/memory_percent,48.750599
1779444524.497,/node/memory_percent,48.750370
1779444524.527,/node/memory_percent,48.750370
1779444524.707,/node/memory_percent,48.750370
1779444524.997,/node/memory_percent,48.750370
1779444525.028,/node/memory_percent,48.750370
1779444525.207,/node/memory_percent,48.750370
1779444525.498,/node/memory_percent,48.750370
1779444525.527,/node/memory_percent,48.750370
1779444525.707,/node/memory_percent,48.750370
1779444525.995,/node/memory_percent,48.750370
1779444526.030,/node/memory_percent,48.750370
1779444526.206,/node/memory_percent,48.750370
1779444526.494,/node/memory_percent,48.751144
1779444526.526,/node/memory_percent,48.751144
1779444526.705,/node/memory_percent,48.745682
1779444526.995,/node/memory_percent,48.755585
1779444527.025,/node/memory_percent,48.756100
1779444527.208,/node/memory_percent,48.756493
1779444527.495,/node/memory_percent,48.769352
1779444527.526,/node/memory_percent,48.769352
1779444527.709,/node/memory_percent,48.773357
1779444527.998,/node/memory_percent,48.773727
1779444528.025,/node/memory_percent,48.774464
1779444528.208,/node/memory_percent,48.774464
1779444528.496,/node/memory_percent,48.777821
1779444528.528,/node/memory_percent,48.777821
1779444528.709,/node/memory_percent,48.795696
1779444528.999,/node/memory_percent,48.787785
1779444529.026,/node/memory_percent,48.787785
1779444529.205,/node/memory_percent,48.787785
1779444529.499,/node/memory_percent,48.787769
1779444529.526,/node/memory_percent,48.787769
1779444529.707,/node/memory_percent,48.787769
1779444529.996,/node/memory_percent,48.787769
1779444530.027,/node/memory_percent,48.787769
1779444530.205,/node/memory_percent,48.775688
1779444530.496,/node/memory_percent,48.776024
1779444530.529,/node/memory_percent,48.776024
1779444530.705,/node/memory_percent,48.776024
1779444530.996,/node/memory_percent,48.776024
1779444531.027,/node/memory_percent,48.776024
1779444531.207,/node/memory_percent,48.776024
1779444531.494,/node/memory_percent,48.776024
1779444531.524,/node/memory_percent,48.776024
1779444531.707,/node/memory_percent,48.776413
1779444531.996,/node/memory_percent,48.776794
1779444532.024,/node/memory_percent,48.776794
1779444532.207,/node/memory_percent,48.777576
1779444532.498,/node/memory_percent,48.779926
1779444532.527,/node/memory_percent,48.779926
1779444532.708,/node/memory_percent,48.779926
1779444532.996,/node/memory_percent,48.779926
1779444533.025,/node/memory_percent,48.779926
1779444533.205,/node/memory_percent,48.780319
1779444533.494,/node/memory_percent,48.780319
1779444533.527,/node/memory_percent,48.780319
1779444533.706,/node/memory_percent,48.780319
1779444533.996,/node/memory_percent,48.780319
1779444534.025,/node/memory_percent,48.780319
1779444534.209,/node/memory_percent,48.780319
1779444534.495,/node/memory_percent,48.780312
1779444534.525,/node/memory_percent,48.780319
1779444534.706,/node/memory_percent,48.780319
1779444534.995,/node/memory_percent,48.780319
1779444535.025,/node/memory_percent,48.780319
1779444535.207,/node/memory_percent,48.780319
1779444535.498,/node/memory_percent,48.780319
1779444535.526,/node/memory_percent,48.780319
1779444535.708,/node/memory_percent,48.780319
1779444535.994,/node/memory_percent,48.780319
1779444536.025,/node/memory_percent,48.780319
1779444536.206,/node/memory_percent,48.780319
1779444536.494,/node/memory_percent,48.780319
1779444536.530,/node/memory_percent,48.780319
1779444536.706,/node/memory_percent,48.775284
1779444536.998,/node/memory_percent,48.771999
1779444537.023,/node/memory_percent,48.771999
1779444537.205,/node/memory_percent,48.772018
1779444537.496,/node/memory_percent,48.772018
1779444537.527,/node/memory_percent,48.772018
1779444537.707,/node/memory_percent,48.772018
1779444537.993,/node/memory_percent,48.772018
1779444538.026,/node/memory_percent,48.772018
1779444538.206,/node/memory_percent,48.772018
1779444538.495,/node/memory_percent,48.772797
1779444538.526,/node/memory_percent,48.772797
1779444538.705,/node/memory_percent,48.772797
1779444538.993,/node/memory_percent,48.773190
1779444539.026,/node/memory_percent,48.773190
1779444539.210,/node/memory_percent,48.773190
1779444539.497,/node/memory_percent,48.773579
1779444539.527,/node/memory_percent,48.773579
1779444539.706,/node/memory_percent,48.773579
1779444539.997,/node/memory_percent,48.778278
1779444540.025,/node/memory_percent,48.778675
1779444540.207,/node/memory_percent,48.782200
1779444540.498,/node/memory_percent,48.782536
1779444540.526,/node/memory_percent,48.782536
1779444540.707,/node/memory_percent,48.782536
1779444540.995,/node/memory_percent,48.782536
1779444541.023,/node/memory_percent,48.782536
1779444541.203,/node/memory_percent,48.783321
1779444541.496,/node/memory_percent,48.783321
1779444541.525,/node/memory_percent,48.783321
1779444541.705,/node/memory_percent,48.783321
1779444541.995,/node/memory_percent,48.783321
1779444542.024,/node/memory_percent,48.783321
1779444542.206,/node/memory_percent,48.783321
1779444542.496,/node/memory_percent,48.783699
1779444542.524,/node/memory_percent,48.783699
1779444542.705,/node/memory_percent,48.783699
1779444542.994,/node/memory_percent,48.783699
1779444543.024,/node/memory_percent,48.783699
1779444543.203,/node/memory_percent,48.783699
1779444543.494,/node/memory_percent,48.783699
1779444543.522,/node/memory_percent,48.783699
1779444543.703,/node/memory_percent,48.783699
1779444543.994,/node/memory_percent,48.783699
1779444544.026,/node/memory_percent,48.783699
1779444544.203,/node/memory_percent,48.783699
1779444544.492,/node/memory_percent,48.783699
1779444544.524,/node/memory_percent,48.783699
1779444544.707,/node/memory_percent,48.783699
1779444544.997,/node/memory_percent,48.778130
1779444545.024,/node/memory_percent,48.778130
1779444545.207,/node/memory_percent,48.778130
1779444545.494,/node/memory_percent,48.777775
1779444545.526,/node/memory_percent,48.777775
1779444545.706,/node/memory_percent,48.777775
1779444545.996,/node/memory_percent,48.777775
1779444546.024,/node/memory_percent,48.777775
1779444546.204,/node/memory_percent,48.777775
1779444546.495,/node/memory_percent,48.778507
1779444546.525,/node/memory_percent,48.778507
1779444546.708,/node/memory_percent,48.778507
1779444546.995,/node/memory_percent,48.779293
1779444547.023,/node/memory_percent,48.779293
1779444547.204,/node/memory_percent,48.780724
1779444547.494,/node/memory_percent,48.780724
1779444547.526,/node/memory_percent,48.780724
1779444547.702,/node/memory_percent,48.780724
1779444547.995,/node/memory_percent,48.780724
1779444548.023,/node/memory_percent,48.780724
1779444548.202,/node/memory_percent,48.780724
1779444548.496,/node/memory_percent,48.780724
1779444548.525,/node/memory_percent,48.780724
1779444548.704,/node/memory_percent,48.780724
1779444548.993,/node/memory_percent,48.780724
1779444549.022,/node/memory_percent,48.780724
1779444549.207,/node/memory_percent,48.780724
1779444549.496,/node/memory_percent,48.780724
1779444549.526,/node/memory_percent,48.780724
1779444549.705,/node/memory_percent,48.780724
1779444549.997,/node/memory_percent,48.780724
1779444550.023,/node/memory_percent,48.780724
1779444550.206,/node/memory_percent,48.780716
1779444550.493,/node/memory_percent,48.780716
1779444550.524,/node/memory_percent,48.780716
1779444550.704,/node/memory_percent,48.780716
1779444550.991,/node/memory_percent,48.780716
1779444551.024,/node/memory_percent,48.780716
1779444551.204,/node/memory_percent,48.780716
1779444551.497,/node/memory_percent,48.780716
1779444551.526,/node/memory_percent,48.780716
1779444551.704,/node/memory_percent,48.781448
1779444551.991,/node/memory_percent,48.781448
1779444552.022,/node/memory_percent,48.781448
1779444552.203,/node/memory_percent,48.781796
1779444552.493,/node/memory_percent,48.781796
1779444552.523,/node/memory_percent,48.781796
1779444552.703,/node/memory_percent,48.781796
1779444552.991,/node/memory_percent,48.781796
1779444553.023,/node/memory_percent,48.781796
1779444553.204,/node/memory_percent,48.781796
1779444553.497,/node/memory_percent,48.781796
1779444553.524,/node/memory_percent,48.781796
1779444553.705,/node/memory_percent,48.781796
1779444553.994,/node/memory_percent,48.781796
1779444554.024,/node/memory_percent,48.781796
1779444554.205,/node/memory_percent,48.781796
1779444554.494,/node/memory_percent,48.781796
1779444554.522,/node/memory_percent,48.781796
1779444554.701,/node/memory_percent,48.781796
1779444554.993,/node/memory_percent,48.781796
1779444555.020,/node/memory_percent,48.781796
1779444555.203,/node/memory_percent,48.781796
1779444555.493,/node/memory_percent,48.782562
1779444555.520,/node/memory_percent,48.782562
1779444555.703,/node/memory_percent,48.782562
1779444555.991,/node/memory_percent,48.782562
1779444556.022,/node/memory_percent,48.782562
1779444556.202,/node/memory_percent,48.782562
1779444556.492,/node/memory_percent,48.780827
1779444556.524,/node/memory_percent,48.783176
1779444556.705,/node/memory_percent,48.777359
1779444556.992,/node/memory_percent,48.779560
1779444557.020,/node/memory_percent,48.779560
1779444557.203,/node/memory_percent,48.779907
1779444557.491,/node/memory_percent,48.781082
1779444557.522,/node/memory_percent,48.781082
1779444557.702,/node/memory_percent,48.781082
1779444557.990,/node/memory_percent,48.781082
1779444558.023,/node/memory_percent,48.781082
1779444558.204,/node/memory_percent,48.781082
1779444558.493,/node/memory_percent,48.781082
1779444558.522,/node/memory_percent,48.781082
1779444558.702,/node/memory_percent,48.781082
1779444558.990,/node/memory_percent,48.781082
1779444559.022,/node/memory_percent,48.781082
1779444559.203,/node/memory_percent,48.781082
1779444559.490,/node/memory_percent,48.781082
1779444559.523,/node/memory_percent,48.781082
1779444559.705,/node/memory_percent,48.781456
1779444559.993,/node/memory_percent,48.790462
1779444560.022,/node/memory_percent,48.790462
1779444560.202,/node/memory_percent,48.803761
1779444560.493,/node/memory_percent,48.803761
1779444560.526,/node/memory_percent,48.803761
1779444560.702,/node/memory_percent,48.803761
1779444560.992,/node/memory_percent,48.803761
1779444561.020,/node/memory_percent,48.803761
1779444561.200,/node/memory_percent,48.803761
1779444561.489,/node/memory_percent,48.804146
1779444561.522,/node/memory_percent,48.804146
1779444561.702,/node/memory_percent,48.804516
1779444561.992,/node/memory_percent,48.804111
1779444562.027,/node/memory_percent,48.804111
1779444562.200,/node/memory_percent,48.804504
1779444562.496,/node/memory_percent,48.804897
1779444562.519,/node/memory_percent,48.804897
1779444562.699,/node/memory_percent,48.804897
1779444562.993,/node/memory_percent,48.804897
1779444563.022,/node/memory_percent,48.804897
1779444563.200,/node/memory_percent,48.804897
1779444563.491,/node/memory_percent,48.804897
1779444563.524,/node/memory_percent,48.804897
1779444563.702,/node/memory_percent,48.804897
1779444563.993,/node/memory_percent,48.804897
1779444564.021,/node/memory_percent,48.804897
1779444564.203,/node/memory_percent,48.805283
1779444564.494,/node/memory_percent,48.805283
1779444564.520,/node/memory_percent,48.805283
1779444564.704,/node/memory_percent,48.805283
1779444564.989,/node/memory_percent,48.805283
1779444565.022,/node/memory_percent,48.805283
1779444565.200,/node/memory_percent,48.805283
1779444565.489,/node/memory_percent,48.805283
1779444565.520,/node/memory_percent,48.805283
1779444565.702,/node/memory_percent,48.805283
1779444565.991,/node/memory_percent,48.805283
1779444566.021,/node/memory_percent,48.805283
1779444566.201,/node/memory_percent,48.805283
1779444566.489,/node/memory_percent,48.805264
1779444566.518,/node/memory_percent,48.805264
1779444566.699,/node/memory_percent,48.805264
1779444566.989,/node/memory_percent,48.801762
1779444567.021,/node/memory_percent,48.801762
1779444567.199,/node/memory_percent,48.801762
1779444567.491,/node/memory_percent,48.801914
1779444567.520,/node/memory_percent,48.801914
1779444567.702,/node/memory_percent,48.801914
1779444567.989,/node/memory_percent,48.801914
1779444568.018,/node/memory_percent,48.801914
1779444568.202,/node/memory_percent,48.801914
1779444568.489,/node/memory_percent,48.801914
1779444568.522,/node/memory_percent,48.801914
1779444568.700,/node/memory_percent,48.801914
1779444568.990,/node/memory_percent,48.801914
1779444569.018,/node/memory_percent,48.801914
1779444569.199,/node/memory_percent,48.801914
1779444569.490,/node/memory_percent,48.801914
1779444569.519,/node/memory_percent,48.801914
1779444569.703,/node/memory_percent,48.809746
1779444569.992,/node/memory_percent,48.810135
1779444570.021,/node/memory_percent,48.810135
1779444570.201,/node/memory_percent,48.800404
1779444570.488,/node/memory_percent,48.800739
1779444570.520,/node/memory_percent,48.800739
1779444570.700,/node/memory_percent,48.800739
1779444570.989,/node/memory_percent,48.801434
1779444571.019,/node/memory_percent,48.801434
1779444571.203,/node/memory_percent,48.801434
1779444571.489,/node/memory_percent,48.800694
1779444571.520,/node/memory_percent,48.716480
1779444571.699,/node/memory_percent,48.724014
1779444571.991,/node/memory_percent,48.725567
1779444572.018,/node/memory_percent,48.725567
1779444572.202,/node/memory_percent,48.726547
1779444572.491,/node/memory_percent,48.731247
1779444572.518,/node/memory_percent,48.731247
1779444572.699,/node/memory_percent,48.735027
1779444572.990,/node/memory_percent,48.735027
1779444573.024,/node/memory_percent,48.735027
1779444573.200,/node/memory_percent,48.735413
1779444573.490,/node/memory_percent,48.736526
1779444573.522,/node/memory_percent,48.736526
1779444573.700,/node/memory_percent,48.736916
1779444573.990,/node/memory_percent,48.736916
1779444574.018,/node/memory_percent,48.736916
1779444574.201,/node/memory_percent,48.737309
1779444574.488,/node/memory_percent,48.738071
1779444574.517,/node/memory_percent,48.738071
1779444574.698,/node/memory_percent,48.738071
1779444574.988,/node/memory_percent,48.738071
1779444575.017,/node/memory_percent,48.738071
1779444575.203,/node/memory_percent,48.738071
1779444575.492,/node/memory_percent,48.738445
1779444575.517,/node/memory_percent,48.738445
1779444575.700,/node/memory_percent,48.738445
1779444575.991,/node/memory_percent,48.738792
1779444576.017,/node/memory_percent,48.738792
1779444576.201,/node/memory_percent,48.738792
1779444576.488,/node/memory_percent,48.740311
1779444576.519,/node/memory_percent,48.740311
1779444576.699,/node/memory_percent,48.742619
1779444576.992,/node/memory_percent,48.745750
1779444577.019,/node/memory_percent,48.745750
1779444577.200,/node/memory_percent,48.745750
1779444577.488,/node/memory_percent,48.746532
1779444577.518,/node/memory_percent,48.746532
1779444577.698,/node/memory_percent,48.746532
1779444577.990,/node/memory_percent,48.746532
1779444578.022,/node/memory_percent,48.746532
1779444578.198,/node/memory_percent,48.746532
1779444578.487,/node/memory_percent,48.746532
1779444578.520,/node/memory_percent,48.746532
1779444578.704,/node/memory_percent,48.746532
1779444578.988,/node/memory_percent,48.746532
1779444579.017,/node/memory_percent,48.746532
1779444579.198,/node/memory_percent,48.746532
1779444579.489,/node/memory_percent,48.746529
1779444579.516,/node/memory_percent,48.746529
1779444579.700,/node/memory_percent,48.746899
1779444579.990,/node/memory_percent,48.766872
1779444580.017,/node/memory_percent,48.766872
1779444580.198,/node/memory_percent,48.768433
1779444580.489,/node/memory_percent,48.768433
1779444580.519,/node/memory_percent,48.768433
1779444580.697,/node/memory_percent,48.768433
1779444580.990,/node/memory_percent,48.768433
1779444581.020,/node/memory_percent,48.768433
1779444581.201,/node/memory_percent,48.768433
1779444581.487,/node/memory_percent,48.768806
1779444581.516,/node/memory_percent,48.768806
1779444581.697,/node/memory_percent,48.768806
1779444581.991,/node/memory_percent,48.734196
1779444582.020,/node/memory_percent,48.734196
1779444582.199,/node/memory_percent,48.734196
1779444582.487,/node/memory_percent,48.734436
1779444582.519,/node/memory_percent,48.734436
1779444582.697,/node/memory_percent,48.734829
1779444582.988,/node/memory_percent,48.735203
1779444583.020,/node/memory_percent,48.735203
1779444583.199,/node/memory_percent,48.735203
1779444583.488,/node/memory_percent,48.735588
1779444583.517,/node/memory_percent,48.735588
1779444583.699,/node/memory_percent,48.735958
1779444583.986,/node/memory_percent,48.736744
1779444584.018,/node/memory_percent,48.737133
1779444584.199,/node/memory_percent,48.737133
1779444584.490,/node/memory_percent,48.737518
1779444584.519,/node/memory_percent,48.737518
1779444584.702,/node/memory_percent,48.737518
1779444584.990,/node/memory_percent,48.737518
1779444585.020,/node/memory_percent,48.737518
1779444585.198,/node/memory_percent,48.737518
1779444585.488,/node/memory_percent,48.737869
1779444585.516,/node/memory_percent,48.737869
1779444585.700,/node/memory_percent,48.737869
1779444585.990,/node/memory_percent,48.738644
1779444586.020,/node/memory_percent,48.738644
1779444586.197,/node/memory_percent,48.739037
1779444586.487,/node/memory_percent,48.740925
1779444586.515,/node/memory_percent,48.740921
1779444586.697,/node/memory_percent,48.743656
1779444407.020,/node/io_read_mbs,0.000000
1779444407.046,/node/io_read_mbs,0.000000
1779444407.227,/node/io_read_mbs,0.000000
1779444407.521,/node/io_read_mbs,0.000000
1779444407.546,/node/io_read_mbs,0.000000
1779444407.732,/node/io_read_mbs,0.000000
1779444408.018,/node/io_read_mbs,0.000000
1779444408.048,/node/io_read_mbs,0.000000
1779444408.227,/node/io_read_mbs,0.000000
1779444408.518,/node/io_read_mbs,0.000000
1779444408.549,/node/io_read_mbs,0.000000
1779444408.727,/node/io_read_mbs,0.000000
1779444409.023,/node/io_read_mbs,0.000000
1779444409.046,/node/io_read_mbs,0.000000
1779444409.232,/node/io_read_mbs,0.000000
1779444409.521,/node/io_read_mbs,0.000000
1779444409.547,/node/io_read_mbs,0.000000
1779444409.728,/node/io_read_mbs,0.000000
1779444410.018,/node/io_read_mbs,0.000000
1779444410.049,/node/io_read_mbs,0.000000
1779444410.227,/node/io_read_mbs,0.000000
1779444410.516,/node/io_read_mbs,0.000000
1779444410.547,/node/io_read_mbs,0.000000
1779444410.728,/node/io_read_mbs,0.000000
1779444411.017,/node/io_read_mbs,0.000000
1779444411.047,/node/io_read_mbs,0.000000
1779444411.228,/node/io_read_mbs,0.000000
1779444411.519,/node/io_read_mbs,0.000000
1779444411.549,/node/io_read_mbs,0.000000
1779444411.728,/node/io_read_mbs,0.000000
1779444412.018,/node/io_read_mbs,0.000000
1779444412.047,/node/io_read_mbs,0.000000
1779444412.230,/node/io_read_mbs,0.000000
1779444412.517,/node/io_read_mbs,0.000000
1779444412.547,/node/io_read_mbs,0.000000
1779444412.729,/node/io_read_mbs,0.000000
1779444413.019,/node/io_read_mbs,0.000000
1779444413.045,/node/io_read_mbs,0.000000
1779444413.226,/node/io_read_mbs,0.000000
1779444413.519,/node/io_read_mbs,0.000000
1779444413.547,/node/io_read_mbs,0.000000
1779444413.729,/node/io_read_mbs,0.000000
1779444414.019,/node/io_read_mbs,0.000000
1779444414.047,/node/io_read_mbs,0.000000
1779444414.228,/node/io_read_mbs,0.000000
1779444414.517,/node/io_read_mbs,0.000000
1779444414.546,/node/io_read_mbs,0.000000
1779444414.728,/node/io_read_mbs,0.000000
1779444415.017,/node/io_read_mbs,0.000000
1779444415.047,/node/io_read_mbs,0.000000
1779444415.225,/node/io_read_mbs,0.000000
1779444415.518,/node/io_read_mbs,0.000000
1779444415.546,/node/io_read_mbs,0.000000
1779444415.726,/node/io_read_mbs,0.000000
1779444416.016,/node/io_read_mbs,0.000000
1779444416.050,/node/io_read_mbs,0.000000
1779444416.227,/node/io_read_mbs,0.000000
1779444416.519,/node/io_read_mbs,0.000000
1779444416.545,/node/io_read_mbs,0.000000
1779444416.730,/node/io_read_mbs,0.000000
1779444417.017,/node/io_read_mbs,0.000000
1779444417.046,/node/io_read_mbs,0.000000
1779444417.227,/node/io_read_mbs,0.000000
1779444417.514,/node/io_read_mbs,0.000000
1779444417.546,/node/io_read_mbs,0.000000
1779444417.729,/node/io_read_mbs,0.000000
1779444418.015,/node/io_read_mbs,0.000000
1779444418.045,/node/io_read_mbs,0.000000
1779444418.225,/node/io_read_mbs,0.000000
1779444418.518,/node/io_read_mbs,0.000000
1779444418.546,/node/io_read_mbs,0.000000
1779444418.726,/node/io_read_mbs,0.000000
1779444419.016,/node/io_read_mbs,0.000000
1779444419.046,/node/io_read_mbs,0.000000
1779444419.226,/node/io_read_mbs,0.000000
1779444419.516,/node/io_read_mbs,0.000000
1779444419.546,/node/io_read_mbs,0.000000
1779444419.726,/node/io_read_mbs,0.000000
1779444420.016,/node/io_read_mbs,0.000000
1779444420.044,/node/io_read_mbs,0.000000
1779444420.227,/node/io_read_mbs,0.000000
1779444420.516,/node/io_read_mbs,0.000000
1779444420.546,/node/io_read_mbs,0.000000
1779444420.728,/node/io_read_mbs,0.000000
1779444421.014,/node/io_read_mbs,0.000000
1779444421.044,/node/io_read_mbs,0.000000
1779444421.225,/node/io_read_mbs,0.000000
1779444421.517,/node/io_read_mbs,0.000000
1779444421.549,/node/io_read_mbs,0.000000
1779444421.725,/node/io_read_mbs,0.000000
1779444422.014,/node/io_read_mbs,0.000000
1779444422.045,/node/io_read_mbs,0.000000
1779444422.225,/node/io_read_mbs,0.000000
1779444422.514,/node/io_read_mbs,0.000000
1779444422.547,/node/io_read_mbs,0.000000
1779444422.726,/node/io_read_mbs,0.000000
1779444423.014,/node/io_read_mbs,0.000000
1779444423.045,/node/io_read_mbs,0.000000
1779444423.227,/node/io_read_mbs,0.000000
1779444423.518,/node/io_read_mbs,0.000000
1779444423.546,/node/io_read_mbs,0.000000
1779444423.726,/node/io_read_mbs,0.000000
1779444424.021,/node/io_read_mbs,0.000000
1779444424.044,/node/io_read_mbs,0.000000
1779444424.228,/node/io_read_mbs,0.000000
1779444424.516,/node/io_read_mbs,0.000000
1779444424.544,/node/io_read_mbs,0.000000
1779444424.724,/node/io_read_mbs,0.000000
1779444425.017,/node/io_read_mbs,0.000000
1779444425.044,/node/io_read_mbs,0.000000
1779444425.226,/node/io_read_mbs,0.000000
1779444425.515,/node/io_read_mbs,0.000000
1779444425.546,/node/io_read_mbs,0.000000
1779444425.724,/node/io_read_mbs,0.000000
1779444426.016,/node/io_read_mbs,0.000000
1779444426.043,/node/io_read_mbs,0.000000
1779444426.224,/node/io_read_mbs,0.000000
1779444426.520,/node/io_read_mbs,0.000000
1779444426.545,/node/io_read_mbs,0.000000
1779444426.724,/node/io_read_mbs,0.000000
1779444427.014,/node/io_read_mbs,0.000000
1779444427.044,/node/io_read_mbs,0.000000
1779444427.225,/node/io_read_mbs,0.000000
1779444427.513,/node/io_read_mbs,0.000000
1779444427.543,/node/io_read_mbs,0.000000
1779444427.727,/node/io_read_mbs,0.000000
1779444428.015,/node/io_read_mbs,0.000000
1779444428.043,/node/io_read_mbs,0.000000
1779444428.225,/node/io_read_mbs,0.000000
1779444428.514,/node/io_read_mbs,0.000000
1779444428.543,/node/io_read_mbs,0.000000
1779444428.724,/node/io_read_mbs,0.000000
1779444429.013,/node/io_read_mbs,0.000000
1779444429.044,/node/io_read_mbs,0.000000
1779444429.223,/node/io_read_mbs,0.000000
1779444429.513,/node/io_read_mbs,0.000000
1779444429.544,/node/io_read_mbs,0.000000
1779444429.725,/node/io_read_mbs,0.000000
1779444430.013,/node/io_read_mbs,0.000000
1779444430.042,/node/io_read_mbs,0.000000
1779444430.225,/node/io_read_mbs,0.000000
1779444430.514,/node/io_read_mbs,0.000000
1779444430.542,/node/io_read_mbs,0.000000
1779444430.727,/node/io_read_mbs,0.000000
1779444431.012,/node/io_read_mbs,0.000000
1779444431.046,/node/io_read_mbs,0.000000
1779444431.225,/node/io_read_mbs,0.000000
1779444431.516,/node/io_read_mbs,0.000000
1779444431.542,/node/io_read_mbs,0.000000
1779444431.725,/node/io_read_mbs,0.000000
1779444432.014,/node/io_read_mbs,0.000000
1779444432.042,/node/io_read_mbs,0.000000
1779444432.223,/node/io_read_mbs,0.000000
1779444432.512,/node/io_read_mbs,0.000000
1779444432.544,/node/io_read_mbs,0.000000
1779444432.722,/node/io_read_mbs,0.000000
1779444433.012,/node/io_read_mbs,0.000000
1779444433.043,/node/io_read_mbs,0.000000
1779444433.222,/node/io_read_mbs,0.000000
1779444433.512,/node/io_read_mbs,0.000000
1779444433.543,/node/io_read_mbs,0.000000
1779444433.725,/node/io_read_mbs,0.000000
1779444434.012,/node/io_read_mbs,0.000000
1779444434.043,/node/io_read_mbs,0.000000
1779444434.222,/node/io_read_mbs,0.000000
1779444434.512,/node/io_read_mbs,0.000000
1779444434.542,/node/io_read_mbs,0.000000
1779444434.725,/node/io_read_mbs,0.000000
1779444435.012,/node/io_read_mbs,0.000000
1779444435.045,/node/io_read_mbs,0.000000
1779444435.220,/node/io_read_mbs,0.000000
1779444435.513,/node/io_read_mbs,0.000000
1779444435.545,/node/io_read_mbs,0.000000
1779444435.722,/node/io_read_mbs,0.000000
1779444436.015,/node/io_read_mbs,0.000000
1779444436.041,/node/io_read_mbs,0.000000
1779444436.224,/node/io_read_mbs,0.000000
1779444436.512,/node/io_read_mbs,0.000000
1779444436.545,/node/io_read_mbs,0.000000
1779444436.723,/node/io_read_mbs,0.000000
1779444437.013,/node/io_read_mbs,0.000000
1779444437.044,/node/io_read_mbs,0.000000
1779444437.223,/node/io_read_mbs,0.000000
1779444437.514,/node/io_read_mbs,0.000000
1779444437.541,/node/io_read_mbs,0.000000
1779444437.723,/node/io_read_mbs,0.000000
1779444438.013,/node/io_read_mbs,0.000000
1779444438.041,/node/io_read_mbs,0.000000
1779444438.223,/node/io_read_mbs,0.000000
1779444438.511,/node/io_read_mbs,0.000000
1779444438.541,/node/io_read_mbs,0.000000
1779444438.725,/node/io_read_mbs,0.000000
1779444439.011,/node/io_read_mbs,0.000000
1779444439.044,/node/io_read_mbs,0.000000
1779444439.223,/node/io_read_mbs,0.000000
1779444439.513,/node/io_read_mbs,0.000000
1779444439.541,/node/io_read_mbs,0.000000
1779444439.722,/node/io_read_mbs,0.000000
1779444440.011,/node/io_read_mbs,0.000000
1779444440.044,/node/io_read_mbs,0.000000
1779444440.223,/node/io_read_mbs,0.000000
1779444440.511,/node/io_read_mbs,0.000000
1779444440.542,/node/io_read_mbs,0.000000
1779444440.721,/node/io_read_mbs,0.000000
1779444441.011,/node/io_read_mbs,0.000000
1779444441.043,/node/io_read_mbs,0.000000
1779444441.223,/node/io_read_mbs,0.000000
1779444441.511,/node/io_read_mbs,0.000000
1779444441.544,/node/io_read_mbs,0.000000
1779444441.722,/node/io_read_mbs,0.000000
1779444442.013,/node/io_read_mbs,0.000000
1779444442.042,/node/io_read_mbs,0.000000
1779444442.221,/node/io_read_mbs,0.000000
1779444442.511,/node/io_read_mbs,0.000000
1779444442.542,/node/io_read_mbs,0.000000
1779444442.723,/node/io_read_mbs,0.000000
1779444443.011,/node/io_read_mbs,0.000000
1779444443.042,/node/io_read_mbs,0.000000
1779444443.223,/node/io_read_mbs,0.000000
1779444443.510,/node/io_read_mbs,0.000000
1779444443.541,/node/io_read_mbs,0.000000
1779444443.721,/node/io_read_mbs,0.000000
1779444444.012,/node/io_read_mbs,0.000000
1779444444.042,/node/io_read_mbs,0.000000
1779444444.221,/node/io_read_mbs,0.000000
1779444444.510,/node/io_read_mbs,0.000000
1779444444.541,/node/io_read_mbs,0.000000
1779444444.721,/node/io_read_mbs,0.000000
1779444445.012,/node/io_read_mbs,0.000000
1779444445.042,/node/io_read_mbs,0.000000
1779444445.222,/node/io_read_mbs,0.000000
1779444445.510,/node/io_read_mbs,0.000000
1779444445.540,/node/io_read_mbs,0.000000
1779444445.720,/node/io_read_mbs,0.000000
1779444446.010,/node/io_read_mbs,0.000000
1779444446.040,/node/io_read_mbs,0.000000
1779444446.222,/node/io_read_mbs,0.000000
1779444446.513,/node/io_read_mbs,0.000000
1779444446.541,/node/io_read_mbs,0.000000
1779444446.721,/node/io_read_mbs,0.000000
1779444447.010,/node/io_read_mbs,0.000000
1779444447.043,/node/io_read_mbs,0.000000
1779444447.222,/node/io_read_mbs,0.000000
1779444447.510,/node/io_read_mbs,0.000000
1779444447.541,/node/io_read_mbs,0.000000
1779444447.722,/node/io_read_mbs,0.000000
1779444448.010,/node/io_read_mbs,0.000000
1779444448.044,/node/io_read_mbs,0.000000
1779444448.220,/node/io_read_mbs,0.000000
1779444448.510,/node/io_read_mbs,0.000000
1779444448.545,/node/io_read_mbs,0.000000
1779444448.720,/node/io_read_mbs,0.000000
1779444449.010,/node/io_read_mbs,0.000000
1779444449.041,/node/io_read_mbs,0.000000
1779444449.222,/node/io_read_mbs,0.000000
1779444449.513,/node/io_read_mbs,0.000000
1779444449.541,/node/io_read_mbs,0.000000
1779444449.721,/node/io_read_mbs,0.000000
1779444450.011,/node/io_read_mbs,0.000000
1779444450.039,/node/io_read_mbs,0.000000
1779444450.220,/node/io_read_mbs,0.000000
1779444450.511,/node/io_read_mbs,0.000000
1779444450.539,/node/io_read_mbs,0.000000
1779444450.720,/node/io_read_mbs,0.000000
1779444451.012,/node/io_read_mbs,0.000000
1779444451.041,/node/io_read_mbs,0.000000
1779444451.221,/node/io_read_mbs,0.000000
1779444451.509,/node/io_read_mbs,0.124966
1779444451.539,/node/io_read_mbs,0.125247
1779444451.721,/node/io_read_mbs,0.125021
1779444452.009,/node/io_read_mbs,0.000000
1779444452.038,/node/io_read_mbs,0.000000
1779444452.220,/node/io_read_mbs,0.000000
1779444452.511,/node/io_read_mbs,0.000000
1779444452.540,/node/io_read_mbs,0.000000
1779444452.721,/node/io_read_mbs,0.000000
1779444453.009,/node/io_read_mbs,0.000000
1779444453.038,/node/io_read_mbs,0.000000
1779444453.221,/node/io_read_mbs,0.000000
1779444453.515,/node/io_read_mbs,0.000000
1779444453.542,/node/io_read_mbs,0.000000
1779444453.721,/node/io_read_mbs,0.000000
1779444454.011,/node/io_read_mbs,0.000000
1779444454.040,/node/io_read_mbs,0.000000
1779444454.220,/node/io_read_mbs,0.000000
1779444454.511,/node/io_read_mbs,0.000000
1779444454.540,/node/io_read_mbs,0.000000
1779444454.719,/node/io_read_mbs,0.000000
1779444455.011,/node/io_read_mbs,0.000000
1779444455.039,/node/io_read_mbs,0.000000
1779444455.219,/node/io_read_mbs,0.000000
1779444455.512,/node/io_read_mbs,0.000000
1779444455.539,/node/io_read_mbs,0.000000
1779444455.719,/node/io_read_mbs,0.000000
1779444456.010,/node/io_read_mbs,0.000000
1779444456.039,/node/io_read_mbs,0.000000
1779444456.222,/node/io_read_mbs,0.000000
1779444456.510,/node/io_read_mbs,0.000000
1779444456.538,/node/io_read_mbs,0.000000
1779444456.721,/node/io_read_mbs,0.000000
1779444457.009,/node/io_read_mbs,0.000000
1779444457.042,/node/io_read_mbs,0.000000
1779444457.219,/node/io_read_mbs,0.000000
1779444457.511,/node/io_read_mbs,0.000000
1779444457.540,/node/io_read_mbs,0.000000
1779444457.722,/node/io_read_mbs,0.000000
1779444458.008,/node/io_read_mbs,0.000000
1779444458.037,/node/io_read_mbs,0.000000
1779444458.220,/node/io_read_mbs,0.000000
1779444458.509,/node/io_read_mbs,0.000000
1779444458.539,/node/io_read_mbs,0.000000
1779444458.719,/node/io_read_mbs,0.000000
1779444459.008,/node/io_read_mbs,0.000000
1779444459.039,/node/io_read_mbs,0.000000
1779444459.221,/node/io_read_mbs,0.000000
1779444459.508,/node/io_read_mbs,0.000000
1779444459.540,/node/io_read_mbs,0.000000
1779444459.720,/node/io_read_mbs,0.000000
1779444460.010,/node/io_read_mbs,0.000000
1779444460.038,/node/io_read_mbs,0.000000
1779444460.220,/node/io_read_mbs,0.000000
1779444460.511,/node/io_read_mbs,0.000000
1779444460.539,/node/io_read_mbs,0.000000
1779444460.720,/node/io_read_mbs,0.000000
1779444461.013,/node/io_read_mbs,0.000000
1779444461.039,/node/io_read_mbs,0.000000
1779444461.218,/node/io_read_mbs,0.000000
1779444461.509,/node/io_read_mbs,0.000000
1779444461.540,/node/io_read_mbs,0.000000
1779444461.719,/node/io_read_mbs,0.000000
1779444462.010,/node/io_read_mbs,0.000000
1779444462.037,/node/io_read_mbs,0.000000
1779444462.218,/node/io_read_mbs,0.000000
1779444462.507,/node/io_read_mbs,0.000000
1779444462.537,/node/io_read_mbs,0.000000
1779444462.719,/node/io_read_mbs,0.000000
1779444463.008,/node/io_read_mbs,0.000000
1779444463.039,/node/io_read_mbs,0.000000
1779444463.220,/node/io_read_mbs,0.000000
1779444463.508,/node/io_read_mbs,0.000000
1779444463.542,/node/io_read_mbs,0.000000
1779444463.720,/node/io_read_mbs,0.000000
1779444464.009,/node/io_read_mbs,0.000000
1779444464.037,/node/io_read_mbs,0.000000
1779444464.221,/node/io_read_mbs,0.000000
1779444464.507,/node/io_read_mbs,0.000000
1779444464.537,/node/io_read_mbs,0.000000
1779444464.719,/node/io_read_mbs,0.000000
1779444465.008,/node/io_read_mbs,0.000000
1779444465.037,/node/io_read_mbs,0.000000
1779444465.219,/node/io_read_mbs,0.000000
1779444465.506,/node/io_read_mbs,0.000000
1779444465.537,/node/io_read_mbs,0.000000
1779444465.718,/node/io_read_mbs,0.000000
1779444466.007,/node/io_read_mbs,0.000000
1779444466.038,/node/io_read_mbs,0.000000
1779444466.217,/node/io_read_mbs,0.000000
1779444466.507,/node/io_read_mbs,0.000000
1779444466.538,/node/io_read_mbs,0.000000
1779444466.719,/node/io_read_mbs,0.000000
1779444467.010,/node/io_read_mbs,0.000000
1779444467.036,/node/io_read_mbs,0.000000
1779444467.217,/node/io_read_mbs,0.000000
1779444467.508,/node/io_read_mbs,0.000000
1779444467.537,/node/io_read_mbs,0.000000
1779444467.717,/node/io_read_mbs,0.000000
1779444468.009,/node/io_read_mbs,0.000000
1779444468.037,/node/io_read_mbs,0.000000
1779444468.217,/node/io_read_mbs,0.000000
1779444468.509,/node/io_read_mbs,0.000000
1779444468.536,/node/io_read_mbs,0.000000
1779444468.722,/node/io_read_mbs,0.000000
1779444469.008,/node/io_read_mbs,0.000000
1779444469.036,/node/io_read_mbs,0.000000
1779444469.219,/node/io_read_mbs,0.000000
1779444469.510,/node/io_read_mbs,0.000000
1779444469.538,/node/io_read_mbs,0.000000
1779444469.717,/node/io_read_mbs,0.000000
1779444470.006,/node/io_read_mbs,0.000000
1779444470.036,/node/io_read_mbs,0.000000
1779444470.218,/node/io_read_mbs,0.000000
1779444470.508,/node/io_read_mbs,0.000000
1779444470.539,/node/io_read_mbs,0.000000
1779444470.720,/node/io_read_mbs,0.000000
1779444471.006,/node/io_read_mbs,0.000000
1779444471.039,/node/io_read_mbs,0.000000
1779444471.218,/node/io_read_mbs,0.000000
1779444471.509,/node/io_read_mbs,0.000000
1779444471.537,/node/io_read_mbs,0.000000
1779444471.718,/node/io_read_mbs,0.000000
1779444472.008,/node/io_read_mbs,0.000000
1779444472.038,/node/io_read_mbs,0.000000
1779444472.218,/node/io_read_mbs,0.000000
1779444472.506,/node/io_read_mbs,0.000000
1779444472.537,/node/io_read_mbs,0.000000
1779444472.718,/node/io_read_mbs,0.000000
1779444473.006,/node/io_read_mbs,0.000000
1779444473.037,/node/io_read_mbs,0.000000
1779444473.216,/node/io_read_mbs,0.000000
1779444473.507,/node/io_read_mbs,0.000000
1779444473.535,/node/io_read_mbs,0.000000
1779444473.716,/node/io_read_mbs,0.000000
1779444474.007,/node/io_read_mbs,0.000000
1779444474.037,/node/io_read_mbs,0.000000
1779444474.216,/node/io_read_mbs,0.000000
1779444474.507,/node/io_read_mbs,0.000000
1779444474.536,/node/io_read_mbs,0.000000
1779444474.717,/node/io_read_mbs,0.000000
1779444475.008,/node/io_read_mbs,0.000000
1779444475.035,/node/io_read_mbs,0.000000
1779444475.217,/node/io_read_mbs,0.000000
1779444475.505,/node/io_read_mbs,0.000000
1779444475.537,/node/io_read_mbs,0.000000
1779444475.716,/node/io_read_mbs,0.000000
1779444476.005,/node/io_read_mbs,0.000000
1779444476.037,/node/io_read_mbs,0.000000
1779444476.217,/node/io_read_mbs,0.000000
1779444476.505,/node/io_read_mbs,0.000000
1779444476.536,/node/io_read_mbs,0.000000
1779444476.719,/node/io_read_mbs,0.000000
1779444477.005,/node/io_read_mbs,0.000000
1779444477.038,/node/io_read_mbs,0.000000
1779444477.215,/node/io_read_mbs,0.000000
1779444477.506,/node/io_read_mbs,0.000000
1779444477.538,/node/io_read_mbs,0.000000
1779444477.717,/node/io_read_mbs,0.000000
1779444478.005,/node/io_read_mbs,0.000000
1779444478.037,/node/io_read_mbs,0.000000
1779444478.217,/node/io_read_mbs,0.000000
1779444478.505,/node/io_read_mbs,0.000000
1779444478.540,/node/io_read_mbs,0.000000
1779444478.718,/node/io_read_mbs,0.000000
1779444479.005,/node/io_read_mbs,0.000000
1779444479.036,/node/io_read_mbs,0.000000
1779444479.217,/node/io_read_mbs,0.000000
1779444479.506,/node/io_read_mbs,0.000000
1779444479.534,/node/io_read_mbs,0.000000
1779444479.715,/node/io_read_mbs,0.000000
1779444480.006,/node/io_read_mbs,0.000000
1779444480.036,/node/io_read_mbs,0.000000
1779444480.215,/node/io_read_mbs,0.000000
1779444480.508,/node/io_read_mbs,0.000000
1779444480.536,/node/io_read_mbs,0.000000
1779444480.715,/node/io_read_mbs,0.000000
1779444481.006,/node/io_read_mbs,0.000000
1779444481.032,/node/io_read_mbs,0.000000
1779444481.212,/node/io_read_mbs,0.000000
1779444481.505,/node/io_read_mbs,0.000000
1779444481.535,/node/io_read_mbs,0.000000
1779444481.715,/node/io_read_mbs,0.000000
1779444482.006,/node/io_read_mbs,0.000000
1779444482.036,/node/io_read_mbs,0.000000
1779444482.214,/node/io_read_mbs,0.000000
1779444482.504,/node/io_read_mbs,0.000000
1779444482.536,/node/io_read_mbs,0.000000
1779444482.718,/node/io_read_mbs,0.000000
1779444483.008,/node/io_read_mbs,0.000000
1779444483.038,/node/io_read_mbs,0.000000
1779444483.214,/node/io_read_mbs,0.000000
1779444483.504,/node/io_read_mbs,0.000000
1779444483.535,/node/io_read_mbs,0.000000
1779444483.716,/node/io_read_mbs,0.000000
1779444484.005,/node/io_read_mbs,0.000000
1779444484.035,/node/io_read_mbs,0.000000
1779444484.217,/node/io_read_mbs,0.000000
1779444484.507,/node/io_read_mbs,0.000000
1779444484.534,/node/io_read_mbs,0.000000
1779444484.714,/node/io_read_mbs,0.000000
1779444485.004,/node/io_read_mbs,0.000000
1779444485.035,/node/io_read_mbs,0.000000
1779444485.215,/node/io_read_mbs,0.000000
1779444485.507,/node/io_read_mbs,0.000000
1779444485.533,/node/io_read_mbs,0.000000
1779444485.714,/node/io_read_mbs,0.000000
1779444486.004,/node/io_read_mbs,0.000000
1779444486.035,/node/io_read_mbs,0.000000
1779444486.214,/node/io_read_mbs,0.000000
1779444486.505,/node/io_read_mbs,0.000000
1779444486.534,/node/io_read_mbs,0.000000
1779444486.717,/node/io_read_mbs,0.000000
1779444487.005,/node/io_read_mbs,0.000000
1779444487.033,/node/io_read_mbs,0.000000
1779444487.215,/node/io_read_mbs,0.000000
1779444487.507,/node/io_read_mbs,0.000000
1779444487.533,/node/io_read_mbs,0.000000
1779444487.714,/node/io_read_mbs,0.000000
1779444488.004,/node/io_read_mbs,0.000000
1779444488.034,/node/io_read_mbs,0.000000
1779444488.215,/node/io_read_mbs,0.000000
1779444488.506,/node/io_read_mbs,0.000000
1779444488.533,/node/io_read_mbs,0.000000
1779444488.715,/node/io_read_mbs,0.000000
1779444489.004,/node/io_read_mbs,0.000000
1779444489.036,/node/io_read_mbs,0.000000
1779444489.214,/node/io_read_mbs,0.000000
1779444489.503,/node/io_read_mbs,0.000000
1779444489.536,/node/io_read_mbs,0.000000
1779444489.715,/node/io_read_mbs,0.000000
1779444490.007,/node/io_read_mbs,0.000000
1779444490.033,/node/io_read_mbs,0.000000
1779444490.216,/node/io_read_mbs,0.000000
1779444490.506,/node/io_read_mbs,0.000000
1779444490.534,/node/io_read_mbs,0.000000
1779444490.715,/node/io_read_mbs,0.000000
1779444491.004,/node/io_read_mbs,0.000000
1779444491.032,/node/io_read_mbs,0.000000
1779444491.214,/node/io_read_mbs,0.000000
1779444491.503,/node/io_read_mbs,0.000000
1779444491.534,/node/io_read_mbs,0.000000
1779444491.713,/node/io_read_mbs,0.000000
1779444492.004,/node/io_read_mbs,0.000000
1779444492.030,/node/io_read_mbs,0.000000
1779444492.216,/node/io_read_mbs,0.000000
1779444492.503,/node/io_read_mbs,0.000000
1779444492.532,/node/io_read_mbs,0.000000
1779444492.712,/node/io_read_mbs,0.000000
1779444493.006,/node/io_read_mbs,0.000000
1779444493.032,/node/io_read_mbs,0.000000
1779444493.213,/node/io_read_mbs,0.000000
1779444493.503,/node/io_read_mbs,0.000000
1779444493.534,/node/io_read_mbs,0.000000
1779444493.713,/node/io_read_mbs,0.000000
1779444494.004,/node/io_read_mbs,0.000000
1779444494.034,/node/io_read_mbs,0.000000
1779444494.215,/node/io_read_mbs,0.000000
1779444494.502,/node/io_read_mbs,0.000000
1779444494.534,/node/io_read_mbs,0.000000
1779444494.714,/node/io_read_mbs,0.000000
1779444495.004,/node/io_read_mbs,0.000000
1779444495.033,/node/io_read_mbs,0.000000
1779444495.215,/node/io_read_mbs,0.000000
1779444495.503,/node/io_read_mbs,0.000000
1779444495.531,/node/io_read_mbs,0.000000
1779444495.716,/node/io_read_mbs,0.000000
1779444496.004,/node/io_read_mbs,0.000000
1779444496.034,/node/io_read_mbs,0.000000
1779444496.214,/node/io_read_mbs,0.000000
1779444496.501,/node/io_read_mbs,0.000000
1779444496.532,/node/io_read_mbs,0.000000
1779444496.712,/node/io_read_mbs,0.000000
1779444497.002,/node/io_read_mbs,0.000000
1779444497.034,/node/io_read_mbs,0.000000
1779444497.213,/node/io_read_mbs,0.000000
1779444497.502,/node/io_read_mbs,0.000000
1779444497.533,/node/io_read_mbs,0.000000
1779444497.714,/node/io_read_mbs,0.000000
1779444498.004,/node/io_read_mbs,0.000000
1779444498.031,/node/io_read_mbs,0.000000
1779444498.212,/node/io_read_mbs,0.000000
1779444498.503,/node/io_read_mbs,0.000000
1779444498.531,/node/io_read_mbs,0.000000
1779444498.713,/node/io_read_mbs,0.000000
1779444499.003,/node/io_read_mbs,0.000000
1779444499.031,/node/io_read_mbs,0.000000
1779444499.212,/node/io_read_mbs,0.000000
1779444499.505,/node/io_read_mbs,0.000000
1779444499.531,/node/io_read_mbs,0.000000
1779444499.714,/node/io_read_mbs,0.000000
1779444500.001,/node/io_read_mbs,0.000000
1779444500.031,/node/io_read_mbs,0.000000
1779444500.212,/node/io_read_mbs,0.000000
1779444500.503,/node/io_read_mbs,0.000000
1779444500.531,/node/io_read_mbs,0.000000
1779444500.712,/node/io_read_mbs,0.000000
1779444501.003,/node/io_read_mbs,0.000000
1779444501.034,/node/io_read_mbs,0.000000
1779444501.212,/node/io_read_mbs,0.000000
1779444501.503,/node/io_read_mbs,0.000000
1779444501.534,/node/io_read_mbs,0.000000
1779444501.713,/node/io_read_mbs,0.000000
1779444502.001,/node/io_read_mbs,0.000000
1779444502.032,/node/io_read_mbs,0.000000
1779444502.215,/node/io_read_mbs,0.000000
1779444502.502,/node/io_read_mbs,0.000000
1779444502.532,/node/io_read_mbs,0.000000
1779444502.716,/node/io_read_mbs,0.000000
1779444503.002,/node/io_read_mbs,0.000000
1779444503.032,/node/io_read_mbs,0.000000
1779444503.211,/node/io_read_mbs,0.000000
1779444503.504,/node/io_read_mbs,0.000000
1779444503.531,/node/io_read_mbs,0.000000
1779444503.716,/node/io_read_mbs,0.000000
1779444504.002,/node/io_read_mbs,0.000000
1779444504.032,/node/io_read_mbs,0.000000
1779444504.211,/node/io_read_mbs,0.000000
1779444504.502,/node/io_read_mbs,0.000000
1779444504.531,/node/io_read_mbs,0.000000
1779444504.711,/node/io_read_mbs,0.000000
1779444505.002,/node/io_read_mbs,0.000000
1779444505.030,/node/io_read_mbs,0.000000
1779444505.213,/node/io_read_mbs,0.000000
1779444505.503,/node/io_read_mbs,0.000000
1779444505.532,/node/io_read_mbs,0.000000
1779444505.711,/node/io_read_mbs,0.000000
1779444506.000,/node/io_read_mbs,0.000000
1779444506.031,/node/io_read_mbs,0.000000
1779444506.212,/node/io_read_mbs,0.000000
1779444506.502,/node/io_read_mbs,0.000000
1779444506.530,/node/io_read_mbs,0.000000
1779444506.713,/node/io_read_mbs,0.000000
1779444507.002,/node/io_read_mbs,0.000000
1779444507.032,/node/io_read_mbs,0.000000
1779444507.211,/node/io_read_mbs,0.000000
1779444507.503,/node/io_read_mbs,0.000000
1779444507.533,/node/io_read_mbs,0.000000
1779444507.712,/node/io_read_mbs,0.000000
1779444508.001,/node/io_read_mbs,0.000000
1779444508.031,/node/io_read_mbs,0.000000
1779444508.212,/node/io_read_mbs,0.000000
1779444508.503,/node/io_read_mbs,0.000000
1779444508.531,/node/io_read_mbs,0.000000
1779444508.710,/node/io_read_mbs,0.000000
1779444509.000,/node/io_read_mbs,0.000000
1779444509.030,/node/io_read_mbs,0.000000
1779444509.213,/node/io_read_mbs,0.000000
1779444509.502,/node/io_read_mbs,0.000000
1779444509.531,/node/io_read_mbs,0.000000
1779444509.712,/node/io_read_mbs,0.000000
1779444510.001,/node/io_read_mbs,0.000000
1779444510.030,/node/io_read_mbs,0.000000
1779444510.214,/node/io_read_mbs,0.000000
1779444510.502,/node/io_read_mbs,0.000000
1779444510.531,/node/io_read_mbs,0.000000
1779444510.714,/node/io_read_mbs,0.000000
1779444511.000,/node/io_read_mbs,0.000000
1779444511.031,/node/io_read_mbs,0.000000
1779444511.211,/node/io_read_mbs,0.000000
1779444511.501,/node/io_read_mbs,0.000000
1779444511.530,/node/io_read_mbs,0.000000
1779444511.712,/node/io_read_mbs,0.000000
1779444511.999,/node/io_read_mbs,0.000000
1779444512.031,/node/io_read_mbs,0.000000
1779444512.212,/node/io_read_mbs,0.000000
1779444512.502,/node/io_read_mbs,0.000000
1779444512.531,/node/io_read_mbs,0.000000
1779444512.711,/node/io_read_mbs,0.000000
1779444513.002,/node/io_read_mbs,0.000000
1779444513.031,/node/io_read_mbs,0.000000
1779444513.214,/node/io_read_mbs,0.000000
1779444513.500,/node/io_read_mbs,0.000000
1779444513.530,/node/io_read_mbs,0.000000
1779444513.712,/node/io_read_mbs,0.000000
1779444514.000,/node/io_read_mbs,0.000000
1779444514.035,/node/io_read_mbs,0.000000
1779444514.212,/node/io_read_mbs,0.000000
1779444514.503,/node/io_read_mbs,0.000000
1779444514.531,/node/io_read_mbs,0.000000
1779444514.710,/node/io_read_mbs,0.000000
1779444515.001,/node/io_read_mbs,0.000000
1779444515.030,/node/io_read_mbs,0.000000
1779444515.212,/node/io_read_mbs,0.000000
1779444515.505,/node/io_read_mbs,0.000000
1779444515.532,/node/io_read_mbs,0.000000
1779444515.712,/node/io_read_mbs,0.000000
1779444516.003,/node/io_read_mbs,0.000000
1779444516.031,/node/io_read_mbs,0.000000
1779444516.211,/node/io_read_mbs,0.000000
1779444516.501,/node/io_read_mbs,0.000000
1779444516.529,/node/io_read_mbs,0.000000
1779444516.710,/node/io_read_mbs,0.000000
1779444517.001,/node/io_read_mbs,0.000000
1779444517.031,/node/io_read_mbs,0.000000
1779444517.210,/node/io_read_mbs,0.000000
1779444517.500,/node/io_read_mbs,0.000000
1779444517.530,/node/io_read_mbs,0.000000
1779444517.710,/node/io_read_mbs,0.000000
1779444518.001,/node/io_read_mbs,0.000000
1779444518.029,/node/io_read_mbs,0.000000
1779444518.210,/node/io_read_mbs,0.000000
1779444518.501,/node/io_read_mbs,0.000000
1779444518.529,/node/io_read_mbs,0.000000
1779444518.710,/node/io_read_mbs,0.000000
1779444519.001,/node/io_read_mbs,0.000000
1779444519.031,/node/io_read_mbs,0.000000
1779444519.212,/node/io_read_mbs,0.000000
1779444519.499,/node/io_read_mbs,0.000000
1779444519.532,/node/io_read_mbs,0.000000
1779444519.710,/node/io_read_mbs,0.000000
1779444519.999,/node/io_read_mbs,0.000000
1779444520.030,/node/io_read_mbs,0.000000
1779444520.213,/node/io_read_mbs,0.000000
1779444520.499,/node/io_read_mbs,0.000000
1779444520.530,/node/io_read_mbs,0.000000
1779444520.711,/node/io_read_mbs,0.000000
1779444520.998,/node/io_read_mbs,0.000000
1779444521.029,/node/io_read_mbs,0.000000
1779444521.210,/node/io_read_mbs,0.000000
1779444521.500,/node/io_read_mbs,0.000000
1779444521.529,/node/io_read_mbs,0.000000
1779444521.709,/node/io_read_mbs,0.000000
1779444522.001,/node/io_read_mbs,0.000000
1779444522.028,/node/io_read_mbs,0.000000
1779444522.211,/node/io_read_mbs,0.000000
1779444522.499,/node/io_read_mbs,0.000000
1779444522.528,/node/io_read_mbs,0.000000
1779444522.709,/node/io_read_mbs,0.000000
1779444523.000,/node/io_read_mbs,0.000000
1779444523.028,/node/io_read_mbs,0.000000
1779444523.211,/node/io_read_mbs,0.000000
1779444523.498,/node/io_read_mbs,0.000000
1779444523.530,/node/io_read_mbs,0.000000
1779444523.709,/node/io_read_mbs,0.000000
1779444524.000,/node/io_read_mbs,0.000000
1779444524.030,/node/io_read_mbs,0.000000
1779444524.208,/node/io_read_mbs,0.000000
1779444524.499,/node/io_read_mbs,0.000000
1779444524.528,/node/io_read_mbs,0.000000
1779444524.712,/node/io_read_mbs,0.000000
1779444524.998,/node/io_read_mbs,0.000000
1779444525.029,/node/io_read_mbs,0.000000
1779444525.208,/node/io_read_mbs,0.000000
1779444525.501,/node/io_read_mbs,0.000000
1779444525.528,/node/io_read_mbs,0.000000
1779444525.710,/node/io_read_mbs,0.000000
1779444525.998,/node/io_read_mbs,0.000000
1779444526.030,/node/io_read_mbs,0.000000
1779444526.209,/node/io_read_mbs,0.000000
1779444526.497,/node/io_read_mbs,0.000000
1779444526.529,/node/io_read_mbs,0.000000
1779444526.711,/node/io_read_mbs,0.000000
1779444526.999,/node/io_read_mbs,0.000000
1779444527.028,/node/io_read_mbs,0.000000
1779444527.209,/node/io_read_mbs,0.000000
1779444527.498,/node/io_read_mbs,0.000000
1779444527.530,/node/io_read_mbs,0.000000
1779444527.709,/node/io_read_mbs,0.000000
1779444527.999,/node/io_read_mbs,0.000000
1779444528.031,/node/io_read_mbs,0.000000
1779444528.209,/node/io_read_mbs,0.000000
1779444528.499,/node/io_read_mbs,0.000000
1779444528.529,/node/io_read_mbs,0.000000
1779444528.711,/node/io_read_mbs,0.000000
1779444529.000,/node/io_read_mbs,0.000000
1779444529.029,/node/io_read_mbs,0.000000
1779444529.208,/node/io_read_mbs,0.000000
1779444529.499,/node/io_read_mbs,0.000000
1779444529.528,/node/io_read_mbs,0.000000
1779444529.711,/node/io_read_mbs,0.000000
1779444529.999,/node/io_read_mbs,0.000000
1779444530.029,/node/io_read_mbs,0.000000
1779444530.208,/node/io_read_mbs,0.000000
1779444530.498,/node/io_read_mbs,0.000000
1779444530.530,/node/io_read_mbs,0.000000
1779444530.708,/node/io_read_mbs,0.000000
1779444530.998,/node/io_read_mbs,0.000000
1779444531.028,/node/io_read_mbs,0.000000
1779444531.208,/node/io_read_mbs,0.000000
1779444531.499,/node/io_read_mbs,0.000000
1779444531.527,/node/io_read_mbs,0.000000
1779444531.710,/node/io_read_mbs,0.000000
1779444531.997,/node/io_read_mbs,0.000000
1779444532.027,/node/io_read_mbs,0.000000
1779444532.209,/node/io_read_mbs,0.000000
1779444532.499,/node/io_read_mbs,0.000000
1779444532.529,/node/io_read_mbs,0.000000
1779444532.709,/node/io_read_mbs,0.000000
1779444532.998,/node/io_read_mbs,0.000000
1779444533.030,/node/io_read_mbs,0.000000
1779444533.208,/node/io_read_mbs,0.000000
1779444533.497,/node/io_read_mbs,0.000000
1779444533.528,/node/io_read_mbs,0.000000
1779444533.708,/node/io_read_mbs,0.000000
1779444534.000,/node/io_read_mbs,0.000000
1779444534.026,/node/io_read_mbs,0.000000
1779444534.210,/node/io_read_mbs,0.000000
1779444534.500,/node/io_read_mbs,0.000000
1779444534.526,/node/io_read_mbs,0.000000
1779444534.708,/node/io_read_mbs,0.000000
1779444534.998,/node/io_read_mbs,0.000000
1779444535.027,/node/io_read_mbs,0.000000
1779444535.207,/node/io_read_mbs,0.000000
1779444535.499,/node/io_read_mbs,0.000000
1779444535.526,/node/io_read_mbs,0.000000
1779444535.711,/node/io_read_mbs,0.000000
1779444535.998,/node/io_read_mbs,0.000000
1779444536.027,/node/io_read_mbs,0.000000
1779444536.209,/node/io_read_mbs,0.000000
1779444536.498,/node/io_read_mbs,0.000000
1779444536.531,/node/io_read_mbs,0.000000
1779444536.707,/node/io_read_mbs,0.000000
1779444536.999,/node/io_read_mbs,0.000000
1779444537.026,/node/io_read_mbs,0.000000
1779444537.209,/node/io_read_mbs,0.000000
1779444537.497,/node/io_read_mbs,0.000000
1779444537.528,/node/io_read_mbs,0.000000
1779444537.709,/node/io_read_mbs,0.000000
1779444537.997,/node/io_read_mbs,0.000000
1779444538.027,/node/io_read_mbs,0.000000
1779444538.209,/node/io_read_mbs,0.000000
1779444538.496,/node/io_read_mbs,0.000000
1779444538.527,/node/io_read_mbs,0.000000
1779444538.708,/node/io_read_mbs,0.000000
1779444538.996,/node/io_read_mbs,0.000000
1779444539.027,/node/io_read_mbs,0.000000
1779444539.211,/node/io_read_mbs,0.000000
1779444539.497,/node/io_read_mbs,0.000000
1779444539.527,/node/io_read_mbs,0.000000
1779444539.708,/node/io_read_mbs,0.000000
1779444539.998,/node/io_read_mbs,0.000000
1779444540.027,/node/io_read_mbs,0.000000
1779444540.211,/node/io_read_mbs,0.000000
1779444540.499,/node/io_read_mbs,0.000000
1779444540.527,/node/io_read_mbs,0.000000
1779444540.708,/node/io_read_mbs,0.000000
1779444540.996,/node/io_read_mbs,0.000000
1779444541.027,/node/io_read_mbs,0.000000
1779444541.206,/node/io_read_mbs,0.000000
1779444541.497,/node/io_read_mbs,0.000000
1779444541.527,/node/io_read_mbs,0.000000
1779444541.706,/node/io_read_mbs,0.000000
1779444541.996,/node/io_read_mbs,0.000000
1779444542.026,/node/io_read_mbs,0.000000
1779444542.206,/node/io_read_mbs,0.000000
1779444542.498,/node/io_read_mbs,0.000000
1779444542.525,/node/io_read_mbs,0.000000
1779444542.706,/node/io_read_mbs,0.000000
1779444542.997,/node/io_read_mbs,0.000000
1779444543.025,/node/io_read_mbs,0.000000
1779444543.208,/node/io_read_mbs,0.000000
1779444543.496,/node/io_read_mbs,0.000000
1779444543.525,/node/io_read_mbs,0.000000
1779444543.706,/node/io_read_mbs,0.000000
1779444543.997,/node/io_read_mbs,0.000000
1779444544.026,/node/io_read_mbs,0.000000
1779444544.208,/node/io_read_mbs,0.000000
1779444544.495,/node/io_read_mbs,0.000000
1779444544.525,/node/io_read_mbs,0.000000
1779444544.707,/node/io_read_mbs,0.000000
1779444544.998,/node/io_read_mbs,0.000000
1779444545.025,/node/io_read_mbs,0.000000
1779444545.207,/node/io_read_mbs,0.000000
1779444545.495,/node/io_read_mbs,0.000000
1779444545.526,/node/io_read_mbs,0.000000
1779444545.707,/node/io_read_mbs,0.000000
1779444545.996,/node/io_read_mbs,0.000000
1779444546.025,/node/io_read_mbs,0.000000
1779444546.207,/node/io_read_mbs,0.000000
1779444546.496,/node/io_read_mbs,0.000000
1779444546.526,/node/io_read_mbs,0.000000
1779444546.710,/node/io_read_mbs,0.000000
1779444546.997,/node/io_read_mbs,0.000000
1779444547.024,/node/io_read_mbs,0.000000
1779444547.205,/node/io_read_mbs,0.000000
1779444547.495,/node/io_read_mbs,0.000000
1779444547.526,/node/io_read_mbs,0.000000
1779444547.705,/node/io_read_mbs,0.000000
1779444547.996,/node/io_read_mbs,0.000000
1779444548.024,/node/io_read_mbs,0.000000
1779444548.204,/node/io_read_mbs,0.000000
1779444548.497,/node/io_read_mbs,0.000000
1779444548.525,/node/io_read_mbs,0.000000
1779444548.705,/node/io_read_mbs,0.000000
1779444548.996,/node/io_read_mbs,0.000000
1779444549.025,/node/io_read_mbs,0.000000
1779444549.208,/node/io_read_mbs,0.000000
1779444549.497,/node/io_read_mbs,0.000000
1779444549.527,/node/io_read_mbs,0.000000
1779444549.708,/node/io_read_mbs,0.000000
1779444549.998,/node/io_read_mbs,0.000000
1779444550.025,/node/io_read_mbs,0.000000
1779444550.206,/node/io_read_mbs,0.000000
1779444550.494,/node/io_read_mbs,0.000000
1779444550.525,/node/io_read_mbs,0.000000
1779444550.705,/node/io_read_mbs,0.000000
1779444550.994,/node/io_read_mbs,0.000000
1779444551.026,/node/io_read_mbs,0.000000
1779444551.205,/node/io_read_mbs,0.000000
1779444551.498,/node/io_read_mbs,0.000000
1779444551.527,/node/io_read_mbs,0.000000
1779444551.706,/node/io_read_mbs,0.000000
1779444551.994,/node/io_read_mbs,0.000000
1779444552.023,/node/io_read_mbs,0.000000
1779444552.206,/node/io_read_mbs,0.000000
1779444552.494,/node/io_read_mbs,0.000000
1779444552.529,/node/io_read_mbs,0.000000
1779444552.703,/node/io_read_mbs,0.000000
1779444552.994,/node/io_read_mbs,0.000000
1779444553.025,/node/io_read_mbs,0.000000
1779444553.204,/node/io_read_mbs,0.000000
1779444553.497,/node/io_read_mbs,0.000000
1779444553.525,/node/io_read_mbs,0.000000
1779444553.705,/node/io_read_mbs,0.000000
1779444553.996,/node/io_read_mbs,0.000000
1779444554.025,/node/io_read_mbs,0.000000
1779444554.206,/node/io_read_mbs,0.000000
1779444554.499,/node/io_read_mbs,0.000000
1779444554.523,/node/io_read_mbs,0.000000
1779444554.705,/node/io_read_mbs,0.000000
1779444554.995,/node/io_read_mbs,0.000000
1779444555.023,/node/io_read_mbs,0.000000
1779444555.204,/node/io_read_mbs,0.000000
1779444555.494,/node/io_read_mbs,0.000000
1779444555.527,/node/io_read_mbs,0.000000
1779444555.704,/node/io_read_mbs,0.000000
1779444555.996,/node/io_read_mbs,0.000000
1779444556.023,/node/io_read_mbs,0.000000
1779444556.204,/node/io_read_mbs,0.000000
1779444556.493,/node/io_read_mbs,0.000000
1779444556.525,/node/io_read_mbs,0.000000
1779444556.705,/node/io_read_mbs,0.000000
1779444556.994,/node/io_read_mbs,0.000000
1779444557.023,/node/io_read_mbs,0.000000
1779444557.204,/node/io_read_mbs,0.000000
1779444557.495,/node/io_read_mbs,0.000000
1779444557.525,/node/io_read_mbs,0.000000
1779444557.706,/node/io_read_mbs,0.000000
1779444557.993,/node/io_read_mbs,0.000000
1779444558.025,/node/io_read_mbs,0.000000
1779444558.204,/node/io_read_mbs,0.000000
1779444558.494,/node/io_read_mbs,0.000000
1779444558.524,/node/io_read_mbs,0.000000
1779444558.704,/node/io_read_mbs,0.000000
1779444558.993,/node/io_read_mbs,0.000000
1779444559.024,/node/io_read_mbs,0.000000
1779444559.206,/node/io_read_mbs,0.000000
1779444559.493,/node/io_read_mbs,0.000000
1779444559.524,/node/io_read_mbs,0.000000
1779444559.706,/node/io_read_mbs,0.000000
1779444559.994,/node/io_read_mbs,0.000000
1779444560.022,/node/io_read_mbs,0.000000
1779444560.203,/node/io_read_mbs,0.000000
1779444560.495,/node/io_read_mbs,0.000000
1779444560.526,/node/io_read_mbs,0.000000
1779444560.703,/node/io_read_mbs,0.000000
1779444560.997,/node/io_read_mbs,0.000000
1779444561.022,/node/io_read_mbs,0.000000
1779444561.203,/node/io_read_mbs,0.000000
1779444561.493,/node/io_read_mbs,0.000000
1779444561.524,/node/io_read_mbs,0.000000
1779444561.705,/node/io_read_mbs,0.000000
1779444561.994,/node/io_read_mbs,0.000000
1779444562.029,/node/io_read_mbs,0.000000
1779444562.204,/node/io_read_mbs,0.000000
1779444562.497,/node/io_read_mbs,0.000000
1779444562.522,/node/io_read_mbs,0.000000
1779444562.703,/node/io_read_mbs,0.000000
1779444562.995,/node/io_read_mbs,0.000000
1779444563.023,/node/io_read_mbs,0.000000
1779444563.203,/node/io_read_mbs,0.000000
1779444563.493,/node/io_read_mbs,0.000000
1779444563.525,/node/io_read_mbs,0.000000
1779444563.704,/node/io_read_mbs,0.000000
1779444563.995,/node/io_read_mbs,0.000000
1779444564.027,/node/io_read_mbs,0.000000
1779444564.204,/node/io_read_mbs,0.000000
1779444564.494,/node/io_read_mbs,0.000000
1779444564.525,/node/io_read_mbs,0.000000
1779444564.704,/node/io_read_mbs,0.000000
1779444564.993,/node/io_read_mbs,0.000000
1779444565.023,/node/io_read_mbs,0.000000
1779444565.204,/node/io_read_mbs,0.000000
1779444565.492,/node/io_read_mbs,0.000000
1779444565.523,/node/io_read_mbs,0.000000
1779444565.702,/node/io_read_mbs,0.000000
1779444565.993,/node/io_read_mbs,0.000000
1779444566.021,/node/io_read_mbs,0.000000
1779444566.203,/node/io_read_mbs,0.000000
1779444566.492,/node/io_read_mbs,0.000000
1779444566.528,/node/io_read_mbs,0.000000
1779444566.702,/node/io_read_mbs,0.000000
1779444566.993,/node/io_read_mbs,0.000000
1779444567.022,/node/io_read_mbs,0.000000
1779444567.203,/node/io_read_mbs,0.000000
1779444567.495,/node/io_read_mbs,0.000000
1779444567.526,/node/io_read_mbs,0.000000
1779444567.703,/node/io_read_mbs,0.000000
1779444567.993,/node/io_read_mbs,0.000000
1779444568.021,/node/io_read_mbs,0.000000
1779444568.203,/node/io_read_mbs,0.000000
1779444568.494,/node/io_read_mbs,0.000000
1779444568.523,/node/io_read_mbs,0.000000
1779444568.702,/node/io_read_mbs,0.000000
1779444568.992,/node/io_read_mbs,0.000000
1779444569.021,/node/io_read_mbs,0.000000
1779444569.202,/node/io_read_mbs,0.000000
1779444569.492,/node/io_read_mbs,0.000000
1779444569.521,/node/io_read_mbs,0.000000
1779444569.704,/node/io_read_mbs,0.000000
1779444569.994,/node/io_read_mbs,0.000000
1779444570.023,/node/io_read_mbs,0.000000
1779444570.206,/node/io_read_mbs,0.000000
1779444570.492,/node/io_read_mbs,0.000000
1779444570.524,/node/io_read_mbs,0.000000
1779444570.702,/node/io_read_mbs,0.000000
1779444570.994,/node/io_read_mbs,0.000000
1779444571.025,/node/io_read_mbs,0.000000
1779444571.207,/node/io_read_mbs,0.000000
1779444571.492,/node/io_read_mbs,0.000000
1779444571.523,/node/io_read_mbs,0.000000
1779444571.703,/node/io_read_mbs,0.000000
1779444571.991,/node/io_read_mbs,0.000000
1779444572.025,/node/io_read_mbs,0.000000
1779444572.203,/node/io_read_mbs,0.000000
1779444572.492,/node/io_read_mbs,0.000000
1779444572.523,/node/io_read_mbs,0.000000
1779444572.701,/node/io_read_mbs,0.000000
1779444572.991,/node/io_read_mbs,0.000000
1779444573.024,/node/io_read_mbs,0.000000
1779444573.201,/node/io_read_mbs,0.000000
1779444573.492,/node/io_read_mbs,0.000000
1779444573.522,/node/io_read_mbs,0.000000
1779444573.701,/node/io_read_mbs,0.000000
1779444573.994,/node/io_read_mbs,0.000000
1779444574.022,/node/io_read_mbs,0.000000
1779444574.201,/node/io_read_mbs,0.000000
1779444574.492,/node/io_read_mbs,0.000000
1779444574.521,/node/io_read_mbs,0.000000
1779444574.702,/node/io_read_mbs,0.000000
1779444574.992,/node/io_read_mbs,0.000000
1779444575.020,/node/io_read_mbs,0.000000
1779444575.203,/node/io_read_mbs,0.000000
1779444575.494,/node/io_read_mbs,0.000000
1779444575.520,/node/io_read_mbs,0.000000
1779444575.701,/node/io_read_mbs,0.000000
1779444575.993,/node/io_read_mbs,0.000000
1779444576.021,/node/io_read_mbs,0.000000
1779444576.203,/node/io_read_mbs,0.000000
1779444576.491,/node/io_read_mbs,0.000000
1779444576.519,/node/io_read_mbs,0.000000
1779444576.700,/node/io_read_mbs,0.000000
1779444576.993,/node/io_read_mbs,0.000000
1779444577.023,/node/io_read_mbs,0.000000
1779444577.200,/node/io_read_mbs,0.000000
1779444577.491,/node/io_read_mbs,0.000000
1779444577.525,/node/io_read_mbs,0.000000
1779444577.701,/node/io_read_mbs,0.000000
1779444577.991,/node/io_read_mbs,0.000000
1779444578.023,/node/io_read_mbs,0.000000
1779444578.202,/node/io_read_mbs,0.000000
1779444578.494,/node/io_read_mbs,0.000000
1779444578.522,/node/io_read_mbs,0.000000
1779444578.704,/node/io_read_mbs,0.000000
1779444578.992,/node/io_read_mbs,0.000000
1779444579.022,/node/io_read_mbs,0.000000
1779444579.203,/node/io_read_mbs,0.000000
1779444579.493,/node/io_read_mbs,0.000000
1779444579.520,/node/io_read_mbs,0.000000
1779444579.701,/node/io_read_mbs,0.000000
1779444579.991,/node/io_read_mbs,0.000000
1779444580.022,/node/io_read_mbs,0.000000
1779444580.200,/node/io_read_mbs,0.000000
1779444580.493,/node/io_read_mbs,0.000000
1779444580.520,/node/io_read_mbs,0.000000
1779444580.700,/node/io_read_mbs,0.000000
1779444580.991,/node/io_read_mbs,0.000000
1779444581.021,/node/io_read_mbs,0.000000
1779444581.202,/node/io_read_mbs,0.000000
1779444581.491,/node/io_read_mbs,0.000000
1779444581.520,/node/io_read_mbs,0.000000
1779444581.700,/node/io_read_mbs,0.000000
1779444581.991,/node/io_read_mbs,0.000000
1779444582.020,/node/io_read_mbs,0.000000
1779444582.201,/node/io_read_mbs,0.000000
1779444582.492,/node/io_read_mbs,0.000000
1779444582.521,/node/io_read_mbs,0.000000
1779444582.700,/node/io_read_mbs,0.000000
1779444582.992,/node/io_read_mbs,0.000000
1779444583.021,/node/io_read_mbs,0.000000
1779444583.203,/node/io_read_mbs,0.000000
1779444583.490,/node/io_read_mbs,0.000000
1779444583.520,/node/io_read_mbs,0.000000
1779444583.703,/node/io_read_mbs,0.000000
1779444583.990,/node/io_read_mbs,0.000000
1779444584.022,/node/io_read_mbs,0.000000
1779444584.199,/node/io_read_mbs,0.000000
1779444584.491,/node/io_read_mbs,0.000000
1779444584.526,/node/io_read_mbs,0.000000
1779444584.703,/node/io_read_mbs,0.000000
1779444584.991,/node/io_read_mbs,0.000000
1779444585.021,/node/io_read_mbs,0.000000
1779444585.200,/node/io_read_mbs,0.000000
1779444585.490,/node/io_read_mbs,0.000000
1779444585.519,/node/io_read_mbs,0.000000
1779444585.701,/node/io_read_mbs,0.000000
1779444585.991,/node/io_read_mbs,0.000000
1779444586.020,/node/io_read_mbs,0.000000
1779444586.200,/node/io_read_mbs,0.000000
1779444586.489,/node/io_read_mbs,0.000000
1779444586.519,/node/io_read_mbs,0.000000
1779444586.700,/node/io_read_mbs,0.000000
1779444407.021,/node/io_write_mbs,0.000000
1779444407.049,/node/io_write_mbs,0.000000
1779444407.239,/node/io_write_mbs,0.000000
1779444407.522,/node/io_write_mbs,0.000000
1779444407.549,/node/io_write_mbs,0.000000
1779444407.732,/node/io_write_mbs,0.000000
1779444408.024,/node/io_write_mbs,0.000000
1779444408.051,/node/io_write_mbs,0.000000
1779444408.239,/node/io_write_mbs,0.000000
1779444408.531,/node/io_write_mbs,0.000000
1779444408.552,/node/io_write_mbs,0.000000
1779444408.728,/node/io_write_mbs,0.000000
1779444409.023,/node/io_write_mbs,0.000000
1779444409.053,/node/io_write_mbs,0.000000
1779444409.232,/node/io_write_mbs,0.000000
1779444409.522,/node/io_write_mbs,0.000000
1779444409.548,/node/io_write_mbs,0.000000
1779444409.740,/node/io_write_mbs,0.000000
1779444410.020,/node/io_write_mbs,0.000000
1779444410.050,/node/io_write_mbs,0.000000
1779444410.239,/node/io_write_mbs,0.000000
1779444410.519,/node/io_write_mbs,0.000000
1779444410.549,/node/io_write_mbs,0.000000
1779444410.731,/node/io_write_mbs,0.046865
1779444411.020,/node/io_write_mbs,0.046872
1779444411.048,/node/io_write_mbs,0.046959
1779444411.231,/node/io_write_mbs,0.000000
1779444411.522,/node/io_write_mbs,0.000000
1779444411.554,/node/io_write_mbs,0.000000
1779444411.729,/node/io_write_mbs,0.000000
1779444412.019,/node/io_write_mbs,0.000000
1779444412.048,/node/io_write_mbs,0.000000
1779444412.243,/node/io_write_mbs,0.000000
1779444412.520,/node/io_write_mbs,0.000000
1779444412.548,/node/io_write_mbs,0.000000
1779444412.732,/node/io_write_mbs,0.000000
1779444413.020,/node/io_write_mbs,0.000000
1779444413.048,/node/io_write_mbs,0.000000
1779444413.235,/node/io_write_mbs,0.000000
1779444413.520,/node/io_write_mbs,0.000000
1779444413.559,/node/io_write_mbs,0.000000
1779444413.731,/node/io_write_mbs,0.000000
1779444414.031,/node/io_write_mbs,0.000000
1779444414.048,/node/io_write_mbs,0.000000
1779444414.231,/node/io_write_mbs,0.000000
1779444414.520,/node/io_write_mbs,0.000000
1779444414.548,/node/io_write_mbs,0.000000
1779444414.731,/node/io_write_mbs,0.000000
1779444415.019,/node/io_write_mbs,0.000000
1779444415.048,/node/io_write_mbs,0.000000
1779444415.226,/node/io_write_mbs,0.000000
1779444415.518,/node/io_write_mbs,0.000000
1779444415.547,/node/io_write_mbs,0.000000
1779444415.729,/node/io_write_mbs,0.046884
1779444416.017,/node/io_write_mbs,0.046865
1779444416.051,/node/io_write_mbs,0.047028
1779444416.230,/node/io_write_mbs,0.000000
1779444416.522,/node/io_write_mbs,0.000000
1779444416.546,/node/io_write_mbs,0.000000
1779444416.733,/node/io_write_mbs,0.000000
1779444417.018,/node/io_write_mbs,0.000000
1779444417.049,/node/io_write_mbs,0.000000
1779444417.229,/node/io_write_mbs,0.000000
1779444417.515,/node/io_write_mbs,0.000000
1779444417.546,/node/io_write_mbs,0.000000
1779444417.730,/node/io_write_mbs,0.000000
1779444418.016,/node/io_write_mbs,0.000000
1779444418.057,/node/io_write_mbs,0.000000
1779444418.237,/node/io_write_mbs,0.000000
1779444418.519,/node/io_write_mbs,0.000000
1779444418.547,/node/io_write_mbs,0.000000
1779444418.727,/node/io_write_mbs,0.000000
1779444419.017,/node/io_write_mbs,0.000000
1779444419.047,/node/io_write_mbs,0.000000
1779444419.227,/node/io_write_mbs,0.000000
1779444419.517,/node/io_write_mbs,0.000000
1779444419.547,/node/io_write_mbs,0.000000
1779444419.727,/node/io_write_mbs,0.000000
1779444420.017,/node/io_write_mbs,0.000000
1779444420.056,/node/io_write_mbs,0.000000
1779444420.227,/node/io_write_mbs,0.000000
1779444420.517,/node/io_write_mbs,0.000000
1779444420.547,/node/io_write_mbs,0.000000
1779444420.729,/node/io_write_mbs,0.062568
1779444421.015,/node/io_write_mbs,0.062589
1779444421.044,/node/io_write_mbs,0.062432
1779444421.238,/node/io_write_mbs,0.000000
1779444421.517,/node/io_write_mbs,0.000000
1779444421.550,/node/io_write_mbs,0.000000
1779444421.726,/node/io_write_mbs,0.000000
1779444422.015,/node/io_write_mbs,0.000000
1779444422.046,/node/io_write_mbs,0.000000
1779444422.237,/node/io_write_mbs,0.000000
1779444422.515,/node/io_write_mbs,0.000000
1779444422.548,/node/io_write_mbs,0.000000
1779444422.727,/node/io_write_mbs,0.000000
1779444423.015,/node/io_write_mbs,0.000000
1779444423.047,/node/io_write_mbs,0.000000
1779444423.228,/node/io_write_mbs,0.000000
1779444423.519,/node/io_write_mbs,0.000000
1779444423.546,/node/io_write_mbs,0.000000
1779444423.727,/node/io_write_mbs,0.000000
1779444424.022,/node/io_write_mbs,0.000000
1779444424.045,/node/io_write_mbs,0.000000
1779444424.229,/node/io_write_mbs,0.000000
1779444424.517,/node/io_write_mbs,0.000000
1779444424.545,/node/io_write_mbs,0.000000
1779444424.726,/node/io_write_mbs,0.000000
1779444425.018,/node/io_write_mbs,0.000000
1779444425.045,/node/io_write_mbs,0.000000
1779444425.227,/node/io_write_mbs,0.000000
1779444425.518,/node/io_write_mbs,0.000000
1779444425.546,/node/io_write_mbs,0.000000
1779444425.727,/node/io_write_mbs,0.000000
1779444426.019,/node/io_write_mbs,0.000000
1779444426.045,/node/io_write_mbs,0.000000
1779444426.227,/node/io_write_mbs,0.000000
1779444426.521,/node/io_write_mbs,0.015632
1779444426.554,/node/io_write_mbs,0.015633
1779444426.725,/node/io_write_mbs,0.015627
1779444427.015,/node/io_write_mbs,0.000000
1779444427.045,/node/io_write_mbs,0.000000
1779444427.226,/node/io_write_mbs,0.000000
1779444427.514,/node/io_write_mbs,0.000000
1779444427.544,/node/io_write_mbs,0.000000
1779444427.728,/node/io_write_mbs,0.000000
1779444428.016,/node/io_write_mbs,0.000000
1779444428.043,/node/io_write_mbs,0.000000
1779444428.226,/node/io_write_mbs,0.000000
1779444428.515,/node/io_write_mbs,0.000000
1779444428.544,/node/io_write_mbs,0.000000
1779444428.725,/node/io_write_mbs,0.000000
1779444429.014,/node/io_write_mbs,0.000000
1779444429.045,/node/io_write_mbs,0.000000
1779444429.224,/node/io_write_mbs,0.000000
1779444429.514,/node/io_write_mbs,0.000000
1779444429.545,/node/io_write_mbs,0.000000
1779444429.726,/node/io_write_mbs,0.000000
1779444430.014,/node/io_write_mbs,0.000000
1779444430.043,/node/io_write_mbs,0.000000
1779444430.226,/node/io_write_mbs,0.000000
1779444430.515,/node/io_write_mbs,0.031288
1779444430.543,/node/io_write_mbs,0.031236
1779444430.727,/node/io_write_mbs,0.140630
1779444431.013,/node/io_write_mbs,0.109307
1779444431.047,/node/io_write_mbs,0.108882
1779444431.226,/node/io_write_mbs,0.000000
1779444431.517,/node/io_write_mbs,0.000000
1779444431.543,/node/io_write_mbs,0.000000
1779444431.726,/node/io_write_mbs,0.000000
1779444432.015,/node/io_write_mbs,0.000000
1779444432.043,/node/io_write_mbs,0.000000
1779444432.224,/node/io_write_mbs,0.000000
1779444432.513,/node/io_write_mbs,0.000000
1779444432.545,/node/io_write_mbs,0.000000
1779444432.722,/node/io_write_mbs,0.000000
1779444433.013,/node/io_write_mbs,0.000000
1779444433.044,/node/io_write_mbs,0.000000
1779444433.223,/node/io_write_mbs,0.000000
1779444433.513,/node/io_write_mbs,0.000000
1779444433.543,/node/io_write_mbs,0.000000
1779444433.728,/node/io_write_mbs,0.000000
1779444434.013,/node/io_write_mbs,0.000000
1779444434.044,/node/io_write_mbs,0.000000
1779444434.223,/node/io_write_mbs,0.000000
1779444434.513,/node/io_write_mbs,0.000000
1779444434.544,/node/io_write_mbs,0.000000
1779444434.726,/node/io_write_mbs,0.000000
1779444435.013,/node/io_write_mbs,0.000000
1779444435.046,/node/io_write_mbs,0.000000
1779444435.222,/node/io_write_mbs,0.000000
1779444435.514,/node/io_write_mbs,0.000000
1779444435.546,/node/io_write_mbs,0.000000
1779444435.723,/node/io_write_mbs,0.109380
1779444436.016,/node/io_write_mbs,0.109280
1779444436.042,/node/io_write_mbs,0.109346
1779444436.225,/node/io_write_mbs,0.000000
1779444436.513,/node/io_write_mbs,0.000000
1779444436.547,/node/io_write_mbs,0.000000
1779444436.724,/node/io_write_mbs,0.000000
1779444437.014,/node/io_write_mbs,0.000000
1779444437.045,/node/io_write_mbs,0.000000
1779444437.224,/node/io_write_mbs,0.000000
1779444437.515,/node/io_write_mbs,0.000000
1779444437.542,/node/io_write_mbs,0.000000
1779444437.725,/node/io_write_mbs,0.000000
1779444438.014,/node/io_write_mbs,0.000000
1779444438.042,/node/io_write_mbs,0.000000
1779444438.224,/node/io_write_mbs,0.000000
1779444438.512,/node/io_write_mbs,0.000000
1779444438.542,/node/io_write_mbs,0.000000
1779444438.726,/node/io_write_mbs,0.000000
1779444439.012,/node/io_write_mbs,0.000000
1779444439.045,/node/io_write_mbs,0.000000
1779444439.224,/node/io_write_mbs,0.000000
1779444439.514,/node/io_write_mbs,0.000000
1779444439.542,/node/io_write_mbs,0.000000
1779444439.723,/node/io_write_mbs,0.000000
1779444440.012,/node/io_write_mbs,0.000000
1779444440.045,/node/io_write_mbs,0.000000
1779444440.224,/node/io_write_mbs,0.000000
1779444440.512,/node/io_write_mbs,0.000000
1779444440.543,/node/io_write_mbs,0.000000
1779444440.722,/node/io_write_mbs,0.062490
1779444441.012,/node/io_write_mbs,0.062492
1779444441.043,/node/io_write_mbs,0.062472
1779444441.224,/node/io_write_mbs,0.000000
1779444441.512,/node/io_write_mbs,0.000000
1779444441.545,/node/io_write_mbs,0.000000
1779444441.722,/node/io_write_mbs,0.000000
1779444442.014,/node/io_write_mbs,0.000000
1779444442.043,/node/io_write_mbs,0.000000
1779444442.222,/node/io_write_mbs,0.000000
1779444442.512,/node/io_write_mbs,0.000000
1779444442.543,/node/io_write_mbs,0.000000
1779444442.724,/node/io_write_mbs,0.000000
1779444443.012,/node/io_write_mbs,0.000000
1779444443.043,/node/io_write_mbs,0.000000
1779444443.224,/node/io_write_mbs,0.000000
1779444443.511,/node/io_write_mbs,0.000000
1779444443.542,/node/io_write_mbs,0.000000
1779444443.722,/node/io_write_mbs,0.000000
1779444444.013,/node/io_write_mbs,0.000000
1779444444.043,/node/io_write_mbs,0.000000
1779444444.222,/node/io_write_mbs,0.000000
1779444444.511,/node/io_write_mbs,0.000000
1779444444.542,/node/io_write_mbs,0.000000
1779444444.722,/node/io_write_mbs,0.000000
1779444445.013,/node/io_write_mbs,0.000000
1779444445.043,/node/io_write_mbs,0.000000
1779444445.223,/node/io_write_mbs,0.000000
1779444445.511,/node/io_write_mbs,0.000000
1779444445.541,/node/io_write_mbs,0.000000
1779444445.721,/node/io_write_mbs,0.046970
1779444446.011,/node/io_write_mbs,0.046881
1779444446.041,/node/io_write_mbs,0.046819
1779444446.223,/node/io_write_mbs,0.000000
1779444446.514,/node/io_write_mbs,0.000000
1779444446.542,/node/io_write_mbs,0.000000
1779444446.721,/node/io_write_mbs,0.000000
1779444447.011,/node/io_write_mbs,0.000000
1779444447.044,/node/io_write_mbs,0.000000
1779444447.224,/node/io_write_mbs,0.000000
1779444447.511,/node/io_write_mbs,0.000000
1779444447.542,/node/io_write_mbs,0.000000
1779444447.722,/node/io_write_mbs,0.000000
1779444448.014,/node/io_write_mbs,0.000000
1779444448.044,/node/io_write_mbs,0.000000
1779444448.221,/node/io_write_mbs,0.000000
1779444448.511,/node/io_write_mbs,0.000000
1779444448.546,/node/io_write_mbs,0.000000
1779444448.721,/node/io_write_mbs,0.000000
1779444449.010,/node/io_write_mbs,0.000000
1779444449.041,/node/io_write_mbs,0.000000
1779444449.223,/node/io_write_mbs,0.000000
1779444449.514,/node/io_write_mbs,0.000000
1779444449.542,/node/io_write_mbs,0.000000
1779444449.722,/node/io_write_mbs,0.000000
1779444450.012,/node/io_write_mbs,0.000000
1779444450.040,/node/io_write_mbs,0.000000
1779444450.221,/node/io_write_mbs,0.000000
1779444450.512,/node/io_write_mbs,0.000000
1779444450.540,/node/io_write_mbs,0.000000
1779444450.722,/node/io_write_mbs,0.046930
1779444451.013,/node/io_write_mbs,0.046867
1779444451.042,/node/io_write_mbs,0.046733
1779444451.233,/node/io_write_mbs,0.000000
1779444451.510,/node/io_write_mbs,0.000000
1779444451.540,/node/io_write_mbs,0.000000
1779444451.722,/node/io_write_mbs,0.000000
1779444452.010,/node/io_write_mbs,0.000000
1779444452.039,/node/io_write_mbs,0.000000
1779444452.221,/node/io_write_mbs,0.000000
1779444452.512,/node/io_write_mbs,0.000000
1779444452.541,/node/io_write_mbs,0.000000
1779444452.722,/node/io_write_mbs,0.000000
1779444453.010,/node/io_write_mbs,0.000000
1779444453.039,/node/io_write_mbs,0.000000
1779444453.222,/node/io_write_mbs,0.000000
1779444453.516,/node/io_write_mbs,0.000000
1779444453.543,/node/io_write_mbs,0.000000
1779444453.722,/node/io_write_mbs,0.000000
1779444454.012,/node/io_write_mbs,0.000000
1779444454.041,/node/io_write_mbs,0.000000
1779444454.233,/node/io_write_mbs,0.000000
1779444454.513,/node/io_write_mbs,0.000000
1779444454.541,/node/io_write_mbs,0.000000
1779444454.720,/node/io_write_mbs,0.000000
1779444455.012,/node/io_write_mbs,0.000000
1779444455.040,/node/io_write_mbs,0.000000
1779444455.220,/node/io_write_mbs,0.000000
1779444455.515,/node/io_write_mbs,0.000000
1779444455.539,/node/io_write_mbs,0.000000
1779444455.720,/node/io_write_mbs,0.046940
1779444456.011,/node/io_write_mbs,0.046866
1779444456.040,/node/io_write_mbs,0.046885
1779444456.223,/node/io_write_mbs,0.000000
1779444456.511,/node/io_write_mbs,0.000000
1779444456.539,/node/io_write_mbs,0.000000
1779444456.721,/node/io_write_mbs,0.000000
1779444457.010,/node/io_write_mbs,0.000000
1779444457.043,/node/io_write_mbs,0.000000
1779444457.220,/node/io_write_mbs,0.000000
1779444457.512,/node/io_write_mbs,0.000000
1779444457.540,/node/io_write_mbs,0.000000
1779444457.723,/node/io_write_mbs,0.000000
1779444458.009,/node/io_write_mbs,0.000000
1779444458.038,/node/io_write_mbs,0.000000
1779444458.221,/node/io_write_mbs,0.000000
1779444458.512,/node/io_write_mbs,0.000000
1779444458.540,/node/io_write_mbs,0.000000
1779444458.721,/node/io_write_mbs,0.000000
1779444459.009,/node/io_write_mbs,0.000000
1779444459.039,/node/io_write_mbs,0.000000
1779444459.233,/node/io_write_mbs,0.000000
1779444459.509,/node/io_write_mbs,0.000000
1779444459.540,/node/io_write_mbs,0.000000
1779444459.721,/node/io_write_mbs,0.000000
1779444460.010,/node/io_write_mbs,0.000000
1779444460.039,/node/io_write_mbs,0.000000
1779444460.221,/node/io_write_mbs,0.000000
1779444460.512,/node/io_write_mbs,0.000000
1779444460.540,/node/io_write_mbs,0.000000
1779444460.721,/node/io_write_mbs,0.062589
1779444461.014,/node/io_write_mbs,0.062533
1779444461.040,/node/io_write_mbs,0.062520
1779444461.219,/node/io_write_mbs,0.000000
1779444461.510,/node/io_write_mbs,0.015617
1779444461.541,/node/io_write_mbs,0.015591
1779444461.719,/node/io_write_mbs,0.015619
1779444462.010,/node/io_write_mbs,0.000000
1779444462.038,/node/io_write_mbs,0.000000
1779444462.230,/node/io_write_mbs,0.000000
1779444462.510,/node/io_write_mbs,0.000000
1779444462.538,/node/io_write_mbs,0.000000
1779444462.720,/node/io_write_mbs,0.000000
1779444463.021,/node/io_write_mbs,0.000000
1779444463.040,/node/io_write_mbs,0.000000
1779444463.220,/node/io_write_mbs,0.000000
1779444463.508,/node/io_write_mbs,0.000000
1779444463.543,/node/io_write_mbs,0.000000
1779444463.720,/node/io_write_mbs,0.000000
1779444464.010,/node/io_write_mbs,0.000000
1779444464.038,/node/io_write_mbs,0.000000
1779444464.222,/node/io_write_mbs,0.000000
1779444464.508,/node/io_write_mbs,0.000000
1779444464.538,/node/io_write_mbs,0.000000
1779444464.720,/node/io_write_mbs,0.000000
1779444465.009,/node/io_write_mbs,0.000000
1779444465.038,/node/io_write_mbs,0.000000
1779444465.220,/node/io_write_mbs,0.000000
1779444465.507,/node/io_write_mbs,0.000000
1779444465.538,/node/io_write_mbs,0.000000
1779444465.719,/node/io_write_mbs,0.046879
1779444466.008,/node/io_write_mbs,0.046877
1779444466.039,/node/io_write_mbs,0.046873
1779444466.218,/node/io_write_mbs,0.000000
1779444466.508,/node/io_write_mbs,0.000000
1779444466.539,/node/io_write_mbs,0.000000
1779444466.720,/node/io_write_mbs,0.000000
1779444467.011,/node/io_write_mbs,0.000000
1779444467.048,/node/io_write_mbs,0.000000
1779444467.218,/node/io_write_mbs,0.000000
1779444467.509,/node/io_write_mbs,0.000000
1779444467.549,/node/io_write_mbs,0.000000
1779444467.718,/node/io_write_mbs,0.000000
1779444468.010,/node/io_write_mbs,0.000000
1779444468.038,/node/io_write_mbs,0.000000
1779444468.218,/node/io_write_mbs,0.000000
1779444468.509,/node/io_write_mbs,0.000000
1779444468.537,/node/io_write_mbs,0.000000
1779444468.723,/node/io_write_mbs,0.000000
1779444469.009,/node/io_write_mbs,0.000000
1779444469.037,/node/io_write_mbs,0.000000
1779444469.220,/node/io_write_mbs,0.000000
1779444469.511,/node/io_write_mbs,0.000000
1779444469.539,/node/io_write_mbs,0.000000
1779444469.718,/node/io_write_mbs,0.000000
1779444470.007,/node/io_write_mbs,0.000000
1779444470.037,/node/io_write_mbs,0.000000
1779444470.219,/node/io_write_mbs,0.000000
1779444470.508,/node/io_write_mbs,0.000000
1779444470.541,/node/io_write_mbs,0.000000
1779444470.721,/node/io_write_mbs,0.078220
1779444471.007,/node/io_write_mbs,0.078114
1779444471.040,/node/io_write_mbs,0.078085
1779444471.219,/node/io_write_mbs,0.000000
1779444471.510,/node/io_write_mbs,0.000000
1779444471.538,/node/io_write_mbs,0.000000
1779444471.719,/node/io_write_mbs,0.000000
1779444472.008,/node/io_write_mbs,0.000000
1779444472.038,/node/io_write_mbs,0.000000
1779444472.219,/node/io_write_mbs,0.000000
1779444472.507,/node/io_write_mbs,0.000000
1779444472.538,/node/io_write_mbs,0.000000
1779444472.719,/node/io_write_mbs,0.000000
1779444473.006,/node/io_write_mbs,0.000000
1779444473.038,/node/io_write_mbs,0.000000
1779444473.217,/node/io_write_mbs,0.000000
1779444473.508,/node/io_write_mbs,0.000000
1779444473.538,/node/io_write_mbs,0.000000
1779444473.717,/node/io_write_mbs,0.000000
1779444474.008,/node/io_write_mbs,0.000000
1779444474.038,/node/io_write_mbs,0.000000
1779444474.217,/node/io_write_mbs,0.000000
1779444474.508,/node/io_write_mbs,0.000000
1779444474.536,/node/io_write_mbs,0.000000
1779444474.718,/node/io_write_mbs,0.000000
1779444475.008,/node/io_write_mbs,0.000000
1779444475.036,/node/io_write_mbs,0.000000
1779444475.218,/node/io_write_mbs,0.000000
1779444475.506,/node/io_write_mbs,0.000000
1779444475.538,/node/io_write_mbs,0.000000
1779444475.717,/node/io_write_mbs,0.046847
1779444476.006,/node/io_write_mbs,0.046875
1779444476.038,/node/io_write_mbs,0.046913
1779444476.218,/node/io_write_mbs,0.000000
1779444476.506,/node/io_write_mbs,0.000000
1779444476.537,/node/io_write_mbs,0.000000
1779444476.720,/node/io_write_mbs,0.000000
1779444477.006,/node/io_write_mbs,0.000000
1779444477.039,/node/io_write_mbs,0.000000
1779444477.216,/node/io_write_mbs,0.000000
1779444477.507,/node/io_write_mbs,0.000000
1779444477.539,/node/io_write_mbs,0.000000
1779444477.718,/node/io_write_mbs,0.000000
1779444478.006,/node/io_write_mbs,0.000000
1779444478.038,/node/io_write_mbs,0.000000
1779444478.218,/node/io_write_mbs,0.000000
1779444478.506,/node/io_write_mbs,0.000000
1779444478.541,/node/io_write_mbs,0.000000
1779444478.730,/node/io_write_mbs,0.000000
1779444479.006,/node/io_write_mbs,0.000000
1779444479.037,/node/io_write_mbs,0.000000
1779444479.218,/node/io_write_mbs,0.000000
1779444479.506,/node/io_write_mbs,0.000000
1779444479.535,/node/io_write_mbs,0.000000
1779444479.716,/node/io_write_mbs,0.000000
1779444480.011,/node/io_write_mbs,0.000000
1779444480.037,/node/io_write_mbs,0.000000
1779444480.216,/node/io_write_mbs,0.000000
1779444480.509,/node/io_write_mbs,0.000000
1779444480.537,/node/io_write_mbs,0.000000
1779444480.716,/node/io_write_mbs,0.062491
1779444481.007,/node/io_write_mbs,0.062532
1779444481.034,/node/io_write_mbs,0.062469
1779444481.214,/node/io_write_mbs,0.000000
1779444481.507,/node/io_write_mbs,0.000000
1779444481.547,/node/io_write_mbs,0.000000
1779444481.716,/node/io_write_mbs,0.000000
1779444482.007,/node/io_write_mbs,0.000000
1779444482.037,/node/io_write_mbs,0.000000
1779444482.215,/node/io_write_mbs,0.000000
1779444482.507,/node/io_write_mbs,0.000000
1779444482.536,/node/io_write_mbs,0.000000
1779444482.719,/node/io_write_mbs,0.000000
1779444483.019,/node/io_write_mbs,0.000000
1779444483.038,/node/io_write_mbs,0.000000
1779444483.215,/node/io_write_mbs,0.000000
1779444483.505,/node/io_write_mbs,0.000000
1779444483.535,/node/io_write_mbs,0.000000
1779444483.717,/node/io_write_mbs,0.000000
1779444484.006,/node/io_write_mbs,0.000000
1779444484.036,/node/io_write_mbs,0.000000
1779444484.218,/node/io_write_mbs,0.000000
1779444484.507,/node/io_write_mbs,0.000000
1779444484.535,/node/io_write_mbs,0.000000
1779444484.717,/node/io_write_mbs,0.000000
1779444485.005,/node/io_write_mbs,0.000000
1779444485.036,/node/io_write_mbs,0.000000
1779444485.216,/node/io_write_mbs,0.000000
1779444485.508,/node/io_write_mbs,0.000000
1779444485.536,/node/io_write_mbs,0.000000
1779444485.715,/node/io_write_mbs,0.046926
1779444486.005,/node/io_write_mbs,0.046975
1779444486.036,/node/io_write_mbs,0.046774
1779444486.215,/node/io_write_mbs,0.000000
1779444486.506,/node/io_write_mbs,0.000000
1779444486.534,/node/io_write_mbs,0.000000
1779444486.718,/node/io_write_mbs,0.000000
1779444487.006,/node/io_write_mbs,0.000000
1779444487.034,/node/io_write_mbs,0.000000
1779444487.216,/node/io_write_mbs,0.000000
1779444487.508,/node/io_write_mbs,0.000000
1779444487.534,/node/io_write_mbs,0.000000
1779444487.715,/node/io_write_mbs,0.000000
1779444488.005,/node/io_write_mbs,0.000000
1779444488.035,/node/io_write_mbs,0.000000
1779444488.215,/node/io_write_mbs,0.000000
1779444488.507,/node/io_write_mbs,0.000000
1779444488.534,/node/io_write_mbs,0.000000
1779444488.716,/node/io_write_mbs,0.000000
1779444489.004,/node/io_write_mbs,0.000000
1779444489.039,/node/io_write_mbs,0.000000
1779444489.226,/node/io_write_mbs,0.000000
1779444489.504,/node/io_write_mbs,0.000000
1779444489.537,/node/io_write_mbs,0.000000
1779444489.716,/node/io_write_mbs,0.000000
1779444490.008,/node/io_write_mbs,0.000000
1779444490.034,/node/io_write_mbs,0.000000
1779444490.217,/node/io_write_mbs,0.000000
1779444490.507,/node/io_write_mbs,0.000000
1779444490.535,/node/io_write_mbs,0.000000
1779444490.716,/node/io_write_mbs,0.046914
1779444491.005,/node/io_write_mbs,0.046869
1779444491.033,/node/io_write_mbs,0.046906
1779444491.214,/node/io_write_mbs,0.000000
1779444491.505,/node/io_write_mbs,0.000000
1779444491.535,/node/io_write_mbs,0.000000
1779444491.714,/node/io_write_mbs,0.000000
1779444492.005,/node/io_write_mbs,0.000000
1779444492.032,/node/io_write_mbs,0.000000
1779444492.217,/node/io_write_mbs,0.000000
1779444492.504,/node/io_write_mbs,0.000000
1779444492.533,/node/io_write_mbs,0.000000
1779444492.714,/node/io_write_mbs,0.000000
1779444493.007,/node/io_write_mbs,0.000000
1779444493.033,/node/io_write_mbs,0.000000
1779444493.214,/node/io_write_mbs,0.000000
1779444493.504,/node/io_write_mbs,0.000000
1779444493.535,/node/io_write_mbs,0.000000
1779444493.714,/node/io_write_mbs,0.000000
1779444494.005,/node/io_write_mbs,0.000000
1779444494.035,/node/io_write_mbs,0.000000
1779444494.216,/node/io_write_mbs,0.000000
1779444494.503,/node/io_write_mbs,0.000000
1779444494.535,/node/io_write_mbs,0.000000
1779444494.715,/node/io_write_mbs,0.000000
1779444495.004,/node/io_write_mbs,0.000000
1779444495.034,/node/io_write_mbs,0.000000
1779444495.216,/node/io_write_mbs,0.000000
1779444495.503,/node/io_write_mbs,0.000000
1779444495.532,/node/io_write_mbs,0.000000
1779444495.717,/node/io_write_mbs,0.046856
1779444496.007,/node/io_write_mbs,0.046873
1779444496.035,/node/io_write_mbs,0.046880
1779444496.215,/node/io_write_mbs,0.000000
1779444496.503,/node/io_write_mbs,0.031236
1779444496.533,/node/io_write_mbs,0.031235
1779444496.713,/node/io_write_mbs,0.031333
1779444497.003,/node/io_write_mbs,0.000000
1779444497.035,/node/io_write_mbs,0.000000
1779444497.214,/node/io_write_mbs,0.000000
1779444497.503,/node/io_write_mbs,0.000000
1779444497.534,/node/io_write_mbs,0.000000
1779444497.715,/node/io_write_mbs,0.000000
1779444498.004,/node/io_write_mbs,0.000000
1779444498.032,/node/io_write_mbs,0.000000
1779444498.213,/node/io_write_mbs,0.000000
1779444498.504,/node/io_write_mbs,0.000000
1779444498.532,/node/io_write_mbs,0.000000
1779444498.714,/node/io_write_mbs,0.000000
1779444499.004,/node/io_write_mbs,0.000000
1779444499.032,/node/io_write_mbs,0.000000
1779444499.213,/node/io_write_mbs,0.000000
1779444499.506,/node/io_write_mbs,0.000000
1779444499.532,/node/io_write_mbs,0.000000
1779444499.715,/node/io_write_mbs,0.000000
1779444500.002,/node/io_write_mbs,0.000000
1779444500.032,/node/io_write_mbs,0.000000
1779444500.213,/node/io_write_mbs,0.000000
1779444500.504,/node/io_write_mbs,0.000000
1779444500.532,/node/io_write_mbs,0.000000
1779444500.713,/node/io_write_mbs,0.109118
1779444501.005,/node/io_write_mbs,0.109180
1779444501.035,/node/io_write_mbs,0.109348
1779444501.213,/node/io_write_mbs,0.000000
1779444501.504,/node/io_write_mbs,0.000000
1779444501.535,/node/io_write_mbs,0.000000
1779444501.725,/node/io_write_mbs,0.000000
1779444502.002,/node/io_write_mbs,0.000000
1779444502.033,/node/io_write_mbs,0.000000
1779444502.216,/node/io_write_mbs,0.000000
1779444502.504,/node/io_write_mbs,0.000000
1779444502.533,/node/io_write_mbs,0.000000
1779444502.717,/node/io_write_mbs,0.000000
1779444503.003,/node/io_write_mbs,0.000000
1779444503.033,/node/io_write_mbs,0.000000
1779444503.212,/node/io_write_mbs,0.000000
1779444503.505,/node/io_write_mbs,0.000000
1779444503.532,/node/io_write_mbs,0.000000
1779444503.717,/node/io_write_mbs,0.000000
1779444504.002,/node/io_write_mbs,0.000000
1779444504.033,/node/io_write_mbs,0.000000
1779444504.212,/node/io_write_mbs,0.000000
1779444504.503,/node/io_write_mbs,0.000000
1779444504.531,/node/io_write_mbs,0.000000
1779444504.712,/node/io_write_mbs,0.000000
1779444505.003,/node/io_write_mbs,0.000000
1779444505.031,/node/io_write_mbs,0.000000
1779444505.214,/node/io_write_mbs,0.000000
1779444505.504,/node/io_write_mbs,0.000000
1779444505.533,/node/io_write_mbs,0.000000
1779444505.712,/node/io_write_mbs,0.046871
1779444506.004,/node/io_write_mbs,0.046881
1779444506.031,/node/io_write_mbs,0.046871
1779444506.213,/node/io_write_mbs,0.000000
1779444506.503,/node/io_write_mbs,0.000000
1779444506.531,/node/io_write_mbs,0.000000
1779444506.714,/node/io_write_mbs,0.000000
1779444507.003,/node/io_write_mbs,0.000000
1779444507.033,/node/io_write_mbs,0.000000
1779444507.212,/node/io_write_mbs,0.000000
1779444507.504,/node/io_write_mbs,0.000000
1779444507.534,/node/io_write_mbs,0.000000
1779444507.713,/node/io_write_mbs,0.000000
1779444508.001,/node/io_write_mbs,0.000000
1779444508.032,/node/io_write_mbs,0.000000
1779444508.213,/node/io_write_mbs,0.000000
1779444508.504,/node/io_write_mbs,0.000000
1779444508.532,/node/io_write_mbs,0.000000
1779444508.711,/node/io_write_mbs,0.000000
1779444509.001,/node/io_write_mbs,0.000000
1779444509.031,/node/io_write_mbs,0.000000
1779444509.213,/node/io_write_mbs,0.000000
1779444509.503,/node/io_write_mbs,0.000000
1779444509.532,/node/io_write_mbs,0.000000
1779444509.714,/node/io_write_mbs,0.000000
1779444510.002,/node/io_write_mbs,0.000000
1779444510.031,/node/io_write_mbs,0.000000
1779444510.216,/node/io_write_mbs,0.000000
1779444510.503,/node/io_write_mbs,0.000000
1779444510.532,/node/io_write_mbs,0.000000
1779444510.715,/node/io_write_mbs,0.062402
1779444511.001,/node/io_write_mbs,0.062473
1779444511.032,/node/io_write_mbs,0.062472
1779444511.213,/node/io_write_mbs,0.000000
1779444511.503,/node/io_write_mbs,0.000000
1779444511.531,/node/io_write_mbs,0.000000
1779444511.714,/node/io_write_mbs,0.000000
1779444512.001,/node/io_write_mbs,0.000000
1779444512.032,/node/io_write_mbs,0.000000
1779444512.213,/node/io_write_mbs,0.000000
1779444512.503,/node/io_write_mbs,0.000000
1779444512.532,/node/io_write_mbs,0.000000
1779444512.712,/node/io_write_mbs,0.000000
1779444513.003,/node/io_write_mbs,0.000000
1779444513.032,/node/io_write_mbs,0.000000
1779444513.215,/node/io_write_mbs,0.000000
1779444513.501,/node/io_write_mbs,0.000000
1779444513.531,/node/io_write_mbs,0.000000
1779444513.713,/node/io_write_mbs,0.000000
1779444514.001,/node/io_write_mbs,0.000000
1779444514.036,/node/io_write_mbs,0.000000
1779444514.213,/node/io_write_mbs,0.000000
1779444514.504,/node/io_write_mbs,0.000000
1779444514.532,/node/io_write_mbs,0.000000
1779444514.713,/node/io_write_mbs,0.000000
1779444515.013,/node/io_write_mbs,0.000000
1779444515.030,/node/io_write_mbs,0.000000
1779444515.214,/node/io_write_mbs,0.000000
1779444515.506,/node/io_write_mbs,0.000000
1779444515.534,/node/io_write_mbs,0.000000
1779444515.713,/node/io_write_mbs,0.109370
1779444516.004,/node/io_write_mbs,0.109338
1779444516.032,/node/io_write_mbs,0.109548
1779444516.211,/node/io_write_mbs,0.000000
1779444516.502,/node/io_write_mbs,0.000000
1779444516.530,/node/io_write_mbs,0.000000
1779444516.711,/node/io_write_mbs,0.000000
1779444517.003,/node/io_write_mbs,0.000000
1779444517.032,/node/io_write_mbs,0.000000
1779444517.211,/node/io_write_mbs,0.000000
1779444517.500,/node/io_write_mbs,0.000000
1779444517.530,/node/io_write_mbs,0.000000
1779444517.711,/node/io_write_mbs,0.000000
1779444518.002,/node/io_write_mbs,0.000000
1779444518.030,/node/io_write_mbs,0.000000
1779444518.211,/node/io_write_mbs,0.000000
1779444518.502,/node/io_write_mbs,0.000000
1779444518.530,/node/io_write_mbs,0.000000
1779444518.712,/node/io_write_mbs,0.000000
1779444519.001,/node/io_write_mbs,0.000000
1779444519.033,/node/io_write_mbs,0.000000
1779444519.212,/node/io_write_mbs,0.000000
1779444519.501,/node/io_write_mbs,0.000000
1779444519.533,/node/io_write_mbs,0.000000
1779444519.712,/node/io_write_mbs,0.000000
1779444520.000,/node/io_write_mbs,0.000000
1779444520.031,/node/io_write_mbs,0.000000
1779444520.214,/node/io_write_mbs,0.000000
1779444520.500,/node/io_write_mbs,0.000000
1779444520.531,/node/io_write_mbs,0.000000
1779444520.712,/node/io_write_mbs,0.062533
1779444521.000,/node/io_write_mbs,0.062486
1779444521.030,/node/io_write_mbs,0.062512
1779444521.210,/node/io_write_mbs,0.000000
1779444521.501,/node/io_write_mbs,0.000000
1779444521.529,/node/io_write_mbs,0.000000
1779444521.710,/node/io_write_mbs,0.000000
1779444522.002,/node/io_write_mbs,0.000000
1779444522.029,/node/io_write_mbs,0.000000
1779444522.212,/node/io_write_mbs,0.000000
1779444522.500,/node/io_write_mbs,0.000000
1779444522.529,/node/io_write_mbs,0.000000
1779444522.710,/node/io_write_mbs,0.000000
1779444523.001,/node/io_write_mbs,0.000000
1779444523.030,/node/io_write_mbs,0.000000
1779444523.212,/node/io_write_mbs,0.000000
1779444523.499,/node/io_write_mbs,0.000000
1779444523.530,/node/io_write_mbs,0.000000
1779444523.710,/node/io_write_mbs,0.000000
1779444524.001,/node/io_write_mbs,0.000000
1779444524.031,/node/io_write_mbs,0.000000
1779444524.209,/node/io_write_mbs,0.000000
1779444524.499,/node/io_write_mbs,0.000000
1779444524.529,/node/io_write_mbs,0.000000
1779444524.713,/node/io_write_mbs,0.000000
1779444524.999,/node/io_write_mbs,0.000000
1779444525.030,/node/io_write_mbs,0.000000
1779444525.209,/node/io_write_mbs,0.000000
1779444525.502,/node/io_write_mbs,0.000000
1779444525.529,/node/io_write_mbs,0.000000
1779444525.711,/node/io_write_mbs,0.046881
1779444525.999,/node/io_write_mbs,0.046830
1779444526.043,/node/io_write_mbs,0.046879
1779444526.210,/node/io_write_mbs,0.000000
1779444526.499,/node/io_write_mbs,0.000000
1779444526.530,/node/io_write_mbs,0.000000
1779444526.712,/node/io_write_mbs,0.000000
1779444526.999,/node/io_write_mbs,0.000000
1779444527.029,/node/io_write_mbs,0.000000
1779444527.211,/node/io_write_mbs,0.000000
1779444527.499,/node/io_write_mbs,0.000000
1779444527.530,/node/io_write_mbs,0.000000
1779444527.710,/node/io_write_mbs,0.000000
1779444528.000,/node/io_write_mbs,0.000000
1779444528.032,/node/io_write_mbs,0.000000
1779444528.210,/node/io_write_mbs,0.000000
1779444528.500,/node/io_write_mbs,0.000000
1779444528.531,/node/io_write_mbs,0.000000
1779444528.712,/node/io_write_mbs,0.000000
1779444529.001,/node/io_write_mbs,0.000000
1779444529.030,/node/io_write_mbs,0.000000
1779444529.209,/node/io_write_mbs,0.000000
1779444529.500,/node/io_write_mbs,0.000000
1779444529.528,/node/io_write_mbs,0.000000
1779444529.712,/node/io_write_mbs,0.000000
1779444530.001,/node/io_write_mbs,0.000000
1779444530.030,/node/io_write_mbs,0.000000
1779444530.209,/node/io_write_mbs,0.000000
1779444530.499,/node/io_write_mbs,0.000000
1779444530.532,/node/io_write_mbs,0.000000
1779444530.709,/node/io_write_mbs,0.046871
1779444530.998,/node/io_write_mbs,0.046871
1779444531.029,/node/io_write_mbs,0.046908
1779444531.209,/node/io_write_mbs,0.000000
1779444531.500,/node/io_write_mbs,0.015617
1779444531.528,/node/io_write_mbs,0.015618
1779444531.711,/node/io_write_mbs,0.015620
1779444531.999,/node/io_write_mbs,0.000000
1779444532.028,/node/io_write_mbs,0.000000
1779444532.210,/node/io_write_mbs,0.000000
1779444532.500,/node/io_write_mbs,0.000000
1779444532.531,/node/io_write_mbs,0.000000
1779444532.710,/node/io_write_mbs,0.000000
1779444532.999,/node/io_write_mbs,0.000000
1779444533.031,/node/io_write_mbs,0.000000
1779444533.209,/node/io_write_mbs,0.000000
1779444533.499,/node/io_write_mbs,0.000000
1779444533.529,/node/io_write_mbs,0.000000
1779444533.709,/node/io_write_mbs,0.000000
1779444534.001,/node/io_write_mbs,0.000000
1779444534.027,/node/io_write_mbs,0.000000
1779444534.210,/node/io_write_mbs,0.000000
1779444534.500,/node/io_write_mbs,0.000000
1779444534.527,/node/io_write_mbs,0.000000
1779444534.709,/node/io_write_mbs,0.000000
1779444534.999,/node/io_write_mbs,0.000000
1779444535.029,/node/io_write_mbs,0.000000
1779444535.208,/node/io_write_mbs,0.000000
1779444535.500,/node/io_write_mbs,0.000000
1779444535.527,/node/io_write_mbs,0.000000
1779444535.712,/node/io_write_mbs,0.046875
1779444536.007,/node/io_write_mbs,0.046880
1779444536.028,/node/io_write_mbs,0.046879
1779444536.209,/node/io_write_mbs,0.000000
1779444536.499,/node/io_write_mbs,0.000000
1779444536.532,/node/io_write_mbs,0.000000
1779444536.708,/node/io_write_mbs,0.000000
1779444537.000,/node/io_write_mbs,0.000000
1779444537.027,/node/io_write_mbs,0.000000
1779444537.210,/node/io_write_mbs,0.000000
1779444537.498,/node/io_write_mbs,0.000000
1779444537.529,/node/io_write_mbs,0.000000
1779444537.711,/node/io_write_mbs,0.000000
1779444537.997,/node/io_write_mbs,0.000000
1779444538.028,/node/io_write_mbs,0.000000
1779444538.210,/node/io_write_mbs,0.000000
1779444538.497,/node/io_write_mbs,0.000000
1779444538.528,/node/io_write_mbs,0.000000
1779444538.709,/node/io_write_mbs,0.000000
1779444538.997,/node/io_write_mbs,0.000000
1779444539.028,/node/io_write_mbs,0.000000
1779444539.212,/node/io_write_mbs,0.000000
1779444539.498,/node/io_write_mbs,0.000000
1779444539.528,/node/io_write_mbs,0.000000
1779444539.709,/node/io_write_mbs,0.000000
1779444539.998,/node/io_write_mbs,0.000000
1779444540.030,/node/io_write_mbs,0.000000
1779444540.212,/node/io_write_mbs,0.000000
1779444540.500,/node/io_write_mbs,0.000000
1779444540.528,/node/io_write_mbs,0.000000
1779444540.709,/node/io_write_mbs,0.062621
1779444540.997,/node/io_write_mbs,0.062503
1779444541.029,/node/io_write_mbs,0.062498
1779444541.207,/node/io_write_mbs,0.000000
1779444541.498,/node/io_write_mbs,0.000000
1779444541.528,/node/io_write_mbs,0.000000
1779444541.707,/node/io_write_mbs,0.000000
1779444541.997,/node/io_write_mbs,0.000000
1779444542.026,/node/io_write_mbs,0.000000
1779444542.207,/node/io_write_mbs,0.000000
1779444542.499,/node/io_write_mbs,0.000000
1779444542.526,/node/io_write_mbs,0.000000
1779444542.707,/node/io_write_mbs,0.000000
1779444542.998,/node/io_write_mbs,0.000000
1779444543.026,/node/io_write_mbs,0.000000
1779444543.209,/node/io_write_mbs,0.000000
1779444543.496,/node/io_write_mbs,0.000000
1779444543.529,/node/io_write_mbs,0.000000
1779444543.707,/node/io_write_mbs,0.000000
1779444543.998,/node/io_write_mbs,0.000000
1779444544.027,/node/io_write_mbs,0.000000
1779444544.209,/node/io_write_mbs,0.000000
1779444544.496,/node/io_write_mbs,0.000000
1779444544.526,/node/io_write_mbs,0.000000
1779444544.708,/node/io_write_mbs,0.000000
1779444544.999,/node/io_write_mbs,0.000000
1779444545.026,/node/io_write_mbs,0.000000
1779444545.209,/node/io_write_mbs,0.000000
1779444545.496,/node/io_write_mbs,0.000000
1779444545.526,/node/io_write_mbs,0.000000
1779444545.708,/node/io_write_mbs,0.046917
1779444545.998,/node/io_write_mbs,0.046869
1779444546.026,/node/io_write_mbs,0.046874
1779444546.208,/node/io_write_mbs,0.000000
1779444546.497,/node/io_write_mbs,0.000000
1779444546.527,/node/io_write_mbs,0.000000
1779444546.710,/node/io_write_mbs,0.000000
1779444546.998,/node/io_write_mbs,0.000000
1779444547.025,/node/io_write_mbs,0.000000
1779444547.206,/node/io_write_mbs,0.000000
1779444547.496,/node/io_write_mbs,0.000000
1779444547.527,/node/io_write_mbs,0.000000
1779444547.706,/node/io_write_mbs,0.000000
1779444547.997,/node/io_write_mbs,0.000000
1779444548.025,/node/io_write_mbs,0.000000
1779444548.205,/node/io_write_mbs,0.000000
1779444548.498,/node/io_write_mbs,0.000000
1779444548.526,/node/io_write_mbs,0.000000
1779444548.707,/node/io_write_mbs,0.000000
1779444548.997,/node/io_write_mbs,0.000000
1779444549.025,/node/io_write_mbs,0.000000
1779444549.209,/node/io_write_mbs,0.000000
1779444549.498,/node/io_write_mbs,0.000000
1779444549.528,/node/io_write_mbs,0.000000
1779444549.709,/node/io_write_mbs,0.000000
1779444549.999,/node/io_write_mbs,0.000000
1779444550.025,/node/io_write_mbs,0.000000
1779444550.207,/node/io_write_mbs,0.000000
1779444550.495,/node/io_write_mbs,0.000000
1779444550.526,/node/io_write_mbs,0.031227
1779444550.706,/node/io_write_mbs,0.140603
1779444550.995,/node/io_write_mbs,0.140642
1779444551.028,/node/io_write_mbs,0.109462
1779444551.206,/node/io_write_mbs,0.000000
1779444551.499,/node/io_write_mbs,0.000000
1779444551.528,/node/io_write_mbs,0.000000
1779444551.707,/node/io_write_mbs,0.000000
1779444551.995,/node/io_write_mbs,0.000000
1779444552.025,/node/io_write_mbs,0.000000
1779444552.207,/node/io_write_mbs,0.000000
1779444552.496,/node/io_write_mbs,0.000000
1779444552.530,/node/io_write_mbs,0.000000
1779444552.705,/node/io_write_mbs,0.000000
1779444552.995,/node/io_write_mbs,0.000000
1779444553.026,/node/io_write_mbs,0.000000
1779444553.205,/node/io_write_mbs,0.000000
1779444553.498,/node/io_write_mbs,0.000000
1779444553.526,/node/io_write_mbs,0.000000
1779444553.707,/node/io_write_mbs,0.000000
1779444553.998,/node/io_write_mbs,0.000000
1779444554.026,/node/io_write_mbs,0.000000
1779444554.207,/node/io_write_mbs,0.000000
1779444554.500,/node/io_write_mbs,0.000000
1779444554.524,/node/io_write_mbs,0.000000
1779444554.705,/node/io_write_mbs,0.000000
1779444554.996,/node/io_write_mbs,0.000000
1779444555.024,/node/io_write_mbs,0.000000
1779444555.205,/node/io_write_mbs,0.000000
1779444555.495,/node/io_write_mbs,0.000000
1779444555.528,/node/io_write_mbs,0.000000
1779444555.705,/node/io_write_mbs,0.109345
1779444555.997,/node/io_write_mbs,0.109295
1779444556.024,/node/io_write_mbs,0.109323
1779444556.205,/node/io_write_mbs,0.000000
1779444556.494,/node/io_write_mbs,0.000000
1779444556.526,/node/io_write_mbs,0.000000
1779444556.706,/node/io_write_mbs,0.000000
1779444556.995,/node/io_write_mbs,0.000000
1779444557.024,/node/io_write_mbs,0.000000
1779444557.204,/node/io_write_mbs,0.000000
1779444557.496,/node/io_write_mbs,0.000000
1779444557.526,/node/io_write_mbs,0.000000
1779444557.706,/node/io_write_mbs,0.000000
1779444557.994,/node/io_write_mbs,0.000000
1779444558.027,/node/io_write_mbs,0.000000
1779444558.205,/node/io_write_mbs,0.000000
1779444558.495,/node/io_write_mbs,0.000000
1779444558.525,/node/io_write_mbs,0.000000
1779444558.705,/node/io_write_mbs,0.000000
1779444558.994,/node/io_write_mbs,0.000000
1779444559.026,/node/io_write_mbs,0.000000
1779444559.206,/node/io_write_mbs,0.000000
1779444559.495,/node/io_write_mbs,0.000000
1779444559.525,/node/io_write_mbs,0.000000
1779444559.707,/node/io_write_mbs,0.000000
1779444559.994,/node/io_write_mbs,0.000000
1779444560.023,/node/io_write_mbs,0.000000
1779444560.205,/node/io_write_mbs,0.000000
1779444560.495,/node/io_write_mbs,0.000000
1779444560.527,/node/io_write_mbs,0.000000
1779444560.704,/node/io_write_mbs,0.062430
1779444560.998,/node/io_write_mbs,0.062356
1779444561.034,/node/io_write_mbs,0.062595
1779444561.204,/node/io_write_mbs,0.000000
1779444561.494,/node/io_write_mbs,0.000000
1779444561.524,/node/io_write_mbs,0.000000
1779444561.706,/node/io_write_mbs,0.000000
1779444561.995,/node/io_write_mbs,0.000000
1779444562.029,/node/io_write_mbs,0.000000
1779444562.205,/node/io_write_mbs,0.000000
1779444562.498,/node/io_write_mbs,0.000000
1779444562.523,/node/io_write_mbs,0.000000
1779444562.705,/node/io_write_mbs,0.000000
1779444562.995,/node/io_write_mbs,0.000000
1779444563.024,/node/io_write_mbs,0.000000
1779444563.205,/node/io_write_mbs,0.000000
1779444563.494,/node/io_write_mbs,0.000000
1779444563.526,/node/io_write_mbs,0.000000
1779444563.706,/node/io_write_mbs,0.000000
1779444563.995,/node/io_write_mbs,0.000000
1779444564.028,/node/io_write_mbs,0.000000
1779444564.205,/node/io_write_mbs,0.000000
1779444564.495,/node/io_write_mbs,0.000000
1779444564.526,/node/io_write_mbs,0.000000
1779444564.706,/node/io_write_mbs,0.000000
1779444564.993,/node/io_write_mbs,0.000000
1779444565.024,/node/io_write_mbs,0.000000
1779444565.205,/node/io_write_mbs,0.000000
1779444565.493,/node/io_write_mbs,0.000000
1779444565.525,/node/io_write_mbs,0.000000
1779444565.703,/node/io_write_mbs,0.046876
1779444565.994,/node/io_write_mbs,0.046874
1779444566.023,/node/io_write_mbs,0.046843
1779444566.204,/node/io_write_mbs,0.000000
1779444566.493,/node/io_write_mbs,0.015607
1779444566.529,/node/io_write_mbs,0.015641
1779444566.703,/node/io_write_mbs,0.015627
1779444566.993,/node/io_write_mbs,0.000000
1779444567.023,/node/io_write_mbs,0.000000
1779444567.203,/node/io_write_mbs,0.000000
1779444567.496,/node/io_write_mbs,0.000000
1779444567.526,/node/io_write_mbs,0.000000
1779444567.703,/node/io_write_mbs,0.000000
1779444567.994,/node/io_write_mbs,0.000000
1779444568.022,/node/io_write_mbs,0.000000
1779444568.203,/node/io_write_mbs,0.000000
1779444568.494,/node/io_write_mbs,0.000000
1779444568.524,/node/io_write_mbs,0.000000
1779444568.704,/node/io_write_mbs,0.000000
1779444568.993,/node/io_write_mbs,0.000000
1779444569.022,/node/io_write_mbs,0.000000
1779444569.203,/node/io_write_mbs,0.000000
1779444569.494,/node/io_write_mbs,0.000000
1779444569.522,/node/io_write_mbs,0.000000
1779444569.706,/node/io_write_mbs,0.000000
1779444569.994,/node/io_write_mbs,0.000000
1779444570.025,/node/io_write_mbs,0.000000
1779444570.206,/node/io_write_mbs,0.000000
1779444570.493,/node/io_write_mbs,0.000000
1779444570.526,/node/io_write_mbs,0.000000
1779444570.703,/node/io_write_mbs,0.046794
1779444570.995,/node/io_write_mbs,0.046872
1779444571.026,/node/io_write_mbs,0.046948
1779444571.209,/node/io_write_mbs,0.000000
1779444571.492,/node/io_write_mbs,0.000000
1779444571.523,/node/io_write_mbs,0.000000
1779444571.717,/node/io_write_mbs,0.000000
1779444571.993,/node/io_write_mbs,0.000000
1779444572.026,/node/io_write_mbs,0.000000
1779444572.204,/node/io_write_mbs,0.000000
1779444572.493,/node/io_write_mbs,0.000000
1779444572.523,/node/io_write_mbs,0.000000
1779444572.702,/node/io_write_mbs,0.000000
1779444572.992,/node/io_write_mbs,0.000000
1779444573.025,/node/io_write_mbs,0.000000
1779444573.202,/node/io_write_mbs,0.000000
1779444573.492,/node/io_write_mbs,0.000000
1779444573.523,/node/io_write_mbs,0.000000
1779444573.702,/node/io_write_mbs,0.000000
1779444573.995,/node/io_write_mbs,0.000000
1779444574.023,/node/io_write_mbs,0.000000
1779444574.202,/node/io_write_mbs,0.000000
1779444574.493,/node/io_write_mbs,0.000000
1779444574.522,/node/io_write_mbs,0.000000
1779444574.703,/node/io_write_mbs,0.000000
1779444574.993,/node/io_write_mbs,0.000000
1779444575.021,/node/io_write_mbs,0.000000
1779444575.205,/node/io_write_mbs,0.000000
1779444575.495,/node/io_write_mbs,0.000000
1779444575.521,/node/io_write_mbs,0.000000
1779444575.702,/node/io_write_mbs,0.046864
1779444575.993,/node/io_write_mbs,0.046931
1779444576.021,/node/io_write_mbs,0.046871
1779444576.204,/node/io_write_mbs,0.000000
1779444576.492,/node/io_write_mbs,0.000000
1779444576.520,/node/io_write_mbs,0.000000
1779444576.701,/node/io_write_mbs,0.000000
1779444576.993,/node/io_write_mbs,0.000000
1779444577.024,/node/io_write_mbs,0.000000
1779444577.201,/node/io_write_mbs,0.000000
1779444577.491,/node/io_write_mbs,0.000000
1779444577.526,/node/io_write_mbs,0.000000
1779444577.702,/node/io_write_mbs,0.000000
1779444577.992,/node/io_write_mbs,0.000000
1779444578.024,/node/io_write_mbs,0.000000
1779444578.203,/node/io_write_mbs,0.000000
1779444578.495,/node/io_write_mbs,0.000000
1779444578.522,/node/io_write_mbs,0.000000
1779444578.705,/node/io_write_mbs,0.000000
1779444578.993,/node/io_write_mbs,0.000000
1779444579.022,/node/io_write_mbs,0.000000
1779444579.204,/node/io_write_mbs,0.000000
1779444579.495,/node/io_write_mbs,0.000000
1779444579.521,/node/io_write_mbs,0.000000
1779444579.702,/node/io_write_mbs,0.000000
1779444579.992,/node/io_write_mbs,0.000000
1779444580.022,/node/io_write_mbs,0.000000
1779444580.202,/node/io_write_mbs,0.000000
1779444580.494,/node/io_write_mbs,0.000000
1779444580.521,/node/io_write_mbs,0.000000
1779444580.701,/node/io_write_mbs,0.062530
1779444580.993,/node/io_write_mbs,0.062449
1779444581.022,/node/io_write_mbs,0.062402
1779444581.204,/node/io_write_mbs,0.000000
1779444581.492,/node/io_write_mbs,0.000000
1779444581.520,/node/io_write_mbs,0.000000
1779444581.701,/node/io_write_mbs,0.000000
1779444581.993,/node/io_write_mbs,0.000000
1779444582.022,/node/io_write_mbs,0.000000
1779444582.202,/node/io_write_mbs,0.000000
1779444582.504,/node/io_write_mbs,0.000000
1779444582.523,/node/io_write_mbs,0.000000
1779444582.701,/node/io_write_mbs,0.000000
1779444582.993,/node/io_write_mbs,0.000000
1779444583.023,/node/io_write_mbs,0.000000
1779444583.204,/node/io_write_mbs,0.000000
1779444583.490,/node/io_write_mbs,0.000000
1779444583.520,/node/io_write_mbs,0.000000
1779444583.704,/node/io_write_mbs,0.000000
1779444583.990,/node/io_write_mbs,0.000000
1779444584.023,/node/io_write_mbs,0.000000
1779444584.200,/node/io_write_mbs,0.000000
1779444584.492,/node/io_write_mbs,0.000000
1779444584.527,/node/io_write_mbs,0.000000
1779444584.704,/node/io_write_mbs,0.000000
1779444584.994,/node/io_write_mbs,0.000000
1779444585.022,/node/io_write_mbs,0.000000
1779444585.202,/node/io_write_mbs,0.000000
1779444585.491,/node/io_write_mbs,0.000000
1779444585.520,/node/io_write_mbs,0.000000
1779444585.702,/node/io_write_mbs,0.046879
1779444585.993,/node/io_write_mbs,0.046873
1779444586.022,/node/io_write_mbs,0.046795
1779444586.212,/node/io_write_mbs,0.000000
1779444586.491,/node/io_write_mbs,0.000000
1779444586.520,/node/io_write_mbs,0.000000
1779444586.700,/node/io_write_mbs,0.000000
