recv_unix,inference_ms
1773998786.4854672,2274.853759765625
1773998787.142611,645.2111206054688
1773998788.0891874,842.9027709960938
1773998792.1250086,272.61138916015625
1773998793.1952252,155.86508178710938
1773998793.3879306,158.51100158691406
1773998793.8708587,340.6570739746094
1773998794.9714704,715.0439453125
