{
  "elapsed_s": 25.00703191757202,
  "latency": {
    "samples": 30,
    "avg_ms": 301.57871170043944,
    "p50_ms": 134.5407257080078,
    "p95_ms": 1055.6753845214841,
    "jitter_p95_p50_ms": 921.1346588134763,
    "first_sample_unix": 1773997770.6294694,
    "last_sample_unix": 1773997787.902529
  },
  "inference": {
    "samples": 30,
    "avg_ms": 274.32826944986977,
    "p50_ms": 129.09364700317383,
    "p95_ms": 876.0439880371081,
    "jitter_p95_p50_ms": 746.9503410339343,
    "first_sample_unix": 1773997770.6299891,
    "last_sample_unix": 1773997787.9028816
  },
  "effective_fps": 1.1996625628697464
}