timestamp_unix,topic,value
1779184008.896,/benchmark/inference_ms,24.176071
1779184008.941,/benchmark/inference_ms,24.633572
1779184008.985,/benchmark/inference_ms,24.975042
1779184009.031,/benchmark/inference_ms,25.113441
1779184009.076,/benchmark/inference_ms,25.110048
1779184009.120,/benchmark/inference_ms,24.399399
1779184009.167,/benchmark/inference_ms,24.758276
1779184009.212,/benchmark/inference_ms,25.124706
1779184009.259,/benchmark/inference_ms,26.611095
1779184009.305,/benchmark/inference_ms,26.482712
1779184009.352,/benchmark/inference_ms,24.255207
1779184009.395,/benchmark/inference_ms,25.076834
1779184009.441,/benchmark/inference_ms,25.128160
1779184009.486,/benchmark/inference_ms,25.043777
1779184009.532,/benchmark/inference_ms,24.905155
1779184009.577,/benchmark/inference_ms,24.132103
1779184009.621,/benchmark/inference_ms,24.031464
1779184009.665,/benchmark/inference_ms,24.150503
1779184009.710,/benchmark/inference_ms,24.240742
1779184009.754,/benchmark/inference_ms,24.229607
1779184009.797,/benchmark/inference_ms,24.271111
1779184009.842,/benchmark/inference_ms,23.558220
1779184009.886,/benchmark/inference_ms,24.235880
1779184009.931,/benchmark/inference_ms,24.437733
1779184009.977,/benchmark/inference_ms,25.894781
1779184010.022,/benchmark/inference_ms,25.282145
1779184010.068,/benchmark/inference_ms,24.054665
1779184010.112,/benchmark/inference_ms,24.625795
1779184010.155,/benchmark/inference_ms,24.571075
1779184010.199,/benchmark/inference_ms,24.455685
1779184010.246,/benchmark/inference_ms,25.236834
1779184010.292,/benchmark/inference_ms,25.924860
1779184010.337,/benchmark/inference_ms,25.834110
1779184010.383,/benchmark/inference_ms,26.904663
1779184010.428,/benchmark/inference_ms,24.465958
1779184010.473,/benchmark/inference_ms,24.227303
1779184010.518,/benchmark/inference_ms,24.026855
1779184010.565,/benchmark/inference_ms,24.587173
1779184010.606,/benchmark/inference_ms,24.579462
1779184010.652,/benchmark/inference_ms,24.510532
1779184010.695,/benchmark/inference_ms,24.537127
1779184010.741,/benchmark/inference_ms,24.049383
1779184010.785,/benchmark/inference_ms,24.226439
1779184010.830,/benchmark/inference_ms,24.602148
1779184010.875,/benchmark/inference_ms,24.766916
1779184010.922,/benchmark/inference_ms,25.095552
1779184010.964,/benchmark/inference_ms,24.640549
1779184011.009,/benchmark/inference_ms,24.058502
1779184011.054,/benchmark/inference_ms,24.462885
1779184011.100,/benchmark/inference_ms,24.847267
1779184011.144,/benchmark/inference_ms,23.964361
1779184011.191,/benchmark/inference_ms,27.899982
1779184011.239,/benchmark/inference_ms,26.176474
1779184011.287,/benchmark/inference_ms,25.615261
1779184011.332,/benchmark/inference_ms,24.932995
1779184011.376,/benchmark/inference_ms,24.875107
1779184011.421,/benchmark/inference_ms,24.635555
1779184011.468,/benchmark/inference_ms,25.460222
1779184011.515,/benchmark/inference_ms,25.512480
1779184011.560,/benchmark/inference_ms,24.765827
1779184011.606,/benchmark/inference_ms,24.842241
1779184011.649,/benchmark/inference_ms,24.896418
1779184011.694,/benchmark/inference_ms,24.460869
1779184011.740,/benchmark/inference_ms,24.715715
1779184011.785,/benchmark/inference_ms,25.084736
1779184011.830,/benchmark/inference_ms,24.960995
1779184011.875,/benchmark/inference_ms,24.700867
1779184011.920,/benchmark/inference_ms,24.730244
1779184011.965,/benchmark/inference_ms,24.464741
1779184012.010,/benchmark/inference_ms,25.360832
1779184012.056,/benchmark/inference_ms,24.939074
1779184012.101,/benchmark/inference_ms,24.954050
1779184012.147,/benchmark/inference_ms,24.787523
1779184012.192,/benchmark/inference_ms,25.793180
1779184012.238,/benchmark/inference_ms,25.340158
1779184012.283,/benchmark/inference_ms,25.083618
1779184012.328,/benchmark/inference_ms,24.067015
1779184012.373,/benchmark/inference_ms,24.779362
1779184012.418,/benchmark/inference_ms,24.923363
1779184012.463,/benchmark/inference_ms,24.712900
1779184012.510,/benchmark/inference_ms,25.009920
1779184012.554,/benchmark/inference_ms,24.399525
1779184012.599,/benchmark/inference_ms,24.516901
1779184012.645,/benchmark/inference_ms,24.805506
1779184012.690,/benchmark/inference_ms,25.264032
1779184012.735,/benchmark/inference_ms,25.096064
1779184012.781,/benchmark/inference_ms,25.339840
1779184012.826,/benchmark/inference_ms,24.559172
1779184012.871,/benchmark/inference_ms,24.679874
1779184012.919,/benchmark/inference_ms,24.701538
1779184012.962,/benchmark/inference_ms,25.013058
1779184013.007,/benchmark/inference_ms,24.865187
1779184013.052,/benchmark/inference_ms,25.364414
1779184013.097,/benchmark/inference_ms,24.780195
1779184013.143,/benchmark/inference_ms,24.396805
1779184013.188,/benchmark/inference_ms,24.980192
1779184013.233,/benchmark/inference_ms,24.706276
1779184013.278,/benchmark/inference_ms,25.007137
1779184013.324,/benchmark/inference_ms,25.318558
1779184013.368,/benchmark/inference_ms,24.354214
1779184013.414,/benchmark/inference_ms,24.297733
1779184013.459,/benchmark/inference_ms,25.212576
1779184013.505,/benchmark/inference_ms,25.737469
1779184013.550,/benchmark/inference_ms,25.301086
1779184013.598,/benchmark/inference_ms,27.212179
1779184013.645,/benchmark/inference_ms,25.612957
1779184013.689,/benchmark/inference_ms,23.995335
1779184013.735,/benchmark/inference_ms,24.914499
1779184013.780,/benchmark/inference_ms,24.803938
1779184013.825,/benchmark/inference_ms,25.135553
1779184013.871,/benchmark/inference_ms,24.652515
1779184013.918,/benchmark/inference_ms,24.059814
1779184013.961,/benchmark/inference_ms,25.210049
1779184014.006,/benchmark/inference_ms,25.460255
1779184014.052,/benchmark/inference_ms,25.435774
1779184014.098,/benchmark/inference_ms,25.233536
1779184014.144,/benchmark/inference_ms,24.822433
1779184014.188,/benchmark/inference_ms,24.266630
1779184014.233,/benchmark/inference_ms,24.849827
1779184014.279,/benchmark/inference_ms,24.940449
1779184014.324,/benchmark/inference_ms,25.228542
1779184014.369,/benchmark/inference_ms,24.946848
1779184014.414,/benchmark/inference_ms,24.458179
1779184014.458,/benchmark/inference_ms,24.577827
1779184014.504,/benchmark/inference_ms,25.240191
1779184014.550,/benchmark/inference_ms,26.000761
1779184014.597,/benchmark/inference_ms,26.686773
1779184014.645,/benchmark/inference_ms,25.542877
1779184014.690,/benchmark/inference_ms,26.223385
1779184014.734,/benchmark/inference_ms,24.691074
1779184014.780,/benchmark/inference_ms,24.914883
1779184014.824,/benchmark/inference_ms,24.866499
1779184014.869,/benchmark/inference_ms,23.824615
1779184014.914,/benchmark/inference_ms,24.763586
1779184014.957,/benchmark/inference_ms,25.114368
1779184015.002,/benchmark/inference_ms,24.894690
1779184015.047,/benchmark/inference_ms,24.401796
1779184015.092,/benchmark/inference_ms,24.153862
1779184015.137,/benchmark/inference_ms,24.735363
1779184015.181,/benchmark/inference_ms,25.145216
1779184015.226,/benchmark/inference_ms,24.929121
1779184015.271,/benchmark/inference_ms,24.753378
1779184015.316,/benchmark/inference_ms,24.378147
1779184015.361,/benchmark/inference_ms,24.554148
1779184015.406,/benchmark/inference_ms,24.978722
1779184015.451,/benchmark/inference_ms,24.795074
1779184015.496,/benchmark/inference_ms,25.199390
1779184015.541,/benchmark/inference_ms,24.322723
1779184015.586,/benchmark/inference_ms,24.219877
1779184015.632,/benchmark/inference_ms,25.134302
1779184015.675,/benchmark/inference_ms,25.145569
1779184015.720,/benchmark/inference_ms,25.190174
1779184015.765,/benchmark/inference_ms,24.708481
1779184015.811,/benchmark/inference_ms,24.430117
1779184015.857,/benchmark/inference_ms,25.454748
1779184015.903,/benchmark/inference_ms,25.108734
1779184015.948,/benchmark/inference_ms,25.282463
1779184015.994,/benchmark/inference_ms,25.282080
1779184016.039,/benchmark/inference_ms,25.065248
1779184016.086,/benchmark/inference_ms,25.724764
1779184016.133,/benchmark/inference_ms,25.969820
1779184016.178,/benchmark/inference_ms,24.366117
1779184016.222,/benchmark/inference_ms,24.330149
1779184016.267,/benchmark/inference_ms,24.150278
1779184016.312,/benchmark/inference_ms,25.303040
1779184016.357,/benchmark/inference_ms,24.462818
1779184016.401,/benchmark/inference_ms,23.826920
1779184016.448,/benchmark/inference_ms,26.173466
1779184016.495,/benchmark/inference_ms,26.102680
1779184016.543,/benchmark/inference_ms,28.390474
1779184016.588,/benchmark/inference_ms,25.208960
1779184016.633,/benchmark/inference_ms,24.985952
1779184016.678,/benchmark/inference_ms,24.756289
1779184016.721,/benchmark/inference_ms,24.086662
1779184016.768,/benchmark/inference_ms,24.493700
1779184016.813,/benchmark/inference_ms,24.951138
1779184016.857,/benchmark/inference_ms,25.031616
1779184016.902,/benchmark/inference_ms,24.944000
1779184016.948,/benchmark/inference_ms,24.986559
1779184016.993,/benchmark/inference_ms,24.251429
1779184017.040,/benchmark/inference_ms,24.080519
1779184017.084,/benchmark/inference_ms,24.696161
1779184017.129,/benchmark/inference_ms,24.746115
1779184017.173,/benchmark/inference_ms,24.622242
1779184017.218,/benchmark/inference_ms,24.184965
1779184017.263,/benchmark/inference_ms,24.284613
1779184017.309,/benchmark/inference_ms,24.779938
1779184017.354,/benchmark/inference_ms,25.042849
1779184017.398,/benchmark/inference_ms,24.481314
1779184017.441,/benchmark/inference_ms,24.715137
1779184017.487,/benchmark/inference_ms,24.116358
1779184017.532,/benchmark/inference_ms,24.085285
1779184017.577,/benchmark/inference_ms,24.683201
1779184017.622,/benchmark/inference_ms,24.466402
1779184017.667,/benchmark/inference_ms,24.736322
1779184017.711,/benchmark/inference_ms,24.245028
1779184017.756,/benchmark/inference_ms,23.995239
1779184017.800,/benchmark/inference_ms,24.841984
1779184017.846,/benchmark/inference_ms,24.486500
1779184017.890,/benchmark/inference_ms,24.808834
1779184017.935,/benchmark/inference_ms,24.601412
1779184017.979,/benchmark/inference_ms,24.131367
1779184018.025,/benchmark/inference_ms,24.720291
1779184018.071,/benchmark/inference_ms,24.544802
1779184018.114,/benchmark/inference_ms,24.904703
1779184018.159,/benchmark/inference_ms,24.875746
1779184018.204,/benchmark/inference_ms,24.210981
1779184018.249,/benchmark/inference_ms,24.072582
1779184018.294,/benchmark/inference_ms,24.793890
1779184018.339,/benchmark/inference_ms,24.927200
1779184018.383,/benchmark/inference_ms,24.772800
1779184018.428,/benchmark/inference_ms,24.411524
1779184018.473,/benchmark/inference_ms,23.872263
1779184018.518,/benchmark/inference_ms,24.642658
1779184018.564,/benchmark/inference_ms,24.668417
1779184018.609,/benchmark/inference_ms,24.863998
1779184018.651,/benchmark/inference_ms,24.401060
1779184018.697,/benchmark/inference_ms,24.177061
1779184018.742,/benchmark/inference_ms,24.752995
1779184018.786,/benchmark/inference_ms,24.548641
1779184018.831,/benchmark/inference_ms,24.694817
1779184018.876,/benchmark/inference_ms,24.717411
1779184018.920,/benchmark/inference_ms,23.928423
1779184018.965,/benchmark/inference_ms,24.235590
1779184019.009,/benchmark/inference_ms,24.557667
1779184019.054,/benchmark/inference_ms,24.707907
1779184019.099,/benchmark/inference_ms,24.741537
1779184019.141,/benchmark/inference_ms,24.337507
1779184019.187,/benchmark/inference_ms,23.907463
1779184019.232,/benchmark/inference_ms,24.700161
1779184019.277,/benchmark/inference_ms,24.833984
1779184019.322,/benchmark/inference_ms,24.699234
1779184019.366,/benchmark/inference_ms,24.517412
1779184019.411,/benchmark/inference_ms,24.273573
1779184019.455,/benchmark/inference_ms,24.833727
1779184019.501,/benchmark/inference_ms,25.446589
1779184019.546,/benchmark/inference_ms,24.346821
1779184019.591,/benchmark/inference_ms,24.747681
1779184019.636,/benchmark/inference_ms,25.055422
1779184019.681,/benchmark/inference_ms,25.182783
1779184019.726,/benchmark/inference_ms,24.685953
1779184019.771,/benchmark/inference_ms,24.140388
1779184019.817,/benchmark/inference_ms,25.316029
1779184019.862,/benchmark/inference_ms,25.021566
1779184019.907,/benchmark/inference_ms,24.761057
1779184019.953,/benchmark/inference_ms,24.402372
1779184019.997,/benchmark/inference_ms,25.075392
1779184020.042,/benchmark/inference_ms,24.922752
1779184020.086,/benchmark/inference_ms,24.579874
1779184020.132,/benchmark/inference_ms,24.559139
1779184020.176,/benchmark/inference_ms,25.009024
1779184020.221,/benchmark/inference_ms,24.819008
1779184020.266,/benchmark/inference_ms,24.902496
1779184020.311,/benchmark/inference_ms,24.437666
1779184020.357,/benchmark/inference_ms,24.880001
1779184020.402,/benchmark/inference_ms,24.925247
1779184020.448,/benchmark/inference_ms,25.331358
1779184020.493,/benchmark/inference_ms,24.659874
1779184020.539,/benchmark/inference_ms,24.571522
1779184020.583,/benchmark/inference_ms,24.920801
1779184020.630,/benchmark/inference_ms,25.193790
1779184020.673,/benchmark/inference_ms,24.593090
1779184020.719,/benchmark/inference_ms,24.193859
1779184020.764,/benchmark/inference_ms,24.606659
1779184020.808,/benchmark/inference_ms,24.904160
1779184020.854,/benchmark/inference_ms,24.727362
1779184020.899,/benchmark/inference_ms,24.138885
1779184020.944,/benchmark/inference_ms,25.321854
1779184020.989,/benchmark/inference_ms,25.032286
1779184021.034,/benchmark/inference_ms,24.639746
1779184021.079,/benchmark/inference_ms,24.040102
1779184021.127,/benchmark/inference_ms,25.749947
1779184021.171,/benchmark/inference_ms,25.186302
1779184021.214,/benchmark/inference_ms,23.765766
1779184021.259,/benchmark/inference_ms,24.451395
1779184021.304,/benchmark/inference_ms,24.927263
1779184021.348,/benchmark/inference_ms,24.836096
1779184021.392,/benchmark/inference_ms,24.555746
1779184021.437,/benchmark/inference_ms,24.174948
1779184021.482,/benchmark/inference_ms,24.043493
1779184021.529,/benchmark/inference_ms,25.196671
1779184021.574,/benchmark/inference_ms,24.810017
1779184021.618,/benchmark/inference_ms,24.653793
1779184021.663,/benchmark/inference_ms,24.649761
1779184021.708,/benchmark/inference_ms,24.156036
1779184021.754,/benchmark/inference_ms,25.124447
1779184021.798,/benchmark/inference_ms,24.802080
1779184021.844,/benchmark/inference_ms,24.845985
1779184021.888,/benchmark/inference_ms,24.293541
1779184021.933,/benchmark/inference_ms,24.153349
1779184021.978,/benchmark/inference_ms,24.408356
1779184022.023,/benchmark/inference_ms,24.452866
1779184022.068,/benchmark/inference_ms,24.720737
1779184022.112,/benchmark/inference_ms,24.495649
1779184022.157,/benchmark/inference_ms,24.818016
1779184022.201,/benchmark/inference_ms,24.115942
1779184022.246,/benchmark/inference_ms,23.881863
1779184022.291,/benchmark/inference_ms,24.773600
1779184022.336,/benchmark/inference_ms,24.751200
1779184022.380,/benchmark/inference_ms,24.675232
1779184022.425,/benchmark/inference_ms,24.836096
1779184022.470,/benchmark/inference_ms,24.323971
1779184022.515,/benchmark/inference_ms,24.141636
1779184022.560,/benchmark/inference_ms,24.745504
1779184022.606,/benchmark/inference_ms,24.759361
1779184022.649,/benchmark/inference_ms,24.935871
1779184022.694,/benchmark/inference_ms,24.114853
1779184022.738,/benchmark/inference_ms,24.009701
1779184022.783,/benchmark/inference_ms,24.589697
1779184022.828,/benchmark/inference_ms,24.698015
1779184022.873,/benchmark/inference_ms,25.007711
1779184022.923,/benchmark/inference_ms,26.506645
1779184022.965,/benchmark/inference_ms,24.315300
1779184023.010,/benchmark/inference_ms,25.516060
1779184023.056,/benchmark/inference_ms,25.689659
1779184023.102,/benchmark/inference_ms,25.442780
1779184023.149,/benchmark/inference_ms,26.160984
1779184023.197,/benchmark/inference_ms,26.482069
1779184023.245,/benchmark/inference_ms,25.740665
1779184023.294,/benchmark/inference_ms,26.896467
1779184023.341,/benchmark/inference_ms,25.994490
1779184023.386,/benchmark/inference_ms,24.861982
1779184023.432,/benchmark/inference_ms,25.187325
1779184023.476,/benchmark/inference_ms,24.779009
1779184023.521,/benchmark/inference_ms,24.224899
1779184023.568,/benchmark/inference_ms,24.336100
1779184023.612,/benchmark/inference_ms,24.973152
1779184023.657,/benchmark/inference_ms,25.145437
1779184023.701,/benchmark/inference_ms,24.967485
1779184023.746,/benchmark/inference_ms,24.911806
1779184023.793,/benchmark/inference_ms,24.860895
1779184023.838,/benchmark/inference_ms,24.283684
1779184023.884,/benchmark/inference_ms,24.862783
1779184023.928,/benchmark/inference_ms,24.880001
1779184023.972,/benchmark/inference_ms,25.259708
1779184024.017,/benchmark/inference_ms,26.122999
1779184024.067,/benchmark/inference_ms,26.698292
1779184024.112,/benchmark/inference_ms,25.254526
1779184024.156,/benchmark/inference_ms,24.899872
1779184024.201,/benchmark/inference_ms,25.095551
1779184024.246,/benchmark/inference_ms,25.091551
1779184024.292,/benchmark/inference_ms,25.062622
1779184024.338,/benchmark/inference_ms,24.628098
1779184024.383,/benchmark/inference_ms,24.253956
1779184024.430,/benchmark/inference_ms,24.941631
1779184024.474,/benchmark/inference_ms,25.536890
1779184024.518,/benchmark/inference_ms,24.712448
1779184024.565,/benchmark/inference_ms,25.088093
1779184024.609,/benchmark/inference_ms,24.436930
1779184024.654,/benchmark/inference_ms,24.446688
1779184024.699,/benchmark/inference_ms,24.758305
1779184024.744,/benchmark/inference_ms,24.924160
1779184024.788,/benchmark/inference_ms,25.150238
1779184024.833,/benchmark/inference_ms,24.973789
1779184024.878,/benchmark/inference_ms,24.539520
1779184024.925,/benchmark/inference_ms,26.853106
1779184024.969,/benchmark/inference_ms,24.159140
1779184025.016,/benchmark/inference_ms,25.011166
1779184025.060,/benchmark/inference_ms,24.496161
1779184025.105,/benchmark/inference_ms,25.032125
1779184025.150,/benchmark/inference_ms,25.027678
1779184025.195,/benchmark/inference_ms,24.304770
1779184025.239,/benchmark/inference_ms,24.061956
1779184025.285,/benchmark/inference_ms,24.927902
1779184025.330,/benchmark/inference_ms,24.941086
1779184025.376,/benchmark/inference_ms,26.196022
1779184025.420,/benchmark/inference_ms,25.982456
1779184025.467,/benchmark/inference_ms,24.927456
1779184025.513,/benchmark/inference_ms,24.823486
1779184025.557,/benchmark/inference_ms,24.596672
1779184025.601,/benchmark/inference_ms,24.721729
1779184025.646,/benchmark/inference_ms,24.118725
1779184025.689,/benchmark/inference_ms,24.031940
1779184025.736,/benchmark/inference_ms,24.563425
1779184025.780,/benchmark/inference_ms,24.886782
1779184025.825,/benchmark/inference_ms,24.867327
1779184025.871,/benchmark/inference_ms,24.921886
1779184025.916,/benchmark/inference_ms,24.385954
1779184025.959,/benchmark/inference_ms,24.118660
1779184026.005,/benchmark/inference_ms,24.456099
1779184026.052,/benchmark/inference_ms,25.113949
1779184026.096,/benchmark/inference_ms,24.859037
1779184026.140,/benchmark/inference_ms,24.606529
1779184026.184,/benchmark/inference_ms,25.166620
1779184026.232,/benchmark/inference_ms,25.225948
1779184026.276,/benchmark/inference_ms,23.760006
1779184026.320,/benchmark/inference_ms,24.212067
1779184026.364,/benchmark/inference_ms,23.708166
1779184026.407,/benchmark/inference_ms,23.931524
1779184026.457,/benchmark/inference_ms,26.077175
1779184026.500,/benchmark/inference_ms,25.784697
1779184026.545,/benchmark/inference_ms,25.136221
1779184026.593,/benchmark/inference_ms,25.218365
1779184026.636,/benchmark/inference_ms,24.329121
1779184026.683,/benchmark/inference_ms,24.899231
1779184026.728,/benchmark/inference_ms,25.540794
1779184026.772,/benchmark/inference_ms,25.282780
1779184026.819,/benchmark/inference_ms,25.030046
1779184026.865,/benchmark/inference_ms,25.028606
1779184026.909,/benchmark/inference_ms,24.611170
1779184026.955,/benchmark/inference_ms,25.084030
1779184027.001,/benchmark/inference_ms,25.208124
1779184027.047,/benchmark/inference_ms,24.133348
1779184027.090,/benchmark/inference_ms,24.119555
1779184027.134,/benchmark/inference_ms,23.924484
1779184027.178,/benchmark/inference_ms,24.368961
1779184027.223,/benchmark/inference_ms,23.992067
1779184027.268,/benchmark/inference_ms,25.746681
1779184027.313,/benchmark/inference_ms,24.477154
1779184027.359,/benchmark/inference_ms,26.683346
1779184027.403,/benchmark/inference_ms,23.772551
1779184027.448,/benchmark/inference_ms,24.466595
1779184027.493,/benchmark/inference_ms,24.500801
1779184027.537,/benchmark/inference_ms,23.978756
1779184027.582,/benchmark/inference_ms,24.557119
1779184027.627,/benchmark/inference_ms,24.633728
1779184027.671,/benchmark/inference_ms,24.037603
1779184027.716,/benchmark/inference_ms,24.784414
1779184027.760,/benchmark/inference_ms,24.363554
1779184027.804,/benchmark/inference_ms,24.306114
1779184027.848,/benchmark/inference_ms,24.610592
1779184027.894,/benchmark/inference_ms,24.179331
1779184027.937,/benchmark/inference_ms,24.045029
1779184027.984,/benchmark/inference_ms,25.050909
1779184028.028,/benchmark/inference_ms,24.562401
1779184028.072,/benchmark/inference_ms,24.153540
1779184028.117,/benchmark/inference_ms,24.396322
1779184028.162,/benchmark/inference_ms,24.368002
1779184028.206,/benchmark/inference_ms,24.140099
1779184028.249,/benchmark/inference_ms,23.776678
1779184028.295,/benchmark/inference_ms,25.077980
1779184028.341,/benchmark/inference_ms,25.355324
1779184028.387,/benchmark/inference_ms,25.937624
1779184028.433,/benchmark/inference_ms,24.579391
1779184028.478,/benchmark/inference_ms,25.261692
1779184028.523,/benchmark/inference_ms,25.282204
1779184028.569,/benchmark/inference_ms,25.006109
1779184028.614,/benchmark/inference_ms,25.093533
1779184028.659,/benchmark/inference_ms,25.414331
1779184028.705,/benchmark/inference_ms,25.467546
1779184028.750,/benchmark/inference_ms,24.779551
1779184028.797,/benchmark/inference_ms,25.004766
1779184028.842,/benchmark/inference_ms,25.844120
1779184028.889,/benchmark/inference_ms,26.178263
1779184028.935,/benchmark/inference_ms,26.101974
1779184028.981,/benchmark/inference_ms,24.302753
1779184029.026,/benchmark/inference_ms,25.015614
1779184029.070,/benchmark/inference_ms,24.756960
1779184029.116,/benchmark/inference_ms,25.435770
1779184029.160,/benchmark/inference_ms,24.824638
1779184029.207,/benchmark/inference_ms,24.422945
1779184029.251,/benchmark/inference_ms,25.073597
1779184029.297,/benchmark/inference_ms,25.058012
1779184029.341,/benchmark/inference_ms,24.784159
1779184029.387,/benchmark/inference_ms,24.516256
1779184029.432,/benchmark/inference_ms,25.093309
1779184029.478,/benchmark/inference_ms,25.106716
1779184029.523,/benchmark/inference_ms,25.252924
1779184029.572,/benchmark/inference_ms,24.939869
1779184029.613,/benchmark/inference_ms,24.341793
1779184029.659,/benchmark/inference_ms,25.186075
1779184029.704,/benchmark/inference_ms,24.994556
1779184029.749,/benchmark/inference_ms,25.462490
1779184029.795,/benchmark/inference_ms,24.885309
1779184029.841,/benchmark/inference_ms,25.033533
1779184029.887,/benchmark/inference_ms,25.479418
1779184029.932,/benchmark/inference_ms,25.172989
1779184029.977,/benchmark/inference_ms,25.044989
1779184030.023,/benchmark/inference_ms,24.584768
1779184030.069,/benchmark/inference_ms,25.243547
1779184030.114,/benchmark/inference_ms,25.492729
1779184030.159,/benchmark/inference_ms,25.419674
1779184030.205,/benchmark/inference_ms,24.796000
1779184030.251,/benchmark/inference_ms,24.597727
1779184030.295,/benchmark/inference_ms,25.417177
1779184030.341,/benchmark/inference_ms,25.358427
1779184030.386,/benchmark/inference_ms,24.998173
1779184030.432,/benchmark/inference_ms,24.480288
1779184030.478,/benchmark/inference_ms,25.076283
1779184030.522,/benchmark/inference_ms,25.176956
1779184030.571,/benchmark/inference_ms,25.215900
1779184030.616,/benchmark/inference_ms,26.422388
1779184030.664,/benchmark/inference_ms,26.442421
1779184030.709,/benchmark/inference_ms,24.186274
1779184030.754,/benchmark/inference_ms,24.977213
1779184030.799,/benchmark/inference_ms,24.819933
1779184030.844,/benchmark/inference_ms,24.662462
1779184030.888,/benchmark/inference_ms,24.379009
1779184030.932,/benchmark/inference_ms,24.181923
1779184030.978,/benchmark/inference_ms,24.716991
1779184031.023,/benchmark/inference_ms,24.583071
1779184031.070,/benchmark/inference_ms,24.615646
1779184031.112,/benchmark/inference_ms,24.953629
1779184031.157,/benchmark/inference_ms,24.688927
1779184031.202,/benchmark/inference_ms,24.332066
1779184031.248,/benchmark/inference_ms,24.492832
1779184031.294,/benchmark/inference_ms,25.060734
1779184031.338,/benchmark/inference_ms,24.645952
1779184031.383,/benchmark/inference_ms,24.803102
1779184031.431,/benchmark/inference_ms,25.296635
1779184031.473,/benchmark/inference_ms,24.649118
1779184031.519,/benchmark/inference_ms,24.479040
1779184031.564,/benchmark/inference_ms,24.424866
1779184031.609,/benchmark/inference_ms,25.217403
1779184031.654,/benchmark/inference_ms,25.217018
1779184031.700,/benchmark/inference_ms,24.904060
1779184031.745,/benchmark/inference_ms,24.349537
1779184031.790,/benchmark/inference_ms,23.880964
1779184031.835,/benchmark/inference_ms,24.868414
1779184031.879,/benchmark/inference_ms,24.827070
1779184031.924,/benchmark/inference_ms,24.934845
1779184031.971,/benchmark/inference_ms,24.521183
1779184032.016,/benchmark/inference_ms,25.032860
1779184032.060,/benchmark/inference_ms,24.693439
1779184032.108,/benchmark/inference_ms,25.467480
1779184032.151,/benchmark/inference_ms,24.746336
1779184032.196,/benchmark/inference_ms,24.659197
1779184032.241,/benchmark/inference_ms,24.942238
1779184032.286,/benchmark/inference_ms,25.029436
1779184032.331,/benchmark/inference_ms,24.903997
1779184032.376,/benchmark/inference_ms,24.886238
1779184032.421,/benchmark/inference_ms,25.115677
1779184032.467,/benchmark/inference_ms,25.298298
1779184032.511,/benchmark/inference_ms,25.001339
1779184032.557,/benchmark/inference_ms,25.070395
1779184032.605,/benchmark/inference_ms,25.597881
1779184032.649,/benchmark/inference_ms,25.591482
1779184032.693,/benchmark/inference_ms,25.175354
1779184032.738,/benchmark/inference_ms,24.774622
1779184032.784,/benchmark/inference_ms,25.001245
1779184032.832,/benchmark/inference_ms,25.212378
1779184032.877,/benchmark/inference_ms,25.445850
1779184032.922,/benchmark/inference_ms,25.285435
1779184032.968,/benchmark/inference_ms,24.861118
1779184033.012,/benchmark/inference_ms,24.632767
1779184033.057,/benchmark/inference_ms,25.295258
1779184033.102,/benchmark/inference_ms,25.247131
1779184033.147,/benchmark/inference_ms,25.154108
1779184033.192,/benchmark/inference_ms,24.461119
1779184033.237,/benchmark/inference_ms,25.569754
1779184033.282,/benchmark/inference_ms,25.641560
1779184033.327,/benchmark/inference_ms,25.206331
1779184033.372,/benchmark/inference_ms,25.118748
1779184033.421,/benchmark/inference_ms,25.713079
1779184033.463,/benchmark/inference_ms,25.488314
1779184033.509,/benchmark/inference_ms,26.117653
1779184033.554,/benchmark/inference_ms,25.040155
1779184033.601,/benchmark/inference_ms,24.462399
1779184033.647,/benchmark/inference_ms,25.776630
1779184033.702,/benchmark/inference_ms,25.886518
1779184033.736,/benchmark/inference_ms,25.533207
1779184033.783,/benchmark/inference_ms,25.073437
1779184033.829,/benchmark/inference_ms,25.141724
1779184033.875,/benchmark/inference_ms,25.390266
1779184033.921,/benchmark/inference_ms,25.732695
1779184033.965,/benchmark/inference_ms,24.995899
1779184034.010,/benchmark/inference_ms,24.997116
1779184034.055,/benchmark/inference_ms,25.101244
1779184034.101,/benchmark/inference_ms,25.401114
1779184034.145,/benchmark/inference_ms,25.237177
1779184034.190,/benchmark/inference_ms,24.500895
1779184034.236,/benchmark/inference_ms,24.509888
1779184034.282,/benchmark/inference_ms,25.506903
1779184034.327,/benchmark/inference_ms,25.099579
1779184034.372,/benchmark/inference_ms,25.072796
1779184034.418,/benchmark/inference_ms,24.315968
1779184034.464,/benchmark/inference_ms,25.678680
1779184034.509,/benchmark/inference_ms,25.392824
1779184034.554,/benchmark/inference_ms,25.276569
1779184034.599,/benchmark/inference_ms,24.984541
1779184034.645,/benchmark/inference_ms,24.745150
1779184034.689,/benchmark/inference_ms,25.250713
1779184034.735,/benchmark/inference_ms,25.952469
1779184034.781,/benchmark/inference_ms,25.096476
1779184034.826,/benchmark/inference_ms,24.381376
1779184034.872,/benchmark/inference_ms,25.294907
1779184034.919,/benchmark/inference_ms,25.431833
1779184034.962,/benchmark/inference_ms,25.267643
1779184035.008,/benchmark/inference_ms,25.303354
1779184035.053,/benchmark/inference_ms,24.360384
1779184035.100,/benchmark/inference_ms,24.436384
1779184035.151,/benchmark/inference_ms,30.658710
1779184035.196,/benchmark/inference_ms,24.276064
1779184035.243,/benchmark/inference_ms,25.331129
1779184035.288,/benchmark/inference_ms,24.919868
1779184035.332,/benchmark/inference_ms,25.088316
1779184035.379,/benchmark/inference_ms,26.674097
1779184035.424,/benchmark/inference_ms,24.481665
1779184035.470,/benchmark/inference_ms,25.881430
1779184035.515,/benchmark/inference_ms,24.478878
1779184035.559,/benchmark/inference_ms,23.633411
1779184035.606,/benchmark/inference_ms,24.949020
1779184035.654,/benchmark/inference_ms,29.516735
1779184035.700,/benchmark/inference_ms,26.007093
1779184035.746,/benchmark/inference_ms,25.441050
1779184035.792,/benchmark/inference_ms,24.783934
1779184035.837,/benchmark/inference_ms,24.439808
1779184035.882,/benchmark/inference_ms,24.167841
1779184035.926,/benchmark/inference_ms,25.116539
1779184035.972,/benchmark/inference_ms,24.979355
1779184036.016,/benchmark/inference_ms,25.050459
1779184036.061,/benchmark/inference_ms,24.917179
1779184036.106,/benchmark/inference_ms,24.335232
1779184036.151,/benchmark/inference_ms,24.133633
1779184036.195,/benchmark/inference_ms,24.737404
1779184036.239,/benchmark/inference_ms,24.887131
1779184036.285,/benchmark/inference_ms,24.945404
1779184036.329,/benchmark/inference_ms,24.773693
1779184036.373,/benchmark/inference_ms,24.233856
1779184036.418,/benchmark/inference_ms,24.036322
1779184036.464,/benchmark/inference_ms,25.174683
1779184036.509,/benchmark/inference_ms,23.860771
1779184036.554,/benchmark/inference_ms,25.642679
1779184036.600,/benchmark/inference_ms,25.299417
1779184036.647,/benchmark/inference_ms,24.989658
1779184036.690,/benchmark/inference_ms,25.109339
1779184036.736,/benchmark/inference_ms,25.797943
1779184036.782,/benchmark/inference_ms,25.528408
1779184036.828,/benchmark/inference_ms,24.979483
1779184036.873,/benchmark/inference_ms,24.342207
1779184036.918,/benchmark/inference_ms,25.508505
1779184036.965,/benchmark/inference_ms,26.256050
1779184037.011,/benchmark/inference_ms,25.838934
1779184037.058,/benchmark/inference_ms,25.158331
1779184037.103,/benchmark/inference_ms,26.183826
1779184037.150,/benchmark/inference_ms,26.411346
1779184037.194,/benchmark/inference_ms,24.276257
1779184037.239,/benchmark/inference_ms,24.196640
1779184037.285,/benchmark/inference_ms,24.774908
1779184037.330,/benchmark/inference_ms,25.909590
1779184037.377,/benchmark/inference_ms,25.958548
1779184037.424,/benchmark/inference_ms,26.085045
1779184037.470,/benchmark/inference_ms,24.727676
1779184037.515,/benchmark/inference_ms,25.074043
1779184037.559,/benchmark/inference_ms,25.469561
1779184037.604,/benchmark/inference_ms,25.351482
1779184037.648,/benchmark/inference_ms,24.764254
1779184037.691,/benchmark/inference_ms,24.530079
1779184037.737,/benchmark/inference_ms,25.327866
1779184037.784,/benchmark/inference_ms,25.831926
1779184037.829,/benchmark/inference_ms,25.579159
1779184037.874,/benchmark/inference_ms,25.388792
1779184037.919,/benchmark/inference_ms,24.308224
1779184037.962,/benchmark/inference_ms,24.311264
1779184038.008,/benchmark/inference_ms,25.644695
1779184038.053,/benchmark/inference_ms,25.299994
1779184038.099,/benchmark/inference_ms,25.230843
1779184038.146,/benchmark/inference_ms,24.685501
1779184038.189,/benchmark/inference_ms,24.287998
1779184038.234,/benchmark/inference_ms,25.316568
1779184038.279,/benchmark/inference_ms,25.023676
1779184038.324,/benchmark/inference_ms,25.260408
1779184038.369,/benchmark/inference_ms,25.085529
1779184038.414,/benchmark/inference_ms,24.834396
1779184038.459,/benchmark/inference_ms,24.930653
1779184038.504,/benchmark/inference_ms,24.314367
1779184038.550,/benchmark/inference_ms,25.422743
1779184038.597,/benchmark/inference_ms,25.372087
1779184038.640,/benchmark/inference_ms,25.412825
1779184038.684,/benchmark/inference_ms,25.302456
1779184038.729,/benchmark/inference_ms,24.509470
1779184038.774,/benchmark/inference_ms,24.714109
1779184038.819,/benchmark/inference_ms,24.080257
1779184038.865,/benchmark/inference_ms,25.159258
1779184038.910,/benchmark/inference_ms,25.192219
1779184038.955,/benchmark/inference_ms,24.904539
1779184039.000,/benchmark/inference_ms,25.340569
1779184039.045,/benchmark/inference_ms,24.631773
1779184039.090,/benchmark/inference_ms,24.680124
1779184039.134,/benchmark/inference_ms,24.734779
1779184039.180,/benchmark/inference_ms,25.347160
1779184039.226,/benchmark/inference_ms,25.094170
1779184039.270,/benchmark/inference_ms,24.880987
1779184039.315,/benchmark/inference_ms,25.223993
1779184039.360,/benchmark/inference_ms,24.607325
1779184039.405,/benchmark/inference_ms,24.477470
1779184039.451,/benchmark/inference_ms,24.842747
1779184039.495,/benchmark/inference_ms,24.899227
1779184039.540,/benchmark/inference_ms,25.313721
1779184039.585,/benchmark/inference_ms,25.184507
1779184039.631,/benchmark/inference_ms,25.034203
1779184039.676,/benchmark/inference_ms,24.519838
1779184039.721,/benchmark/inference_ms,24.420256
1779184039.767,/benchmark/inference_ms,25.348570
1779184039.812,/benchmark/inference_ms,25.283033
1779184039.858,/benchmark/inference_ms,25.006491
1779184039.901,/benchmark/inference_ms,25.017147
1779184039.946,/benchmark/inference_ms,24.905882
1779184039.992,/benchmark/inference_ms,24.607454
1779184040.037,/benchmark/inference_ms,24.299103
1779184040.083,/benchmark/inference_ms,25.486231
1779184040.132,/benchmark/inference_ms,25.653206
1779184040.172,/benchmark/inference_ms,25.152664
1779184040.217,/benchmark/inference_ms,24.724316
1779184040.262,/benchmark/inference_ms,24.685501
1779184040.308,/benchmark/inference_ms,24.562365
1779184040.352,/benchmark/inference_ms,24.098145
1779184040.398,/benchmark/inference_ms,25.159546
1779184040.444,/benchmark/inference_ms,25.212793
1779184040.488,/benchmark/inference_ms,24.954170
1779184040.532,/benchmark/inference_ms,25.257816
1779184040.578,/benchmark/inference_ms,24.721758
1779184040.622,/benchmark/inference_ms,24.182367
1779184040.669,/benchmark/inference_ms,25.100122
1779184040.712,/benchmark/inference_ms,25.531158
1779184040.757,/benchmark/inference_ms,24.958458
1779184040.802,/benchmark/inference_ms,25.193722
1779184040.847,/benchmark/inference_ms,24.660191
1779184040.891,/benchmark/inference_ms,24.511869
1779184040.937,/benchmark/inference_ms,24.298717
1779184040.983,/benchmark/inference_ms,25.094650
1779184041.027,/benchmark/inference_ms,25.472536
1779184041.072,/benchmark/inference_ms,25.259895
1779184041.118,/benchmark/inference_ms,25.619030
1779184041.163,/benchmark/inference_ms,25.122137
1779184041.209,/benchmark/inference_ms,24.389278
1779184041.254,/benchmark/inference_ms,24.696251
1779184041.300,/benchmark/inference_ms,25.515543
1779184041.346,/benchmark/inference_ms,26.072563
1779184041.392,/benchmark/inference_ms,26.018452
1779184041.437,/benchmark/inference_ms,25.034939
1779184041.483,/benchmark/inference_ms,25.295706
1779184041.527,/benchmark/inference_ms,23.896515
1779184041.572,/benchmark/inference_ms,24.611645
1779184041.618,/benchmark/inference_ms,26.562382
1779184041.670,/benchmark/inference_ms,26.674894
1779184041.712,/benchmark/inference_ms,26.029396
1779184041.756,/benchmark/inference_ms,24.162144
1779184041.801,/benchmark/inference_ms,24.412830
1779184041.845,/benchmark/inference_ms,24.466717
1779184041.893,/benchmark/inference_ms,24.502142
1779184041.936,/benchmark/inference_ms,25.033531
1779184041.987,/benchmark/inference_ms,25.227640
1779184042.031,/benchmark/inference_ms,24.833435
1779184042.076,/benchmark/inference_ms,24.295584
1779184042.120,/benchmark/inference_ms,25.067928
1779184042.165,/benchmark/inference_ms,24.422844
1779184042.210,/benchmark/inference_ms,25.542391
1779184042.256,/benchmark/inference_ms,26.129618
1779184042.299,/benchmark/inference_ms,23.682882
1779184042.344,/benchmark/inference_ms,23.854401
1779184042.388,/benchmark/inference_ms,24.930714
1779184042.431,/benchmark/inference_ms,24.233791
1779184042.478,/benchmark/inference_ms,25.529238
1779184042.523,/benchmark/inference_ms,25.632662
1779184042.569,/benchmark/inference_ms,25.779093
1779184042.614,/benchmark/inference_ms,25.089819
1779184042.660,/benchmark/inference_ms,25.134106
1779184042.706,/benchmark/inference_ms,25.671606
1779184042.752,/benchmark/inference_ms,25.619413
1779184042.798,/benchmark/inference_ms,26.683344
1779184042.843,/benchmark/inference_ms,24.168095
1779184042.889,/benchmark/inference_ms,25.072634
1779184042.934,/benchmark/inference_ms,25.306393
1779184042.980,/benchmark/inference_ms,25.424311
1779184043.025,/benchmark/inference_ms,25.434135
1779184043.069,/benchmark/inference_ms,25.235865
1779184043.115,/benchmark/inference_ms,24.936281
1779184043.161,/benchmark/inference_ms,24.467901
1779184043.209,/benchmark/inference_ms,26.984556
1779184043.264,/benchmark/inference_ms,26.525135
1779184043.310,/benchmark/inference_ms,24.546589
1779184043.354,/benchmark/inference_ms,24.806299
1779184043.399,/benchmark/inference_ms,24.685980
1779184043.444,/benchmark/inference_ms,24.120256
1779184043.488,/benchmark/inference_ms,24.895065
1779184043.533,/benchmark/inference_ms,24.600029
1779184043.577,/benchmark/inference_ms,23.822243
1779184043.621,/benchmark/inference_ms,24.617435
1779184043.665,/benchmark/inference_ms,24.462942
1779184043.709,/benchmark/inference_ms,24.108479
1779184043.753,/benchmark/inference_ms,24.559998
1779184043.798,/benchmark/inference_ms,24.551516
1779184043.843,/benchmark/inference_ms,23.751617
1779184043.887,/benchmark/inference_ms,24.720060
1779184043.933,/benchmark/inference_ms,25.869780
1779184043.979,/benchmark/inference_ms,25.048986
1779184044.025,/benchmark/inference_ms,25.131416
1779184044.070,/benchmark/inference_ms,25.470070
1779184044.117,/benchmark/inference_ms,26.003569
1779184044.164,/benchmark/inference_ms,25.827251
1779184044.210,/benchmark/inference_ms,25.300951
1779184044.255,/benchmark/inference_ms,24.780155
1779184044.302,/benchmark/inference_ms,25.573206
1779184044.348,/benchmark/inference_ms,25.907700
1779184044.393,/benchmark/inference_ms,25.670229
1779184044.439,/benchmark/inference_ms,25.320599
1779184044.485,/benchmark/inference_ms,24.693916
1779184044.531,/benchmark/inference_ms,25.177784
1779184044.577,/benchmark/inference_ms,25.865843
1779184044.622,/benchmark/inference_ms,25.676470
1779184044.668,/benchmark/inference_ms,25.354391
1779184044.713,/benchmark/inference_ms,24.927994
1779184044.758,/benchmark/inference_ms,25.208376
1779184044.804,/benchmark/inference_ms,25.709108
1779184044.850,/benchmark/inference_ms,25.676693
1779184044.896,/benchmark/inference_ms,25.302200
1779184044.942,/benchmark/inference_ms,24.709692
1779184044.987,/benchmark/inference_ms,25.876757
1779184045.033,/benchmark/inference_ms,25.780916
1779184045.081,/benchmark/inference_ms,25.320854
1779184045.123,/benchmark/inference_ms,24.679035
1779184045.170,/benchmark/inference_ms,25.421846
1779184045.215,/benchmark/inference_ms,24.899769
1779184045.260,/benchmark/inference_ms,25.533844
1779184045.305,/benchmark/inference_ms,25.060442
1779184045.351,/benchmark/inference_ms,24.747452
1779184045.407,/benchmark/inference_ms,36.624043
1779184045.454,/benchmark/inference_ms,24.725691
1779184045.501,/benchmark/inference_ms,27.005100
1779184045.548,/benchmark/inference_ms,26.375151
1779184045.597,/benchmark/inference_ms,27.418344
1779184045.643,/benchmark/inference_ms,25.507061
1779184045.688,/benchmark/inference_ms,25.247639
1779184045.736,/benchmark/inference_ms,25.150072
1779184045.781,/benchmark/inference_ms,25.603926
1779184045.827,/benchmark/inference_ms,25.106873
1779184045.874,/benchmark/inference_ms,24.913561
1779184045.921,/benchmark/inference_ms,24.675707
1779184045.965,/benchmark/inference_ms,25.466326
1779184046.009,/benchmark/inference_ms,25.198521
1779184046.055,/benchmark/inference_ms,24.975834
1779184046.100,/benchmark/inference_ms,24.259678
1779184046.146,/benchmark/inference_ms,24.852282
1779184046.191,/benchmark/inference_ms,25.019577
1779184046.237,/benchmark/inference_ms,25.171959
1779184046.281,/benchmark/inference_ms,24.654842
1779184046.327,/benchmark/inference_ms,24.418556
1779184046.372,/benchmark/inference_ms,25.530005
1779184046.419,/benchmark/inference_ms,25.463030
1779184046.464,/benchmark/inference_ms,25.377367
1779184046.510,/benchmark/inference_ms,24.465084
1779184046.555,/benchmark/inference_ms,25.052698
1779184046.600,/benchmark/inference_ms,25.527094
1779184046.646,/benchmark/inference_ms,25.168728
1779184046.690,/benchmark/inference_ms,24.613403
1779184046.736,/benchmark/inference_ms,24.335934
1779184046.781,/benchmark/inference_ms,25.260632
1779184046.826,/benchmark/inference_ms,25.121080
1779184046.871,/benchmark/inference_ms,24.806170
1779184046.915,/benchmark/inference_ms,24.171999
1779184046.960,/benchmark/inference_ms,25.401112
1779184047.006,/benchmark/inference_ms,25.084377
1779184047.050,/benchmark/inference_ms,24.810139
1779184047.095,/benchmark/inference_ms,24.370686
1779184047.140,/benchmark/inference_ms,25.381430
1779184047.184,/benchmark/inference_ms,25.381399
1779184047.230,/benchmark/inference_ms,24.714491
1779184047.275,/benchmark/inference_ms,24.182173
1779184047.320,/benchmark/inference_ms,25.332182
1779184047.365,/benchmark/inference_ms,25.147417
1779184047.410,/benchmark/inference_ms,25.073912
1779184047.456,/benchmark/inference_ms,24.121950
1779184047.501,/benchmark/inference_ms,25.185625
1779184047.546,/benchmark/inference_ms,25.119831
1779184047.589,/benchmark/inference_ms,24.761978
1779184047.635,/benchmark/inference_ms,24.305117
1779184047.680,/benchmark/inference_ms,25.069817
1779184047.724,/benchmark/inference_ms,25.247734
1779184047.770,/benchmark/inference_ms,25.243992
1779184047.815,/benchmark/inference_ms,24.311646
1779184047.861,/benchmark/inference_ms,25.085495
1779184047.907,/benchmark/inference_ms,25.506166
1779184047.952,/benchmark/inference_ms,25.574677
1779184047.996,/benchmark/inference_ms,24.752123
1779184048.043,/benchmark/inference_ms,24.600859
1779184048.088,/benchmark/inference_ms,25.537493
1779184048.133,/benchmark/inference_ms,25.262583
1779184048.179,/benchmark/inference_ms,25.520565
1779184048.225,/benchmark/inference_ms,24.488829
1779184048.270,/benchmark/inference_ms,24.301342
1779184048.315,/benchmark/inference_ms,25.105177
1779184048.360,/benchmark/inference_ms,25.086233
1779184048.405,/benchmark/inference_ms,24.966328
1779184048.450,/benchmark/inference_ms,24.215261
1779184048.495,/benchmark/inference_ms,25.043962
1779184048.540,/benchmark/inference_ms,25.101656
1779184048.584,/benchmark/inference_ms,24.919609
1779184048.632,/benchmark/inference_ms,24.670937
1779184048.676,/benchmark/inference_ms,24.531420
1779184048.722,/benchmark/inference_ms,25.294615
1779184048.767,/benchmark/inference_ms,25.017399
1779184048.812,/benchmark/inference_ms,24.884089
1779184048.856,/benchmark/inference_ms,24.245022
1779184048.902,/benchmark/inference_ms,25.120953
1779184048.949,/benchmark/inference_ms,25.292183
1779184048.994,/benchmark/inference_ms,25.259222
1779184049.039,/benchmark/inference_ms,24.912249
1779184049.084,/benchmark/inference_ms,24.268253
1779184049.131,/benchmark/inference_ms,25.253654
1779184049.173,/benchmark/inference_ms,24.959002
1779184049.218,/benchmark/inference_ms,25.001720
1779184049.264,/benchmark/inference_ms,24.551260
1779184049.310,/benchmark/inference_ms,24.948441
1779184049.355,/benchmark/inference_ms,25.095991
1779184049.400,/benchmark/inference_ms,25.379829
1779184049.445,/benchmark/inference_ms,25.020634
1779184049.491,/benchmark/inference_ms,24.377724
1779184049.536,/benchmark/inference_ms,25.059832
1779184049.581,/benchmark/inference_ms,25.089622
1779184049.627,/benchmark/inference_ms,25.188536
1779184049.671,/benchmark/inference_ms,24.443100
1779184049.717,/benchmark/inference_ms,24.927097
1779184049.761,/benchmark/inference_ms,24.810329
1779184049.807,/benchmark/inference_ms,25.074553
1779184049.852,/benchmark/inference_ms,24.852249
1779184049.897,/benchmark/inference_ms,24.078365
1779184049.943,/benchmark/inference_ms,25.079321
1779184049.987,/benchmark/inference_ms,25.278008
1779184050.032,/benchmark/inference_ms,24.978359
1779184050.077,/benchmark/inference_ms,24.621275
1779184050.123,/benchmark/inference_ms,24.995768
1779184050.170,/benchmark/inference_ms,24.897305
1779184050.213,/benchmark/inference_ms,25.345749
1779184050.258,/benchmark/inference_ms,24.619995
1779184050.304,/benchmark/inference_ms,24.241055
1779184050.349,/benchmark/inference_ms,25.344694
1779184050.393,/benchmark/inference_ms,25.076855
1779184050.438,/benchmark/inference_ms,24.684986
1779184050.483,/benchmark/inference_ms,24.432283
1779184050.529,/benchmark/inference_ms,25.173752
1779184050.574,/benchmark/inference_ms,25.035992
1779184050.619,/benchmark/inference_ms,25.060633
1779184050.664,/benchmark/inference_ms,24.303581
1779184050.710,/benchmark/inference_ms,24.817146
1779184050.755,/benchmark/inference_ms,24.904215
1779184050.800,/benchmark/inference_ms,25.228151
1779184050.845,/benchmark/inference_ms,24.970423
1779184050.890,/benchmark/inference_ms,24.648474
1779184050.936,/benchmark/inference_ms,25.135414
1779184050.984,/benchmark/inference_ms,26.101841
1779184051.028,/benchmark/inference_ms,25.233974
1779184051.074,/benchmark/inference_ms,25.117079
1779184051.120,/benchmark/inference_ms,25.057398
1779184051.166,/benchmark/inference_ms,25.296087
1779184051.212,/benchmark/inference_ms,25.653843
1779184051.256,/benchmark/inference_ms,25.504309
1779184051.303,/benchmark/inference_ms,25.044441
1779184051.348,/benchmark/inference_ms,24.082878
1779184051.393,/benchmark/inference_ms,24.945496
1779184051.438,/benchmark/inference_ms,25.285782
1779184051.482,/benchmark/inference_ms,25.062904
1779184051.528,/benchmark/inference_ms,24.488699
1779184051.573,/benchmark/inference_ms,25.388983
1779184051.617,/benchmark/inference_ms,24.728601
1779184051.661,/benchmark/inference_ms,24.788729
1779184051.704,/benchmark/inference_ms,23.903454
1779184051.748,/benchmark/inference_ms,23.730080
1779184051.790,/benchmark/inference_ms,23.599297
1779184051.836,/benchmark/inference_ms,25.254709
1779184051.881,/benchmark/inference_ms,25.387861
1779184051.926,/benchmark/inference_ms,24.994841
1779184051.971,/benchmark/inference_ms,24.166525
1779184052.015,/benchmark/inference_ms,24.236670
1779184052.058,/benchmark/inference_ms,24.149021
1779184052.102,/benchmark/inference_ms,23.614529
1779184052.146,/benchmark/inference_ms,23.644064
1779184052.191,/benchmark/inference_ms,25.354805
1779184052.235,/benchmark/inference_ms,24.853111
1779184052.279,/benchmark/inference_ms,23.665216
1779184052.324,/benchmark/inference_ms,24.455803
1779184052.368,/benchmark/inference_ms,24.516636
1779184052.414,/benchmark/inference_ms,24.081404
1779184052.457,/benchmark/inference_ms,23.855999
1779184052.500,/benchmark/inference_ms,24.153343
1779184052.544,/benchmark/inference_ms,24.085438
1779184052.589,/benchmark/inference_ms,24.342907
1779184052.633,/benchmark/inference_ms,24.728344
1779184052.678,/benchmark/inference_ms,24.286907
1779184052.722,/benchmark/inference_ms,24.194910
1779184052.766,/benchmark/inference_ms,24.426044
1779184052.810,/benchmark/inference_ms,24.356413
1779184052.855,/benchmark/inference_ms,24.122557
1779184052.899,/benchmark/inference_ms,24.440477
1779184052.943,/benchmark/inference_ms,24.498266
1779184052.989,/benchmark/inference_ms,24.216349
1779184053.033,/benchmark/inference_ms,24.402460
1779184053.077,/benchmark/inference_ms,23.893278
1779184053.121,/benchmark/inference_ms,23.897182
1779184053.165,/benchmark/inference_ms,24.608570
1779184053.209,/benchmark/inference_ms,24.103518
1779184053.254,/benchmark/inference_ms,23.790079
1779184053.299,/benchmark/inference_ms,24.794937
1779184053.344,/benchmark/inference_ms,24.647547
1779184053.388,/benchmark/inference_ms,24.188990
1779184053.432,/benchmark/inference_ms,24.362556
1779184053.477,/benchmark/inference_ms,24.143484
1779184053.520,/benchmark/inference_ms,24.352028
1779184053.569,/benchmark/inference_ms,24.515322
1779184053.609,/benchmark/inference_ms,23.743103
1779184053.653,/benchmark/inference_ms,24.279261
1779184053.696,/benchmark/inference_ms,24.192286
1779184053.740,/benchmark/inference_ms,23.841759
1779184053.786,/benchmark/inference_ms,24.210493
1779184053.830,/benchmark/inference_ms,24.054398
1779184053.874,/benchmark/inference_ms,23.941311
1779184053.918,/benchmark/inference_ms,24.507610
1779184053.962,/benchmark/inference_ms,23.889502
1779184054.006,/benchmark/inference_ms,23.888287
1779184054.051,/benchmark/inference_ms,24.263420
1779184054.095,/benchmark/inference_ms,23.989758
1779184054.139,/benchmark/inference_ms,24.707993
1779184054.185,/benchmark/inference_ms,25.795858
1779184054.231,/benchmark/inference_ms,25.671284
1779184054.277,/benchmark/inference_ms,25.405012
1779184054.322,/benchmark/inference_ms,24.142780
1779184054.367,/benchmark/inference_ms,24.489948
1779184054.411,/benchmark/inference_ms,24.047422
1779184054.456,/benchmark/inference_ms,24.599514
1779184054.502,/benchmark/inference_ms,26.226318
1779184054.547,/benchmark/inference_ms,25.301270
1779184054.592,/benchmark/inference_ms,25.326069
1779184054.637,/benchmark/inference_ms,24.600122
1779184054.683,/benchmark/inference_ms,25.169174
1779184054.729,/benchmark/inference_ms,25.155830
1779184054.773,/benchmark/inference_ms,25.014198
1779184054.819,/benchmark/inference_ms,24.593081
1779184054.864,/benchmark/inference_ms,24.337980
1779184054.910,/benchmark/inference_ms,25.251671
1779184054.956,/benchmark/inference_ms,24.953142
1779184054.998,/benchmark/inference_ms,24.745817
1779184055.044,/benchmark/inference_ms,24.249723
1779184055.090,/benchmark/inference_ms,25.239670
1779184055.135,/benchmark/inference_ms,25.044695
1779184055.179,/benchmark/inference_ms,24.922585
1779184055.225,/benchmark/inference_ms,24.371162
1779184055.270,/benchmark/inference_ms,25.246357
1779184055.314,/benchmark/inference_ms,25.045654
1779184055.359,/benchmark/inference_ms,25.192726
1779184055.404,/benchmark/inference_ms,24.246107
1779184055.451,/benchmark/inference_ms,25.241268
1779184055.497,/benchmark/inference_ms,25.231926
1779184055.542,/benchmark/inference_ms,25.092630
1779184055.587,/benchmark/inference_ms,24.418074
1779184055.633,/benchmark/inference_ms,25.765266
1779184055.678,/benchmark/inference_ms,25.110325
1779184055.723,/benchmark/inference_ms,25.125078
1779184055.768,/benchmark/inference_ms,24.557882
1779184055.814,/benchmark/inference_ms,24.896791
1779184055.858,/benchmark/inference_ms,24.891064
1779184055.904,/benchmark/inference_ms,25.228117
1779184055.950,/benchmark/inference_ms,24.747160
1779184055.995,/benchmark/inference_ms,25.024855
1779184056.041,/benchmark/inference_ms,25.524115
1779184056.085,/benchmark/inference_ms,24.483738
1779184056.127,/benchmark/inference_ms,23.832861
1779184056.171,/benchmark/inference_ms,24.182013
1779184056.216,/benchmark/inference_ms,24.525337
1779184056.260,/benchmark/inference_ms,24.476187
1779184056.303,/benchmark/inference_ms,23.643904
1779184056.348,/benchmark/inference_ms,24.677816
1779184056.391,/benchmark/inference_ms,24.238493
1779184056.434,/benchmark/inference_ms,23.874622
1779184056.481,/benchmark/inference_ms,26.211695
1779184056.525,/benchmark/inference_ms,24.924889
1779184056.570,/benchmark/inference_ms,24.807320
1779184056.613,/benchmark/inference_ms,24.070364
1779184056.656,/benchmark/inference_ms,23.695007
1779184056.701,/benchmark/inference_ms,23.944382
1779184056.745,/benchmark/inference_ms,24.362938
1779184056.790,/benchmark/inference_ms,25.232470
1779184056.835,/benchmark/inference_ms,24.539673
1779184056.880,/benchmark/inference_ms,24.585209
1779184056.924,/benchmark/inference_ms,24.339548
1779184056.969,/benchmark/inference_ms,25.032055
1779184057.015,/benchmark/inference_ms,25.534739
1779184057.061,/benchmark/inference_ms,25.492500
1779184057.107,/benchmark/inference_ms,24.703001
1779184057.151,/benchmark/inference_ms,24.444410
1779184057.198,/benchmark/inference_ms,25.271252
1779184057.246,/benchmark/inference_ms,24.820023
1779184057.288,/benchmark/inference_ms,25.359123
1779184057.333,/benchmark/inference_ms,25.124405
1779184057.379,/benchmark/inference_ms,24.381817
1779184057.423,/benchmark/inference_ms,24.402618
1779184057.470,/benchmark/inference_ms,26.443533
1779184057.515,/benchmark/inference_ms,25.884880
1779184057.561,/benchmark/inference_ms,25.687538
1779184057.607,/benchmark/inference_ms,24.028765
1779184057.652,/benchmark/inference_ms,25.421299
1779184057.698,/benchmark/inference_ms,24.712666
1779184057.743,/benchmark/inference_ms,25.007607
1779184057.788,/benchmark/inference_ms,25.168180
1779184057.832,/benchmark/inference_ms,24.009277
1779184057.876,/benchmark/inference_ms,23.948797
1779184057.922,/benchmark/inference_ms,24.642426
1779184057.966,/benchmark/inference_ms,24.596088
1779184058.011,/benchmark/inference_ms,24.539515
1779184058.054,/benchmark/inference_ms,24.525915
1779184058.100,/benchmark/inference_ms,24.459705
1779184058.145,/benchmark/inference_ms,24.270939
1779184058.190,/benchmark/inference_ms,24.871607
1779184058.234,/benchmark/inference_ms,24.572409
1779184058.278,/benchmark/inference_ms,24.622648
1779184058.323,/benchmark/inference_ms,24.539034
1779184058.368,/benchmark/inference_ms,24.195101
1779184058.415,/benchmark/inference_ms,24.122076
1779184058.457,/benchmark/inference_ms,25.427092
1779184058.502,/benchmark/inference_ms,24.222044
1779184058.546,/benchmark/inference_ms,24.354012
1779184058.591,/benchmark/inference_ms,24.992695
1779184058.636,/benchmark/inference_ms,24.828472
1779184058.686,/benchmark/inference_ms,26.118895
1779184058.730,/benchmark/inference_ms,26.477388
1779184058.776,/benchmark/inference_ms,25.630899
1779184058.820,/benchmark/inference_ms,23.887966
1779184058.864,/benchmark/inference_ms,24.558617
1779184058.909,/benchmark/inference_ms,24.416859
1779184058.954,/benchmark/inference_ms,24.315483
1779184058.998,/benchmark/inference_ms,24.736153
1779184059.044,/benchmark/inference_ms,25.946255
1779184059.091,/benchmark/inference_ms,26.615372
1779184059.138,/benchmark/inference_ms,26.444843
1779184059.182,/benchmark/inference_ms,24.283035
1779184059.227,/benchmark/inference_ms,24.109917
1779184059.271,/benchmark/inference_ms,24.849560
1779184059.316,/benchmark/inference_ms,24.401306
1779184059.360,/benchmark/inference_ms,24.003805
1779184059.404,/benchmark/inference_ms,24.803062
1779184059.447,/benchmark/inference_ms,23.850462
1779184059.493,/benchmark/inference_ms,24.291548
1779184059.537,/benchmark/inference_ms,24.593273
1779184059.582,/benchmark/inference_ms,24.522587
1779184059.627,/benchmark/inference_ms,24.387386
1779184059.671,/benchmark/inference_ms,24.534040
1779184059.715,/benchmark/inference_ms,24.279419
1779184059.759,/benchmark/inference_ms,24.154268
1779184059.804,/benchmark/inference_ms,24.553625
1779184059.848,/benchmark/inference_ms,24.475193
1779184059.892,/benchmark/inference_ms,24.263132
1779184059.938,/benchmark/inference_ms,24.721880
1779184059.982,/benchmark/inference_ms,24.370075
1779184060.027,/benchmark/inference_ms,24.303833
1779184060.072,/benchmark/inference_ms,24.689880
1779184060.115,/benchmark/inference_ms,24.600183
1779184060.159,/benchmark/inference_ms,23.851711
1779184060.204,/benchmark/inference_ms,24.450905
1779184060.249,/benchmark/inference_ms,24.586681
1779184060.293,/benchmark/inference_ms,24.170906
1779184060.337,/benchmark/inference_ms,24.580696
1779184060.381,/benchmark/inference_ms,24.600121
1779184060.427,/benchmark/inference_ms,24.401497
1779184060.470,/benchmark/inference_ms,24.582041
1779184060.515,/benchmark/inference_ms,24.937271
1779184060.560,/benchmark/inference_ms,24.408442
1779184060.603,/benchmark/inference_ms,23.989052
1779184060.649,/benchmark/inference_ms,24.906710
1779184060.693,/benchmark/inference_ms,24.631351
1779184060.739,/benchmark/inference_ms,24.441851
1779184060.783,/benchmark/inference_ms,24.131067
1779184060.826,/benchmark/inference_ms,24.916630
1779184060.872,/benchmark/inference_ms,24.712278
1779184060.916,/benchmark/inference_ms,24.832119
1779184060.960,/benchmark/inference_ms,24.697145
1779184061.005,/benchmark/inference_ms,24.444984
1779184061.048,/benchmark/inference_ms,24.854038
1779184061.094,/benchmark/inference_ms,24.950134
1779184061.138,/benchmark/inference_ms,25.039925
1779184061.183,/benchmark/inference_ms,25.082262
1779184061.229,/benchmark/inference_ms,25.822767
1779184061.274,/benchmark/inference_ms,25.024214
1779184061.319,/benchmark/inference_ms,24.646008
1779184061.367,/benchmark/inference_ms,24.526968
1779184061.414,/benchmark/inference_ms,25.076948
1779184061.457,/benchmark/inference_ms,24.910551
1779184061.501,/benchmark/inference_ms,24.246138
1779184061.545,/benchmark/inference_ms,24.410683
1779184061.590,/benchmark/inference_ms,25.061653
1779184061.634,/benchmark/inference_ms,24.297850
1779184061.678,/benchmark/inference_ms,24.963959
1779184061.724,/benchmark/inference_ms,25.685104
1779184061.770,/benchmark/inference_ms,24.936981
1779184061.814,/benchmark/inference_ms,24.615578
1779184061.861,/benchmark/inference_ms,25.190355
1779184061.906,/benchmark/inference_ms,24.908022
1779184061.952,/benchmark/inference_ms,25.324724
1779184061.998,/benchmark/inference_ms,24.896248
1779184062.042,/benchmark/inference_ms,24.558168
1779184062.088,/benchmark/inference_ms,24.446487
1779184062.133,/benchmark/inference_ms,25.704689
1779184062.183,/benchmark/inference_ms,25.605202
1779184062.231,/benchmark/inference_ms,25.405874
1779184062.276,/benchmark/inference_ms,25.843151
1779184062.321,/benchmark/inference_ms,24.834871
1779184062.366,/benchmark/inference_ms,25.490162
1779184062.412,/benchmark/inference_ms,24.997301
1779184062.459,/benchmark/inference_ms,24.643768
1779184062.503,/benchmark/inference_ms,25.128723
1779184062.548,/benchmark/inference_ms,25.522320
1779184062.594,/benchmark/inference_ms,25.880623
1779184062.640,/benchmark/inference_ms,25.262962
1779184062.686,/benchmark/inference_ms,25.062132
1779184062.732,/benchmark/inference_ms,25.530577
1779184062.777,/benchmark/inference_ms,25.455441
1779184062.821,/benchmark/inference_ms,24.872055
1779184062.867,/benchmark/inference_ms,24.539000
1779184062.914,/benchmark/inference_ms,24.865910
1779184062.957,/benchmark/inference_ms,25.562323
1779184063.003,/benchmark/inference_ms,25.490705
1779184063.049,/benchmark/inference_ms,24.954582
1779184063.095,/benchmark/inference_ms,24.516922
1779184063.140,/benchmark/inference_ms,25.657745
1779184063.187,/benchmark/inference_ms,27.138855
1779184063.232,/benchmark/inference_ms,24.494425
1779184063.278,/benchmark/inference_ms,25.103573
1779184063.324,/benchmark/inference_ms,25.209780
1779184063.369,/benchmark/inference_ms,25.274483
1779184063.415,/benchmark/inference_ms,25.341269
1779184063.460,/benchmark/inference_ms,25.052822
1779184063.506,/benchmark/inference_ms,25.099060
1779184063.552,/benchmark/inference_ms,25.711920
1779184063.596,/benchmark/inference_ms,25.227507
1779184063.645,/benchmark/inference_ms,25.099283
1779184063.691,/benchmark/inference_ms,24.730616
1779184063.734,/benchmark/inference_ms,25.774767
1779184063.779,/benchmark/inference_ms,25.546385
1779184063.824,/benchmark/inference_ms,25.232082
1779184063.870,/benchmark/inference_ms,24.762104
1779184063.919,/benchmark/inference_ms,25.191029
1779184063.963,/benchmark/inference_ms,25.490257
1779184064.012,/benchmark/inference_ms,26.360588
1779184064.055,/benchmark/inference_ms,24.421082
1779184064.101,/benchmark/inference_ms,24.410458
1779184064.146,/benchmark/inference_ms,24.980309
1779184064.191,/benchmark/inference_ms,25.199123
1779184064.236,/benchmark/inference_ms,24.893013
1779184064.281,/benchmark/inference_ms,25.221395
1779184064.326,/benchmark/inference_ms,24.790903
1779184064.372,/benchmark/inference_ms,24.442072
1779184064.416,/benchmark/inference_ms,24.845526
1779184064.464,/benchmark/inference_ms,25.530514
1779184064.509,/benchmark/inference_ms,25.300146
1779184064.555,/benchmark/inference_ms,25.317938
1779184064.599,/benchmark/inference_ms,25.093781
1779184064.647,/benchmark/inference_ms,24.918871
1779184064.690,/benchmark/inference_ms,24.182650
1779184064.736,/benchmark/inference_ms,25.035797
1779184064.780,/benchmark/inference_ms,25.075350
1779184064.826,/benchmark/inference_ms,24.730616
1779184064.870,/benchmark/inference_ms,24.657303
1779184064.920,/benchmark/inference_ms,23.964796
1779184064.960,/benchmark/inference_ms,24.203356
1779184065.005,/benchmark/inference_ms,25.094101
1779184065.050,/benchmark/inference_ms,25.786417
1779184065.096,/benchmark/inference_ms,25.248436
1779184065.141,/benchmark/inference_ms,25.094101
1779184065.185,/benchmark/inference_ms,24.407833
1779184065.230,/benchmark/inference_ms,24.350586
1779184065.276,/benchmark/inference_ms,25.203028
1779184065.322,/benchmark/inference_ms,25.247572
1779184065.366,/benchmark/inference_ms,25.242577
1779184065.411,/benchmark/inference_ms,25.173267
1779184065.457,/benchmark/inference_ms,24.839285
1779184065.501,/benchmark/inference_ms,24.239964
1779184065.545,/benchmark/inference_ms,25.075573
1779184065.595,/benchmark/inference_ms,27.684355
1779184065.636,/benchmark/inference_ms,24.042364
1779184065.686,/benchmark/inference_ms,28.099169
1779184065.731,/benchmark/inference_ms,25.157299
1779184065.775,/benchmark/inference_ms,24.188761
1779184065.821,/benchmark/inference_ms,24.753302
1779184065.871,/benchmark/inference_ms,28.105759
1779184065.913,/benchmark/inference_ms,24.485399
1779184065.958,/benchmark/inference_ms,24.543255
1779184066.003,/benchmark/inference_ms,24.182108
1779184066.047,/benchmark/inference_ms,23.957371
1779184066.092,/benchmark/inference_ms,24.948788
1779184066.137,/benchmark/inference_ms,24.759733
1779184066.181,/benchmark/inference_ms,24.734838
1779184066.226,/benchmark/inference_ms,24.388313
1779184066.270,/benchmark/inference_ms,23.982363
1779184066.316,/benchmark/inference_ms,24.522871
1779184066.360,/benchmark/inference_ms,24.539543
1779184066.404,/benchmark/inference_ms,24.892309
1779184066.449,/benchmark/inference_ms,24.428152
1779184066.495,/benchmark/inference_ms,23.587133
1779184066.539,/benchmark/inference_ms,24.515959
1779184066.583,/benchmark/inference_ms,24.776854
1779184066.626,/benchmark/inference_ms,24.918774
1779184066.674,/benchmark/inference_ms,26.032972
1779184066.722,/benchmark/inference_ms,25.636400
1779184066.768,/benchmark/inference_ms,25.252403
1779184066.811,/benchmark/inference_ms,23.801819
1779184066.855,/benchmark/inference_ms,24.034618
1779184066.901,/benchmark/inference_ms,24.396505
1779184066.944,/benchmark/inference_ms,24.674932
1779184066.988,/benchmark/inference_ms,24.035578
1779184067.034,/benchmark/inference_ms,24.209017
1779184067.078,/benchmark/inference_ms,24.449848
1779184067.122,/benchmark/inference_ms,23.918875
1779184067.169,/benchmark/inference_ms,24.319927
1779184067.211,/benchmark/inference_ms,24.491224
1779184067.255,/benchmark/inference_ms,24.782484
1779184067.299,/benchmark/inference_ms,23.822908
1779184067.346,/benchmark/inference_ms,24.443192
1779184067.390,/benchmark/inference_ms,24.204538
1779184067.435,/benchmark/inference_ms,24.802742
1779184067.480,/benchmark/inference_ms,25.628752
1779184067.527,/benchmark/inference_ms,26.122667
1779184067.572,/benchmark/inference_ms,25.194258
1779184067.616,/benchmark/inference_ms,24.273529
1779184067.660,/benchmark/inference_ms,24.136473
1779184067.705,/benchmark/inference_ms,24.573399
1779184067.749,/benchmark/inference_ms,24.521431
1779184067.794,/benchmark/inference_ms,24.997044
1779184067.838,/benchmark/inference_ms,23.905756
1779184067.882,/benchmark/inference_ms,24.543800
1779184067.927,/benchmark/inference_ms,24.669941
1779184067.972,/benchmark/inference_ms,23.994011
1779184068.018,/benchmark/inference_ms,25.949902
1779184068.065,/benchmark/inference_ms,24.657974
1779184068.108,/benchmark/inference_ms,24.474743
1779184068.152,/benchmark/inference_ms,24.135418
1779184068.197,/benchmark/inference_ms,24.501495
1779184068.242,/benchmark/inference_ms,24.627157
1779184068.286,/benchmark/inference_ms,24.050554
1779184068.331,/benchmark/inference_ms,24.916565
1779184068.376,/benchmark/inference_ms,24.504343
1779184068.420,/benchmark/inference_ms,23.879259
1779184068.465,/benchmark/inference_ms,24.667318
1779184068.509,/benchmark/inference_ms,24.151577
1779184068.554,/benchmark/inference_ms,24.096987
1779184068.599,/benchmark/inference_ms,24.873459
1779184068.643,/benchmark/inference_ms,24.538647
1779184068.688,/benchmark/inference_ms,24.021980
1779184068.733,/benchmark/inference_ms,24.654264
1779184068.777,/benchmark/inference_ms,24.668278
1779184068.822,/benchmark/inference_ms,24.404089
1779184068.867,/benchmark/inference_ms,24.883251
1779184068.917,/benchmark/inference_ms,24.520025
1779184068.958,/benchmark/inference_ms,24.275257
1779184069.002,/benchmark/inference_ms,23.766558
1779184069.047,/benchmark/inference_ms,24.569622
1779184069.091,/benchmark/inference_ms,24.834934
1779184069.137,/benchmark/inference_ms,24.236921
1779184069.180,/benchmark/inference_ms,24.839190
1779184069.224,/benchmark/inference_ms,23.969690
1779184069.271,/benchmark/inference_ms,24.605814
1779184069.316,/benchmark/inference_ms,25.151346
1779184069.360,/benchmark/inference_ms,24.479544
1779184069.405,/benchmark/inference_ms,23.976027
1779184069.450,/benchmark/inference_ms,24.520279
1779184069.493,/benchmark/inference_ms,24.949364
1779184069.538,/benchmark/inference_ms,23.828636
1779184069.583,/benchmark/inference_ms,24.804596
1779184069.632,/benchmark/inference_ms,24.235416
1779184069.673,/benchmark/inference_ms,24.400696
1779184069.717,/benchmark/inference_ms,24.473145
1779184069.764,/benchmark/inference_ms,25.925774
1779184069.810,/benchmark/inference_ms,26.257868
1779184069.857,/benchmark/inference_ms,25.879148
1779184069.902,/benchmark/inference_ms,25.057268
1779184069.946,/benchmark/inference_ms,24.099770
1779184069.992,/benchmark/inference_ms,24.383545
1779184070.037,/benchmark/inference_ms,24.936691
1779184070.082,/benchmark/inference_ms,24.706261
1779184070.126,/benchmark/inference_ms,24.496311
1779184070.171,/benchmark/inference_ms,24.936245
1779184070.216,/benchmark/inference_ms,24.999636
1779184070.260,/benchmark/inference_ms,24.426680
1779184070.305,/benchmark/inference_ms,25.020340
1779184070.350,/benchmark/inference_ms,24.663862
1779184070.394,/benchmark/inference_ms,24.346296
1779184070.439,/benchmark/inference_ms,24.422232
1779184070.483,/benchmark/inference_ms,24.735350
1779184070.529,/benchmark/inference_ms,26.084780
1779184070.576,/benchmark/inference_ms,25.797901
1779184070.622,/benchmark/inference_ms,25.576782
1779184070.668,/benchmark/inference_ms,24.735477
1779184070.714,/benchmark/inference_ms,25.666672
1779184070.758,/benchmark/inference_ms,25.232721
1779184070.803,/benchmark/inference_ms,24.492983
1779184070.848,/benchmark/inference_ms,23.778973
1779184070.892,/benchmark/inference_ms,23.962011
1779184070.934,/benchmark/inference_ms,23.914074
1779184070.979,/benchmark/inference_ms,24.330616
1779184071.026,/benchmark/inference_ms,25.864269
1779184071.071,/benchmark/inference_ms,24.764757
1779184071.116,/benchmark/inference_ms,25.485168
1779184071.162,/benchmark/inference_ms,24.872757
1779184071.209,/benchmark/inference_ms,24.842548
1779184071.260,/benchmark/inference_ms,24.885715
1779184071.307,/benchmark/inference_ms,25.982668
1779184071.352,/benchmark/inference_ms,25.966061
1779184071.398,/benchmark/inference_ms,25.459984
1779184071.443,/benchmark/inference_ms,24.868149
1779184071.488,/benchmark/inference_ms,24.414520
1779184071.533,/benchmark/inference_ms,25.730671
1779184071.580,/benchmark/inference_ms,26.213867
1779184071.627,/benchmark/inference_ms,24.981779
1779184071.671,/benchmark/inference_ms,24.650869
1779184071.715,/benchmark/inference_ms,24.564951
1779184071.761,/benchmark/inference_ms,25.190706
1779184071.807,/benchmark/inference_ms,25.217651
1779184071.852,/benchmark/inference_ms,24.828403
1779184071.897,/benchmark/inference_ms,25.010900
1779184071.945,/benchmark/inference_ms,25.075346
1779184071.988,/benchmark/inference_ms,25.291283
1779184072.034,/benchmark/inference_ms,25.655056
1779184072.079,/benchmark/inference_ms,25.375536
1779184072.124,/benchmark/inference_ms,24.520437
1779184072.170,/benchmark/inference_ms,25.029203
1779184072.215,/benchmark/inference_ms,25.326992
1779184072.260,/benchmark/inference_ms,25.225521
1779184072.304,/benchmark/inference_ms,23.639900
1779184072.348,/benchmark/inference_ms,23.921913
1779184072.393,/benchmark/inference_ms,24.705109
1779184072.438,/benchmark/inference_ms,25.132563
1779184072.484,/benchmark/inference_ms,25.879629
1779184072.531,/benchmark/inference_ms,25.484655
1779184072.576,/benchmark/inference_ms,25.073107
1779184072.620,/benchmark/inference_ms,24.387865
1779184072.665,/benchmark/inference_ms,24.187895
1779184072.709,/benchmark/inference_ms,24.193434
1779184072.754,/benchmark/inference_ms,24.577942
1779184072.798,/benchmark/inference_ms,24.336344
1779184072.842,/benchmark/inference_ms,24.244791
1779184072.887,/benchmark/inference_ms,24.304760
1779184072.931,/benchmark/inference_ms,24.633301
1779184072.976,/benchmark/inference_ms,23.846460
1779184073.020,/benchmark/inference_ms,24.210552
1779184073.065,/benchmark/inference_ms,24.164345
1779184073.109,/benchmark/inference_ms,23.735613
1779184073.152,/benchmark/inference_ms,24.545431
1779184073.196,/benchmark/inference_ms,24.850805
1779184073.240,/benchmark/inference_ms,24.335320
1779184073.286,/benchmark/inference_ms,24.597462
1779184073.330,/benchmark/inference_ms,24.654644
1779184073.375,/benchmark/inference_ms,24.188856
1779184073.419,/benchmark/inference_ms,24.059320
1779184073.466,/benchmark/inference_ms,25.903341
1779184073.524,/benchmark/inference_ms,25.125618
1779184073.558,/benchmark/inference_ms,25.757069
1779184073.602,/benchmark/inference_ms,23.682844
1779184073.646,/benchmark/inference_ms,24.049242
1779184073.689,/benchmark/inference_ms,24.322903
1779184073.734,/benchmark/inference_ms,23.852444
1779184073.779,/benchmark/inference_ms,24.162937
1779184073.824,/benchmark/inference_ms,25.305136
1779184073.869,/benchmark/inference_ms,25.155827
1779184073.915,/benchmark/inference_ms,24.874290
1779184073.961,/benchmark/inference_ms,24.714550
1779184074.003,/benchmark/inference_ms,24.796917
1779184074.048,/benchmark/inference_ms,25.494127
1779184074.095,/benchmark/inference_ms,24.884020
1779184074.141,/benchmark/inference_ms,25.968269
1779184074.190,/benchmark/inference_ms,25.039537
1779184074.231,/benchmark/inference_ms,24.712469
1779184074.277,/benchmark/inference_ms,24.498262
1779184074.323,/benchmark/inference_ms,24.991892
1779184074.368,/benchmark/inference_ms,25.883436
1779184074.416,/benchmark/inference_ms,24.779221
1779184074.458,/benchmark/inference_ms,24.494293
1779184074.502,/benchmark/inference_ms,24.329399
1779184074.547,/benchmark/inference_ms,24.769907
1779184074.593,/benchmark/inference_ms,25.262417
1779184074.638,/benchmark/inference_ms,24.933844
1779184074.683,/benchmark/inference_ms,24.995186
1779184074.727,/benchmark/inference_ms,24.530134
1779184074.772,/benchmark/inference_ms,24.433847
1779184074.817,/benchmark/inference_ms,24.631861
1779184074.862,/benchmark/inference_ms,24.861780
1779184074.906,/benchmark/inference_ms,24.849140
1779184074.952,/benchmark/inference_ms,26.294186
1779184074.998,/benchmark/inference_ms,25.488623
1779184075.042,/benchmark/inference_ms,24.995762
1779184075.087,/benchmark/inference_ms,25.377838
1779184075.131,/benchmark/inference_ms,24.862867
1779184075.177,/benchmark/inference_ms,24.493238
1779184075.222,/benchmark/inference_ms,24.316278
1779184075.267,/benchmark/inference_ms,25.383791
1779184075.313,/benchmark/inference_ms,25.409937
1779184075.358,/benchmark/inference_ms,25.331823
1779184075.402,/benchmark/inference_ms,25.195345
1779184075.447,/benchmark/inference_ms,25.165106
1779184075.493,/benchmark/inference_ms,24.487541
1779184075.538,/benchmark/inference_ms,24.177591
1779184075.584,/benchmark/inference_ms,24.941778
1779184075.631,/benchmark/inference_ms,25.873997
1779184075.674,/benchmark/inference_ms,25.038963
1779184075.720,/benchmark/inference_ms,25.158672
1779184075.765,/benchmark/inference_ms,24.698004
1779184075.810,/benchmark/inference_ms,24.772148
1779184075.855,/benchmark/inference_ms,24.163641
1779184075.900,/benchmark/inference_ms,25.041042
1779184075.945,/benchmark/inference_ms,24.977427
1779184075.990,/benchmark/inference_ms,25.206863
1779184076.036,/benchmark/inference_ms,25.522285
1779184076.083,/benchmark/inference_ms,25.041939
1779184076.135,/benchmark/inference_ms,29.878735
1779184076.180,/benchmark/inference_ms,24.468628
1779184076.224,/benchmark/inference_ms,23.840090
1779184076.270,/benchmark/inference_ms,24.552277
1779184076.313,/benchmark/inference_ms,24.253078
1779184076.359,/benchmark/inference_ms,24.841171
1779184076.404,/benchmark/inference_ms,25.043123
1779184076.450,/benchmark/inference_ms,26.274698
1779184076.496,/benchmark/inference_ms,26.102985
1779184076.540,/benchmark/inference_ms,23.887354
1779184076.584,/benchmark/inference_ms,24.084280
1779184076.635,/benchmark/inference_ms,23.913691
1779184076.671,/benchmark/inference_ms,23.579197
1779184076.716,/benchmark/inference_ms,24.721781
1779184076.762,/benchmark/inference_ms,25.865803
1779184076.807,/benchmark/inference_ms,25.336561
1779184076.851,/benchmark/inference_ms,23.846842
1779184076.895,/benchmark/inference_ms,23.761339
1779184076.939,/benchmark/inference_ms,24.516375
1779184076.983,/benchmark/inference_ms,25.465710
1779184077.029,/benchmark/inference_ms,24.880884
1779184077.076,/benchmark/inference_ms,25.379503
1779184077.121,/benchmark/inference_ms,24.934513
1779184077.166,/benchmark/inference_ms,24.955347
1779184077.211,/benchmark/inference_ms,25.035538
1779184077.257,/benchmark/inference_ms,26.403688
1779184077.304,/benchmark/inference_ms,25.159058
1779184077.349,/benchmark/inference_ms,25.642061
1779184077.394,/benchmark/inference_ms,24.910419
1779184077.442,/benchmark/inference_ms,25.256304
1779184077.484,/benchmark/inference_ms,24.714931
1779184077.531,/benchmark/inference_ms,25.687790
1779184077.577,/benchmark/inference_ms,25.199663
1779184077.623,/benchmark/inference_ms,25.747917
1779184077.667,/benchmark/inference_ms,23.775227
1779184077.711,/benchmark/inference_ms,23.580284
1779184077.754,/benchmark/inference_ms,24.023705
1779184077.798,/benchmark/inference_ms,23.815769
1779184077.842,/benchmark/inference_ms,24.213655
1779184077.886,/benchmark/inference_ms,24.346615
1779184077.932,/benchmark/inference_ms,23.948090
1779184077.975,/benchmark/inference_ms,23.571995
1779184078.019,/benchmark/inference_ms,24.213367
1779184078.065,/benchmark/inference_ms,23.886395
1779184078.108,/benchmark/inference_ms,23.932024
1779184078.151,/benchmark/inference_ms,24.524597
1779184078.195,/benchmark/inference_ms,23.758842
1779184078.239,/benchmark/inference_ms,23.499292
1779184078.282,/benchmark/inference_ms,24.119768
1779184078.326,/benchmark/inference_ms,23.811962
1779184078.370,/benchmark/inference_ms,24.053080
1779184078.416,/benchmark/inference_ms,24.532118
1779184078.457,/benchmark/inference_ms,23.900858
1779184078.501,/benchmark/inference_ms,24.370037
1779184078.545,/benchmark/inference_ms,23.958649
1779184078.589,/benchmark/inference_ms,23.725082
1779184078.634,/benchmark/inference_ms,23.944057
1779184078.677,/benchmark/inference_ms,23.979609
1779184078.720,/benchmark/inference_ms,23.965977
1779184078.764,/benchmark/inference_ms,23.984472
1779184078.808,/benchmark/inference_ms,23.814617
1779184078.852,/benchmark/inference_ms,23.790106
1779184078.898,/benchmark/inference_ms,24.305527
1779184078.941,/benchmark/inference_ms,24.429142
1779184078.985,/benchmark/inference_ms,23.795898
1779184079.029,/benchmark/inference_ms,24.140665
1779184079.073,/benchmark/inference_ms,23.909594
1779184079.116,/benchmark/inference_ms,23.450460
1779184079.160,/benchmark/inference_ms,24.107769
1779184079.204,/benchmark/inference_ms,23.975000
1779184079.247,/benchmark/inference_ms,24.268951
1779184079.293,/benchmark/inference_ms,24.140568
1779184079.335,/benchmark/inference_ms,23.705179
1779184079.381,/benchmark/inference_ms,24.540342
1779184079.424,/benchmark/inference_ms,24.237463
1779184079.468,/benchmark/inference_ms,23.474077
1779184079.513,/benchmark/inference_ms,24.792627
1779184079.556,/benchmark/inference_ms,24.421108
1779184079.600,/benchmark/inference_ms,23.957785
1779184079.646,/benchmark/inference_ms,24.939793
1779184079.687,/benchmark/inference_ms,24.683540
1779184079.732,/benchmark/inference_ms,24.668243
1779184079.777,/benchmark/inference_ms,23.827290
1779184079.820,/benchmark/inference_ms,23.803194
1779184079.865,/benchmark/inference_ms,24.713236
1779184079.909,/benchmark/inference_ms,24.680244
1779184079.954,/benchmark/inference_ms,24.711924
1779184079.998,/benchmark/inference_ms,24.085720
1779184080.042,/benchmark/inference_ms,23.870266
1779184080.087,/benchmark/inference_ms,24.922098
1779184080.133,/benchmark/inference_ms,24.293686
1779184080.176,/benchmark/inference_ms,24.546581
1779184080.221,/benchmark/inference_ms,24.465878
1779184080.264,/benchmark/inference_ms,23.780859
1779184080.309,/benchmark/inference_ms,24.769619
1779184080.354,/benchmark/inference_ms,23.809050
1779184080.398,/benchmark/inference_ms,24.226358
1779184080.442,/benchmark/inference_ms,23.946201
1779184080.487,/benchmark/inference_ms,23.792187
1779184080.533,/benchmark/inference_ms,25.810987
1779184080.579,/benchmark/inference_ms,25.688780
1779184080.625,/benchmark/inference_ms,25.686155
1779184080.669,/benchmark/inference_ms,24.240213
1779184080.713,/benchmark/inference_ms,24.371124
1779184080.757,/benchmark/inference_ms,24.382166
1779184080.803,/benchmark/inference_ms,24.454132
1779184080.847,/benchmark/inference_ms,23.631260
1779184080.891,/benchmark/inference_ms,24.016439
1779184080.935,/benchmark/inference_ms,24.449173
1779184080.979,/benchmark/inference_ms,23.806936
1779184081.024,/benchmark/inference_ms,24.560404
1779184081.070,/benchmark/inference_ms,23.991064
1779184081.113,/benchmark/inference_ms,24.457846
1779184081.158,/benchmark/inference_ms,25.127474
1779184081.202,/benchmark/inference_ms,24.429300
1779184081.247,/benchmark/inference_ms,24.220728
1779184081.291,/benchmark/inference_ms,23.780954
1779184081.335,/benchmark/inference_ms,23.784826
1779184081.380,/benchmark/inference_ms,24.691477
1779184081.426,/benchmark/inference_ms,24.948849
1779184081.472,/benchmark/inference_ms,25.051826
1779184081.518,/benchmark/inference_ms,24.662485
1779184081.564,/benchmark/inference_ms,26.004202
1779184081.608,/benchmark/inference_ms,25.038576
1779184081.654,/benchmark/inference_ms,24.752211
1779184081.698,/benchmark/inference_ms,24.394836
1779184081.743,/benchmark/inference_ms,24.472437
1779184081.790,/benchmark/inference_ms,24.670547
1779184081.835,/benchmark/inference_ms,25.089584
1779184081.880,/benchmark/inference_ms,24.869970
1779184081.924,/benchmark/inference_ms,24.716627
1779184081.969,/benchmark/inference_ms,24.227415
1779184082.015,/benchmark/inference_ms,25.139889
1779184082.061,/benchmark/inference_ms,25.833899
1779184082.107,/benchmark/inference_ms,24.951090
1779184082.153,/benchmark/inference_ms,24.764627
1779184082.199,/benchmark/inference_ms,25.352974
1779184082.244,/benchmark/inference_ms,25.296398
1779184082.291,/benchmark/inference_ms,25.910059
1779184082.335,/benchmark/inference_ms,24.625748
1779184082.380,/benchmark/inference_ms,24.254391
1779184082.427,/benchmark/inference_ms,25.240238
1779184082.473,/benchmark/inference_ms,25.542061
1779184082.517,/benchmark/inference_ms,24.924561
1779184082.565,/benchmark/inference_ms,24.691412
1779184082.608,/benchmark/inference_ms,25.018833
1779184082.653,/benchmark/inference_ms,25.355055
1779184082.698,/benchmark/inference_ms,25.112177
1779184082.744,/benchmark/inference_ms,24.428852
1779184082.789,/benchmark/inference_ms,24.240566
1779184082.835,/benchmark/inference_ms,25.854858
1779184082.879,/benchmark/inference_ms,25.168976
1779184082.925,/benchmark/inference_ms,24.986481
1779184082.970,/benchmark/inference_ms,24.496628
1779184083.015,/benchmark/inference_ms,24.770899
1779184083.061,/benchmark/inference_ms,25.156080
1779184083.106,/benchmark/inference_ms,25.394285
1779184083.151,/benchmark/inference_ms,25.315342
1779184083.198,/benchmark/inference_ms,25.552973
1779184083.243,/benchmark/inference_ms,24.324469
1779184083.286,/benchmark/inference_ms,24.513876
1779184083.331,/benchmark/inference_ms,24.809969
1779184083.376,/benchmark/inference_ms,24.966066
1779184083.420,/benchmark/inference_ms,24.484243
1779184083.466,/benchmark/inference_ms,24.399284
1779184083.511,/benchmark/inference_ms,24.120760
1779184083.555,/benchmark/inference_ms,24.675537
1779184083.600,/benchmark/inference_ms,24.698067
1779184083.647,/benchmark/inference_ms,25.301167
1779184083.690,/benchmark/inference_ms,24.752243
1779184083.734,/benchmark/inference_ms,24.143127
1779184083.780,/benchmark/inference_ms,24.268694
1779184083.825,/benchmark/inference_ms,25.206030
1779184083.872,/benchmark/inference_ms,25.189487
1779184083.919,/benchmark/inference_ms,24.716852
1779184083.958,/benchmark/inference_ms,24.538420
1779184084.004,/benchmark/inference_ms,24.098904
1779184084.047,/benchmark/inference_ms,23.936760
1779184084.093,/benchmark/inference_ms,24.806898
1779184084.139,/benchmark/inference_ms,25.411213
1779184084.184,/benchmark/inference_ms,25.284462
1779184084.228,/benchmark/inference_ms,25.029743
1779184084.273,/benchmark/inference_ms,24.230614
1779184084.317,/benchmark/inference_ms,23.945591
1779184084.362,/benchmark/inference_ms,24.940016
1779184084.406,/benchmark/inference_ms,24.969839
1779184084.451,/benchmark/inference_ms,24.518677
1779184084.494,/benchmark/inference_ms,24.277046
1779184084.539,/benchmark/inference_ms,23.893816
1779184084.584,/benchmark/inference_ms,24.520596
1779184084.632,/benchmark/inference_ms,24.973551
1779184084.674,/benchmark/inference_ms,24.556627
1779184084.719,/benchmark/inference_ms,24.975601
1779184084.763,/benchmark/inference_ms,24.560757
1779184084.808,/benchmark/inference_ms,24.098711
1779184084.851,/benchmark/inference_ms,24.324757
1779184084.897,/benchmark/inference_ms,25.006449
1779184084.943,/benchmark/inference_ms,24.539988
1779184084.987,/benchmark/inference_ms,24.980625
1779184085.031,/benchmark/inference_ms,24.285109
1779184085.076,/benchmark/inference_ms,23.910583
1779184085.121,/benchmark/inference_ms,24.300180
1779184085.165,/benchmark/inference_ms,24.665106
1779184085.209,/benchmark/inference_ms,24.812561
1779184085.254,/benchmark/inference_ms,24.488466
1779184085.299,/benchmark/inference_ms,24.202837
1779184085.343,/benchmark/inference_ms,24.242645
1779184085.388,/benchmark/inference_ms,24.909584
1779184085.435,/benchmark/inference_ms,26.187208
1779184085.481,/benchmark/inference_ms,25.941097
1779184085.525,/benchmark/inference_ms,24.271158
1779184085.569,/benchmark/inference_ms,23.739258
1779184085.614,/benchmark/inference_ms,24.774162
1779184085.658,/benchmark/inference_ms,24.762161
1779184085.703,/benchmark/inference_ms,24.910513
1779184085.748,/benchmark/inference_ms,24.867857
1779184085.793,/benchmark/inference_ms,24.306549
1779184085.838,/benchmark/inference_ms,23.695898
1779184085.883,/benchmark/inference_ms,24.730354
1779184085.928,/benchmark/inference_ms,25.354958
1779184085.973,/benchmark/inference_ms,25.223949
1779184086.018,/benchmark/inference_ms,24.889969
1779184086.066,/benchmark/inference_ms,24.204788
1779184086.109,/benchmark/inference_ms,24.014359
1779184086.152,/benchmark/inference_ms,25.188749
1779184086.198,/benchmark/inference_ms,25.179790
1779184086.242,/benchmark/inference_ms,24.980816
1779184086.287,/benchmark/inference_ms,24.582546
1779184086.332,/benchmark/inference_ms,24.355446
1779184086.378,/benchmark/inference_ms,24.202454
1779184086.424,/benchmark/inference_ms,25.083920
1779184086.469,/benchmark/inference_ms,24.993937
1779184086.514,/benchmark/inference_ms,24.797073
1779184086.559,/benchmark/inference_ms,24.802065
1779184086.606,/benchmark/inference_ms,24.819824
1779184086.649,/benchmark/inference_ms,24.431700
1779184086.693,/benchmark/inference_ms,24.341427
1779184086.739,/benchmark/inference_ms,24.791759
1779184086.784,/benchmark/inference_ms,24.698643
1779184086.829,/benchmark/inference_ms,24.863058
1779184086.873,/benchmark/inference_ms,24.211637
1779184086.919,/benchmark/inference_ms,24.154198
1779184086.962,/benchmark/inference_ms,23.839897
1779184087.008,/benchmark/inference_ms,24.789906
1779184087.052,/benchmark/inference_ms,24.756754
1779184087.098,/benchmark/inference_ms,26.135401
1779184087.145,/benchmark/inference_ms,25.496397
1779184087.190,/benchmark/inference_ms,24.567539
1779184087.234,/benchmark/inference_ms,24.518066
1779184087.279,/benchmark/inference_ms,24.617107
1779184087.323,/benchmark/inference_ms,24.447540
1779184087.368,/benchmark/inference_ms,24.198677
1779184087.414,/benchmark/inference_ms,24.539347
1779184087.458,/benchmark/inference_ms,24.698994
1779184087.503,/benchmark/inference_ms,24.653778
1779184087.548,/benchmark/inference_ms,24.903536
1779184087.594,/benchmark/inference_ms,25.197006
1779184087.640,/benchmark/inference_ms,25.162350
1779184087.685,/benchmark/inference_ms,25.883209
1779184087.729,/benchmark/inference_ms,24.766195
1779184087.776,/benchmark/inference_ms,24.159702
1779184087.821,/benchmark/inference_ms,24.018871
1779184087.866,/benchmark/inference_ms,24.666769
1779184087.909,/benchmark/inference_ms,24.577076
1779184087.954,/benchmark/inference_ms,24.657394
1779184087.999,/benchmark/inference_ms,24.675474
1779184088.044,/benchmark/inference_ms,23.945528
1779184088.088,/benchmark/inference_ms,24.439573
1779184088.133,/benchmark/inference_ms,24.479443
1779184088.177,/benchmark/inference_ms,24.683794
1779184088.221,/benchmark/inference_ms,24.512115
1779184088.266,/benchmark/inference_ms,23.984406
1779184088.310,/benchmark/inference_ms,23.813271
1779184088.355,/benchmark/inference_ms,24.905264
1779184088.401,/benchmark/inference_ms,25.968138
1779184088.448,/benchmark/inference_ms,26.582243
1779184088.491,/benchmark/inference_ms,23.337883
1779184088.535,/benchmark/inference_ms,23.678778
1779184088.579,/benchmark/inference_ms,24.399090
1779184088.624,/benchmark/inference_ms,24.210485
1779184088.668,/benchmark/inference_ms,23.858585
1779184088.710,/benchmark/inference_ms,24.351189
1779184088.754,/benchmark/inference_ms,24.016758
1779184088.798,/benchmark/inference_ms,24.079350
1779184088.841,/benchmark/inference_ms,23.884377
1779184088.884,/benchmark/inference_ms,23.925976
1779184088.928,/benchmark/inference_ms,24.116951
1779184088.971,/benchmark/inference_ms,23.687033
1779184089.014,/benchmark/inference_ms,23.667225
1779184089.058,/benchmark/inference_ms,24.362131
1779184089.102,/benchmark/inference_ms,24.170837
1779184089.148,/benchmark/inference_ms,24.198805
1779184089.194,/benchmark/inference_ms,26.157000
1779184089.237,/benchmark/inference_ms,24.750193
1779184089.281,/benchmark/inference_ms,23.657207
1779184089.325,/benchmark/inference_ms,23.954199
1779184089.369,/benchmark/inference_ms,23.736759
1779184089.416,/benchmark/inference_ms,23.454939
1779184089.457,/benchmark/inference_ms,24.342388
1779184089.501,/benchmark/inference_ms,24.121590
1779184089.545,/benchmark/inference_ms,23.936312
1779184089.589,/benchmark/inference_ms,24.554546
1779184089.635,/benchmark/inference_ms,25.643946
1779184089.680,/benchmark/inference_ms,24.806545
1779184089.725,/benchmark/inference_ms,23.974455
1779184089.768,/benchmark/inference_ms,24.241686
1779184089.812,/benchmark/inference_ms,23.806009
1779184089.856,/benchmark/inference_ms,24.205622
1779184089.900,/benchmark/inference_ms,24.271252
1779184089.944,/benchmark/inference_ms,24.226933
1779184089.987,/benchmark/inference_ms,23.513977
1779184090.032,/benchmark/inference_ms,24.391218
1779184090.076,/benchmark/inference_ms,23.944246
1779184090.119,/benchmark/inference_ms,24.132692
1779184090.167,/benchmark/inference_ms,24.792015
1779184090.209,/benchmark/inference_ms,24.806097
1779184090.255,/benchmark/inference_ms,24.991631
1779184090.301,/benchmark/inference_ms,24.908783
1779184090.347,/benchmark/inference_ms,25.000784
1779184090.392,/benchmark/inference_ms,26.209734
1779184090.437,/benchmark/inference_ms,25.130478
1779184090.482,/benchmark/inference_ms,24.351667
1779184090.526,/benchmark/inference_ms,23.943254
1779184090.574,/benchmark/inference_ms,24.377621
1779184090.616,/benchmark/inference_ms,24.481236
1779184090.662,/benchmark/inference_ms,26.680290
1779184090.707,/benchmark/inference_ms,23.948408
1779184090.752,/benchmark/inference_ms,24.280531
1779184090.797,/benchmark/inference_ms,24.906799
1779184090.841,/benchmark/inference_ms,24.604916
1779184090.886,/benchmark/inference_ms,24.055159
1779184090.932,/benchmark/inference_ms,24.547636
1779184090.975,/benchmark/inference_ms,24.771570
1779184091.020,/benchmark/inference_ms,24.345812
1779184091.066,/benchmark/inference_ms,23.917461
1779184091.109,/benchmark/inference_ms,25.093454
1779184091.155,/benchmark/inference_ms,24.391859
1779184091.199,/benchmark/inference_ms,24.048021
1779184091.244,/benchmark/inference_ms,24.547955
1779184091.289,/benchmark/inference_ms,24.093813
1779184091.334,/benchmark/inference_ms,24.530930
1779184091.380,/benchmark/inference_ms,23.877302
1779184091.426,/benchmark/inference_ms,24.685617
1779184091.471,/benchmark/inference_ms,25.196909
1779184091.517,/benchmark/inference_ms,25.182383
1779184091.562,/benchmark/inference_ms,24.904047
1779184091.608,/benchmark/inference_ms,25.217100
1779184091.653,/benchmark/inference_ms,24.897102
1779184091.698,/benchmark/inference_ms,24.674833
1779184091.748,/benchmark/inference_ms,24.546099
1779184091.793,/benchmark/inference_ms,24.680496
1779184091.839,/benchmark/inference_ms,25.239054
1779184091.885,/benchmark/inference_ms,25.235628
1779184091.933,/benchmark/inference_ms,24.829744
1779184091.977,/benchmark/inference_ms,26.036903
1779184092.023,/benchmark/inference_ms,25.078382
1779184092.069,/benchmark/inference_ms,24.844080
1779184092.113,/benchmark/inference_ms,24.921103
1779184092.160,/benchmark/inference_ms,24.783632
1779184092.203,/benchmark/inference_ms,24.415346
1779184092.248,/benchmark/inference_ms,24.358162
1779184092.293,/benchmark/inference_ms,24.824881
1779184092.338,/benchmark/inference_ms,25.083662
1779184092.383,/benchmark/inference_ms,24.925232
1779184092.428,/benchmark/inference_ms,24.137814
1779184092.472,/benchmark/inference_ms,24.765072
1779184092.518,/benchmark/inference_ms,24.967054
1779184092.562,/benchmark/inference_ms,24.469492
1779184092.607,/benchmark/inference_ms,24.322708
1779184092.653,/benchmark/inference_ms,25.347980
1779184092.697,/benchmark/inference_ms,25.125454
1779184092.742,/benchmark/inference_ms,25.108334
1779184092.788,/benchmark/inference_ms,24.566130
1779184092.834,/benchmark/inference_ms,24.550129
1779184092.878,/benchmark/inference_ms,24.780401
1779184092.923,/benchmark/inference_ms,25.004688
1779184092.968,/benchmark/inference_ms,24.555889
1779184093.013,/benchmark/inference_ms,24.016663
1779184093.058,/benchmark/inference_ms,24.912304
1779184093.106,/benchmark/inference_ms,25.086893
1779184093.148,/benchmark/inference_ms,24.356754
1779184093.193,/benchmark/inference_ms,24.240532
1779184093.237,/benchmark/inference_ms,24.688498
1779184093.282,/benchmark/inference_ms,24.795023
1779184093.327,/benchmark/inference_ms,24.064213
1779184093.373,/benchmark/inference_ms,23.841528
1779184093.418,/benchmark/inference_ms,25.052238
1779184093.460,/benchmark/inference_ms,25.065327
1779184093.505,/benchmark/inference_ms,24.612017
1779184093.550,/benchmark/inference_ms,24.366674
1779184093.596,/benchmark/inference_ms,25.185516
1779184093.640,/benchmark/inference_ms,25.093071
1779184093.685,/benchmark/inference_ms,24.604593
1779184093.729,/benchmark/inference_ms,23.926037
1779184093.774,/benchmark/inference_ms,24.782097
1779184093.819,/benchmark/inference_ms,24.992302
1779184093.864,/benchmark/inference_ms,24.442738
1779184093.908,/benchmark/inference_ms,23.954004
1779184093.955,/benchmark/inference_ms,25.225132
1779184093.999,/benchmark/inference_ms,25.334412
1779184094.043,/benchmark/inference_ms,24.697777
1779184094.088,/benchmark/inference_ms,24.425873
1779184094.133,/benchmark/inference_ms,25.384493
1779184094.181,/benchmark/inference_ms,26.228806
1779184094.226,/benchmark/inference_ms,26.209797
1779184094.271,/benchmark/inference_ms,24.324244
1779184094.316,/benchmark/inference_ms,24.101364
1779184094.361,/benchmark/inference_ms,25.105709
1779184094.406,/benchmark/inference_ms,25.069166
1779184094.451,/benchmark/inference_ms,24.867151
1779184094.495,/benchmark/inference_ms,24.030100
1779184094.541,/benchmark/inference_ms,25.147438
1779184094.586,/benchmark/inference_ms,25.139406
1779184094.633,/benchmark/inference_ms,24.611889
1779184094.675,/benchmark/inference_ms,24.302324
1779184094.720,/benchmark/inference_ms,25.228909
1779184094.765,/benchmark/inference_ms,25.059855
1779184094.810,/benchmark/inference_ms,24.313204
1779184094.855,/benchmark/inference_ms,23.801655
1779184094.898,/benchmark/inference_ms,24.712912
1779184094.944,/benchmark/inference_ms,24.712303
1779184094.987,/benchmark/inference_ms,24.526546
1779184095.033,/benchmark/inference_ms,24.031542
1779184095.077,/benchmark/inference_ms,24.859629
1779184095.122,/benchmark/inference_ms,24.844143
1779184095.167,/benchmark/inference_ms,24.514576
1779184095.212,/benchmark/inference_ms,24.178421
1779184095.259,/benchmark/inference_ms,25.126316
1779184095.304,/benchmark/inference_ms,25.079149
1779184095.349,/benchmark/inference_ms,25.267277
1779184095.394,/benchmark/inference_ms,24.181267
1779184095.440,/benchmark/inference_ms,24.224915
1779184095.486,/benchmark/inference_ms,25.647369
1779184095.531,/benchmark/inference_ms,25.179596
1779184095.577,/benchmark/inference_ms,25.080622
1779184095.622,/benchmark/inference_ms,24.497202
1779184095.671,/benchmark/inference_ms,24.618738
1779184095.717,/benchmark/inference_ms,27.988312
1779184095.763,/benchmark/inference_ms,25.796135
1779184095.822,/benchmark/inference_ms,24.258965
1779184095.867,/benchmark/inference_ms,24.186451
1779184095.915,/benchmark/inference_ms,24.455698
1779184095.961,/benchmark/inference_ms,24.793552
1779184096.005,/benchmark/inference_ms,24.604977
1779184096.050,/benchmark/inference_ms,24.691504
1779184096.096,/benchmark/inference_ms,24.679823
1779184096.139,/benchmark/inference_ms,24.001268
1779184096.185,/benchmark/inference_ms,24.642607
1779184096.229,/benchmark/inference_ms,24.676880
1779184096.274,/benchmark/inference_ms,24.905422
1779184096.322,/benchmark/inference_ms,24.760015
1779184096.363,/benchmark/inference_ms,23.889622
1779184096.407,/benchmark/inference_ms,23.769461
1779184096.453,/benchmark/inference_ms,25.065453
1779184096.497,/benchmark/inference_ms,24.594255
1779184096.542,/benchmark/inference_ms,24.560881
1779184096.586,/benchmark/inference_ms,24.540432
1779184096.632,/benchmark/inference_ms,24.142483
1779184096.676,/benchmark/inference_ms,23.785143
1779184096.720,/benchmark/inference_ms,24.842064
1779184096.765,/benchmark/inference_ms,24.772335
1779184096.810,/benchmark/inference_ms,24.633873
1779184096.855,/benchmark/inference_ms,24.376947
1779184096.898,/benchmark/inference_ms,23.971029
1779184096.943,/benchmark/inference_ms,24.457010
1779184096.988,/benchmark/inference_ms,24.651056
1779184097.033,/benchmark/inference_ms,24.673809
1779184097.091,/benchmark/inference_ms,25.011566
1779184097.124,/benchmark/inference_ms,24.565138
1779184097.168,/benchmark/inference_ms,24.109396
1779184097.213,/benchmark/inference_ms,24.027956
1779184097.257,/benchmark/inference_ms,24.365202
1779184097.301,/benchmark/inference_ms,24.655344
1779184097.346,/benchmark/inference_ms,24.560530
1779184097.390,/benchmark/inference_ms,24.506737
1779184097.435,/benchmark/inference_ms,23.830198
1779184097.480,/benchmark/inference_ms,23.913204
1779184097.524,/benchmark/inference_ms,24.750544
1779184097.573,/benchmark/inference_ms,24.531664
1779184097.614,/benchmark/inference_ms,25.382730
1779184097.681,/benchmark/inference_ms,23.860758
1779184097.726,/benchmark/inference_ms,25.034124
1779184097.771,/benchmark/inference_ms,24.827663
1779184097.815,/benchmark/inference_ms,24.450003
1779184097.860,/benchmark/inference_ms,24.134771
1779184097.905,/benchmark/inference_ms,25.084972
1779184097.950,/benchmark/inference_ms,25.068460
1779184097.994,/benchmark/inference_ms,24.519314
1779184098.039,/benchmark/inference_ms,24.095156
1779184098.084,/benchmark/inference_ms,24.945070
1779184098.130,/benchmark/inference_ms,24.896814
1779184098.174,/benchmark/inference_ms,24.914927
1779184098.219,/benchmark/inference_ms,23.837111
1779184098.262,/benchmark/inference_ms,25.109228
1779184098.306,/benchmark/inference_ms,25.036398
1779184098.351,/benchmark/inference_ms,24.657455
1779184098.396,/benchmark/inference_ms,23.655735
1779184098.441,/benchmark/inference_ms,25.365772
1779184098.486,/benchmark/inference_ms,24.849998
1779184098.530,/benchmark/inference_ms,24.851439
1779184098.575,/benchmark/inference_ms,23.939220
1779184098.621,/benchmark/inference_ms,25.175917
1779184098.665,/benchmark/inference_ms,24.848078
1779184098.709,/benchmark/inference_ms,24.691278
1779184098.754,/benchmark/inference_ms,24.074163
1779184098.799,/benchmark/inference_ms,24.505041
1779184098.846,/benchmark/inference_ms,26.741344
1779184098.893,/benchmark/inference_ms,26.892544
1779184098.939,/benchmark/inference_ms,26.496994
1779184098.985,/benchmark/inference_ms,24.199762
1779184099.030,/benchmark/inference_ms,24.663984
1779184099.075,/benchmark/inference_ms,24.808207
1779184099.119,/benchmark/inference_ms,25.021452
1779184099.164,/benchmark/inference_ms,24.085428
1779184099.209,/benchmark/inference_ms,24.053364
1779184099.252,/benchmark/inference_ms,24.722351
1779184099.298,/benchmark/inference_ms,25.018669
1779184099.343,/benchmark/inference_ms,24.097939
1779184099.388,/benchmark/inference_ms,24.127123
1779184099.432,/benchmark/inference_ms,24.634192
1779184099.478,/benchmark/inference_ms,25.061548
1779184099.523,/benchmark/inference_ms,24.294258
1779184099.569,/benchmark/inference_ms,24.085651
1779184099.613,/benchmark/inference_ms,24.876814
1779184099.658,/benchmark/inference_ms,25.217323
1779184099.701,/benchmark/inference_ms,24.302898
1779184099.748,/benchmark/inference_ms,24.462225
1779184099.793,/benchmark/inference_ms,24.747183
1779184099.838,/benchmark/inference_ms,25.014830
1779184099.883,/benchmark/inference_ms,24.524015
1779184099.928,/benchmark/inference_ms,23.914774
1779184099.973,/benchmark/inference_ms,25.217098
1779184100.018,/benchmark/inference_ms,24.966990
1779184100.062,/benchmark/inference_ms,24.622223
1779184100.108,/benchmark/inference_ms,25.019564
1779184100.154,/benchmark/inference_ms,24.952845
1779184100.199,/benchmark/inference_ms,25.060940
1779184100.244,/benchmark/inference_ms,24.938862
1779184100.289,/benchmark/inference_ms,25.167788
1779184100.334,/benchmark/inference_ms,23.943125
1779184100.378,/benchmark/inference_ms,24.174036
1779184100.423,/benchmark/inference_ms,24.598320
1779184100.468,/benchmark/inference_ms,24.219027
1779184100.512,/benchmark/inference_ms,23.857365
1779184100.557,/benchmark/inference_ms,25.058029
1779184100.602,/benchmark/inference_ms,24.744047
1779184100.646,/benchmark/inference_ms,24.493361
1779184100.692,/benchmark/inference_ms,25.027245
1779184100.737,/benchmark/inference_ms,25.561481
1779184100.783,/benchmark/inference_ms,24.685137
1779184100.828,/benchmark/inference_ms,25.445322
1779184100.875,/benchmark/inference_ms,24.735119
1779184100.925,/benchmark/inference_ms,24.421104
1779184100.965,/benchmark/inference_ms,24.741488
1779184101.007,/benchmark/inference_ms,24.346354
1779184101.052,/benchmark/inference_ms,24.147762
1779184101.097,/benchmark/inference_ms,24.496273
1779184101.142,/benchmark/inference_ms,24.839279
1779184101.187,/benchmark/inference_ms,24.795181
1779184101.230,/benchmark/inference_ms,23.492151
1779184101.275,/benchmark/inference_ms,24.266386
1779184101.321,/benchmark/inference_ms,24.743246
1779184101.365,/benchmark/inference_ms,24.757870
1779184101.410,/benchmark/inference_ms,24.613518
1779184101.455,/benchmark/inference_ms,24.107157
1779184101.499,/benchmark/inference_ms,23.856949
1779184101.544,/benchmark/inference_ms,24.050261
1779184101.589,/benchmark/inference_ms,24.881132
1779184101.635,/benchmark/inference_ms,23.963764
1779184101.677,/benchmark/inference_ms,24.802639
1779184101.723,/benchmark/inference_ms,25.259466
1779184101.769,/benchmark/inference_ms,24.996525
1779184101.814,/benchmark/inference_ms,24.477457
1779184101.859,/benchmark/inference_ms,24.136435
1779184101.903,/benchmark/inference_ms,25.231819
1779184101.949,/benchmark/inference_ms,25.706312
1779184101.995,/benchmark/inference_ms,24.415953
1779184102.040,/benchmark/inference_ms,24.493584
1779184102.085,/benchmark/inference_ms,25.777702
1779184102.136,/benchmark/inference_ms,25.342314
1779184102.176,/benchmark/inference_ms,25.280714
1779184102.221,/benchmark/inference_ms,24.213490
1779184102.266,/benchmark/inference_ms,24.606224
1779184102.310,/benchmark/inference_ms,24.794861
1779184102.355,/benchmark/inference_ms,24.744047
1779184102.400,/benchmark/inference_ms,24.329712
1779184102.445,/benchmark/inference_ms,24.442705
1779184102.490,/benchmark/inference_ms,24.841166
1779184102.535,/benchmark/inference_ms,24.894318
1779184102.579,/benchmark/inference_ms,24.986765
1779184102.623,/benchmark/inference_ms,24.951757
1779184102.669,/benchmark/inference_ms,24.519121
1779184102.713,/benchmark/inference_ms,23.827444
1779184102.759,/benchmark/inference_ms,24.929358
1779184102.801,/benchmark/inference_ms,24.680302
1779184102.847,/benchmark/inference_ms,25.066956
1779184102.891,/benchmark/inference_ms,24.575407
1779184102.936,/benchmark/inference_ms,24.722672
1779184102.981,/benchmark/inference_ms,24.490097
1779184103.026,/benchmark/inference_ms,24.898636
1779184103.074,/benchmark/inference_ms,24.913101
1779184103.115,/benchmark/inference_ms,24.812462
1779184103.160,/benchmark/inference_ms,24.406288
1779184103.207,/benchmark/inference_ms,26.015270
1779184103.253,/benchmark/inference_ms,24.854094
1779184103.298,/benchmark/inference_ms,25.878437
1779184103.342,/benchmark/inference_ms,23.807413
1779184103.386,/benchmark/inference_ms,23.650806
1779184103.430,/benchmark/inference_ms,24.451569
1779184103.474,/benchmark/inference_ms,23.942356
1779184103.518,/benchmark/inference_ms,24.466768
1779184103.563,/benchmark/inference_ms,24.964588
1779184103.609,/benchmark/inference_ms,24.881741
1779184103.657,/benchmark/inference_ms,26.115494
1779184103.700,/benchmark/inference_ms,24.596304
1779184103.744,/benchmark/inference_ms,24.355473
1779184103.789,/benchmark/inference_ms,24.431440
1779184103.833,/benchmark/inference_ms,23.689686
1779184103.877,/benchmark/inference_ms,24.139347
1779184103.922,/benchmark/inference_ms,24.295155
1779184103.964,/benchmark/inference_ms,23.685463
1779184104.009,/benchmark/inference_ms,24.354736
1779184104.051,/benchmark/inference_ms,23.955444
1779184104.097,/benchmark/inference_ms,23.825781
1779184104.140,/benchmark/inference_ms,23.975956
1779184104.186,/benchmark/inference_ms,23.958996
1779184104.228,/benchmark/inference_ms,23.789459
1779184104.272,/benchmark/inference_ms,24.063091
1779184104.316,/benchmark/inference_ms,23.703318
1779184104.359,/benchmark/inference_ms,23.751028
1779184104.404,/benchmark/inference_ms,24.162611
1779184104.448,/benchmark/inference_ms,23.670837
1779184104.492,/benchmark/inference_ms,24.041332
1779184104.536,/benchmark/inference_ms,24.193075
1779184104.581,/benchmark/inference_ms,23.927092
1779184104.624,/benchmark/inference_ms,24.237490
1779184104.668,/benchmark/inference_ms,24.116241
1779184104.711,/benchmark/inference_ms,23.374519
1779184104.757,/benchmark/inference_ms,23.871700
1779184104.801,/benchmark/inference_ms,23.686197
1779184104.842,/benchmark/inference_ms,23.902836
1779184104.887,/benchmark/inference_ms,24.109266
1779184104.931,/benchmark/inference_ms,23.605366
1779184104.975,/benchmark/inference_ms,23.573524
1779184105.018,/benchmark/inference_ms,24.074514
1779184105.064,/benchmark/inference_ms,23.738901
1779184105.106,/benchmark/inference_ms,23.995348
1779184105.155,/benchmark/inference_ms,25.503176
1779184105.197,/benchmark/inference_ms,25.350153
1779184105.242,/benchmark/inference_ms,25.045933
1779184105.288,/benchmark/inference_ms,24.404432
1779184105.333,/benchmark/inference_ms,24.018099
1779184105.378,/benchmark/inference_ms,24.697069
1779184105.423,/benchmark/inference_ms,25.040907
1779184105.468,/benchmark/inference_ms,24.774446
1779184105.515,/benchmark/inference_ms,25.140747
1779184105.558,/benchmark/inference_ms,24.630766
1779184105.603,/benchmark/inference_ms,24.669615
1779184105.649,/benchmark/inference_ms,24.466959
1779184105.692,/benchmark/inference_ms,24.630671
1779184105.738,/benchmark/inference_ms,24.284113
1779184105.783,/benchmark/inference_ms,24.788813
1779184105.839,/benchmark/inference_ms,24.618286
1779184105.872,/benchmark/inference_ms,23.923283
1779184105.917,/benchmark/inference_ms,23.787252
1779184105.963,/benchmark/inference_ms,24.869965
1779184106.007,/benchmark/inference_ms,24.333233
1779184106.050,/benchmark/inference_ms,24.495502
1779184106.095,/benchmark/inference_ms,24.132242
1779184106.140,/benchmark/inference_ms,24.178226
1779184106.185,/benchmark/inference_ms,24.711823
1779184106.230,/benchmark/inference_ms,24.834124
1779184106.274,/benchmark/inference_ms,24.681999
1779184106.320,/benchmark/inference_ms,24.436558
1779184106.366,/benchmark/inference_ms,24.623854
1779184106.410,/benchmark/inference_ms,24.612045
1779184106.458,/benchmark/inference_ms,25.197739
1779184106.500,/benchmark/inference_ms,24.570351
1779184106.546,/benchmark/inference_ms,23.992659
1779184106.590,/benchmark/inference_ms,24.953165
1779184106.635,/benchmark/inference_ms,24.785517
1779184106.680,/benchmark/inference_ms,24.456591
1779184106.725,/benchmark/inference_ms,23.976212
1779184106.770,/benchmark/inference_ms,24.806477
1779184106.814,/benchmark/inference_ms,24.864811
1779184106.859,/benchmark/inference_ms,24.533998
1779184106.905,/benchmark/inference_ms,24.165201
1779184106.950,/benchmark/inference_ms,24.923916
1779184106.994,/benchmark/inference_ms,24.726414
1779184107.039,/benchmark/inference_ms,24.606606
1779184107.084,/benchmark/inference_ms,24.008081
1779184107.133,/benchmark/inference_ms,24.767853
1779184107.176,/benchmark/inference_ms,25.096556
1779184107.220,/benchmark/inference_ms,24.688591
1779184107.265,/benchmark/inference_ms,24.206736
1779184107.310,/benchmark/inference_ms,24.261393
1779184107.355,/benchmark/inference_ms,25.317801
1779184107.399,/benchmark/inference_ms,25.061451
1779184107.444,/benchmark/inference_ms,24.767916
1779184107.489,/benchmark/inference_ms,24.573711
1779184107.533,/benchmark/inference_ms,24.921453
1779184107.578,/benchmark/inference_ms,25.085737
1779184107.623,/benchmark/inference_ms,24.628559
1779184107.669,/benchmark/inference_ms,24.526543
1779184107.712,/benchmark/inference_ms,25.068747
1779184107.757,/benchmark/inference_ms,25.106668
1779184107.803,/benchmark/inference_ms,26.223043
1779184107.848,/benchmark/inference_ms,24.031921
1779184107.892,/benchmark/inference_ms,25.072617
1779184107.938,/benchmark/inference_ms,24.828749
1779184107.983,/benchmark/inference_ms,24.878988
1779184108.028,/benchmark/inference_ms,24.285328
1779184108.073,/benchmark/inference_ms,24.819244
1779184108.119,/benchmark/inference_ms,25.058315
1779184108.164,/benchmark/inference_ms,25.111465
1779184108.210,/benchmark/inference_ms,25.523016
1779184108.255,/benchmark/inference_ms,24.595566
1779184108.300,/benchmark/inference_ms,24.541712
1779184108.345,/benchmark/inference_ms,24.895372
1779184108.389,/benchmark/inference_ms,24.543533
1779184108.434,/benchmark/inference_ms,24.128819
1779184108.479,/benchmark/inference_ms,24.123377
1779184108.524,/benchmark/inference_ms,24.731821
1779184108.573,/benchmark/inference_ms,24.633390
1779184108.615,/benchmark/inference_ms,24.675213
1779184108.658,/benchmark/inference_ms,24.597168
1779184108.702,/benchmark/inference_ms,23.906452
1779184108.748,/benchmark/inference_ms,24.099058
1779184108.792,/benchmark/inference_ms,24.273745
1779184108.836,/benchmark/inference_ms,24.424208
1779184108.880,/benchmark/inference_ms,24.305008
1779184108.924,/benchmark/inference_ms,23.986450
1779184108.968,/benchmark/inference_ms,23.512821
1779184109.013,/benchmark/inference_ms,24.596846
1779184109.057,/benchmark/inference_ms,24.368206
1779184109.101,/benchmark/inference_ms,24.465166
1779184109.146,/benchmark/inference_ms,24.498638
1779184109.190,/benchmark/inference_ms,23.806484
1779184109.234,/benchmark/inference_ms,23.920723
1779184109.278,/benchmark/inference_ms,24.807566
1779184109.323,/benchmark/inference_ms,24.537613
1779184109.369,/benchmark/inference_ms,24.627054
1779184109.414,/benchmark/inference_ms,24.477581
1779184109.460,/benchmark/inference_ms,24.142481
1779184109.503,/benchmark/inference_ms,23.966259
1779184109.548,/benchmark/inference_ms,24.539150
1779184109.592,/benchmark/inference_ms,24.643023
1779184109.636,/benchmark/inference_ms,24.507952
1779184109.683,/benchmark/inference_ms,23.888435
1779184109.723,/benchmark/inference_ms,23.568245
1779184109.771,/benchmark/inference_ms,25.873636
1779184109.815,/benchmark/inference_ms,24.876972
1779184109.860,/benchmark/inference_ms,24.457903
1779184109.905,/benchmark/inference_ms,24.623085
1779184109.949,/benchmark/inference_ms,24.357903
1779184109.993,/benchmark/inference_ms,23.725555
1779184110.039,/benchmark/inference_ms,24.745420
1779184110.084,/benchmark/inference_ms,24.623022
1779184110.128,/benchmark/inference_ms,24.580429
1779184110.171,/benchmark/inference_ms,24.511887
1779184110.237,/benchmark/inference_ms,23.903122
1779184110.282,/benchmark/inference_ms,24.243023
1779184110.327,/benchmark/inference_ms,24.735373
1779184110.371,/benchmark/inference_ms,24.862251
1779184110.421,/benchmark/inference_ms,24.587885
1779184110.462,/benchmark/inference_ms,24.031281
1779184110.505,/benchmark/inference_ms,23.774387
1779184110.551,/benchmark/inference_ms,24.830956
1779184110.595,/benchmark/inference_ms,24.338415
1779184110.640,/benchmark/inference_ms,24.683470
1779184110.683,/benchmark/inference_ms,24.364527
1779184110.728,/benchmark/inference_ms,23.938866
1779184110.773,/benchmark/inference_ms,23.896788
1779184110.817,/benchmark/inference_ms,24.430990
1779184110.862,/benchmark/inference_ms,24.510223
1779184110.906,/benchmark/inference_ms,24.464174
1779184110.949,/benchmark/inference_ms,23.802963
1779184110.994,/benchmark/inference_ms,23.995090
1779184111.039,/benchmark/inference_ms,24.854507
1779184111.083,/benchmark/inference_ms,24.612013
1779184111.128,/benchmark/inference_ms,25.112810
1779184111.173,/benchmark/inference_ms,24.798059
1779184111.218,/benchmark/inference_ms,24.474798
1779184111.263,/benchmark/inference_ms,23.789843
1779184111.308,/benchmark/inference_ms,24.956907
1779184111.354,/benchmark/inference_ms,24.402319
1779184111.397,/benchmark/inference_ms,24.516047
1779184111.441,/benchmark/inference_ms,24.593294
1779184111.485,/benchmark/inference_ms,24.020529
1779184111.530,/benchmark/inference_ms,24.206512
1779184111.576,/benchmark/inference_ms,24.713676
1779184111.622,/benchmark/inference_ms,24.607182
1779184111.667,/benchmark/inference_ms,24.949324
1779184111.710,/benchmark/inference_ms,24.548941
1779184111.757,/benchmark/inference_ms,24.942251
1779184111.802,/benchmark/inference_ms,25.033195
1779184111.846,/benchmark/inference_ms,25.191082
1779184111.891,/benchmark/inference_ms,24.320240
1779184111.935,/benchmark/inference_ms,24.922476
1779184111.981,/benchmark/inference_ms,24.870028
1779184112.025,/benchmark/inference_ms,24.969803
1779184112.071,/benchmark/inference_ms,23.889746
1779184112.115,/benchmark/inference_ms,24.968267
1779184112.158,/benchmark/inference_ms,24.893419
1779184112.204,/benchmark/inference_ms,24.775627
1779184112.249,/benchmark/inference_ms,24.135216
1779184112.295,/benchmark/inference_ms,24.717741
1779184112.339,/benchmark/inference_ms,24.704140
1779184112.383,/benchmark/inference_ms,24.733772
1779184112.429,/benchmark/inference_ms,24.448591
1779184112.474,/benchmark/inference_ms,24.489582
1779184112.519,/benchmark/inference_ms,24.698317
1779184112.563,/benchmark/inference_ms,24.557646
1779184112.607,/benchmark/inference_ms,24.648491
1779184112.652,/benchmark/inference_ms,24.126801
1779184112.696,/benchmark/inference_ms,23.715445
1779184112.740,/benchmark/inference_ms,24.649324
1779184112.785,/benchmark/inference_ms,24.373966
1779184112.830,/benchmark/inference_ms,24.500174
1779184112.874,/benchmark/inference_ms,24.275728
1779184112.922,/benchmark/inference_ms,24.052977
1779184112.962,/benchmark/inference_ms,24.344879
1779184113.007,/benchmark/inference_ms,24.279886
1779184113.051,/benchmark/inference_ms,24.320015
1779184113.095,/benchmark/inference_ms,24.120785
1779184113.139,/benchmark/inference_ms,23.809683
1779184113.184,/benchmark/inference_ms,24.518286
1779184113.229,/benchmark/inference_ms,24.511471
1779184113.273,/benchmark/inference_ms,24.588909
1779184113.317,/benchmark/inference_ms,24.429230
1779184113.361,/benchmark/inference_ms,23.694931
1779184113.406,/benchmark/inference_ms,24.461645
1779184113.451,/benchmark/inference_ms,24.573357
1779184113.495,/benchmark/inference_ms,24.428270
1779184113.539,/benchmark/inference_ms,24.456015
1779184113.584,/benchmark/inference_ms,23.974066
1779184113.631,/benchmark/inference_ms,23.698708
1779184113.673,/benchmark/inference_ms,24.832525
1779184113.717,/benchmark/inference_ms,24.540718
1779184113.761,/benchmark/inference_ms,24.385807
1779184113.805,/benchmark/inference_ms,23.917170
1779184113.851,/benchmark/inference_ms,23.786291
1779184113.897,/benchmark/inference_ms,24.360271
1779184113.940,/benchmark/inference_ms,24.303278
1779184113.984,/benchmark/inference_ms,24.356174
1779184114.029,/benchmark/inference_ms,23.847570
1779184114.073,/benchmark/inference_ms,24.790892
1779184114.121,/benchmark/inference_ms,24.013168
1779184114.165,/benchmark/inference_ms,24.449326
1779184114.210,/benchmark/inference_ms,24.862988
1779184114.255,/benchmark/inference_ms,24.865131
1779184114.300,/benchmark/inference_ms,24.657518
1779184114.346,/benchmark/inference_ms,24.342510
1779184114.392,/benchmark/inference_ms,24.996746
1779184114.437,/benchmark/inference_ms,24.955082
1779184114.483,/benchmark/inference_ms,25.127497
1779184114.527,/benchmark/inference_ms,24.598221
1779184114.571,/benchmark/inference_ms,24.334095
1779184114.617,/benchmark/inference_ms,24.186670
1779184114.663,/benchmark/inference_ms,24.773003
1779184114.708,/benchmark/inference_ms,25.056553
1779184114.753,/benchmark/inference_ms,24.949226
1779184114.798,/benchmark/inference_ms,25.003305
1779184114.844,/benchmark/inference_ms,24.849003
1779184114.889,/benchmark/inference_ms,24.417934
1779184114.934,/benchmark/inference_ms,23.885843
1779184114.979,/benchmark/inference_ms,24.502254
1779184115.024,/benchmark/inference_ms,24.605228
1779184115.071,/benchmark/inference_ms,25.101418
1779184115.113,/benchmark/inference_ms,24.843273
1779184115.159,/benchmark/inference_ms,24.550381
1779184115.204,/benchmark/inference_ms,24.227249
1779184115.250,/benchmark/inference_ms,24.472717
1779184115.295,/benchmark/inference_ms,25.008522
1779184115.340,/benchmark/inference_ms,24.829643
1779184115.387,/benchmark/inference_ms,24.799564
1779184115.432,/benchmark/inference_ms,24.900810
1779184115.476,/benchmark/inference_ms,24.633451
1779184115.521,/benchmark/inference_ms,24.102352
1779184115.567,/benchmark/inference_ms,25.270472
1779184115.612,/benchmark/inference_ms,25.299078
1779184115.658,/benchmark/inference_ms,25.313992
1779184115.702,/benchmark/inference_ms,24.979082
1779184115.749,/benchmark/inference_ms,24.834314
1779184115.794,/benchmark/inference_ms,24.662668
1779184115.839,/benchmark/inference_ms,24.020689
1779184115.886,/benchmark/inference_ms,25.244871
1779184115.930,/benchmark/inference_ms,24.678349
1779184115.976,/benchmark/inference_ms,26.090210
1779184116.022,/benchmark/inference_ms,24.608810
1779184116.069,/benchmark/inference_ms,24.146673
1779184116.110,/benchmark/inference_ms,24.676556
1779184116.157,/benchmark/inference_ms,25.045193
1779184116.202,/benchmark/inference_ms,24.733835
1779184116.246,/benchmark/inference_ms,23.887026
1779184116.291,/benchmark/inference_ms,24.792650
1779184116.336,/benchmark/inference_ms,24.840876
1779184116.380,/benchmark/inference_ms,24.852650
1779184116.424,/benchmark/inference_ms,24.695787
1779184116.468,/benchmark/inference_ms,24.238800
1779184116.512,/benchmark/inference_ms,23.799089
1779184116.557,/benchmark/inference_ms,24.633419
1779184116.601,/benchmark/inference_ms,24.390799
1779184116.645,/benchmark/inference_ms,24.982090
1779184116.688,/benchmark/inference_ms,24.250992
1779184116.732,/benchmark/inference_ms,23.876722
1779184116.777,/benchmark/inference_ms,24.424622
1779184116.821,/benchmark/inference_ms,24.237007
1779184116.867,/benchmark/inference_ms,24.478094
1779184116.910,/benchmark/inference_ms,24.078159
1779184116.955,/benchmark/inference_ms,23.871153
1779184117.000,/benchmark/inference_ms,24.956490
1779184117.045,/benchmark/inference_ms,24.773483
1779184117.089,/benchmark/inference_ms,24.383213
1779184117.134,/benchmark/inference_ms,24.829355
1779184117.179,/benchmark/inference_ms,24.172464
1779184117.224,/benchmark/inference_ms,23.746513
1779184117.268,/benchmark/inference_ms,24.829388
1779184117.313,/benchmark/inference_ms,24.835754
1779184117.357,/benchmark/inference_ms,24.746603
1779184117.402,/benchmark/inference_ms,24.264750
1779184117.447,/benchmark/inference_ms,24.297871
1779184117.493,/benchmark/inference_ms,24.611244
1779184117.537,/benchmark/inference_ms,25.056488
1779184117.583,/benchmark/inference_ms,24.897099
1779184117.627,/benchmark/inference_ms,24.348942
1779184117.672,/benchmark/inference_ms,24.025328
1779184117.717,/benchmark/inference_ms,24.787754
1779184117.760,/benchmark/inference_ms,24.086288
1779184117.805,/benchmark/inference_ms,24.227600
1779184117.848,/benchmark/inference_ms,23.710964
1779184117.893,/benchmark/inference_ms,24.588524
1779184117.937,/benchmark/inference_ms,24.088495
1779184117.982,/benchmark/inference_ms,23.952209
1779184118.026,/benchmark/inference_ms,24.112431
1779184118.070,/benchmark/inference_ms,23.925329
1779184118.113,/benchmark/inference_ms,23.818832
1779184118.158,/benchmark/inference_ms,24.626507
1779184118.202,/benchmark/inference_ms,24.130447
1779184118.247,/benchmark/inference_ms,24.014097
1779184118.291,/benchmark/inference_ms,24.286415
1779184118.337,/benchmark/inference_ms,24.000816
1779184118.380,/benchmark/inference_ms,23.672754
1779184118.424,/benchmark/inference_ms,24.447853
1779184118.469,/benchmark/inference_ms,23.906546
1779184118.513,/benchmark/inference_ms,24.133423
1779184118.557,/benchmark/inference_ms,24.191183
1779184118.600,/benchmark/inference_ms,23.620178
1779184118.645,/benchmark/inference_ms,24.085264
1779184118.689,/benchmark/inference_ms,24.231533
1779184118.732,/benchmark/inference_ms,23.603283
1779184118.777,/benchmark/inference_ms,24.575533
1779184118.821,/benchmark/inference_ms,24.173807
1779184118.865,/benchmark/inference_ms,23.765106
1779184118.909,/benchmark/inference_ms,24.312622
1779184118.953,/benchmark/inference_ms,24.602797
1779184118.998,/benchmark/inference_ms,24.145712
1779184119.043,/benchmark/inference_ms,25.440262
1779184119.089,/benchmark/inference_ms,25.262152
1779184119.134,/benchmark/inference_ms,25.682629
1779184119.178,/benchmark/inference_ms,24.256750
1779184119.222,/benchmark/inference_ms,23.549524
1779184119.265,/benchmark/inference_ms,24.192047
1779184119.311,/benchmark/inference_ms,25.565828
1779184119.357,/benchmark/inference_ms,25.726244
1779184119.402,/benchmark/inference_ms,24.297262
1779184119.446,/benchmark/inference_ms,24.139694
1779184119.491,/benchmark/inference_ms,24.278318
1779184119.535,/benchmark/inference_ms,23.916561
1779184119.579,/benchmark/inference_ms,23.992432
1779184119.624,/benchmark/inference_ms,25.347750
1779184119.671,/benchmark/inference_ms,25.796707
1779184119.718,/benchmark/inference_ms,27.347446
1779184119.762,/benchmark/inference_ms,24.424974
1779184119.806,/benchmark/inference_ms,23.670099
1779184119.850,/benchmark/inference_ms,24.097486
1779184119.894,/benchmark/inference_ms,24.420685
1779184119.942,/benchmark/inference_ms,26.410078
1779184119.987,/benchmark/inference_ms,24.376942
1779184120.031,/benchmark/inference_ms,23.992496
1779184120.076,/benchmark/inference_ms,24.417805
1779184120.120,/benchmark/inference_ms,24.441870
1779184120.167,/benchmark/inference_ms,25.753250
1779184120.213,/benchmark/inference_ms,25.770340
1779184120.257,/benchmark/inference_ms,25.216488
1779184120.301,/benchmark/inference_ms,24.304045
1779184120.346,/benchmark/inference_ms,23.671122
1779184120.390,/benchmark/inference_ms,24.178638
1779184120.437,/benchmark/inference_ms,26.061249
1779184120.483,/benchmark/inference_ms,25.863138
1779184120.529,/benchmark/inference_ms,25.453125
1779184120.574,/benchmark/inference_ms,23.632978
1779184120.618,/benchmark/inference_ms,24.025007
1779184120.663,/benchmark/inference_ms,25.005257
1779184120.707,/benchmark/inference_ms,24.688810
1779184120.752,/benchmark/inference_ms,24.288239
1779184120.798,/benchmark/inference_ms,24.963369
1779184120.842,/benchmark/inference_ms,24.666636
1779184120.887,/benchmark/inference_ms,25.870466
1779184120.950,/benchmark/inference_ms,24.358957
1779184121.006,/benchmark/inference_ms,24.819786
1779184121.038,/benchmark/inference_ms,24.990473
1779184121.083,/benchmark/inference_ms,24.956360
1779184121.128,/benchmark/inference_ms,26.036032
1779184121.175,/benchmark/inference_ms,24.980137
1779184121.220,/benchmark/inference_ms,25.686947
1779184121.265,/benchmark/inference_ms,25.417158
1779184121.312,/benchmark/inference_ms,25.392965
1779184121.358,/benchmark/inference_ms,25.008999
1779184121.405,/benchmark/inference_ms,25.467205
1779184121.450,/benchmark/inference_ms,26.151169
1779184121.495,/benchmark/inference_ms,24.529772
1779184121.541,/benchmark/inference_ms,23.821106
1779184121.585,/benchmark/inference_ms,24.892488
1779184121.633,/benchmark/inference_ms,25.450150
1779184121.676,/benchmark/inference_ms,24.862953
1779184121.721,/benchmark/inference_ms,24.549196
1779184121.767,/benchmark/inference_ms,24.562986
1779184121.812,/benchmark/inference_ms,24.729994
1779184121.857,/benchmark/inference_ms,25.083782
1779184121.904,/benchmark/inference_ms,26.642620
1779184121.951,/benchmark/inference_ms,26.138624
1779184121.998,/benchmark/inference_ms,23.889233
1779184122.041,/benchmark/inference_ms,24.990215
1779184122.086,/benchmark/inference_ms,25.400900
1779184122.132,/benchmark/inference_ms,25.037512
1779184122.177,/benchmark/inference_ms,24.624012
1779184122.224,/benchmark/inference_ms,25.178791
1779184122.268,/benchmark/inference_ms,25.398468
1779184122.315,/benchmark/inference_ms,25.542339
1779184122.359,/benchmark/inference_ms,25.724098
1779184122.406,/benchmark/inference_ms,25.552645
1779184122.452,/benchmark/inference_ms,25.108809
1779184122.497,/benchmark/inference_ms,24.942665
1779184122.542,/benchmark/inference_ms,25.145704
1779184122.588,/benchmark/inference_ms,26.296991
1779184122.634,/benchmark/inference_ms,25.758947
1779184122.681,/benchmark/inference_ms,24.922249
1779184122.725,/benchmark/inference_ms,23.731827
1779184122.770,/benchmark/inference_ms,25.348133
1779184122.816,/benchmark/inference_ms,25.222439
1779184122.861,/benchmark/inference_ms,24.982441
1779184122.908,/benchmark/inference_ms,25.627043
1779184122.953,/benchmark/inference_ms,24.787369
1779184122.999,/benchmark/inference_ms,25.365862
1779184123.043,/benchmark/inference_ms,23.481331
1779184123.087,/benchmark/inference_ms,24.204973
1779184123.133,/benchmark/inference_ms,24.243021
1779184123.176,/benchmark/inference_ms,24.683659
1779184123.223,/benchmark/inference_ms,26.479006
1779184123.270,/benchmark/inference_ms,26.966650
1779184123.316,/benchmark/inference_ms,25.853729
1779184123.361,/benchmark/inference_ms,23.980240
1779184123.406,/benchmark/inference_ms,23.885586
1779184123.450,/benchmark/inference_ms,24.723337
1779184123.494,/benchmark/inference_ms,24.733513
1779184123.539,/benchmark/inference_ms,23.849264
1779184123.584,/benchmark/inference_ms,24.758730
1779184123.629,/benchmark/inference_ms,24.730377
1779184123.674,/benchmark/inference_ms,24.975721
1779184123.719,/benchmark/inference_ms,24.168686
1779184123.765,/benchmark/inference_ms,24.779274
1779184123.809,/benchmark/inference_ms,24.943209
1779184123.854,/benchmark/inference_ms,24.630539
1779184123.898,/benchmark/inference_ms,23.974993
1779184123.943,/benchmark/inference_ms,24.157454
1779184123.988,/benchmark/inference_ms,24.926537
1779184124.033,/benchmark/inference_ms,24.874311
1779184124.076,/benchmark/inference_ms,24.487148
1779184124.124,/benchmark/inference_ms,25.461508
1779184124.170,/benchmark/inference_ms,24.738153
1779184124.216,/benchmark/inference_ms,25.620611
1779184124.261,/benchmark/inference_ms,25.594915
1779184124.305,/benchmark/inference_ms,23.790960
1779184124.350,/benchmark/inference_ms,24.176014
1779184124.396,/benchmark/inference_ms,24.461164
1779184124.439,/benchmark/inference_ms,24.597708
1779184124.484,/benchmark/inference_ms,25.261799
1779184124.528,/benchmark/inference_ms,23.718513
1779184124.572,/benchmark/inference_ms,24.323853
1779184124.617,/benchmark/inference_ms,24.481581
1779184124.660,/benchmark/inference_ms,24.075022
1779184124.705,/benchmark/inference_ms,23.888657
1779184124.749,/benchmark/inference_ms,23.689106
1779184124.794,/benchmark/inference_ms,24.607883
1779184124.839,/benchmark/inference_ms,25.601347
1779184124.883,/benchmark/inference_ms,24.186991
1779184124.928,/benchmark/inference_ms,23.952272
1779184124.974,/benchmark/inference_ms,24.444780
1779184125.017,/benchmark/inference_ms,24.519178
1779184125.062,/benchmark/inference_ms,24.465387
1779184125.107,/benchmark/inference_ms,24.432364
1779184125.152,/benchmark/inference_ms,23.939983
1779184125.196,/benchmark/inference_ms,23.686163
1779184125.240,/benchmark/inference_ms,24.240589
1779184125.285,/benchmark/inference_ms,24.368908
1779184125.329,/benchmark/inference_ms,24.420492
1779184125.375,/benchmark/inference_ms,23.908367
1779184125.420,/benchmark/inference_ms,23.610353
1779184125.462,/benchmark/inference_ms,24.530218
1779184125.506,/benchmark/inference_ms,24.491884
1779184125.551,/benchmark/inference_ms,24.440588
1779184125.595,/benchmark/inference_ms,24.034256
1779184125.639,/benchmark/inference_ms,23.824369
1779184125.683,/benchmark/inference_ms,24.430731
1779184125.733,/benchmark/inference_ms,29.649317
1779184125.781,/benchmark/inference_ms,26.622204
1779184125.823,/benchmark/inference_ms,24.240461
1779184125.868,/benchmark/inference_ms,24.008656
1779184125.913,/benchmark/inference_ms,24.509899
1779184125.957,/benchmark/inference_ms,23.979664
1779184126.002,/benchmark/inference_ms,24.279469
1779184126.046,/benchmark/inference_ms,24.394541
1779184126.091,/benchmark/inference_ms,24.703274
1779184126.136,/benchmark/inference_ms,23.926830
1779184126.181,/benchmark/inference_ms,25.421221
1779184126.228,/benchmark/inference_ms,25.594627
1779184126.274,/benchmark/inference_ms,25.909792
1779184126.318,/benchmark/inference_ms,24.180174
1779184126.363,/benchmark/inference_ms,24.286030
1779184126.407,/benchmark/inference_ms,24.662634
1779184126.454,/benchmark/inference_ms,24.490122
1779184126.497,/benchmark/inference_ms,24.485516
1779184126.541,/benchmark/inference_ms,23.957262
1779184126.586,/benchmark/inference_ms,24.853672
1779184126.633,/benchmark/inference_ms,26.139967
1779184126.680,/benchmark/inference_ms,26.371933
1779184126.724,/benchmark/inference_ms,24.346350
1779184126.769,/benchmark/inference_ms,24.230541
1779184126.814,/benchmark/inference_ms,24.653130
1779184126.858,/benchmark/inference_ms,23.683281
1779184126.901,/benchmark/inference_ms,24.493515
1779184126.946,/benchmark/inference_ms,24.536203
1779184126.991,/benchmark/inference_ms,24.123343
1779184127.036,/benchmark/inference_ms,23.877615
1779184127.083,/benchmark/inference_ms,24.697897
1779184127.125,/benchmark/inference_ms,24.209229
1779184127.169,/benchmark/inference_ms,23.841040
1779184127.214,/benchmark/inference_ms,24.143694
1779184127.259,/benchmark/inference_ms,24.629673
1779184127.303,/benchmark/inference_ms,24.129326
1779184127.349,/benchmark/inference_ms,24.175949
1779184127.394,/benchmark/inference_ms,24.227180
1779184127.439,/benchmark/inference_ms,24.889097
1779184127.485,/benchmark/inference_ms,24.620874
1779184127.531,/benchmark/inference_ms,25.431171
1779184127.577,/benchmark/inference_ms,25.541059
1779184127.623,/benchmark/inference_ms,25.653282
1779184127.669,/benchmark/inference_ms,25.221350
1779184127.714,/benchmark/inference_ms,24.418957
1779184127.760,/benchmark/inference_ms,25.109543
1779184127.806,/benchmark/inference_ms,25.760609
1779184127.852,/benchmark/inference_ms,25.524963
1779184127.898,/benchmark/inference_ms,24.926439
1779184127.945,/benchmark/inference_ms,24.664202
1779184127.988,/benchmark/inference_ms,25.068743
1779184128.034,/benchmark/inference_ms,25.358404
1779184128.080,/benchmark/inference_ms,25.488258
1779184128.126,/benchmark/inference_ms,24.793768
1779184128.171,/benchmark/inference_ms,24.158606
1779184128.216,/benchmark/inference_ms,25.240870
1779184128.263,/benchmark/inference_ms,25.296005
1779184128.307,/benchmark/inference_ms,24.946856
1779184128.353,/benchmark/inference_ms,24.830696
1779184128.399,/benchmark/inference_ms,24.919464
1779184128.444,/benchmark/inference_ms,25.318821
1779184128.490,/benchmark/inference_ms,25.383459
1779184128.535,/benchmark/inference_ms,24.971174
1779184128.583,/benchmark/inference_ms,24.571243
1779184128.628,/benchmark/inference_ms,25.403044
1779184128.672,/benchmark/inference_ms,24.877577
1779184128.716,/benchmark/inference_ms,24.275660
1779184128.760,/benchmark/inference_ms,24.368971
1779184128.806,/benchmark/inference_ms,24.845480
1779184128.851,/benchmark/inference_ms,25.189894
1779184128.895,/benchmark/inference_ms,24.568617
1779184128.940,/benchmark/inference_ms,24.415051
1779184128.985,/benchmark/inference_ms,24.634056
1779184129.030,/benchmark/inference_ms,24.856743
1779184129.075,/benchmark/inference_ms,24.645864
1779184129.119,/benchmark/inference_ms,24.185389
1779184129.164,/benchmark/inference_ms,24.797800
1779184129.210,/benchmark/inference_ms,25.146662
1779184129.257,/benchmark/inference_ms,26.491196
1779184129.302,/benchmark/inference_ms,26.079231
1779184129.350,/benchmark/inference_ms,24.641195
1779184129.396,/benchmark/inference_ms,25.301029
1779184129.443,/benchmark/inference_ms,25.008904
1779184129.486,/benchmark/inference_ms,23.893614
1779184129.530,/benchmark/inference_ms,24.099886
1779184129.574,/benchmark/inference_ms,24.402859
1779184129.620,/benchmark/inference_ms,24.071726
1779184129.664,/benchmark/inference_ms,23.886415
1779184129.709,/benchmark/inference_ms,24.863016
1779184129.752,/benchmark/inference_ms,24.327980
1779184129.798,/benchmark/inference_ms,24.573002
1779184129.842,/benchmark/inference_ms,24.183788
1779184129.886,/benchmark/inference_ms,23.874479
1779184129.931,/benchmark/inference_ms,24.358763
1779184129.975,/benchmark/inference_ms,24.568169
1779184130.020,/benchmark/inference_ms,24.331179
1779184130.066,/benchmark/inference_ms,23.827951
1779184130.109,/benchmark/inference_ms,24.470858
1779184130.152,/benchmark/inference_ms,24.154316
1779184130.197,/benchmark/inference_ms,24.151756
1779184130.242,/benchmark/inference_ms,24.488043
1779184130.285,/benchmark/inference_ms,23.793423
1779184130.329,/benchmark/inference_ms,24.246380
1779184130.373,/benchmark/inference_ms,24.389034
1779184130.416,/benchmark/inference_ms,24.306765
1779184130.461,/benchmark/inference_ms,24.256493
1779184130.505,/benchmark/inference_ms,24.536234
1779184130.549,/benchmark/inference_ms,24.100109
1779184130.593,/benchmark/inference_ms,24.214220
1779184130.637,/benchmark/inference_ms,24.342506
1779184130.680,/benchmark/inference_ms,23.896975
1779184130.725,/benchmark/inference_ms,24.375788
1779184130.768,/benchmark/inference_ms,24.096685
1779184130.811,/benchmark/inference_ms,23.901518
1779184130.854,/benchmark/inference_ms,24.330666
1779184130.899,/benchmark/inference_ms,24.435179
1779184130.943,/benchmark/inference_ms,23.935823
1779184130.987,/benchmark/inference_ms,24.459560
1779184131.033,/benchmark/inference_ms,24.553034
1779184131.077,/benchmark/inference_ms,24.179853
1779184131.121,/benchmark/inference_ms,24.581898
1779184131.166,/benchmark/inference_ms,24.660009
1779184131.210,/benchmark/inference_ms,23.984303
1779184131.254,/benchmark/inference_ms,24.305132
1779184131.299,/benchmark/inference_ms,24.588745
1779184131.346,/benchmark/inference_ms,23.926577
1779184131.388,/benchmark/inference_ms,25.632002
1779184131.433,/benchmark/inference_ms,24.423626
1779184131.477,/benchmark/inference_ms,24.316811
1779184131.522,/benchmark/inference_ms,24.489420
1779184131.570,/benchmark/inference_ms,24.624649
1779184131.610,/benchmark/inference_ms,24.225420
1779184131.655,/benchmark/inference_ms,24.517065
1779184131.699,/benchmark/inference_ms,24.317036
1779184131.743,/benchmark/inference_ms,23.626608
1779184131.788,/benchmark/inference_ms,24.129036
1779184131.834,/benchmark/inference_ms,24.002766
1779184131.878,/benchmark/inference_ms,24.300972
1779184131.921,/benchmark/inference_ms,23.990286
1779184131.965,/benchmark/inference_ms,23.824783
1779184132.009,/benchmark/inference_ms,23.604017
1779184132.053,/benchmark/inference_ms,23.452114
1779184132.097,/benchmark/inference_ms,23.601746
1779184132.140,/benchmark/inference_ms,23.910191
1779184132.183,/benchmark/inference_ms,23.462835
1779184132.227,/benchmark/inference_ms,23.522322
1779184132.270,/benchmark/inference_ms,23.789646
1779184132.314,/benchmark/inference_ms,23.732113
1779184132.357,/benchmark/inference_ms,23.466482
1779184132.401,/benchmark/inference_ms,23.725073
1779184132.445,/benchmark/inference_ms,23.985327
1779184132.488,/benchmark/inference_ms,23.524784
1779184132.532,/benchmark/inference_ms,23.788368
1779184132.576,/benchmark/inference_ms,23.786798
1779184132.619,/benchmark/inference_ms,23.746511
1779184132.663,/benchmark/inference_ms,23.525488
1779184132.707,/benchmark/inference_ms,23.848558
1779184132.750,/benchmark/inference_ms,23.985390
1779184132.794,/benchmark/inference_ms,23.365299
1779184132.837,/benchmark/inference_ms,23.627344
1779184132.881,/benchmark/inference_ms,23.867088
1779184132.924,/benchmark/inference_ms,23.853006
1779184132.968,/benchmark/inference_ms,23.563663
1779184133.012,/benchmark/inference_ms,23.874672
1779184133.056,/benchmark/inference_ms,24.259403
1779184133.100,/benchmark/inference_ms,23.655312
1779184133.143,/benchmark/inference_ms,23.839312
1779184133.187,/benchmark/inference_ms,23.898222
1779184133.231,/benchmark/inference_ms,23.682064
1779184133.275,/benchmark/inference_ms,24.137804
1779184133.321,/benchmark/inference_ms,25.276836
1779184133.365,/benchmark/inference_ms,24.231083
1779184133.409,/benchmark/inference_ms,23.933838
1779184133.453,/benchmark/inference_ms,24.287531
1779184133.497,/benchmark/inference_ms,23.887150
1779184133.540,/benchmark/inference_ms,23.837872
1779184133.587,/benchmark/inference_ms,25.659937
1779184133.634,/benchmark/inference_ms,26.284956
1779184133.679,/benchmark/inference_ms,25.044613
1779184133.724,/benchmark/inference_ms,24.987621
1779184133.768,/benchmark/inference_ms,24.333162
1779184133.813,/benchmark/inference_ms,23.862223
1779184133.858,/benchmark/inference_ms,24.544426
1779184133.902,/benchmark/inference_ms,24.267946
1779184133.947,/benchmark/inference_ms,24.743465
1779184133.991,/benchmark/inference_ms,24.100718
1779184134.038,/benchmark/inference_ms,24.399658
1779184134.081,/benchmark/inference_ms,24.303659
1779184134.125,/benchmark/inference_ms,23.681614
1779184134.172,/benchmark/inference_ms,24.275627
1779184134.214,/benchmark/inference_ms,24.414059
1779184134.258,/benchmark/inference_ms,23.779758
1779184134.302,/benchmark/inference_ms,23.542002
1779184134.346,/benchmark/inference_ms,24.242315
1779184134.391,/benchmark/inference_ms,23.726223
1779184134.434,/benchmark/inference_ms,24.053226
1779184134.477,/benchmark/inference_ms,24.012814
1779184134.521,/benchmark/inference_ms,23.745647
1779184134.566,/benchmark/inference_ms,24.194828
1779184134.610,/benchmark/inference_ms,24.126284
1779184134.653,/benchmark/inference_ms,23.824463
1779184134.697,/benchmark/inference_ms,24.325964
1779184134.742,/benchmark/inference_ms,24.353706
1779184134.786,/benchmark/inference_ms,23.958830
1779184134.830,/benchmark/inference_ms,24.511305
1779184134.875,/benchmark/inference_ms,24.303404
1779184134.920,/benchmark/inference_ms,23.922220
1779184134.964,/benchmark/inference_ms,24.639849
1779184135.008,/benchmark/inference_ms,24.683847
1779184135.052,/benchmark/inference_ms,23.970381
1779184135.097,/benchmark/inference_ms,24.616968
1779184135.140,/benchmark/inference_ms,24.356236
1779184135.184,/benchmark/inference_ms,23.942766
1779184135.227,/benchmark/inference_ms,24.162188
1779184135.272,/benchmark/inference_ms,24.387339
1779184135.316,/benchmark/inference_ms,24.004108
1779184135.360,/benchmark/inference_ms,24.625834
1779184135.404,/benchmark/inference_ms,24.728392
1779184135.448,/benchmark/inference_ms,24.294506
1779184135.494,/benchmark/inference_ms,24.586248
1779184135.538,/benchmark/inference_ms,24.541801
1779184135.583,/benchmark/inference_ms,23.747503
1779184135.628,/benchmark/inference_ms,24.640968
1779184135.671,/benchmark/inference_ms,24.763145
1779184135.715,/benchmark/inference_ms,23.975182
1779184135.759,/benchmark/inference_ms,24.391434
1779184135.804,/benchmark/inference_ms,24.166220
1779184135.848,/benchmark/inference_ms,23.970318
1779184135.892,/benchmark/inference_ms,24.716967
1779184135.937,/benchmark/inference_ms,24.752647
1779184135.981,/benchmark/inference_ms,23.562128
1779184136.026,/benchmark/inference_ms,24.727047
1779184136.071,/benchmark/inference_ms,24.380875
1779184136.115,/benchmark/inference_ms,24.258732
1779184136.161,/benchmark/inference_ms,24.681927
1779184136.205,/benchmark/inference_ms,24.936678
1779184136.251,/benchmark/inference_ms,24.942341
1779184136.296,/benchmark/inference_ms,24.044430
1779184136.341,/benchmark/inference_ms,24.214666
1779184136.386,/benchmark/inference_ms,24.815495
1779184136.431,/benchmark/inference_ms,24.756519
1779184136.475,/benchmark/inference_ms,24.278955
1779184136.520,/benchmark/inference_ms,24.626120
1779184136.565,/benchmark/inference_ms,24.785191
1779184136.610,/benchmark/inference_ms,24.743496
1779184136.654,/benchmark/inference_ms,24.939301
1779184136.698,/benchmark/inference_ms,24.264204
1779184136.744,/benchmark/inference_ms,25.024708
1779184136.788,/benchmark/inference_ms,24.999557
1779184136.833,/benchmark/inference_ms,24.594568
1779184136.878,/benchmark/inference_ms,24.223597
1779184136.923,/benchmark/inference_ms,24.907494
1779184136.967,/benchmark/inference_ms,24.085901
1779184137.012,/benchmark/inference_ms,23.847118
1779184137.056,/benchmark/inference_ms,23.989996
1779184137.101,/benchmark/inference_ms,24.254026
1779184137.147,/benchmark/inference_ms,25.104675
1779184137.194,/benchmark/inference_ms,25.953981
1779184137.242,/benchmark/inference_ms,26.126654
1779184137.288,/benchmark/inference_ms,25.622753
1779184137.334,/benchmark/inference_ms,24.622215
1779184137.379,/benchmark/inference_ms,24.838566
1779184137.424,/benchmark/inference_ms,25.012774
1779184137.467,/benchmark/inference_ms,25.014820
1779184137.513,/benchmark/inference_ms,24.992998
1779184137.560,/benchmark/inference_ms,25.529665
1779184137.605,/benchmark/inference_ms,23.733488
1779184137.651,/benchmark/inference_ms,25.108419
1779184137.694,/benchmark/inference_ms,25.126499
1779184137.742,/benchmark/inference_ms,24.853798
1779184137.786,/benchmark/inference_ms,25.132515
1779184137.830,/benchmark/inference_ms,24.248363
1779184137.875,/benchmark/inference_ms,24.063948
1779184137.920,/benchmark/inference_ms,24.774246
1779184137.966,/benchmark/inference_ms,24.770151
1779184138.010,/benchmark/inference_ms,24.764263
1779184138.055,/benchmark/inference_ms,24.961254
1779184138.100,/benchmark/inference_ms,24.569576
1779184138.147,/benchmark/inference_ms,24.535465
1779184138.190,/benchmark/inference_ms,24.248459
1779184138.235,/benchmark/inference_ms,24.800390
1779184138.280,/benchmark/inference_ms,24.600391
1779184138.327,/benchmark/inference_ms,26.323803
1779184138.370,/benchmark/inference_ms,23.684591
1779184138.416,/benchmark/inference_ms,24.195978
1779184138.459,/benchmark/inference_ms,24.920902
1779184138.504,/benchmark/inference_ms,24.379690
1779184138.550,/benchmark/inference_ms,24.487082
1779184138.595,/benchmark/inference_ms,24.050571
1779184138.639,/benchmark/inference_ms,24.568680
1779184138.685,/benchmark/inference_ms,24.817350
1779184138.730,/benchmark/inference_ms,24.205034
1779184138.777,/benchmark/inference_ms,25.427074
1779184138.823,/benchmark/inference_ms,25.375362
1779184138.867,/benchmark/inference_ms,24.674791
1779184138.913,/benchmark/inference_ms,25.385601
1779184138.960,/benchmark/inference_ms,24.691975
1779184139.003,/benchmark/inference_ms,24.140364
1779184139.048,/benchmark/inference_ms,23.955788
1779184139.093,/benchmark/inference_ms,25.642305
1779184139.139,/benchmark/inference_ms,25.944317
1779184139.185,/benchmark/inference_ms,24.556871
1779184139.230,/benchmark/inference_ms,24.152363
1779184139.275,/benchmark/inference_ms,24.580488
1779184139.318,/benchmark/inference_ms,24.604456
1779184139.363,/benchmark/inference_ms,24.573927
1779184139.408,/benchmark/inference_ms,24.191051
1779184139.453,/benchmark/inference_ms,24.033068
1779184139.498,/benchmark/inference_ms,24.431274
1779184139.543,/benchmark/inference_ms,24.771559
1779184139.588,/benchmark/inference_ms,24.756615
1779184139.632,/benchmark/inference_ms,24.644169
1779184139.676,/benchmark/inference_ms,24.285355
1779184139.721,/benchmark/inference_ms,23.700174
1779184139.765,/benchmark/inference_ms,24.354954
1779184139.809,/benchmark/inference_ms,24.513191
1779184139.853,/benchmark/inference_ms,24.645576
1779184139.896,/benchmark/inference_ms,23.938700
1779184139.941,/benchmark/inference_ms,23.867662
1779184139.985,/benchmark/inference_ms,24.542120
1779184140.030,/benchmark/inference_ms,25.558336
1779184140.074,/benchmark/inference_ms,24.665415
1779184140.118,/benchmark/inference_ms,24.205675
1779184140.163,/benchmark/inference_ms,23.769711
1779184140.208,/benchmark/inference_ms,24.058252
1779184140.252,/benchmark/inference_ms,24.547688
1779184140.296,/benchmark/inference_ms,24.497768
1779184140.343,/benchmark/inference_ms,26.186012
1779184140.390,/benchmark/inference_ms,25.609024
1779184140.436,/benchmark/inference_ms,24.548136
1779184140.482,/benchmark/inference_ms,25.879679
1779184140.527,/benchmark/inference_ms,25.417986
1779184140.573,/benchmark/inference_ms,25.139490
1779184140.618,/benchmark/inference_ms,23.337585
1779184140.662,/benchmark/inference_ms,24.761351
1779184140.706,/benchmark/inference_ms,23.801199
1779184140.751,/benchmark/inference_ms,24.177450
1779184140.794,/benchmark/inference_ms,24.129099
1779184140.837,/benchmark/inference_ms,23.780622
1779184140.881,/benchmark/inference_ms,24.527433
1779184140.924,/benchmark/inference_ms,24.236938
1779184140.968,/benchmark/inference_ms,24.097580
1779184141.012,/benchmark/inference_ms,24.275051
1779184141.055,/benchmark/inference_ms,24.097067
1779184141.099,/benchmark/inference_ms,23.930668
1779184141.143,/benchmark/inference_ms,24.052076
1779184141.186,/benchmark/inference_ms,23.923309
1779184141.231,/benchmark/inference_ms,24.548872
1779184141.274,/benchmark/inference_ms,24.779623
1779184141.319,/benchmark/inference_ms,24.598791
1779184141.371,/benchmark/inference_ms,23.962219
1779184141.415,/benchmark/inference_ms,24.131754
1779184141.458,/benchmark/inference_ms,24.048845
1779184141.503,/benchmark/inference_ms,24.871109
1779184141.547,/benchmark/inference_ms,24.454281
1779184141.592,/benchmark/inference_ms,25.366241
1779184141.637,/benchmark/inference_ms,24.783718
1779184141.681,/benchmark/inference_ms,24.458057
1779184141.726,/benchmark/inference_ms,25.435938
1779184141.770,/benchmark/inference_ms,24.586088
1779184141.813,/benchmark/inference_ms,23.642607
1779184141.856,/benchmark/inference_ms,23.802221
1779184141.899,/benchmark/inference_ms,23.621391
1779184141.945,/benchmark/inference_ms,25.210787
1779184141.989,/benchmark/inference_ms,24.462984
1779184142.033,/benchmark/inference_ms,24.223082
1779184142.076,/benchmark/inference_ms,23.818508
1779184142.120,/benchmark/inference_ms,23.927053
1779184142.165,/benchmark/inference_ms,24.761190
1779184142.210,/benchmark/inference_ms,24.866341
1779184142.257,/benchmark/inference_ms,26.438871
1779184142.303,/benchmark/inference_ms,25.456160
1779184142.347,/benchmark/inference_ms,24.811396
1779184142.392,/benchmark/inference_ms,25.224354
1779184142.437,/benchmark/inference_ms,24.625256
1779184142.483,/benchmark/inference_ms,24.347017
1779184142.527,/benchmark/inference_ms,24.950565
1779184142.585,/benchmark/inference_ms,25.299971
1779184142.618,/benchmark/inference_ms,25.012484
1779184142.663,/benchmark/inference_ms,24.145481
1779184142.708,/benchmark/inference_ms,25.592512
1779184142.753,/benchmark/inference_ms,25.134531
1779184142.798,/benchmark/inference_ms,25.231874
1779184142.844,/benchmark/inference_ms,25.231586
1779184142.889,/benchmark/inference_ms,24.742886
1779184142.936,/benchmark/inference_ms,25.345633
1779184142.981,/benchmark/inference_ms,25.105412
1779184143.026,/benchmark/inference_ms,25.060516
1779184143.073,/benchmark/inference_ms,25.756830
1779184143.120,/benchmark/inference_ms,26.423323
1779184143.165,/benchmark/inference_ms,25.589087
1779184143.213,/benchmark/inference_ms,27.279251
1779184143.258,/benchmark/inference_ms,25.821981
1779184143.303,/benchmark/inference_ms,24.359945
1779184143.347,/benchmark/inference_ms,23.661486
1779184143.392,/benchmark/inference_ms,24.183498
1779184143.437,/benchmark/inference_ms,25.204002
1779184143.481,/benchmark/inference_ms,24.705191
1779184143.526,/benchmark/inference_ms,24.614662
1779184143.573,/benchmark/inference_ms,23.975147
1779184143.613,/benchmark/inference_ms,23.666798
1779184143.661,/benchmark/inference_ms,27.358002
1779184143.705,/benchmark/inference_ms,25.423937
1779184143.749,/benchmark/inference_ms,24.172361
1779184143.793,/benchmark/inference_ms,23.877996
1779184143.837,/benchmark/inference_ms,24.115530
1779184143.881,/benchmark/inference_ms,24.436264
1779184143.925,/benchmark/inference_ms,23.699278
1779184143.968,/benchmark/inference_ms,24.186090
1779184144.012,/benchmark/inference_ms,24.589191
1779184144.055,/benchmark/inference_ms,23.972267
1779184144.101,/benchmark/inference_ms,24.529896
1779184144.144,/benchmark/inference_ms,24.059853
1779184144.188,/benchmark/inference_ms,24.085484
1779184144.232,/benchmark/inference_ms,24.197674
1779184144.274,/benchmark/inference_ms,23.681644
1779184144.317,/benchmark/inference_ms,23.742031
1779184144.362,/benchmark/inference_ms,24.323177
1779184144.405,/benchmark/inference_ms,23.838732
1779184144.449,/benchmark/inference_ms,23.810221
1779184144.491,/benchmark/inference_ms,24.182474
1779184144.534,/benchmark/inference_ms,23.744558
1779184144.579,/benchmark/inference_ms,24.501127
1779184144.622,/benchmark/inference_ms,24.434280
1779184144.666,/benchmark/inference_ms,24.051531
1779184144.709,/benchmark/inference_ms,24.030027
1779184144.753,/benchmark/inference_ms,24.180235
1779184144.797,/benchmark/inference_ms,24.121834
1779184144.840,/benchmark/inference_ms,24.540039
1779184144.884,/benchmark/inference_ms,24.012077
1779184144.928,/benchmark/inference_ms,23.904877
1779184144.971,/benchmark/inference_ms,24.361032
1779184145.015,/benchmark/inference_ms,23.877005
1779184145.059,/benchmark/inference_ms,24.393993
1779184145.102,/benchmark/inference_ms,24.368937
1779184145.147,/benchmark/inference_ms,23.665388
1779184145.191,/benchmark/inference_ms,24.064043
1779184145.234,/benchmark/inference_ms,24.190121
1779184145.278,/benchmark/inference_ms,23.980427
1779184145.322,/benchmark/inference_ms,24.080523
1779184145.366,/benchmark/inference_ms,24.207722
1779184145.409,/benchmark/inference_ms,24.304489
1779184145.454,/benchmark/inference_ms,24.558887
1779184145.497,/benchmark/inference_ms,24.247467
1779184145.541,/benchmark/inference_ms,23.831150
1779184145.584,/benchmark/inference_ms,24.354856
1779184145.629,/benchmark/inference_ms,25.525759
1779184145.674,/benchmark/inference_ms,24.371113
1779184145.718,/benchmark/inference_ms,24.128681
1779184145.763,/benchmark/inference_ms,24.313993
1779184145.807,/benchmark/inference_ms,25.009251
1779184145.851,/benchmark/inference_ms,24.881157
1779184145.896,/benchmark/inference_ms,25.053379
1779184145.941,/benchmark/inference_ms,24.565382
1779184145.985,/benchmark/inference_ms,23.705935
1779184146.030,/benchmark/inference_ms,24.836710
1779184146.073,/benchmark/inference_ms,24.553350
1779184146.117,/benchmark/inference_ms,25.320034
1779184146.163,/benchmark/inference_ms,24.530951
1779184146.208,/benchmark/inference_ms,23.934410
1779184146.253,/benchmark/inference_ms,24.856771
1779184146.298,/benchmark/inference_ms,25.973148
1779184146.344,/benchmark/inference_ms,25.683102
1779184146.389,/benchmark/inference_ms,24.156586
1779184146.433,/benchmark/inference_ms,24.578119
1779184146.477,/benchmark/inference_ms,24.841734
1779184146.522,/benchmark/inference_ms,25.034370
1779184146.566,/benchmark/inference_ms,24.254986
1779184146.610,/benchmark/inference_ms,24.143850
1779184146.656,/benchmark/inference_ms,25.436192
1779184146.701,/benchmark/inference_ms,25.528606
1779184146.745,/benchmark/inference_ms,24.425673
1779184146.789,/benchmark/inference_ms,23.831757
1779184146.833,/benchmark/inference_ms,24.339720
1779184146.877,/benchmark/inference_ms,24.620390
1779184146.921,/benchmark/inference_ms,24.463655
1779184146.966,/benchmark/inference_ms,24.756933
1779184147.009,/benchmark/inference_ms,24.302313
1779184147.055,/benchmark/inference_ms,24.510086
1779184147.100,/benchmark/inference_ms,25.114626
1779184147.144,/benchmark/inference_ms,24.303528
1779184147.189,/benchmark/inference_ms,23.938765
1779184147.233,/benchmark/inference_ms,24.559048
1779184147.279,/benchmark/inference_ms,25.754238
1779184147.323,/benchmark/inference_ms,24.998341
1779184147.369,/benchmark/inference_ms,24.159082
1779184147.415,/benchmark/inference_ms,24.802212
1779184147.460,/benchmark/inference_ms,24.725510
1779184147.504,/benchmark/inference_ms,24.259369
1779184147.548,/benchmark/inference_ms,24.875717
1779184147.593,/benchmark/inference_ms,25.203522
1779184147.637,/benchmark/inference_ms,24.400776
1779184147.682,/benchmark/inference_ms,24.659204
1779184147.728,/benchmark/inference_ms,25.084898
1779184147.774,/benchmark/inference_ms,25.811741
1779184147.821,/benchmark/inference_ms,24.488134
1779184147.863,/benchmark/inference_ms,24.266632
1779184147.908,/benchmark/inference_ms,23.999115
1779184147.952,/benchmark/inference_ms,24.734724
1779184147.997,/benchmark/inference_ms,24.802532
1779184148.042,/benchmark/inference_ms,26.291451
1779184148.087,/benchmark/inference_ms,24.641605
1779184148.134,/benchmark/inference_ms,24.740709
1779184148.176,/benchmark/inference_ms,24.843971
1779184148.220,/benchmark/inference_ms,24.506823
1779184148.264,/benchmark/inference_ms,23.852556
1779184148.309,/benchmark/inference_ms,24.716614
1779184148.355,/benchmark/inference_ms,25.002979
1779184148.398,/benchmark/inference_ms,25.233122
1779184148.443,/benchmark/inference_ms,24.520103
1779184148.487,/benchmark/inference_ms,24.044106
1779184148.531,/benchmark/inference_ms,24.756548
1779184148.576,/benchmark/inference_ms,25.208193
1779184148.621,/benchmark/inference_ms,24.857220
1779184148.665,/benchmark/inference_ms,24.482983
1779184148.710,/benchmark/inference_ms,24.064489
1779184148.754,/benchmark/inference_ms,24.683142
1779184148.800,/benchmark/inference_ms,25.587614
1779184148.844,/benchmark/inference_ms,24.969635
1779184148.889,/benchmark/inference_ms,24.983685
1779184148.933,/benchmark/inference_ms,24.451656
1779184148.978,/benchmark/inference_ms,24.100233
1779184149.022,/benchmark/inference_ms,24.686182
1779184149.072,/benchmark/inference_ms,24.668453
1779184149.112,/benchmark/inference_ms,25.050049
1779184149.155,/benchmark/inference_ms,24.616135
1779184149.199,/benchmark/inference_ms,23.883915
1779184149.243,/benchmark/inference_ms,24.980194
1779184149.287,/benchmark/inference_ms,24.970917
1779184149.332,/benchmark/inference_ms,24.950626
1779184149.376,/benchmark/inference_ms,24.578630
1779184149.423,/benchmark/inference_ms,24.261576
1779184149.465,/benchmark/inference_ms,24.497831
1779184149.509,/benchmark/inference_ms,24.965475
1779184149.554,/benchmark/inference_ms,25.119265
1779184149.599,/benchmark/inference_ms,24.847204
1779184149.645,/benchmark/inference_ms,24.624388
1779184149.688,/benchmark/inference_ms,24.218281
1779184149.735,/benchmark/inference_ms,25.051394
1779184149.778,/benchmark/inference_ms,24.749125
1779184149.822,/benchmark/inference_ms,25.011139
1779184149.867,/benchmark/inference_ms,24.008492
1779184149.911,/benchmark/inference_ms,23.975115
1779184149.958,/benchmark/inference_ms,25.061218
1779184150.003,/benchmark/inference_ms,24.578821
1779184150.045,/benchmark/inference_ms,25.124514
1779184150.089,/benchmark/inference_ms,24.632549
1779184150.135,/benchmark/inference_ms,23.964746
1779184150.178,/benchmark/inference_ms,24.908451
1779184150.223,/benchmark/inference_ms,25.214499
1779184150.267,/benchmark/inference_ms,24.718245
1779184150.312,/benchmark/inference_ms,24.623045
1779184150.357,/benchmark/inference_ms,24.125099
1779184150.402,/benchmark/inference_ms,24.843365
1779184150.445,/benchmark/inference_ms,24.839012
1779184150.490,/benchmark/inference_ms,25.130817
1779184150.535,/benchmark/inference_ms,24.592743
1779184150.578,/benchmark/inference_ms,24.106539
1779184150.625,/benchmark/inference_ms,24.895267
1779184150.671,/benchmark/inference_ms,24.732580
1779184150.714,/benchmark/inference_ms,24.932421
1779184150.759,/benchmark/inference_ms,25.309856
1779184150.803,/benchmark/inference_ms,24.266472
1779184150.848,/benchmark/inference_ms,24.295496
1779184150.892,/benchmark/inference_ms,24.968771
1779184150.937,/benchmark/inference_ms,24.998659
1779184150.981,/benchmark/inference_ms,24.645124
1779184151.026,/benchmark/inference_ms,24.232233
1779184151.070,/benchmark/inference_ms,24.572357
1779184151.116,/benchmark/inference_ms,25.354689
1779184151.161,/benchmark/inference_ms,24.999681
1779184151.205,/benchmark/inference_ms,25.096226
1779184151.250,/benchmark/inference_ms,24.178888
1779184151.294,/benchmark/inference_ms,24.334215
1779184151.338,/benchmark/inference_ms,24.435333
1779184151.382,/benchmark/inference_ms,23.998697
1779184151.427,/benchmark/inference_ms,25.502720
1779184151.471,/benchmark/inference_ms,24.810434
1779184151.516,/benchmark/inference_ms,24.308968
1779184151.560,/benchmark/inference_ms,24.529510
1779184151.604,/benchmark/inference_ms,24.655621
1779184151.648,/benchmark/inference_ms,23.755308
1779184151.692,/benchmark/inference_ms,24.505096
1779184151.735,/benchmark/inference_ms,24.191175
1779184151.780,/benchmark/inference_ms,24.234152
1779184151.824,/benchmark/inference_ms,24.759077
1779184151.869,/benchmark/inference_ms,24.013449
1779184151.913,/benchmark/inference_ms,24.326952
1779184151.959,/benchmark/inference_ms,24.393864
1779184152.001,/benchmark/inference_ms,23.788525
1779184152.045,/benchmark/inference_ms,23.916330
1779184152.088,/benchmark/inference_ms,24.514791
1779184152.134,/benchmark/inference_ms,23.805162
1779184152.176,/benchmark/inference_ms,24.521318
1779184152.220,/benchmark/inference_ms,24.425350
1779184152.264,/benchmark/inference_ms,23.733740
1779184152.307,/benchmark/inference_ms,24.022026
1779184152.349,/benchmark/inference_ms,23.919531
1779184152.395,/benchmark/inference_ms,23.838987
1779184152.438,/benchmark/inference_ms,24.406597
1779184152.482,/benchmark/inference_ms,23.886059
1779184152.526,/benchmark/inference_ms,24.480967
1779184152.570,/benchmark/inference_ms,24.657925
1779184152.614,/benchmark/inference_ms,23.732491
1779184152.659,/benchmark/inference_ms,24.507814
1779184152.702,/benchmark/inference_ms,24.808388
1779184152.746,/benchmark/inference_ms,23.941481
1779184152.790,/benchmark/inference_ms,23.654188
1779184152.834,/benchmark/inference_ms,24.342375
1779184152.877,/benchmark/inference_ms,23.611790
1779184152.921,/benchmark/inference_ms,24.509190
1779184152.966,/benchmark/inference_ms,24.570629
1779184153.009,/benchmark/inference_ms,23.653582
1779184153.053,/benchmark/inference_ms,24.071882
1779184153.097,/benchmark/inference_ms,24.707588
1779184153.141,/benchmark/inference_ms,23.703083
1779184153.185,/benchmark/inference_ms,24.567589
1779184153.229,/benchmark/inference_ms,24.299273
1779184153.276,/benchmark/inference_ms,24.123081
1779184153.318,/benchmark/inference_ms,24.631237
1779184153.361,/benchmark/inference_ms,24.072329
1779184153.405,/benchmark/inference_ms,24.101543
1779184153.449,/benchmark/inference_ms,24.477062
1779184153.493,/benchmark/inference_ms,24.293192
1779184153.537,/benchmark/inference_ms,24.001642
1779184153.581,/benchmark/inference_ms,24.508102
1779184153.625,/benchmark/inference_ms,23.907370
1779184153.670,/benchmark/inference_ms,24.052137
1779184153.713,/benchmark/inference_ms,24.505701
1779184153.757,/benchmark/inference_ms,24.293095
1779184153.800,/benchmark/inference_ms,24.702406
1779184153.843,/benchmark/inference_ms,24.466982
1779184153.886,/benchmark/inference_ms,23.734924
1779184153.931,/benchmark/inference_ms,24.503590
1779184153.975,/benchmark/inference_ms,24.193064
1779184154.018,/benchmark/inference_ms,24.299591
1779184154.064,/benchmark/inference_ms,24.512678
1779184154.107,/benchmark/inference_ms,24.206568
1779184154.151,/benchmark/inference_ms,24.046185
1779184154.195,/benchmark/inference_ms,24.414438
1779184154.238,/benchmark/inference_ms,23.705292
1779184154.282,/benchmark/inference_ms,24.144136
1779184154.324,/benchmark/inference_ms,23.810059
1779184154.369,/benchmark/inference_ms,24.192169
1779184154.412,/benchmark/inference_ms,24.735588
1779184154.457,/benchmark/inference_ms,23.896074
1779184154.501,/benchmark/inference_ms,23.994249
1779184154.544,/benchmark/inference_ms,24.235752
1779184154.588,/benchmark/inference_ms,23.991339
1779184154.634,/benchmark/inference_ms,24.530247
1779184154.676,/benchmark/inference_ms,24.289288
1779184154.720,/benchmark/inference_ms,23.589485
1779184154.764,/benchmark/inference_ms,24.316135
1779184154.807,/benchmark/inference_ms,23.872553
1779184154.854,/benchmark/inference_ms,23.720043
1779184154.895,/benchmark/inference_ms,24.192583
1779184154.938,/benchmark/inference_ms,23.644428
1779184154.982,/benchmark/inference_ms,24.241447
1779184155.025,/benchmark/inference_ms,24.006569
1779184155.072,/benchmark/inference_ms,24.104137
1779184155.113,/benchmark/inference_ms,24.649221
1779184155.159,/benchmark/inference_ms,24.153160
1779184155.201,/benchmark/inference_ms,24.000233
1779184155.245,/benchmark/inference_ms,24.373766
1779184155.289,/benchmark/inference_ms,23.942698
1779184155.333,/benchmark/inference_ms,24.495270
1779184155.378,/benchmark/inference_ms,25.232609
1779184155.421,/benchmark/inference_ms,23.485229
1779184155.465,/benchmark/inference_ms,24.365894
1779184155.508,/benchmark/inference_ms,23.760490
1779184155.552,/benchmark/inference_ms,23.824139
1779184155.597,/benchmark/inference_ms,24.392134
1779184155.639,/benchmark/inference_ms,23.973064
1779184155.683,/benchmark/inference_ms,24.521156
1779184155.726,/benchmark/inference_ms,24.143816
1779184155.775,/benchmark/inference_ms,27.771374
1779184155.819,/benchmark/inference_ms,24.335623
1779184155.863,/benchmark/inference_ms,24.091015
1779184155.908,/benchmark/inference_ms,23.506510
1779184155.954,/benchmark/inference_ms,26.767317
1779184155.998,/benchmark/inference_ms,24.330439
1779184156.042,/benchmark/inference_ms,23.975849
1779184156.086,/benchmark/inference_ms,24.324135
1779184156.135,/benchmark/inference_ms,24.080744
1779184156.173,/benchmark/inference_ms,23.591021
1779184156.217,/benchmark/inference_ms,24.272007
1779184156.262,/benchmark/inference_ms,23.751244
1779184156.306,/benchmark/inference_ms,23.970505
1779184156.350,/benchmark/inference_ms,24.712837
1779184156.393,/benchmark/inference_ms,23.663500
1779184156.436,/benchmark/inference_ms,23.694796
1779184156.481,/benchmark/inference_ms,24.340647
1779184156.524,/benchmark/inference_ms,23.750380
1779184156.572,/benchmark/inference_ms,24.229383
1779184156.612,/benchmark/inference_ms,24.197704
1779184156.656,/benchmark/inference_ms,23.861803
1779184156.700,/benchmark/inference_ms,24.451141
1779184156.743,/benchmark/inference_ms,24.169033
1779184156.799,/benchmark/inference_ms,24.940451
1779184156.834,/benchmark/inference_ms,25.203840
1779184156.881,/benchmark/inference_ms,25.155680
1779184156.924,/benchmark/inference_ms,23.980553
1779184156.968,/benchmark/inference_ms,23.884426
1779184157.011,/benchmark/inference_ms,24.261574
1779184157.055,/benchmark/inference_ms,24.175335
1779184157.100,/benchmark/inference_ms,25.340702
1779184157.146,/benchmark/inference_ms,24.775940
1779184157.189,/benchmark/inference_ms,23.595245
1779184157.233,/benchmark/inference_ms,24.281416
1779184157.277,/benchmark/inference_ms,23.953161
1779184157.321,/benchmark/inference_ms,24.220966
1779184157.367,/benchmark/inference_ms,25.672350
1779184157.412,/benchmark/inference_ms,25.438622
1779184157.459,/benchmark/inference_ms,25.649467
1779184157.501,/benchmark/inference_ms,23.698635
1779184157.545,/benchmark/inference_ms,23.855019
1779184157.589,/benchmark/inference_ms,24.393190
1779184157.634,/benchmark/inference_ms,23.570925
1779184157.676,/benchmark/inference_ms,23.735498
1779184157.719,/benchmark/inference_ms,25.210913
1779184157.765,/benchmark/inference_ms,25.165056
1779184157.811,/benchmark/inference_ms,25.003937
1779184157.853,/benchmark/inference_ms,23.473902
1779184157.897,/benchmark/inference_ms,23.990152
1779184157.940,/benchmark/inference_ms,23.808010
1779184157.985,/benchmark/inference_ms,24.835556
1779184158.030,/benchmark/inference_ms,25.584925
1779184158.077,/benchmark/inference_ms,26.255222
1779184158.121,/benchmark/inference_ms,24.415972
1779184158.165,/benchmark/inference_ms,23.592556
1779184158.209,/benchmark/inference_ms,24.361351
1779184158.254,/benchmark/inference_ms,24.824226
1779184158.298,/benchmark/inference_ms,24.971777
1779184158.343,/benchmark/inference_ms,24.280264
1779184158.388,/benchmark/inference_ms,24.082439
1779184158.433,/benchmark/inference_ms,24.988802
1779184158.478,/benchmark/inference_ms,24.696741
1779184158.522,/benchmark/inference_ms,25.118113
1779184158.570,/benchmark/inference_ms,24.336519
1779184158.611,/benchmark/inference_ms,23.899689
1779184158.655,/benchmark/inference_ms,24.661732
1779184158.699,/benchmark/inference_ms,24.617060
1779184158.743,/benchmark/inference_ms,24.506117
1779184158.788,/benchmark/inference_ms,23.802122
1779184158.830,/benchmark/inference_ms,24.840771
1779184158.874,/benchmark/inference_ms,24.794626
1779184158.921,/benchmark/inference_ms,25.383934
1779184158.965,/benchmark/inference_ms,24.752836
1779184159.010,/benchmark/inference_ms,25.736187
1779184159.054,/benchmark/inference_ms,24.453445
1779184159.098,/benchmark/inference_ms,24.320038
1779184159.142,/benchmark/inference_ms,23.780043
1779184159.187,/benchmark/inference_ms,24.236584
1779184159.230,/benchmark/inference_ms,24.415941
1779184159.275,/benchmark/inference_ms,24.633316
1779184159.319,/benchmark/inference_ms,24.557283
1779184159.362,/benchmark/inference_ms,24.229095
1779184159.407,/benchmark/inference_ms,23.918793
1779184159.452,/benchmark/inference_ms,24.788548
1779184159.497,/benchmark/inference_ms,25.219807
1779184159.542,/benchmark/inference_ms,25.137793
1779184159.587,/benchmark/inference_ms,24.908258
1779184159.634,/benchmark/inference_ms,25.032129
1779184159.677,/benchmark/inference_ms,24.496803
1779184159.721,/benchmark/inference_ms,25.384605
1779184159.767,/benchmark/inference_ms,25.295902
1779184159.810,/benchmark/inference_ms,23.532236
1779184159.853,/benchmark/inference_ms,23.585932
1779184159.897,/benchmark/inference_ms,23.758537
1779184159.941,/benchmark/inference_ms,23.963402
1779184159.986,/benchmark/inference_ms,24.689827
1779184160.031,/benchmark/inference_ms,25.182720
1779184160.077,/benchmark/inference_ms,24.512932
1779184160.118,/benchmark/inference_ms,23.764938
1779184160.162,/benchmark/inference_ms,23.611212
1779184160.206,/benchmark/inference_ms,24.079561
1779184160.251,/benchmark/inference_ms,25.257504
1779184160.296,/benchmark/inference_ms,24.850723
1779184160.340,/benchmark/inference_ms,23.955210
1779184160.384,/benchmark/inference_ms,23.925449
1779184160.427,/benchmark/inference_ms,24.061352
1779184160.470,/benchmark/inference_ms,23.533772
1779184160.514,/benchmark/inference_ms,24.351301
1779184160.560,/benchmark/inference_ms,25.197599
1779184160.604,/benchmark/inference_ms,24.960737
1779184160.648,/benchmark/inference_ms,23.808779
1779184160.693,/benchmark/inference_ms,23.509581
1779184160.736,/benchmark/inference_ms,24.129866
1779184160.781,/benchmark/inference_ms,24.902945
1779184160.826,/benchmark/inference_ms,24.794947
1779184160.872,/benchmark/inference_ms,24.978146
1779184160.917,/benchmark/inference_ms,24.692387
1779184160.960,/benchmark/inference_ms,25.706106
1779184161.005,/benchmark/inference_ms,24.227175
1779184161.049,/benchmark/inference_ms,23.891209
1779184161.096,/benchmark/inference_ms,24.915169
1779184161.139,/benchmark/inference_ms,25.236832
1779184161.183,/benchmark/inference_ms,24.787458
1779184161.228,/benchmark/inference_ms,24.135687
1779184161.272,/benchmark/inference_ms,24.560579
1779184161.317,/benchmark/inference_ms,24.734276
1779184161.362,/benchmark/inference_ms,25.487549
1779184161.407,/benchmark/inference_ms,24.787874
1779184161.451,/benchmark/inference_ms,23.828074
1779184161.496,/benchmark/inference_ms,24.829859
1779184161.540,/benchmark/inference_ms,24.495813
1779184161.585,/benchmark/inference_ms,23.670923
1779184161.630,/benchmark/inference_ms,24.274437
1779184161.674,/benchmark/inference_ms,23.915464
1779184161.715,/benchmark/inference_ms,24.554884
1779184161.761,/benchmark/inference_ms,25.552893
1779184161.805,/benchmark/inference_ms,24.668324
1779184161.849,/benchmark/inference_ms,23.940008
1779184161.902,/benchmark/inference_ms,24.591171
1779184161.946,/benchmark/inference_ms,24.679621
1779184161.990,/benchmark/inference_ms,25.025537
1779184162.036,/benchmark/inference_ms,25.498749
1779184162.080,/benchmark/inference_ms,24.867617
1779184162.130,/benchmark/inference_ms,24.815619
1779184162.174,/benchmark/inference_ms,25.435741
1779184162.216,/benchmark/inference_ms,25.193342
1779184162.261,/benchmark/inference_ms,24.752163
1779184162.306,/benchmark/inference_ms,24.267078
1779184162.351,/benchmark/inference_ms,25.055649
1779184162.396,/benchmark/inference_ms,25.220863
1779184162.440,/benchmark/inference_ms,24.704323
1779184162.485,/benchmark/inference_ms,24.157511
1779184162.529,/benchmark/inference_ms,24.866465
1779184162.575,/benchmark/inference_ms,25.409054
1779184162.620,/benchmark/inference_ms,24.689602
1779184162.665,/benchmark/inference_ms,24.430853
1779184162.709,/benchmark/inference_ms,24.838690
1779184162.755,/benchmark/inference_ms,25.579996
1779184162.799,/benchmark/inference_ms,24.509380
1779184162.844,/benchmark/inference_ms,24.086983
1779184162.889,/benchmark/inference_ms,25.501438
1779184162.936,/benchmark/inference_ms,25.149118
1779184162.980,/benchmark/inference_ms,24.704994
1779184163.025,/benchmark/inference_ms,24.287109
1779184163.072,/benchmark/inference_ms,25.598429
1779184163.116,/benchmark/inference_ms,25.592316
1779184163.160,/benchmark/inference_ms,25.215998
1779184163.207,/benchmark/inference_ms,25.791098
1779184163.250,/benchmark/inference_ms,24.236998
1779184163.295,/benchmark/inference_ms,25.132000
1779184163.340,/benchmark/inference_ms,24.674690
1779184163.385,/benchmark/inference_ms,24.234789
1779184163.429,/benchmark/inference_ms,24.597443
1779184163.473,/benchmark/inference_ms,25.055008
1779184163.518,/benchmark/inference_ms,24.598434
1779184163.563,/benchmark/inference_ms,24.996769
1779184163.609,/benchmark/inference_ms,24.906687
1779184163.652,/benchmark/inference_ms,24.615971
1779184163.695,/benchmark/inference_ms,23.903944
1779184163.739,/benchmark/inference_ms,24.112007
1779184163.783,/benchmark/inference_ms,23.925066
1779184163.827,/benchmark/inference_ms,24.046215
1779184163.871,/benchmark/inference_ms,24.466469
1779184163.916,/benchmark/inference_ms,24.350822
1779184163.958,/benchmark/inference_ms,23.743753
1779184164.002,/benchmark/inference_ms,24.540453
1779184164.045,/benchmark/inference_ms,24.166309
1779184164.089,/benchmark/inference_ms,24.130470
1779184164.136,/benchmark/inference_ms,25.273533
1779184164.180,/benchmark/inference_ms,24.573700
1779184164.225,/benchmark/inference_ms,24.171207
1779184164.270,/benchmark/inference_ms,25.178398
1779184164.315,/benchmark/inference_ms,25.427229
1779184164.360,/benchmark/inference_ms,24.639683
1779184164.404,/benchmark/inference_ms,24.904192
1779184164.451,/benchmark/inference_ms,25.655388
1779184164.495,/benchmark/inference_ms,24.872801
1779184164.540,/benchmark/inference_ms,24.183495
1779184164.585,/benchmark/inference_ms,24.824577
1779184164.628,/benchmark/inference_ms,25.010719
1779184164.673,/benchmark/inference_ms,24.569059
1779184164.718,/benchmark/inference_ms,23.927977
1779184164.763,/benchmark/inference_ms,25.486109
1779184164.807,/benchmark/inference_ms,25.128735
1779184164.852,/benchmark/inference_ms,24.605988
1779184164.897,/benchmark/inference_ms,23.944904
1779184164.941,/benchmark/inference_ms,24.899744
1779184164.986,/benchmark/inference_ms,24.890017
1779184165.030,/benchmark/inference_ms,24.364229
1779184165.075,/benchmark/inference_ms,24.394661
1779184165.119,/benchmark/inference_ms,24.522371
1779184165.166,/benchmark/inference_ms,25.046368
1779184165.210,/benchmark/inference_ms,24.314821
1779184165.255,/benchmark/inference_ms,24.112326
1779184165.299,/benchmark/inference_ms,24.625347
1779184165.344,/benchmark/inference_ms,24.988768
1779184165.389,/benchmark/inference_ms,24.386276
1779184165.434,/benchmark/inference_ms,24.357670
1779184165.478,/benchmark/inference_ms,25.178080
1779184165.523,/benchmark/inference_ms,25.137310
1779184165.568,/benchmark/inference_ms,24.452868
1779184165.613,/benchmark/inference_ms,24.237989
1779184165.659,/benchmark/inference_ms,25.671164
1779184165.703,/benchmark/inference_ms,24.924543
1779184165.746,/benchmark/inference_ms,24.183077
1779184165.790,/benchmark/inference_ms,24.402277
1779184165.835,/benchmark/inference_ms,24.790913
1779184165.882,/benchmark/inference_ms,24.944544
1779184165.926,/benchmark/inference_ms,24.208134
1779184165.971,/benchmark/inference_ms,24.752033
1779184166.014,/benchmark/inference_ms,24.809633
1779184166.059,/benchmark/inference_ms,24.819136
1779184166.104,/benchmark/inference_ms,24.317125
1779184166.150,/benchmark/inference_ms,24.911234
1779184166.194,/benchmark/inference_ms,24.739584
1779184166.238,/benchmark/inference_ms,24.901920
1779184166.284,/benchmark/inference_ms,24.372196
1779184166.328,/benchmark/inference_ms,24.751041
1779184166.372,/benchmark/inference_ms,24.839617
1779184166.416,/benchmark/inference_ms,24.588772
1779184166.462,/benchmark/inference_ms,24.065960
1779184166.506,/benchmark/inference_ms,24.663012
1779184166.551,/benchmark/inference_ms,24.791265
1779184166.595,/benchmark/inference_ms,24.251493
1779184166.640,/benchmark/inference_ms,24.697121
1779184166.685,/benchmark/inference_ms,24.967007
1779184166.727,/benchmark/inference_ms,24.565027
1779184166.773,/benchmark/inference_ms,24.170855
1779184166.818,/benchmark/inference_ms,24.499781
1779184166.862,/benchmark/inference_ms,24.865313
1779184166.906,/benchmark/inference_ms,24.618916
1779184166.950,/benchmark/inference_ms,24.205511
1779184166.995,/benchmark/inference_ms,25.055967
1779184167.040,/benchmark/inference_ms,24.784225
1779184167.084,/benchmark/inference_ms,24.366659
1779184167.129,/benchmark/inference_ms,24.012711
1779184167.174,/benchmark/inference_ms,25.371964
1779184167.219,/benchmark/inference_ms,25.229406
1779184167.263,/benchmark/inference_ms,24.253733
1779184167.308,/benchmark/inference_ms,23.819273
1779184167.353,/benchmark/inference_ms,24.933792
1779184167.398,/benchmark/inference_ms,25.028318
1779184167.442,/benchmark/inference_ms,24.426275
1779184167.489,/benchmark/inference_ms,23.877319
1779184167.531,/benchmark/inference_ms,24.552931
1779184167.576,/benchmark/inference_ms,24.753729
1779184167.620,/benchmark/inference_ms,24.246534
1779184167.665,/benchmark/inference_ms,24.622948
1779184167.708,/benchmark/inference_ms,24.790497
1779184167.754,/benchmark/inference_ms,24.799809
1779184167.799,/benchmark/inference_ms,24.310339
1779184167.843,/benchmark/inference_ms,24.686113
1779184167.887,/benchmark/inference_ms,24.854561
1779184167.934,/benchmark/inference_ms,24.933632
1779184167.976,/benchmark/inference_ms,24.589922
1779184168.021,/benchmark/inference_ms,24.674690
1779184168.067,/benchmark/inference_ms,24.767328
1779184168.111,/benchmark/inference_ms,24.790241
1779184168.153,/benchmark/inference_ms,24.236359
1779184168.198,/benchmark/inference_ms,24.648994
1779184168.242,/benchmark/inference_ms,24.785984
1779184168.286,/benchmark/inference_ms,25.101727
1779184168.331,/benchmark/inference_ms,24.072838
1779184168.377,/benchmark/inference_ms,25.554140
1779184168.422,/benchmark/inference_ms,25.766649
1779184168.469,/benchmark/inference_ms,26.129591
1779184168.513,/benchmark/inference_ms,23.922983
1779184168.558,/benchmark/inference_ms,24.450661
1779184168.602,/benchmark/inference_ms,24.917120
1779184168.647,/benchmark/inference_ms,25.403164
1779184168.693,/benchmark/inference_ms,26.245430
1779184168.741,/benchmark/inference_ms,26.107830
1779184168.790,/benchmark/inference_ms,26.459604
1779184168.838,/benchmark/inference_ms,26.449524
1779184168.884,/benchmark/inference_ms,25.798073
1779184168.928,/benchmark/inference_ms,24.994814
1779184168.974,/benchmark/inference_ms,26.216246
1779184169.020,/benchmark/inference_ms,25.056351
1779184169.069,/benchmark/inference_ms,24.910210
1779184169.111,/benchmark/inference_ms,25.149662
1779184169.155,/benchmark/inference_ms,25.594330
1779184169.199,/benchmark/inference_ms,24.738209
1779184169.244,/benchmark/inference_ms,23.994087
1779184169.289,/benchmark/inference_ms,24.467171
1779184169.332,/benchmark/inference_ms,25.132191
1779184169.377,/benchmark/inference_ms,24.815104
1779184169.423,/benchmark/inference_ms,24.874624
1779184169.467,/benchmark/inference_ms,24.247812
1779184169.512,/benchmark/inference_ms,24.207556
1779184169.557,/benchmark/inference_ms,25.403484
1779184169.604,/benchmark/inference_ms,26.512501
1779184169.651,/benchmark/inference_ms,25.697178
1779184169.695,/benchmark/inference_ms,23.885511
1779184169.739,/benchmark/inference_ms,24.745378
1779184169.784,/benchmark/inference_ms,24.781055
1779184169.829,/benchmark/inference_ms,25.251421
1779184169.873,/benchmark/inference_ms,24.606689
1779184169.920,/benchmark/inference_ms,24.038439
1779184169.963,/benchmark/inference_ms,24.168070
1779184170.007,/benchmark/inference_ms,24.309189
1779184170.051,/benchmark/inference_ms,24.305477
1779184170.096,/benchmark/inference_ms,24.169956
1779184170.139,/benchmark/inference_ms,23.783304
1779184170.183,/benchmark/inference_ms,24.258406
1779184170.227,/benchmark/inference_ms,24.356325
1779184170.271,/benchmark/inference_ms,24.467554
1779184170.315,/benchmark/inference_ms,24.004038
1779184170.359,/benchmark/inference_ms,23.639273
1779184170.404,/benchmark/inference_ms,24.509027
1779184170.448,/benchmark/inference_ms,24.509315
1779184170.493,/benchmark/inference_ms,24.332100
1779184170.536,/benchmark/inference_ms,24.300100
1779184170.580,/benchmark/inference_ms,23.727207
1779184170.624,/benchmark/inference_ms,23.915239
1779184170.668,/benchmark/inference_ms,24.264357
1779184170.712,/benchmark/inference_ms,24.381283
1779184170.755,/benchmark/inference_ms,24.312996
1779184170.800,/benchmark/inference_ms,23.790249
1779184170.844,/benchmark/inference_ms,24.319941
1779184170.888,/benchmark/inference_ms,24.355780
1779184170.933,/benchmark/inference_ms,24.336132
1779184170.977,/benchmark/inference_ms,24.582882
1779184171.020,/benchmark/inference_ms,23.505644
1779184171.064,/benchmark/inference_ms,23.589865
1779184171.108,/benchmark/inference_ms,24.170277
1779184171.152,/benchmark/inference_ms,24.763073
1779184171.196,/benchmark/inference_ms,24.461123
1779184171.241,/benchmark/inference_ms,23.807207
1779184171.285,/benchmark/inference_ms,23.765512
1779184171.328,/benchmark/inference_ms,24.466530
1779184171.375,/benchmark/inference_ms,26.975952
1779184171.421,/benchmark/inference_ms,26.413204
1779184171.468,/benchmark/inference_ms,24.764290
1779184171.512,/benchmark/inference_ms,24.553154
1779184171.558,/benchmark/inference_ms,25.932728
1779184171.604,/benchmark/inference_ms,26.053205
1779184171.650,/benchmark/inference_ms,25.393787
1779184171.695,/benchmark/inference_ms,24.742943
1779184171.741,/benchmark/inference_ms,25.671577
1779184171.787,/benchmark/inference_ms,25.846073
1779184171.832,/benchmark/inference_ms,25.169310
1779184171.879,/benchmark/inference_ms,24.810593
1779184171.923,/benchmark/inference_ms,25.763641
1779184171.970,/benchmark/inference_ms,25.774042
1779184172.018,/benchmark/inference_ms,26.039511
1779184172.061,/benchmark/inference_ms,24.273701
1779184172.106,/benchmark/inference_ms,24.473825
1779184172.150,/benchmark/inference_ms,24.439459
1779184172.194,/benchmark/inference_ms,23.577129
1779184172.238,/benchmark/inference_ms,24.055973
1779184172.281,/benchmark/inference_ms,24.152164
1779184172.326,/benchmark/inference_ms,23.964231
1779184172.370,/benchmark/inference_ms,24.418915
1779184172.413,/benchmark/inference_ms,24.510786
1779184172.460,/benchmark/inference_ms,23.877159
1779184172.505,/benchmark/inference_ms,24.877089
1779184172.546,/benchmark/inference_ms,24.422659
1779184172.590,/benchmark/inference_ms,24.596930
1779184172.648,/benchmark/inference_ms,25.161789
1779184172.679,/benchmark/inference_ms,24.157639
1779184172.723,/benchmark/inference_ms,24.462051
1779184172.767,/benchmark/inference_ms,24.390499
1779184172.810,/benchmark/inference_ms,23.818439
1779184172.853,/benchmark/inference_ms,23.937544
1779184172.898,/benchmark/inference_ms,24.667137
1779184172.943,/benchmark/inference_ms,24.861855
1779184172.987,/benchmark/inference_ms,24.153093
1779184173.030,/benchmark/inference_ms,23.897575
1779184173.074,/benchmark/inference_ms,24.226885
1779184173.119,/benchmark/inference_ms,24.799456
1779184173.163,/benchmark/inference_ms,24.594913
1779184173.206,/benchmark/inference_ms,23.698696
1779184173.251,/benchmark/inference_ms,24.379908
1779184173.294,/benchmark/inference_ms,24.304771
1779184173.338,/benchmark/inference_ms,23.521320
1779184173.382,/benchmark/inference_ms,24.430340
1779184173.426,/benchmark/inference_ms,24.374723
1779184173.470,/benchmark/inference_ms,23.572073
1779184173.514,/benchmark/inference_ms,24.132484
1779184173.558,/benchmark/inference_ms,24.080004
1779184173.602,/benchmark/inference_ms,24.033382
1779184173.647,/benchmark/inference_ms,24.433924
1779184173.690,/benchmark/inference_ms,24.036997
1779184173.734,/benchmark/inference_ms,23.982054
1779184173.778,/benchmark/inference_ms,24.041508
1779184173.822,/benchmark/inference_ms,24.070887
1779184173.867,/benchmark/inference_ms,24.161638
1779184173.911,/benchmark/inference_ms,24.303236
1779184173.954,/benchmark/inference_ms,23.723400
1779184173.998,/benchmark/inference_ms,23.683434
1779184174.042,/benchmark/inference_ms,24.573666
1779184174.088,/benchmark/inference_ms,24.641760
1779184174.133,/benchmark/inference_ms,24.028006
1779184174.177,/benchmark/inference_ms,24.947903
1779184174.222,/benchmark/inference_ms,24.553410
1779184174.266,/benchmark/inference_ms,23.786024
1779184174.310,/benchmark/inference_ms,24.219236
1779184174.353,/benchmark/inference_ms,23.920551
1779184174.396,/benchmark/inference_ms,24.299555
1779184174.441,/benchmark/inference_ms,24.830912
1779184174.486,/benchmark/inference_ms,24.309858
1779184174.532,/benchmark/inference_ms,25.029982
1779184174.576,/benchmark/inference_ms,24.853855
1779184174.621,/benchmark/inference_ms,25.363930
1779184174.667,/benchmark/inference_ms,24.712576
1779184174.712,/benchmark/inference_ms,24.485411
1779184174.756,/benchmark/inference_ms,24.688320
1779184174.801,/benchmark/inference_ms,25.287516
1779184174.846,/benchmark/inference_ms,24.424900
1779184174.892,/benchmark/inference_ms,24.799198
1779184174.939,/benchmark/inference_ms,26.173973
1779184174.985,/benchmark/inference_ms,25.859224
1779184175.029,/benchmark/inference_ms,24.348740
1779184175.073,/benchmark/inference_ms,24.304708
1779184175.118,/benchmark/inference_ms,23.960453
1779184175.162,/benchmark/inference_ms,24.703297
1779184175.205,/benchmark/inference_ms,23.680008
1779184175.250,/benchmark/inference_ms,24.167685
1779184175.294,/benchmark/inference_ms,24.615585
1779184175.339,/benchmark/inference_ms,23.979527
1779184175.383,/benchmark/inference_ms,24.448483
1779184175.428,/benchmark/inference_ms,25.114302
1779184175.472,/benchmark/inference_ms,24.363522
1779184175.517,/benchmark/inference_ms,24.204996
1779184175.563,/benchmark/inference_ms,25.172829
1779184175.609,/benchmark/inference_ms,24.851423
1779184175.652,/benchmark/inference_ms,25.528410
1779184175.696,/benchmark/inference_ms,24.620033
1779184175.741,/benchmark/inference_ms,24.018822
1779184175.787,/benchmark/inference_ms,24.592897
1779184175.831,/benchmark/inference_ms,24.869343
1779184175.875,/benchmark/inference_ms,25.021597
1779184175.921,/benchmark/inference_ms,24.870304
1779184175.965,/benchmark/inference_ms,24.386787
1779184176.009,/benchmark/inference_ms,24.164484
1779184176.054,/benchmark/inference_ms,24.955423
1779184176.098,/benchmark/inference_ms,25.420218
1779184176.146,/benchmark/inference_ms,24.864511
1779184176.189,/benchmark/inference_ms,24.650721
1779184176.232,/benchmark/inference_ms,24.235909
1779184176.277,/benchmark/inference_ms,24.951870
1779184176.324,/benchmark/inference_ms,24.835455
1779184176.367,/benchmark/inference_ms,24.766848
1779184176.412,/benchmark/inference_ms,24.205156
1779184176.458,/benchmark/inference_ms,26.002871
1779184176.505,/benchmark/inference_ms,26.496403
1779184176.551,/benchmark/inference_ms,25.667480
1779184176.595,/benchmark/inference_ms,24.407843
1779184176.641,/benchmark/inference_ms,24.363426
1779184176.686,/benchmark/inference_ms,25.019070
1779184176.730,/benchmark/inference_ms,25.232445
1779184176.774,/benchmark/inference_ms,25.211035
1779184176.820,/benchmark/inference_ms,24.313730
1779184176.864,/benchmark/inference_ms,23.878792
1779184176.909,/benchmark/inference_ms,24.821150
1779184176.953,/benchmark/inference_ms,24.387075
1779184176.996,/benchmark/inference_ms,24.742592
1779184177.042,/benchmark/inference_ms,24.514147
1779184177.086,/benchmark/inference_ms,23.862854
1779184177.133,/benchmark/inference_ms,24.959614
1779184177.176,/benchmark/inference_ms,24.648352
1779184177.220,/benchmark/inference_ms,24.789696
1779184177.263,/benchmark/inference_ms,24.109285
1779184177.307,/benchmark/inference_ms,23.783846
1779184177.352,/benchmark/inference_ms,24.846622
1779184177.395,/benchmark/inference_ms,24.781982
1779184177.439,/benchmark/inference_ms,24.705601
1779184177.483,/benchmark/inference_ms,24.209476
1779184177.527,/benchmark/inference_ms,23.895718
1779184177.571,/benchmark/inference_ms,25.106461
1779184177.616,/benchmark/inference_ms,24.844574
1779184177.660,/benchmark/inference_ms,24.864477
1779184177.704,/benchmark/inference_ms,24.586081
1779184177.748,/benchmark/inference_ms,24.094244
1779184177.794,/benchmark/inference_ms,24.655296
1779184177.839,/benchmark/inference_ms,25.330299
1779184177.884,/benchmark/inference_ms,25.288124
1779184177.928,/benchmark/inference_ms,24.666817
1779184177.973,/benchmark/inference_ms,24.130629
1779184178.018,/benchmark/inference_ms,25.288763
1779184178.063,/benchmark/inference_ms,25.378971
1779184178.107,/benchmark/inference_ms,24.698338
1779184178.151,/benchmark/inference_ms,23.990150
1779184178.196,/benchmark/inference_ms,24.893661
1779184178.241,/benchmark/inference_ms,25.039869
1779184178.285,/benchmark/inference_ms,24.487234
1779184178.328,/benchmark/inference_ms,24.151556
1779184178.373,/benchmark/inference_ms,23.891367
1779184178.420,/benchmark/inference_ms,24.653185
1779184178.462,/benchmark/inference_ms,25.247259
1779184178.506,/benchmark/inference_ms,24.868191
1779184178.552,/benchmark/inference_ms,24.481731
1779184178.596,/benchmark/inference_ms,23.911303
1779184178.641,/benchmark/inference_ms,24.257410
1779184178.685,/benchmark/inference_ms,24.682495
1779184178.730,/benchmark/inference_ms,24.389315
1779184178.774,/benchmark/inference_ms,24.736959
1779184178.818,/benchmark/inference_ms,24.362209
1779184178.862,/benchmark/inference_ms,23.766792
1779184178.907,/benchmark/inference_ms,24.909054
1779184178.951,/benchmark/inference_ms,24.912766
1779184178.996,/benchmark/inference_ms,24.734337
1779184179.040,/benchmark/inference_ms,24.222338
1779184179.086,/benchmark/inference_ms,24.063494
1779184179.133,/benchmark/inference_ms,24.740480
1779184179.173,/benchmark/inference_ms,24.451456
1779184179.217,/benchmark/inference_ms,24.977949
1779184179.262,/benchmark/inference_ms,24.589504
1779184179.307,/benchmark/inference_ms,24.068836
1779184179.351,/benchmark/inference_ms,24.788960
1779184179.395,/benchmark/inference_ms,24.958332
1779184179.441,/benchmark/inference_ms,24.796640
1779184179.485,/benchmark/inference_ms,24.772863
1779184179.529,/benchmark/inference_ms,24.456512
1779184179.574,/benchmark/inference_ms,24.141380
1779184179.619,/benchmark/inference_ms,24.691328
1779184179.664,/benchmark/inference_ms,25.280891
1779184179.708,/benchmark/inference_ms,24.824415
1779184179.752,/benchmark/inference_ms,24.557953
1779184179.798,/benchmark/inference_ms,24.478048
1779184179.842,/benchmark/inference_ms,23.964422
1779184179.887,/benchmark/inference_ms,24.840607
1779184179.934,/benchmark/inference_ms,24.641825
1779184179.976,/benchmark/inference_ms,24.956158
1779184180.021,/benchmark/inference_ms,24.286148
1779184180.066,/benchmark/inference_ms,24.466370
1779184180.111,/benchmark/inference_ms,25.088892
1779184180.155,/benchmark/inference_ms,24.859005
1779184180.200,/benchmark/inference_ms,24.796511
1779184180.245,/benchmark/inference_ms,25.216635
1779184180.290,/benchmark/inference_ms,24.408579
1779184180.335,/benchmark/inference_ms,23.835495
1779184180.379,/benchmark/inference_ms,24.952061
1779184180.423,/benchmark/inference_ms,24.928476
1779184180.469,/benchmark/inference_ms,24.781023
1779184180.513,/benchmark/inference_ms,24.314852
1779184180.557,/benchmark/inference_ms,24.125860
1779184180.602,/benchmark/inference_ms,24.606049
1779184180.646,/benchmark/inference_ms,25.018238
1779184180.690,/benchmark/inference_ms,24.680769
1779184180.735,/benchmark/inference_ms,24.041668
1779184180.780,/benchmark/inference_ms,23.908901
1779184180.824,/benchmark/inference_ms,24.861309
1779184180.869,/benchmark/inference_ms,24.499872
1779184180.913,/benchmark/inference_ms,25.097916
1779184180.958,/benchmark/inference_ms,24.536736
1779184181.002,/benchmark/inference_ms,24.589729
1779184181.052,/benchmark/inference_ms,24.393410
1779184181.097,/benchmark/inference_ms,24.696863
1779184181.142,/benchmark/inference_ms,26.181362
1779184181.188,/benchmark/inference_ms,26.175188
1779184181.256,/benchmark/inference_ms,24.297539
1779184181.300,/benchmark/inference_ms,24.606527
1779184181.346,/benchmark/inference_ms,25.016445
1779184181.390,/benchmark/inference_ms,24.072611
1779184181.439,/benchmark/inference_ms,23.489866
1779184181.485,/benchmark/inference_ms,25.320633
1779184181.532,/benchmark/inference_ms,25.379450
1779184181.573,/benchmark/inference_ms,25.041916
1779184181.618,/benchmark/inference_ms,24.817566
1779184181.667,/benchmark/inference_ms,23.912102
1779184181.712,/benchmark/inference_ms,24.594080
1779184181.756,/benchmark/inference_ms,24.501888
1779184181.800,/benchmark/inference_ms,24.979805
1779184181.844,/benchmark/inference_ms,24.703423
1779184181.888,/benchmark/inference_ms,24.003845
1779184181.935,/benchmark/inference_ms,24.553185
1779184181.976,/benchmark/inference_ms,24.568640
1779184182.020,/benchmark/inference_ms,24.261570
1779184182.063,/benchmark/inference_ms,23.486410
1779184182.106,/benchmark/inference_ms,23.980326
1779184182.150,/benchmark/inference_ms,24.209379
1779184182.193,/benchmark/inference_ms,23.544487
1779184182.237,/benchmark/inference_ms,24.077827
1779184182.280,/benchmark/inference_ms,23.790277
1779184182.324,/benchmark/inference_ms,24.009861
1779184182.367,/benchmark/inference_ms,24.194338
1779184182.410,/benchmark/inference_ms,23.777031
1779184182.456,/benchmark/inference_ms,24.974716
1779184182.501,/benchmark/inference_ms,25.479801
1779184182.548,/benchmark/inference_ms,24.962622
1779184182.597,/benchmark/inference_ms,24.681120
1779184182.638,/benchmark/inference_ms,24.080101
1779184182.684,/benchmark/inference_ms,25.355610
1779184182.730,/benchmark/inference_ms,25.944277
1779184182.774,/benchmark/inference_ms,26.254642
1779184182.821,/benchmark/inference_ms,24.659519
1779184182.865,/benchmark/inference_ms,23.712616
1779184182.910,/benchmark/inference_ms,24.242563
1779184182.955,/benchmark/inference_ms,24.086212
1779184182.997,/benchmark/inference_ms,24.006725
1779184183.042,/benchmark/inference_ms,24.116068
1779184183.086,/benchmark/inference_ms,23.952549
1779184183.133,/benchmark/inference_ms,24.568832
1779184183.177,/benchmark/inference_ms,25.440025
1779184183.224,/benchmark/inference_ms,26.093811
1779184183.270,/benchmark/inference_ms,25.301403
1779184183.314,/benchmark/inference_ms,24.486176
1779184183.358,/benchmark/inference_ms,24.457697
1779184183.402,/benchmark/inference_ms,23.928644
1779184183.446,/benchmark/inference_ms,23.840517
1779184183.491,/benchmark/inference_ms,24.506784
1779184183.535,/benchmark/inference_ms,24.378754
1779184183.579,/benchmark/inference_ms,24.722815
1779184183.623,/benchmark/inference_ms,24.113474
1779184183.667,/benchmark/inference_ms,23.841255
1779184183.712,/benchmark/inference_ms,24.549248
1779184183.756,/benchmark/inference_ms,24.449505
1779184183.800,/benchmark/inference_ms,24.679390
1779184183.844,/benchmark/inference_ms,23.889637
1779184183.889,/benchmark/inference_ms,23.928902
1779184183.933,/benchmark/inference_ms,24.342529
1779184183.976,/benchmark/inference_ms,24.284962
1779184184.021,/benchmark/inference_ms,24.226883
1779184184.067,/benchmark/inference_ms,24.858078
1779184184.111,/benchmark/inference_ms,24.421089
1779184184.154,/benchmark/inference_ms,24.775967
1779184184.198,/benchmark/inference_ms,24.431746
1779184184.242,/benchmark/inference_ms,24.005253
1779184184.287,/benchmark/inference_ms,23.938885
1779184184.332,/benchmark/inference_ms,24.645535
1779184184.375,/benchmark/inference_ms,24.614079
1779184184.420,/benchmark/inference_ms,24.822653
1779184184.464,/benchmark/inference_ms,24.555777
1779184184.509,/benchmark/inference_ms,23.883814
1779184184.554,/benchmark/inference_ms,24.248098
1779184184.599,/benchmark/inference_ms,24.833883
1779184184.644,/benchmark/inference_ms,24.988796
1779184184.690,/benchmark/inference_ms,24.910749
1779184184.732,/benchmark/inference_ms,24.303587
1779184184.776,/benchmark/inference_ms,24.073668
1779184184.821,/benchmark/inference_ms,24.375137
1779184184.866,/benchmark/inference_ms,24.952318
1779184184.911,/benchmark/inference_ms,24.809885
1779184184.955,/benchmark/inference_ms,25.024317
1779184184.999,/benchmark/inference_ms,24.332323
1779184185.044,/benchmark/inference_ms,24.194628
1779184185.089,/benchmark/inference_ms,25.053085
1779184185.134,/benchmark/inference_ms,24.974333
1779184185.179,/benchmark/inference_ms,24.979324
1779184185.223,/benchmark/inference_ms,24.993116
1779184185.269,/benchmark/inference_ms,24.924829
1779184185.314,/benchmark/inference_ms,24.459904
1779184185.359,/benchmark/inference_ms,24.090403
1779184185.404,/benchmark/inference_ms,25.013533
1779184185.449,/benchmark/inference_ms,25.549273
1779184185.494,/benchmark/inference_ms,24.894365
1779184185.539,/benchmark/inference_ms,25.175835
1779184185.583,/benchmark/inference_ms,24.670815
1779184185.629,/benchmark/inference_ms,24.076836
1779184185.673,/benchmark/inference_ms,24.815294
1779184185.717,/benchmark/inference_ms,24.987101
1779184185.762,/benchmark/inference_ms,24.947037
1779184185.810,/benchmark/inference_ms,28.064548
1779184185.856,/benchmark/inference_ms,26.080725
1779184185.901,/benchmark/inference_ms,24.130659
1779184185.946,/benchmark/inference_ms,24.498560
1779184185.994,/benchmark/inference_ms,27.893702
1779184186.039,/benchmark/inference_ms,25.535128
1779184186.084,/benchmark/inference_ms,25.177177
1779184186.133,/benchmark/inference_ms,24.772766
1779184186.175,/benchmark/inference_ms,23.993860
1779184186.219,/benchmark/inference_ms,24.897821
1779184186.263,/benchmark/inference_ms,25.206938
1779184186.309,/benchmark/inference_ms,26.199572
1779184186.355,/benchmark/inference_ms,25.346746
1779184186.400,/benchmark/inference_ms,25.354523
1779184186.446,/benchmark/inference_ms,24.732447
1779184186.488,/benchmark/inference_ms,24.271042
1779184186.531,/benchmark/inference_ms,23.708614
1779184186.575,/benchmark/inference_ms,24.727711
1779184186.618,/benchmark/inference_ms,24.209921
1779184186.665,/benchmark/inference_ms,25.954037
1779184186.711,/benchmark/inference_ms,25.771221
1779184186.754,/benchmark/inference_ms,24.239811
1779184186.798,/benchmark/inference_ms,24.621695
1779184186.842,/benchmark/inference_ms,23.729509
1779184186.886,/benchmark/inference_ms,24.300001
1779184186.934,/benchmark/inference_ms,24.404224
1779184186.974,/benchmark/inference_ms,23.635719
1779184187.019,/benchmark/inference_ms,24.718111
1779184187.063,/benchmark/inference_ms,24.201508
1779184187.107,/benchmark/inference_ms,23.789511
1779184187.152,/benchmark/inference_ms,24.379169
1779184187.195,/benchmark/inference_ms,24.486273
1779184187.238,/benchmark/inference_ms,23.650280
1779184187.283,/benchmark/inference_ms,24.432512
1779184187.326,/benchmark/inference_ms,24.265314
1779184187.370,/benchmark/inference_ms,23.879301
1779184187.415,/benchmark/inference_ms,25.048155
1779184187.459,/benchmark/inference_ms,24.931324
1779184187.505,/benchmark/inference_ms,24.997532
1779184187.549,/benchmark/inference_ms,24.607101
1779184187.594,/benchmark/inference_ms,24.486849
1779184187.638,/benchmark/inference_ms,23.979139
1779184187.683,/benchmark/inference_ms,24.669821
1779184187.726,/benchmark/inference_ms,23.898373
1779184187.770,/benchmark/inference_ms,23.749189
1779184187.813,/benchmark/inference_ms,23.382664
1779184187.857,/benchmark/inference_ms,24.618557
1779184187.901,/benchmark/inference_ms,24.078787
1779184187.945,/benchmark/inference_ms,23.816261
1779184187.988,/benchmark/inference_ms,23.769062
1779184188.032,/benchmark/inference_ms,24.221090
1779184188.077,/benchmark/inference_ms,25.003389
1779184188.120,/benchmark/inference_ms,24.077667
1779184188.165,/benchmark/inference_ms,24.173761
1779184188.209,/benchmark/inference_ms,24.474174
1779184188.254,/benchmark/inference_ms,25.176313
1779184188.299,/benchmark/inference_ms,24.986876
1779184188.344,/benchmark/inference_ms,25.037050
1779184188.388,/benchmark/inference_ms,24.454592
1779184188.435,/benchmark/inference_ms,24.883070
1779184188.478,/benchmark/inference_ms,25.227770
1779184188.524,/benchmark/inference_ms,25.410425
1779184188.571,/benchmark/inference_ms,24.435295
1779184188.613,/benchmark/inference_ms,24.234467
1779184188.656,/benchmark/inference_ms,24.573694
1779184188.703,/benchmark/inference_ms,25.190746
1779184188.748,/benchmark/inference_ms,24.688766
1779184188.792,/benchmark/inference_ms,24.195427
1779184188.837,/benchmark/inference_ms,25.259323
1779184188.882,/benchmark/inference_ms,24.982395
1779184188.927,/benchmark/inference_ms,24.752382
1779184188.972,/benchmark/inference_ms,24.405058
1779184189.017,/benchmark/inference_ms,24.896317
1779184008.898,/benchmark/latency_ms,66.770424
1779184008.942,/benchmark/latency_ms,87.740181
1779184008.988,/benchmark/latency_ms,83.508720
1779184009.032,/benchmark/latency_ms,78.403282
1779184009.077,/benchmark/latency_ms,72.830933
1779184009.121,/benchmark/latency_ms,67.356468
1779184009.167,/benchmark/latency_ms,87.329399
1779184009.213,/benchmark/latency_ms,81.725372
1779184009.273,/benchmark/latency_ms,77.277176
1779184009.320,/benchmark/latency_ms,72.290810
1779184009.352,/benchmark/latency_ms,93.177879
1779184009.398,/benchmark/latency_ms,84.357643
1779184009.444,/benchmark/latency_ms,79.359756
1779184009.489,/benchmark/latency_ms,73.722221
1779184009.533,/benchmark/latency_ms,68.996330
1779184009.578,/benchmark/latency_ms,88.305267
1779184009.622,/benchmark/latency_ms,81.565536
1779184009.666,/benchmark/latency_ms,73.415955
1779184009.712,/benchmark/latency_ms,91.405563
1779184009.755,/benchmark/latency_ms,81.854973
1779184009.800,/benchmark/latency_ms,73.413811
1779184009.843,/benchmark/latency_ms,91.476898
1779184009.887,/benchmark/latency_ms,83.289490
1779184009.932,/benchmark/latency_ms,75.164001
1779184009.978,/benchmark/latency_ms,68.558701
1779184010.025,/benchmark/latency_ms,89.992554
1779184010.069,/benchmark/latency_ms,85.773987
1779184010.113,/benchmark/latency_ms,81.222466
1779184010.167,/benchmark/latency_ms,71.138458
1779184010.200,/benchmark/latency_ms,89.758247
1779184010.248,/benchmark/latency_ms,82.474136
1779184010.292,/benchmark/latency_ms,75.903008
1779184010.338,/benchmark/latency_ms,73.092270
1779184010.386,/benchmark/latency_ms,71.678329
1779184010.431,/benchmark/latency_ms,68.603210
1779184010.474,/benchmark/latency_ms,66.422974
1779184010.520,/benchmark/latency_ms,87.736595
1779184010.565,/benchmark/latency_ms,83.751022
1779184010.609,/benchmark/latency_ms,79.100876
1779184010.652,/benchmark/latency_ms,75.045158
1779184010.698,/benchmark/latency_ms,70.950401
1779184010.743,/benchmark/latency_ms,66.718269
1779184010.788,/benchmark/latency_ms,87.223801
1779184010.831,/benchmark/latency_ms,82.900116
1779184010.876,/benchmark/latency_ms,79.216110
1779184010.922,/benchmark/latency_ms,75.232162
1779184010.965,/benchmark/latency_ms,70.219490
1779184011.021,/benchmark/latency_ms,66.273216
1779184011.057,/benchmark/latency_ms,87.075195
1779184011.101,/benchmark/latency_ms,83.047409
1779184011.146,/benchmark/latency_ms,77.810898
1779184011.192,/benchmark/latency_ms,74.384651
1779184011.240,/benchmark/latency_ms,96.450043
1779184011.288,/benchmark/latency_ms,89.174988
1779184011.333,/benchmark/latency_ms,83.684555
1779184011.379,/benchmark/latency_ms,77.217751
1779184011.433,/benchmark/latency_ms,70.669922
1779184011.470,/benchmark/latency_ms,67.786644
1779184011.516,/benchmark/latency_ms,90.577759
1779184011.561,/benchmark/latency_ms,109.112907
1779184011.607,/benchmark/latency_ms,76.906075
1779184011.650,/benchmark/latency_ms,72.052185
1779184011.695,/benchmark/latency_ms,67.955887
1779184011.743,/benchmark/latency_ms,89.279495
1779184011.786,/benchmark/latency_ms,84.238663
1779184011.831,/benchmark/latency_ms,76.851479
1779184011.876,/benchmark/latency_ms,72.291122
1779184011.921,/benchmark/latency_ms,68.175629
1779184011.968,/benchmark/latency_ms,88.126068
1779184012.013,/benchmark/latency_ms,83.154480
1779184012.061,/benchmark/latency_ms,75.663551
1779184012.102,/benchmark/latency_ms,70.814369
1779184012.148,/benchmark/latency_ms,91.909492
1779184012.193,/benchmark/latency_ms,85.826172
1779184012.239,/benchmark/latency_ms,79.546280
1779184012.284,/benchmark/latency_ms,72.418358
1779184012.329,/benchmark/latency_ms,65.000069
1779184012.376,/benchmark/latency_ms,86.831993
1779184012.419,/benchmark/latency_ms,82.182137
1779184012.464,/benchmark/latency_ms,77.573555
1779184012.510,/benchmark/latency_ms,74.353516
1779184012.555,/benchmark/latency_ms,69.822884
1779184012.600,/benchmark/latency_ms,65.921852
1779184012.646,/benchmark/latency_ms,86.941116
1779184012.691,/benchmark/latency_ms,82.675125
1779184012.736,/benchmark/latency_ms,78.067757
1779184012.783,/benchmark/latency_ms,73.934792
1779184012.828,/benchmark/latency_ms,69.963333
1779184012.884,/benchmark/latency_ms,66.273849
1779184012.920,/benchmark/latency_ms,87.332405
1779184012.963,/benchmark/latency_ms,83.182289
1779184013.009,/benchmark/latency_ms,78.422508
1779184013.053,/benchmark/latency_ms,74.045959
1779184013.109,/benchmark/latency_ms,69.470634
1779184013.146,/benchmark/latency_ms,89.708389
1779184013.190,/benchmark/latency_ms,85.302467
1779184013.234,/benchmark/latency_ms,80.529411
1779184013.279,/benchmark/latency_ms,76.323647
1779184013.325,/benchmark/latency_ms,72.113075
1779184013.371,/benchmark/latency_ms,67.219444
1779184013.415,/benchmark/latency_ms,87.686195
1779184013.461,/benchmark/latency_ms,85.167236
1779184013.518,/benchmark/latency_ms,81.791542
1779184013.561,/benchmark/latency_ms,78.133232
1779184013.598,/benchmark/latency_ms,76.053757
1779184013.647,/benchmark/latency_ms,70.349731
1779184013.690,/benchmark/latency_ms,90.938332
1779184013.738,/benchmark/latency_ms,82.914032
1779184013.781,/benchmark/latency_ms,77.571732
1779184013.826,/benchmark/latency_ms,72.954735
1779184013.874,/benchmark/latency_ms,68.527466
1779184013.919,/benchmark/latency_ms,89.178635
1779184013.962,/benchmark/latency_ms,85.416702
1779184014.009,/benchmark/latency_ms,81.283134
1779184014.053,/benchmark/latency_ms,77.184952
1779184014.100,/benchmark/latency_ms,72.924782
1779184014.145,/benchmark/latency_ms,68.911270
1779184014.189,/benchmark/latency_ms,89.257446
1779184014.246,/benchmark/latency_ms,84.783524
1779184014.281,/benchmark/latency_ms,80.249794
1779184014.325,/benchmark/latency_ms,76.348701
1779184014.371,/benchmark/latency_ms,71.198814
1779184014.416,/benchmark/latency_ms,66.980247
1779184014.459,/benchmark/latency_ms,87.562485
1779184014.507,/benchmark/latency_ms,83.073074
1779184014.551,/benchmark/latency_ms,79.233322
1779184014.598,/benchmark/latency_ms,74.536934
1779184014.646,/benchmark/latency_ms,69.300453
1779184014.691,/benchmark/latency_ms,90.386719
1779184014.747,/benchmark/latency_ms,81.707481
1779184014.781,/benchmark/latency_ms,77.146294
1779184014.825,/benchmark/latency_ms,71.672661
1779184014.880,/benchmark/latency_ms,66.535637
1779184014.915,/benchmark/latency_ms,86.747963
1779184014.960,/benchmark/latency_ms,81.007263
1779184015.014,/benchmark/latency_ms,75.932701
1779184015.049,/benchmark/latency_ms,70.552956
1779184015.094,/benchmark/latency_ms,65.546242
1779184015.139,/benchmark/latency_ms,85.609505
1779184015.184,/benchmark/latency_ms,80.825630
1779184015.227,/benchmark/latency_ms,76.568214
1779184015.272,/benchmark/latency_ms,71.475578
1779184015.317,/benchmark/latency_ms,67.121201
1779184015.373,/benchmark/latency_ms,87.924911
1779184015.407,/benchmark/latency_ms,82.903915
1779184015.452,/benchmark/latency_ms,77.967117
1779184015.497,/benchmark/latency_ms,71.874931
1779184015.542,/benchmark/latency_ms,68.043053
1779184015.584,/benchmark/latency_ms,88.462410
1779184015.633,/benchmark/latency_ms,84.170731
1779184015.687,/benchmark/latency_ms,79.664803
1779184015.722,/benchmark/latency_ms,75.442719
1779184015.765,/benchmark/latency_ms,70.150276
1779184015.814,/benchmark/latency_ms,66.036446
1779184015.860,/benchmark/latency_ms,86.971413
1779184015.904,/benchmark/latency_ms,82.557365
1779184015.960,/benchmark/latency_ms,78.785805
1779184016.007,/benchmark/latency_ms,74.273735
1779184016.040,/benchmark/latency_ms,70.386559
1779184016.088,/benchmark/latency_ms,67.825356
1779184016.134,/benchmark/latency_ms,90.262077
1779184016.191,/benchmark/latency_ms,82.076630
1779184016.223,/benchmark/latency_ms,73.280426
1779184016.268,/benchmark/latency_ms,91.263000
1779184016.313,/benchmark/latency_ms,83.951973
1779184016.359,/benchmark/latency_ms,74.887619
1779184016.402,/benchmark/latency_ms,92.919342
1779184016.449,/benchmark/latency_ms,86.539482
1779184016.497,/benchmark/latency_ms,81.665268
1779184016.555,/benchmark/latency_ms,81.768372
1779184016.589,/benchmark/latency_ms,78.338760
1779184016.634,/benchmark/latency_ms,75.204575
1779184016.679,/benchmark/latency_ms,70.775101
1779184016.723,/benchmark/latency_ms,66.405205
1779184016.767,/benchmark/latency_ms,87.229362
1779184016.812,/benchmark/latency_ms,83.296425
1779184016.857,/benchmark/latency_ms,79.626495
1779184016.902,/benchmark/latency_ms,75.393570
1779184016.951,/benchmark/latency_ms,71.275383
1779184016.994,/benchmark/latency_ms,66.497017
1779184017.040,/benchmark/latency_ms,88.336014
1779184017.085,/benchmark/latency_ms,84.205032
1779184017.130,/benchmark/latency_ms,79.735519
1779184017.176,/benchmark/latency_ms,74.748962
1779184017.219,/benchmark/latency_ms,69.471619
1779184017.264,/benchmark/latency_ms,65.275711
1779184017.310,/benchmark/latency_ms,86.666489
1779184017.355,/benchmark/latency_ms,82.275375
1779184017.399,/benchmark/latency_ms,76.478806
1779184017.443,/benchmark/latency_ms,72.158257
1779184017.490,/benchmark/latency_ms,67.327919
1779184017.536,/benchmark/latency_ms,87.768082
1779184017.578,/benchmark/latency_ms,81.923218
1779184017.624,/benchmark/latency_ms,77.484116
1779184017.667,/benchmark/latency_ms,72.929710
1779184017.712,/benchmark/latency_ms,68.339882
1779184017.758,/benchmark/latency_ms,88.488365
1779184017.812,/benchmark/latency_ms,83.547752
1779184017.846,/benchmark/latency_ms,78.650955
1779184017.891,/benchmark/latency_ms,74.238853
1779184017.936,/benchmark/latency_ms,69.797920
1779184017.980,/benchmark/latency_ms,65.010880
1779184018.026,/benchmark/latency_ms,86.310043
1779184018.072,/benchmark/latency_ms,81.477562
1779184018.117,/benchmark/latency_ms,77.051445
1779184018.160,/benchmark/latency_ms,71.970291
1779184018.205,/benchmark/latency_ms,67.559151
1779184018.250,/benchmark/latency_ms,87.863564
1779184018.296,/benchmark/latency_ms,83.354668
1779184018.341,/benchmark/latency_ms,78.653481
1779184018.384,/benchmark/latency_ms,73.613739
1779184018.429,/benchmark/latency_ms,69.055428
1779184018.474,/benchmark/latency_ms,89.213829
1779184018.520,/benchmark/latency_ms,84.289223
1779184018.566,/benchmark/latency_ms,79.288712
1779184018.610,/benchmark/latency_ms,74.895363
1779184018.654,/benchmark/latency_ms,70.035393
1779184018.699,/benchmark/latency_ms,65.656319
1779184018.743,/benchmark/latency_ms,86.629494
1779184018.789,/benchmark/latency_ms,81.257652
1779184018.843,/benchmark/latency_ms,76.793938
1779184018.877,/benchmark/latency_ms,72.111542
1779184018.923,/benchmark/latency_ms,67.679535
1779184018.966,/benchmark/latency_ms,87.490669
1779184019.012,/benchmark/latency_ms,82.719856
1779184019.057,/benchmark/latency_ms,78.269798
1779184019.100,/benchmark/latency_ms,72.896202
1779184019.143,/benchmark/latency_ms,67.727562
1779184019.190,/benchmark/latency_ms,87.227890
1779184019.233,/benchmark/latency_ms,82.118256
1779184019.280,/benchmark/latency_ms,78.205322
1779184019.323,/benchmark/latency_ms,73.011536
1779184019.369,/benchmark/latency_ms,68.510536
1779184019.412,/benchmark/latency_ms,88.964615
1779184019.457,/benchmark/latency_ms,83.003464
1779184019.502,/benchmark/latency_ms,75.727036
1779184019.559,/benchmark/latency_ms,69.250816
1779184019.592,/benchmark/latency_ms,89.317635
1779184019.637,/benchmark/latency_ms,82.689034
1779184019.680,/benchmark/latency_ms,76.888336
1779184019.729,/benchmark/latency_ms,70.945145
1779184019.774,/benchmark/latency_ms,90.153214
1779184019.830,/benchmark/latency_ms,84.294914
1779184019.863,/benchmark/latency_ms,78.160683
1779184019.909,/benchmark/latency_ms,71.508858
1779184019.953,/benchmark/latency_ms,91.646423
1779184019.998,/benchmark/latency_ms,83.902946
1779184020.043,/benchmark/latency_ms,77.699532
1779184020.089,/benchmark/latency_ms,71.166199
1779184020.133,/benchmark/latency_ms,91.132469
1779184020.179,/benchmark/latency_ms,84.937820
1779184020.224,/benchmark/latency_ms,78.725349
1779184020.267,/benchmark/latency_ms,73.064140
1779184020.314,/benchmark/latency_ms,67.480621
1779184020.358,/benchmark/latency_ms,87.641357
1779184020.403,/benchmark/latency_ms,81.520309
1779184020.448,/benchmark/latency_ms,76.370201
1779184020.494,/benchmark/latency_ms,69.960060
1779184020.552,/benchmark/latency_ms,90.196091
1779184020.584,/benchmark/latency_ms,82.957870
1779184020.632,/benchmark/latency_ms,75.939705
1779184020.674,/benchmark/latency_ms,70.109055
1779184020.720,/benchmark/latency_ms,89.745506
1779184020.765,/benchmark/latency_ms,83.223335
1779184020.811,/benchmark/latency_ms,76.467346
1779184020.856,/benchmark/latency_ms,70.624504
1779184020.900,/benchmark/latency_ms,90.018784
1779184020.957,/benchmark/latency_ms,84.737083
1779184020.990,/benchmark/latency_ms,78.661034
1779184021.036,/benchmark/latency_ms,71.470482
1779184021.080,/benchmark/latency_ms,91.252342
1779184021.128,/benchmark/latency_ms,86.024826
1779184021.183,/benchmark/latency_ms,78.755684
1779184021.215,/benchmark/latency_ms,70.948441
1779184021.260,/benchmark/latency_ms,88.391495
1779184021.305,/benchmark/latency_ms,107.979591
1779184021.351,/benchmark/latency_ms,75.366173
1779184021.395,/benchmark/latency_ms,70.224953
1779184021.440,/benchmark/latency_ms,66.499313
1779184021.483,/benchmark/latency_ms,86.686417
1779184021.530,/benchmark/latency_ms,82.927559
1779184021.575,/benchmark/latency_ms,78.459946
1779184021.621,/benchmark/latency_ms,74.018661
1779184021.676,/benchmark/latency_ms,69.949211
1779184021.709,/benchmark/latency_ms,90.332603
1779184021.766,/benchmark/latency_ms,86.652466
1779184021.801,/benchmark/latency_ms,81.857460
1779184021.845,/benchmark/latency_ms,77.826828
1779184021.889,/benchmark/latency_ms,72.851341
1779184021.934,/benchmark/latency_ms,68.195564
1779184021.979,/benchmark/latency_ms,65.095520
1779184022.024,/benchmark/latency_ms,85.870872
1779184022.071,/benchmark/latency_ms,81.532784
1779184022.113,/benchmark/latency_ms,77.213936
1779184022.158,/benchmark/latency_ms,72.719597
1779184022.202,/benchmark/latency_ms,67.619919
1779184022.247,/benchmark/latency_ms,88.224998
1779184022.303,/benchmark/latency_ms,84.517212
1779184022.337,/benchmark/latency_ms,80.272537
1779184022.383,/benchmark/latency_ms,75.739960
1779184022.437,/benchmark/latency_ms,71.083443
1779184022.483,/benchmark/latency_ms,67.161453
1779184022.516,/benchmark/latency_ms,87.610985
1779184022.561,/benchmark/latency_ms,83.338089
1779184022.606,/benchmark/latency_ms,78.388039
1779184022.650,/benchmark/latency_ms,72.914185
1779184022.696,/benchmark/latency_ms,68.163849
1779184022.741,/benchmark/latency_ms,88.438179
1779184022.784,/benchmark/latency_ms,83.933029
1779184022.829,/benchmark/latency_ms,79.362816
1779184022.874,/benchmark/latency_ms,75.247643
1779184022.923,/benchmark/latency_ms,73.224777
1779184022.967,/benchmark/latency_ms,66.087128
1779184023.011,/benchmark/latency_ms,85.472252
1779184023.057,/benchmark/latency_ms,78.309990
1779184023.103,/benchmark/latency_ms,75.938393
1779184023.150,/benchmark/latency_ms,72.436844
1779184023.198,/benchmark/latency_ms,71.312691
1779184023.246,/benchmark/latency_ms,93.913315
1779184023.295,/benchmark/latency_ms,90.573784
1779184023.342,/benchmark/latency_ms,112.065643
1779184023.387,/benchmark/latency_ms,81.407951
1779184023.432,/benchmark/latency_ms,74.228638
1779184023.479,/benchmark/latency_ms,70.432693
1779184023.524,/benchmark/latency_ms,66.528336
1779184023.569,/benchmark/latency_ms,87.334282
1779184023.614,/benchmark/latency_ms,83.293060
1779184023.658,/benchmark/latency_ms,79.715103
1779184023.704,/benchmark/latency_ms,74.993439
1779184023.747,/benchmark/latency_ms,70.868599
1779184023.794,/benchmark/latency_ms,68.511909
1779184023.839,/benchmark/latency_ms,88.898560
1779184023.884,/benchmark/latency_ms,85.358841
1779184023.930,/benchmark/latency_ms,81.284500
1779184023.975,/benchmark/latency_ms,77.206413
1779184024.018,/benchmark/latency_ms,73.775520
1779184024.069,/benchmark/latency_ms,69.284355
1779184024.113,/benchmark/latency_ms,89.486748
1779184024.159,/benchmark/latency_ms,81.155701
1779184024.202,/benchmark/latency_ms,78.329124
1779184024.249,/benchmark/latency_ms,74.966583
1779184024.293,/benchmark/latency_ms,71.109238
1779184024.338,/benchmark/latency_ms,67.567467
1779184024.394,/benchmark/latency_ms,88.127495
1779184024.431,/benchmark/latency_ms,84.372223
1779184024.474,/benchmark/latency_ms,81.076691
1779184024.530,/benchmark/latency_ms,76.401871
1779184024.566,/benchmark/latency_ms,72.084625
1779184024.621,/benchmark/latency_ms,68.417442
1779184024.655,/benchmark/latency_ms,89.419769
1779184024.699,/benchmark/latency_ms,86.105911
1779184024.758,/benchmark/latency_ms,82.376656
1779184024.791,/benchmark/latency_ms,78.947998
1779184024.836,/benchmark/latency_ms,75.063576
1779184024.879,/benchmark/latency_ms,70.471741
1779184024.928,/benchmark/latency_ms,68.805153
1779184024.983,/benchmark/latency_ms,88.973663
1779184025.018,/benchmark/latency_ms,85.269051
1779184025.061,/benchmark/latency_ms,80.817429
1779184025.106,/benchmark/latency_ms,77.623146
1779184025.151,/benchmark/latency_ms,73.155174
1779184025.208,/benchmark/latency_ms,69.168991
1779184025.251,/benchmark/latency_ms,65.265785
1779184025.286,/benchmark/latency_ms,86.505234
1779184025.331,/benchmark/latency_ms,82.595116
1779184025.377,/benchmark/latency_ms,79.355934
1779184025.421,/benchmark/latency_ms,74.578911
1779184025.470,/benchmark/latency_ms,67.852646
1779184025.513,/benchmark/latency_ms,85.711861
1779184025.558,/benchmark/latency_ms,77.832230
1779184025.604,/benchmark/latency_ms,72.776428
1779184025.647,/benchmark/latency_ms,68.575745
1779184025.690,/benchmark/latency_ms,64.413727
1779184025.737,/benchmark/latency_ms,85.723701
1779184025.783,/benchmark/latency_ms,81.928459
1779184025.828,/benchmark/latency_ms,78.270340
1779184025.873,/benchmark/latency_ms,74.172798
1779184025.917,/benchmark/latency_ms,69.648384
1779184025.961,/benchmark/latency_ms,65.688026
1779184026.007,/benchmark/latency_ms,86.448334
1779184026.052,/benchmark/latency_ms,84.639420
1779184026.097,/benchmark/latency_ms,79.952156
1779184026.142,/benchmark/latency_ms,75.801910
1779184026.186,/benchmark/latency_ms,71.966255
1779184026.232,/benchmark/latency_ms,68.516006
1779184026.277,/benchmark/latency_ms,88.852707
1779184026.321,/benchmark/latency_ms,83.652832
1779184026.364,/benchmark/latency_ms,73.364136
1779184026.410,/benchmark/latency_ms,90.477493
1779184026.457,/benchmark/latency_ms,83.885246
1779184026.503,/benchmark/latency_ms,79.836761
1779184026.546,/benchmark/latency_ms,76.918571
1779184026.594,/benchmark/latency_ms,75.132347
1779184026.648,/benchmark/latency_ms,70.634834
1779184026.683,/benchmark/latency_ms,90.957520
1779184026.727,/benchmark/latency_ms,87.078667
1779184026.772,/benchmark/latency_ms,80.896400
1779184026.817,/benchmark/latency_ms,74.612282
1779184026.863,/benchmark/latency_ms,69.954269
1779184026.909,/benchmark/latency_ms,89.770363
1779184026.955,/benchmark/latency_ms,85.944656
1779184027.002,/benchmark/latency_ms,81.989166
1779184027.048,/benchmark/latency_ms,75.203384
1779184027.091,/benchmark/latency_ms,70.463417
1779184027.135,/benchmark/latency_ms,89.346077
1779184027.190,/benchmark/latency_ms,79.562843
1779184027.225,/benchmark/latency_ms,70.809334
1779184027.271,/benchmark/latency_ms,90.443504
1779184027.314,/benchmark/latency_ms,81.909454
1779184027.371,/benchmark/latency_ms,74.935356
1779184027.406,/benchmark/latency_ms,93.047462
1779184027.449,/benchmark/latency_ms,83.909279
1779184027.494,/benchmark/latency_ms,76.082581
1779184027.549,/benchmark/latency_ms,67.674568
1779184027.583,/benchmark/latency_ms,85.641815
1779184027.628,/benchmark/latency_ms,76.989647
1779184027.683,/benchmark/latency_ms,68.553253
1779184027.718,/benchmark/latency_ms,87.287308
1779184027.761,/benchmark/latency_ms,77.316589
1779184027.805,/benchmark/latency_ms,68.357224
1779184027.848,/benchmark/latency_ms,86.858986
1779184027.896,/benchmark/latency_ms,77.635719
1779184027.940,/benchmark/latency_ms,69.237503
1779184027.984,/benchmark/latency_ms,87.799973
1779184028.030,/benchmark/latency_ms,79.367805
1779184028.073,/benchmark/latency_ms,71.276718
1779184028.118,/benchmark/latency_ms,90.128922
1779184028.164,/benchmark/latency_ms,80.632721
1779184028.206,/benchmark/latency_ms,71.111053
1779184028.250,/benchmark/latency_ms,87.932869
1779184028.298,/benchmark/latency_ms,81.031250
1779184028.342,/benchmark/latency_ms,74.171104
1779184028.390,/benchmark/latency_ms,69.836411
1779184028.434,/benchmark/latency_ms,89.988373
1779184028.479,/benchmark/latency_ms,83.229538
1779184028.524,/benchmark/latency_ms,76.428047
1779184028.570,/benchmark/latency_ms,68.554726
1779184028.615,/benchmark/latency_ms,88.448830
1779184028.660,/benchmark/latency_ms,81.828590
1779184028.705,/benchmark/latency_ms,75.605652
1779184028.751,/benchmark/latency_ms,70.173752
1779184028.797,/benchmark/latency_ms,90.939728
1779184028.845,/benchmark/latency_ms,86.666473
1779184028.890,/benchmark/latency_ms,82.167175
1779184028.936,/benchmark/latency_ms,75.385841
1779184028.981,/benchmark/latency_ms,67.843658
1779184029.027,/benchmark/latency_ms,86.832809
1779184029.071,/benchmark/latency_ms,81.235275
1779184029.117,/benchmark/latency_ms,76.238029
1779184029.162,/benchmark/latency_ms,71.183891
1779184029.208,/benchmark/latency_ms,90.017525
1779184029.254,/benchmark/latency_ms,84.357529
1779184029.298,/benchmark/latency_ms,79.037659
1779184029.342,/benchmark/latency_ms,72.964485
1779184029.388,/benchmark/latency_ms,68.592964
1779184029.435,/benchmark/latency_ms,89.521149
1779184029.480,/benchmark/latency_ms,82.049767
1779184029.524,/benchmark/latency_ms,76.928970
1779184029.572,/benchmark/latency_ms,71.241524
1779184029.616,/benchmark/latency_ms,91.487595
1779184029.660,/benchmark/latency_ms,85.026550
1779184029.702,/benchmark/latency_ms,79.460312
1779184029.750,/benchmark/latency_ms,73.722237
1779184029.808,/benchmark/latency_ms,68.356995
1779184029.842,/benchmark/latency_ms,88.511551
1779184029.887,/benchmark/latency_ms,82.790695
1779184029.932,/benchmark/latency_ms,77.517990
1779184029.978,/benchmark/latency_ms,71.470474
1779184030.024,/benchmark/latency_ms,91.762985
1779184030.070,/benchmark/latency_ms,86.780968
1779184030.124,/benchmark/latency_ms,81.189774
1779184030.160,/benchmark/latency_ms,74.942970
1779184030.207,/benchmark/latency_ms,69.894073
1779184030.253,/benchmark/latency_ms,90.647537
1779184030.298,/benchmark/latency_ms,83.919258
1779184030.342,/benchmark/latency_ms,77.628998
1779184030.399,/benchmark/latency_ms,71.536461
1779184030.433,/benchmark/latency_ms,91.668747
1779184030.480,/benchmark/latency_ms,86.232620
1779184030.523,/benchmark/latency_ms,81.647850
1779184030.573,/benchmark/latency_ms,77.898849
1779184030.617,/benchmark/latency_ms,73.520927
1779184030.666,/benchmark/latency_ms,68.341888
1779184030.710,/benchmark/latency_ms,88.380127
1779184030.756,/benchmark/latency_ms,82.117256
1779184030.800,/benchmark/latency_ms,78.302078
1779184030.846,/benchmark/latency_ms,74.057693
1779184030.888,/benchmark/latency_ms,69.787834
1779184030.935,/benchmark/latency_ms,65.738419
1779184030.979,/benchmark/latency_ms,87.050987
1779184031.023,/benchmark/latency_ms,81.916138
1779184031.071,/benchmark/latency_ms,77.669762
1779184031.113,/benchmark/latency_ms,73.654587
1779184031.158,/benchmark/latency_ms,69.948692
1779184031.205,/benchmark/latency_ms,65.756592
1779184031.249,/benchmark/latency_ms,86.740364
1779184031.295,/benchmark/latency_ms,84.883736
1779184031.341,/benchmark/latency_ms,80.629524
1779184031.395,/benchmark/latency_ms,78.389374
1779184031.434,/benchmark/latency_ms,75.461876
1779184031.474,/benchmark/latency_ms,70.565971
1779184031.521,/benchmark/latency_ms,65.866287
1779184031.564,/benchmark/latency_ms,86.771561
1779184031.610,/benchmark/latency_ms,82.820992
1779184031.666,/benchmark/latency_ms,76.992264
1779184031.698,/benchmark/latency_ms,70.629333
1779184031.746,/benchmark/latency_ms,90.917297
1779184031.792,/benchmark/latency_ms,84.003006
1779184031.837,/benchmark/latency_ms,79.104317
1779184031.880,/benchmark/latency_ms,74.602455
1779184031.936,/benchmark/latency_ms,70.241554
1779184031.971,/benchmark/latency_ms,67.204491
1779184032.028,/benchmark/latency_ms,87.458946
1779184032.063,/benchmark/latency_ms,81.736137
1779184032.109,/benchmark/latency_ms,75.416725
1779184032.152,/benchmark/latency_ms,69.743576
1779184032.199,/benchmark/latency_ms,90.093971
1779184032.253,/benchmark/latency_ms,83.887070
1779184032.287,/benchmark/latency_ms,76.664589
1779184032.332,/benchmark/latency_ms,71.473289
1779184032.379,/benchmark/latency_ms,91.413513
1779184032.422,/benchmark/latency_ms,85.070129
1779184032.467,/benchmark/latency_ms,78.602364
1779184032.512,/benchmark/latency_ms,72.570435
1779184032.558,/benchmark/latency_ms,67.811584
1779184032.606,/benchmark/latency_ms,88.616570
1779184032.651,/benchmark/latency_ms,83.419487
1779184032.694,/benchmark/latency_ms,76.243660
1779184032.739,/benchmark/latency_ms,70.464630
1779184032.785,/benchmark/latency_ms,90.995277
1779184032.832,/benchmark/latency_ms,87.537956
1779184032.879,/benchmark/latency_ms,82.062729
1779184032.923,/benchmark/latency_ms,75.651344
1779184032.968,/benchmark/latency_ms,70.295891
1779184033.015,/benchmark/latency_ms,90.284851
1779184033.061,/benchmark/latency_ms,84.371033
1779184033.103,/benchmark/latency_ms,78.065758
1779184033.148,/benchmark/latency_ms,70.803696
1779184033.193,/benchmark/latency_ms,90.331474
1779184033.238,/benchmark/latency_ms,83.749084
1779184033.283,/benchmark/latency_ms,77.806465
1779184033.329,/benchmark/latency_ms,71.626091
1779184033.373,/benchmark/latency_ms,91.548683
1779184033.421,/benchmark/latency_ms,85.940140
1779184033.475,/benchmark/latency_ms,80.526253
1779184033.510,/benchmark/latency_ms,74.058296
1779184033.557,/benchmark/latency_ms,69.054398
1779184033.602,/benchmark/latency_ms,89.718742
1779184033.649,/benchmark/latency_ms,84.883125
1779184033.690,/benchmark/latency_ms,79.703415
1779184033.738,/benchmark/latency_ms,73.508896
1779184033.784,/benchmark/latency_ms,68.709244
1779184033.830,/benchmark/latency_ms,89.381813
1779184033.877,/benchmark/latency_ms,83.852470
1779184033.922,/benchmark/latency_ms,78.435066
1779184033.965,/benchmark/latency_ms,72.066086
1779184034.022,/benchmark/latency_ms,67.136261
1779184034.055,/benchmark/latency_ms,87.430695
1779184034.102,/benchmark/latency_ms,81.844231
1779184034.145,/benchmark/latency_ms,75.959152
1779184034.190,/benchmark/latency_ms,69.915154
1779184034.239,/benchmark/latency_ms,89.929749
1779184034.283,/benchmark/latency_ms,84.056122
1779184034.327,/benchmark/latency_ms,77.960670
1779184034.372,/benchmark/latency_ms,72.556931
1779184034.420,/benchmark/latency_ms,92.436958
1779184034.466,/benchmark/latency_ms,88.122971
1779184034.511,/benchmark/latency_ms,81.494438
1779184034.555,/benchmark/latency_ms,75.526482
1779184034.600,/benchmark/latency_ms,70.433205
1779184034.646,/benchmark/latency_ms,91.561798
1779184034.690,/benchmark/latency_ms,86.401100
1779184034.736,/benchmark/latency_ms,79.568916
1779184034.783,/benchmark/latency_ms,73.548798
1779184034.827,/benchmark/latency_ms,67.848450
1779184034.873,/benchmark/latency_ms,88.213562
1779184034.920,/benchmark/latency_ms,82.412163
1779184034.963,/benchmark/latency_ms,76.456078
1779184035.009,/benchmark/latency_ms,71.477737
1779184035.054,/benchmark/latency_ms,65.777519
1779184035.101,/benchmark/latency_ms,88.173981
1779184035.154,/benchmark/latency_ms,91.258408
1779184035.197,/benchmark/latency_ms,87.491104
1779184035.243,/benchmark/latency_ms,84.451698
1779184035.290,/benchmark/latency_ms,80.651276
1779184035.333,/benchmark/latency_ms,76.158089
1779184035.380,/benchmark/latency_ms,73.952538
1779184035.424,/benchmark/latency_ms,69.514420
1779184035.482,/benchmark/latency_ms,67.579941
1779184035.516,/benchmark/latency_ms,88.075035
1779184035.560,/benchmark/latency_ms,82.713470
1779184035.618,/benchmark/latency_ms,79.376984
1779184035.656,/benchmark/latency_ms,80.314636
1779184035.712,/benchmark/latency_ms,77.810883
1779184035.759,/benchmark/latency_ms,74.028183
1779184035.794,/benchmark/latency_ms,70.838379
1779184035.839,/benchmark/latency_ms,67.406342
1779184035.884,/benchmark/latency_ms,87.865822
1779184035.929,/benchmark/latency_ms,83.924667
1779184035.972,/benchmark/latency_ms,80.357742
1779184036.017,/benchmark/latency_ms,76.571144
1779184036.063,/benchmark/latency_ms,71.739204
1779184036.106,/benchmark/latency_ms,67.491302
1779184036.151,/benchmark/latency_ms,88.178520
1779184036.207,/benchmark/latency_ms,84.338997
1779184036.239,/benchmark/latency_ms,79.726646
1779184036.285,/benchmark/latency_ms,75.529137
1779184036.330,/benchmark/latency_ms,70.764046
1779184036.376,/benchmark/latency_ms,66.899658
1779184036.419,/benchmark/latency_ms,87.408707
1779184036.467,/benchmark/latency_ms,84.544022
1779184036.511,/benchmark/latency_ms,103.895378
1779184036.555,/benchmark/latency_ms,74.592499
1779184036.601,/benchmark/latency_ms,69.445625
1779184036.647,/benchmark/latency_ms,90.083214
1779184036.690,/benchmark/latency_ms,83.587799
1779184036.735,/benchmark/latency_ms,78.742844
1779184036.780,/benchmark/latency_ms,74.260567
1779184036.827,/benchmark/latency_ms,69.338646
1779184036.872,/benchmark/latency_ms,89.742958
1779184036.917,/benchmark/latency_ms,84.328789
1779184036.966,/benchmark/latency_ms,79.346970
1779184037.012,/benchmark/latency_ms,74.055771
1779184037.058,/benchmark/latency_ms,94.221268
1779184037.104,/benchmark/latency_ms,86.639648
1779184037.151,/benchmark/latency_ms,78.888313
1779184037.197,/benchmark/latency_ms,70.424080
1779184037.242,/benchmark/latency_ms,88.770264
1779184037.285,/benchmark/latency_ms,84.058968
1779184037.331,/benchmark/latency_ms,80.768555
1779184037.378,/benchmark/latency_ms,77.653854
1779184037.436,/benchmark/latency_ms,71.685608
1779184037.470,/benchmark/latency_ms,90.451981
1779184037.515,/benchmark/latency_ms,82.692123
1779184037.562,/benchmark/latency_ms,79.119606
1779184037.605,/benchmark/latency_ms,75.033745
1779184037.649,/benchmark/latency_ms,70.017395
1779184037.692,/benchmark/latency_ms,65.860779
1779184037.737,/benchmark/latency_ms,86.747078
1779184037.784,/benchmark/latency_ms,81.791458
1779184037.829,/benchmark/latency_ms,77.921471
1779184037.874,/benchmark/latency_ms,74.087029
1779184037.920,/benchmark/latency_ms,69.398872
1779184037.965,/benchmark/latency_ms,88.731064
1779184038.009,/benchmark/latency_ms,83.675735
1779184038.056,/benchmark/latency_ms,80.122513
1779184038.099,/benchmark/latency_ms,73.745529
1779184038.147,/benchmark/latency_ms,68.057312
1779184038.191,/benchmark/latency_ms,87.802689
1779184038.235,/benchmark/latency_ms,83.669113
1779184038.280,/benchmark/latency_ms,81.385384
1779184038.326,/benchmark/latency_ms,77.428261
1779184038.371,/benchmark/latency_ms,73.739197
1779184038.415,/benchmark/latency_ms,69.483826
1779184038.460,/benchmark/latency_ms,66.571846
1779184038.505,/benchmark/latency_ms,87.247360
1779184038.551,/benchmark/latency_ms,84.399216
1779184038.598,/benchmark/latency_ms,81.183334
1779184038.642,/benchmark/latency_ms,77.709984
1779184038.686,/benchmark/latency_ms,74.148788
1779184038.727,/benchmark/latency_ms,70.022453
1779184038.777,/benchmark/latency_ms,66.894119
1779184038.820,/benchmark/latency_ms,87.641373
1779184038.866,/benchmark/latency_ms,84.488655
1779184038.911,/benchmark/latency_ms,80.507309
1779184038.956,/benchmark/latency_ms,76.872902
1779184039.001,/benchmark/latency_ms,73.599991
1779184039.047,/benchmark/latency_ms,69.704048
1779184039.090,/benchmark/latency_ms,66.001228
1779184039.136,/benchmark/latency_ms,87.005058
1779184039.192,/benchmark/latency_ms,83.746231
1779184039.228,/benchmark/latency_ms,80.159920
1779184039.271,/benchmark/latency_ms,75.998634
1779184039.316,/benchmark/latency_ms,72.195747
1779184039.361,/benchmark/latency_ms,68.832375
1779184039.406,/benchmark/latency_ms,65.631500
1779184039.465,/benchmark/latency_ms,86.686630
1779184039.496,/benchmark/latency_ms,82.658524
1779184039.552,/benchmark/latency_ms,78.880341
1779184039.586,/benchmark/latency_ms,75.071762
1779184039.632,/benchmark/latency_ms,72.588318
1779184039.677,/benchmark/latency_ms,68.577118
1779184039.734,/benchmark/latency_ms,88.655029
1779184039.768,/benchmark/latency_ms,85.677162
1779184039.813,/benchmark/latency_ms,82.100548
1779184039.856,/benchmark/latency_ms,78.261147
1779184039.904,/benchmark/latency_ms,74.734863
1779184039.947,/benchmark/latency_ms,70.519501
1779184039.994,/benchmark/latency_ms,67.028419
1779184040.038,/benchmark/latency_ms,87.698425
1779184040.083,/benchmark/latency_ms,84.717323
1779184040.133,/benchmark/latency_ms,81.579521
1779184040.175,/benchmark/latency_ms,78.289757
1779184040.220,/benchmark/latency_ms,74.137909
1779184040.263,/benchmark/latency_ms,69.651985
1779184040.308,/benchmark/latency_ms,66.347527
1779184040.353,/benchmark/latency_ms,87.132225
1779184040.400,/benchmark/latency_ms,83.981491
1779184040.445,/benchmark/latency_ms,80.387566
1779184040.488,/benchmark/latency_ms,76.465828
1779184040.533,/benchmark/latency_ms,72.684700
1779184040.578,/benchmark/latency_ms,68.913109
1779184040.623,/benchmark/latency_ms,64.962738
1779184040.669,/benchmark/latency_ms,85.665031
1779184040.713,/benchmark/latency_ms,82.109665
1779184040.758,/benchmark/latency_ms,78.522774
1779184040.803,/benchmark/latency_ms,75.125458
1779184040.847,/benchmark/latency_ms,70.279884
1779184040.894,/benchmark/latency_ms,66.348427
1779184040.950,/benchmark/latency_ms,87.124321
1779184040.984,/benchmark/latency_ms,84.083702
1779184041.028,/benchmark/latency_ms,80.674377
1779184041.073,/benchmark/latency_ms,77.474815
1779184041.119,/benchmark/latency_ms,73.940468
1779184041.164,/benchmark/latency_ms,70.539948
1779184041.211,/benchmark/latency_ms,66.870468
1779184041.256,/benchmark/latency_ms,87.791130
1779184041.302,/benchmark/latency_ms,85.219467
1779184041.347,/benchmark/latency_ms,107.004379
1779184041.394,/benchmark/latency_ms,77.190048
1779184041.440,/benchmark/latency_ms,69.955246
1779184041.484,/benchmark/latency_ms,89.468910
1779184041.529,/benchmark/latency_ms,81.030472
1779184041.572,/benchmark/latency_ms,78.637939
1779184041.619,/benchmark/latency_ms,74.860306
1779184041.665,/benchmark/latency_ms,71.743652
1779184041.714,/benchmark/latency_ms,69.522224
1779184041.759,/benchmark/latency_ms,89.970413
1779184041.802,/benchmark/latency_ms,83.778069
1779184041.846,/benchmark/latency_ms,75.004204
1779184041.905,/benchmark/latency_ms,70.148621
1779184041.939,/benchmark/latency_ms,65.435089
1779184041.988,/benchmark/latency_ms,66.032715
1779184042.034,/benchmark/latency_ms,86.049606
1779184042.076,/benchmark/latency_ms,79.457039
1779184042.121,/benchmark/latency_ms,71.794785
1779184042.178,/benchmark/latency_ms,91.478050
1779184042.211,/benchmark/latency_ms,84.391953
1779184042.258,/benchmark/latency_ms,77.581215
1779184042.302,/benchmark/latency_ms,68.117310
1779184042.344,/benchmark/latency_ms,86.148323
1779184042.389,/benchmark/latency_ms,77.756508
1779184042.443,/benchmark/latency_ms,69.380150
1779184042.478,/benchmark/latency_ms,88.874863
1779184042.524,/benchmark/latency_ms,81.788704
1779184042.570,/benchmark/latency_ms,74.236336
1779184042.617,/benchmark/latency_ms,69.736046
1779184042.661,/benchmark/latency_ms,90.492485
1779184042.707,/benchmark/latency_ms,85.606888
1779184042.752,/benchmark/latency_ms,79.818092
1779184042.800,/benchmark/latency_ms,74.938927
1779184042.844,/benchmark/latency_ms,68.283516
1779184042.891,/benchmark/latency_ms,86.741600
1779184042.935,/benchmark/latency_ms,82.595802
1779184042.980,/benchmark/latency_ms,78.995026
1779184043.026,/benchmark/latency_ms,75.206703
1779184043.070,/benchmark/latency_ms,70.880325
1779184043.116,/benchmark/latency_ms,67.492287
1779184043.162,/benchmark/latency_ms,88.563408
1779184043.212,/benchmark/latency_ms,88.173080
1779184043.266,/benchmark/latency_ms,69.714478
1779184043.312,/benchmark/latency_ms,88.837646
1779184043.357,/benchmark/latency_ms,80.940681
1779184043.400,/benchmark/latency_ms,72.364960
1779184043.457,/benchmark/latency_ms,90.531685
1779184043.489,/benchmark/latency_ms,82.337692
1779184043.535,/benchmark/latency_ms,73.678101
1779184043.578,/benchmark/latency_ms,91.881721
1779184043.622,/benchmark/latency_ms,84.100914
1779184043.666,/benchmark/latency_ms,74.612305
1779184043.710,/benchmark/latency_ms,92.182426
1779184043.756,/benchmark/latency_ms,83.749207
1779184043.801,/benchmark/latency_ms,75.008240
1779184043.845,/benchmark/latency_ms,66.228996
1779184043.888,/benchmark/latency_ms,84.225555
1779184043.935,/benchmark/latency_ms,76.723267
1779184043.981,/benchmark/latency_ms,70.139084
1779184044.023,/benchmark/latency_ms,91.118309
1779184044.072,/benchmark/latency_ms,86.241379
1779184044.117,/benchmark/latency_ms,81.085190
1779184044.165,/benchmark/latency_ms,77.087357
1779184044.210,/benchmark/latency_ms,71.661026
1779184044.258,/benchmark/latency_ms,91.872154
1779184044.304,/benchmark/latency_ms,87.525558
1779184044.351,/benchmark/latency_ms,82.662743
1779184044.394,/benchmark/latency_ms,77.074242
1779184044.440,/benchmark/latency_ms,71.958817
1779184044.486,/benchmark/latency_ms,92.553688
1779184044.533,/benchmark/latency_ms,86.967674
1779184044.579,/benchmark/latency_ms,81.611298
1779184044.623,/benchmark/latency_ms,76.599876
1779184044.681,/benchmark/latency_ms,71.035332
1779184044.716,/benchmark/latency_ms,91.047653
1779184044.761,/benchmark/latency_ms,85.363525
1779184044.807,/benchmark/latency_ms,80.159370
1779184044.851,/benchmark/latency_ms,74.760300
1779184044.897,/benchmark/latency_ms,70.452431
1779184044.944,/benchmark/latency_ms,89.964043
1779184044.990,/benchmark/latency_ms,84.993515
1779184045.034,/benchmark/latency_ms,79.889229
1779184045.082,/benchmark/latency_ms,74.171631
1779184045.124,/benchmark/latency_ms,68.125755
1779184045.173,/benchmark/latency_ms,88.762032
1779184045.217,/benchmark/latency_ms,82.392860
1779184045.261,/benchmark/latency_ms,77.711739
1779184045.306,/benchmark/latency_ms,72.192635
1779184045.352,/benchmark/latency_ms,91.206879
1779184045.410,/benchmark/latency_ms,97.490166
1779184045.454,/benchmark/latency_ms,66.979843
1779184045.513,/benchmark/latency_ms,89.621803
1779184045.560,/benchmark/latency_ms,85.981186
1779184045.598,/benchmark/latency_ms,84.063057
1779184045.644,/benchmark/latency_ms,77.013504
1779184045.690,/benchmark/latency_ms,69.839920
1779184045.737,/benchmark/latency_ms,89.266731
1779184045.782,/benchmark/latency_ms,82.747063
1779184045.829,/benchmark/latency_ms,74.921738
1779184045.875,/benchmark/latency_ms,69.985741
1779184045.922,/benchmark/latency_ms,90.789505
1779184045.963,/benchmark/latency_ms,84.842636
1779184046.010,/benchmark/latency_ms,79.996010
1779184046.058,/benchmark/latency_ms,73.467186
1779184046.103,/benchmark/latency_ms,66.966309
1779184046.147,/benchmark/latency_ms,87.486298
1779184046.192,/benchmark/latency_ms,81.535294
1779184046.237,/benchmark/latency_ms,75.980194
1779184046.283,/benchmark/latency_ms,70.318573
1779184046.328,/benchmark/latency_ms,90.308998
1779184046.373,/benchmark/latency_ms,83.475410
1779184046.420,/benchmark/latency_ms,77.538040
1779184046.465,/benchmark/latency_ms,73.437843
1779184046.512,/benchmark/latency_ms,67.319740
1779184046.556,/benchmark/latency_ms,87.251419
1779184046.603,/benchmark/latency_ms,81.206367
1779184046.646,/benchmark/latency_ms,75.718056
1779184046.690,/benchmark/latency_ms,69.989037
1779184046.735,/benchmark/latency_ms,89.987656
1779184046.780,/benchmark/latency_ms,83.268661
1779184046.824,/benchmark/latency_ms,76.783295
1779184046.869,/benchmark/latency_ms,69.836945
1779184046.916,/benchmark/latency_ms,89.931526
1779184046.963,/benchmark/latency_ms,83.590004
1779184047.006,/benchmark/latency_ms,76.190659
1779184047.051,/benchmark/latency_ms,70.266350
1779184047.096,/benchmark/latency_ms,89.425323
1779184047.141,/benchmark/latency_ms,82.840981
1779184047.196,/benchmark/latency_ms,76.875290
1779184047.231,/benchmark/latency_ms,70.687531
1779184047.276,/benchmark/latency_ms,90.579201
1779184047.321,/benchmark/latency_ms,84.807083
1779184047.366,/benchmark/latency_ms,78.706161
1779184047.411,/benchmark/latency_ms,72.795799
1779184047.457,/benchmark/latency_ms,92.831665
1779184047.503,/benchmark/latency_ms,85.201897
1779184047.548,/benchmark/latency_ms,77.449944
1779184047.592,/benchmark/latency_ms,70.819687
1779184047.635,/benchmark/latency_ms,90.755714
1779184047.681,/benchmark/latency_ms,85.481186
1779184047.724,/benchmark/latency_ms,79.477386
1779184047.771,/benchmark/latency_ms,73.655380
1779184047.818,/benchmark/latency_ms,67.713020
1779184047.864,/benchmark/latency_ms,88.423790
1779184047.908,/benchmark/latency_ms,83.302513
1779184047.955,/benchmark/latency_ms,78.146545
1779184047.999,/benchmark/latency_ms,70.964584
1779184048.045,/benchmark/latency_ms,91.385536
1779184048.091,/benchmark/latency_ms,85.622116
1779184048.136,/benchmark/latency_ms,80.143082
1779184048.180,/benchmark/latency_ms,74.609421
1779184048.225,/benchmark/latency_ms,68.791344
1779184048.271,/benchmark/latency_ms,88.877487
1779184048.316,/benchmark/latency_ms,83.192978
1779184048.361,/benchmark/latency_ms,77.737206
1779184048.406,/benchmark/latency_ms,71.310883
1779184048.451,/benchmark/latency_ms,91.391609
1779184048.496,/benchmark/latency_ms,84.468201
1779184048.541,/benchmark/latency_ms,79.085777
1779184048.597,/benchmark/latency_ms,72.981689
1779184048.633,/benchmark/latency_ms,68.069687
1779184048.677,/benchmark/latency_ms,88.699532
1779184048.725,/benchmark/latency_ms,84.632973
1779184048.770,/benchmark/latency_ms,78.257111
1779184048.813,/benchmark/latency_ms,72.147903
1779184048.858,/benchmark/latency_ms,66.213058
1779184048.904,/benchmark/latency_ms,87.405815
1779184048.951,/benchmark/latency_ms,81.992317
1779184048.995,/benchmark/latency_ms,76.039711
1779184049.041,/benchmark/latency_ms,70.248199
1779184049.085,/benchmark/latency_ms,90.720543
1779184049.132,/benchmark/latency_ms,85.060966
1779184049.175,/benchmark/latency_ms,79.315659
1779184049.219,/benchmark/latency_ms,73.181976
1779184049.267,/benchmark/latency_ms,67.345467
1779184049.311,/benchmark/latency_ms,87.993202
1779184049.367,/benchmark/latency_ms,82.092407
1779184049.401,/benchmark/latency_ms,76.152672
1779184049.448,/benchmark/latency_ms,70.596291
1779184049.492,/benchmark/latency_ms,90.802269
1779184049.537,/benchmark/latency_ms,84.899689
1779184049.582,/benchmark/latency_ms,79.273102
1779184049.628,/benchmark/latency_ms,72.985939
1779184049.672,/benchmark/latency_ms,67.593979
1779184049.718,/benchmark/latency_ms,87.785713
1779184049.764,/benchmark/latency_ms,82.132057
1779184049.809,/benchmark/latency_ms,76.394463
1779184049.865,/benchmark/latency_ms,70.347435
1779184049.899,/benchmark/latency_ms,90.157440
1779184049.946,/benchmark/latency_ms,84.449005
1779184049.988,/benchmark/latency_ms,78.887535
1779184050.032,/benchmark/latency_ms,72.512825
1779184050.078,/benchmark/latency_ms,67.321404
1779184050.125,/benchmark/latency_ms,87.790611
1779184050.182,/benchmark/latency_ms,81.825783
1779184050.215,/benchmark/latency_ms,76.234787
1779184050.259,/benchmark/latency_ms,70.020905
1779184050.304,/benchmark/latency_ms,89.766312
1779184050.351,/benchmark/latency_ms,83.793839
1779184050.396,/benchmark/latency_ms,78.271858
1779184050.438,/benchmark/latency_ms,71.484093
1779184050.484,/benchmark/latency_ms,91.641365
1779184050.531,/benchmark/latency_ms,85.885918
1779184050.576,/benchmark/latency_ms,80.361763
1779184050.619,/benchmark/latency_ms,74.548203
1779184050.666,/benchmark/latency_ms,68.083160
1779184050.710,/benchmark/latency_ms,88.422348
1779184050.755,/benchmark/latency_ms,83.004822
1779184050.814,/benchmark/latency_ms,77.588730
1779184050.845,/benchmark/latency_ms,71.460289
1779184050.891,/benchmark/latency_ms,91.944984
1779184050.937,/benchmark/latency_ms,86.893402
1779184050.985,/benchmark/latency_ms,84.056908
1779184051.031,/benchmark/latency_ms,78.589966
1779184051.075,/benchmark/latency_ms,72.928215
1779184051.121,/benchmark/latency_ms,68.064789
1779184051.167,/benchmark/latency_ms,89.137894
1779184051.213,/benchmark/latency_ms,83.116333
1779184051.260,/benchmark/latency_ms,76.626457
1779184051.305,/benchmark/latency_ms,70.891808
1779184051.349,/benchmark/latency_ms,91.032127
1779184051.394,/benchmark/latency_ms,84.369255
1779184051.440,/benchmark/latency_ms,78.709229
1779184051.483,/benchmark/latency_ms,72.031258
1779184051.528,/benchmark/latency_ms,66.646019
1779184051.586,/benchmark/latency_ms,86.802521
1779184051.618,/benchmark/latency_ms,80.018501
1779184051.662,/benchmark/latency_ms,74.975975
1779184051.705,/benchmark/latency_ms,70.709320
1779184051.748,/benchmark/latency_ms,65.676132
1779184051.793,/benchmark/latency_ms,84.314507
1779184051.836,/benchmark/latency_ms,79.366348
1779184051.883,/benchmark/latency_ms,74.848137
1779184051.927,/benchmark/latency_ms,70.086220
1779184051.972,/benchmark/latency_ms,89.814049
1779184052.017,/benchmark/latency_ms,81.559959
1779184052.059,/benchmark/latency_ms,72.755226
1779184052.103,/benchmark/latency_ms,65.909409
1779184052.148,/benchmark/latency_ms,84.227402
1779184052.192,/benchmark/latency_ms,79.029518
1779184052.238,/benchmark/latency_ms,72.445625
1779184052.291,/benchmark/latency_ms,65.193031
1779184052.325,/benchmark/latency_ms,83.650635
1779184052.369,/benchmark/latency_ms,77.361397
1779184052.415,/benchmark/latency_ms,70.111076
1779184052.458,/benchmark/latency_ms,87.421234
1779184052.501,/benchmark/latency_ms,78.406830
1779184052.545,/benchmark/latency_ms,71.286819
1779184052.590,/benchmark/latency_ms,90.717880
1779184052.634,/benchmark/latency_ms,82.743767
1779184052.678,/benchmark/latency_ms,73.580017
1779184052.723,/benchmark/latency_ms,91.161308
1779184052.767,/benchmark/latency_ms,82.466743
1779184052.813,/benchmark/latency_ms,73.075729
1779184052.856,/benchmark/latency_ms,91.000984
1779184052.900,/benchmark/latency_ms,80.298401
1779184052.956,/benchmark/latency_ms,71.874397
1779184052.989,/benchmark/latency_ms,89.679077
1779184053.034,/benchmark/latency_ms,80.507103
1779184053.077,/benchmark/latency_ms,70.432007
1779184053.121,/benchmark/latency_ms,87.402321
1779184053.166,/benchmark/latency_ms,78.273331
1779184053.211,/benchmark/latency_ms,70.677795
1779184053.257,/benchmark/latency_ms,88.031532
1779184053.300,/benchmark/latency_ms,78.748238
1779184053.345,/benchmark/latency_ms,70.204803
1779184053.389,/benchmark/latency_ms,87.745132
1779184053.445,/benchmark/latency_ms,77.522743
1779184053.479,/benchmark/latency_ms,68.112595
1779184053.523,/benchmark/latency_ms,85.623131
1779184053.570,/benchmark/latency_ms,76.287041
1779184053.621,/benchmark/latency_ms,66.940605
1779184053.654,/benchmark/latency_ms,84.514885
1779184053.697,/benchmark/latency_ms,75.013962
1779184053.753,/benchmark/latency_ms,92.438896
1779184053.786,/benchmark/latency_ms,82.645264
1779184053.830,/benchmark/latency_ms,72.520218
1779184053.875,/benchmark/latency_ms,89.932610
1779184053.919,/benchmark/latency_ms,80.683487
1779184053.963,/benchmark/latency_ms,71.031967
1779184054.007,/benchmark/latency_ms,87.839790
1779184054.051,/benchmark/latency_ms,77.888885
1779184054.096,/benchmark/latency_ms,68.327057
1779184054.140,/benchmark/latency_ms,86.203934
1779184054.198,/benchmark/latency_ms,78.194000
1779184054.233,/benchmark/latency_ms,70.574593
1779184054.290,/benchmark/latency_ms,67.241211
1779184054.323,/benchmark/latency_ms,87.749809
1779184054.367,/benchmark/latency_ms,80.486977
1779184054.411,/benchmark/latency_ms,71.470749
1779184054.456,/benchmark/latency_ms,90.150208
1779184054.503,/benchmark/latency_ms,83.907242
1779184054.548,/benchmark/latency_ms,78.101555
1779184054.593,/benchmark/latency_ms,72.969749
1779184054.638,/benchmark/latency_ms,67.197945
1779184054.686,/benchmark/latency_ms,88.117744
1779184054.731,/benchmark/latency_ms,82.171288
1779184054.776,/benchmark/latency_ms,75.947838
1779184054.820,/benchmark/latency_ms,70.382851
1779184054.867,/benchmark/latency_ms,90.201218
1779184054.912,/benchmark/latency_ms,84.548134
1779184054.959,/benchmark/latency_ms,78.556206
1779184055.001,/benchmark/latency_ms,70.924767
1779184055.047,/benchmark/latency_ms,90.779579
1779184055.104,/benchmark/latency_ms,83.442413
1779184055.137,/benchmark/latency_ms,77.529457
1779184055.180,/benchmark/latency_ms,71.195869
1779184055.227,/benchmark/latency_ms,91.248184
1779184055.272,/benchmark/latency_ms,84.980835
1779184055.317,/benchmark/latency_ms,78.771629
1779184055.362,/benchmark/latency_ms,72.544312
1779184055.405,/benchmark/latency_ms,66.239006
1779184055.454,/benchmark/latency_ms,87.803535
1779184055.498,/benchmark/latency_ms,82.035477
1779184055.543,/benchmark/latency_ms,74.765610
1779184055.588,/benchmark/latency_ms,67.871094
1779184055.634,/benchmark/latency_ms,88.665703
1779184055.679,/benchmark/latency_ms,82.411766
1779184055.724,/benchmark/latency_ms,74.455078
1779184055.771,/benchmark/latency_ms,68.223824
1779184055.815,/benchmark/latency_ms,87.734734
1779184055.861,/benchmark/latency_ms,81.404343
1779184055.905,/benchmark/latency_ms,75.304321
1779184055.952,/benchmark/latency_ms,69.945770
1779184056.007,/benchmark/latency_ms,90.304123
1779184056.041,/benchmark/latency_ms,82.542000
1779184056.086,/benchmark/latency_ms,76.184250
1779184056.129,/benchmark/latency_ms,68.106003
1779184056.173,/benchmark/latency_ms,86.997429
1779184056.217,/benchmark/latency_ms,79.423302
1779184056.262,/benchmark/latency_ms,72.061333
1779184056.315,/benchmark/latency_ms,64.415947
1779184056.348,/benchmark/latency_ms,83.302094
1779184056.392,/benchmark/latency_ms,75.481918
1779184056.437,/benchmark/latency_ms,68.137619
1779184056.483,/benchmark/latency_ms,88.549416
1779184056.526,/benchmark/latency_ms,82.150101
1779184056.571,/benchmark/latency_ms,77.379158
1779184056.615,/benchmark/latency_ms,72.584885
1779184056.659,/benchmark/latency_ms,67.880821
1779184056.700,/benchmark/latency_ms,87.820656
1779184056.744,/benchmark/latency_ms,82.591888
1779184056.789,/benchmark/latency_ms,76.787704
1779184056.833,/benchmark/latency_ms,70.113892
1779184056.879,/benchmark/latency_ms,66.848862
1779184056.924,/benchmark/latency_ms,87.655151
1779184056.971,/benchmark/latency_ms,83.311691
1779184057.016,/benchmark/latency_ms,79.206375
1779184057.062,/benchmark/latency_ms,75.417953
1779184057.108,/benchmark/latency_ms,70.613953
1779184057.152,/benchmark/latency_ms,66.215294
1779184057.199,/benchmark/latency_ms,89.053543
1779184057.243,/benchmark/latency_ms,82.894127
1779184057.289,/benchmark/latency_ms,75.646080
1779184057.334,/benchmark/latency_ms,70.643684
1779184057.379,/benchmark/latency_ms,66.606079
1779184057.424,/benchmark/latency_ms,86.762833
1779184057.472,/benchmark/latency_ms,83.219246
1779184057.528,/benchmark/latency_ms,78.768234
1779184057.564,/benchmark/latency_ms,71.694778
1779184057.608,/benchmark/latency_ms,90.650551
1779184057.653,/benchmark/latency_ms,84.215843
1779184057.699,/benchmark/latency_ms,80.451454
1779184057.756,/benchmark/latency_ms,75.810623
1779184057.789,/benchmark/latency_ms,71.663544
1779184057.833,/benchmark/latency_ms,67.168121
1779184057.879,/benchmark/latency_ms,88.032875
1779184057.924,/benchmark/latency_ms,84.486015
1779184057.967,/benchmark/latency_ms,80.489563
1779184058.023,/benchmark/latency_ms,75.754654
1779184058.057,/benchmark/latency_ms,70.986427
1779184058.114,/benchmark/latency_ms,67.426552
1779184058.147,/benchmark/latency_ms,87.929962
1779184058.191,/benchmark/latency_ms,84.374176
1779184058.235,/benchmark/latency_ms,79.538918
1779184058.281,/benchmark/latency_ms,75.141663
1779184058.326,/benchmark/latency_ms,70.335487
1779184058.370,/benchmark/latency_ms,66.531616
1779184058.416,/benchmark/latency_ms,86.759857
1779184058.458,/benchmark/latency_ms,82.824112
1779184058.515,/benchmark/latency_ms,78.486702
1779184058.547,/benchmark/latency_ms,71.005981
1779184058.594,/benchmark/latency_ms,90.660217
1779184058.637,/benchmark/latency_ms,81.521912
1779184058.682,/benchmark/latency_ms,74.843681
1779184058.731,/benchmark/latency_ms,70.900352
1779184058.777,/benchmark/latency_ms,69.708809
1779184058.821,/benchmark/latency_ms,65.776611
1779184058.877,/benchmark/latency_ms,84.393188
1779184058.911,/benchmark/latency_ms,75.598206
1779184058.954,/benchmark/latency_ms,67.282074
1779184058.999,/benchmark/latency_ms,85.541817
1779184059.057,/benchmark/latency_ms,78.825157
1779184059.092,/benchmark/latency_ms,74.552994
1779184059.140,/benchmark/latency_ms,72.880493
1779184059.181,/benchmark/latency_ms,69.354630
1779184059.227,/benchmark/latency_ms,86.779312
1779184059.272,/benchmark/latency_ms,78.824295
1779184059.318,/benchmark/latency_ms,70.383743
1779184059.361,/benchmark/latency_ms,88.704483
1779184059.405,/benchmark/latency_ms,80.886871
1779184059.449,/benchmark/latency_ms,71.230522
1779184059.494,/benchmark/latency_ms,89.230980
1779184059.540,/benchmark/latency_ms,80.875351
1779184059.584,/benchmark/latency_ms,72.592690
1779184059.628,/benchmark/latency_ms,91.065971
1779184059.673,/benchmark/latency_ms,82.020180
1779184059.716,/benchmark/latency_ms,72.798897
1779184059.771,/benchmark/latency_ms,91.103157
1779184059.805,/benchmark/latency_ms,82.803497
1779184059.849,/benchmark/latency_ms,73.537132
1779184059.893,/benchmark/latency_ms,91.244049
1779184059.939,/benchmark/latency_ms,84.277855
1779184059.994,/benchmark/latency_ms,75.566940
1779184060.029,/benchmark/latency_ms,67.247704
1779184060.085,/benchmark/latency_ms,85.247070
1779184060.116,/benchmark/latency_ms,75.915001
1779184060.162,/benchmark/latency_ms,66.359161
1779184060.205,/benchmark/latency_ms,84.278015
1779184060.249,/benchmark/latency_ms,75.196098
1779184060.293,/benchmark/latency_ms,66.628601
1779184060.338,/benchmark/latency_ms,84.943710
1779184060.384,/benchmark/latency_ms,76.235512
1779184060.427,/benchmark/latency_ms,67.971123
1779184060.473,/benchmark/latency_ms,86.152435
1779184060.516,/benchmark/latency_ms,78.050285
1779184060.561,/benchmark/latency_ms,69.665512
1779184060.605,/benchmark/latency_ms,87.465996
1779184060.648,/benchmark/latency_ms,79.261734
1779184060.694,/benchmark/latency_ms,70.362495
1779184060.737,/benchmark/latency_ms,88.473442
1779184060.781,/benchmark/latency_ms,79.503136
1779184060.827,/benchmark/latency_ms,74.164551
1779184060.870,/benchmark/latency_ms,67.115639
1779184060.917,/benchmark/latency_ms,84.942459
1779184060.959,/benchmark/latency_ms,76.359192
1779184061.003,/benchmark/latency_ms,67.778320
1779184061.049,/benchmark/latency_ms,85.810905
1779184061.096,/benchmark/latency_ms,77.149231
1779184061.139,/benchmark/latency_ms,95.332344
1779184061.184,/benchmark/latency_ms,87.928299
1779184061.231,/benchmark/latency_ms,108.065407
1779184061.275,/benchmark/latency_ms,75.792412
1779184061.321,/benchmark/latency_ms,69.892036
1779184061.367,/benchmark/latency_ms,66.719574
1779184061.411,/benchmark/latency_ms,85.541077
1779184061.458,/benchmark/latency_ms,77.252113
1779184061.502,/benchmark/latency_ms,68.741447
1779184061.546,/benchmark/latency_ms,86.213142
1779184061.591,/benchmark/latency_ms,78.188934
1779184061.635,/benchmark/latency_ms,68.649902
1779184061.680,/benchmark/latency_ms,87.052177
1779184061.724,/benchmark/latency_ms,79.860413
1779184061.768,/benchmark/latency_ms,72.902863
1779184061.815,/benchmark/latency_ms,66.440186
1779184061.874,/benchmark/latency_ms,87.335152
1779184061.907,/benchmark/latency_ms,81.887924
1779184061.953,/benchmark/latency_ms,77.335823
1779184061.998,/benchmark/latency_ms,70.415649
1779184062.043,/benchmark/latency_ms,68.394058
1779184062.089,/benchmark/latency_ms,65.612930
1779184062.134,/benchmark/latency_ms,88.527206
1779184062.182,/benchmark/latency_ms,88.773636
1779184062.234,/benchmark/latency_ms,88.009003
1779184062.277,/benchmark/latency_ms,85.691032
1779184062.322,/benchmark/latency_ms,105.983246
1779184062.367,/benchmark/latency_ms,76.519318
1779184062.412,/benchmark/latency_ms,71.123070
1779184062.462,/benchmark/latency_ms,91.195023
1779184062.503,/benchmark/latency_ms,85.193336
1779184062.549,/benchmark/latency_ms,78.857704
1779184062.596,/benchmark/latency_ms,73.369385
1779184062.641,/benchmark/latency_ms,68.436043
1779184062.687,/benchmark/latency_ms,89.009277
1779184062.732,/benchmark/latency_ms,83.629768
1779184062.777,/benchmark/latency_ms,77.767822
1779184062.822,/benchmark/latency_ms,71.875252
1779184062.868,/benchmark/latency_ms,92.323914
1779184062.916,/benchmark/latency_ms,87.140907
1779184062.960,/benchmark/latency_ms,81.825615
1779184063.004,/benchmark/latency_ms,75.915260
1779184063.050,/benchmark/latency_ms,70.350273
1779184063.096,/benchmark/latency_ms,90.825172
1779184063.143,/benchmark/latency_ms,85.583321
1779184063.188,/benchmark/latency_ms,81.065910
1779184063.233,/benchmark/latency_ms,74.019623
1779184063.281,/benchmark/latency_ms,93.168480
1779184063.325,/benchmark/latency_ms,86.540588
1779184063.370,/benchmark/latency_ms,80.103226
1779184063.415,/benchmark/latency_ms,74.600739
1779184063.461,/benchmark/latency_ms,69.006348
1779184063.507,/benchmark/latency_ms,88.317574
1779184063.553,/benchmark/latency_ms,82.917580
1779184063.599,/benchmark/latency_ms,77.263794
1779184063.647,/benchmark/latency_ms,71.631386
1779184063.687,/benchmark/latency_ms,91.664299
1779184063.735,/benchmark/latency_ms,85.937523
1779184063.792,/benchmark/latency_ms,79.605919
1779184063.827,/benchmark/latency_ms,73.061165
1779184063.873,/benchmark/latency_ms,68.023979
1779184063.920,/benchmark/latency_ms,89.051903
1779184063.975,/benchmark/latency_ms,83.636482
1779184064.010,/benchmark/latency_ms,78.671844
1779184064.057,/benchmark/latency_ms,70.683258
1779184064.103,/benchmark/latency_ms,66.122589
1779184064.147,/benchmark/latency_ms,87.252365
1779184064.192,/benchmark/latency_ms,83.314697
1779184064.237,/benchmark/latency_ms,79.282051
1779184064.284,/benchmark/latency_ms,75.143486
1779184064.329,/benchmark/latency_ms,70.572220
1779184064.372,/benchmark/latency_ms,66.205879
1779184064.418,/benchmark/latency_ms,86.685555
1779184064.466,/benchmark/latency_ms,84.321564
1779184064.510,/benchmark/latency_ms,80.172028
1779184064.556,/benchmark/latency_ms,76.026901
1779184064.611,/benchmark/latency_ms,71.663864
1779184064.645,/benchmark/latency_ms,68.155724
1779184064.691,/benchmark/latency_ms,88.864510
1779184064.737,/benchmark/latency_ms,85.626289
1779184064.783,/benchmark/latency_ms,81.089684
1779184064.826,/benchmark/latency_ms,76.573524
1779184064.871,/benchmark/latency_ms,71.643929
1779184064.921,/benchmark/latency_ms,67.540367
1779184064.961,/benchmark/latency_ms,88.020134
1779184065.007,/benchmark/latency_ms,83.440002
1779184065.053,/benchmark/latency_ms,80.061691
1779184065.096,/benchmark/latency_ms,76.124664
1779184065.144,/benchmark/latency_ms,71.797943
1779184065.186,/benchmark/latency_ms,67.352982
1779184065.233,/benchmark/latency_ms,87.996201
1779184065.277,/benchmark/latency_ms,83.875359
1779184065.322,/benchmark/latency_ms,80.102905
1779184065.367,/benchmark/latency_ms,75.418297
1779184065.412,/benchmark/latency_ms,70.989372
1779184065.458,/benchmark/latency_ms,66.864372
1779184065.502,/benchmark/latency_ms,87.233383
1779184065.548,/benchmark/latency_ms,82.997414
1779184065.596,/benchmark/latency_ms,81.285202
1779184065.637,/benchmark/latency_ms,72.928040
1779184065.685,/benchmark/latency_ms,70.776764
1779184065.733,/benchmark/latency_ms,67.167542
1779184065.776,/benchmark/latency_ms,87.384300
1779184065.821,/benchmark/latency_ms,82.196175
1779184065.873,/benchmark/latency_ms,83.141380
1779184065.914,/benchmark/latency_ms,102.744957
1779184065.958,/benchmark/latency_ms,72.011955
1779184066.003,/benchmark/latency_ms,67.675156
1779184066.048,/benchmark/latency_ms,87.839401
1779184066.093,/benchmark/latency_ms,83.824829
1779184066.138,/benchmark/latency_ms,79.464508
1779184066.182,/benchmark/latency_ms,74.816574
1779184066.227,/benchmark/latency_ms,70.025055
1779184066.273,/benchmark/latency_ms,65.213058
1779184066.317,/benchmark/latency_ms,85.864754
1779184066.362,/benchmark/latency_ms,80.625107
1779184066.407,/benchmark/latency_ms,76.038010
1779184066.450,/benchmark/latency_ms,69.712837
1779184066.496,/benchmark/latency_ms,89.696373
1779184066.540,/benchmark/latency_ms,84.964981
1779184066.584,/benchmark/latency_ms,80.980469
1779184066.628,/benchmark/latency_ms,76.373238
1779184066.677,/benchmark/latency_ms,72.622795
1779184066.721,/benchmark/latency_ms,70.467484
1779184066.766,/benchmark/latency_ms,90.878670
1779184066.810,/benchmark/latency_ms,81.696556
1779184066.854,/benchmark/latency_ms,73.471947
1779184066.899,/benchmark/latency_ms,92.050537
1779184066.946,/benchmark/latency_ms,82.928810
1779184066.991,/benchmark/latency_ms,73.043053
1779184067.036,/benchmark/latency_ms,90.532784
1779184067.090,/benchmark/latency_ms,81.480499
1779184067.123,/benchmark/latency_ms,71.876465
1779184067.170,/benchmark/latency_ms,90.161842
1779184067.213,/benchmark/latency_ms,80.750168
1779184067.258,/benchmark/latency_ms,72.524780
1779184067.302,/benchmark/latency_ms,89.783928
1779184067.347,/benchmark/latency_ms,82.082542
1779184067.390,/benchmark/latency_ms,72.353966
1779184067.435,/benchmark/latency_ms,90.904114
1779184067.481,/benchmark/latency_ms,83.933212
1779184067.528,/benchmark/latency_ms,76.197495
1779184067.574,/benchmark/latency_ms,72.937675
1779184067.618,/benchmark/latency_ms,68.878151
1779184067.673,/benchmark/latency_ms,89.313789
1779184067.704,/benchmark/latency_ms,83.553055
1779184067.750,/benchmark/latency_ms,77.584877
1779184067.796,/benchmark/latency_ms,72.314575
1779184067.839,/benchmark/latency_ms,65.669022
1779184067.885,/benchmark/latency_ms,84.522652
1779184067.931,/benchmark/latency_ms,76.674034
1779184067.974,/benchmark/latency_ms,68.585960
1779184068.019,/benchmark/latency_ms,87.828453
1779184068.066,/benchmark/latency_ms,79.677658
1779184068.109,/benchmark/latency_ms,73.484291
1779184068.155,/benchmark/latency_ms,91.843971
1779184068.198,/benchmark/latency_ms,83.715714
1779184068.244,/benchmark/latency_ms,75.459801
1779184068.287,/benchmark/latency_ms,66.808372
1779184068.334,/benchmark/latency_ms,84.852859
1779184068.377,/benchmark/latency_ms,76.894096
1779184068.421,/benchmark/latency_ms,66.896149
1779184068.467,/benchmark/latency_ms,84.003197
1779184068.511,/benchmark/latency_ms,74.118752
1779184068.555,/benchmark/latency_ms,92.788704
1779184068.600,/benchmark/latency_ms,85.175606
1779184068.644,/benchmark/latency_ms,76.127541
1779184068.689,/benchmark/latency_ms,67.230675
1779184068.734,/benchmark/latency_ms,85.180244
1779184068.780,/benchmark/latency_ms,75.765205
1779184068.834,/benchmark/latency_ms,67.319664
1779184068.868,/benchmark/latency_ms,85.065170
1779184068.911,/benchmark/latency_ms,76.495247
1779184068.959,/benchmark/latency_ms,69.596161
1779184069.003,/benchmark/latency_ms,87.528740
1779184069.048,/benchmark/latency_ms,79.497627
1779184069.094,/benchmark/latency_ms,71.702766
1779184069.137,/benchmark/latency_ms,90.050575
1779184069.180,/benchmark/latency_ms,81.498322
1779184069.226,/benchmark/latency_ms,72.850662
1779184069.270,/benchmark/latency_ms,91.943687
1779184069.318,/benchmark/latency_ms,84.007645
1779184069.362,/benchmark/latency_ms,74.499168
1779184069.406,/benchmark/latency_ms,92.457024
1779184069.450,/benchmark/latency_ms,84.256989
1779184069.494,/benchmark/latency_ms,76.171890
1779184069.539,/benchmark/latency_ms,67.443115
1779184069.586,/benchmark/latency_ms,85.632660
1779184069.633,/benchmark/latency_ms,77.249451
1779184069.673,/benchmark/latency_ms,69.204262
1779184069.729,/benchmark/latency_ms,87.745987
1779184069.765,/benchmark/latency_ms,80.810387
1779184069.811,/benchmark/latency_ms,78.515167
1779184069.858,/benchmark/latency_ms,77.180557
1779184069.904,/benchmark/latency_ms,74.097183
1779184069.947,/benchmark/latency_ms,69.388000
1779184069.992,/benchmark/latency_ms,88.560219
1779184070.039,/benchmark/latency_ms,80.903572
1779184070.084,/benchmark/latency_ms,72.901192
1779184070.127,/benchmark/latency_ms,91.477478
1779184070.172,/benchmark/latency_ms,83.054054
1779184070.217,/benchmark/latency_ms,74.871063
1779184070.263,/benchmark/latency_ms,66.750229
1779184070.306,/benchmark/latency_ms,85.267761
1779184070.352,/benchmark/latency_ms,76.666801
1779184070.395,/benchmark/latency_ms,68.341606
1779184070.440,/benchmark/latency_ms,86.967590
1779184070.484,/benchmark/latency_ms,78.804131
1779184070.530,/benchmark/latency_ms,71.873009
1779184070.578,/benchmark/latency_ms,67.599373
1779184070.623,/benchmark/latency_ms,89.736023
1779184070.669,/benchmark/latency_ms,85.733070
1779184070.714,/benchmark/latency_ms,82.028969
1779184070.759,/benchmark/latency_ms,75.149467
1779184070.806,/benchmark/latency_ms,69.222527
1779184070.848,/benchmark/latency_ms,87.453186
1779184070.892,/benchmark/latency_ms,79.853943
1779184070.937,/benchmark/latency_ms,71.996178
1779184070.980,/benchmark/latency_ms,65.972664
1779184071.027,/benchmark/latency_ms,87.373924
1779184071.072,/benchmark/latency_ms,81.198189
1779184071.119,/benchmark/latency_ms,74.011101
1779184071.164,/benchmark/latency_ms,69.677567
1779184071.210,/benchmark/latency_ms,67.985611
1779184071.272,/benchmark/latency_ms,67.789291
1779184071.309,/benchmark/latency_ms,87.419395
1779184071.353,/benchmark/latency_ms,78.102470
1779184071.399,/benchmark/latency_ms,71.615952
1779184071.444,/benchmark/latency_ms,67.106575
1779184071.489,/benchmark/latency_ms,87.922913
1779184071.534,/benchmark/latency_ms,84.257050
1779184071.583,/benchmark/latency_ms,80.282578
1779184071.627,/benchmark/latency_ms,73.274948
1779184071.672,/benchmark/latency_ms,67.900810
1779184071.715,/benchmark/latency_ms,89.037979
1779184071.761,/benchmark/latency_ms,83.322433
1779184071.807,/benchmark/latency_ms,77.660423
1779184071.852,/benchmark/latency_ms,97.695969
1779184071.898,/benchmark/latency_ms,67.464684
1779184071.946,/benchmark/latency_ms,88.322334
1779184071.989,/benchmark/latency_ms,82.892708
1779184072.035,/benchmark/latency_ms,77.894600
1779184072.080,/benchmark/latency_ms,72.968521
1779184072.125,/benchmark/latency_ms,68.343750
1779184072.172,/benchmark/latency_ms,88.066017
1779184072.216,/benchmark/latency_ms,82.310890
1779184072.263,/benchmark/latency_ms,77.129929
1779184072.305,/benchmark/latency_ms,70.104668
1779184072.349,/benchmark/latency_ms,87.422180
1779184072.395,/benchmark/latency_ms,81.318634
1779184072.440,/benchmark/latency_ms,75.627090
1779184072.485,/benchmark/latency_ms,71.224724
1779184072.531,/benchmark/latency_ms,68.443878
1779184072.577,/benchmark/latency_ms,87.849762
1779184072.621,/benchmark/latency_ms,79.519897
1779184072.667,/benchmark/latency_ms,70.720306
1779184072.710,/benchmark/latency_ms,89.125465
1779184072.755,/benchmark/latency_ms,80.714836
1779184072.799,/benchmark/latency_ms,71.763535
1779184072.845,/benchmark/latency_ms,89.910606
1779184072.888,/benchmark/latency_ms,81.710602
1779184072.934,/benchmark/latency_ms,73.042183
1779184072.977,/benchmark/latency_ms,90.724457
1779184073.022,/benchmark/latency_ms,81.630829
1779184073.066,/benchmark/latency_ms,73.270599
1779184073.110,/benchmark/latency_ms,91.262665
1779184073.153,/benchmark/latency_ms,83.552994
1779184073.199,/benchmark/latency_ms,75.537682
1779184073.242,/benchmark/latency_ms,67.527817
1779184073.287,/benchmark/latency_ms,85.681229
1779184073.333,/benchmark/latency_ms,77.685097
1779184073.376,/benchmark/latency_ms,69.330307
1779184073.420,/benchmark/latency_ms,86.851654
1779184073.479,/benchmark/latency_ms,81.142830
1779184073.511,/benchmark/latency_ms,75.122459
1779184073.560,/benchmark/latency_ms,71.455826
1779184073.603,/benchmark/latency_ms,66.609360
1779184073.648,/benchmark/latency_ms,86.061546
1779184073.690,/benchmark/latency_ms,78.678108
1779184073.736,/benchmark/latency_ms,71.322258
1779184073.780,/benchmark/latency_ms,90.624557
1779184073.825,/benchmark/latency_ms,85.271858
1779184073.870,/benchmark/latency_ms,81.283562
1779184073.916,/benchmark/latency_ms,77.463844
1779184073.962,/benchmark/latency_ms,73.119110
1779184074.004,/benchmark/latency_ms,69.461182
1779184074.049,/benchmark/latency_ms,68.654724
1779184074.096,/benchmark/latency_ms,92.204483
1779184074.144,/benchmark/latency_ms,84.167671
1779184074.187,/benchmark/latency_ms,75.734352
1779184074.244,/benchmark/latency_ms,69.622238
1779184074.279,/benchmark/latency_ms,66.175507
1779184074.323,/benchmark/latency_ms,88.007744
1779184074.371,/benchmark/latency_ms,85.593292
1779184074.416,/benchmark/latency_ms,77.404137
1779184074.459,/benchmark/latency_ms,70.015160
1779184074.505,/benchmark/latency_ms,65.728027
1779184074.550,/benchmark/latency_ms,86.618599
1779184074.594,/benchmark/latency_ms,82.924355
1779184074.639,/benchmark/latency_ms,78.752251
1779184074.685,/benchmark/latency_ms,74.941017
1779184074.739,/benchmark/latency_ms,70.115707
1779184074.775,/benchmark/latency_ms,66.344498
1779184074.818,/benchmark/latency_ms,86.822792
1779184074.864,/benchmark/latency_ms,82.004585
1779184074.907,/benchmark/latency_ms,77.340294
1779184074.953,/benchmark/latency_ms,74.008705
1779184074.999,/benchmark/latency_ms,68.841347
1779184075.045,/benchmark/latency_ms,86.797569
1779184075.088,/benchmark/latency_ms,78.066719
1779184075.132,/benchmark/latency_ms,70.418648
1779184075.179,/benchmark/latency_ms,66.460182
1779184075.222,/benchmark/latency_ms,86.824547
1779184075.268,/benchmark/latency_ms,83.390556
1779184075.313,/benchmark/latency_ms,80.139122
1779184075.358,/benchmark/latency_ms,76.902092
1779184075.403,/benchmark/latency_ms,73.119080
1779184075.450,/benchmark/latency_ms,70.075867
1779184075.494,/benchmark/latency_ms,67.029007
1779184075.551,/benchmark/latency_ms,87.743965
1779184075.582,/benchmark/latency_ms,84.101334
1779184075.632,/benchmark/latency_ms,80.940048
1779184075.675,/benchmark/latency_ms,76.977997
1779184075.723,/benchmark/latency_ms,74.458908
1779184075.766,/benchmark/latency_ms,69.912766
1779184075.811,/benchmark/latency_ms,66.575890
1779184075.856,/benchmark/latency_ms,87.307648
1779184075.903,/benchmark/latency_ms,84.365974
1779184075.946,/benchmark/latency_ms,80.210678
1779184075.991,/benchmark/latency_ms,75.881393
1779184076.038,/benchmark/latency_ms,72.548485
1779184076.084,/benchmark/latency_ms,69.883293
1779184076.138,/benchmark/latency_ms,97.335419
1779184076.181,/benchmark/latency_ms,86.751427
1779184076.236,/benchmark/latency_ms,76.748390
1779184076.269,/benchmark/latency_ms,68.772575
1779184076.314,/benchmark/latency_ms,65.505112
1779184076.361,/benchmark/latency_ms,86.692001
1779184076.406,/benchmark/latency_ms,82.681602
1779184076.452,/benchmark/latency_ms,80.135284
1779184076.498,/benchmark/latency_ms,74.097084
1779184076.543,/benchmark/latency_ms,92.299355
1779184076.587,/benchmark/latency_ms,83.376762
1779184076.637,/benchmark/latency_ms,77.728645
1779184076.672,/benchmark/latency_ms,69.708862
1779184076.715,/benchmark/latency_ms,89.489006
1779184076.761,/benchmark/latency_ms,84.504951
1779184076.806,/benchmark/latency_ms,78.386818
1779184076.849,/benchmark/latency_ms,71.311920
1779184076.893,/benchmark/latency_ms,90.011467
1779184076.941,/benchmark/latency_ms,83.307259
1779184076.985,/benchmark/latency_ms,77.797188
1779184077.030,/benchmark/latency_ms,71.402832
1779184077.088,/benchmark/latency_ms,67.593033
1779184077.122,/benchmark/latency_ms,86.842018
1779184077.167,/benchmark/latency_ms,78.617149
1779184077.212,/benchmark/latency_ms,74.539894
1779184077.258,/benchmark/latency_ms,71.860939
1779184077.306,/benchmark/latency_ms,67.962791
1779184077.350,/benchmark/latency_ms,87.029121
1779184077.395,/benchmark/latency_ms,79.268219
1779184077.438,/benchmark/latency_ms,72.620613
1779184077.485,/benchmark/latency_ms,69.710777
1779184077.533,/benchmark/latency_ms,67.461868
1779184077.578,/benchmark/latency_ms,89.586159
1779184077.624,/benchmark/latency_ms,82.263588
1779184077.669,/benchmark/latency_ms,72.888130
1779184077.709,/benchmark/latency_ms,90.629547
1779184077.755,/benchmark/latency_ms,83.119354
1779184077.799,/benchmark/latency_ms,72.981606
1779184077.843,/benchmark/latency_ms,90.497322
1779184077.889,/benchmark/latency_ms,82.144165
1779184077.934,/benchmark/latency_ms,72.832199
1779184077.976,/benchmark/latency_ms,91.630753
1779184078.020,/benchmark/latency_ms,82.654594
1779184078.066,/benchmark/latency_ms,72.709061
1779184078.109,/benchmark/latency_ms,90.625290
1779184078.152,/benchmark/latency_ms,80.833549
1779184078.196,/benchmark/latency_ms,70.275833
1779184078.240,/benchmark/latency_ms,86.915298
1779184078.283,/benchmark/latency_ms,76.764870
1779184078.327,/benchmark/latency_ms,67.888779
1779184078.371,/benchmark/latency_ms,85.633965
1779184078.417,/benchmark/latency_ms,76.886345
1779184078.459,/benchmark/latency_ms,67.589195
1779184078.502,/benchmark/latency_ms,85.149811
1779184078.546,/benchmark/latency_ms,75.191315
1779184078.590,/benchmark/latency_ms,91.941185
1779184078.635,/benchmark/latency_ms,82.471870
1779184078.677,/benchmark/latency_ms,73.254143
1779184078.721,/benchmark/latency_ms,90.210793
1779184078.765,/benchmark/latency_ms,80.146164
1779184078.809,/benchmark/latency_ms,70.788246
1779184078.854,/benchmark/latency_ms,88.573273
1779184078.896,/benchmark/latency_ms,79.556854
1779184078.943,/benchmark/latency_ms,71.416847
1779184078.985,/benchmark/latency_ms,88.681175
1779184079.031,/benchmark/latency_ms,78.883415
1779184079.075,/benchmark/latency_ms,69.666588
1779184079.117,/benchmark/latency_ms,86.824196
1779184079.161,/benchmark/latency_ms,77.657860
1779184079.203,/benchmark/latency_ms,69.005119
1779184079.249,/benchmark/latency_ms,86.196518
1779184079.291,/benchmark/latency_ms,76.819046
1779184079.337,/benchmark/latency_ms,66.965675
1779184079.383,/benchmark/latency_ms,84.952492
1779184079.427,/benchmark/latency_ms,75.719795
1779184079.469,/benchmark/latency_ms,66.227509
1779184079.514,/benchmark/latency_ms,83.962776
1779184079.557,/benchmark/latency_ms,74.374969
1779184079.601,/benchmark/latency_ms,65.440918
1779184079.648,/benchmark/latency_ms,83.578171
1779184079.688,/benchmark/latency_ms,78.287003
1779184079.732,/benchmark/latency_ms,72.890114
1779184079.779,/benchmark/latency_ms,67.596329
1779184079.823,/benchmark/latency_ms,87.020096
1779184079.866,/benchmark/latency_ms,82.680222
1779184079.910,/benchmark/latency_ms,77.798080
1779184079.956,/benchmark/latency_ms,73.132004
1779184080.000,/benchmark/latency_ms,67.944519
1779184080.043,/benchmark/latency_ms,88.045433
1779184080.088,/benchmark/latency_ms,84.216629
1779184080.134,/benchmark/latency_ms,79.069588
1779184080.179,/benchmark/latency_ms,75.406960
1779184080.219,/benchmark/latency_ms,70.223892
1779184080.265,/benchmark/latency_ms,67.329063
1779184080.312,/benchmark/latency_ms,65.513268
1779184080.356,/benchmark/latency_ms,86.682945
1779184080.399,/benchmark/latency_ms,78.767067
1779184080.443,/benchmark/latency_ms,69.859123
1779184080.489,/benchmark/latency_ms,87.716667
1779184080.535,/benchmark/latency_ms,81.127686
1779184080.580,/benchmark/latency_ms,76.857834
1779184080.627,/benchmark/latency_ms,75.007889
1779184080.670,/benchmark/latency_ms,70.639763
1779184080.715,/benchmark/latency_ms,89.902412
1779184080.758,/benchmark/latency_ms,80.539246
1779184080.815,/benchmark/latency_ms,73.006943
1779184080.849,/benchmark/latency_ms,91.090179
1779184080.893,/benchmark/latency_ms,82.906746
1779184080.936,/benchmark/latency_ms,74.685593
1779184080.980,/benchmark/latency_ms,92.817879
1779184081.025,/benchmark/latency_ms,84.292336
1779184081.071,/benchmark/latency_ms,75.824684
1779184081.115,/benchmark/latency_ms,67.121864
1779184081.159,/benchmark/latency_ms,86.055588
1779184081.205,/benchmark/latency_ms,79.727089
1779184081.248,/benchmark/latency_ms,75.511986
1779184081.292,/benchmark/latency_ms,68.909599
1779184081.336,/benchmark/latency_ms,87.824699
1779184081.381,/benchmark/latency_ms,82.001442
1779184081.426,/benchmark/latency_ms,75.936043
1779184081.474,/benchmark/latency_ms,69.186844
1779184081.520,/benchmark/latency_ms,90.183914
1779184081.565,/benchmark/latency_ms,84.269814
1779184081.609,/benchmark/latency_ms,103.640846
1779184081.654,/benchmark/latency_ms,74.541046
1779184081.700,/benchmark/latency_ms,70.081558
1779184081.746,/benchmark/latency_ms,66.960747
1779184081.790,/benchmark/latency_ms,88.300858
1779184081.837,/benchmark/latency_ms,83.489555
1779184081.881,/benchmark/latency_ms,77.834145
1779184081.924,/benchmark/latency_ms,71.565483
1779184081.971,/benchmark/latency_ms,91.437820
1779184082.016,/benchmark/latency_ms,85.074478
1779184082.062,/benchmark/latency_ms,78.348473
1779184082.110,/benchmark/latency_ms,72.130821
1779184082.155,/benchmark/latency_ms,93.029686
1779184082.200,/benchmark/latency_ms,88.166359
1779184082.245,/benchmark/latency_ms,82.251999
1779184082.291,/benchmark/latency_ms,77.636292
1779184082.336,/benchmark/latency_ms,71.110794
1779184082.381,/benchmark/latency_ms,90.539719
1779184082.429,/benchmark/latency_ms,85.727112
1779184082.473,/benchmark/latency_ms,80.373711
1779184082.518,/benchmark/latency_ms,72.094116
1779184082.566,/benchmark/latency_ms,92.080376
1779184082.609,/benchmark/latency_ms,86.548325
1779184082.655,/benchmark/latency_ms,80.826118
1779184082.699,/benchmark/latency_ms,75.047348
1779184082.744,/benchmark/latency_ms,68.870270
1779184082.790,/benchmark/latency_ms,88.747124
1779184082.835,/benchmark/latency_ms,83.582710
1779184082.882,/benchmark/latency_ms,78.186272
1779184082.927,/benchmark/latency_ms,71.838509
1779184082.971,/benchmark/latency_ms,92.026268
1779184083.016,/benchmark/latency_ms,86.121063
1779184083.061,/benchmark/latency_ms,80.697258
1779184083.107,/benchmark/latency_ms,75.263443
1779184083.166,/benchmark/latency_ms,70.442062
1779184083.199,/benchmark/latency_ms,92.177277
1779184083.243,/benchmark/latency_ms,110.580917
1779184083.289,/benchmark/latency_ms,77.011871
1779184083.332,/benchmark/latency_ms,72.986206
1779184083.377,/benchmark/latency_ms,70.331413
1779184083.421,/benchmark/latency_ms,68.096672
1779184083.468,/benchmark/latency_ms,66.356400
1779184083.513,/benchmark/latency_ms,87.488861
1779184083.562,/benchmark/latency_ms,83.159828
1779184083.602,/benchmark/latency_ms,78.407478
1779184083.648,/benchmark/latency_ms,74.442871
1779184083.688,/benchmark/latency_ms,70.454926
1779184083.735,/benchmark/latency_ms,66.290413
1779184083.782,/benchmark/latency_ms,86.592796
1779184083.826,/benchmark/latency_ms,83.538010
1779184083.872,/benchmark/latency_ms,79.981422
1779184083.920,/benchmark/latency_ms,75.545578
1779184083.961,/benchmark/latency_ms,70.493011
1779184084.006,/benchmark/latency_ms,66.829132
1779184084.048,/benchmark/latency_ms,87.616699
1779184084.094,/benchmark/latency_ms,83.657143
1779184084.141,/benchmark/latency_ms,80.055885
1779184084.186,/benchmark/latency_ms,75.784904
1779184084.229,/benchmark/latency_ms,70.920464
1779184084.275,/benchmark/latency_ms,67.062119
1779184084.318,/benchmark/latency_ms,87.000313
1779184084.362,/benchmark/latency_ms,82.575996
1779184084.408,/benchmark/latency_ms,78.129784
1779184084.454,/benchmark/latency_ms,73.911385
1779184084.495,/benchmark/latency_ms,69.260956
1779184084.541,/benchmark/latency_ms,65.496246
1779184084.586,/benchmark/latency_ms,86.223747
1779184084.633,/benchmark/latency_ms,82.185730
1779184084.675,/benchmark/latency_ms,78.904121
1779184084.721,/benchmark/latency_ms,74.790131
1779184084.765,/benchmark/latency_ms,69.727257
1779184084.806,/benchmark/latency_ms,65.651413
1779184084.853,/benchmark/latency_ms,86.501724
1779184084.898,/benchmark/latency_ms,81.929283
1779184084.945,/benchmark/latency_ms,77.584892
1779184084.989,/benchmark/latency_ms,73.587196
1779184085.032,/benchmark/latency_ms,69.498680
1779184085.078,/benchmark/latency_ms,65.133369
1779184085.122,/benchmark/latency_ms,86.103142
1779184085.166,/benchmark/latency_ms,81.488319
1779184085.212,/benchmark/latency_ms,75.322739
1779184085.256,/benchmark/latency_ms,70.835602
1779184085.301,/benchmark/latency_ms,66.396942
1779184085.346,/benchmark/latency_ms,87.222939
1779184085.391,/benchmark/latency_ms,83.226295
1779184085.437,/benchmark/latency_ms,80.021385
1779184085.483,/benchmark/latency_ms,76.191628
1779184085.526,/benchmark/latency_ms,67.967621
1779184085.570,/benchmark/latency_ms,87.614388
1779184085.615,/benchmark/latency_ms,83.658195
1779184085.661,/benchmark/latency_ms,79.160950
1779184085.706,/benchmark/latency_ms,75.057358
1779184085.749,/benchmark/latency_ms,70.664558
1779184085.794,/benchmark/latency_ms,66.999306
1779184085.840,/benchmark/latency_ms,87.249336
1779184085.884,/benchmark/latency_ms,84.165810
1779184085.930,/benchmark/latency_ms,80.470604
1779184085.974,/benchmark/latency_ms,76.406090
1779184086.020,/benchmark/latency_ms,71.841354
1779184086.066,/benchmark/latency_ms,67.875908
1779184086.110,/benchmark/latency_ms,87.975830
1779184086.155,/benchmark/latency_ms,84.504845
1779184086.200,/benchmark/latency_ms,80.589607
1779184086.245,/benchmark/latency_ms,76.478920
1779184086.288,/benchmark/latency_ms,70.464333
1779184086.333,/benchmark/latency_ms,66.643433
1779184086.390,/benchmark/latency_ms,88.535316
1779184086.425,/benchmark/latency_ms,85.270218
1779184086.470,/benchmark/latency_ms,81.578369
1779184086.526,/benchmark/latency_ms,78.082520
1779184086.560,/benchmark/latency_ms,73.157722
1779184086.607,/benchmark/latency_ms,69.487091
1779184086.650,/benchmark/latency_ms,65.653297
1779184086.694,/benchmark/latency_ms,86.570305
1779184086.737,/benchmark/latency_ms,82.055199
1779184086.783,/benchmark/latency_ms,77.855675
1779184086.827,/benchmark/latency_ms,73.610718
1779184086.872,/benchmark/latency_ms,69.156570
1779184086.917,/benchmark/latency_ms,66.002579
1779184086.964,/benchmark/latency_ms,85.583046
1779184087.010,/benchmark/latency_ms,81.137314
1779184087.055,/benchmark/latency_ms,77.408157
1779184087.099,/benchmark/latency_ms,73.023132
1779184087.147,/benchmark/latency_ms,69.297142
1779184087.191,/benchmark/latency_ms,88.353645
1779184087.237,/benchmark/latency_ms,81.735741
1779184087.280,/benchmark/latency_ms,77.434975
1779184087.324,/benchmark/latency_ms,72.326500
1779184087.368,/benchmark/latency_ms,68.072800
1779184087.415,/benchmark/latency_ms,89.964455
1779184087.461,/benchmark/latency_ms,84.579918
1779184087.504,/benchmark/latency_ms,76.115685
1779184087.549,/benchmark/latency_ms,72.199776
1779184087.595,/benchmark/latency_ms,69.403770
1779184087.652,/benchmark/latency_ms,89.322510
1779184087.687,/benchmark/latency_ms,81.796066
1779184087.731,/benchmark/latency_ms,72.666595
1779184087.776,/benchmark/latency_ms,67.884224
1779184087.823,/benchmark/latency_ms,88.433136
1779184087.866,/benchmark/latency_ms,84.115372
1779184087.912,/benchmark/latency_ms,79.291695
1779184087.955,/benchmark/latency_ms,74.887726
1779184088.001,/benchmark/latency_ms,70.290512
1779184088.044,/benchmark/latency_ms,65.583183
1779184088.091,/benchmark/latency_ms,86.304703
1779184088.134,/benchmark/latency_ms,81.097153
1779184088.178,/benchmark/latency_ms,76.714821
1779184088.224,/benchmark/latency_ms,71.573730
1779184088.267,/benchmark/latency_ms,67.092644
1779184088.311,/benchmark/latency_ms,87.159676
1779184088.357,/benchmark/latency_ms,83.162003
1779184088.412,/benchmark/latency_ms,80.192902
1779184088.449,/benchmark/latency_ms,77.077469
1779184088.492,/benchmark/latency_ms,68.033089
1779184088.536,/benchmark/latency_ms,85.701988
1779184088.580,/benchmark/latency_ms,78.193398
1779184088.624,/benchmark/latency_ms,69.476601
1779184088.671,/benchmark/latency_ms,86.902458
1779184088.711,/benchmark/latency_ms,76.835106
1779184088.755,/benchmark/latency_ms,67.014824
1779184088.798,/benchmark/latency_ms,83.864113
1779184088.843,/benchmark/latency_ms,73.137054
1779184088.887,/benchmark/latency_ms,90.236961
1779184088.929,/benchmark/latency_ms,80.744324
1779184088.972,/benchmark/latency_ms,71.014694
1779184089.015,/benchmark/latency_ms,88.056114
1779184089.059,/benchmark/latency_ms,76.726463
1779184089.106,/benchmark/latency_ms,68.030083
1779184089.148,/benchmark/latency_ms,86.787964
1779184089.196,/benchmark/latency_ms,78.563057
1779184089.237,/benchmark/latency_ms,72.543900
1779184089.281,/benchmark/latency_ms,67.744324
1779184089.328,/benchmark/latency_ms,84.877159
1779184089.371,/benchmark/latency_ms,74.388176
1779184089.419,/benchmark/latency_ms,91.810074
1779184089.458,/benchmark/latency_ms,82.851700
1779184089.503,/benchmark/latency_ms,73.671387
1779184089.546,/benchmark/latency_ms,91.465179
1779184089.590,/benchmark/latency_ms,81.819008
1779184089.635,/benchmark/latency_ms,74.535347
1779184089.681,/benchmark/latency_ms,68.063843
1779184089.737,/benchmark/latency_ms,88.500015
1779184089.780,/benchmark/latency_ms,80.753700
1779184089.813,/benchmark/latency_ms,71.905350
1779184089.857,/benchmark/latency_ms,89.176712
1779184089.902,/benchmark/latency_ms,80.048332
1779184089.945,/benchmark/latency_ms,71.322693
1779184089.988,/benchmark/latency_ms,87.859444
1779184090.034,/benchmark/latency_ms,77.983765
1779184090.076,/benchmark/latency_ms,69.186005
1779184090.122,/benchmark/latency_ms,89.145164
1779184090.169,/benchmark/latency_ms,81.396317
1779184090.211,/benchmark/latency_ms,72.664032
1779184090.256,/benchmark/latency_ms,64.966774
1779184090.303,/benchmark/latency_ms,87.105881
1779184090.349,/benchmark/latency_ms,84.551849
1779184090.393,/benchmark/latency_ms,81.238243
1779184090.440,/benchmark/latency_ms,74.235344
1779184090.483,/benchmark/latency_ms,68.292351
1779184090.527,/benchmark/latency_ms,88.347885
1779184090.574,/benchmark/latency_ms,83.269524
1779184090.616,/benchmark/latency_ms,78.227066
1779184090.663,/benchmark/latency_ms,76.744576
1779184090.708,/benchmark/latency_ms,71.741188
1779184090.753,/benchmark/latency_ms,66.022606
1779184090.799,/benchmark/latency_ms,84.556808
1779184090.842,/benchmark/latency_ms,76.774078
1779184090.888,/benchmark/latency_ms,68.245216
1779184090.934,/benchmark/latency_ms,86.463326
1779184090.976,/benchmark/latency_ms,78.588211
1779184091.021,/benchmark/latency_ms,69.649239
1779184091.066,/benchmark/latency_ms,87.823120
1779184091.112,/benchmark/latency_ms,79.940300
1779184091.156,/benchmark/latency_ms,71.459236
1779184091.200,/benchmark/latency_ms,89.750053
1779184091.244,/benchmark/latency_ms,81.509277
1779184091.291,/benchmark/latency_ms,75.014351
1779184091.336,/benchmark/latency_ms,69.402199
1779184091.381,/benchmark/latency_ms,65.584717
1779184091.428,/benchmark/latency_ms,86.656700
1779184091.472,/benchmark/latency_ms,83.249748
1779184091.519,/benchmark/latency_ms,80.169769
1779184091.564,/benchmark/latency_ms,76.741150
1779184091.609,/benchmark/latency_ms,72.800896
1779184091.654,/benchmark/latency_ms,69.607056
1779184091.699,/benchmark/latency_ms,67.011139
1779184091.749,/benchmark/latency_ms,65.965546
1779184091.794,/benchmark/latency_ms,87.618866
1779184091.840,/benchmark/latency_ms,84.788841
1779184091.886,/benchmark/latency_ms,81.903450
1779184091.935,/benchmark/latency_ms,78.819183
1779184091.979,/benchmark/latency_ms,75.785187
1779184092.025,/benchmark/latency_ms,69.535889
1779184092.070,/benchmark/latency_ms,88.784203
1779184092.116,/benchmark/latency_ms,82.732216
1779184092.161,/benchmark/latency_ms,78.764915
1779184092.204,/benchmark/latency_ms,70.846924
1779184092.249,/benchmark/latency_ms,90.361214
1779184092.294,/benchmark/latency_ms,84.702888
1779184092.339,/benchmark/latency_ms,78.880974
1779184092.384,/benchmark/latency_ms,72.815514
1779184092.430,/benchmark/latency_ms,66.311180
1779184092.473,/benchmark/latency_ms,86.021759
1779184092.518,/benchmark/latency_ms,79.614311
1779184092.563,/benchmark/latency_ms,72.041855
1779184092.609,/benchmark/latency_ms,66.041512
1779184092.653,/benchmark/latency_ms,86.508186
1779184092.698,/benchmark/latency_ms,81.068932
1779184092.745,/benchmark/latency_ms,74.668015
1779184092.789,/benchmark/latency_ms,68.591034
1779184092.835,/benchmark/latency_ms,88.480873
1779184092.879,/benchmark/latency_ms,82.306908
1779184092.936,/benchmark/latency_ms,76.554947
1779184092.980,/benchmark/latency_ms,70.488174
1779184093.016,/benchmark/latency_ms,90.356827
1779184093.059,/benchmark/latency_ms,84.069321
1779184093.108,/benchmark/latency_ms,78.377174
1779184093.149,/benchmark/latency_ms,71.059204
1779184093.194,/benchmark/latency_ms,91.215195
1779184093.238,/benchmark/latency_ms,82.066620
1779184093.294,/benchmark/latency_ms,75.524490
1779184093.329,/benchmark/latency_ms,68.847511
1779184093.371,/benchmark/latency_ms,87.829971
1779184093.419,/benchmark/latency_ms,82.746422
1779184093.463,/benchmark/latency_ms,76.209221
1779184093.507,/benchmark/latency_ms,69.677490
1779184093.552,/benchmark/latency_ms,89.212746
1779184093.597,/benchmark/latency_ms,82.570099
1779184093.641,/benchmark/latency_ms,77.419388
1779184093.685,/benchmark/latency_ms,70.585098
1779184093.730,/benchmark/latency_ms,89.515175
1779184093.775,/benchmark/latency_ms,83.674065
1779184093.820,/benchmark/latency_ms,77.612984
1779184093.864,/benchmark/latency_ms,70.795723
1779184093.909,/benchmark/latency_ms,90.309402
1779184093.956,/benchmark/latency_ms,84.488617
1779184094.000,/benchmark/latency_ms,79.026382
1779184094.044,/benchmark/latency_ms,72.209213
1779184094.089,/benchmark/latency_ms,91.274452
1779184094.134,/benchmark/latency_ms,85.618622
1779184094.182,/benchmark/latency_ms,80.500450
1779184094.227,/benchmark/latency_ms,74.288910
1779184094.272,/benchmark/latency_ms,69.413902
1779184094.317,/benchmark/latency_ms,88.713196
1779184094.362,/benchmark/latency_ms,84.446152
1779184094.407,/benchmark/latency_ms,78.401550
1779184094.453,/benchmark/latency_ms,72.217819
1779184094.507,/benchmark/latency_ms,91.304855
1779184094.541,/benchmark/latency_ms,84.618217
1779184094.586,/benchmark/latency_ms,78.988045
1779184094.634,/benchmark/latency_ms,72.742332
1779184094.676,/benchmark/latency_ms,90.935478
1779184094.721,/benchmark/latency_ms,85.033157
1779184094.766,/benchmark/latency_ms,78.587631
1779184094.812,/benchmark/latency_ms,70.560493
1779184094.867,/benchmark/latency_ms,90.339294
1779184094.899,/benchmark/latency_ms,83.482094
1779184094.945,/benchmark/latency_ms,77.438103
1779184094.990,/benchmark/latency_ms,71.300354
1779184095.035,/benchmark/latency_ms,91.038170
1779184095.078,/benchmark/latency_ms,84.042534
1779184095.123,/benchmark/latency_ms,78.553261
1779184095.168,/benchmark/latency_ms,72.741142
1779184095.224,/benchmark/latency_ms,66.533348
1779184095.259,/benchmark/latency_ms,87.283508
1779184095.304,/benchmark/latency_ms,81.481979
1779184095.351,/benchmark/latency_ms,75.984192
1779184095.406,/benchmark/latency_ms,69.695854
1779184095.442,/benchmark/latency_ms,90.152161
1779184095.488,/benchmark/latency_ms,84.898277
1779184095.532,/benchmark/latency_ms,79.407852
1779184095.578,/benchmark/latency_ms,73.743988
1779184095.625,/benchmark/latency_ms,68.414520
1779184095.672,/benchmark/latency_ms,89.415138
1779184095.719,/benchmark/latency_ms,86.770996
1779184095.765,/benchmark/latency_ms,82.344376
1779184095.823,/benchmark/latency_ms,65.625648
1779184095.880,/benchmark/latency_ms,86.221336
1779184095.918,/benchmark/latency_ms,86.349434
1779184095.963,/benchmark/latency_ms,82.472305
1779184096.008,/benchmark/latency_ms,78.531570
1779184096.051,/benchmark/latency_ms,74.735054
1779184096.097,/benchmark/latency_ms,69.734962
1779184096.140,/benchmark/latency_ms,65.447884
1779184096.185,/benchmark/latency_ms,86.300346
1779184096.231,/benchmark/latency_ms,82.045685
1779184096.275,/benchmark/latency_ms,78.061012
1779184096.319,/benchmark/latency_ms,73.628403
1779184096.364,/benchmark/latency_ms,68.801590
1779184096.411,/benchmark/latency_ms,88.932327
1779184096.454,/benchmark/latency_ms,85.112389
1779184096.509,/benchmark/latency_ms,80.549088
1779184096.544,/benchmark/latency_ms,76.117439
1779184096.587,/benchmark/latency_ms,71.173798
1779184096.633,/benchmark/latency_ms,67.151939
1779184096.678,/benchmark/latency_ms,86.676376
1779184096.719,/benchmark/latency_ms,83.047569
1779184096.764,/benchmark/latency_ms,79.129036
1779184096.808,/benchmark/latency_ms,74.963051
1779184096.852,/benchmark/latency_ms,70.219627
1779184096.897,/benchmark/latency_ms,66.164230
1779184096.946,/benchmark/latency_ms,87.179924
1779184096.989,/benchmark/latency_ms,82.298195
1779184097.034,/benchmark/latency_ms,78.078804
1779184097.078,/benchmark/latency_ms,73.948685
1779184097.125,/benchmark/latency_ms,70.068077
1779184097.170,/benchmark/latency_ms,66.105865
1779184097.214,/benchmark/latency_ms,86.084122
1779184097.258,/benchmark/latency_ms,81.789078
1779184097.313,/benchmark/latency_ms,78.869324
1779184097.347,/benchmark/latency_ms,75.070534
1779184097.402,/benchmark/latency_ms,70.830597
1779184097.437,/benchmark/latency_ms,66.243332
1779184097.491,/benchmark/latency_ms,86.399956
1779184097.525,/benchmark/latency_ms,82.634865
1779184097.573,/benchmark/latency_ms,78.173874
1779184097.615,/benchmark/latency_ms,74.364395
1779184097.683,/benchmark/latency_ms,66.146118
1779184097.728,/benchmark/latency_ms,86.082230
1779184097.773,/benchmark/latency_ms,78.267250
1779184097.817,/benchmark/latency_ms,72.208832
1779184097.862,/benchmark/latency_ms,91.807152
1779184097.907,/benchmark/latency_ms,85.299263
1779184097.952,/benchmark/latency_ms,79.322220
1779184097.995,/benchmark/latency_ms,70.980705
1779184098.041,/benchmark/latency_ms,90.193436
1779184098.086,/benchmark/latency_ms,84.063721
1779184098.131,/benchmark/latency_ms,78.230965
1779184098.176,/benchmark/latency_ms,72.824059
1779184098.219,/benchmark/latency_ms,91.897423
1779184098.263,/benchmark/latency_ms,84.597412
1779184098.309,/benchmark/latency_ms,78.319344
1779184098.352,/benchmark/latency_ms,71.555389
1779184098.397,/benchmark/latency_ms,91.083321
1779184098.442,/benchmark/latency_ms,84.768257
1779184098.488,/benchmark/latency_ms,77.502838
1779184098.531,/benchmark/latency_ms,71.216736
1779184098.588,/benchmark/latency_ms,91.099991
1779184098.621,/benchmark/latency_ms,84.513382
1779184098.666,/benchmark/latency_ms,78.077492
1779184098.710,/benchmark/latency_ms,71.947807
1779184098.755,/benchmark/latency_ms,91.849869
1779184098.802,/benchmark/latency_ms,85.780441
1779184098.850,/benchmark/latency_ms,82.245941
1779184098.894,/benchmark/latency_ms,77.645462
1779184098.942,/benchmark/latency_ms,73.979568
1779184098.987,/benchmark/latency_ms,68.861137
1779184099.032,/benchmark/latency_ms,86.934799
1779184099.075,/benchmark/latency_ms,81.019836
1779184099.122,/benchmark/latency_ms,75.447655
1779184099.165,/benchmark/latency_ms,69.460045
1779184099.221,/benchmark/latency_ms,89.456924
1779184099.254,/benchmark/latency_ms,82.317650
1779184099.311,/benchmark/latency_ms,75.714561
1779184099.345,/benchmark/latency_ms,69.463249
1779184099.389,/benchmark/latency_ms,89.164673
1779184099.433,/benchmark/latency_ms,82.923309
1779184099.479,/benchmark/latency_ms,75.883072
1779184099.524,/benchmark/latency_ms,69.312691
1779184099.570,/benchmark/latency_ms,89.586815
1779184099.615,/benchmark/latency_ms,83.857124
1779184099.660,/benchmark/latency_ms,76.970200
1779184099.702,/benchmark/latency_ms,68.091194
1779184099.750,/benchmark/latency_ms,87.853806
1779184099.795,/benchmark/latency_ms,82.021111
1779184099.839,/benchmark/latency_ms,76.322525
1779184099.885,/benchmark/latency_ms,70.477097
1779184099.928,/benchmark/latency_ms,89.495934
1779184099.975,/benchmark/latency_ms,84.252739
1779184100.020,/benchmark/latency_ms,78.585518
1779184100.063,/benchmark/latency_ms,72.144089
1779184100.110,/benchmark/latency_ms,67.082306
1779184100.155,/benchmark/latency_ms,87.989899
1779184100.200,/benchmark/latency_ms,83.557289
1779184100.256,/benchmark/latency_ms,78.078354
1779184100.290,/benchmark/latency_ms,72.944275
1779184100.336,/benchmark/latency_ms,66.900803
1779184100.380,/benchmark/latency_ms,86.283669
1779184100.436,/benchmark/latency_ms,79.241257
1779184100.470,/benchmark/latency_ms,71.334244
1779184100.514,/benchmark/latency_ms,89.491806
1779184100.558,/benchmark/latency_ms,81.416885
1779184100.602,/benchmark/latency_ms,73.114326
1779184100.649,/benchmark/latency_ms,92.124969
1779184100.692,/benchmark/latency_ms,84.496223
1779184100.749,/benchmark/latency_ms,76.860443
1779184100.783,/benchmark/latency_ms,70.247910
1779184100.831,/benchmark/latency_ms,91.259285
1779184100.877,/benchmark/latency_ms,86.832977
1779184100.925,/benchmark/latency_ms,80.713501
1779184100.966,/benchmark/latency_ms,76.366554
1779184101.008,/benchmark/latency_ms,71.171936
1779184101.053,/benchmark/latency_ms,66.672516
1779184101.098,/benchmark/latency_ms,87.279182
1779184101.144,/benchmark/latency_ms,82.730896
1779184101.187,/benchmark/latency_ms,78.633583
1779184101.231,/benchmark/latency_ms,72.744499
1779184101.278,/benchmark/latency_ms,68.751091
1779184101.321,/benchmark/latency_ms,87.476974
1779184101.378,/benchmark/latency_ms,80.651901
1779184101.411,/benchmark/latency_ms,73.136887
1779184101.457,/benchmark/latency_ms,68.685905
1779184101.500,/benchmark/latency_ms,64.064369
1779184101.545,/benchmark/latency_ms,85.709465
1779184101.590,/benchmark/latency_ms,83.585449
1779184101.636,/benchmark/latency_ms,78.698479
1779184101.680,/benchmark/latency_ms,75.748611
1779184101.723,/benchmark/latency_ms,72.560822
1779184101.769,/benchmark/latency_ms,69.328079
1779184101.816,/benchmark/latency_ms,90.431381
1779184101.871,/benchmark/latency_ms,85.446648
1779184101.912,/benchmark/latency_ms,81.498039
1779184101.950,/benchmark/latency_ms,76.641815
1779184101.995,/benchmark/latency_ms,70.135307
1779184102.041,/benchmark/latency_ms,90.508728
1779184102.088,/benchmark/latency_ms,85.359581
1779184102.137,/benchmark/latency_ms,78.877228
1779184102.189,/benchmark/latency_ms,72.118614
1779184102.233,/benchmark/latency_ms,91.937325
1779184102.267,/benchmark/latency_ms,85.062012
1779184102.322,/benchmark/latency_ms,78.786217
1779184102.356,/benchmark/latency_ms,74.434891
1779184102.412,/benchmark/latency_ms,69.673805
1779184102.446,/benchmark/latency_ms,65.723717
1779184102.491,/benchmark/latency_ms,86.852211
1779184102.535,/benchmark/latency_ms,82.106384
1779184102.580,/benchmark/latency_ms,77.482994
1779184102.625,/benchmark/latency_ms,72.673721
1779184102.681,/benchmark/latency_ms,69.239212
1779184102.714,/benchmark/latency_ms,88.438278
1779184102.771,/benchmark/latency_ms,84.032295
1779184102.803,/benchmark/latency_ms,79.564003
1779184102.848,/benchmark/latency_ms,75.297249
1779184102.892,/benchmark/latency_ms,69.685448
1779184102.937,/benchmark/latency_ms,65.246254
1779184102.984,/benchmark/latency_ms,86.075958
1779184103.027,/benchmark/latency_ms,81.801109
1779184103.076,/benchmark/latency_ms,77.216728
1779184103.125,/benchmark/latency_ms,71.335007
1779184103.172,/benchmark/latency_ms,66.804832
1779184103.209,/benchmark/latency_ms,89.177376
1779184103.256,/benchmark/latency_ms,82.441551
1779184103.299,/benchmark/latency_ms,77.440208
1779184103.343,/benchmark/latency_ms,70.602722
1779184103.388,/benchmark/latency_ms,87.010925
1779184103.431,/benchmark/latency_ms,77.664368
1779184103.475,/benchmark/latency_ms,68.115829
1779184103.519,/benchmark/latency_ms,85.159866
1779184103.564,/benchmark/latency_ms,76.809143
1779184103.610,/benchmark/latency_ms,69.239403
1779184103.658,/benchmark/latency_ms,67.667480
1779184103.701,/benchmark/latency_ms,88.728287
1779184103.745,/benchmark/latency_ms,83.845383
1779184103.801,/benchmark/latency_ms,75.824257
1779184103.833,/benchmark/latency_ms,66.482559
1779184103.877,/benchmark/latency_ms,83.820038
1779184103.923,/benchmark/latency_ms,73.975151
1779184103.965,/benchmark/latency_ms,90.841232
1779184104.009,/benchmark/latency_ms,81.544952
1779184104.053,/benchmark/latency_ms,72.938255
1779184104.099,/benchmark/latency_ms,91.081741
1779184104.141,/benchmark/latency_ms,82.020050
1779184104.184,/benchmark/latency_ms,71.819351
1779184104.229,/benchmark/latency_ms,89.431931
1779184104.285,/benchmark/latency_ms,79.998978
1779184104.317,/benchmark/latency_ms,71.031937
1779184104.362,/benchmark/latency_ms,87.816551
1779184104.406,/benchmark/latency_ms,78.718918
1779184104.448,/benchmark/latency_ms,69.227501
1779184104.494,/benchmark/latency_ms,86.804527
1779184104.538,/benchmark/latency_ms,77.261490
1779184104.581,/benchmark/latency_ms,67.705719
1779184104.624,/benchmark/latency_ms,85.280472
1779184104.668,/benchmark/latency_ms,76.071487
1779184104.712,/benchmark/latency_ms,66.247490
1779184104.754,/benchmark/latency_ms,83.049324
1779184104.798,/benchmark/latency_ms,71.963638
1779184104.843,/benchmark/latency_ms,89.790459
1779184104.890,/benchmark/latency_ms,81.137909
1779184104.932,/benchmark/latency_ms,71.665276
1779184104.977,/benchmark/latency_ms,88.731773
1779184105.019,/benchmark/latency_ms,78.734955
1779184105.062,/benchmark/latency_ms,68.475952
1779184105.108,/benchmark/latency_ms,85.723480
1779184105.151,/benchmark/latency_ms,78.023857
1779184105.199,/benchmark/latency_ms,72.346329
1779184105.244,/benchmark/latency_ms,69.625580
1779184105.290,/benchmark/latency_ms,66.769661
1779184105.334,/benchmark/latency_ms,88.214851
1779184105.379,/benchmark/latency_ms,85.890450
1779184105.425,/benchmark/latency_ms,81.929489
1779184105.470,/benchmark/latency_ms,77.677521
1779184105.513,/benchmark/latency_ms,74.054153
1779184105.560,/benchmark/latency_ms,69.945801
1779184105.616,/benchmark/latency_ms,66.231361
1779184105.650,/benchmark/latency_ms,87.279182
1779184105.694,/benchmark/latency_ms,83.269257
1779184105.738,/benchmark/latency_ms,78.692810
1779184105.781,/benchmark/latency_ms,74.337227
1779184105.826,/benchmark/latency_ms,70.057640
1779184105.873,/benchmark/latency_ms,65.905479
1779184105.920,/benchmark/latency_ms,86.657906
1779184105.965,/benchmark/latency_ms,82.780876
1779184106.005,/benchmark/latency_ms,78.141136
1779184106.050,/benchmark/latency_ms,73.858093
1779184106.096,/benchmark/latency_ms,69.093163
1779184106.142,/benchmark/latency_ms,65.357094
1779184106.186,/benchmark/latency_ms,86.130287
1779184106.231,/benchmark/latency_ms,80.169502
1779184106.277,/benchmark/latency_ms,73.269073
1779184106.321,/benchmark/latency_ms,67.418396
1779184106.368,/benchmark/latency_ms,87.605797
1779184106.412,/benchmark/latency_ms,80.840218
1779184106.460,/benchmark/latency_ms,75.464638
1779184106.513,/benchmark/latency_ms,70.395714
1779184106.547,/benchmark/latency_ms,90.196884
1779184106.591,/benchmark/latency_ms,83.599625
1779184106.635,/benchmark/latency_ms,76.811638
1779184106.682,/benchmark/latency_ms,69.831879
1779184106.724,/benchmark/latency_ms,89.915413
1779184106.768,/benchmark/latency_ms,84.013824
1779184106.813,/benchmark/latency_ms,77.715950
1779184106.858,/benchmark/latency_ms,71.673340
1779184106.903,/benchmark/latency_ms,91.481644
1779184106.963,/benchmark/latency_ms,86.343536
1779184106.997,/benchmark/latency_ms,80.094940
1779184107.040,/benchmark/latency_ms,73.828873
1779184107.085,/benchmark/latency_ms,68.037682
1779184107.134,/benchmark/latency_ms,89.804276
1779184107.177,/benchmark/latency_ms,82.114380
1779184107.221,/benchmark/latency_ms,75.446236
1779184107.267,/benchmark/latency_ms,68.918541
1779184107.312,/benchmark/latency_ms,88.556160
1779184107.366,/benchmark/latency_ms,82.142609
1779184107.401,/benchmark/latency_ms,75.282013
1779184107.446,/benchmark/latency_ms,68.757584
1779184107.491,/benchmark/latency_ms,88.554306
1779184107.534,/benchmark/latency_ms,81.675026
1779184107.578,/benchmark/latency_ms,75.133087
1779184107.625,/benchmark/latency_ms,69.081841
1779184107.670,/benchmark/latency_ms,88.985306
1779184107.713,/benchmark/latency_ms,82.675148
1779184107.759,/benchmark/latency_ms,77.063347
1779184107.803,/benchmark/latency_ms,71.283745
1779184107.847,/benchmark/latency_ms,91.868042
1779184107.894,/benchmark/latency_ms,84.561790
1779184107.939,/benchmark/latency_ms,79.015656
1779184107.984,/benchmark/latency_ms,73.059502
1779184108.041,/benchmark/latency_ms,92.344994
1779184108.085,/benchmark/latency_ms,85.807442
1779184108.121,/benchmark/latency_ms,79.728226
1779184108.162,/benchmark/latency_ms,74.342979
1779184108.212,/benchmark/latency_ms,69.976997
1779184108.258,/benchmark/latency_ms,90.183571
1779184108.301,/benchmark/latency_ms,81.678032
1779184108.346,/benchmark/latency_ms,74.276039
1779184108.392,/benchmark/latency_ms,69.903748
1779184108.435,/benchmark/latency_ms,65.799393
1779184108.480,/benchmark/latency_ms,86.609009
1779184108.525,/benchmark/latency_ms,82.771461
1779184108.573,/benchmark/latency_ms,78.974533
1779184108.613,/benchmark/latency_ms,74.222794
1779184108.658,/benchmark/latency_ms,69.967850
1779184108.714,/benchmark/latency_ms,65.499977
1779184108.748,/benchmark/latency_ms,86.317101
1779184108.794,/benchmark/latency_ms,81.767632
1779184108.838,/benchmark/latency_ms,77.576401
1779184108.881,/benchmark/latency_ms,74.070251
1779184108.925,/benchmark/latency_ms,69.084015
1779184108.969,/benchmark/latency_ms,64.708939
1779184109.014,/benchmark/latency_ms,85.102135
1779184109.058,/benchmark/latency_ms,80.725594
1779184109.104,/benchmark/latency_ms,76.228249
1779184109.147,/benchmark/latency_ms,71.505402
1779184109.191,/benchmark/latency_ms,66.958298
1779184109.235,/benchmark/latency_ms,87.132652
1779184109.280,/benchmark/latency_ms,83.311234
1779184109.324,/benchmark/latency_ms,79.149635
1779184109.370,/benchmark/latency_ms,75.922073
1779184109.416,/benchmark/latency_ms,71.053566
1779184109.462,/benchmark/latency_ms,66.773628
1779184109.505,/benchmark/latency_ms,86.962349
1779184109.548,/benchmark/latency_ms,82.935463
1779184109.594,/benchmark/latency_ms,78.288681
1779184109.637,/benchmark/latency_ms,74.057259
1779184109.680,/benchmark/latency_ms,69.104073
1779184109.725,/benchmark/latency_ms,64.670601
1779184109.772,/benchmark/latency_ms,86.782440
1779184109.828,/benchmark/latency_ms,82.555565
1779184109.862,/benchmark/latency_ms,78.071564
1779184109.907,/benchmark/latency_ms,73.977417
1779184109.951,/benchmark/latency_ms,69.465576
1779184109.994,/benchmark/latency_ms,64.821709
1779184110.041,/benchmark/latency_ms,85.846863
1779184110.086,/benchmark/latency_ms,81.251762
1779184110.128,/benchmark/latency_ms,77.122322
1779184110.184,/benchmark/latency_ms,72.287956
1779184110.239,/benchmark/latency_ms,65.065292
1779184110.283,/benchmark/latency_ms,85.921684
1779184110.328,/benchmark/latency_ms,81.787918
1779184110.374,/benchmark/latency_ms,77.588013
1779184110.422,/benchmark/latency_ms,72.494514
1779184110.460,/benchmark/latency_ms,68.273972
1779184110.506,/benchmark/latency_ms,88.513115
1779184110.553,/benchmark/latency_ms,85.194168
1779184110.596,/benchmark/latency_ms,80.190109
1779184110.640,/benchmark/latency_ms,76.139893
1779184110.684,/benchmark/latency_ms,71.816216
1779184110.729,/benchmark/latency_ms,67.753937
1779184110.775,/benchmark/latency_ms,87.699944
1779184110.818,/benchmark/latency_ms,83.265541
1779184110.874,/benchmark/latency_ms,78.665222
1779184110.908,/benchmark/latency_ms,73.866310
1779184110.950,/benchmark/latency_ms,68.514511
1779184110.996,/benchmark/latency_ms,88.519867
1779184111.040,/benchmark/latency_ms,85.079895
1779184111.086,/benchmark/latency_ms,81.108147
1779184111.129,/benchmark/latency_ms,77.467628
1779184111.174,/benchmark/latency_ms,97.635712
1779184111.219,/benchmark/latency_ms,69.208237
1779184111.263,/benchmark/latency_ms,89.383095
1779184111.309,/benchmark/latency_ms,85.867310
1779184111.352,/benchmark/latency_ms,80.730354
1779184111.399,/benchmark/latency_ms,76.398743
1779184111.453,/benchmark/latency_ms,72.039474
1779184111.485,/benchmark/latency_ms,67.699287
1779184111.532,/benchmark/latency_ms,88.379387
1779184111.577,/benchmark/latency_ms,84.323898
1779184111.624,/benchmark/latency_ms,81.013748
1779184111.668,/benchmark/latency_ms,76.242455
1779184111.712,/benchmark/latency_ms,69.506439
1779184111.759,/benchmark/latency_ms,89.719124
1779184111.802,/benchmark/latency_ms,83.201988
1779184111.847,/benchmark/latency_ms,76.244759
1779184111.892,/benchmark/latency_ms,69.120232
1779184111.937,/benchmark/latency_ms,88.869850
1779184111.983,/benchmark/latency_ms,81.579277
1779184112.026,/benchmark/latency_ms,73.819115
1779184112.072,/benchmark/latency_ms,67.670837
1779184112.116,/benchmark/latency_ms,87.166725
1779184112.159,/benchmark/latency_ms,80.454651
1779184112.218,/benchmark/latency_ms,73.262764
1779184112.251,/benchmark/latency_ms,67.121880
1779184112.297,/benchmark/latency_ms,87.394760
1779184112.340,/benchmark/latency_ms,81.260078
1779184112.395,/benchmark/latency_ms,75.041023
1779184112.431,/benchmark/latency_ms,68.101685
1779184112.475,/benchmark/latency_ms,87.965698
1779184112.521,/benchmark/latency_ms,81.636017
1779184112.565,/benchmark/latency_ms,77.014740
1779184112.608,/benchmark/latency_ms,72.371315
1779184112.654,/benchmark/latency_ms,68.116882
1779184112.698,/benchmark/latency_ms,88.035011
1779184112.741,/benchmark/latency_ms,84.039963
1779184112.786,/benchmark/latency_ms,79.224991
1779184112.832,/benchmark/latency_ms,74.759232
1779184112.874,/benchmark/latency_ms,69.979301
1779184112.922,/benchmark/latency_ms,65.732964
1779184112.965,/benchmark/latency_ms,86.015694
1779184113.009,/benchmark/latency_ms,81.147758
1779184113.052,/benchmark/latency_ms,76.171928
1779184113.096,/benchmark/latency_ms,70.619934
1779184113.140,/benchmark/latency_ms,65.351585
1779184113.185,/benchmark/latency_ms,85.760529
1779184113.231,/benchmark/latency_ms,80.826294
1779184113.274,/benchmark/latency_ms,76.550224
1779184113.318,/benchmark/latency_ms,71.210426
1779184113.362,/benchmark/latency_ms,65.873764
1779184113.407,/benchmark/latency_ms,86.425423
1779184113.465,/benchmark/latency_ms,81.619728
1779184113.496,/benchmark/latency_ms,76.982002
1779184113.540,/benchmark/latency_ms,71.653526
1779184113.595,/benchmark/latency_ms,67.331512
1779184113.632,/benchmark/latency_ms,87.551781
1779184113.674,/benchmark/latency_ms,83.201088
1779184113.730,/benchmark/latency_ms,78.578659
1779184113.762,/benchmark/latency_ms,73.469963
1779184113.806,/benchmark/latency_ms,68.759148
1779184113.852,/benchmark/latency_ms,65.006279
1779184113.897,/benchmark/latency_ms,85.739952
1779184113.944,/benchmark/latency_ms,80.619987
1779184113.987,/benchmark/latency_ms,75.850777
1779184114.040,/benchmark/latency_ms,70.546562
1779184114.075,/benchmark/latency_ms,90.279442
1779184114.122,/benchmark/latency_ms,86.956360
1779184114.166,/benchmark/latency_ms,82.519623
1779184114.211,/benchmark/latency_ms,78.707939
1779184114.256,/benchmark/latency_ms,74.584419
1779184114.301,/benchmark/latency_ms,70.454849
1779184114.346,/benchmark/latency_ms,66.525497
1779184114.392,/benchmark/latency_ms,88.133598
1779184114.438,/benchmark/latency_ms,84.376602
1779184114.483,/benchmark/latency_ms,80.141174
1779184114.528,/benchmark/latency_ms,75.273148
1779184114.572,/benchmark/latency_ms,70.109154
1779184114.619,/benchmark/latency_ms,66.322586
1779184114.665,/benchmark/latency_ms,87.583359
1779184114.709,/benchmark/latency_ms,84.146362
1779184114.754,/benchmark/latency_ms,79.818710
1779184114.799,/benchmark/latency_ms,76.060692
1779184114.844,/benchmark/latency_ms,71.998360
1779184114.891,/benchmark/latency_ms,68.465454
1779184114.935,/benchmark/latency_ms,88.697334
1779184114.981,/benchmark/latency_ms,85.352692
1779184115.026,/benchmark/latency_ms,81.899818
1779184115.072,/benchmark/latency_ms,78.458054
1779184115.115,/benchmark/latency_ms,74.139969
1779184115.161,/benchmark/latency_ms,70.344444
1779184115.205,/benchmark/latency_ms,66.317307
1779184115.251,/benchmark/latency_ms,87.715012
1779184115.298,/benchmark/latency_ms,84.185402
1779184115.352,/benchmark/latency_ms,79.577339
1779184115.398,/benchmark/latency_ms,75.682076
1779184115.433,/benchmark/latency_ms,71.426231
1779184115.477,/benchmark/latency_ms,68.075470
1779184115.522,/benchmark/latency_ms,88.587288
1779184115.569,/benchmark/latency_ms,84.787895
1779184115.613,/benchmark/latency_ms,80.823471
1779184115.659,/benchmark/latency_ms,77.286697
1779184115.714,/benchmark/latency_ms,72.782768
1779184115.750,/benchmark/latency_ms,69.363556
1779184115.795,/benchmark/latency_ms,66.480728
1779184115.852,/benchmark/latency_ms,87.601250
1779184115.888,/benchmark/latency_ms,85.314705
1779184115.931,/benchmark/latency_ms,81.435921
1779184115.979,/benchmark/latency_ms,78.719521
1779184116.023,/benchmark/latency_ms,70.919518
1779184116.070,/benchmark/latency_ms,87.729439
1779184116.112,/benchmark/latency_ms,78.107620
1779184116.156,/benchmark/latency_ms,74.858719
1779184116.204,/benchmark/latency_ms,70.488960
1779184116.247,/benchmark/latency_ms,65.422180
1779184116.292,/benchmark/latency_ms,86.287369
1779184116.336,/benchmark/latency_ms,81.765160
1779184116.382,/benchmark/latency_ms,77.250351
1779184116.425,/benchmark/latency_ms,72.800400
1779184116.480,/benchmark/latency_ms,67.988235
1779184116.513,/benchmark/latency_ms,87.653091
1779184116.559,/benchmark/latency_ms,82.358597
1779184116.601,/benchmark/latency_ms,77.309837
1779184116.646,/benchmark/latency_ms,72.858826
1779184116.689,/benchmark/latency_ms,68.436172
1779184116.733,/benchmark/latency_ms,88.167099
1779184116.778,/benchmark/latency_ms,83.756958
1779184116.832,/benchmark/latency_ms,79.055138
1779184116.866,/benchmark/latency_ms,74.450722
1779184116.909,/benchmark/latency_ms,68.759911
1779184116.955,/benchmark/latency_ms,88.915894
1779184117.000,/benchmark/latency_ms,85.406097
1779184117.048,/benchmark/latency_ms,81.220879
1779184117.090,/benchmark/latency_ms,76.627182
1779184117.136,/benchmark/latency_ms,71.816246
1779184117.181,/benchmark/latency_ms,67.673103
1779184117.226,/benchmark/latency_ms,87.864189
1779184117.271,/benchmark/latency_ms,83.382011
1779184117.315,/benchmark/latency_ms,78.561668
1779184117.370,/benchmark/latency_ms,74.044098
1779184117.403,/benchmark/latency_ms,69.744614
1779184117.448,/benchmark/latency_ms,90.136009
1779184117.493,/benchmark/latency_ms,85.813393
1779184117.550,/benchmark/latency_ms,81.683464
1779184117.583,/benchmark/latency_ms,77.676231
1779184117.628,/benchmark/latency_ms,70.921982
1779184117.674,/benchmark/latency_ms,90.237709
1779184117.718,/benchmark/latency_ms,82.625191
1779184117.761,/benchmark/latency_ms,76.460976
1779184117.805,/benchmark/latency_ms,70.024864
1779184117.851,/benchmark/latency_ms,88.698647
1779184117.894,/benchmark/latency_ms,79.389694
1779184117.938,/benchmark/latency_ms,70.769882
1779184117.993,/benchmark/latency_ms,88.508537
1779184118.028,/benchmark/latency_ms,79.021568
1779184118.071,/benchmark/latency_ms,70.172386
1779184118.116,/benchmark/latency_ms,87.035873
1779184118.159,/benchmark/latency_ms,78.938522
1779184118.215,/benchmark/latency_ms,70.671707
1779184118.261,/benchmark/latency_ms,88.870392
1779184118.292,/benchmark/latency_ms,79.865723
1779184118.337,/benchmark/latency_ms,71.451927
1779184118.381,/benchmark/latency_ms,88.588409
1779184118.425,/benchmark/latency_ms,79.442520
1779184118.471,/benchmark/latency_ms,69.622147
1779184118.514,/benchmark/latency_ms,87.533119
1779184118.559,/benchmark/latency_ms,77.773445
1779184118.603,/benchmark/latency_ms,68.128654
1779184118.647,/benchmark/latency_ms,85.616234
1779184118.691,/benchmark/latency_ms,77.053482
1779184118.733,/benchmark/latency_ms,67.718643
1779184118.779,/benchmark/latency_ms,85.352783
1779184118.823,/benchmark/latency_ms,76.825455
1779184118.867,/benchmark/latency_ms,67.918800
1779184118.911,/benchmark/latency_ms,85.534897
1779184118.954,/benchmark/latency_ms,77.040367
1779184119.000,/benchmark/latency_ms,67.743187
1779184119.056,/benchmark/latency_ms,87.155075
1779184119.091,/benchmark/latency_ms,79.495804
1779184119.135,/benchmark/latency_ms,77.391754
1779184119.179,/benchmark/latency_ms,72.809868
1779184119.223,/benchmark/latency_ms,66.564186
1779184119.265,/benchmark/latency_ms,84.652916
1779184119.312,/benchmark/latency_ms,77.441223
1779184119.360,/benchmark/latency_ms,72.630447
1779184119.403,/benchmark/latency_ms,69.393700
1779184119.458,/benchmark/latency_ms,89.823021
1779184119.494,/benchmark/latency_ms,81.100235
1779184119.537,/benchmark/latency_ms,71.797714
1779184119.592,/benchmark/latency_ms,88.931030
1779184119.625,/benchmark/latency_ms,81.683655
1779184119.672,/benchmark/latency_ms,77.436172
1779184119.720,/benchmark/latency_ms,75.686394
1779184119.764,/benchmark/latency_ms,71.629623
1779184119.807,/benchmark/latency_ms,66.517754
1779184119.851,/benchmark/latency_ms,85.223373
1779184119.897,/benchmark/latency_ms,77.265259
1779184119.944,/benchmark/latency_ms,71.679794
1779184119.987,/benchmark/latency_ms,68.453293
1779184120.034,/benchmark/latency_ms,88.880119
1779184120.076,/benchmark/latency_ms,79.126846
1779184120.121,/benchmark/latency_ms,70.623070
1779184120.169,/benchmark/latency_ms,90.846825
1779184120.212,/benchmark/latency_ms,86.258820
1779184120.258,/benchmark/latency_ms,82.298309
1779184120.303,/benchmark/latency_ms,76.813934
1779184120.348,/benchmark/latency_ms,66.240280
1779184120.391,/benchmark/latency_ms,83.739418
1779184120.439,/benchmark/latency_ms,77.595779
1779184120.484,/benchmark/latency_ms,72.924683
1779184120.530,/benchmark/latency_ms,70.223457
1779184120.575,/benchmark/latency_ms,66.959953
1779184120.621,/benchmark/latency_ms,83.203392
1779184120.665,/benchmark/latency_ms,75.904495
1779184120.706,/benchmark/latency_ms,70.373337
1779184120.751,/benchmark/latency_ms,91.209671
1779184120.799,/benchmark/latency_ms,86.798500
1779184120.843,/benchmark/latency_ms,81.281097
1779184120.888,/benchmark/latency_ms,78.361984
1779184120.949,/benchmark/latency_ms,65.226944
1779184120.994,/benchmark/latency_ms,85.402512
1779184121.038,/benchmark/latency_ms,80.769135
1779184121.084,/benchmark/latency_ms,76.733681
1779184121.130,/benchmark/latency_ms,73.986275
1779184121.175,/benchmark/latency_ms,69.450562
1779184121.221,/benchmark/latency_ms,87.606079
1779184121.267,/benchmark/latency_ms,76.670319
1779184121.314,/benchmark/latency_ms,95.785378
1779184121.360,/benchmark/latency_ms,90.277351
1779184121.405,/benchmark/latency_ms,87.352158
1779184121.452,/benchmark/latency_ms,108.509125
1779184121.495,/benchmark/latency_ms,73.539238
1779184121.543,/benchmark/latency_ms,65.673599
1779184121.588,/benchmark/latency_ms,83.985786
1779184121.634,/benchmark/latency_ms,78.588608
1779184121.677,/benchmark/latency_ms,74.510078
1779184121.733,/benchmark/latency_ms,70.942841
1779184121.768,/benchmark/latency_ms,92.600182
1779184121.813,/benchmark/latency_ms,86.140968
1779184121.858,/benchmark/latency_ms,79.735832
1779184121.905,/benchmark/latency_ms,75.263863
1779184121.952,/benchmark/latency_ms,70.089020
1779184121.996,/benchmark/latency_ms,90.470474
1779184122.043,/benchmark/latency_ms,84.067955
1779184122.088,/benchmark/latency_ms,79.060570
1779184122.133,/benchmark/latency_ms,73.299400
1779184122.179,/benchmark/latency_ms,92.898453
1779184122.222,/benchmark/latency_ms,86.859489
1779184122.266,/benchmark/latency_ms,81.351021
1779184122.313,/benchmark/latency_ms,76.118225
1779184122.360,/benchmark/latency_ms,71.413910
1779184122.408,/benchmark/latency_ms,92.891830
1779184122.452,/benchmark/latency_ms,87.999771
1779184122.498,/benchmark/latency_ms,81.684586
1779184122.544,/benchmark/latency_ms,79.518837
1779184122.589,/benchmark/latency_ms,77.650787
1779184122.635,/benchmark/latency_ms,72.694984
1779184122.681,/benchmark/latency_ms,93.906029
1779184122.727,/benchmark/latency_ms,85.895142
1779184122.771,/benchmark/latency_ms,79.431992
1779184122.816,/benchmark/latency_ms,76.172562
1779184122.864,/benchmark/latency_ms,74.669662
1779184122.910,/benchmark/latency_ms,71.246902
1779184122.954,/benchmark/latency_ms,68.531624
1779184123.000,/benchmark/latency_ms,66.313271
1779184123.044,/benchmark/latency_ms,86.907074
1779184123.088,/benchmark/latency_ms,83.110970
1779184123.134,/benchmark/latency_ms,74.574554
1779184123.188,/benchmark/latency_ms,92.261047
1779184123.224,/benchmark/latency_ms,86.026855
1779184123.271,/benchmark/latency_ms,78.840477
1779184123.317,/benchmark/latency_ms,75.004089
1779184123.363,/benchmark/latency_ms,69.395493
1779184123.407,/benchmark/latency_ms,88.978577
1779184123.451,/benchmark/latency_ms,82.405121
1779184123.495,/benchmark/latency_ms,75.693237
1779184123.540,/benchmark/latency_ms,67.258514
1779184123.585,/benchmark/latency_ms,87.337212
1779184123.631,/benchmark/latency_ms,80.779533
1779184123.675,/benchmark/latency_ms,74.984886
1779184123.721,/benchmark/latency_ms,68.212967
1779184123.765,/benchmark/latency_ms,88.747124
1779184123.822,/benchmark/latency_ms,83.233437
1779184123.856,/benchmark/latency_ms,76.215950
1779184123.901,/benchmark/latency_ms,69.095009
1779184123.944,/benchmark/latency_ms,89.172371
1779184123.989,/benchmark/latency_ms,83.142876
1779184124.032,/benchmark/latency_ms,77.031143
1779184124.076,/benchmark/latency_ms,70.925591
1779184124.126,/benchmark/latency_ms,91.837883
1779184124.172,/benchmark/latency_ms,86.721603
1779184124.216,/benchmark/latency_ms,82.240356
1779184124.263,/benchmark/latency_ms,74.340256
1779184124.306,/benchmark/latency_ms,66.473526
1779184124.351,/benchmark/latency_ms,86.062248
1779184124.394,/benchmark/latency_ms,80.974220
1779184124.440,/benchmark/latency_ms,76.112556
1779184124.486,/benchmark/latency_ms,72.340813
1779184124.541,/benchmark/latency_ms,90.887360
1779184124.573,/benchmark/latency_ms,82.602753
1779184124.618,/benchmark/latency_ms,77.804031
1779184124.661,/benchmark/latency_ms,72.302696
1779184124.706,/benchmark/latency_ms,67.864105
1779184124.751,/benchmark/latency_ms,88.269043
1779184124.796,/benchmark/latency_ms,83.807991
1779184124.840,/benchmark/latency_ms,79.279510
1779184124.884,/benchmark/latency_ms,71.181335
1779184124.930,/benchmark/latency_ms,65.833015
1779184124.974,/benchmark/latency_ms,86.766754
1779184125.020,/benchmark/latency_ms,81.817734
1779184125.062,/benchmark/latency_ms,76.277840
1779184125.119,/benchmark/latency_ms,72.940422
1779184125.154,/benchmark/latency_ms,68.289162
1779184125.198,/benchmark/latency_ms,88.098488
1779184125.241,/benchmark/latency_ms,83.234810
1779184125.287,/benchmark/latency_ms,78.380989
1779184125.330,/benchmark/latency_ms,73.430206
1779184125.373,/benchmark/latency_ms,68.523209
1779184125.421,/benchmark/latency_ms,88.747284
1779184125.463,/benchmark/latency_ms,84.026962
1779184125.509,/benchmark/latency_ms,79.283287
1779184125.552,/benchmark/latency_ms,74.107712
1779184125.596,/benchmark/latency_ms,68.580582
1779184125.639,/benchmark/latency_ms,87.820793
1779184125.685,/benchmark/latency_ms,83.485687
1779184125.733,/benchmark/latency_ms,83.756531
1779184125.779,/benchmark/latency_ms,81.549446
1779184125.824,/benchmark/latency_ms,75.742546
1779184125.868,/benchmark/latency_ms,66.331001
1779184125.916,/benchmark/latency_ms,85.430824
1779184125.958,/benchmark/latency_ms,76.391754
1779184126.004,/benchmark/latency_ms,67.763306
1779184126.047,/benchmark/latency_ms,85.239113
1779184126.092,/benchmark/latency_ms,77.081032
1779184126.136,/benchmark/latency_ms,68.587585
1779184126.184,/benchmark/latency_ms,88.470032
1779184126.228,/benchmark/latency_ms,81.200363
1779184126.276,/benchmark/latency_ms,78.293694
1779184126.319,/benchmark/latency_ms,74.242302
1779184126.363,/benchmark/latency_ms,68.722984
1779184126.410,/benchmark/latency_ms,87.021179
1779184126.452,/benchmark/latency_ms,78.469467
1779184126.498,/benchmark/latency_ms,70.875351
1779184126.542,/benchmark/latency_ms,88.543602
1779184126.587,/benchmark/latency_ms,79.692436
1779184126.634,/benchmark/latency_ms,73.223686
1779184126.680,/benchmark/latency_ms,71.134224
1779184126.723,/benchmark/latency_ms,68.229385
1779184126.768,/benchmark/latency_ms,89.475822
1779184126.813,/benchmark/latency_ms,81.008263
1779184126.856,/benchmark/latency_ms,71.892365
1779184126.901,/benchmark/latency_ms,90.011238
1779184126.948,/benchmark/latency_ms,82.079651
1779184126.992,/benchmark/latency_ms,73.313667
1779184127.037,/benchmark/latency_ms,91.454781
1779184127.085,/benchmark/latency_ms,83.414230
1779184127.127,/benchmark/latency_ms,75.090294
1779184127.170,/benchmark/latency_ms,67.057426
1779184127.215,/benchmark/latency_ms,85.236237
1779184127.261,/benchmark/latency_ms,77.031364
1779184127.304,/benchmark/latency_ms,68.517410
1779184127.352,/benchmark/latency_ms,88.382996
1779184127.395,/benchmark/latency_ms,79.594742
1779184127.452,/benchmark/latency_ms,72.495621
1779184127.486,/benchmark/latency_ms,92.080345
1779184127.532,/benchmark/latency_ms,85.671402
1779184127.579,/benchmark/latency_ms,80.488205
1779184127.625,/benchmark/latency_ms,75.612244
1779184127.670,/benchmark/latency_ms,70.682938
1779184127.715,/benchmark/latency_ms,91.345535
1779184127.761,/benchmark/latency_ms,85.255882
1779184127.807,/benchmark/latency_ms,80.592911
1779184127.853,/benchmark/latency_ms,75.773872
1779184127.898,/benchmark/latency_ms,69.935326
1779184127.946,/benchmark/latency_ms,90.426819
1779184128.001,/benchmark/latency_ms,84.653168
1779184128.035,/benchmark/latency_ms,79.827637
1779184128.081,/benchmark/latency_ms,74.959290
1779184128.126,/benchmark/latency_ms,69.593338
1779184128.172,/benchmark/latency_ms,90.085060
1779184128.219,/benchmark/latency_ms,84.221939
1779184128.263,/benchmark/latency_ms,78.659866
1779184128.308,/benchmark/latency_ms,72.507751
1779184128.354,/benchmark/latency_ms,92.897873
1779184128.413,/benchmark/latency_ms,87.037437
1779184128.445,/benchmark/latency_ms,81.199593
1779184128.492,/benchmark/latency_ms,75.835922
1779184128.547,/benchmark/latency_ms,69.831001
1779184128.584,/benchmark/latency_ms,90.765633
1779184128.629,/benchmark/latency_ms,84.908333
1779184128.674,/benchmark/latency_ms,79.264153
1779184128.718,/benchmark/latency_ms,71.600594
1779184128.761,/benchmark/latency_ms,91.193375
1779184128.806,/benchmark/latency_ms,84.578957
1779184128.851,/benchmark/latency_ms,79.015770
1779184128.896,/benchmark/latency_ms,71.652176
1779184128.943,/benchmark/latency_ms,91.823830
1779184128.986,/benchmark/latency_ms,85.511078
1779184129.031,/benchmark/latency_ms,79.145493
1779184129.077,/benchmark/latency_ms,72.690117
1779184129.120,/benchmark/latency_ms,66.546288
1779184129.165,/benchmark/latency_ms,85.940262
1779184129.210,/benchmark/latency_ms,80.622826
1779184129.257,/benchmark/latency_ms,76.724236
1779184129.304,/benchmark/latency_ms,71.463661
1779184129.353,/benchmark/latency_ms,92.300919
1779184129.394,/benchmark/latency_ms,85.570503
1779184129.444,/benchmark/latency_ms,77.219009
1779184129.488,/benchmark/latency_ms,68.413475
1779184129.532,/benchmark/latency_ms,86.815201
1779184129.576,/benchmark/latency_ms,77.289474
1779184129.622,/benchmark/latency_ms,69.785660
1779184129.665,/benchmark/latency_ms,87.826195
1779184129.708,/benchmark/latency_ms,80.096939
1779184129.754,/benchmark/latency_ms,71.281715
1779184129.799,/benchmark/latency_ms,89.650314
1779184129.845,/benchmark/latency_ms,80.819626
1779184129.889,/benchmark/latency_ms,71.222450
1779184129.932,/benchmark/latency_ms,89.349068
1779184129.976,/benchmark/latency_ms,80.787109
1779184130.022,/benchmark/latency_ms,71.373009
1779184130.067,/benchmark/latency_ms,89.581001
1779184130.110,/benchmark/latency_ms,79.909454
1779184130.165,/benchmark/latency_ms,71.547180
1779184130.199,/benchmark/latency_ms,89.460197
1779184130.242,/benchmark/latency_ms,80.385162
1779184130.299,/benchmark/latency_ms,70.899605
1779184130.330,/benchmark/latency_ms,88.499474
1779184130.374,/benchmark/latency_ms,79.471443
1779184130.417,/benchmark/latency_ms,70.804497
1779184130.462,/benchmark/latency_ms,88.641838
1779184130.506,/benchmark/latency_ms,80.076591
1779184130.551,/benchmark/latency_ms,70.709747
1779184130.595,/benchmark/latency_ms,88.501358
1779184130.637,/benchmark/latency_ms,78.960091
1779184130.681,/benchmark/latency_ms,69.234909
1779184130.725,/benchmark/latency_ms,87.172600
1779184130.769,/benchmark/latency_ms,77.349731
1779184130.812,/benchmark/latency_ms,67.575691
1779184130.856,/benchmark/latency_ms,85.078377
1779184130.900,/benchmark/latency_ms,76.663048
1779184130.944,/benchmark/latency_ms,67.915558
1779184130.989,/benchmark/latency_ms,85.970306
1779184131.035,/benchmark/latency_ms,76.631973
1779184131.078,/benchmark/latency_ms,68.100105
1779184131.124,/benchmark/latency_ms,86.174812
1779184131.167,/benchmark/latency_ms,77.379494
1779184131.211,/benchmark/latency_ms,94.217506
1779184131.255,/benchmark/latency_ms,84.914925
1779184131.301,/benchmark/latency_ms,76.217804
1779184131.343,/benchmark/latency_ms,67.813286
1779184131.389,/benchmark/latency_ms,87.157242
1779184131.446,/benchmark/latency_ms,105.000404
1779184131.479,/benchmark/latency_ms,71.050545
1779184131.524,/benchmark/latency_ms,89.779716
1779184131.571,/benchmark/latency_ms,81.340736
1779184131.611,/benchmark/latency_ms,71.854057
1779184131.656,/benchmark/latency_ms,89.735527
1779184131.700,/benchmark/latency_ms,78.971252
1779184131.745,/benchmark/latency_ms,69.456413
1779184131.789,/benchmark/latency_ms,87.313110
1779184131.834,/benchmark/latency_ms,81.472321
1779184131.878,/benchmark/latency_ms,73.587708
1779184131.922,/benchmark/latency_ms,90.890747
1779184131.978,/benchmark/latency_ms,81.613350
1779184132.010,/benchmark/latency_ms,72.943268
1779184132.063,/benchmark/latency_ms,66.191093
1779184132.098,/benchmark/latency_ms,83.849037
1779184132.140,/benchmark/latency_ms,77.188705
1779184132.184,/benchmark/latency_ms,69.503098
1779184132.229,/benchmark/latency_ms,87.670418
1779184132.282,/benchmark/latency_ms,80.816231
1779184132.315,/benchmark/latency_ms,72.987717
1779184132.370,/benchmark/latency_ms,65.954002
1779184132.402,/benchmark/latency_ms,84.293457
1779184132.446,/benchmark/latency_ms,76.914726
1779184132.489,/benchmark/latency_ms,69.416122
1779184132.533,/benchmark/latency_ms,87.073753
1779184132.578,/benchmark/latency_ms,79.800591
1779184132.620,/benchmark/latency_ms,72.644356
1779184132.664,/benchmark/latency_ms,65.244858
1779184132.719,/benchmark/latency_ms,82.763191
1779184132.751,/benchmark/latency_ms,75.917099
1779184132.796,/benchmark/latency_ms,68.230789
1779184132.838,/benchmark/latency_ms,86.552414
1779184132.882,/benchmark/latency_ms,79.872147
1779184132.925,/benchmark/latency_ms,72.542625
1779184132.969,/benchmark/latency_ms,64.755905
1779184133.014,/benchmark/latency_ms,83.178642
1779184133.057,/benchmark/latency_ms,76.643272
1779184133.102,/benchmark/latency_ms,69.384926
1779184133.156,/benchmark/latency_ms,87.222519
1779184133.188,/benchmark/latency_ms,80.236809
1779184133.233,/benchmark/latency_ms,72.275879
1779184133.276,/benchmark/latency_ms,65.224380
1779184133.324,/benchmark/latency_ms,84.628136
1779184133.367,/benchmark/latency_ms,78.555832
1779184133.409,/benchmark/latency_ms,73.379166
1779184133.456,/benchmark/latency_ms,90.926872
1779184133.498,/benchmark/latency_ms,80.917030
1779184133.553,/benchmark/latency_ms,70.758575
1779184133.588,/benchmark/latency_ms,90.987328
1779184133.635,/benchmark/latency_ms,86.477280
1779184133.681,/benchmark/latency_ms,83.079033
1779184133.726,/benchmark/latency_ms,77.499870
1779184133.769,/benchmark/latency_ms,69.882042
1779184133.815,/benchmark/latency_ms,65.425880
1779184133.860,/benchmark/latency_ms,86.077499
1779184133.903,/benchmark/latency_ms,81.137352
1779184133.947,/benchmark/latency_ms,76.517639
1779184133.992,/benchmark/latency_ms,69.104385
1779184134.036,/benchmark/latency_ms,89.868134
1779184134.081,/benchmark/latency_ms,80.325226
1779184134.128,/benchmark/latency_ms,70.747375
1779184134.174,/benchmark/latency_ms,88.770447
1779184134.216,/benchmark/latency_ms,80.203499
1779184134.259,/benchmark/latency_ms,70.916756
1779184134.303,/benchmark/latency_ms,88.046867
1779184134.348,/benchmark/latency_ms,77.776794
1779184134.389,/benchmark/latency_ms,68.922752
1779184134.434,/benchmark/latency_ms,86.572121
1779184134.478,/benchmark/latency_ms,76.792130
1779184134.522,/benchmark/latency_ms,68.238213
1779184134.567,/benchmark/latency_ms,85.623169
1779184134.612,/benchmark/latency_ms,76.693863
1779184134.654,/benchmark/latency_ms,67.796837
1779184134.699,/benchmark/latency_ms,85.794144
1779184134.744,/benchmark/latency_ms,76.260101
1779184134.788,/benchmark/latency_ms,66.437424
1779184134.831,/benchmark/latency_ms,84.904228
1779184134.877,/benchmark/latency_ms,76.197639
1779184134.921,/benchmark/latency_ms,67.028618
1779184134.966,/benchmark/latency_ms,85.528709
1779184135.009,/benchmark/latency_ms,76.673416
1779184135.054,/benchmark/latency_ms,67.631271
1779184135.098,/benchmark/latency_ms,85.337379
1779184135.141,/benchmark/latency_ms,75.946091
1779184135.186,/benchmark/latency_ms,66.341141
1779184135.230,/benchmark/latency_ms,83.750191
1779184135.274,/benchmark/latency_ms,74.162422
1779184135.317,/benchmark/latency_ms,91.576759
1779184135.361,/benchmark/latency_ms,82.804665
1779184135.405,/benchmark/latency_ms,73.134911
1779184135.451,/benchmark/latency_ms,91.704979
1779184135.494,/benchmark/latency_ms,83.921867
1779184135.539,/benchmark/latency_ms,75.908936
1779184135.584,/benchmark/latency_ms,67.059242
1779184135.628,/benchmark/latency_ms,84.787720
1779184135.672,/benchmark/latency_ms,76.506660
1779184135.716,/benchmark/latency_ms,67.850922
1779184135.762,/benchmark/latency_ms,85.645088
1779184135.805,/benchmark/latency_ms,76.909187
1779184135.848,/benchmark/latency_ms,67.767845
1779184135.893,/benchmark/latency_ms,85.740257
1779184135.938,/benchmark/latency_ms,76.970085
1779184135.985,/benchmark/latency_ms,67.642982
1779184136.026,/benchmark/latency_ms,85.511871
1779184136.072,/benchmark/latency_ms,76.935654
1779184136.126,/benchmark/latency_ms,68.620255
1779184136.162,/benchmark/latency_ms,86.831001
1779184136.206,/benchmark/latency_ms,81.407936
1779184136.253,/benchmark/latency_ms,75.325645
1779184136.298,/benchmark/latency_ms,69.306458
1779184136.342,/benchmark/latency_ms,88.854279
1779184136.387,/benchmark/latency_ms,82.742104
1779184136.431,/benchmark/latency_ms,76.901215
1779184136.476,/benchmark/latency_ms,70.072403
1779184136.522,/benchmark/latency_ms,89.660454
1779184136.566,/benchmark/latency_ms,81.065125
1779184136.610,/benchmark/latency_ms,74.754768
1779184136.655,/benchmark/latency_ms,69.718040
1779184136.699,/benchmark/latency_ms,89.478439
1779184136.743,/benchmark/latency_ms,83.620621
1779184136.788,/benchmark/latency_ms,77.201668
1779184136.834,/benchmark/latency_ms,71.261322
1779184136.879,/benchmark/latency_ms,90.840958
1779184136.925,/benchmark/latency_ms,84.824554
1779184136.969,/benchmark/latency_ms,78.216309
1779184137.012,/benchmark/latency_ms,69.937241
1779184137.056,/benchmark/latency_ms,87.852051
1779184137.102,/benchmark/latency_ms,78.705299
1779184137.148,/benchmark/latency_ms,71.203209
1779184137.208,/benchmark/latency_ms,91.324852
1779184137.242,/benchmark/latency_ms,87.777328
1779184137.289,/benchmark/latency_ms,85.972061
1779184137.335,/benchmark/latency_ms,84.146637
1779184137.380,/benchmark/latency_ms,81.977882
1779184137.425,/benchmark/latency_ms,79.591278
1779184137.469,/benchmark/latency_ms,75.703468
1779184137.516,/benchmark/latency_ms,71.514442
1779184137.561,/benchmark/latency_ms,68.898842
1779184137.607,/benchmark/latency_ms,88.871239
1779184137.653,/benchmark/latency_ms,85.341286
1779184137.694,/benchmark/latency_ms,81.272705
1779184137.743,/benchmark/latency_ms,77.453819
1779184137.787,/benchmark/latency_ms,73.637878
1779184137.843,/benchmark/latency_ms,69.463638
1779184137.877,/benchmark/latency_ms,64.566559
1779184137.921,/benchmark/latency_ms,86.077370
1779184137.966,/benchmark/latency_ms,81.975006
1779184138.011,/benchmark/latency_ms,77.775902
1779184138.056,/benchmark/latency_ms,74.065369
1779184138.102,/benchmark/latency_ms,69.773369
1779184138.161,/benchmark/latency_ms,66.079987
1779184138.191,/benchmark/latency_ms,86.984756
1779184138.236,/benchmark/latency_ms,82.998512
1779184138.292,/benchmark/latency_ms,78.084152
1779184138.327,/benchmark/latency_ms,75.832619
1779184138.371,/benchmark/latency_ms,68.258080
1779184138.417,/benchmark/latency_ms,86.312317
1779184138.460,/benchmark/latency_ms,77.823898
1779184138.506,/benchmark/latency_ms,69.337112
1779184138.551,/benchmark/latency_ms,88.136269
1779184138.597,/benchmark/latency_ms,105.949547
1779184138.652,/benchmark/latency_ms,73.189949
1779184138.687,/benchmark/latency_ms,68.315811
1779184138.731,/benchmark/latency_ms,89.408768
1779184138.779,/benchmark/latency_ms,85.992477
1779184138.835,/benchmark/latency_ms,82.564247
1779184138.868,/benchmark/latency_ms,78.910484
1779184138.914,/benchmark/latency_ms,75.309067
1779184138.960,/benchmark/latency_ms,71.098190
1779184139.004,/benchmark/latency_ms,67.330605
1779184139.049,/benchmark/latency_ms,87.876236
1779184139.094,/benchmark/latency_ms,83.925003
1779184139.151,/benchmark/latency_ms,79.449036
1779184139.187,/benchmark/latency_ms,71.187050
1779184139.231,/benchmark/latency_ms,89.465958
1779184139.275,/benchmark/latency_ms,82.890320
1779184139.319,/benchmark/latency_ms,78.565712
1779184139.365,/benchmark/latency_ms,73.634171
1779184139.410,/benchmark/latency_ms,68.975517
1779184139.454,/benchmark/latency_ms,89.135078
1779184139.500,/benchmark/latency_ms,85.182465
1779184139.545,/benchmark/latency_ms,81.407005
1779184139.590,/benchmark/latency_ms,77.504219
1779184139.633,/benchmark/latency_ms,72.676544
1779184139.677,/benchmark/latency_ms,68.013283
1779184139.723,/benchmark/latency_ms,87.666924
1779184139.766,/benchmark/latency_ms,83.125877
1779184139.810,/benchmark/latency_ms,78.445175
1779184139.855,/benchmark/latency_ms,73.537209
1779184139.897,/benchmark/latency_ms,68.427490
1779184139.943,/benchmark/latency_ms,88.326447
1779184139.986,/benchmark/latency_ms,84.453865
1779184140.031,/benchmark/latency_ms,80.528648
1779184140.075,/benchmark/latency_ms,75.904167
1779184140.125,/benchmark/latency_ms,70.808556
1779184140.165,/benchmark/latency_ms,66.145042
1779184140.210,/benchmark/latency_ms,86.688568
1779184140.254,/benchmark/latency_ms,81.879707
1779184140.297,/benchmark/latency_ms,77.787224
1779184140.344,/benchmark/latency_ms,75.567787
1779184140.391,/benchmark/latency_ms,70.365585
1779184140.438,/benchmark/latency_ms,90.819412
1779184140.484,/benchmark/latency_ms,83.154861
1779184140.528,/benchmark/latency_ms,74.231346
1779184140.574,/benchmark/latency_ms,95.423096
1779184140.619,/benchmark/latency_ms,85.436157
1779184140.664,/benchmark/latency_ms,76.661957
1779184140.707,/benchmark/latency_ms,68.534492
1779184140.751,/benchmark/latency_ms,86.120476
1779184140.796,/benchmark/latency_ms,76.536293
1779184140.840,/benchmark/latency_ms,66.744392
1779184140.883,/benchmark/latency_ms,83.932297
1779184140.925,/benchmark/latency_ms,74.937164
1779184140.969,/benchmark/latency_ms,91.629845
1779184141.014,/benchmark/latency_ms,80.740196
1779184141.063,/benchmark/latency_ms,70.213326
1779184141.100,/benchmark/latency_ms,87.089424
1779184141.143,/benchmark/latency_ms,77.409470
1779184141.187,/benchmark/latency_ms,68.075455
1779184141.231,/benchmark/latency_ms,85.171326
1779184141.275,/benchmark/latency_ms,75.965256
1779184141.321,/benchmark/latency_ms,66.601547
1779184141.373,/benchmark/latency_ms,65.660179
1779184141.415,/benchmark/latency_ms,83.450638
1779184141.458,/benchmark/latency_ms,73.735893
1779184141.505,/benchmark/latency_ms,92.753067
1779184141.549,/benchmark/latency_ms,82.831123
1779184141.592,/benchmark/latency_ms,75.071152
1779184141.637,/benchmark/latency_ms,68.637276
1779184141.683,/benchmark/latency_ms,87.763725
1779184141.728,/benchmark/latency_ms,80.596962
1779184141.772,/benchmark/latency_ms,72.736221
1779184141.816,/benchmark/latency_ms,64.563034
1779184141.868,/benchmark/latency_ms,82.184853
1779184141.898,/benchmark/latency_ms,74.797134
1779184141.947,/benchmark/latency_ms,69.380150
1779184141.990,/benchmark/latency_ms,88.361740
1779184142.035,/benchmark/latency_ms,81.372284
1779184142.077,/benchmark/latency_ms,72.344673
1779184142.121,/benchmark/latency_ms,89.649788
1779184142.167,/benchmark/latency_ms,79.997734
1779184142.211,/benchmark/latency_ms,72.765694
1779184142.258,/benchmark/latency_ms,93.594818
1779184142.304,/benchmark/latency_ms,88.673737
1779184142.348,/benchmark/latency_ms,81.259483
1779184142.393,/benchmark/latency_ms,75.807716
1779184142.438,/benchmark/latency_ms,70.196404
1779184142.483,/benchmark/latency_ms,89.928444
1779184142.528,/benchmark/latency_ms,83.258827
1779184142.571,/benchmark/latency_ms,76.754372
1779184142.620,/benchmark/latency_ms,69.961494
1779184142.664,/benchmark/latency_ms,89.932861
1779184142.710,/benchmark/latency_ms,84.428452
1779184142.755,/benchmark/latency_ms,77.831223
1779184142.798,/benchmark/latency_ms,72.715164
1779184142.846,/benchmark/latency_ms,67.778816
1779184142.902,/benchmark/latency_ms,87.921608
1779184142.938,/benchmark/latency_ms,82.543861
1779184142.993,/benchmark/latency_ms,77.646332
1779184143.027,/benchmark/latency_ms,71.416870
1779184143.074,/benchmark/latency_ms,92.564651
1779184143.122,/benchmark/latency_ms,89.087296
1779184143.166,/benchmark/latency_ms,83.461136
1779184143.215,/benchmark/latency_ms,81.404793
1779184143.271,/benchmark/latency_ms,78.561523
1779184143.304,/benchmark/latency_ms,71.142189
1779184143.361,/benchmark/latency_ms,66.507088
1779184143.394,/benchmark/latency_ms,87.618576
1779184143.438,/benchmark/latency_ms,84.326057
1779184143.494,/benchmark/latency_ms,79.654892
1779184143.528,/benchmark/latency_ms,74.904778
1779184143.573,/benchmark/latency_ms,69.251129
1779184143.615,/benchmark/latency_ms,64.387672
1779184143.662,/benchmark/latency_ms,88.030029
1779184143.717,/benchmark/latency_ms,84.135178
1779184143.750,/benchmark/latency_ms,76.102943
1779184143.795,/benchmark/latency_ms,67.770241
1779184143.838,/benchmark/latency_ms,84.733826
1779184143.882,/benchmark/latency_ms,75.620361
1779184143.927,/benchmark/latency_ms,66.686890
1779184143.969,/benchmark/latency_ms,83.675880
1779184144.013,/benchmark/latency_ms,74.941933
1779184144.056,/benchmark/latency_ms,92.072815
1779184144.101,/benchmark/latency_ms,83.562698
1779184144.145,/benchmark/latency_ms,74.134514
1779184144.202,/benchmark/latency_ms,91.244621
1779184144.234,/benchmark/latency_ms,82.109428
1779184144.287,/benchmark/latency_ms,72.185089
1779184144.319,/benchmark/latency_ms,89.298050
1779184144.360,/benchmark/latency_ms,79.272522
1779184144.406,/benchmark/latency_ms,69.783890
1779184144.451,/benchmark/latency_ms,86.945076
1779184144.492,/benchmark/latency_ms,76.874367
1779184144.535,/benchmark/latency_ms,66.364014
1779184144.581,/benchmark/latency_ms,82.875763
1779184144.623,/benchmark/latency_ms,73.275894
1779184144.667,/benchmark/latency_ms,90.294426
1779184144.710,/benchmark/latency_ms,80.172966
1779184144.753,/benchmark/latency_ms,70.760521
1779184144.797,/benchmark/latency_ms,88.310852
1779184144.841,/benchmark/latency_ms,78.865456
1779184144.886,/benchmark/latency_ms,69.889748
1779184144.928,/benchmark/latency_ms,87.144913
1779184144.972,/benchmark/latency_ms,77.811699
1779184145.015,/benchmark/latency_ms,67.631042
1779184145.059,/benchmark/latency_ms,84.695427
1779184145.103,/benchmark/latency_ms,74.821899
1779184145.149,/benchmark/latency_ms,65.677551
1779184145.192,/benchmark/latency_ms,83.598541
1779184145.247,/benchmark/latency_ms,74.182320
1779184145.279,/benchmark/latency_ms,90.958931
1779184145.322,/benchmark/latency_ms,81.642937
1779184145.378,/benchmark/latency_ms,72.027138
1779184145.410,/benchmark/latency_ms,89.886040
1779184145.454,/benchmark/latency_ms,80.649216
1779184145.498,/benchmark/latency_ms,72.444763
1779184145.543,/benchmark/latency_ms,64.876923
1779184145.585,/benchmark/latency_ms,83.284874
1779184145.630,/benchmark/latency_ms,77.276283
1779184145.676,/benchmark/latency_ms,69.674774
1779184145.720,/benchmark/latency_ms,65.298805
1779184145.764,/benchmark/latency_ms,85.913208
1779184145.808,/benchmark/latency_ms,81.931961
1779184145.852,/benchmark/latency_ms,77.165054
1779184145.897,/benchmark/latency_ms,72.575966
1779184145.944,/benchmark/latency_ms,68.538841
1779184145.986,/benchmark/latency_ms,88.341957
1779184146.032,/benchmark/latency_ms,83.051308
1779184146.074,/benchmark/latency_ms,77.529465
1779184146.119,/benchmark/latency_ms,73.318771
1779184146.164,/benchmark/latency_ms,68.739578
1779184146.210,/benchmark/latency_ms,88.671494
1779184146.255,/benchmark/latency_ms,84.512451
1779184146.300,/benchmark/latency_ms,81.250008
1779184146.346,/benchmark/latency_ms,74.781067
1779184146.389,/benchmark/latency_ms,67.412262
1779184146.435,/benchmark/latency_ms,86.313942
1779184146.479,/benchmark/latency_ms,80.136452
1779184146.523,/benchmark/latency_ms,74.914955
1779184146.567,/benchmark/latency_ms,69.294258
1779184146.613,/benchmark/latency_ms,89.238144
1779184146.656,/benchmark/latency_ms,84.450630
1779184146.702,/benchmark/latency_ms,78.570290
1779184146.744,/benchmark/latency_ms,70.158859
1779184146.788,/benchmark/latency_ms,88.659943
1779184146.832,/benchmark/latency_ms,82.903954
1779184146.876,/benchmark/latency_ms,77.565819
1779184146.920,/benchmark/latency_ms,71.381607
1779184146.967,/benchmark/latency_ms,66.699463
1779184147.011,/benchmark/latency_ms,85.899445
1779184147.055,/benchmark/latency_ms,77.534676
1779184147.112,/benchmark/latency_ms,72.766846
1779184147.145,/benchmark/latency_ms,67.797188
1779184147.191,/benchmark/latency_ms,87.644333
1779184147.235,/benchmark/latency_ms,82.096146
1779184147.279,/benchmark/latency_ms,77.275925
1779184147.324,/benchmark/latency_ms,71.215782
1779184147.370,/benchmark/latency_ms,91.278923
1779184147.416,/benchmark/latency_ms,84.376709
1779184147.458,/benchmark/latency_ms,72.307426
1779184147.504,/benchmark/latency_ms,91.497200
1779184147.549,/benchmark/latency_ms,84.660835
1779184147.595,/benchmark/latency_ms,78.014160
1779184147.638,/benchmark/latency_ms,70.648201
1779184147.684,/benchmark/latency_ms,89.531136
1779184147.729,/benchmark/latency_ms,84.149254
1779184147.775,/benchmark/latency_ms,81.435318
1779184147.820,/benchmark/latency_ms,76.368835
1779184147.864,/benchmark/latency_ms,70.869766
1779184147.910,/benchmark/latency_ms,88.481827
1779184147.953,/benchmark/latency_ms,83.226379
1779184147.997,/benchmark/latency_ms,77.633240
1779184148.044,/benchmark/latency_ms,73.288536
1779184148.088,/benchmark/latency_ms,67.266243
1779184148.135,/benchmark/latency_ms,85.143486
1779184148.177,/benchmark/latency_ms,75.883873
1779184148.221,/benchmark/latency_ms,71.472420
1779184148.265,/benchmark/latency_ms,65.555092
1779184148.311,/benchmark/latency_ms,84.277092
1779184148.353,/benchmark/latency_ms,79.785797
1779184148.399,/benchmark/latency_ms,75.173355
1779184148.443,/benchmark/latency_ms,70.096077
1779184148.487,/benchmark/latency_ms,64.634773
1779184148.532,/benchmark/latency_ms,84.321251
1779184148.577,/benchmark/latency_ms,79.221672
1779184148.623,/benchmark/latency_ms,73.681686
1779184148.666,/benchmark/latency_ms,68.483742
1779184148.722,/benchmark/latency_ms,88.731812
1779184148.755,/benchmark/latency_ms,84.298691
1779184148.802,/benchmark/latency_ms,80.434525
1779184148.845,/benchmark/latency_ms,75.819168
1779184148.889,/benchmark/latency_ms,70.821159
1779184148.934,/benchmark/latency_ms,66.842026
1779184148.979,/benchmark/latency_ms,87.361870
1779184149.023,/benchmark/latency_ms,82.060501
1779184149.073,/benchmark/latency_ms,77.052826
1779184149.124,/benchmark/latency_ms,72.339165
1779184149.157,/benchmark/latency_ms,67.780891
1779184149.200,/benchmark/latency_ms,87.431374
1779184149.244,/benchmark/latency_ms,82.879120
1779184149.290,/benchmark/latency_ms,78.201553
1779184149.334,/benchmark/latency_ms,73.600433
1779184149.378,/benchmark/latency_ms,68.998520
1779184149.424,/benchmark/latency_ms,88.931908
1779184149.465,/benchmark/latency_ms,84.214500
1779184149.510,/benchmark/latency_ms,79.478630
1779184149.555,/benchmark/latency_ms,74.715820
1779184149.601,/benchmark/latency_ms,70.226768
1779184149.647,/benchmark/latency_ms,67.031944
1779184149.690,/benchmark/latency_ms,86.808975
1779184149.735,/benchmark/latency_ms,82.201523
1779184149.779,/benchmark/latency_ms,77.081467
1779184149.823,/benchmark/latency_ms,72.460831
1779184149.867,/benchmark/latency_ms,67.428101
1779184149.912,/benchmark/latency_ms,87.497131
1779184149.960,/benchmark/latency_ms,83.192871
1779184150.000,/benchmark/latency_ms,78.390060
1779184150.046,/benchmark/latency_ms,73.744560
1779184150.090,/benchmark/latency_ms,69.317940
1779184150.135,/benchmark/latency_ms,88.866974
1779184150.179,/benchmark/latency_ms,84.777115
1779184150.224,/benchmark/latency_ms,80.171265
1779184150.280,/benchmark/latency_ms,75.000198
1779184150.314,/benchmark/latency_ms,69.823921
1779184150.357,/benchmark/latency_ms,64.875191
1779184150.402,/benchmark/latency_ms,85.313431
1779184150.446,/benchmark/latency_ms,80.028099
1779184150.492,/benchmark/latency_ms,75.556549
1779184150.535,/benchmark/latency_ms,70.420876
1779184150.579,/benchmark/latency_ms,65.600143
1779184150.627,/benchmark/latency_ms,86.619308
1779184150.671,/benchmark/latency_ms,81.207062
1779184150.716,/benchmark/latency_ms,76.600319
1779184150.761,/benchmark/latency_ms,72.392799
1779184150.804,/benchmark/latency_ms,67.737343
1779184150.850,/benchmark/latency_ms,87.688744
1779184150.893,/benchmark/latency_ms,82.862671
1779184150.938,/benchmark/latency_ms,77.363831
1779184150.994,/benchmark/latency_ms,72.038269
1779184151.027,/benchmark/latency_ms,67.188675
1779184151.071,/benchmark/latency_ms,87.397995
1779184151.118,/benchmark/latency_ms,82.403824
1779184151.163,/benchmark/latency_ms,77.721138
1779184151.218,/benchmark/latency_ms,73.291061
1779184151.252,/benchmark/latency_ms,93.153374
1779184151.296,/benchmark/latency_ms,86.574448
1779184151.339,/benchmark/latency_ms,76.375198
1779184151.383,/benchmark/latency_ms,67.689087
1779184151.428,/benchmark/latency_ms,86.043442
1779184151.484,/benchmark/latency_ms,103.841583
1779184151.518,/benchmark/latency_ms,67.970970
1779184151.562,/benchmark/latency_ms,85.681656
1779184151.605,/benchmark/latency_ms,76.205757
1779184151.651,/benchmark/latency_ms,65.930313
1779184151.692,/benchmark/latency_ms,82.766441
1779184151.736,/benchmark/latency_ms,72.399773
1779184151.782,/benchmark/latency_ms,90.046387
1779184151.825,/benchmark/latency_ms,80.760094
1779184151.870,/benchmark/latency_ms,72.661430
1779184151.914,/benchmark/latency_ms,90.562607
1779184151.960,/benchmark/latency_ms,80.976921
1779184152.003,/benchmark/latency_ms,70.954025
1779184152.047,/benchmark/latency_ms,88.132835
1779184152.089,/benchmark/latency_ms,78.327950
1779184152.135,/benchmark/latency_ms,68.358940
1779184152.178,/benchmark/latency_ms,85.115288
1779184152.221,/benchmark/latency_ms,76.123299
1779184152.266,/benchmark/latency_ms,66.833443
1779184152.308,/benchmark/latency_ms,83.745064
1779184152.351,/benchmark/latency_ms,73.895660
1779184152.395,/benchmark/latency_ms,91.288490
1779184152.439,/benchmark/latency_ms,82.578697
1779184152.484,/benchmark/latency_ms,72.828186
1779184152.528,/benchmark/latency_ms,89.682617
1779184152.571,/benchmark/latency_ms,81.068085
1779184152.616,/benchmark/latency_ms,70.794762
1779184152.660,/benchmark/latency_ms,88.692284
1779184152.705,/benchmark/latency_ms,79.510017
1779184152.748,/benchmark/latency_ms,69.789612
1779184152.792,/benchmark/latency_ms,87.299561
1779184152.847,/benchmark/latency_ms,78.257004
1779184152.889,/benchmark/latency_ms,68.447319
1779184152.922,/benchmark/latency_ms,86.399918
1779184152.966,/benchmark/latency_ms,76.535995
1779184153.010,/benchmark/latency_ms,66.931618
1779184153.054,/benchmark/latency_ms,84.456802
1779184153.098,/benchmark/latency_ms,74.631310
1779184153.154,/benchmark/latency_ms,91.949898
1779184153.186,/benchmark/latency_ms,83.038925
1779184153.230,/benchmark/latency_ms,73.442863
1779184153.277,/benchmark/latency_ms,91.326729
1779184153.318,/benchmark/latency_ms,82.067474
1779184153.363,/benchmark/latency_ms,72.628471
1779184153.407,/benchmark/latency_ms,89.818741
1779184153.463,/benchmark/latency_ms,80.879288
1779184153.507,/benchmark/latency_ms,71.388802
1779184153.538,/benchmark/latency_ms,89.332893
1779184153.582,/benchmark/latency_ms,79.623558
1779184153.629,/benchmark/latency_ms,69.789803
1779184153.670,/benchmark/latency_ms,87.465546
1779184153.714,/benchmark/latency_ms,77.972366
1779184153.759,/benchmark/latency_ms,68.404343
1779184153.801,/benchmark/latency_ms,85.649239
1779184153.844,/benchmark/latency_ms,75.597382
1779184153.888,/benchmark/latency_ms,65.953583
1779184153.943,/benchmark/latency_ms,82.876106
1779184153.973,/benchmark/latency_ms,72.657753
1779184154.019,/benchmark/latency_ms,89.579353
1779184154.066,/benchmark/latency_ms,81.431061
1779184154.109,/benchmark/latency_ms,71.617279
1779184154.153,/benchmark/latency_ms,88.194946
1779184154.197,/benchmark/latency_ms,78.183601
1779184154.252,/benchmark/latency_ms,68.057625
1779184154.284,/benchmark/latency_ms,83.846245
1779184154.327,/benchmark/latency_ms,73.620941
1779184154.370,/benchmark/latency_ms,90.873840
1779184154.412,/benchmark/latency_ms,81.443764
1779184154.460,/benchmark/latency_ms,71.170723
1779184154.503,/benchmark/latency_ms,88.266914
1779184154.547,/benchmark/latency_ms,78.404686
1779184154.589,/benchmark/latency_ms,68.244408
1779184154.635,/benchmark/latency_ms,85.605843
1779184154.678,/benchmark/latency_ms,74.941994
1779184154.722,/benchmark/latency_ms,92.143524
1779184154.766,/benchmark/latency_ms,82.803146
1779184154.808,/benchmark/latency_ms,71.583260
1779184154.851,/benchmark/latency_ms,88.402657
1779184154.895,/benchmark/latency_ms,77.276978
1779184154.939,/benchmark/latency_ms,67.739227
1779184154.983,/benchmark/latency_ms,84.750046
1779184155.038,/benchmark/latency_ms,73.664978
1779184155.074,/benchmark/latency_ms,91.080360
1779184155.114,/benchmark/latency_ms,81.291542
1779184155.160,/benchmark/latency_ms,71.166214
1779184155.214,/benchmark/latency_ms,88.411232
1779184155.246,/benchmark/latency_ms,78.689224
1779184155.291,/benchmark/latency_ms,68.571190
1779184155.334,/benchmark/latency_ms,85.886833
1779184155.378,/benchmark/latency_ms,77.201523
1779184155.422,/benchmark/latency_ms,66.909378
1779184155.466,/benchmark/latency_ms,83.946014
1779184155.509,/benchmark/latency_ms,72.812340
1779184155.554,/benchmark/latency_ms,89.873459
1779184155.598,/benchmark/latency_ms,79.534431
1779184155.640,/benchmark/latency_ms,70.186409
1779184155.695,/benchmark/latency_ms,87.548714
1779184155.727,/benchmark/latency_ms,76.551323
1779184155.777,/benchmark/latency_ms,71.204414
1779184155.832,/benchmark/latency_ms,88.971611
1779184155.876,/benchmark/latency_ms,79.472420
1779184155.908,/benchmark/latency_ms,69.884460
1779184155.955,/benchmark/latency_ms,89.091614
1779184155.999,/benchmark/latency_ms,79.485893
1779184156.044,/benchmark/latency_ms,69.892555
1779184156.088,/benchmark/latency_ms,87.314407
1779184156.136,/benchmark/latency_ms,76.360214
1779184156.187,/benchmark/latency_ms,66.256325
1779184156.219,/benchmark/latency_ms,83.349030
1779184156.262,/benchmark/latency_ms,74.236748
1779184156.306,/benchmark/latency_ms,91.104774
1779184156.351,/benchmark/latency_ms,81.521812
1779184156.395,/benchmark/latency_ms,70.975014
1779184156.449,/benchmark/latency_ms,87.786880
1779184156.481,/benchmark/latency_ms,78.429100
1779184156.525,/benchmark/latency_ms,68.548950
1779184156.567,/benchmark/latency_ms,85.000214
1779184156.612,/benchmark/latency_ms,74.820679
1779184156.657,/benchmark/latency_ms,92.150307
1779184156.699,/benchmark/latency_ms,83.130661
1779184156.742,/benchmark/latency_ms,73.153267
1779184156.788,/benchmark/latency_ms,91.500839
1779184156.833,/benchmark/latency_ms,86.349068
1779184156.879,/benchmark/latency_ms,83.572739
1779184156.926,/benchmark/latency_ms,78.875427
1779184156.968,/benchmark/latency_ms,69.878410
1779184157.013,/benchmark/latency_ms,85.865746
1779184157.057,/benchmark/latency_ms,75.721535
1779184157.113,/benchmark/latency_ms,67.893051
1779184157.147,/benchmark/latency_ms,65.346313
1779184157.202,/benchmark/latency_ms,84.511230
1779184157.234,/benchmark/latency_ms,77.399925
1779184157.278,/benchmark/latency_ms,67.418587
1779184157.322,/benchmark/latency_ms,84.701691
1779184157.367,/benchmark/latency_ms,77.516174
1779184157.413,/benchmark/latency_ms,72.157883
1779184157.473,/benchmark/latency_ms,69.882347
1779184157.502,/benchmark/latency_ms,65.205841
1779184157.547,/benchmark/latency_ms,82.796585
1779184157.591,/benchmark/latency_ms,75.374397
1779184157.635,/benchmark/latency_ms,66.377640
1779184157.675,/benchmark/latency_ms,83.934563
1779184157.720,/benchmark/latency_ms,77.328079
1779184157.767,/benchmark/latency_ms,71.255234
1779184157.811,/benchmark/latency_ms,66.502434
1779184157.855,/benchmark/latency_ms,84.372414
1779184157.899,/benchmark/latency_ms,77.214928
1779184157.941,/benchmark/latency_ms,69.668907
1779184157.986,/benchmark/latency_ms,88.902039
1779184158.043,/benchmark/latency_ms,82.431435
1779184158.079,/benchmark/latency_ms,77.748108
1779184158.123,/benchmark/latency_ms,70.790436
1779184158.166,/benchmark/latency_ms,89.105560
1779184158.210,/benchmark/latency_ms,83.611427
1779184158.266,/benchmark/latency_ms,78.009163
1779184158.299,/benchmark/latency_ms,72.351578
1779184158.345,/benchmark/latency_ms,67.487961
1779184158.390,/benchmark/latency_ms,87.943008
1779184158.434,/benchmark/latency_ms,82.314095
1779184158.480,/benchmark/latency_ms,78.585320
1779184158.523,/benchmark/latency_ms,72.634354
1779184158.571,/benchmark/latency_ms,67.626907
1779184158.611,/benchmark/latency_ms,87.300133
1779184158.655,/benchmark/latency_ms,81.164536
1779184158.699,/benchmark/latency_ms,75.499138
1779184158.745,/benchmark/latency_ms,69.716843
1779184158.788,/benchmark/latency_ms,88.644608
1779184158.832,/benchmark/latency_ms,82.849289
1779184158.875,/benchmark/latency_ms,77.347694
1779184158.921,/benchmark/latency_ms,72.222618
1779184158.979,/benchmark/latency_ms,92.211777
1779184159.011,/benchmark/latency_ms,85.469460
1779184159.055,/benchmark/latency_ms,76.578804
1779184159.100,/benchmark/latency_ms,70.075592
1779184159.143,/benchmark/latency_ms,65.393387
1779184159.189,/benchmark/latency_ms,85.563316
1779184159.231,/benchmark/latency_ms,80.637878
1779184159.275,/benchmark/latency_ms,76.367798
1779184159.317,/benchmark/latency_ms,71.722778
1779184159.364,/benchmark/latency_ms,67.452766
1779184159.408,/benchmark/latency_ms,87.658943
1779184159.454,/benchmark/latency_ms,83.551781
1779184159.498,/benchmark/latency_ms,79.883003
1779184159.543,/benchmark/latency_ms,75.936859
1779184159.587,/benchmark/latency_ms,71.049568
1779184159.635,/benchmark/latency_ms,67.172577
1779184159.679,/benchmark/latency_ms,88.317116
1779184159.723,/benchmark/latency_ms,83.402817
1779184159.768,/benchmark/latency_ms,78.012840
1779184159.811,/benchmark/latency_ms,70.627174
1779184159.854,/benchmark/latency_ms,87.943260
1779184159.899,/benchmark/latency_ms,80.241150
1779184159.941,/benchmark/latency_ms,72.135254
1779184159.988,/benchmark/latency_ms,65.797417
1779184160.033,/benchmark/latency_ms,86.032173
1779184160.075,/benchmark/latency_ms,80.076668
1779184160.119,/benchmark/latency_ms,72.940819
1779184160.163,/benchmark/latency_ms,64.752243
1779184160.208,/benchmark/latency_ms,82.493416
1779184160.251,/benchmark/latency_ms,75.408508
1779184160.308,/benchmark/latency_ms,70.056938
1779184160.342,/benchmark/latency_ms,90.063339
1779184160.384,/benchmark/latency_ms,83.098343
1779184160.429,/benchmark/latency_ms,74.841347
1779184160.471,/benchmark/latency_ms,66.797279
1779184160.515,/benchmark/latency_ms,85.354004
1779184160.560,/benchmark/latency_ms,78.935143
1779184160.605,/benchmark/latency_ms,74.100647
1779184160.649,/benchmark/latency_ms,68.128021
1779184160.693,/benchmark/latency_ms,87.846466
1779184160.737,/benchmark/latency_ms,79.945663
1779184160.782,/benchmark/latency_ms,72.990036
1779184160.840,/benchmark/latency_ms,66.531975
1779184160.872,/benchmark/latency_ms,86.466187
1779184160.918,/benchmark/latency_ms,80.442139
1779184160.961,/benchmark/latency_ms,74.048874
1779184161.008,/benchmark/latency_ms,67.428665
1779184161.062,/benchmark/latency_ms,87.546371
1779184161.097,/benchmark/latency_ms,82.728905
1779184161.140,/benchmark/latency_ms,77.625389
1779184161.184,/benchmark/latency_ms,96.968475
1779184161.230,/benchmark/latency_ms,66.959679
1779184161.285,/benchmark/latency_ms,86.941254
1779184161.318,/benchmark/latency_ms,81.074707
1779184161.363,/benchmark/latency_ms,76.724152
1779184161.407,/benchmark/latency_ms,71.342201
1779184161.453,/benchmark/latency_ms,66.066505
1779184161.510,/benchmark/latency_ms,86.325645
1779184161.541,/benchmark/latency_ms,80.303612
1779184161.587,/benchmark/latency_ms,74.288902
1779184161.630,/benchmark/latency_ms,67.862587
1779184161.674,/benchmark/latency_ms,87.614212
1779184161.718,/benchmark/latency_ms,82.288841
1779184161.763,/benchmark/latency_ms,77.908684
1779184161.806,/benchmark/latency_ms,97.333588
1779184161.850,/benchmark/latency_ms,66.042725
1779184161.903,/benchmark/latency_ms,67.474236
1779184161.946,/benchmark/latency_ms,86.652710
1779184161.991,/benchmark/latency_ms,80.148666
1779184162.036,/benchmark/latency_ms,74.851456
1779184162.081,/benchmark/latency_ms,69.593353
1779184162.126,/benchmark/latency_ms,89.682068
1779184162.174,/benchmark/latency_ms,82.547173
1779184162.217,/benchmark/latency_ms,76.395386
1779184162.263,/benchmark/latency_ms,69.231247
1779184162.307,/benchmark/latency_ms,89.309425
1779184162.351,/benchmark/latency_ms,82.637543
1779184162.398,/benchmark/latency_ms,76.775505
1779184162.441,/benchmark/latency_ms,69.977066
1779184162.487,/benchmark/latency_ms,89.062225
1779184162.530,/benchmark/latency_ms,82.172775
1779184162.575,/benchmark/latency_ms,76.486259
1779184162.620,/benchmark/latency_ms,70.322372
1779184162.667,/benchmark/latency_ms,90.134796
1779184162.710,/benchmark/latency_ms,83.132355
1779184162.755,/benchmark/latency_ms,77.073967
1779184162.800,/benchmark/latency_ms,70.041702
1779184162.845,/benchmark/latency_ms,89.757553
1779184162.890,/benchmark/latency_ms,83.544800
1779184162.937,/benchmark/latency_ms,78.670532
1779184162.981,/benchmark/latency_ms,71.288986
1779184163.026,/benchmark/latency_ms,91.129608
1779184163.072,/benchmark/latency_ms,84.597816
1779184163.118,/benchmark/latency_ms,78.787010
1779184163.161,/benchmark/latency_ms,71.254204
1779184163.208,/benchmark/latency_ms,92.456024
1779184163.251,/benchmark/latency_ms,110.084946
1779184163.308,/benchmark/latency_ms,75.348000
1779184163.341,/benchmark/latency_ms,68.932396
1779184163.387,/benchmark/latency_ms,89.311668
1779184163.430,/benchmark/latency_ms,81.891945
1779184163.474,/benchmark/latency_ms,74.890785
1779184163.519,/benchmark/latency_ms,68.131386
1779184163.564,/benchmark/latency_ms,87.817696
1779184163.610,/benchmark/latency_ms,81.097778
1779184163.654,/benchmark/latency_ms,73.954826
1779184163.696,/benchmark/latency_ms,65.550888
1779184163.740,/benchmark/latency_ms,82.721062
1779184163.785,/benchmark/latency_ms,72.792526
1779184163.841,/benchmark/latency_ms,90.460426
1779184163.873,/benchmark/latency_ms,81.127792
1779184163.917,/benchmark/latency_ms,71.468826
1779184163.959,/benchmark/latency_ms,87.967804
1779184164.014,/benchmark/latency_ms,78.729256
1779184164.046,/benchmark/latency_ms,68.919724
1779184164.089,/benchmark/latency_ms,86.009964
1779184164.137,/benchmark/latency_ms,77.382317
1779184164.182,/benchmark/latency_ms,70.190338
1779184164.226,/benchmark/latency_ms,89.523918
1779184164.271,/benchmark/latency_ms,83.038147
1779184164.316,/benchmark/latency_ms,76.540024
1779184164.362,/benchmark/latency_ms,70.503716
1779184164.404,/benchmark/latency_ms,88.740662
1779184164.453,/benchmark/latency_ms,82.323051
1779184164.496,/benchmark/latency_ms,73.941963
1779184164.540,/benchmark/latency_ms,66.620163
1779184164.587,/benchmark/latency_ms,85.080276
1779184164.629,/benchmark/latency_ms,78.135429
1779184164.674,/benchmark/latency_ms,71.295738
1779184164.720,/benchmark/latency_ms,90.729736
1779184164.775,/benchmark/latency_ms,83.445854
1779184164.808,/benchmark/latency_ms,77.263794
1779184164.853,/benchmark/latency_ms,70.229668
1779184164.899,/benchmark/latency_ms,89.876465
1779184164.942,/benchmark/latency_ms,82.711266
1779184164.989,/benchmark/latency_ms,76.022552
1779184165.031,/benchmark/latency_ms,69.277611
1779184165.076,/benchmark/latency_ms,88.662323
1779184165.125,/benchmark/latency_ms,81.395180
1779184165.166,/benchmark/latency_ms,76.416824
1779184165.211,/benchmark/latency_ms,69.682472
1779184165.256,/benchmark/latency_ms,89.394447
1779184165.300,/benchmark/latency_ms,82.499657
1779184165.346,/benchmark/latency_ms,75.708824
1779184165.389,/benchmark/latency_ms,69.207375
1779184165.434,/benchmark/latency_ms,88.831673
1779184165.491,/benchmark/latency_ms,82.683556
1779184165.524,/benchmark/latency_ms,75.992279
1779184165.570,/benchmark/latency_ms,69.574471
1779184165.614,/benchmark/latency_ms,89.258865
1779184165.660,/benchmark/latency_ms,83.663261
1779184165.702,/benchmark/latency_ms,77.358093
1779184165.748,/benchmark/latency_ms,69.451370
1779184165.792,/benchmark/latency_ms,88.811157
1779184165.836,/benchmark/latency_ms,81.607338
1779184165.883,/benchmark/latency_ms,75.058876
1779184165.927,/benchmark/latency_ms,68.151443
1779184165.969,/benchmark/latency_ms,87.312096
1779184166.015,/benchmark/latency_ms,79.938393
1779184166.061,/benchmark/latency_ms,73.708168
1779184166.105,/benchmark/latency_ms,67.210045
1779184166.152,/benchmark/latency_ms,87.165413
1779184166.196,/benchmark/latency_ms,80.228920
1779184166.240,/benchmark/latency_ms,73.515816
1779184166.284,/benchmark/latency_ms,67.646965
1779184166.342,/benchmark/latency_ms,85.953102
1779184166.385,/benchmark/latency_ms,78.341827
1779184166.417,/benchmark/latency_ms,70.958817
1779184166.476,/benchmark/latency_ms,89.896912
1779184166.508,/benchmark/latency_ms,82.171333
1779184166.552,/benchmark/latency_ms,75.396217
1779184166.597,/benchmark/latency_ms,68.273460
1779184166.641,/benchmark/latency_ms,88.034943
1779184166.696,/benchmark/latency_ms,81.442383
1779184166.727,/benchmark/latency_ms,73.991241
1779184166.772,/benchmark/latency_ms,66.785439
1779184166.816,/benchmark/latency_ms,85.740395
1779184166.861,/benchmark/latency_ms,79.106850
1779184166.906,/benchmark/latency_ms,72.523346
1779184166.952,/benchmark/latency_ms,91.896667
1779184166.996,/benchmark/latency_ms,84.982864
1779184167.041,/benchmark/latency_ms,77.871078
1779184167.085,/benchmark/latency_ms,70.824287
1779184167.130,/benchmark/latency_ms,90.492004
1779184167.175,/benchmark/latency_ms,83.988380
1779184167.221,/benchmark/latency_ms,77.626823
1779184167.264,/benchmark/latency_ms,70.756668
1779184167.309,/benchmark/latency_ms,89.090324
1779184167.355,/benchmark/latency_ms,82.971298
1779184167.399,/benchmark/latency_ms,77.893227
1779184167.443,/benchmark/latency_ms,70.709412
1779184167.487,/benchmark/latency_ms,90.265541
1779184167.532,/benchmark/latency_ms,83.340347
1779184167.576,/benchmark/latency_ms,77.042091
1779184167.622,/benchmark/latency_ms,69.424202
1779184167.666,/benchmark/latency_ms,89.513199
1779184167.708,/benchmark/latency_ms,82.736389
1779184167.754,/benchmark/latency_ms,75.089821
1779184167.810,/benchmark/latency_ms,68.578545
1779184167.844,/benchmark/latency_ms,88.049591
1779184167.888,/benchmark/latency_ms,80.469971
1779184167.948,/benchmark/latency_ms,74.215363
1779184167.978,/benchmark/latency_ms,68.047829
1779184168.023,/benchmark/latency_ms,87.333824
1779184168.069,/benchmark/latency_ms,80.110680
1779184168.114,/benchmark/latency_ms,73.546539
1779184168.154,/benchmark/latency_ms,67.041695
1779184168.198,/benchmark/latency_ms,86.193993
1779184168.244,/benchmark/latency_ms,79.022141
1779184168.287,/benchmark/latency_ms,73.418701
1779184168.332,/benchmark/latency_ms,92.898804
1779184168.379,/benchmark/latency_ms,85.764877
1779184168.423,/benchmark/latency_ms,80.258354
1779184168.469,/benchmark/latency_ms,74.582367
1779184168.513,/benchmark/latency_ms,67.206268
1779184168.560,/benchmark/latency_ms,85.589386
1779184168.604,/benchmark/latency_ms,81.041870
1779184168.648,/benchmark/latency_ms,76.150391
1779184168.694,/benchmark/latency_ms,72.990799
1779184168.742,/benchmark/latency_ms,94.967621
1779184168.790,/benchmark/latency_ms,90.389732
1779184168.838,/benchmark/latency_ms,89.557167
1779184168.886,/benchmark/latency_ms,85.226799
1779184168.929,/benchmark/latency_ms,78.382660
1779184168.975,/benchmark/latency_ms,74.959969
1779184169.022,/benchmark/latency_ms,68.657066
1779184169.070,/benchmark/latency_ms,87.997688
1779184169.125,/benchmark/latency_ms,80.048889
1779184169.157,/benchmark/latency_ms,75.764694
1779184169.200,/benchmark/latency_ms,70.864090
1779184169.245,/benchmark/latency_ms,65.868515
1779184169.291,/benchmark/latency_ms,86.294563
1779184169.333,/benchmark/latency_ms,81.710892
1779184169.378,/benchmark/latency_ms,77.180367
1779184169.424,/benchmark/latency_ms,71.890450
1779184169.469,/benchmark/latency_ms,67.556473
1779184169.514,/benchmark/latency_ms,87.099869
1779184169.563,/benchmark/latency_ms,82.377411
1779184169.605,/benchmark/latency_ms,78.502815
1779184169.663,/benchmark/latency_ms,72.995819
1779184169.693,/benchmark/latency_ms,65.772804
1779184169.740,/benchmark/latency_ms,85.387436
1779184169.785,/benchmark/latency_ms,80.660240
1779184169.831,/benchmark/latency_ms,76.019577
1779184169.874,/benchmark/latency_ms,70.688957
1779184169.921,/benchmark/latency_ms,65.991776
1779184169.964,/benchmark/latency_ms,86.987389
1779184170.008,/benchmark/latency_ms,81.615303
1779184170.064,/benchmark/latency_ms,76.522484
1779184170.097,/benchmark/latency_ms,70.698273
1779184170.141,/benchmark/latency_ms,65.612648
1779184170.184,/benchmark/latency_ms,85.884651
1779184170.228,/benchmark/latency_ms,80.230705
1779184170.272,/benchmark/latency_ms,75.621048
1779184170.329,/benchmark/latency_ms,70.133987
1779184170.360,/benchmark/latency_ms,65.005066
1779184170.405,/benchmark/latency_ms,85.317200
1779184170.448,/benchmark/latency_ms,80.019287
1779184170.493,/benchmark/latency_ms,75.610741
1779184170.538,/benchmark/latency_ms,70.922714
1779184170.583,/benchmark/latency_ms,66.436386
1779184170.626,/benchmark/latency_ms,86.164520
1779184170.670,/benchmark/latency_ms,80.955856
1779184170.726,/benchmark/latency_ms,75.711319
1779184170.768,/benchmark/latency_ms,70.241539
1779184170.802,/benchmark/latency_ms,65.551300
1779184170.845,/benchmark/latency_ms,85.361870
1779184170.889,/benchmark/latency_ms,80.897934
1779184170.947,/benchmark/latency_ms,76.057266
1779184170.978,/benchmark/latency_ms,71.144730
1779184171.021,/benchmark/latency_ms,65.349220
1779184171.065,/benchmark/latency_ms,84.509621
1779184171.110,/benchmark/latency_ms,79.669724
1779184171.153,/benchmark/latency_ms,76.290001
1779184171.198,/benchmark/latency_ms,71.784630
1779184171.241,/benchmark/latency_ms,66.463867
1779184171.285,/benchmark/latency_ms,85.642982
1779184171.329,/benchmark/latency_ms,79.260506
1779184171.376,/benchmark/latency_ms,75.796562
1779184171.422,/benchmark/latency_ms,71.696632
1779184171.469,/benchmark/latency_ms,67.617081
1779184171.513,/benchmark/latency_ms,87.312508
1779184171.559,/benchmark/latency_ms,80.877586
1779184171.618,/benchmark/latency_ms,75.495255
1779184171.651,/benchmark/latency_ms,70.048737
1779184171.696,/benchmark/latency_ms,90.342758
1779184171.742,/benchmark/latency_ms,84.136467
1779184171.788,/benchmark/latency_ms,77.649094
1779184171.833,/benchmark/latency_ms,70.382271
1779184171.880,/benchmark/latency_ms,91.245148
1779184171.925,/benchmark/latency_ms,110.887589
1779184171.971,/benchmark/latency_ms,77.751015
1779184172.019,/benchmark/latency_ms,72.097618
1779184172.062,/benchmark/latency_ms,90.244804
1779184172.106,/benchmark/latency_ms,82.550240
1779184172.151,/benchmark/latency_ms,73.988388
1779184172.196,/benchmark/latency_ms,91.910233
1779184172.238,/benchmark/latency_ms,82.567589
1779184172.282,/benchmark/latency_ms,73.733124
1779184172.328,/benchmark/latency_ms,91.951706
1779184172.372,/benchmark/latency_ms,83.240158
1779184172.415,/benchmark/latency_ms,73.953537
1779184172.462,/benchmark/latency_ms,90.894852
1779184172.502,/benchmark/latency_ms,81.982056
1779184172.548,/benchmark/latency_ms,71.275543
1779184172.591,/benchmark/latency_ms,88.846771
1779184172.634,/benchmark/latency_ms,80.162231
1779184172.681,/benchmark/latency_ms,71.291481
1779184172.724,/benchmark/latency_ms,89.278481
1779184172.769,/benchmark/latency_ms,79.910904
1779184172.812,/benchmark/latency_ms,70.289955
1779184172.866,/benchmark/latency_ms,87.966614
1779184172.900,/benchmark/latency_ms,78.438431
1779184172.945,/benchmark/latency_ms,70.607101
1779184172.989,/benchmark/latency_ms,88.420113
1779184173.031,/benchmark/latency_ms,78.417824
1779184173.075,/benchmark/latency_ms,68.762505
1779184173.119,/benchmark/latency_ms,86.443039
1779184173.165,/benchmark/latency_ms,77.542313
1779184173.219,/benchmark/latency_ms,67.157211
1779184173.252,/benchmark/latency_ms,85.123436
1779184173.295,/benchmark/latency_ms,75.253624
1779184173.340,/benchmark/latency_ms,91.788445
1779184173.383,/benchmark/latency_ms,83.206367
1779184173.427,/benchmark/latency_ms,74.003494
1779184173.471,/benchmark/latency_ms,91.185501
1779184173.517,/benchmark/latency_ms,82.345444
1779184173.558,/benchmark/latency_ms,72.606186
1779184173.603,/benchmark/latency_ms,91.039520
1779184173.648,/benchmark/latency_ms,82.639297
1779184173.689,/benchmark/latency_ms,73.128555
1779184173.735,/benchmark/latency_ms,90.449059
1779184173.779,/benchmark/latency_ms,80.460495
1779184173.823,/benchmark/latency_ms,71.511543
1779184173.869,/benchmark/latency_ms,89.305038
1779184173.913,/benchmark/latency_ms,80.168884
1779184173.968,/benchmark/latency_ms,71.024605
1779184173.998,/benchmark/latency_ms,88.095093
1779184174.043,/benchmark/latency_ms,79.261597
1779184174.090,/benchmark/latency_ms,72.464844
1779184174.134,/benchmark/latency_ms,90.341667
1779184174.178,/benchmark/latency_ms,81.911201
1779184174.234,/benchmark/latency_ms,73.648804
1779184174.266,/benchmark/latency_ms,90.548676
1779184174.312,/benchmark/latency_ms,81.901314
1779184174.355,/benchmark/latency_ms,72.034996
1779184174.397,/benchmark/latency_ms,89.612808
1779184174.442,/benchmark/latency_ms,81.380714
1779184174.488,/benchmark/latency_ms,72.560143
1779184174.534,/benchmark/latency_ms,91.634933
1779184174.577,/benchmark/latency_ms,82.224770
1779184174.626,/benchmark/latency_ms,75.913841
1779184174.667,/benchmark/latency_ms,70.351456
1779184174.713,/benchmark/latency_ms,89.865669
1779184174.757,/benchmark/latency_ms,82.578751
1779184174.815,/benchmark/latency_ms,75.817368
1779184174.860,/benchmark/latency_ms,70.040482
1779184174.893,/benchmark/latency_ms,90.133896
1779184174.941,/benchmark/latency_ms,86.690819
1779184174.999,/benchmark/latency_ms,83.791962
1779184175.030,/benchmark/latency_ms,79.521652
1779184175.074,/benchmark/latency_ms,74.323006
1779184175.121,/benchmark/latency_ms,92.077591
1779184175.163,/benchmark/latency_ms,82.169662
1779184175.206,/benchmark/latency_ms,72.235214
1779184175.252,/benchmark/latency_ms,89.356552
1779184175.295,/benchmark/latency_ms,81.193031
1779184175.339,/benchmark/latency_ms,72.405708
1779184175.384,/benchmark/latency_ms,90.741982
1779184175.442,/benchmark/latency_ms,82.687035
1779184175.473,/benchmark/latency_ms,73.672836
1779184175.517,/benchmark/latency_ms,91.933365
1779184175.565,/benchmark/latency_ms,83.663445
1779184175.622,/benchmark/latency_ms,78.127937
1779184175.653,/benchmark/latency_ms,75.385620
1779184175.697,/benchmark/latency_ms,70.550781
1779184175.742,/benchmark/latency_ms,65.791077
1779184175.787,/benchmark/latency_ms,86.695389
1779184175.831,/benchmark/latency_ms,81.411209
1779184175.876,/benchmark/latency_ms,77.193352
1779184175.922,/benchmark/latency_ms,72.228973
1779184175.967,/benchmark/latency_ms,67.860847
1779184176.010,/benchmark/latency_ms,87.051033
1779184176.055,/benchmark/latency_ms,83.343544
1779184176.099,/benchmark/latency_ms,79.091385
1779184176.144,/benchmark/latency_ms,73.776901
1779184176.187,/benchmark/latency_ms,68.716331
1779184176.232,/benchmark/latency_ms,88.609619
1779184176.278,/benchmark/latency_ms,83.490875
1779184176.326,/benchmark/latency_ms,78.999702
1779184176.368,/benchmark/latency_ms,72.628815
1779184176.411,/benchmark/latency_ms,66.359482
1779184176.458,/benchmark/latency_ms,88.538132
1779184176.507,/benchmark/latency_ms,83.899826
1779184176.553,/benchmark/latency_ms,76.786346
1779184176.596,/benchmark/latency_ms,69.028709
1779184176.644,/benchmark/latency_ms,88.671341
1779184176.687,/benchmark/latency_ms,83.078842
1779184176.729,/benchmark/latency_ms,77.908096
1779184176.774,/benchmark/latency_ms,74.102882
1779184176.818,/benchmark/latency_ms,68.361801
1779184176.862,/benchmark/latency_ms,88.223091
1779184176.908,/benchmark/latency_ms,83.684921
1779184176.954,/benchmark/latency_ms,78.694847
1779184177.009,/benchmark/latency_ms,73.468102
1779184177.043,/benchmark/latency_ms,69.012901
1779184177.087,/benchmark/latency_ms,89.233322
1779184177.134,/benchmark/latency_ms,84.798569
1779184177.178,/benchmark/latency_ms,79.925751
1779184177.234,/benchmark/latency_ms,74.782715
1779184177.264,/benchmark/latency_ms,69.166313
1779184177.309,/benchmark/latency_ms,88.584175
1779184177.354,/benchmark/latency_ms,84.056725
1779184177.396,/benchmark/latency_ms,79.222427
1779184177.440,/benchmark/latency_ms,74.389473
1779184177.484,/benchmark/latency_ms,69.158340
1779184177.528,/benchmark/latency_ms,63.991180
1779184177.572,/benchmark/latency_ms,84.523468
1779184177.619,/benchmark/latency_ms,79.853935
1779184177.659,/benchmark/latency_ms,76.045746
1779184177.705,/benchmark/latency_ms,71.630447
1779184177.749,/benchmark/latency_ms,66.672699
1779184177.808,/benchmark/latency_ms,86.726273
1779184177.841,/benchmark/latency_ms,82.155647
1779184177.886,/benchmark/latency_ms,78.369308
1779184177.931,/benchmark/latency_ms,71.546486
1779184177.975,/benchmark/latency_ms,91.019806
1779184178.020,/benchmark/latency_ms,85.070503
1779184178.063,/benchmark/latency_ms,78.639038
1779184178.109,/benchmark/latency_ms,72.006866
1779184178.152,/benchmark/latency_ms,91.487061
1779184178.197,/benchmark/latency_ms,85.115562
1779184178.243,/benchmark/latency_ms,80.098381
1779184178.287,/benchmark/latency_ms,75.688881
1779184178.329,/benchmark/latency_ms,70.038750
1779184178.374,/benchmark/latency_ms,64.944328
1779184178.421,/benchmark/latency_ms,85.334793
1779184178.464,/benchmark/latency_ms,80.925133
1779184178.519,/benchmark/latency_ms,76.752846
1779184178.555,/benchmark/latency_ms,72.648201
1779184178.595,/benchmark/latency_ms,66.960854
1779184178.655,/benchmark/latency_ms,87.596214
1779184178.686,/benchmark/latency_ms,82.516090
1779184178.730,/benchmark/latency_ms,77.455368
1779184178.774,/benchmark/latency_ms,72.478127
1779184178.832,/benchmark/latency_ms,68.362991
1779184178.864,/benchmark/latency_ms,88.298706
1779184178.908,/benchmark/latency_ms,84.441772
1779184178.964,/benchmark/latency_ms,80.184402
1779184179.010,/benchmark/latency_ms,75.602135
1779184179.042,/benchmark/latency_ms,69.587486
1779184179.085,/benchmark/latency_ms,88.998573
1779184179.134,/benchmark/latency_ms,108.610100
1779184179.174,/benchmark/latency_ms,76.852684
1779184179.218,/benchmark/latency_ms,72.207695
1779184179.264,/benchmark/latency_ms,69.391174
1779184179.308,/benchmark/latency_ms,65.161285
1779184179.350,/benchmark/latency_ms,86.311195
1779184179.397,/benchmark/latency_ms,81.932709
1779184179.443,/benchmark/latency_ms,77.884483
1779184179.486,/benchmark/latency_ms,73.712067
1779184179.542,/benchmark/latency_ms,69.170151
1779184179.576,/benchmark/latency_ms,64.873604
1779184179.621,/benchmark/latency_ms,85.436104
1779184179.666,/benchmark/latency_ms,80.855179
1779184179.709,/benchmark/latency_ms,76.503944
1779184179.765,/benchmark/latency_ms,71.029076
1779184179.800,/benchmark/latency_ms,67.008858
1779184179.855,/benchmark/latency_ms,87.548759
1779184179.888,/benchmark/latency_ms,82.833755
1779184179.936,/benchmark/latency_ms,78.401505
1779184179.978,/benchmark/latency_ms,73.620102
1779184180.021,/benchmark/latency_ms,68.452621
1779184180.067,/benchmark/latency_ms,89.349930
1779184180.113,/benchmark/latency_ms,85.684036
1779184180.156,/benchmark/latency_ms,80.634377
1779184180.202,/benchmark/latency_ms,76.080399
1779184180.247,/benchmark/latency_ms,72.192528
1779184180.291,/benchmark/latency_ms,68.334763
1779184180.336,/benchmark/latency_ms,88.138161
1779184180.381,/benchmark/latency_ms,83.511894
1779184180.424,/benchmark/latency_ms,78.913689
1779184180.481,/benchmark/latency_ms,74.527000
1779184180.513,/benchmark/latency_ms,69.325859
1779184180.564,/benchmark/latency_ms,64.747047
1779184180.602,/benchmark/latency_ms,84.340111
1779184180.647,/benchmark/latency_ms,77.946594
1779184180.691,/benchmark/latency_ms,72.141617
1779184180.737,/benchmark/latency_ms,67.202904
1779184180.781,/benchmark/latency_ms,87.905617
1779184180.824,/benchmark/latency_ms,83.514481
1779184180.871,/benchmark/latency_ms,79.025909
1779184180.914,/benchmark/latency_ms,74.251068
1779184180.959,/benchmark/latency_ms,69.131271
1779184181.004,/benchmark/latency_ms,66.501846
1779184181.051,/benchmark/latency_ms,67.079544
1779184181.098,/benchmark/latency_ms,87.271477
1779184181.144,/benchmark/latency_ms,83.442261
1779184181.189,/benchmark/latency_ms,102.857658
1779184181.257,/benchmark/latency_ms,67.834061
1779184181.301,/benchmark/latency_ms,86.581406
1779184181.346,/benchmark/latency_ms,78.489052
1779184181.391,/benchmark/latency_ms,69.808159
1779184181.440,/benchmark/latency_ms,65.932640
1779184181.485,/benchmark/latency_ms,86.308510
1779184181.529,/benchmark/latency_ms,82.041565
1779184181.574,/benchmark/latency_ms,74.237244
1779184181.620,/benchmark/latency_ms,68.214668
1779184181.669,/benchmark/latency_ms,66.807381
1779184181.715,/benchmark/latency_ms,85.757286
1779184181.756,/benchmark/latency_ms,79.844048
1779184181.801,/benchmark/latency_ms,75.331955
1779184181.845,/benchmark/latency_ms,94.873566
1779184181.890,/benchmark/latency_ms,88.539024
1779184181.937,/benchmark/latency_ms,81.794685
1779184181.977,/benchmark/latency_ms,76.376617
1779184182.020,/benchmark/latency_ms,70.534172
1779184182.064,/benchmark/latency_ms,89.355209
1779184182.107,/benchmark/latency_ms,82.006241
1779184182.152,/benchmark/latency_ms,74.014587
1779184182.194,/benchmark/latency_ms,90.453339
1779184182.239,/benchmark/latency_ms,81.207237
1779184182.281,/benchmark/latency_ms,71.878960
1779184182.325,/benchmark/latency_ms,89.987518
1779184182.368,/benchmark/latency_ms,80.691559
1779184182.410,/benchmark/latency_ms,71.306770
1779184182.457,/benchmark/latency_ms,89.170052
1779184182.503,/benchmark/latency_ms,81.950142
1779184182.549,/benchmark/latency_ms,74.443741
1779184182.593,/benchmark/latency_ms,67.527313
1779184182.639,/benchmark/latency_ms,88.094604
1779184182.686,/benchmark/latency_ms,84.974792
1779184182.746,/benchmark/latency_ms,82.221855
1779184182.776,/benchmark/latency_ms,75.297302
1779184182.821,/benchmark/latency_ms,68.331558
1779184182.867,/benchmark/latency_ms,86.000099
1779184182.910,/benchmark/latency_ms,79.310425
1779184182.953,/benchmark/latency_ms,72.339661
1779184183.000,/benchmark/latency_ms,65.276672
1779184183.043,/benchmark/latency_ms,84.601547
1779184183.086,/benchmark/latency_ms,77.219841
1779184183.134,/benchmark/latency_ms,71.012726
1779184183.179,/benchmark/latency_ms,66.620598
1779184183.238,/benchmark/latency_ms,89.457382
1779184183.282,/benchmark/latency_ms,84.386383
1779184183.315,/benchmark/latency_ms,78.654518
1779184183.359,/benchmark/latency_ms,72.916771
1779184183.404,/benchmark/latency_ms,68.145805
1779184183.447,/benchmark/latency_ms,87.982094
1779184183.491,/benchmark/latency_ms,83.229462
1779184183.536,/benchmark/latency_ms,78.304283
1779184183.581,/benchmark/latency_ms,73.080551
1779184183.625,/benchmark/latency_ms,68.520683
1779184183.668,/benchmark/latency_ms,88.238060
1779184183.714,/benchmark/latency_ms,83.658386
1779184183.758,/benchmark/latency_ms,78.867226
1779184183.814,/benchmark/latency_ms,73.736671
1779184183.858,/benchmark/latency_ms,67.404205
1779184183.890,/benchmark/latency_ms,87.535126
1779184183.947,/benchmark/latency_ms,82.889236
1779184183.977,/benchmark/latency_ms,77.740608
1779184184.021,/benchmark/latency_ms,74.274910
1779184184.068,/benchmark/latency_ms,72.155914
1779184184.112,/benchmark/latency_ms,67.037300
1779184184.155,/benchmark/latency_ms,85.813507
1779184184.199,/benchmark/latency_ms,77.209122
1779184184.244,/benchmark/latency_ms,69.692513
1779184184.287,/benchmark/latency_ms,89.396385
1779184184.332,/benchmark/latency_ms,84.953445
1779184184.376,/benchmark/latency_ms,79.705109
1779184184.421,/benchmark/latency_ms,75.275345
1779184184.465,/benchmark/latency_ms,70.158203
1779184184.511,/benchmark/latency_ms,65.684509
1779184184.556,/benchmark/latency_ms,86.317596
1779184184.600,/benchmark/latency_ms,82.037086
1779184184.644,/benchmark/latency_ms,78.895065
1779184184.688,/benchmark/latency_ms,75.160629
1779184184.734,/benchmark/latency_ms,70.129753
1779184184.777,/benchmark/latency_ms,65.323425
1779184184.822,/benchmark/latency_ms,85.788094
1779184184.880,/benchmark/latency_ms,81.411201
1779184184.911,/benchmark/latency_ms,77.326370
1779184184.956,/benchmark/latency_ms,73.463745
1779184185.000,/benchmark/latency_ms,69.179298
1779184185.045,/benchmark/latency_ms,65.079811
1779184185.102,/benchmark/latency_ms,86.224121
1779184185.135,/benchmark/latency_ms,82.337532
1779184185.179,/benchmark/latency_ms,77.771034
1779184185.225,/benchmark/latency_ms,73.897728
1779184185.282,/benchmark/latency_ms,71.326096
1779184185.327,/benchmark/latency_ms,67.911469
1779184185.373,/benchmark/latency_ms,88.325066
1779184185.406,/benchmark/latency_ms,84.831818
1779184185.450,/benchmark/latency_ms,81.392639
1779184185.495,/benchmark/latency_ms,77.321762
1779184185.539,/benchmark/latency_ms,73.039520
1779184185.583,/benchmark/latency_ms,69.494080
1779184185.629,/benchmark/latency_ms,65.404610
1779184185.674,/benchmark/latency_ms,86.150368
1779184185.719,/benchmark/latency_ms,81.821373
1779184185.763,/benchmark/latency_ms,77.301346
1779184185.811,/benchmark/latency_ms,76.430313
1779184185.857,/benchmark/latency_ms,73.091301
1779184185.903,/benchmark/latency_ms,68.632195
1779184185.947,/benchmark/latency_ms,65.144226
1779184186.008,/benchmark/latency_ms,88.786728
1779184186.053,/benchmark/latency_ms,83.268311
1779184186.085,/benchmark/latency_ms,77.574883
1779184186.134,/benchmark/latency_ms,70.618423
1779184186.175,/benchmark/latency_ms,89.787453
1779184186.219,/benchmark/latency_ms,83.245522
1779184186.264,/benchmark/latency_ms,75.040886
1779184186.310,/benchmark/latency_ms,70.350197
1779184186.357,/benchmark/latency_ms,90.218140
1779184186.414,/benchmark/latency_ms,85.826172
1779184186.448,/benchmark/latency_ms,81.409988
1779184186.489,/benchmark/latency_ms,74.559639
1779184186.534,/benchmark/latency_ms,91.202164
1779184186.577,/benchmark/latency_ms,82.690903
1779184186.619,/benchmark/latency_ms,73.415741
1779184186.665,/benchmark/latency_ms,92.660141
1779184186.709,/benchmark/latency_ms,86.133049
1779184186.753,/benchmark/latency_ms,80.847717
1779184186.797,/benchmark/latency_ms,73.767807
1779184186.841,/benchmark/latency_ms,91.272148
1779184186.885,/benchmark/latency_ms,82.745178
1779184186.935,/benchmark/latency_ms,73.520546
1779184186.988,/benchmark/latency_ms,91.040855
1779184187.021,/benchmark/latency_ms,82.478874
1779184187.063,/benchmark/latency_ms,73.699005
1779184187.109,/benchmark/latency_ms,91.534706
1779184187.152,/benchmark/latency_ms,83.393295
1779184187.197,/benchmark/latency_ms,75.080086
1779184187.239,/benchmark/latency_ms,66.730423
1779184187.285,/benchmark/latency_ms,85.049347
1779184187.339,/benchmark/latency_ms,75.180626
1779184187.371,/benchmark/latency_ms,65.983192
1779184187.416,/benchmark/latency_ms,83.597519
1779184187.472,/benchmark/latency_ms,77.527069
1779184187.519,/benchmark/latency_ms,75.047600
1779184187.550,/benchmark/latency_ms,70.580566
1779184187.596,/benchmark/latency_ms,66.528053
1779184187.651,/benchmark/latency_ms,86.908371
1779184187.685,/benchmark/latency_ms,82.568314
1779184187.727,/benchmark/latency_ms,77.611549
1779184187.771,/benchmark/latency_ms,70.546646
1779184187.815,/benchmark/latency_ms,88.291786
1779184187.858,/benchmark/latency_ms,82.147896
1779184187.903,/benchmark/latency_ms,100.934731
1779184187.946,/benchmark/latency_ms,69.624382
1779184187.990,/benchmark/latency_ms,87.926765
1779184188.034,/benchmark/latency_ms,81.719231
1779184188.089,/benchmark/latency_ms,75.716270
1779184188.121,/benchmark/latency_ms,69.613052
1779184188.165,/benchmark/latency_ms,65.109406
1779184188.210,/benchmark/latency_ms,85.904121
1779184188.255,/benchmark/latency_ms,82.230942
1779184188.300,/benchmark/latency_ms,78.488503
1779184188.344,/benchmark/latency_ms,72.715012
1779184188.390,/benchmark/latency_ms,66.902931
1779184188.449,/benchmark/latency_ms,87.020531
1779184188.479,/benchmark/latency_ms,81.015717
1779184188.525,/benchmark/latency_ms,74.612503
1779184188.572,/benchmark/latency_ms,68.710915
1779184188.614,/benchmark/latency_ms,88.404076
1779184188.657,/benchmark/latency_ms,82.048798
1779184188.703,/benchmark/latency_ms,76.333351
1779184188.748,/benchmark/latency_ms,70.468025
1779184188.805,/benchmark/latency_ms,90.288765
1779184188.838,/benchmark/latency_ms,83.561676
1779184188.883,/benchmark/latency_ms,77.928734
1779184188.929,/benchmark/latency_ms,72.359627
1779184188.974,/benchmark/latency_ms,89.887039
1779184009.061,/node/cpu_percent,35.891090
1779184009.123,/node/cpu_percent,35.820896
1779184009.413,/node/cpu_percent,36.250000
1779184009.561,/node/cpu_percent,35.588974
1779184009.624,/node/cpu_percent,35.839600
1779184009.911,/node/cpu_percent,34.430378
1779184010.061,/node/cpu_percent,34.936710
1779184010.123,/node/cpu_percent,34.683544
1779184010.411,/node/cpu_percent,36.020149
1779184010.561,/node/cpu_percent,35.189873
1779184010.624,/node/cpu_percent,34.771572
1779184010.910,/node/cpu_percent,34.170853
1779184011.061,/node/cpu_percent,33.585857
1779184011.123,/node/cpu_percent,35.839600
1779184011.411,/node/cpu_percent,42.966751
1779184011.563,/node/cpu_percent,47.570332
1779184011.624,/node/cpu_percent,47.179485
1779184011.910,/node/cpu_percent,47.582699
1779184012.061,/node/cpu_percent,45.591938
1779184012.123,/node/cpu_percent,44.360901
1779184012.411,/node/cpu_percent,37.313435
1779184012.561,/node/cpu_percent,35.643566
1779184012.624,/node/cpu_percent,35.162094
1779184012.910,/node/cpu_percent,34.577114
1779184013.061,/node/cpu_percent,33.753147
1779184013.124,/node/cpu_percent,33.919598
1779184013.410,/node/cpu_percent,34.170853
1779184013.562,/node/cpu_percent,34.825871
1779184013.625,/node/cpu_percent,34.912720
1779184013.911,/node/cpu_percent,34.673367
1779184014.062,/node/cpu_percent,34.343433
1779184014.124,/node/cpu_percent,34.586468
1779184014.410,/node/cpu_percent,34.335838
1779184014.561,/node/cpu_percent,34.422112
1779184014.625,/node/cpu_percent,34.177216
1779184014.911,/node/cpu_percent,33.924049
1779184015.064,/node/cpu_percent,34.170853
1779184015.124,/node/cpu_percent,33.919598
1779184015.410,/node/cpu_percent,33.248730
1779184015.562,/node/cpu_percent,33.248730
1779184015.626,/node/cpu_percent,33.333332
1779184015.911,/node/cpu_percent,33.585857
1779184016.061,/node/cpu_percent,33.585857
1779184016.123,/node/cpu_percent,33.585857
1779184016.411,/node/cpu_percent,34.683544
1779184016.561,/node/cpu_percent,35.805626
1779184016.623,/node/cpu_percent,36.455696
1779184016.909,/node/cpu_percent,36.159599
1779184017.061,/node/cpu_percent,34.250000
1779184017.124,/node/cpu_percent,33.834587
1779184017.411,/node/cpu_percent,34.760704
1779184017.561,/node/cpu_percent,35.500000
1779184017.626,/node/cpu_percent,35.427135
1779184017.911,/node/cpu_percent,34.586468
1779184018.063,/node/cpu_percent,34.912720
1779184018.123,/node/cpu_percent,34.912720
1779184018.411,/node/cpu_percent,35.074627
1779184018.561,/node/cpu_percent,34.422112
1779184018.625,/node/cpu_percent,34.335838
1779184018.911,/node/cpu_percent,33.838383
1779184019.063,/node/cpu_percent,34.343433
1779184019.123,/node/cpu_percent,34.343433
1779184019.409,/node/cpu_percent,34.771572
1779184019.563,/node/cpu_percent,34.595959
1779184019.624,/node/cpu_percent,34.595959
1779184019.911,/node/cpu_percent,34.430378
1779184020.062,/node/cpu_percent,34.771572
1779184020.123,/node/cpu_percent,35.189873
1779184020.411,/node/cpu_percent,34.605598
1779184020.561,/node/cpu_percent,34.438774
1779184020.624,/node/cpu_percent,34.015347
1779184020.911,/node/cpu_percent,34.848484
1779184021.064,/node/cpu_percent,35.000000
1779184021.124,/node/cpu_percent,36.272041
1779184021.411,/node/cpu_percent,44.080605
1779184021.561,/node/cpu_percent,47.837151
1779184021.625,/node/cpu_percent,48.232323
1779184021.909,/node/cpu_percent,48.737373
1779184022.062,/node/cpu_percent,46.115288
1779184022.123,/node/cpu_percent,44.080605
1779184022.411,/node/cpu_percent,37.750000
1779184022.563,/node/cpu_percent,36.000000
1779184022.624,/node/cpu_percent,36.000000
1779184022.911,/node/cpu_percent,33.585857
1779184023.061,/node/cpu_percent,34.177216
1779184023.124,/node/cpu_percent,35.175880
1779184023.411,/node/cpu_percent,41.206032
1779184023.562,/node/cpu_percent,40.806046
1779184023.624,/node/cpu_percent,40.151516
1779184023.911,/node/cpu_percent,34.912720
1779184024.060,/node/cpu_percent,35.250000
1779184024.124,/node/cpu_percent,35.250000
1779184024.409,/node/cpu_percent,34.096691
1779184024.561,/node/cpu_percent,34.170853
1779184024.625,/node/cpu_percent,34.422112
1779184024.911,/node/cpu_percent,34.256927
1779184025.064,/node/cpu_percent,33.924049
1779184025.124,/node/cpu_percent,33.838383
1779184025.411,/node/cpu_percent,33.924049
1779184025.561,/node/cpu_percent,34.010151
1779184025.624,/node/cpu_percent,33.842239
1779184025.912,/node/cpu_percent,35.235733
1779184026.061,/node/cpu_percent,34.912720
1779184026.123,/node/cpu_percent,34.750000
1779184026.413,/node/cpu_percent,35.264484
1779184026.561,/node/cpu_percent,37.027706
1779184026.624,/node/cpu_percent,37.437187
1779184026.910,/node/cpu_percent,37.250000
1779184027.063,/node/cpu_percent,35.820896
1779184027.124,/node/cpu_percent,35.980148
1779184027.410,/node/cpu_percent,36.658356
1779184027.561,/node/cpu_percent,36.658356
1779184027.624,/node/cpu_percent,36.250000
1779184027.911,/node/cpu_percent,34.438774
1779184028.061,/node/cpu_percent,34.278351
1779184028.124,/node/cpu_percent,34.536083
1779184028.411,/node/cpu_percent,35.532993
1779184028.563,/node/cpu_percent,35.858585
1779184028.624,/node/cpu_percent,35.929649
1779184028.911,/node/cpu_percent,35.101009
1779184029.061,/node/cpu_percent,34.683544
1779184029.122,/node/cpu_percent,34.683544
1779184029.412,/node/cpu_percent,34.595959
1779184029.563,/node/cpu_percent,34.673367
1779184029.624,/node/cpu_percent,34.263958
1779184029.911,/node/cpu_percent,34.782608
1779184030.063,/node/cpu_percent,34.948978
1779184030.124,/node/cpu_percent,35.279186
1779184030.411,/node/cpu_percent,35.189873
1779184030.561,/node/cpu_percent,35.353535
1779184030.624,/node/cpu_percent,36.111111
1779184030.911,/node/cpu_percent,36.069653
1779184031.063,/node/cpu_percent,35.500000
1779184031.124,/node/cpu_percent,35.750000
1779184031.411,/node/cpu_percent,44.000000
1779184031.561,/node/cpu_percent,48.883373
1779184031.625,/node/cpu_percent,49.504951
1779184031.911,/node/cpu_percent,48.110832
1779184032.066,/node/cpu_percent,45.477386
1779184032.124,/node/cpu_percent,43.969849
1779184032.411,/node/cpu_percent,37.313435
1779184032.561,/node/cpu_percent,36.228287
1779184032.624,/node/cpu_percent,36.069653
1779184032.911,/node/cpu_percent,35.980148
1779184033.061,/node/cpu_percent,35.427135
1779184033.124,/node/cpu_percent,35.588974
1779184033.413,/node/cpu_percent,34.771572
1779184033.562,/node/cpu_percent,33.928570
1779184033.623,/node/cpu_percent,34.517765
1779184033.910,/node/cpu_percent,34.595959
1779184034.060,/node/cpu_percent,34.848484
1779184034.124,/node/cpu_percent,34.263958
1779184034.410,/node/cpu_percent,34.936710
1779184034.561,/node/cpu_percent,35.588974
1779184034.623,/node/cpu_percent,34.848484
1779184034.912,/node/cpu_percent,34.760704
1779184035.062,/node/cpu_percent,34.177216
1779184035.124,/node/cpu_percent,34.508816
1779184035.411,/node/cpu_percent,34.508816
1779184035.562,/node/cpu_percent,34.422112
1779184035.624,/node/cpu_percent,34.673367
1779184035.911,/node/cpu_percent,35.606060
1779184036.065,/node/cpu_percent,35.204082
1779184036.124,/node/cpu_percent,35.279186
1779184036.411,/node/cpu_percent,34.673367
1779184036.561,/node/cpu_percent,37.000000
1779184036.623,/node/cpu_percent,36.842106
1779184036.910,/node/cpu_percent,37.055836
1779184037.061,/node/cpu_percent,35.532993
1779184037.125,/node/cpu_percent,35.459183
1779184037.411,/node/cpu_percent,36.455696
1779184037.562,/node/cpu_percent,36.020149
1779184037.623,/node/cpu_percent,36.250000
1779184037.911,/node/cpu_percent,34.663342
1779184038.061,/node/cpu_percent,35.250000
1779184038.123,/node/cpu_percent,35.264484
1779184038.411,/node/cpu_percent,35.910225
1779184038.563,/node/cpu_percent,35.162094
1779184038.622,/node/cpu_percent,35.148514
1779184038.913,/node/cpu_percent,34.673367
1779184039.062,/node/cpu_percent,35.000000
1779184039.124,/node/cpu_percent,35.087719
1779184039.411,/node/cpu_percent,34.422112
1779184039.561,/node/cpu_percent,34.256927
1779184039.625,/node/cpu_percent,34.090908
1779184039.911,/node/cpu_percent,34.663342
1779184040.061,/node/cpu_percent,34.663342
1779184040.123,/node/cpu_percent,35.555557
1779184040.411,/node/cpu_percent,35.000000
1779184040.561,/node/cpu_percent,35.323383
1779184040.625,/node/cpu_percent,34.005039
1779184040.911,/node/cpu_percent,35.643566
1779184041.061,/node/cpu_percent,35.396038
1779184041.123,/node/cpu_percent,36.724567
1779184041.411,/node/cpu_percent,43.609024
1779184041.561,/node/cpu_percent,47.989948
1779184041.623,/node/cpu_percent,48.370926
1779184041.911,/node/cpu_percent,48.994976
1779184042.061,/node/cpu_percent,46.733669
1779184042.124,/node/cpu_percent,45.363407
1779184042.411,/node/cpu_percent,37.593987
1779184042.563,/node/cpu_percent,35.606060
1779184042.623,/node/cpu_percent,35.678391
1779184042.911,/node/cpu_percent,35.732010
1779184043.062,/node/cpu_percent,35.714287
1779184043.123,/node/cpu_percent,35.643566
1779184043.411,/node/cpu_percent,40.302265
1779184043.561,/node/cpu_percent,40.253166
1779184043.625,/node/cpu_percent,40.253166
1779184043.911,/node/cpu_percent,35.250000
1779184044.061,/node/cpu_percent,35.660847
1779184044.123,/node/cpu_percent,36.069653
1779184044.411,/node/cpu_percent,35.588974
1779184044.563,/node/cpu_percent,34.771572
1779184044.626,/node/cpu_percent,34.351147
1779184044.912,/node/cpu_percent,34.096691
1779184045.061,/node/cpu_percent,34.595959
1779184045.125,/node/cpu_percent,34.760704
1779184045.412,/node/cpu_percent,34.683544
1779184045.564,/node/cpu_percent,36.180904
1779184045.625,/node/cpu_percent,37.468353
1779184045.911,/node/cpu_percent,41.206032
1779184046.061,/node/cpu_percent,39.949749
1779184046.123,/node/cpu_percent,38.403992
1779184046.412,/node/cpu_percent,35.012596
1779184046.561,/node/cpu_percent,35.101009
1779184046.624,/node/cpu_percent,35.025379
1779184046.909,/node/cpu_percent,35.264484
1779184047.062,/node/cpu_percent,35.175880
1779184047.123,/node/cpu_percent,35.338345
1779184047.413,/node/cpu_percent,34.848484
1779184047.563,/node/cpu_percent,35.038364
1779184047.623,/node/cpu_percent,35.204082
1779184047.911,/node/cpu_percent,35.279186
1779184048.062,/node/cpu_percent,34.595959
1779184048.123,/node/cpu_percent,34.430378
1779184048.411,/node/cpu_percent,34.263958
1779184048.562,/node/cpu_percent,35.012596
1779184048.624,/node/cpu_percent,35.175880
1779184048.910,/node/cpu_percent,34.760704
1779184049.062,/node/cpu_percent,34.096691
1779184049.125,/node/cpu_percent,33.928570
1779184049.411,/node/cpu_percent,34.848484
1779184049.561,/node/cpu_percent,34.760704
1779184049.623,/node/cpu_percent,34.673367
1779184049.914,/node/cpu_percent,34.924622
1779184050.062,/node/cpu_percent,34.595959
1779184050.127,/node/cpu_percent,34.848484
1779184050.411,/node/cpu_percent,34.517765
1779184050.563,/node/cpu_percent,34.848484
1779184050.623,/node/cpu_percent,34.848484
1779184050.911,/node/cpu_percent,35.000000
1779184051.062,/node/cpu_percent,35.074627
1779184051.123,/node/cpu_percent,36.724567
1779184051.411,/node/cpu_percent,45.112782
1779184051.561,/node/cpu_percent,49.497486
1779184051.623,/node/cpu_percent,49.370277
1779184051.910,/node/cpu_percent,48.600510
1779184052.061,/node/cpu_percent,45.663265
1779184052.124,/node/cpu_percent,44.274811
1779184052.411,/node/cpu_percent,36.272041
1779184052.562,/node/cpu_percent,35.087719
1779184052.623,/node/cpu_percent,34.595959
1779184052.911,/node/cpu_percent,35.000000
1779184053.061,/node/cpu_percent,34.508816
1779184053.123,/node/cpu_percent,34.673367
1779184053.411,/node/cpu_percent,35.264484
1779184053.563,/node/cpu_percent,35.516373
1779184053.625,/node/cpu_percent,35.427135
1779184053.911,/node/cpu_percent,34.848484
1779184054.062,/node/cpu_percent,36.500000
1779184054.123,/node/cpu_percent,36.907730
1779184054.413,/node/cpu_percent,38.861385
1779184054.562,/node/cpu_percent,37.871288
1779184054.624,/node/cpu_percent,37.406483
1779184054.914,/node/cpu_percent,35.820896
1779184055.062,/node/cpu_percent,35.500000
1779184055.124,/node/cpu_percent,35.572140
1779184055.411,/node/cpu_percent,34.517765
1779184055.561,/node/cpu_percent,34.683544
1779184055.624,/node/cpu_percent,34.948978
1779184055.911,/node/cpu_percent,36.090225
1779184056.061,/node/cpu_percent,35.189873
1779184056.122,/node/cpu_percent,35.012596
1779184056.411,/node/cpu_percent,33.502537
1779184056.561,/node/cpu_percent,34.256927
1779184056.624,/node/cpu_percent,34.256927
1779184056.910,/node/cpu_percent,34.256927
1779184057.064,/node/cpu_percent,33.417721
1779184057.124,/node/cpu_percent,33.333332
1779184057.411,/node/cpu_percent,33.333332
1779184057.565,/node/cpu_percent,35.443039
1779184057.623,/node/cpu_percent,35.368958
1779184057.911,/node/cpu_percent,35.929649
1779184058.061,/node/cpu_percent,34.422112
1779184058.124,/node/cpu_percent,34.422112
1779184058.411,/node/cpu_percent,34.343433
1779184058.562,/node/cpu_percent,34.256927
1779184058.624,/node/cpu_percent,34.422112
1779184058.913,/node/cpu_percent,35.820896
1779184059.062,/node/cpu_percent,36.318409
1779184059.124,/node/cpu_percent,36.250000
1779184059.410,/node/cpu_percent,35.101009
1779184059.562,/node/cpu_percent,34.837093
1779184059.624,/node/cpu_percent,35.000000
1779184059.911,/node/cpu_percent,35.802467
1779184060.062,/node/cpu_percent,36.159599
1779184060.124,/node/cpu_percent,36.159599
1779184060.411,/node/cpu_percent,34.936710
1779184060.564,/node/cpu_percent,34.096691
1779184060.624,/node/cpu_percent,34.771572
1779184060.910,/node/cpu_percent,39.641945
1779184061.060,/node/cpu_percent,40.966923
1779184061.124,/node/cpu_percent,42.493637
1779184061.412,/node/cpu_percent,48.000000
1779184061.561,/node/cpu_percent,51.122196
1779184061.624,/node/cpu_percent,50.250000
1779184061.911,/node/cpu_percent,48.737373
1779184062.062,/node/cpu_percent,45.822784
1779184062.124,/node/cpu_percent,44.303799
1779184062.413,/node/cpu_percent,39.240505
1779184062.564,/node/cpu_percent,38.442211
1779184062.624,/node/cpu_percent,38.750000
1779184062.911,/node/cpu_percent,35.572140
1779184063.061,/node/cpu_percent,35.175880
1779184063.124,/node/cpu_percent,35.175880
1779184063.411,/node/cpu_percent,40.404041
1779184063.561,/node/cpu_percent,40.253166
1779184063.626,/node/cpu_percent,40.253166
1779184063.912,/node/cpu_percent,35.459183
1779184064.062,/node/cpu_percent,35.623409
1779184064.124,/node/cpu_percent,35.204082
1779184064.410,/node/cpu_percent,34.256927
1779184064.562,/node/cpu_percent,33.919598
1779184064.626,/node/cpu_percent,33.919598
1779184064.911,/node/cpu_percent,33.501259
1779184065.062,/node/cpu_percent,33.164558
1779184065.124,/node/cpu_percent,33.248730
1779184065.413,/node/cpu_percent,32.820515
1779184065.563,/node/cpu_percent,34.090908
1779184065.624,/node/cpu_percent,34.256927
1779184065.911,/node/cpu_percent,37.468983
1779184066.062,/node/cpu_percent,36.591480
1779184066.124,/node/cpu_percent,36.432159
1779184066.413,/node/cpu_percent,34.335838
1779184066.562,/node/cpu_percent,34.508816
1779184066.623,/node/cpu_percent,35.768261
1779184066.910,/node/cpu_percent,37.688442
1779184067.062,/node/cpu_percent,38.000000
1779184067.125,/node/cpu_percent,36.658356
1779184067.411,/node/cpu_percent,34.517765
1779184067.562,/node/cpu_percent,36.616161
1779184067.624,/node/cpu_percent,36.934673
1779184067.912,/node/cpu_percent,35.858585
1779184068.062,/node/cpu_percent,34.508816
1779184068.124,/node/cpu_percent,34.263958
1779184068.412,/node/cpu_percent,35.279186
1779184068.562,/node/cpu_percent,34.183674
1779184068.624,/node/cpu_percent,34.771572
1779184068.914,/node/cpu_percent,35.323383
1779184069.063,/node/cpu_percent,36.049381
1779184069.124,/node/cpu_percent,35.162094
1779184069.412,/node/cpu_percent,34.924622
1779184069.562,/node/cpu_percent,34.595959
1779184069.626,/node/cpu_percent,34.924622
1779184069.912,/node/cpu_percent,35.353535
1779184070.062,/node/cpu_percent,34.948978
1779184070.124,/node/cpu_percent,35.114502
1779184070.411,/node/cpu_percent,34.351147
1779184070.562,/node/cpu_percent,35.175880
1779184070.625,/node/cpu_percent,35.353535
1779184070.912,/node/cpu_percent,36.567165
1779184071.062,/node/cpu_percent,35.678391
1779184071.124,/node/cpu_percent,36.750000
1779184071.414,/node/cpu_percent,42.748093
1779184071.561,/node/cpu_percent,47.368420
1779184071.624,/node/cpu_percent,47.607052
1779184071.913,/node/cpu_percent,48.000000
1779184072.062,/node/cpu_percent,45.340050
1779184072.127,/node/cpu_percent,43.969849
1779184072.412,/node/cpu_percent,36.934673
1779184072.562,/node/cpu_percent,37.468353
1779184072.624,/node/cpu_percent,37.817261
1779184072.912,/node/cpu_percent,37.878788
1779184073.061,/node/cpu_percent,35.516373
1779184073.125,/node/cpu_percent,34.924622
1779184073.412,/node/cpu_percent,34.096691
1779184073.563,/node/cpu_percent,34.936710
1779184073.624,/node/cpu_percent,35.264484
1779184073.912,/node/cpu_percent,35.250000
1779184074.061,/node/cpu_percent,35.500000
1779184074.124,/node/cpu_percent,34.924622
1779184074.412,/node/cpu_percent,35.750000
1779184074.562,/node/cpu_percent,35.162094
1779184074.624,/node/cpu_percent,35.000000
1779184074.911,/node/cpu_percent,34.500000
1779184075.064,/node/cpu_percent,34.090908
1779184075.125,/node/cpu_percent,34.508816
1779184075.412,/node/cpu_percent,33.759590
1779184075.562,/node/cpu_percent,32.992329
1779184075.624,/node/cpu_percent,33.163265
1779184075.912,/node/cpu_percent,33.501259
1779184076.062,/node/cpu_percent,34.912720
1779184076.126,/node/cpu_percent,35.012596
1779184076.412,/node/cpu_percent,35.696201
1779184076.562,/node/cpu_percent,36.040607
1779184076.627,/node/cpu_percent,35.839600
1779184076.910,/node/cpu_percent,35.678391
1779184077.064,/node/cpu_percent,34.848484
1779184077.125,/node/cpu_percent,35.427135
1779184077.411,/node/cpu_percent,34.924622
1779184077.562,/node/cpu_percent,36.408978
1779184077.626,/node/cpu_percent,36.020149
1779184077.912,/node/cpu_percent,36.972706
1779184078.062,/node/cpu_percent,35.980148
1779184078.125,/node/cpu_percent,35.732010
1779184078.412,/node/cpu_percent,35.588974
1779184078.562,/node/cpu_percent,34.936710
1779184078.624,/node/cpu_percent,34.936710
1779184078.913,/node/cpu_percent,34.430378
1779184079.062,/node/cpu_percent,34.760704
1779184079.124,/node/cpu_percent,34.508816
1779184079.411,/node/cpu_percent,34.760704
1779184079.562,/node/cpu_percent,34.508816
1779184079.624,/node/cpu_percent,34.924622
1779184079.912,/node/cpu_percent,33.756344
1779184080.062,/node/cpu_percent,33.838383
1779184080.126,/node/cpu_percent,33.838383
1779184080.414,/node/cpu_percent,34.848484
1779184080.562,/node/cpu_percent,34.693878
1779184080.628,/node/cpu_percent,34.526855
1779184080.912,/node/cpu_percent,34.096691
1779184081.064,/node/cpu_percent,34.673367
1779184081.126,/node/cpu_percent,35.768261
1779184081.412,/node/cpu_percent,45.161289
1779184081.562,/node/cpu_percent,48.362720
1779184081.625,/node/cpu_percent,48.621555
1779184081.910,/node/cpu_percent,48.232323
1779184082.064,/node/cpu_percent,45.864662
1779184082.125,/node/cpu_percent,44.611530
1779184082.411,/node/cpu_percent,38.190956
1779184082.562,/node/cpu_percent,37.655861
1779184082.624,/node/cpu_percent,37.655861
1779184082.912,/node/cpu_percent,36.228287
1779184083.064,/node/cpu_percent,35.572140
1779184083.124,/node/cpu_percent,35.732010
1779184083.412,/node/cpu_percent,40.151516
1779184083.562,/node/cpu_percent,39.641945
1779184083.626,/node/cpu_percent,39.386189
1779184083.912,/node/cpu_percent,33.670887
1779184084.061,/node/cpu_percent,34.005039
1779184084.124,/node/cpu_percent,34.090908
1779184084.411,/node/cpu_percent,35.012596
1779184084.563,/node/cpu_percent,34.595959
1779184084.626,/node/cpu_percent,35.660847
1779184084.912,/node/cpu_percent,34.335838
1779184085.062,/node/cpu_percent,34.500000
1779184085.124,/node/cpu_percent,33.919598
1779184085.412,/node/cpu_percent,33.838383
1779184085.562,/node/cpu_percent,34.343433
1779184085.624,/node/cpu_percent,33.587788
1779184085.911,/node/cpu_percent,34.825871
1779184086.062,/node/cpu_percent,34.413963
1779184086.124,/node/cpu_percent,34.663342
1779184086.412,/node/cpu_percent,33.924049
1779184086.562,/node/cpu_percent,34.595959
1779184086.624,/node/cpu_percent,34.508816
1779184086.910,/node/cpu_percent,34.673367
1779184087.062,/node/cpu_percent,35.235733
1779184087.126,/node/cpu_percent,35.323383
1779184087.412,/node/cpu_percent,35.323383
1779184087.563,/node/cpu_percent,35.101009
1779184087.624,/node/cpu_percent,35.189873
1779184087.914,/node/cpu_percent,36.250000
1779184088.062,/node/cpu_percent,35.891090
1779184088.125,/node/cpu_percent,35.872234
1779184088.412,/node/cpu_percent,34.586468
1779184088.563,/node/cpu_percent,34.343433
1779184088.626,/node/cpu_percent,34.760704
1779184088.914,/node/cpu_percent,35.660847
1779184089.062,/node/cpu_percent,35.732010
1779184089.126,/node/cpu_percent,35.087719
1779184089.412,/node/cpu_percent,33.676094
1779184089.562,/node/cpu_percent,33.333332
1779184089.625,/node/cpu_percent,33.846153
1779184089.912,/node/cpu_percent,34.263958
1779184090.062,/node/cpu_percent,35.353535
1779184090.124,/node/cpu_percent,35.025379
1779184090.412,/node/cpu_percent,36.683418
1779184090.562,/node/cpu_percent,35.678391
1779184090.625,/node/cpu_percent,36.340851
1779184090.912,/node/cpu_percent,34.760704
1779184091.062,/node/cpu_percent,34.771572
1779184091.127,/node/cpu_percent,35.443039
1779184091.412,/node/cpu_percent,43.544304
1779184091.564,/node/cpu_percent,47.208122
1779184091.624,/node/cpu_percent,47.582699
1779184091.913,/node/cpu_percent,48.370926
1779184092.064,/node/cpu_percent,46.231155
1779184092.125,/node/cpu_percent,44.332493
1779184092.412,/node/cpu_percent,36.775818
1779184092.565,/node/cpu_percent,35.500000
1779184092.624,/node/cpu_percent,36.228287
1779184092.912,/node/cpu_percent,35.087719
1779184093.062,/node/cpu_percent,34.673367
1779184093.126,/node/cpu_percent,33.842239
1779184093.413,/node/cpu_percent,34.848484
1779184093.563,/node/cpu_percent,35.338345
1779184093.624,/node/cpu_percent,36.069653
1779184093.911,/node/cpu_percent,35.087719
1779184094.062,/node/cpu_percent,34.848484
1779184094.125,/node/cpu_percent,34.430378
1779184094.412,/node/cpu_percent,35.189873
1779184094.563,/node/cpu_percent,36.318409
1779184094.626,/node/cpu_percent,36.228287
1779184094.912,/node/cpu_percent,35.500000
1779184095.062,/node/cpu_percent,34.177216
1779184095.125,/node/cpu_percent,34.351147
1779184095.412,/node/cpu_percent,33.756344
1779184095.563,/node/cpu_percent,34.177216
1779184095.626,/node/cpu_percent,33.838383
1779184095.912,/node/cpu_percent,36.250000
1779184096.062,/node/cpu_percent,35.516373
1779184096.125,/node/cpu_percent,36.090225
1779184096.412,/node/cpu_percent,34.170853
1779184096.563,/node/cpu_percent,34.837093
1779184096.626,/node/cpu_percent,34.343433
1779184096.911,/node/cpu_percent,35.175880
1779184097.064,/node/cpu_percent,35.000000
1779184097.126,/node/cpu_percent,34.586468
1779184097.412,/node/cpu_percent,33.753147
1779184097.563,/node/cpu_percent,33.502537
1779184097.625,/node/cpu_percent,35.858585
1779184097.912,/node/cpu_percent,36.040607
1779184098.063,/node/cpu_percent,36.363636
1779184098.126,/node/cpu_percent,34.760704
1779184098.412,/node/cpu_percent,35.588974
1779184098.564,/node/cpu_percent,34.936710
1779184098.626,/node/cpu_percent,35.189873
1779184098.912,/node/cpu_percent,34.102566
1779184099.064,/node/cpu_percent,34.438774
1779184099.125,/node/cpu_percent,34.438774
1779184099.411,/node/cpu_percent,35.910225
1779184099.563,/node/cpu_percent,36.567165
1779184099.625,/node/cpu_percent,36.069653
1779184099.912,/node/cpu_percent,34.760704
1779184100.065,/node/cpu_percent,34.673367
1779184100.125,/node/cpu_percent,35.588974
1779184100.412,/node/cpu_percent,37.343357
1779184100.562,/node/cpu_percent,38.035263
1779184100.625,/node/cpu_percent,38.035263
1779184100.913,/node/cpu_percent,36.802029
1779184101.063,/node/cpu_percent,35.443039
1779184101.125,/node/cpu_percent,36.020149
1779184101.413,/node/cpu_percent,43.434345
1779184101.563,/node/cpu_percent,47.594936
1779184101.625,/node/cpu_percent,48.081841
1779184101.912,/node/cpu_percent,47.328243
1779184102.063,/node/cpu_percent,44.949493
1779184102.125,/node/cpu_percent,43.291138
1779184102.412,/node/cpu_percent,36.180904
1779184102.562,/node/cpu_percent,34.673367
1779184102.628,/node/cpu_percent,34.825871
1779184102.912,/node/cpu_percent,34.577114
1779184103.063,/node/cpu_percent,34.413963
1779184103.125,/node/cpu_percent,33.753147
1779184103.412,/node/cpu_percent,39.185749
1779184103.565,/node/cpu_percent,39.440205
1779184103.625,/node/cpu_percent,40.703518
1779184103.912,/node/cpu_percent,35.820896
1779184104.061,/node/cpu_percent,36.543209
1779184104.126,/node/cpu_percent,35.750000
1779184104.412,/node/cpu_percent,35.660847
1779184104.565,/node/cpu_percent,35.323383
1779184104.627,/node/cpu_percent,35.074627
1779184104.912,/node/cpu_percent,34.422112
1779184105.067,/node/cpu_percent,34.090908
1779184105.126,/node/cpu_percent,34.256927
1779184105.412,/node/cpu_percent,34.430378
1779184105.563,/node/cpu_percent,34.015347
1779184105.625,/node/cpu_percent,33.759590
1779184105.913,/node/cpu_percent,34.256927
1779184106.062,/node/cpu_percent,34.170853
1779184106.125,/node/cpu_percent,34.422112
1779184106.414,/node/cpu_percent,34.683544
1779184106.563,/node/cpu_percent,35.606060
1779184106.625,/node/cpu_percent,35.443039
1779184106.911,/node/cpu_percent,35.839600
1779184107.063,/node/cpu_percent,35.820896
1779184107.125,/node/cpu_percent,36.069653
1779184107.412,/node/cpu_percent,35.839600
1779184107.563,/node/cpu_percent,36.020149
1779184107.627,/node/cpu_percent,36.842106
1779184107.911,/node/cpu_percent,36.111111
1779184108.063,/node/cpu_percent,35.858585
1779184108.125,/node/cpu_percent,34.605598
1779184108.412,/node/cpu_percent,35.087719
1779184108.564,/node/cpu_percent,34.508816
1779184108.625,/node/cpu_percent,34.987595
1779184108.912,/node/cpu_percent,34.170853
1779184109.063,/node/cpu_percent,34.413963
1779184109.126,/node/cpu_percent,34.170853
1779184109.411,/node/cpu_percent,34.663342
1779184109.562,/node/cpu_percent,34.005039
1779184109.625,/node/cpu_percent,34.005039
1779184109.912,/node/cpu_percent,33.417721
1779184110.063,/node/cpu_percent,33.417721
1779184110.125,/node/cpu_percent,33.502537
1779184110.414,/node/cpu_percent,35.839600
1779184110.563,/node/cpu_percent,35.839600
1779184110.625,/node/cpu_percent,35.910225
1779184110.912,/node/cpu_percent,33.333332
1779184111.063,/node/cpu_percent,33.502537
1779184111.125,/node/cpu_percent,34.948978
1779184111.414,/node/cpu_percent,42.893402
1779184111.562,/node/cpu_percent,47.727272
1779184111.626,/node/cpu_percent,48.101265
1779184111.911,/node/cpu_percent,49.747475
1779184112.063,/node/cpu_percent,46.851387
1779184112.125,/node/cpu_percent,45.226131
1779184112.412,/node/cpu_percent,37.000000
1779184112.566,/node/cpu_percent,35.588974
1779184112.625,/node/cpu_percent,35.012596
1779184112.914,/node/cpu_percent,34.256927
1779184113.063,/node/cpu_percent,33.502537
1779184113.125,/node/cpu_percent,33.502537
1779184113.414,/node/cpu_percent,34.005039
1779184113.563,/node/cpu_percent,34.912720
1779184113.624,/node/cpu_percent,35.235733
1779184113.912,/node/cpu_percent,34.586468
1779184114.062,/node/cpu_percent,34.343433
1779184114.125,/node/cpu_percent,34.256927
1779184114.413,/node/cpu_percent,34.422112
1779184114.563,/node/cpu_percent,33.417721
1779184114.626,/node/cpu_percent,33.502537
1779184114.912,/node/cpu_percent,32.390747
1779184115.063,/node/cpu_percent,32.736572
1779184115.124,/node/cpu_percent,32.736572
1779184115.412,/node/cpu_percent,33.919598
1779184115.563,/node/cpu_percent,34.825871
1779184115.627,/node/cpu_percent,34.739452
1779184115.912,/node/cpu_percent,34.170853
1779184116.064,/node/cpu_percent,34.183674
1779184116.125,/node/cpu_percent,33.846153
1779184116.413,/node/cpu_percent,35.338345
1779184116.562,/node/cpu_percent,35.235733
1779184116.625,/node/cpu_percent,35.483871
1779184116.912,/node/cpu_percent,34.422112
1779184117.063,/node/cpu_percent,34.005039
1779184117.125,/node/cpu_percent,33.919598
1779184117.412,/node/cpu_percent,34.500000
1779184117.563,/node/cpu_percent,35.074627
1779184117.625,/node/cpu_percent,35.572140
1779184117.912,/node/cpu_percent,36.658356
1779184118.063,/node/cpu_percent,36.842106
1779184118.125,/node/cpu_percent,36.500000
1779184118.414,/node/cpu_percent,35.114502
1779184118.562,/node/cpu_percent,35.101009
1779184118.625,/node/cpu_percent,34.860050
1779184118.914,/node/cpu_percent,35.175880
1779184119.063,/node/cpu_percent,34.430378
1779184119.126,/node/cpu_percent,35.087719
1779184119.412,/node/cpu_percent,34.860050
1779184119.565,/node/cpu_percent,35.353535
1779184119.627,/node/cpu_percent,35.368958
1779184119.913,/node/cpu_percent,35.012596
1779184120.063,/node/cpu_percent,34.526855
1779184120.126,/node/cpu_percent,34.936710
1779184120.413,/node/cpu_percent,36.548222
1779184120.563,/node/cpu_percent,37.688442
1779184120.625,/node/cpu_percent,36.548222
1779184120.911,/node/cpu_percent,38.987343
1779184121.063,/node/cpu_percent,39.185749
1779184121.124,/node/cpu_percent,40.862946
1779184121.412,/node/cpu_percent,47.738693
1779184121.563,/node/cpu_percent,50.877193
1779184121.626,/node/cpu_percent,50.881611
1779184121.913,/node/cpu_percent,49.113926
1779184122.063,/node/cpu_percent,46.192894
1779184122.125,/node/cpu_percent,45.202019
1779184122.414,/node/cpu_percent,40.253166
1779184122.563,/node/cpu_percent,39.097744
1779184122.625,/node/cpu_percent,39.250000
1779184122.914,/node/cpu_percent,36.567165
1779184123.063,/node/cpu_percent,36.724567
1779184123.126,/node/cpu_percent,36.408978
1779184123.412,/node/cpu_percent,39.386189
1779184123.563,/node/cpu_percent,39.276485
1779184123.625,/node/cpu_percent,39.331619
1779184123.915,/node/cpu_percent,35.623409
1779184124.062,/node/cpu_percent,35.858585
1779184124.130,/node/cpu_percent,35.858585
1779184124.413,/node/cpu_percent,35.500000
1779184124.563,/node/cpu_percent,35.572140
1779184124.625,/node/cpu_percent,35.323383
1779184124.913,/node/cpu_percent,34.335838
1779184125.065,/node/cpu_percent,33.753147
1779184125.127,/node/cpu_percent,33.753147
1779184125.414,/node/cpu_percent,35.061729
1779184125.563,/node/cpu_percent,34.739452
1779184125.627,/node/cpu_percent,34.739452
1779184125.916,/node/cpu_percent,36.432159
1779184126.063,/node/cpu_percent,36.591480
1779184126.125,/node/cpu_percent,36.775818
1779184126.412,/node/cpu_percent,34.760704
1779184126.563,/node/cpu_percent,34.860050
1779184126.626,/node/cpu_percent,35.012596
1779184126.912,/node/cpu_percent,35.768261
1779184127.065,/node/cpu_percent,35.427135
1779184127.130,/node/cpu_percent,35.353535
1779184127.413,/node/cpu_percent,34.924622
1779184127.563,/node/cpu_percent,35.820896
1779184127.627,/node/cpu_percent,35.660847
1779184127.913,/node/cpu_percent,35.189873
1779184128.063,/node/cpu_percent,34.936710
1779184128.127,/node/cpu_percent,34.438774
1779184128.413,/node/cpu_percent,35.500000
1779184128.563,/node/cpu_percent,35.910225
1779184128.628,/node/cpu_percent,36.386139
1779184128.913,/node/cpu_percent,36.296295
1779184129.063,/node/cpu_percent,35.162094
1779184129.125,/node/cpu_percent,35.162094
1779184129.412,/node/cpu_percent,35.294117
1779184129.563,/node/cpu_percent,36.294415
1779184129.625,/node/cpu_percent,36.040607
1779184129.913,/node/cpu_percent,35.732010
1779184130.063,/node/cpu_percent,35.411472
1779184130.125,/node/cpu_percent,35.980148
1779184130.413,/node/cpu_percent,35.500000
1779184130.564,/node/cpu_percent,34.683544
1779184130.627,/node/cpu_percent,34.263958
1779184130.911,/node/cpu_percent,34.595959
1779184131.063,/node/cpu_percent,35.000000
1779184131.127,/node/cpu_percent,36.340851
1779184131.413,/node/cpu_percent,44.274811
1779184131.563,/node/cpu_percent,48.860760
1779184131.626,/node/cpu_percent,49.363869
1779184131.913,/node/cpu_percent,48.346054
1779184132.063,/node/cpu_percent,45.038166
1779184132.125,/node/cpu_percent,43.291138
1779184132.413,/node/cpu_percent,34.936710
1779184132.563,/node/cpu_percent,34.005039
1779184132.625,/node/cpu_percent,33.502537
1779184132.913,/node/cpu_percent,33.417721
1779184133.063,/node/cpu_percent,32.824429
1779184133.127,/node/cpu_percent,33.164558
1779184133.412,/node/cpu_percent,34.673367
1779184133.563,/node/cpu_percent,34.693878
1779184133.627,/node/cpu_percent,35.532993
1779184133.913,/node/cpu_percent,35.279186
1779184134.062,/node/cpu_percent,36.000000
1779184134.128,/node/cpu_percent,35.250000
1779184134.413,/node/cpu_percent,35.012596
1779184134.563,/node/cpu_percent,34.430378
1779184134.627,/node/cpu_percent,34.430378
1779184134.913,/node/cpu_percent,34.177216
1779184135.064,/node/cpu_percent,34.256927
1779184135.125,/node/cpu_percent,34.263958
1779184135.413,/node/cpu_percent,34.595959
1779184135.563,/node/cpu_percent,34.351147
1779184135.626,/node/cpu_percent,34.263958
1779184135.913,/node/cpu_percent,34.673367
1779184136.066,/node/cpu_percent,35.250000
1779184136.127,/node/cpu_percent,35.732010
1779184136.414,/node/cpu_percent,35.678391
1779184136.563,/node/cpu_percent,36.180904
1779184136.626,/node/cpu_percent,35.929649
1779184136.911,/node/cpu_percent,35.427135
1779184137.062,/node/cpu_percent,34.508816
1779184137.125,/node/cpu_percent,34.010151
1779184137.412,/node/cpu_percent,34.177216
1779184137.565,/node/cpu_percent,34.096691
1779184137.626,/node/cpu_percent,34.351147
1779184137.913,/node/cpu_percent,34.860050
1779184138.063,/node/cpu_percent,35.264484
1779184138.126,/node/cpu_percent,35.338345
1779184138.413,/node/cpu_percent,35.572140
1779184138.566,/node/cpu_percent,35.660847
1779184138.626,/node/cpu_percent,36.228287
1779184138.915,/node/cpu_percent,34.912720
1779184139.064,/node/cpu_percent,34.739452
1779184139.126,/node/cpu_percent,34.005039
1779184139.413,/node/cpu_percent,34.750000
1779184139.563,/node/cpu_percent,34.096691
1779184139.627,/node/cpu_percent,34.586468
1779184139.914,/node/cpu_percent,34.090908
1779184140.063,/node/cpu_percent,34.250000
1779184140.125,/node/cpu_percent,34.005039
1779184140.413,/node/cpu_percent,34.090908
1779184140.563,/node/cpu_percent,35.427135
1779184140.626,/node/cpu_percent,35.427135
1779184140.912,/node/cpu_percent,35.427135
1779184141.065,/node/cpu_percent,34.430378
1779184141.127,/node/cpu_percent,36.040607
1779184141.412,/node/cpu_percent,43.877552
1779184141.564,/node/cpu_percent,48.600510
1779184141.626,/node/cpu_percent,48.984772
1779184141.912,/node/cpu_percent,50.750000
1779184142.063,/node/cpu_percent,48.750000
1779184142.125,/node/cpu_percent,46.766171
1779184142.413,/node/cpu_percent,39.849625
1779184142.563,/node/cpu_percent,37.965260
1779184142.626,/node/cpu_percent,37.905235
1779184142.913,/node/cpu_percent,35.250000
1779184143.066,/node/cpu_percent,34.673367
1779184143.125,/node/cpu_percent,34.343433
1779184143.413,/node/cpu_percent,40.554157
1779184143.564,/node/cpu_percent,40.554157
1779184143.625,/node/cpu_percent,40.703518
1779184143.913,/node/cpu_percent,34.508816
1779184144.062,/node/cpu_percent,34.673367
1779184144.126,/node/cpu_percent,34.760704
1779184144.413,/node/cpu_percent,35.012596
1779184144.563,/node/cpu_percent,35.264484
1779184144.625,/node/cpu_percent,35.264484
1779184144.913,/node/cpu_percent,35.012596
1779184145.063,/node/cpu_percent,34.351147
1779184145.126,/node/cpu_percent,34.263958
1779184145.412,/node/cpu_percent,34.183674
1779184145.563,/node/cpu_percent,34.673367
1779184145.626,/node/cpu_percent,34.673367
1779184145.912,/node/cpu_percent,34.335838
1779184146.063,/node/cpu_percent,33.333332
1779184146.124,/node/cpu_percent,34.595959
1779184146.413,/node/cpu_percent,35.427135
1779184146.563,/node/cpu_percent,35.678391
1779184146.628,/node/cpu_percent,34.936710
1779184146.911,/node/cpu_percent,34.517765
1779184147.063,/node/cpu_percent,34.263958
1779184147.127,/node/cpu_percent,33.753147
1779184147.413,/node/cpu_percent,34.422112
1779184147.564,/node/cpu_percent,34.586468
1779184147.626,/node/cpu_percent,35.175880
1779184147.912,/node/cpu_percent,37.343357
1779184148.064,/node/cpu_percent,37.905235
1779184148.126,/node/cpu_percent,37.500000
1779184148.414,/node/cpu_percent,34.825871
1779184148.563,/node/cpu_percent,34.085213
1779184148.625,/node/cpu_percent,33.919598
1779184148.913,/node/cpu_percent,32.736572
1779184149.065,/node/cpu_percent,32.564102
1779184149.128,/node/cpu_percent,32.307693
1779184149.413,/node/cpu_percent,33.248730
1779184149.564,/node/cpu_percent,33.333332
1779184149.628,/node/cpu_percent,33.417721
1779184149.914,/node/cpu_percent,33.668343
1779184150.063,/node/cpu_percent,33.585857
1779184150.126,/node/cpu_percent,33.585857
1779184150.413,/node/cpu_percent,32.564102
1779184150.564,/node/cpu_percent,33.585857
1779184150.627,/node/cpu_percent,34.595959
1779184150.913,/node/cpu_percent,35.910225
1779184151.063,/node/cpu_percent,35.101009
1779184151.126,/node/cpu_percent,35.101009
1779184151.413,/node/cpu_percent,43.256996
1779184151.565,/node/cpu_percent,47.848103
1779184151.626,/node/cpu_percent,49.370277
1779184151.915,/node/cpu_percent,49.748745
1779184152.065,/node/cpu_percent,46.835442
1779184152.126,/node/cpu_percent,44.949493
1779184152.413,/node/cpu_percent,35.949368
1779184152.564,/node/cpu_percent,35.087719
1779184152.626,/node/cpu_percent,34.837093
1779184152.913,/node/cpu_percent,34.912720
1779184153.064,/node/cpu_percent,34.422112
1779184153.126,/node/cpu_percent,34.256927
1779184153.413,/node/cpu_percent,34.760704
1779184153.565,/node/cpu_percent,34.683544
1779184153.630,/node/cpu_percent,34.517765
1779184153.912,/node/cpu_percent,34.271099
1779184154.067,/node/cpu_percent,34.438774
1779184154.127,/node/cpu_percent,35.189873
1779184154.414,/node/cpu_percent,34.683544
1779184154.565,/node/cpu_percent,34.673367
1779184154.628,/node/cpu_percent,33.924049
1779184154.913,/node/cpu_percent,33.248081
1779184155.065,/node/cpu_percent,33.503838
1779184155.126,/node/cpu_percent,33.587788
1779184155.413,/node/cpu_percent,34.586468
1779184155.565,/node/cpu_percent,34.987595
1779184155.626,/node/cpu_percent,35.162094
1779184155.913,/node/cpu_percent,36.658356
1779184156.063,/node/cpu_percent,36.202530
1779184156.128,/node/cpu_percent,36.111111
1779184156.413,/node/cpu_percent,34.595959
1779184156.564,/node/cpu_percent,35.411472
1779184156.627,/node/cpu_percent,35.572140
1779184156.912,/node/cpu_percent,36.815922
1779184157.064,/node/cpu_percent,36.658356
1779184157.126,/node/cpu_percent,36.500000
1779184157.415,/node/cpu_percent,35.025379
1779184157.565,/node/cpu_percent,34.517765
1779184157.626,/node/cpu_percent,34.351147
1779184157.914,/node/cpu_percent,36.090225
1779184158.064,/node/cpu_percent,37.121212
1779184158.126,/node/cpu_percent,37.121212
1779184158.413,/node/cpu_percent,34.693878
1779184158.563,/node/cpu_percent,32.564102
1779184158.626,/node/cpu_percent,32.736572
1779184158.915,/node/cpu_percent,33.248730
1779184159.064,/node/cpu_percent,34.837093
1779184159.127,/node/cpu_percent,34.912720
1779184159.412,/node/cpu_percent,33.838383
1779184159.564,/node/cpu_percent,33.248730
1779184159.626,/node/cpu_percent,33.248081
1779184159.914,/node/cpu_percent,35.012596
1779184160.064,/node/cpu_percent,35.858585
1779184160.126,/node/cpu_percent,36.090225
1779184160.413,/node/cpu_percent,35.768261
1779184160.563,/node/cpu_percent,34.936710
1779184160.626,/node/cpu_percent,34.605598
1779184160.914,/node/cpu_percent,35.532993
1779184161.065,/node/cpu_percent,35.750000
1779184161.126,/node/cpu_percent,36.775818
1779184161.413,/node/cpu_percent,43.609024
1779184161.564,/node/cpu_percent,47.869675
1779184161.626,/node/cpu_percent,48.009949
1779184161.913,/node/cpu_percent,48.507462
1779184162.064,/node/cpu_percent,45.864662
1779184162.128,/node/cpu_percent,45.000000
1779184162.413,/node/cpu_percent,37.562187
1779184162.563,/node/cpu_percent,35.891090
1779184162.627,/node/cpu_percent,35.483871
1779184162.916,/node/cpu_percent,34.673367
1779184163.067,/node/cpu_percent,34.343433
1779184163.126,/node/cpu_percent,34.343433
1779184163.414,/node/cpu_percent,39.746834
1779184163.566,/node/cpu_percent,40.151516
1779184163.626,/node/cpu_percent,39.847717
1779184163.913,/node/cpu_percent,34.263958
1779184164.062,/node/cpu_percent,33.846153
1779184164.126,/node/cpu_percent,34.183674
1779184164.412,/node/cpu_percent,33.759590
1779184164.564,/node/cpu_percent,33.842239
1779184164.626,/node/cpu_percent,33.587788
1779184164.914,/node/cpu_percent,34.508816
1779184165.064,/node/cpu_percent,34.170853
1779184165.126,/node/cpu_percent,34.586468
1779184165.413,/node/cpu_percent,34.170853
1779184165.564,/node/cpu_percent,34.508816
1779184165.627,/node/cpu_percent,34.090908
1779184165.913,/node/cpu_percent,34.508816
1779184166.064,/node/cpu_percent,35.175880
1779184166.126,/node/cpu_percent,35.427135
1779184166.413,/node/cpu_percent,36.775818
1779184166.564,/node/cpu_percent,36.523930
1779184166.626,/node/cpu_percent,36.272041
1779184166.912,/node/cpu_percent,34.508816
1779184167.064,/node/cpu_percent,33.502537
1779184167.126,/node/cpu_percent,33.924049
1779184167.413,/node/cpu_percent,33.418365
1779184167.564,/node/cpu_percent,34.096691
1779184167.626,/node/cpu_percent,33.589745
1779184167.914,/node/cpu_percent,35.114502
1779184168.064,/node/cpu_percent,35.279186
1779184168.126,/node/cpu_percent,35.839600
1779184168.414,/node/cpu_percent,34.683544
1779184168.563,/node/cpu_percent,35.087719
1779184168.626,/node/cpu_percent,34.517765
1779184168.913,/node/cpu_percent,39.042820
1779184169.064,/node/cpu_percent,38.832489
1779184169.128,/node/cpu_percent,38.888889
1779184169.415,/node/cpu_percent,34.090908
1779184169.564,/node/cpu_percent,33.670887
1779184169.626,/node/cpu_percent,33.587788
1779184169.913,/node/cpu_percent,34.177216
1779184170.064,/node/cpu_percent,33.502537
1779184170.126,/node/cpu_percent,34.005039
1779184170.413,/node/cpu_percent,33.248730
1779184170.565,/node/cpu_percent,34.170853
1779184170.628,/node/cpu_percent,33.753147
1779184170.914,/node/cpu_percent,33.838383
1779184171.066,/node/cpu_percent,34.430378
1779184171.126,/node/cpu_percent,35.949368
1779184171.415,/node/cpu_percent,44.162437
1779184171.564,/node/cpu_percent,47.969543
1779184171.626,/node/cpu_percent,48.362720
1779184171.912,/node/cpu_percent,49.122807
1779184172.064,/node/cpu_percent,46.733669
1779184172.126,/node/cpu_percent,45.202019
1779184172.416,/node/cpu_percent,37.810944
1779184172.564,/node/cpu_percent,36.069653
1779184172.626,/node/cpu_percent,36.318409
1779184172.915,/node/cpu_percent,34.683544
1779184173.064,/node/cpu_percent,34.096691
1779184173.126,/node/cpu_percent,34.343433
1779184173.414,/node/cpu_percent,35.750000
1779184173.564,/node/cpu_percent,36.159599
1779184173.626,/node/cpu_percent,35.839600
1779184173.915,/node/cpu_percent,35.175880
1779184174.064,/node/cpu_percent,35.175880
1779184174.126,/node/cpu_percent,34.693878
1779184174.412,/node/cpu_percent,34.183674
1779184174.564,/node/cpu_percent,34.771572
1779184174.626,/node/cpu_percent,35.012596
1779184174.914,/node/cpu_percent,36.090225
1779184175.064,/node/cpu_percent,35.353535
1779184175.126,/node/cpu_percent,35.101009
1779184175.414,/node/cpu_percent,34.015347
1779184175.567,/node/cpu_percent,34.177216
1779184175.626,/node/cpu_percent,34.010151
1779184175.914,/node/cpu_percent,34.577114
1779184176.064,/node/cpu_percent,34.335838
1779184176.125,/node/cpu_percent,34.413963
1779184176.414,/node/cpu_percent,33.585857
1779184176.564,/node/cpu_percent,35.012596
1779184176.626,/node/cpu_percent,34.924622
1779184176.912,/node/cpu_percent,35.660847
1779184177.064,/node/cpu_percent,34.000000
1779184177.127,/node/cpu_percent,34.328358
1779184177.413,/node/cpu_percent,33.164558
1779184177.564,/node/cpu_percent,33.585857
1779184177.628,/node/cpu_percent,33.670887
1779184177.913,/node/cpu_percent,35.839600
1779184178.065,/node/cpu_percent,35.678391
1779184178.126,/node/cpu_percent,35.279186
1779184178.414,/node/cpu_percent,34.090908
1779184178.564,/node/cpu_percent,34.177216
1779184178.626,/node/cpu_percent,34.256927
1779184178.914,/node/cpu_percent,35.000000
1779184179.064,/node/cpu_percent,34.900990
1779184179.126,/node/cpu_percent,34.987595
1779184179.413,/node/cpu_percent,33.753147
1779184179.565,/node/cpu_percent,34.256927
1779184179.626,/node/cpu_percent,33.838383
1779184179.916,/node/cpu_percent,33.585857
1779184180.064,/node/cpu_percent,33.078880
1779184180.128,/node/cpu_percent,33.502537
1779184180.413,/node/cpu_percent,34.586468
1779184180.564,/node/cpu_percent,34.500000
1779184180.626,/node/cpu_percent,34.663342
1779184180.915,/node/cpu_percent,35.338345
1779184181.063,/node/cpu_percent,39.598999
1779184181.125,/node/cpu_percent,41.353382
1779184181.414,/node/cpu_percent,50.250000
1779184181.564,/node/cpu_percent,52.250000
1779184181.627,/node/cpu_percent,52.867832
1779184181.914,/node/cpu_percent,50.881611
1779184182.066,/node/cpu_percent,47.132168
1779184182.126,/node/cpu_percent,44.638405
1779184182.412,/node/cpu_percent,37.406483
1779184182.564,/node/cpu_percent,39.500000
1779184182.626,/node/cpu_percent,39.447235
1779184182.913,/node/cpu_percent,39.401497
1779184183.064,/node/cpu_percent,34.750000
1779184183.127,/node/cpu_percent,34.825871
1779184183.414,/node/cpu_percent,39.598999
1779184183.564,/node/cpu_percent,39.393940
1779184183.627,/node/cpu_percent,39.030613
1779184183.914,/node/cpu_percent,34.096691
1779184184.064,/node/cpu_percent,34.102566
1779184184.127,/node/cpu_percent,35.353535
1779184184.413,/node/cpu_percent,34.263958
1779184184.566,/node/cpu_percent,34.508816
1779184184.627,/node/cpu_percent,33.924049
1779184184.913,/node/cpu_percent,34.090908
1779184185.064,/node/cpu_percent,33.924049
1779184185.127,/node/cpu_percent,33.670887
1779184185.414,/node/cpu_percent,34.085213
1779184185.567,/node/cpu_percent,34.250000
1779184185.626,/node/cpu_percent,34.170853
1779184185.914,/node/cpu_percent,36.111111
1779184186.064,/node/cpu_percent,36.616161
1779184186.126,/node/cpu_percent,36.775818
1779184186.414,/node/cpu_percent,35.264484
1779184186.564,/node/cpu_percent,35.353535
1779184186.626,/node/cpu_percent,35.189873
1779184186.912,/node/cpu_percent,36.363636
1779184187.065,/node/cpu_percent,35.768261
1779184187.127,/node/cpu_percent,35.929649
1779184187.414,/node/cpu_percent,35.000000
1779184187.565,/node/cpu_percent,34.586468
1779184187.627,/node/cpu_percent,34.586468
1779184187.914,/node/cpu_percent,35.427135
1779184188.064,/node/cpu_percent,35.353535
1779184188.126,/node/cpu_percent,35.353535
1779184188.416,/node/cpu_percent,34.010151
1779184188.564,/node/cpu_percent,35.087719
1779184188.629,/node/cpu_percent,34.760704
1779184188.914,/node/cpu_percent,35.516373
1779184009.063,/node/gpu_percent,74.800003
1779184009.125,/node/gpu_percent,81.300003
1779184009.414,/node/gpu_percent,1.900000
1779184009.563,/node/gpu_percent,16.100000
1779184009.625,/node/gpu_percent,39.500000
1779184009.913,/node/gpu_percent,2.300000
1779184010.063,/node/gpu_percent,91.300003
1779184010.128,/node/gpu_percent,44.099998
1779184010.415,/node/gpu_percent,53.400002
1779184010.566,/node/gpu_percent,80.199997
1779184010.627,/node/gpu_percent,0.000000
1779184010.915,/node/gpu_percent,47.000000
1779184011.063,/node/gpu_percent,31.500000
1779184011.127,/node/gpu_percent,62.900002
1779184011.414,/node/gpu_percent,72.699997
1779184011.564,/node/gpu_percent,22.000000
1779184011.627,/node/gpu_percent,0.000000
1779184011.915,/node/gpu_percent,75.500000
1779184012.066,/node/gpu_percent,50.000000
1779184012.127,/node/gpu_percent,35.099998
1779184012.413,/node/gpu_percent,77.900002
1779184012.566,/node/gpu_percent,5.200000
1779184012.627,/node/gpu_percent,0.000000
1779184012.915,/node/gpu_percent,69.800003
1779184013.063,/node/gpu_percent,41.900002
1779184013.127,/node/gpu_percent,43.200001
1779184013.416,/node/gpu_percent,91.400002
1779184013.564,/node/gpu_percent,1.600000
1779184013.628,/node/gpu_percent,79.300003
1779184013.914,/node/gpu_percent,79.900002
1779184014.064,/node/gpu_percent,55.299999
1779184014.126,/node/gpu_percent,29.200001
1779184014.416,/node/gpu_percent,76.699997
1779184014.565,/node/gpu_percent,12.400000
1779184014.628,/node/gpu_percent,71.300003
1779184014.916,/node/gpu_percent,81.199997
1779184015.065,/node/gpu_percent,6.300000
1779184015.128,/node/gpu_percent,46.900002
1779184015.413,/node/gpu_percent,3.500000
1779184015.565,/node/gpu_percent,0.000000
1779184015.627,/node/gpu_percent,82.900002
1779184015.913,/node/gpu_percent,38.099998
1779184016.064,/node/gpu_percent,32.400002
1779184016.127,/node/gpu_percent,53.799999
1779184016.414,/node/gpu_percent,0.000000
1779184016.563,/node/gpu_percent,2.100000
1779184016.627,/node/gpu_percent,87.900002
1779184016.911,/node/gpu_percent,51.900002
1779184017.067,/node/gpu_percent,17.100000
1779184017.131,/node/gpu_percent,43.599998
1779184017.415,/node/gpu_percent,0.000000
1779184017.563,/node/gpu_percent,4.500000
1779184017.627,/node/gpu_percent,53.900002
1779184017.914,/node/gpu_percent,1.600000
1779184018.063,/node/gpu_percent,82.900002
1779184018.127,/node/gpu_percent,0.000000
1779184018.417,/node/gpu_percent,40.599998
1779184018.567,/node/gpu_percent,36.400002
1779184018.625,/node/gpu_percent,0.000000
1779184018.914,/node/gpu_percent,80.000000
1779184019.063,/node/gpu_percent,46.299999
1779184019.126,/node/gpu_percent,49.200001
1779184019.414,/node/gpu_percent,85.699997
1779184019.564,/node/gpu_percent,0.000000
1779184019.627,/node/gpu_percent,41.000000
1779184019.917,/node/gpu_percent,16.299999
1779184020.064,/node/gpu_percent,0.000000
1779184020.127,/node/gpu_percent,94.699997
1779184020.413,/node/gpu_percent,46.299999
1779184020.564,/node/gpu_percent,27.799999
1779184020.627,/node/gpu_percent,65.699997
1779184020.914,/node/gpu_percent,0.000000
1779184021.064,/node/gpu_percent,0.000000
1779184021.129,/node/gpu_percent,68.900002
1779184021.413,/node/gpu_percent,12.400000
1779184021.567,/node/gpu_percent,63.700001
1779184021.625,/node/gpu_percent,2.300000
1779184021.911,/node/gpu_percent,13.000000
1779184022.065,/node/gpu_percent,63.500000
1779184022.127,/node/gpu_percent,19.600000
1779184022.413,/node/gpu_percent,90.500000
1779184022.564,/node/gpu_percent,76.800003
1779184022.626,/node/gpu_percent,25.500000
1779184022.916,/node/gpu_percent,74.400002
1779184023.065,/node/gpu_percent,12.600000
1779184023.126,/node/gpu_percent,0.000000
1779184023.414,/node/gpu_percent,53.099998
1779184023.565,/node/gpu_percent,74.099998
1779184023.626,/node/gpu_percent,0.000000
1779184023.914,/node/gpu_percent,11.900000
1779184024.064,/node/gpu_percent,70.800003
1779184024.127,/node/gpu_percent,7.200000
1779184024.411,/node/gpu_percent,55.500000
1779184024.568,/node/gpu_percent,27.700001
1779184024.626,/node/gpu_percent,0.000000
1779184024.915,/node/gpu_percent,26.100000
1779184025.064,/node/gpu_percent,64.699997
1779184025.126,/node/gpu_percent,33.900002
1779184025.413,/node/gpu_percent,72.199997
1779184025.563,/node/gpu_percent,6.400000
1779184025.626,/node/gpu_percent,0.200000
1779184025.913,/node/gpu_percent,44.799999
1779184026.063,/node/gpu_percent,28.100000
1779184026.124,/node/gpu_percent,66.500000
1779184026.413,/node/gpu_percent,62.000000
1779184026.563,/node/gpu_percent,5.300000
1779184026.627,/node/gpu_percent,37.299999
1779184026.912,/node/gpu_percent,32.500000
1779184027.064,/node/gpu_percent,12.000000
1779184027.126,/node/gpu_percent,87.099998
1779184027.414,/node/gpu_percent,54.900002
1779184027.567,/node/gpu_percent,31.900000
1779184027.629,/node/gpu_percent,73.400002
1779184027.913,/node/gpu_percent,3.400000
1779184028.066,/node/gpu_percent,33.700001
1779184028.126,/node/gpu_percent,31.700001
1779184028.415,/node/gpu_percent,0.000000
1779184028.564,/node/gpu_percent,91.000000
1779184028.626,/node/gpu_percent,0.000000
1779184028.915,/node/gpu_percent,13.100000
1779184029.065,/node/gpu_percent,75.699997
1779184029.124,/node/gpu_percent,38.000000
1779184029.413,/node/gpu_percent,58.599998
1779184029.566,/node/gpu_percent,79.800003
1779184029.626,/node/gpu_percent,0.000000
1779184029.914,/node/gpu_percent,13.700000
1779184030.065,/node/gpu_percent,78.599998
1779184030.126,/node/gpu_percent,39.299999
1779184030.414,/node/gpu_percent,49.700001
1779184030.566,/node/gpu_percent,62.099998
1779184030.626,/node/gpu_percent,12.000000
1779184030.913,/node/gpu_percent,0.000000
1779184031.066,/node/gpu_percent,82.300003
1779184031.126,/node/gpu_percent,40.799999
1779184031.414,/node/gpu_percent,53.400002
1779184031.565,/node/gpu_percent,77.000000
1779184031.627,/node/gpu_percent,0.000000
1779184031.913,/node/gpu_percent,25.100000
1779184032.066,/node/gpu_percent,60.799999
1779184032.127,/node/gpu_percent,27.700001
1779184032.413,/node/gpu_percent,78.400002
1779184032.563,/node/gpu_percent,3.000000
1779184032.626,/node/gpu_percent,0.000000
1779184032.915,/node/gpu_percent,77.800003
1779184033.063,/node/gpu_percent,60.900002
1779184033.127,/node/gpu_percent,36.400002
1779184033.415,/node/gpu_percent,84.900002
1779184033.566,/node/gpu_percent,4.200000
1779184033.627,/node/gpu_percent,0.000000
1779184033.914,/node/gpu_percent,77.900002
1779184034.062,/node/gpu_percent,63.299999
1779184034.127,/node/gpu_percent,30.299999
1779184034.412,/node/gpu_percent,77.400002
1779184034.567,/node/gpu_percent,14.800000
1779184034.627,/node/gpu_percent,0.000000
1779184034.915,/node/gpu_percent,79.400002
1779184035.066,/node/gpu_percent,0.000000
1779184035.127,/node/gpu_percent,15.100000
1779184035.414,/node/gpu_percent,27.900000
1779184035.563,/node/gpu_percent,54.599998
1779184035.627,/node/gpu_percent,25.299999
1779184035.913,/node/gpu_percent,47.400002
1779184036.068,/node/gpu_percent,26.400000
1779184036.128,/node/gpu_percent,0.000000
1779184036.414,/node/gpu_percent,66.599998
1779184036.566,/node/gpu_percent,38.700001
1779184036.627,/node/gpu_percent,42.900002
1779184036.911,/node/gpu_percent,79.000000
1779184037.063,/node/gpu_percent,14.800000
1779184037.126,/node/gpu_percent,0.000000
1779184037.413,/node/gpu_percent,88.400002
1779184037.563,/node/gpu_percent,78.599998
1779184037.627,/node/gpu_percent,13.800000
1779184037.915,/node/gpu_percent,68.300003
1779184038.065,/node/gpu_percent,13.200000
1779184038.129,/node/gpu_percent,0.000000
1779184038.416,/node/gpu_percent,63.099998
1779184038.563,/node/gpu_percent,7.900000
1779184038.625,/node/gpu_percent,46.700001
1779184038.914,/node/gpu_percent,92.300003
1779184039.063,/node/gpu_percent,0.000000
1779184039.127,/node/gpu_percent,84.800003
1779184039.413,/node/gpu_percent,33.400002
1779184039.565,/node/gpu_percent,48.299999
1779184039.627,/node/gpu_percent,73.300003
1779184039.915,/node/gpu_percent,0.000000
1779184040.064,/node/gpu_percent,4.500000
1779184040.125,/node/gpu_percent,58.500000
1779184040.415,/node/gpu_percent,6.700000
1779184040.564,/node/gpu_percent,72.000000
1779184040.626,/node/gpu_percent,86.199997
1779184040.914,/node/gpu_percent,18.500000
1779184041.064,/node/gpu_percent,47.700001
1779184041.127,/node/gpu_percent,24.000000
1779184041.414,/node/gpu_percent,0.000000
1779184041.563,/node/gpu_percent,88.599998
1779184041.625,/node/gpu_percent,64.699997
1779184041.913,/node/gpu_percent,8.300000
1779184042.064,/node/gpu_percent,13.800000
1779184042.127,/node/gpu_percent,45.900002
1779184042.414,/node/gpu_percent,0.000000
1779184042.564,/node/gpu_percent,86.300003
1779184042.628,/node/gpu_percent,0.000000
1779184042.914,/node/gpu_percent,10.500000
1779184043.065,/node/gpu_percent,68.699997
1779184043.127,/node/gpu_percent,33.200001
1779184043.414,/node/gpu_percent,0.000000
1779184043.567,/node/gpu_percent,33.900002
1779184043.625,/node/gpu_percent,28.799999
1779184043.913,/node/gpu_percent,10.600000
1779184044.063,/node/gpu_percent,89.500000
1779184044.127,/node/gpu_percent,53.400002
1779184044.415,/node/gpu_percent,13.200000
1779184044.564,/node/gpu_percent,31.299999
1779184044.626,/node/gpu_percent,42.599998
1779184044.914,/node/gpu_percent,9.600000
1779184045.064,/node/gpu_percent,59.000000
1779184045.128,/node/gpu_percent,91.500000
1779184045.415,/node/gpu_percent,32.900002
1779184045.565,/node/gpu_percent,9.200000
1779184045.626,/node/gpu_percent,35.500000
1779184045.914,/node/gpu_percent,49.200001
1779184046.064,/node/gpu_percent,33.900002
1779184046.127,/node/gpu_percent,52.799999
1779184046.413,/node/gpu_percent,87.800003
1779184046.563,/node/gpu_percent,0.000000
1779184046.628,/node/gpu_percent,5.700000
1779184046.911,/node/gpu_percent,50.299999
1779184047.064,/node/gpu_percent,21.299999
1779184047.127,/node/gpu_percent,71.300003
1779184047.414,/node/gpu_percent,68.900002
1779184047.564,/node/gpu_percent,5.800000
1779184047.627,/node/gpu_percent,47.400002
1779184047.914,/node/gpu_percent,17.700001
1779184048.064,/node/gpu_percent,0.000000
1779184048.127,/node/gpu_percent,86.300003
1779184048.413,/node/gpu_percent,54.799999
1779184048.565,/node/gpu_percent,22.799999
1779184048.627,/node/gpu_percent,59.900002
1779184048.911,/node/gpu_percent,6.700000
1779184049.064,/node/gpu_percent,0.000000
1779184049.127,/node/gpu_percent,96.599998
1779184049.413,/node/gpu_percent,45.400002
1779184049.568,/node/gpu_percent,30.700001
1779184049.629,/node/gpu_percent,38.000000
1779184049.915,/node/gpu_percent,0.000000
1779184050.065,/node/gpu_percent,91.800003
1779184050.128,/node/gpu_percent,73.500000
1779184050.414,/node/gpu_percent,30.600000
1779184050.563,/node/gpu_percent,54.400002
1779184050.627,/node/gpu_percent,12.800000
1779184050.915,/node/gpu_percent,0.000000
1779184051.064,/node/gpu_percent,86.099998
1779184051.125,/node/gpu_percent,66.500000
1779184051.413,/node/gpu_percent,20.000000
1779184051.565,/node/gpu_percent,44.799999
1779184051.627,/node/gpu_percent,19.100000
1779184051.911,/node/gpu_percent,28.799999
1779184052.064,/node/gpu_percent,39.900002
1779184052.127,/node/gpu_percent,0.000000
1779184052.416,/node/gpu_percent,58.500000
1779184052.564,/node/gpu_percent,14.600000
1779184052.627,/node/gpu_percent,78.400002
1779184052.913,/node/gpu_percent,40.500000
1779184053.065,/node/gpu_percent,49.900002
1779184053.128,/node/gpu_percent,9.300000
1779184053.413,/node/gpu_percent,20.000000
1779184053.564,/node/gpu_percent,43.599998
1779184053.628,/node/gpu_percent,2.300000
1779184053.913,/node/gpu_percent,61.000000
1779184054.067,/node/gpu_percent,22.600000
1779184054.127,/node/gpu_percent,76.000000
1779184054.416,/node/gpu_percent,74.199997
1779184054.565,/node/gpu_percent,1.800000
1779184054.626,/node/gpu_percent,35.900002
1779184054.915,/node/gpu_percent,30.799999
1779184055.063,/node/gpu_percent,2.000000
1779184055.126,/node/gpu_percent,86.199997
1779184055.415,/node/gpu_percent,56.400002
1779184055.566,/node/gpu_percent,7.100000
1779184055.626,/node/gpu_percent,47.599998
1779184055.915,/node/gpu_percent,14.200000
1779184056.065,/node/gpu_percent,1.600000
1779184056.124,/node/gpu_percent,94.400002
1779184056.414,/node/gpu_percent,2.200000
1779184056.566,/node/gpu_percent,85.900002
1779184056.627,/node/gpu_percent,0.000000
1779184056.913,/node/gpu_percent,61.500000
1779184057.065,/node/gpu_percent,24.500000
1779184057.127,/node/gpu_percent,0.000000
1779184057.413,/node/gpu_percent,90.699997
1779184057.568,/node/gpu_percent,74.599998
1779184057.624,/node/gpu_percent,8.200000
1779184057.914,/node/gpu_percent,65.500000
1779184058.065,/node/gpu_percent,4.400000
1779184058.126,/node/gpu_percent,0.000000
1779184058.417,/node/gpu_percent,45.400002
1779184058.565,/node/gpu_percent,12.000000
1779184058.626,/node/gpu_percent,77.300003
1779184058.916,/node/gpu_percent,76.599998
1779184059.066,/node/gpu_percent,1.900000
1779184059.126,/node/gpu_percent,30.299999
1779184059.412,/node/gpu_percent,20.000000
1779184059.565,/node/gpu_percent,0.000000
1779184059.629,/node/gpu_percent,79.800003
1779184059.914,/node/gpu_percent,4.600000
1779184060.066,/node/gpu_percent,78.000000
1779184060.127,/node/gpu_percent,0.000000
1779184060.415,/node/gpu_percent,55.200001
1779184060.564,/node/gpu_percent,18.400000
1779184060.628,/node/gpu_percent,0.000000
1779184060.912,/node/gpu_percent,53.400002
1779184061.062,/node/gpu_percent,17.900000
1779184061.127,/node/gpu_percent,79.000000
1779184061.415,/node/gpu_percent,76.800003
1779184061.565,/node/gpu_percent,10.000000
1779184061.626,/node/gpu_percent,50.099998
1779184061.916,/node/gpu_percent,12.600000
1779184062.065,/node/gpu_percent,0.000000
1779184062.127,/node/gpu_percent,90.900002
1779184062.418,/node/gpu_percent,88.000000
1779184062.566,/node/gpu_percent,0.000000
1779184062.626,/node/gpu_percent,89.900002
1779184062.916,/node/gpu_percent,57.799999
1779184063.065,/node/gpu_percent,34.700001
1779184063.126,/node/gpu_percent,47.599998
1779184063.416,/node/gpu_percent,75.400002
1779184063.565,/node/gpu_percent,15.500000
1779184063.627,/node/gpu_percent,76.199997
1779184063.913,/node/gpu_percent,92.900002
1779184064.065,/node/gpu_percent,0.000000
1779184064.126,/node/gpu_percent,3.700000
1779184064.412,/node/gpu_percent,52.200001
1779184064.564,/node/gpu_percent,40.299999
1779184064.626,/node/gpu_percent,51.700001
1779184064.914,/node/gpu_percent,95.199997
1779184065.066,/node/gpu_percent,0.000000
1779184065.126,/node/gpu_percent,20.200001
1779184065.415,/node/gpu_percent,35.900002
1779184065.566,/node/gpu_percent,9.200000
1779184065.626,/node/gpu_percent,75.800003
1779184065.915,/node/gpu_percent,89.199997
1779184066.065,/node/gpu_percent,0.000000
1779184066.126,/node/gpu_percent,26.000000
1779184066.413,/node/gpu_percent,15.900000
1779184066.564,/node/gpu_percent,0.000000
1779184066.624,/node/gpu_percent,80.500000
1779184066.911,/node/gpu_percent,43.099998
1779184067.065,/node/gpu_percent,46.700001
1779184067.126,/node/gpu_percent,16.799999
1779184067.413,/node/gpu_percent,10.100000
1779184067.565,/node/gpu_percent,78.699997
1779184067.626,/node/gpu_percent,35.799999
1779184067.913,/node/gpu_percent,88.500000
1779184068.067,/node/gpu_percent,84.800003
1779184068.126,/node/gpu_percent,5.600000
1779184068.416,/node/gpu_percent,69.800003
1779184068.564,/node/gpu_percent,1.600000
1779184068.627,/node/gpu_percent,4.500000
1779184068.918,/node/gpu_percent,38.700001
1779184069.065,/node/gpu_percent,15.800000
1779184069.126,/node/gpu_percent,80.300003
1779184069.415,/node/gpu_percent,56.599998
1779184069.565,/node/gpu_percent,27.400000
1779184069.627,/node/gpu_percent,69.599998
1779184069.914,/node/gpu_percent,2.200000
1779184070.065,/node/gpu_percent,0.000000
1779184070.128,/node/gpu_percent,77.900002
1779184070.414,/node/gpu_percent,13.000000
1779184070.565,/node/gpu_percent,63.500000
1779184070.628,/node/gpu_percent,11.400000
1779184070.915,/node/gpu_percent,4.500000
1779184071.065,/node/gpu_percent,72.199997
1779184071.126,/node/gpu_percent,38.099998
1779184071.416,/node/gpu_percent,6.700000
1779184071.562,/node/gpu_percent,30.799999
1779184071.628,/node/gpu_percent,41.500000
1779184071.914,/node/gpu_percent,2.700000
1779184072.065,/node/gpu_percent,65.800003
1779184072.129,/node/gpu_percent,90.699997
1779184072.416,/node/gpu_percent,24.500000
1779184072.564,/node/gpu_percent,28.500000
1779184072.627,/node/gpu_percent,32.500000
1779184072.914,/node/gpu_percent,2.100000
1779184073.067,/node/gpu_percent,62.000000
1779184073.129,/node/gpu_percent,19.400000
1779184073.414,/node/gpu_percent,97.400002
1779184073.565,/node/gpu_percent,76.900002
1779184073.626,/node/gpu_percent,12.700000
1779184073.919,/node/gpu_percent,77.900002
1779184074.062,/node/gpu_percent,2.000000
1779184074.126,/node/gpu_percent,77.199997
1779184074.417,/node/gpu_percent,70.699997
1779184074.566,/node/gpu_percent,4.500000
1779184074.626,/node/gpu_percent,47.500000
1779184074.915,/node/gpu_percent,1.900000
1779184075.064,/node/gpu_percent,0.000000
1779184075.126,/node/gpu_percent,78.300003
1779184075.417,/node/gpu_percent,32.500000
1779184075.565,/node/gpu_percent,42.900002
1779184075.626,/node/gpu_percent,76.099998
1779184075.915,/node/gpu_percent,0.000000
1779184076.064,/node/gpu_percent,1.900000
1779184076.127,/node/gpu_percent,85.099998
1779184076.414,/node/gpu_percent,52.299999
1779184076.565,/node/gpu_percent,21.600000
1779184076.627,/node/gpu_percent,68.699997
1779184076.912,/node/gpu_percent,0.500000
1779184077.067,/node/gpu_percent,82.900002
1779184077.127,/node/gpu_percent,50.200001
1779184077.415,/node/gpu_percent,10.700000
1779184077.564,/node/gpu_percent,52.299999
1779184077.627,/node/gpu_percent,18.900000
1779184077.914,/node/gpu_percent,33.200001
1779184078.067,/node/gpu_percent,35.000000
1779184078.127,/node/gpu_percent,0.000000
1779184078.420,/node/gpu_percent,38.599998
1779184078.565,/node/gpu_percent,0.000000
1779184078.627,/node/gpu_percent,86.599998
1779184078.915,/node/gpu_percent,1.600000
1779184079.064,/node/gpu_percent,95.199997
1779184079.126,/node/gpu_percent,54.200001
1779184079.415,/node/gpu_percent,88.199997
1779184079.565,/node/gpu_percent,65.400002
1779184079.626,/node/gpu_percent,32.400002
1779184079.915,/node/gpu_percent,78.400002
1779184080.064,/node/gpu_percent,7.000000
1779184080.127,/node/gpu_percent,53.700001
1779184080.415,/node/gpu_percent,0.000000
1779184080.564,/node/gpu_percent,87.099998
1779184080.630,/node/gpu_percent,61.099998
1779184080.914,/node/gpu_percent,1.600000
1779184081.065,/node/gpu_percent,95.000000
1779184081.126,/node/gpu_percent,0.000000
1779184081.417,/node/gpu_percent,63.500000
1779184081.566,/node/gpu_percent,38.599998
1779184081.627,/node/gpu_percent,1.600000
1779184081.912,/node/gpu_percent,92.199997
1779184082.066,/node/gpu_percent,67.699997
1779184082.129,/node/gpu_percent,10.500000
1779184082.415,/node/gpu_percent,38.000000
1779184082.567,/node/gpu_percent,41.299999
1779184082.628,/node/gpu_percent,6.700000
1779184082.917,/node/gpu_percent,87.599998
1779184083.064,/node/gpu_percent,79.500000
1779184083.127,/node/gpu_percent,4.500000
1779184083.417,/node/gpu_percent,60.900002
1779184083.567,/node/gpu_percent,20.299999
1779184083.626,/node/gpu_percent,0.000000
1779184083.914,/node/gpu_percent,66.699997
1779184084.063,/node/gpu_percent,36.500000
1779184084.126,/node/gpu_percent,52.900002
1779184084.413,/node/gpu_percent,72.900002
1779184084.565,/node/gpu_percent,12.200000
1779184084.627,/node/gpu_percent,50.500000
1779184084.914,/node/gpu_percent,0.000000
1779184085.064,/node/gpu_percent,95.199997
1779184085.127,/node/gpu_percent,60.900002
1779184085.414,/node/gpu_percent,52.299999
1779184085.564,/node/gpu_percent,75.900002
1779184085.628,/node/gpu_percent,0.000000
1779184085.915,/node/gpu_percent,36.200001
1779184086.067,/node/gpu_percent,42.599998
1779184086.129,/node/gpu_percent,2.400000
1779184086.414,/node/gpu_percent,93.900002
1779184086.565,/node/gpu_percent,74.800003
1779184086.627,/node/gpu_percent,11.400000
1779184086.912,/node/gpu_percent,66.300003
1779184087.065,/node/gpu_percent,4.600000
1779184087.130,/node/gpu_percent,82.000000
1779184087.416,/node/gpu_percent,60.000000
1779184087.566,/node/gpu_percent,15.500000
1779184087.628,/node/gpu_percent,47.000000
1779184087.915,/node/gpu_percent,91.699997
1779184088.064,/node/gpu_percent,0.000000
1779184088.128,/node/gpu_percent,72.800003
1779184088.414,/node/gpu_percent,8.600000
1779184088.564,/node/gpu_percent,77.300003
1779184088.627,/node/gpu_percent,74.300003
1779184088.915,/node/gpu_percent,80.300003
1779184089.064,/node/gpu_percent,60.000000
1779184089.126,/node/gpu_percent,30.799999
1779184089.420,/node/gpu_percent,87.400002
1779184089.565,/node/gpu_percent,12.200000
1779184089.628,/node/gpu_percent,53.900002
1779184089.914,/node/gpu_percent,0.000000
1779184090.064,/node/gpu_percent,29.700001
1779184090.126,/node/gpu_percent,29.299999
1779184090.414,/node/gpu_percent,0.000000
1779184090.563,/node/gpu_percent,93.800003
1779184090.628,/node/gpu_percent,57.700001
1779184090.915,/node/gpu_percent,48.099998
1779184091.067,/node/gpu_percent,76.800003
1779184091.129,/node/gpu_percent,0.000000
1779184091.414,/node/gpu_percent,19.299999
1779184091.567,/node/gpu_percent,61.200001
1779184091.628,/node/gpu_percent,24.299999
1779184091.914,/node/gpu_percent,39.400002
1779184092.066,/node/gpu_percent,57.900002
1779184092.128,/node/gpu_percent,22.200001
1779184092.415,/node/gpu_percent,87.900002
1779184092.566,/node/gpu_percent,75.699997
1779184092.628,/node/gpu_percent,9.000000
1779184092.915,/node/gpu_percent,61.000000
1779184093.065,/node/gpu_percent,22.299999
1779184093.126,/node/gpu_percent,0.000000
1779184093.415,/node/gpu_percent,57.799999
1779184093.566,/node/gpu_percent,26.600000
1779184093.628,/node/gpu_percent,60.000000
1779184093.913,/node/gpu_percent,72.900002
1779184094.065,/node/gpu_percent,4.700000
1779184094.127,/node/gpu_percent,59.799999
1779184094.414,/node/gpu_percent,21.700001
1779184094.565,/node/gpu_percent,0.000000
1779184094.629,/node/gpu_percent,90.199997
1779184094.914,/node/gpu_percent,36.700001
1779184095.065,/node/gpu_percent,51.400002
1779184095.128,/node/gpu_percent,10.900000
1779184095.416,/node/gpu_percent,0.000000
1779184095.566,/node/gpu_percent,89.599998
1779184095.627,/node/gpu_percent,63.299999
1779184095.919,/node/gpu_percent,45.500000
1779184096.065,/node/gpu_percent,16.400000
1779184096.127,/node/gpu_percent,82.599998
1779184096.415,/node/gpu_percent,55.000000
1779184096.566,/node/gpu_percent,32.700001
1779184096.628,/node/gpu_percent,72.000000
1779184096.913,/node/gpu_percent,0.000000
1779184097.064,/node/gpu_percent,25.900000
1779184097.130,/node/gpu_percent,38.099998
1779184097.414,/node/gpu_percent,0.000000
1779184097.566,/node/gpu_percent,82.699997
1779184097.627,/node/gpu_percent,42.400002
1779184097.914,/node/gpu_percent,14.400000
1779184098.066,/node/gpu_percent,0.000000
1779184098.132,/node/gpu_percent,79.500000
1779184098.415,/node/gpu_percent,17.700001
1779184098.567,/node/gpu_percent,64.300003
1779184098.628,/node/gpu_percent,2.700000
1779184098.916,/node/gpu_percent,0.500000
1779184099.064,/node/gpu_percent,87.699997
1779184099.130,/node/gpu_percent,47.299999
1779184099.413,/node/gpu_percent,63.799999
1779184099.565,/node/gpu_percent,92.199997
1779184099.627,/node/gpu_percent,0.000000
1779184099.915,/node/gpu_percent,37.099998
1779184100.066,/node/gpu_percent,35.900002
1779184100.127,/node/gpu_percent,5.700000
1779184100.414,/node/gpu_percent,91.000000
1779184100.566,/node/gpu_percent,59.700001
1779184100.627,/node/gpu_percent,29.600000
1779184100.916,/node/gpu_percent,68.599998
1779184101.067,/node/gpu_percent,1.900000
1779184101.128,/node/gpu_percent,1.900000
1779184101.416,/node/gpu_percent,38.400002
1779184101.566,/node/gpu_percent,4.700000
1779184101.627,/node/gpu_percent,86.599998
1779184101.918,/node/gpu_percent,56.799999
1779184102.067,/node/gpu_percent,8.800000
1779184102.128,/node/gpu_percent,54.700001
1779184102.415,/node/gpu_percent,1.900000
1779184102.565,/node/gpu_percent,79.099998
1779184102.630,/node/gpu_percent,69.500000
1779184102.915,/node/gpu_percent,46.200001
1779184103.067,/node/gpu_percent,71.400002
1779184103.127,/node/gpu_percent,0.000000
1779184103.417,/node/gpu_percent,26.400000
1779184103.567,/node/gpu_percent,40.500000
1779184103.627,/node/gpu_percent,3.500000
1779184103.917,/node/gpu_percent,82.599998
1779184104.063,/node/gpu_percent,38.599998
1779184104.127,/node/gpu_percent,61.000000
1779184104.417,/node/gpu_percent,46.700001
1779184104.566,/node/gpu_percent,52.099998
1779184104.628,/node/gpu_percent,93.800003
1779184104.914,/node/gpu_percent,43.599998
1779184105.068,/node/gpu_percent,93.900002
1779184105.129,/node/gpu_percent,0.000000
1779184105.414,/node/gpu_percent,36.799999
1779184105.565,/node/gpu_percent,37.200001
1779184105.627,/node/gpu_percent,46.400002
1779184105.922,/node/gpu_percent,92.300003
1779184106.063,/node/gpu_percent,0.000000
1779184106.127,/node/gpu_percent,37.900002
1779184106.415,/node/gpu_percent,14.000000
1779184106.566,/node/gpu_percent,0.000000
1779184106.627,/node/gpu_percent,87.000000
1779184106.914,/node/gpu_percent,35.500000
1779184107.067,/node/gpu_percent,44.599998
1779184107.128,/node/gpu_percent,76.500000
1779184107.415,/node/gpu_percent,0.000000
1779184107.566,/node/gpu_percent,27.700001
1779184107.628,/node/gpu_percent,37.099998
1779184107.913,/node/gpu_percent,0.000000
1779184108.065,/node/gpu_percent,87.400002
1779184108.128,/node/gpu_percent,65.400002
1779184108.415,/node/gpu_percent,27.400000
1779184108.567,/node/gpu_percent,45.000000
1779184108.627,/node/gpu_percent,3.700000
1779184108.915,/node/gpu_percent,29.299999
1779184109.067,/node/gpu_percent,38.099998
1779184109.128,/node/gpu_percent,64.199997
1779184109.418,/node/gpu_percent,69.800003
1779184109.566,/node/gpu_percent,16.900000
1779184109.627,/node/gpu_percent,60.000000
1779184109.917,/node/gpu_percent,0.000000
1779184110.067,/node/gpu_percent,7.800000
1779184110.129,/node/gpu_percent,51.799999
1779184110.416,/node/gpu_percent,90.699997
1779184110.565,/node/gpu_percent,0.000000
1779184110.627,/node/gpu_percent,34.400002
1779184110.914,/node/gpu_percent,3.200000
1779184111.066,/node/gpu_percent,0.000000
1779184111.130,/node/gpu_percent,64.599998
1779184111.415,/node/gpu_percent,8.400000
1779184111.566,/node/gpu_percent,73.199997
1779184111.627,/node/gpu_percent,85.400002
1779184111.912,/node/gpu_percent,15.900000
1779184112.066,/node/gpu_percent,52.299999
1779184112.128,/node/gpu_percent,12.700000
1779184112.416,/node/gpu_percent,4.500000
1779184112.569,/node/gpu_percent,66.300003
1779184112.627,/node/gpu_percent,28.400000
1779184112.916,/node/gpu_percent,95.500000
1779184113.066,/node/gpu_percent,0.000000
1779184113.127,/node/gpu_percent,39.000000
1779184113.414,/node/gpu_percent,0.000000
1779184113.566,/node/gpu_percent,4.500000
1779184113.626,/node/gpu_percent,57.900002
1779184113.914,/node/gpu_percent,0.000000
1779184114.063,/node/gpu_percent,94.099998
1779184114.128,/node/gpu_percent,68.699997
1779184114.417,/node/gpu_percent,28.299999
1779184114.566,/node/gpu_percent,58.799999
1779184114.629,/node/gpu_percent,6.800000
1779184114.918,/node/gpu_percent,0.000000
1779184115.067,/node/gpu_percent,83.300003
1779184115.126,/node/gpu_percent,47.099998
1779184115.414,/node/gpu_percent,54.799999
1779184115.569,/node/gpu_percent,70.099998
1779184115.630,/node/gpu_percent,1.700000
1779184115.914,/node/gpu_percent,0.000000
1779184116.064,/node/gpu_percent,89.699997
1779184116.126,/node/gpu_percent,6.400000
1779184116.416,/node/gpu_percent,68.199997
1779184116.564,/node/gpu_percent,1.600000
1779184116.627,/node/gpu_percent,14.400000
1779184116.914,/node/gpu_percent,19.600000
1779184117.065,/node/gpu_percent,0.000000
1779184117.128,/node/gpu_percent,83.699997
1779184117.415,/node/gpu_percent,24.500000
1779184117.568,/node/gpu_percent,56.500000
1779184117.629,/node/gpu_percent,92.400002
1779184117.917,/node/gpu_percent,25.700001
1779184118.066,/node/gpu_percent,67.800003
1779184118.128,/node/gpu_percent,0.000000
1779184118.414,/node/gpu_percent,43.400002
1779184118.564,/node/gpu_percent,26.299999
1779184118.628,/node/gpu_percent,0.000000
1779184118.916,/node/gpu_percent,34.000000
1779184119.066,/node/gpu_percent,49.799999
1779184119.128,/node/gpu_percent,80.599998
1779184119.418,/node/gpu_percent,50.000000
1779184119.567,/node/gpu_percent,43.299999
1779184119.628,/node/gpu_percent,23.200001
1779184119.917,/node/gpu_percent,0.000000
1779184120.065,/node/gpu_percent,91.599998
1779184120.130,/node/gpu_percent,50.000000
1779184120.415,/node/gpu_percent,49.799999
1779184120.566,/node/gpu_percent,54.200001
1779184120.627,/node/gpu_percent,2.700000
1779184120.913,/node/gpu_percent,0.000000
1779184121.067,/node/gpu_percent,45.299999
1779184121.125,/node/gpu_percent,76.099998
1779184121.417,/node/gpu_percent,0.000000
1779184121.566,/node/gpu_percent,0.000000
1779184121.629,/node/gpu_percent,77.599998
1779184121.916,/node/gpu_percent,39.900002
1779184122.066,/node/gpu_percent,25.799999
1779184122.127,/node/gpu_percent,64.400002
1779184122.414,/node/gpu_percent,10.500000
1779184122.566,/node/gpu_percent,53.799999
1779184122.629,/node/gpu_percent,82.900002
1779184122.916,/node/gpu_percent,0.000000
1779184123.065,/node/gpu_percent,1.900000
1779184123.127,/node/gpu_percent,57.799999
1779184123.414,/node/gpu_percent,28.200001
1779184123.566,/node/gpu_percent,56.599998
1779184123.632,/node/gpu_percent,91.199997
1779184123.916,/node/gpu_percent,9.200000
1779184124.064,/node/gpu_percent,42.799999
1779184124.133,/node/gpu_percent,26.500000
1779184124.416,/node/gpu_percent,0.000000
1779184124.566,/node/gpu_percent,96.199997
1779184124.627,/node/gpu_percent,48.900002
1779184124.917,/node/gpu_percent,78.500000
1779184125.065,/node/gpu_percent,86.099998
1779184125.127,/node/gpu_percent,3.800000
1779184125.415,/node/gpu_percent,77.800003
1779184125.565,/node/gpu_percent,0.000000
1779184125.627,/node/gpu_percent,14.500000
1779184125.919,/node/gpu_percent,56.700001
1779184126.066,/node/gpu_percent,18.600000
1779184126.127,/node/gpu_percent,77.000000
1779184126.414,/node/gpu_percent,77.500000
1779184126.566,/node/gpu_percent,7.100000
1779184126.629,/node/gpu_percent,57.299999
1779184126.913,/node/gpu_percent,11.800000
1779184127.066,/node/gpu_percent,72.800003
1779184127.131,/node/gpu_percent,77.699997
1779184127.416,/node/gpu_percent,35.500000
1779184127.567,/node/gpu_percent,47.500000
1779184127.628,/node/gpu_percent,24.900000
1779184127.916,/node/gpu_percent,2.200000
1779184128.067,/node/gpu_percent,68.000000
1779184128.130,/node/gpu_percent,90.000000
1779184128.417,/node/gpu_percent,0.000000
1779184128.566,/node/gpu_percent,5.400000
1779184128.629,/node/gpu_percent,65.300003
1779184128.916,/node/gpu_percent,2.000000
1779184129.066,/node/gpu_percent,80.000000
1779184129.127,/node/gpu_percent,75.500000
1779184129.414,/node/gpu_percent,0.500000
1779184129.566,/node/gpu_percent,33.099998
1779184129.627,/node/gpu_percent,35.299999
1779184129.917,/node/gpu_percent,0.000000
1779184130.068,/node/gpu_percent,73.500000
1779184130.128,/node/gpu_percent,26.600000
1779184130.418,/node/gpu_percent,88.599998
1779184130.568,/node/gpu_percent,8.000000
1779184130.627,/node/gpu_percent,56.900002
1779184130.913,/node/gpu_percent,4.500000
1779184131.065,/node/gpu_percent,42.200001
1779184131.128,/node/gpu_percent,21.100000
1779184131.416,/node/gpu_percent,13.300000
1779184131.565,/node/gpu_percent,55.400002
1779184131.630,/node/gpu_percent,14.200000
1779184131.916,/node/gpu_percent,86.300003
1779184132.066,/node/gpu_percent,39.700001
1779184132.128,/node/gpu_percent,68.599998
1779184132.416,/node/gpu_percent,32.599998
1779184132.565,/node/gpu_percent,74.699997
1779184132.627,/node/gpu_percent,74.800003
1779184132.916,/node/gpu_percent,78.300003
1779184133.065,/node/gpu_percent,0.000000
1779184133.128,/node/gpu_percent,31.799999
1779184133.414,/node/gpu_percent,84.699997
1779184133.566,/node/gpu_percent,7.400000
1779184133.629,/node/gpu_percent,65.000000
1779184133.915,/node/gpu_percent,9.000000
1779184134.064,/node/gpu_percent,68.699997
1779184134.130,/node/gpu_percent,84.800003
1779184134.416,/node/gpu_percent,60.400002
1779184134.568,/node/gpu_percent,94.300003
1779184134.629,/node/gpu_percent,7.200000
1779184134.916,/node/gpu_percent,86.000000
1779184135.068,/node/gpu_percent,0.000000
1779184135.128,/node/gpu_percent,26.200001
1779184135.415,/node/gpu_percent,1.800000
1779184135.565,/node/gpu_percent,3.000000
1779184135.629,/node/gpu_percent,57.500000
1779184135.916,/node/gpu_percent,0.000000
1779184136.067,/node/gpu_percent,87.199997
1779184136.128,/node/gpu_percent,2.100000
1779184136.415,/node/gpu_percent,54.099998
1779184136.567,/node/gpu_percent,82.500000
1779184136.629,/node/gpu_percent,0.000000
1779184136.913,/node/gpu_percent,28.600000
1779184137.064,/node/gpu_percent,35.900002
1779184137.130,/node/gpu_percent,64.599998
1779184137.416,/node/gpu_percent,71.699997
1779184137.565,/node/gpu_percent,9.300000
1779184137.629,/node/gpu_percent,0.000000
1779184137.916,/node/gpu_percent,63.599998
1779184138.065,/node/gpu_percent,36.400002
1779184138.129,/node/gpu_percent,58.200001
1779184138.418,/node/gpu_percent,87.000000
1779184138.568,/node/gpu_percent,0.000000
1779184138.629,/node/gpu_percent,33.299999
1779184138.917,/node/gpu_percent,38.099998
1779184139.067,/node/gpu_percent,11.300000
1779184139.129,/node/gpu_percent,71.000000
1779184139.416,/node/gpu_percent,66.699997
1779184139.566,/node/gpu_percent,16.600000
1779184139.627,/node/gpu_percent,59.500000
1779184139.914,/node/gpu_percent,0.000000
1779184140.065,/node/gpu_percent,31.299999
1779184140.127,/node/gpu_percent,30.900000
1779184140.416,/node/gpu_percent,0.000000
1779184140.567,/node/gpu_percent,77.000000
1779184140.629,/node/gpu_percent,0.000000
1779184140.916,/node/gpu_percent,70.099998
1779184141.066,/node/gpu_percent,0.000000
1779184141.128,/node/gpu_percent,27.100000
1779184141.416,/node/gpu_percent,33.599998
1779184141.568,/node/gpu_percent,1.600000
1779184141.628,/node/gpu_percent,93.199997
1779184141.914,/node/gpu_percent,8.400000
1779184142.066,/node/gpu_percent,85.900002
1779184142.127,/node/gpu_percent,65.300003
1779184142.417,/node/gpu_percent,32.099998
1779184142.566,/node/gpu_percent,62.099998
1779184142.630,/node/gpu_percent,9.700000
1779184142.917,/node/gpu_percent,0.100000
1779184143.068,/node/gpu_percent,91.599998
1779184143.129,/node/gpu_percent,0.000000
1779184143.416,/node/gpu_percent,16.900000
1779184143.566,/node/gpu_percent,59.200001
1779184143.628,/node/gpu_percent,2.200000
1779184143.916,/node/gpu_percent,25.200001
1779184144.063,/node/gpu_percent,32.599998
1779184144.130,/node/gpu_percent,70.199997
1779184144.415,/node/gpu_percent,29.500000
1779184144.565,/node/gpu_percent,82.800003
1779184144.627,/node/gpu_percent,63.599998
1779184144.916,/node/gpu_percent,91.400002
1779184145.067,/node/gpu_percent,57.400002
1779184145.129,/node/gpu_percent,46.599998
1779184145.414,/node/gpu_percent,61.400002
1779184145.566,/node/gpu_percent,42.599998
1779184145.631,/node/gpu_percent,83.400002
1779184145.916,/node/gpu_percent,8.200000
1779184146.066,/node/gpu_percent,48.400002
1779184146.126,/node/gpu_percent,16.200001
1779184146.416,/node/gpu_percent,0.000000
1779184146.568,/node/gpu_percent,69.099998
1779184146.630,/node/gpu_percent,25.900000
1779184146.913,/node/gpu_percent,91.800003
1779184147.068,/node/gpu_percent,60.099998
1779184147.130,/node/gpu_percent,32.400002
1779184147.417,/node/gpu_percent,80.199997
1779184147.569,/node/gpu_percent,0.000000
1779184147.629,/node/gpu_percent,86.199997
1779184147.914,/node/gpu_percent,37.700001
1779184148.065,/node/gpu_percent,43.299999
1779184148.129,/node/gpu_percent,84.900002
1779184148.415,/node/gpu_percent,15.200000
1779184148.565,/node/gpu_percent,51.700001
1779184148.631,/node/gpu_percent,13.300000
1779184148.915,/node/gpu_percent,9.200000
1779184149.065,/node/gpu_percent,56.299999
1779184149.130,/node/gpu_percent,13.900000
1779184149.418,/node/gpu_percent,80.199997
1779184149.567,/node/gpu_percent,42.700001
1779184149.630,/node/gpu_percent,42.900002
1779184149.915,/node/gpu_percent,84.000000
1779184150.065,/node/gpu_percent,6.600000
1779184150.129,/node/gpu_percent,48.099998
1779184150.415,/node/gpu_percent,0.000000
1779184150.564,/node/gpu_percent,96.000000
1779184150.628,/node/gpu_percent,58.000000
1779184150.916,/node/gpu_percent,1.600000
1779184151.067,/node/gpu_percent,92.699997
1779184151.129,/node/gpu_percent,0.000000
1779184151.416,/node/gpu_percent,59.299999
1779184151.567,/node/gpu_percent,9.500000
1779184151.629,/node/gpu_percent,0.000000
1779184151.917,/node/gpu_percent,26.700001
1779184152.065,/node/gpu_percent,0.000000
1779184152.129,/node/gpu_percent,72.900002
1779184152.415,/node/gpu_percent,0.000000
1779184152.566,/node/gpu_percent,74.500000
1779184152.629,/node/gpu_percent,30.799999
1779184152.915,/node/gpu_percent,86.300003
1779184153.069,/node/gpu_percent,38.599998
1779184153.129,/node/gpu_percent,61.799999
1779184153.416,/node/gpu_percent,50.000000
1779184153.566,/node/gpu_percent,50.000000
1779184153.631,/node/gpu_percent,92.599998
1779184153.915,/node/gpu_percent,46.900002
1779184154.071,/node/gpu_percent,85.900002
1779184154.127,/node/gpu_percent,0.000000
1779184154.417,/node/gpu_percent,16.500000
1779184154.565,/node/gpu_percent,0.000000
1779184154.629,/node/gpu_percent,63.299999
1779184154.916,/node/gpu_percent,0.000000
1779184155.067,/node/gpu_percent,62.200001
1779184155.129,/node/gpu_percent,19.299999
1779184155.416,/node/gpu_percent,71.800003
1779184155.566,/node/gpu_percent,20.700001
1779184155.629,/node/gpu_percent,83.599998
1779184155.916,/node/gpu_percent,51.700001
1779184156.065,/node/gpu_percent,36.200001
1779184156.130,/node/gpu_percent,81.900002
1779184156.416,/node/gpu_percent,30.900000
1779184156.568,/node/gpu_percent,76.500000
1779184156.628,/node/gpu_percent,0.000000
1779184156.913,/node/gpu_percent,47.299999
1779184157.069,/node/gpu_percent,9.600000
1779184157.130,/node/gpu_percent,0.000000
1779184157.417,/node/gpu_percent,42.900002
1779184157.565,/node/gpu_percent,8.400000
1779184157.629,/node/gpu_percent,94.900002
1779184157.917,/node/gpu_percent,20.000000
1779184158.068,/node/gpu_percent,61.799999
1779184158.128,/node/gpu_percent,2.700000
1779184158.416,/node/gpu_percent,30.299999
1779184158.565,/node/gpu_percent,43.000000
1779184158.629,/node/gpu_percent,1.900000
1779184158.917,/node/gpu_percent,52.000000
1779184159.068,/node/gpu_percent,32.500000
1779184159.130,/node/gpu_percent,71.099998
1779184159.414,/node/gpu_percent,50.500000
1779184159.567,/node/gpu_percent,37.700001
1779184159.629,/node/gpu_percent,74.000000
1779184159.915,/node/gpu_percent,12.300000
1779184160.067,/node/gpu_percent,44.700001
1779184160.129,/node/gpu_percent,14.100000
1779184160.415,/node/gpu_percent,31.900000
1779184160.565,/node/gpu_percent,32.299999
1779184160.628,/node/gpu_percent,0.000000
1779184160.919,/node/gpu_percent,58.099998
1779184161.066,/node/gpu_percent,31.799999
1779184161.129,/node/gpu_percent,64.199997
1779184161.416,/node/gpu_percent,65.099998
1779184161.569,/node/gpu_percent,21.700001
1779184161.631,/node/gpu_percent,34.799999
1779184161.917,/node/gpu_percent,1.800000
1779184162.067,/node/gpu_percent,84.000000
1779184162.131,/node/gpu_percent,78.099998
1779184162.416,/node/gpu_percent,29.700001
1779184162.565,/node/gpu_percent,62.000000
1779184162.629,/node/gpu_percent,4.400000
1779184162.918,/node/gpu_percent,4.500000
1779184163.068,/node/gpu_percent,77.800003
1779184163.129,/node/gpu_percent,37.400002
1779184163.415,/node/gpu_percent,72.000000
1779184163.567,/node/gpu_percent,91.000000
1779184163.628,/node/gpu_percent,7.000000
1779184163.918,/node/gpu_percent,90.599998
1779184164.064,/node/gpu_percent,1.800000
1779184164.129,/node/gpu_percent,48.400002
1779184164.414,/node/gpu_percent,9.400000
1779184164.569,/node/gpu_percent,0.000000
1779184164.630,/node/gpu_percent,75.500000
1779184164.915,/node/gpu_percent,16.000000
1779184165.066,/node/gpu_percent,70.599998
1779184165.129,/node/gpu_percent,0.000000
1779184165.416,/node/gpu_percent,24.400000
1779184165.570,/node/gpu_percent,48.799999
1779184165.630,/node/gpu_percent,7.200000
1779184165.915,/node/gpu_percent,89.599998
1779184166.069,/node/gpu_percent,52.400002
1779184166.128,/node/gpu_percent,32.000000
1779184166.418,/node/gpu_percent,93.400002
1779184166.569,/node/gpu_percent,0.000000
1779184166.628,/node/gpu_percent,31.400000
1779184166.913,/node/gpu_percent,2.700000
1779184167.068,/node/gpu_percent,0.000000
1779184167.131,/node/gpu_percent,69.300003
1779184167.415,/node/gpu_percent,12.900000
1779184167.567,/node/gpu_percent,79.800003
1779184167.629,/node/gpu_percent,0.000000
1779184167.915,/node/gpu_percent,53.000000
1779184168.069,/node/gpu_percent,82.000000
1779184168.128,/node/gpu_percent,0.000000
1779184168.415,/node/gpu_percent,47.099998
1779184168.565,/node/gpu_percent,32.599998
1779184168.628,/node/gpu_percent,61.599998
1779184168.915,/node/gpu_percent,56.599998
1779184169.070,/node/gpu_percent,34.799999
1779184169.129,/node/gpu_percent,0.000000
1779184169.417,/node/gpu_percent,69.699997
1779184169.566,/node/gpu_percent,41.799999
1779184169.628,/node/gpu_percent,35.299999
1779184169.917,/node/gpu_percent,95.300003
1779184170.067,/node/gpu_percent,0.000000
1779184170.128,/node/gpu_percent,35.700001
1779184170.415,/node/gpu_percent,0.000000
1779184170.566,/node/gpu_percent,15.700000
1779184170.629,/node/gpu_percent,42.200001
1779184170.915,/node/gpu_percent,5.200000
1779184171.069,/node/gpu_percent,54.299999
1779184171.128,/node/gpu_percent,8.300000
1779184171.416,/node/gpu_percent,82.400002
1779184171.567,/node/gpu_percent,69.500000
1779184171.628,/node/gpu_percent,8.800000
1779184171.916,/node/gpu_percent,40.099998
1779184172.067,/node/gpu_percent,51.200001
1779184172.129,/node/gpu_percent,47.299999
1779184172.418,/node/gpu_percent,65.300003
1779184172.567,/node/gpu_percent,30.500000
1779184172.628,/node/gpu_percent,69.599998
1779184172.918,/node/gpu_percent,20.500000
1779184173.067,/node/gpu_percent,59.700001
1779184173.128,/node/gpu_percent,2.300000
1779184173.417,/node/gpu_percent,53.000000
1779184173.566,/node/gpu_percent,8.200000
1779184173.628,/node/gpu_percent,0.000000
1779184173.916,/node/gpu_percent,25.600000
1779184174.068,/node/gpu_percent,0.000000
1779184174.128,/node/gpu_percent,85.300003
1779184174.414,/node/gpu_percent,3.800000
1779184174.568,/node/gpu_percent,75.800003
1779184174.628,/node/gpu_percent,74.599998
1779184174.918,/node/gpu_percent,18.900000
1779184175.068,/node/gpu_percent,41.200001
1779184175.128,/node/gpu_percent,20.700001
1779184175.417,/node/gpu_percent,19.299999
1779184175.568,/node/gpu_percent,61.700001
1779184175.629,/node/gpu_percent,42.200001
1779184175.917,/node/gpu_percent,90.400002
1779184176.066,/node/gpu_percent,0.000000
1779184176.126,/node/gpu_percent,27.799999
1779184176.416,/node/gpu_percent,20.100000
1779184176.565,/node/gpu_percent,16.100000
1779184176.629,/node/gpu_percent,82.599998
1779184176.913,/node/gpu_percent,52.799999
1779184177.067,/node/gpu_percent,35.000000
1779184177.130,/node/gpu_percent,76.099998
1779184177.417,/node/gpu_percent,21.799999
1779184177.568,/node/gpu_percent,62.099998
1779184177.628,/node/gpu_percent,2.300000
1779184177.915,/node/gpu_percent,32.000000
1779184178.068,/node/gpu_percent,46.099998
1779184178.128,/node/gpu_percent,3.500000
1779184178.416,/node/gpu_percent,72.500000
1779184178.567,/node/gpu_percent,40.900002
1779184178.628,/node/gpu_percent,56.400002
1779184178.919,/node/gpu_percent,70.400002
1779184179.067,/node/gpu_percent,20.100000
1779184179.128,/node/gpu_percent,42.400002
1779184179.414,/node/gpu_percent,0.000000
1779184179.567,/node/gpu_percent,81.900002
1779184179.629,/node/gpu_percent,38.200001
1779184179.916,/node/gpu_percent,75.199997
1779184180.068,/node/gpu_percent,86.699997
1779184180.130,/node/gpu_percent,4.500000
1779184180.417,/node/gpu_percent,65.900002
1779184180.566,/node/gpu_percent,2.700000
1779184180.630,/node/gpu_percent,4.500000
1779184180.916,/node/gpu_percent,38.799999
1779184181.064,/node/gpu_percent,29.500000
1779184181.127,/node/gpu_percent,53.500000
1779184181.419,/node/gpu_percent,0.000000
1779184181.567,/node/gpu_percent,86.599998
1779184181.630,/node/gpu_percent,0.000000
1779184181.916,/node/gpu_percent,43.299999
1779184182.067,/node/gpu_percent,92.699997
1779184182.129,/node/gpu_percent,4.500000
1779184182.414,/node/gpu_percent,94.599998
1779184182.567,/node/gpu_percent,0.000000
1779184182.628,/node/gpu_percent,88.599998
1779184182.915,/node/gpu_percent,39.400002
1779184183.067,/node/gpu_percent,54.900002
1779184183.128,/node/gpu_percent,93.699997
1779184183.419,/node/gpu_percent,1.900000
1779184183.566,/node/gpu_percent,42.900002
1779184183.631,/node/gpu_percent,19.700001
1779184183.919,/node/gpu_percent,14.200000
1779184184.069,/node/gpu_percent,41.500000
1779184184.129,/node/gpu_percent,2.800000
1779184184.415,/node/gpu_percent,67.099998
1779184184.567,/node/gpu_percent,36.900002
1779184184.630,/node/gpu_percent,54.700001
1779184184.916,/node/gpu_percent,69.199997
1779184185.067,/node/gpu_percent,9.900000
1779184185.130,/node/gpu_percent,51.700001
1779184185.417,/node/gpu_percent,1.800000
1779184185.568,/node/gpu_percent,0.000000
1779184185.630,/node/gpu_percent,74.500000
1779184185.919,/node/gpu_percent,34.400002
1779184186.066,/node/gpu_percent,30.600000
1779184186.128,/node/gpu_percent,36.500000
1779184186.416,/node/gpu_percent,0.000000
1779184186.566,/node/gpu_percent,82.900002
1779184186.628,/node/gpu_percent,36.400002
1779184186.914,/node/gpu_percent,82.500000
1779184187.068,/node/gpu_percent,70.599998
1779184187.129,/node/gpu_percent,28.900000
1779184187.417,/node/gpu_percent,87.599998
1779184187.570,/node/gpu_percent,1.800000
1779184187.629,/node/gpu_percent,41.400002
1779184187.917,/node/gpu_percent,0.000000
1779184188.067,/node/gpu_percent,46.299999
1779184188.128,/node/gpu_percent,18.799999
1779184188.417,/node/gpu_percent,4.200000
1779184188.566,/node/gpu_percent,74.300003
1779184188.629,/node/gpu_percent,32.599998
1779184188.918,/node/gpu_percent,79.400002
1779184009.064,/node/memory_percent,50.054756
1779184009.126,/node/memory_percent,50.054756
1779184009.415,/node/memory_percent,50.054756
1779184009.564,/node/memory_percent,50.054756
1779184009.626,/node/memory_percent,50.054756
1779184009.914,/node/memory_percent,50.054756
1779184010.064,/node/memory_percent,50.054756
1779184010.128,/node/memory_percent,50.054756
1779184010.418,/node/memory_percent,50.054695
1779184010.562,/node/memory_percent,50.054901
1779184010.625,/node/memory_percent,50.054775
1779184010.913,/node/memory_percent,50.054405
1779184011.064,/node/memory_percent,50.054241
1779184011.128,/node/memory_percent,50.054604
1779184011.417,/node/memory_percent,50.054317
1779184011.565,/node/memory_percent,50.050903
1779184011.628,/node/memory_percent,50.057205
1779184011.915,/node/memory_percent,50.061535
1779184012.062,/node/memory_percent,50.055309
1779184012.128,/node/memory_percent,50.061615
1779184012.414,/node/memory_percent,50.061241
1779184012.562,/node/memory_percent,50.054974
1779184012.628,/node/memory_percent,50.061279
1779184012.915,/node/memory_percent,50.058002
1779184013.065,/node/memory_percent,50.058002
1779184013.125,/node/memory_percent,50.058002
1779184013.418,/node/memory_percent,50.058002
1779184013.565,/node/memory_percent,50.058002
1779184013.626,/node/memory_percent,50.058002
1779184013.912,/node/memory_percent,50.058002
1779184014.062,/node/memory_percent,50.058002
1779184014.127,/node/memory_percent,50.058002
1779184014.417,/node/memory_percent,50.058002
1779184014.566,/node/memory_percent,50.058002
1779184014.626,/node/memory_percent,50.058002
1779184014.912,/node/memory_percent,50.071411
1779184015.066,/node/memory_percent,50.071411
1779184015.128,/node/memory_percent,50.071411
1779184015.416,/node/memory_percent,50.071411
1779184015.562,/node/memory_percent,50.071667
1779184015.628,/node/memory_percent,50.071667
1779184015.914,/node/memory_percent,50.071667
1779184016.064,/node/memory_percent,50.071667
1779184016.128,/node/memory_percent,50.071667
1779184016.414,/node/memory_percent,50.066601
1779184016.565,/node/memory_percent,50.066414
1779184016.628,/node/memory_percent,50.066349
1779184016.912,/node/memory_percent,50.065914
1779184017.064,/node/memory_percent,50.062653
1779184017.125,/node/memory_percent,50.062653
1779184017.415,/node/memory_percent,50.062653
1779184017.564,/node/memory_percent,50.062653
1779184017.628,/node/memory_percent,50.062653
1779184017.915,/node/memory_percent,50.062653
1779184018.064,/node/memory_percent,50.062653
1779184018.128,/node/memory_percent,50.062653
1779184018.414,/node/memory_percent,50.062653
1779184018.568,/node/memory_percent,50.063038
1779184018.627,/node/memory_percent,50.063038
1779184018.912,/node/memory_percent,50.063038
1779184019.064,/node/memory_percent,50.063038
1779184019.124,/node/memory_percent,50.063038
1779184019.416,/node/memory_percent,50.063038
1779184019.565,/node/memory_percent,50.063038
1779184019.628,/node/memory_percent,50.063038
1779184019.914,/node/memory_percent,50.063038
1779184020.062,/node/memory_percent,50.063038
1779184020.128,/node/memory_percent,50.063038
1779184020.416,/node/memory_percent,50.063038
1779184020.564,/node/memory_percent,50.063038
1779184020.628,/node/memory_percent,50.063038
1779184020.914,/node/memory_percent,50.062790
1779184021.065,/node/memory_percent,50.062641
1779184021.130,/node/memory_percent,50.062626
1779184021.414,/node/memory_percent,50.062542
1779184021.564,/node/memory_percent,50.062492
1779184021.627,/node/memory_percent,50.056099
1779184021.913,/node/memory_percent,50.063957
1779184022.066,/node/memory_percent,50.067471
1779184022.128,/node/memory_percent,50.064281
1779184022.414,/node/memory_percent,50.065399
1779184022.565,/node/memory_percent,50.066177
1779184022.627,/node/memory_percent,50.066177
1779184022.917,/node/memory_percent,50.066177
1779184023.066,/node/memory_percent,50.066246
1779184023.128,/node/memory_percent,50.066246
1779184023.412,/node/memory_percent,50.070709
1779184023.566,/node/memory_percent,50.071095
1779184023.627,/node/memory_percent,50.071095
1779184023.912,/node/memory_percent,50.071095
1779184024.062,/node/memory_percent,50.071095
1779184024.127,/node/memory_percent,50.071095
1779184024.413,/node/memory_percent,50.071095
1779184024.568,/node/memory_percent,50.071095
1779184024.627,/node/memory_percent,50.071095
1779184024.912,/node/memory_percent,50.078564
1779184025.065,/node/memory_percent,50.078564
1779184025.127,/node/memory_percent,50.078564
1779184025.414,/node/memory_percent,50.078564
1779184025.564,/node/memory_percent,50.078453
1779184025.627,/node/memory_percent,50.078453
1779184025.914,/node/memory_percent,50.078453
1779184026.066,/node/memory_percent,50.078453
1779184026.125,/node/memory_percent,50.078453
1779184026.414,/node/memory_percent,50.078453
1779184026.564,/node/memory_percent,50.079231
1779184026.628,/node/memory_percent,50.073456
1779184026.913,/node/memory_percent,50.073772
1779184027.065,/node/memory_percent,50.073723
1779184027.127,/node/memory_percent,50.073711
1779184027.415,/node/memory_percent,50.073624
1779184027.564,/node/memory_percent,50.073586
1779184027.630,/node/memory_percent,50.073574
1779184027.914,/node/memory_percent,50.073486
1779184028.064,/node/memory_percent,50.073448
1779184028.127,/node/memory_percent,50.073425
1779184028.412,/node/memory_percent,50.073349
1779184028.565,/node/memory_percent,50.073311
1779184028.627,/node/memory_percent,50.073288
1779184028.916,/node/memory_percent,50.073238
1779184029.066,/node/memory_percent,50.073238
1779184029.125,/node/memory_percent,50.073238
1779184029.414,/node/memory_percent,50.073238
1779184029.567,/node/memory_percent,50.073238
1779184029.629,/node/memory_percent,50.073238
1779184029.914,/node/memory_percent,50.073238
1779184030.065,/node/memory_percent,50.073238
1779184030.127,/node/memory_percent,50.073238
1779184030.414,/node/memory_percent,50.073238
1779184030.563,/node/memory_percent,50.073238
1779184030.628,/node/memory_percent,50.073238
1779184030.914,/node/memory_percent,50.073238
1779184031.064,/node/memory_percent,50.073238
1779184031.127,/node/memory_percent,50.073238
1779184031.414,/node/memory_percent,50.063599
1779184031.566,/node/memory_percent,50.063583
1779184031.628,/node/memory_percent,50.063583
1779184031.914,/node/memory_percent,50.064369
1779184032.067,/node/memory_percent,50.068283
1779184032.125,/node/memory_percent,50.068283
1779184032.416,/node/memory_percent,50.068283
1779184032.564,/node/memory_percent,50.068676
1779184032.627,/node/memory_percent,50.068676
1779184032.912,/node/memory_percent,50.068676
1779184033.064,/node/memory_percent,50.068676
1779184033.128,/node/memory_percent,50.068676
1779184033.416,/node/memory_percent,50.068676
1779184033.566,/node/memory_percent,50.068676
1779184033.628,/node/memory_percent,50.068676
1779184033.917,/node/memory_percent,50.068676
1779184034.064,/node/memory_percent,50.068676
1779184034.128,/node/memory_percent,50.068676
1779184034.413,/node/memory_percent,50.069061
1779184034.564,/node/memory_percent,50.069061
1779184034.628,/node/memory_percent,50.069061
1779184034.913,/node/memory_percent,50.069061
1779184035.066,/node/memory_percent,50.069061
1779184035.128,/node/memory_percent,50.069061
1779184035.412,/node/memory_percent,50.081165
1779184035.564,/node/memory_percent,50.081028
1779184035.628,/node/memory_percent,50.081028
1779184035.914,/node/memory_percent,50.073078
1779184036.069,/node/memory_percent,50.073040
1779184036.128,/node/memory_percent,50.073013
1779184036.412,/node/memory_percent,50.070175
1779184036.564,/node/memory_percent,50.063148
1779184036.628,/node/memory_percent,50.063148
1779184036.912,/node/memory_percent,50.063534
1779184037.066,/node/memory_percent,50.063534
1779184037.129,/node/memory_percent,50.065121
1779184037.414,/node/memory_percent,50.065437
1779184037.566,/node/memory_percent,50.065437
1779184037.628,/node/memory_percent,50.065437
1779184037.915,/node/memory_percent,50.065437
1779184038.067,/node/memory_percent,50.065437
1779184038.129,/node/memory_percent,50.065437
1779184038.417,/node/memory_percent,50.065823
1779184038.564,/node/memory_percent,50.065823
1779184038.624,/node/memory_percent,50.065823
1779184038.915,/node/memory_percent,50.065823
1779184039.064,/node/memory_percent,50.065823
1779184039.128,/node/memory_percent,50.065823
1779184039.414,/node/memory_percent,50.065823
1779184039.562,/node/memory_percent,50.065823
1779184039.627,/node/memory_percent,50.065823
1779184039.915,/node/memory_percent,50.065823
1779184040.064,/node/memory_percent,50.065823
1779184040.128,/node/memory_percent,50.065823
1779184040.415,/node/memory_percent,50.065823
1779184040.564,/node/memory_percent,50.065823
1779184040.627,/node/memory_percent,50.065823
1779184040.912,/node/memory_percent,50.065823
1779184041.062,/node/memory_percent,50.065823
1779184041.128,/node/memory_percent,50.065823
1779184041.412,/node/memory_percent,50.065823
1779184041.564,/node/memory_percent,50.066200
1779184041.626,/node/memory_percent,50.066586
1779184041.914,/node/memory_percent,50.068153
1779184042.064,/node/memory_percent,50.068489
1779184042.125,/node/memory_percent,50.056511
1779184042.412,/node/memory_percent,50.063046
1779184042.565,/node/memory_percent,50.063046
1779184042.628,/node/memory_percent,50.063046
1779184042.912,/node/memory_percent,50.063046
1779184043.062,/node/memory_percent,50.063046
1779184043.128,/node/memory_percent,50.063046
1779184043.412,/node/memory_percent,50.078663
1779184043.564,/node/memory_percent,50.079437
1779184043.628,/node/memory_percent,50.079437
1779184043.914,/node/memory_percent,50.079437
1779184044.061,/node/memory_percent,50.079437
1779184044.128,/node/memory_percent,50.079437
1779184044.416,/node/memory_percent,50.079437
1779184044.564,/node/memory_percent,50.079437
1779184044.627,/node/memory_percent,50.079437
1779184044.917,/node/memory_percent,50.079437
1779184045.062,/node/memory_percent,50.079437
1779184045.128,/node/memory_percent,50.079437
1779184045.416,/node/memory_percent,50.083714
1779184045.566,/node/memory_percent,50.085365
1779184045.627,/node/memory_percent,50.082157
1779184045.917,/node/memory_percent,50.076233
1779184046.064,/node/memory_percent,50.069820
1779184046.128,/node/memory_percent,50.075054
1779184046.414,/node/memory_percent,50.075756
1779184046.566,/node/memory_percent,50.075706
1779184046.628,/node/memory_percent,50.075695
1779184046.911,/node/memory_percent,50.075619
1779184047.062,/node/memory_percent,50.075569
1779184047.128,/node/memory_percent,50.075558
1779184047.415,/node/memory_percent,50.075481
1779184047.565,/node/memory_percent,50.075756
1779184047.628,/node/memory_percent,50.075745
1779184047.912,/node/memory_percent,50.069290
1779184048.062,/node/memory_percent,50.075619
1779184048.128,/node/memory_percent,50.075607
1779184048.416,/node/memory_percent,50.075520
1779184048.566,/node/memory_percent,50.075481
1779184048.628,/node/memory_percent,50.075470
1779184048.911,/node/memory_percent,50.075382
1779184049.062,/node/memory_percent,50.075344
1779184049.127,/node/memory_percent,50.075333
1779184049.414,/node/memory_percent,50.075245
1779184049.564,/node/memory_percent,50.075207
1779184049.630,/node/memory_percent,50.075195
1779184049.916,/node/memory_percent,50.075108
1779184050.067,/node/memory_percent,50.075073
1779184050.129,/node/memory_percent,50.075058
1779184050.412,/node/memory_percent,50.074974
1779184050.564,/node/memory_percent,50.074936
1779184050.628,/node/memory_percent,50.068546
1779184050.912,/node/memory_percent,50.074837
1779184051.062,/node/memory_percent,50.074799
1779184051.126,/node/memory_percent,50.068409
1779184051.416,/node/memory_percent,50.068680
1779184051.567,/node/memory_percent,50.068630
1779184051.630,/node/memory_percent,50.068607
1779184051.912,/node/memory_percent,50.070099
1779184052.064,/node/memory_percent,50.063683
1779184052.128,/node/memory_percent,50.070038
1779184052.412,/node/memory_percent,50.069962
1779184052.562,/node/memory_percent,50.069912
1779184052.629,/node/memory_percent,50.069901
1779184052.914,/node/memory_percent,50.069813
1779184053.068,/node/memory_percent,50.069775
1779184053.126,/node/memory_percent,50.063385
1779184053.414,/node/memory_percent,50.069675
1779184053.565,/node/memory_percent,50.069637
1779184053.626,/node/memory_percent,50.069614
1779184053.914,/node/memory_percent,50.069538
1779184054.064,/node/memory_percent,50.069489
1779184054.128,/node/memory_percent,50.069477
1779184054.417,/node/memory_percent,50.069405
1779184054.566,/node/memory_percent,50.069744
1779184054.627,/node/memory_percent,50.069733
1779184054.916,/node/memory_percent,50.063278
1779184055.064,/node/memory_percent,50.069607
1779184055.127,/node/memory_percent,50.069595
1779184055.412,/node/memory_percent,50.063145
1779184055.564,/node/memory_percent,50.069862
1779184055.627,/node/memory_percent,50.074047
1779184055.912,/node/memory_percent,50.073959
1779184056.067,/node/memory_percent,50.067966
1779184056.124,/node/memory_percent,50.068348
1779184056.414,/node/memory_percent,50.068260
1779184056.564,/node/memory_percent,50.068222
1779184056.627,/node/memory_percent,50.068195
1779184056.912,/node/memory_percent,50.068123
1779184057.066,/node/memory_percent,50.068085
1779184057.128,/node/memory_percent,50.068062
1779184057.416,/node/memory_percent,50.068764
1779184057.568,/node/memory_percent,50.068726
1779184057.626,/node/memory_percent,50.069084
1779184057.914,/node/memory_percent,50.059624
1779184058.067,/node/memory_percent,50.059624
1779184058.127,/node/memory_percent,50.059624
1779184058.412,/node/memory_percent,50.059624
1779184058.563,/node/memory_percent,50.059624
1779184058.627,/node/memory_percent,50.059624
1779184058.917,/node/memory_percent,50.059624
1779184059.066,/node/memory_percent,50.059624
1779184059.127,/node/memory_percent,50.059624
1779184059.410,/node/memory_percent,50.059624
1779184059.563,/node/memory_percent,50.059624
1779184059.630,/node/memory_percent,50.059624
1779184059.914,/node/memory_percent,50.059624
1779184060.064,/node/memory_percent,50.059624
1779184060.125,/node/memory_percent,50.059975
1779184060.416,/node/memory_percent,50.059975
1779184060.565,/node/memory_percent,50.059975
1779184060.628,/node/memory_percent,50.059975
1779184060.913,/node/memory_percent,50.070118
1779184061.063,/node/memory_percent,50.070118
1779184061.128,/node/memory_percent,50.066200
1779184061.416,/node/memory_percent,50.067760
1779184061.566,/node/memory_percent,50.068092
1779184061.627,/node/memory_percent,50.068092
1779184061.914,/node/memory_percent,50.073574
1779184062.063,/node/memory_percent,50.073967
1779184062.128,/node/memory_percent,50.073967
1779184062.416,/node/memory_percent,50.075092
1779184062.568,/node/memory_percent,50.075092
1779184062.627,/node/memory_percent,50.075092
1779184062.914,/node/memory_percent,50.075092
1779184063.066,/node/memory_percent,50.075092
1779184063.127,/node/memory_percent,50.075092
1779184063.412,/node/memory_percent,50.102448
1779184063.566,/node/memory_percent,50.102440
1779184063.628,/node/memory_percent,50.102440
1779184063.914,/node/memory_percent,50.102440
1779184064.066,/node/memory_percent,50.102440
1779184064.127,/node/memory_percent,50.102440
1779184064.411,/node/memory_percent,50.102833
1779184064.565,/node/memory_percent,50.102833
1779184064.627,/node/memory_percent,50.102833
1779184064.914,/node/memory_percent,50.102833
1779184065.066,/node/memory_percent,50.102833
1779184065.127,/node/memory_percent,50.102833
1779184065.416,/node/memory_percent,50.102825
1779184065.564,/node/memory_percent,50.102825
1779184065.627,/node/memory_percent,50.096348
1779184065.916,/node/memory_percent,50.095112
1779184066.067,/node/memory_percent,50.095112
1779184066.127,/node/memory_percent,50.095112
1779184066.414,/node/memory_percent,50.095112
1779184066.565,/node/memory_percent,50.094669
1779184066.626,/node/memory_percent,50.094669
1779184066.912,/node/memory_percent,50.095409
1779184067.063,/node/memory_percent,50.095409
1779184067.127,/node/memory_percent,50.095409
1779184067.414,/node/memory_percent,50.095409
1779184067.563,/node/memory_percent,50.095409
1779184067.627,/node/memory_percent,50.095409
1779184067.914,/node/memory_percent,50.095409
1779184068.063,/node/memory_percent,50.089638
1779184068.127,/node/memory_percent,50.090004
1779184068.414,/node/memory_percent,50.089928
1779184068.565,/node/memory_percent,50.089855
1779184068.630,/node/memory_percent,50.089840
1779184068.915,/node/memory_percent,50.089767
1779184069.066,/node/memory_percent,50.089718
1779184069.129,/node/memory_percent,50.089706
1779184069.412,/node/memory_percent,50.089619
1779184069.563,/node/memory_percent,50.089581
1779184069.628,/node/memory_percent,50.089569
1779184069.912,/node/memory_percent,50.089481
1779184070.063,/node/memory_percent,50.089443
1779184070.129,/node/memory_percent,50.089432
1779184070.414,/node/memory_percent,50.089344
1779184070.563,/node/memory_percent,50.089344
1779184070.626,/node/memory_percent,50.089344
1779184070.916,/node/memory_percent,50.086216
1779184071.063,/node/memory_percent,50.086216
1779184071.129,/node/memory_percent,50.086216
1779184071.417,/node/memory_percent,50.086567
1779184071.565,/node/memory_percent,50.086567
1779184071.629,/node/memory_percent,50.086567
1779184071.915,/node/memory_percent,50.086567
1779184072.066,/node/memory_percent,50.086567
1779184072.127,/node/memory_percent,50.086567
1779184072.416,/node/memory_percent,50.086552
1779184072.565,/node/memory_percent,50.086552
1779184072.625,/node/memory_percent,50.086903
1779184072.915,/node/memory_percent,50.086903
1779184073.068,/node/memory_percent,50.086903
1779184073.127,/node/memory_percent,50.086903
1779184073.415,/node/memory_percent,50.086903
1779184073.563,/node/memory_percent,50.087292
1779184073.629,/node/memory_percent,50.087292
1779184073.920,/node/memory_percent,50.087292
1779184074.064,/node/memory_percent,50.087292
1779184074.129,/node/memory_percent,50.087292
1779184074.418,/node/memory_percent,50.087292
1779184074.567,/node/memory_percent,50.087292
1779184074.627,/node/memory_percent,50.087292
1779184074.917,/node/memory_percent,50.087292
1779184075.066,/node/memory_percent,50.087292
1779184075.127,/node/memory_percent,50.087292
1779184075.414,/node/memory_percent,50.087292
1779184075.563,/node/memory_percent,50.087280
1779184075.627,/node/memory_percent,50.087280
1779184075.916,/node/memory_percent,50.087280
1779184076.065,/node/memory_percent,50.087280
1779184076.128,/node/memory_percent,50.091499
1779184076.415,/node/memory_percent,50.091499
1779184076.563,/node/memory_percent,50.091389
1779184076.628,/node/memory_percent,50.091389
1779184076.910,/node/memory_percent,50.092171
1779184077.064,/node/memory_percent,50.092171
1779184077.125,/node/memory_percent,50.092171
1779184077.416,/node/memory_percent,50.092171
1779184077.567,/node/memory_percent,50.092171
1779184077.628,/node/memory_percent,50.084187
1779184077.915,/node/memory_percent,50.090370
1779184078.063,/node/memory_percent,50.090332
1779184078.128,/node/memory_percent,50.090309
1779184078.414,/node/memory_percent,50.090233
1779184078.566,/node/memory_percent,50.090183
1779184078.628,/node/memory_percent,50.090172
1779184078.916,/node/memory_percent,50.090084
1779184079.065,/node/memory_percent,50.090046
1779184079.129,/node/memory_percent,50.090023
1779184079.416,/node/memory_percent,50.089947
1779184079.565,/node/memory_percent,50.083530
1779184079.629,/node/memory_percent,50.089886
1779184079.913,/node/memory_percent,50.083431
1779184080.065,/node/memory_percent,50.089760
1779184080.128,/node/memory_percent,50.089748
1779184080.416,/node/memory_percent,50.084682
1779184080.566,/node/memory_percent,50.084644
1779184080.631,/node/memory_percent,50.084633
1779184080.915,/node/memory_percent,50.084545
1779184081.066,/node/memory_percent,50.084507
1779184081.128,/node/memory_percent,50.084484
1779184081.414,/node/memory_percent,50.085190
1779184081.567,/node/memory_percent,50.085880
1779184081.627,/node/memory_percent,50.085857
1779184081.913,/node/memory_percent,50.087349
1779184082.066,/node/memory_percent,50.087311
1779184082.127,/node/memory_percent,50.087273
1779184082.417,/node/memory_percent,50.087223
1779184082.563,/node/memory_percent,50.087574
1779184082.629,/node/memory_percent,50.087574
1779184082.914,/node/memory_percent,50.087574
1779184083.065,/node/memory_percent,50.087574
1779184083.127,/node/memory_percent,50.087574
1779184083.414,/node/memory_percent,50.098618
1779184083.564,/node/memory_percent,50.098209
1779184083.627,/node/memory_percent,50.098209
1779184083.915,/node/memory_percent,50.098209
1779184084.063,/node/memory_percent,50.098209
1779184084.129,/node/memory_percent,50.098209
1779184084.414,/node/memory_percent,50.098209
1779184084.563,/node/memory_percent,50.098209
1779184084.628,/node/memory_percent,50.093483
1779184084.912,/node/memory_percent,50.093483
1779184085.065,/node/memory_percent,50.093483
1779184085.127,/node/memory_percent,50.093483
1779184085.415,/node/memory_percent,50.093483
1779184085.565,/node/memory_percent,50.093430
1779184085.629,/node/memory_percent,50.093430
1779184085.916,/node/memory_percent,50.093430
1779184086.068,/node/memory_percent,50.093430
1779184086.127,/node/memory_percent,50.093430
1779184086.415,/node/memory_percent,50.098999
1779184086.563,/node/memory_percent,50.087841
1779184086.627,/node/memory_percent,50.094193
1779184086.913,/node/memory_percent,50.094116
1779184087.065,/node/memory_percent,50.094067
1779184087.128,/node/memory_percent,50.094055
1779184087.417,/node/memory_percent,50.094368
1779184087.567,/node/memory_percent,50.093925
1779184087.630,/node/memory_percent,50.093914
1779184087.916,/node/memory_percent,50.087460
1779184088.065,/node/memory_percent,50.093788
1779184088.129,/node/memory_percent,50.093777
1779184088.417,/node/memory_percent,50.090225
1779184088.565,/node/memory_percent,50.086765
1779184088.628,/node/memory_percent,50.086765
1779184088.916,/node/memory_percent,50.086765
1779184089.065,/node/memory_percent,50.086765
1779184089.127,/node/memory_percent,50.086765
1779184089.414,/node/memory_percent,50.086765
1779184089.565,/node/memory_percent,50.086765
1779184089.629,/node/memory_percent,50.086765
1779184089.915,/node/memory_percent,50.086765
1779184090.065,/node/memory_percent,50.086765
1779184090.127,/node/memory_percent,50.086765
1779184090.415,/node/memory_percent,50.087112
1779184090.566,/node/memory_percent,50.087486
1779184090.629,/node/memory_percent,50.087486
1779184090.913,/node/memory_percent,50.092564
1779184091.063,/node/memory_percent,50.092525
1779184091.130,/node/memory_percent,50.092503
1779184091.415,/node/memory_percent,50.093994
1779184091.565,/node/memory_percent,50.094349
1779184091.629,/node/memory_percent,50.094322
1779184091.915,/node/memory_percent,50.098949
1779184092.067,/node/memory_percent,50.098911
1779184092.129,/node/memory_percent,50.098736
1779184092.415,/node/memory_percent,50.098362
1779184092.567,/node/memory_percent,50.098251
1779184092.629,/node/memory_percent,50.098228
1779184092.913,/node/memory_percent,50.098152
1779184093.063,/node/memory_percent,50.091736
1779184093.128,/node/memory_percent,50.098091
1779184093.416,/node/memory_percent,50.098015
1779184093.568,/node/memory_percent,50.097965
1779184093.630,/node/memory_percent,50.097954
1779184093.914,/node/memory_percent,50.091499
1779184094.067,/node/memory_percent,50.097828
1779184094.128,/node/memory_percent,50.097816
1779184094.416,/node/memory_percent,50.091366
1779184094.563,/node/memory_percent,50.097691
1779184094.627,/node/memory_percent,50.097679
1779184094.915,/node/memory_percent,50.097591
1779184095.065,/node/memory_percent,50.097557
1779184095.128,/node/memory_percent,50.091141
1779184095.413,/node/memory_percent,50.097431
1779184095.563,/node/memory_percent,50.097393
1779184095.629,/node/memory_percent,50.091003
1779184095.913,/node/memory_percent,50.097305
1779184096.067,/node/memory_percent,50.097256
1779184096.128,/node/memory_percent,50.097244
1779184096.416,/node/memory_percent,50.091179
1779184096.568,/node/memory_percent,50.097507
1779184096.629,/node/memory_percent,50.097103
1779184096.911,/node/memory_percent,50.097015
1779184097.066,/node/memory_percent,50.096977
1779184097.128,/node/memory_percent,50.090588
1779184097.415,/node/memory_percent,50.096878
1779184097.564,/node/memory_percent,50.093670
1779184097.628,/node/memory_percent,50.093670
1779184097.915,/node/memory_percent,50.094036
1779184098.067,/node/memory_percent,50.094036
1779184098.128,/node/memory_percent,50.094036
1779184098.413,/node/memory_percent,50.094036
1779184098.564,/node/memory_percent,50.094421
1779184098.626,/node/memory_percent,50.094421
1779184098.917,/node/memory_percent,50.094421
1779184099.066,/node/memory_percent,50.094421
1779184099.126,/node/memory_percent,50.094421
1779184099.412,/node/memory_percent,50.094421
1779184099.565,/node/memory_percent,50.094421
1779184099.628,/node/memory_percent,50.094421
1779184099.913,/node/memory_percent,50.094421
1779184100.067,/node/memory_percent,50.094421
1779184100.128,/node/memory_percent,50.094814
1779184100.417,/node/memory_percent,50.094814
1779184100.567,/node/memory_percent,50.094814
1779184100.628,/node/memory_percent,50.094814
1779184100.917,/node/memory_percent,50.083214
1779184101.067,/node/memory_percent,50.083214
1779184101.126,/node/memory_percent,50.083214
1779184101.417,/node/memory_percent,50.083565
1779184101.568,/node/memory_percent,50.083557
1779184101.629,/node/memory_percent,50.083557
1779184101.914,/node/memory_percent,50.083557
1779184102.065,/node/memory_percent,50.083557
1779184102.131,/node/memory_percent,50.083557
1779184102.416,/node/memory_percent,50.083557
1779184102.565,/node/memory_percent,50.083557
1779184102.631,/node/memory_percent,50.083557
1779184102.915,/node/memory_percent,50.083557
1779184103.067,/node/memory_percent,50.083557
1779184103.130,/node/memory_percent,50.083557
1779184103.413,/node/memory_percent,50.103168
1779184103.569,/node/memory_percent,50.104324
1779184103.628,/node/memory_percent,50.104324
1779184103.913,/node/memory_percent,50.104324
1779184104.065,/node/memory_percent,50.104324
1779184104.128,/node/memory_percent,50.097767
1779184104.413,/node/memory_percent,50.098072
1779184104.567,/node/memory_percent,50.098034
1779184104.629,/node/memory_percent,50.091644
1779184104.917,/node/memory_percent,50.097935
1779184105.069,/node/memory_percent,50.097897
1779184105.130,/node/memory_percent,50.097874
1779184105.417,/node/memory_percent,50.097660
1779184105.566,/node/memory_percent,50.091034
1779184105.630,/node/memory_percent,50.097340
1779184105.915,/node/memory_percent,50.096966
1779184106.065,/node/memory_percent,50.090427
1779184106.129,/node/memory_percent,50.090427
1779184106.416,/node/memory_percent,50.090427
1779184106.567,/node/memory_percent,50.090427
1779184106.628,/node/memory_percent,50.090427
1779184106.912,/node/memory_percent,50.090427
1779184107.067,/node/memory_percent,50.090427
1779184107.129,/node/memory_percent,50.090427
1779184107.415,/node/memory_percent,50.090427
1779184107.567,/node/memory_percent,50.090427
1779184107.629,/node/memory_percent,50.090427
1779184107.912,/node/memory_percent,50.090813
1779184108.066,/node/memory_percent,50.090813
1779184108.130,/node/memory_percent,50.090813
1779184108.415,/node/memory_percent,50.091202
1779184108.565,/node/memory_percent,50.091183
1779184108.628,/node/memory_percent,50.091183
1779184108.915,/node/memory_percent,50.091183
1779184109.065,/node/memory_percent,50.091183
1779184109.128,/node/memory_percent,50.091183
1779184109.413,/node/memory_percent,50.091576
1779184109.567,/node/memory_percent,50.091576
1779184109.628,/node/memory_percent,50.091576
1779184109.913,/node/memory_percent,50.091576
1779184110.065,/node/memory_percent,50.091576
1779184110.130,/node/memory_percent,50.091576
1779184110.417,/node/memory_percent,50.082420
1779184110.566,/node/memory_percent,50.082413
1779184110.628,/node/memory_percent,50.082413
1779184110.917,/node/memory_percent,50.082413
1779184111.067,/node/memory_percent,50.082413
1779184111.126,/node/memory_percent,50.082413
1779184111.416,/node/memory_percent,50.082413
1779184111.567,/node/memory_percent,50.082413
1779184111.628,/node/memory_percent,50.082413
1779184111.914,/node/memory_percent,50.083195
1779184112.067,/node/memory_percent,50.083195
1779184112.128,/node/memory_percent,50.083195
1779184112.417,/node/memory_percent,50.083195
1779184112.569,/node/memory_percent,50.083195
1779184112.628,/node/memory_percent,50.083195
1779184112.918,/node/memory_percent,50.083195
1779184113.064,/node/memory_percent,50.083195
1779184113.128,/node/memory_percent,50.083195
1779184113.416,/node/memory_percent,50.083183
1779184113.564,/node/memory_percent,50.083183
1779184113.627,/node/memory_percent,50.083183
1779184113.915,/node/memory_percent,50.083183
1779184114.065,/node/memory_percent,50.083569
1779184114.129,/node/memory_percent,50.068932
1779184114.415,/node/memory_percent,50.072083
1779184114.568,/node/memory_percent,50.072083
1779184114.630,/node/memory_percent,50.072083
1779184114.915,/node/memory_percent,50.072083
1779184115.068,/node/memory_percent,50.072083
1779184115.128,/node/memory_percent,50.072083
1779184115.415,/node/memory_percent,50.072083
1779184115.567,/node/memory_percent,50.072071
1779184115.632,/node/memory_percent,50.072071
1779184115.917,/node/memory_percent,50.072071
1779184116.065,/node/memory_percent,50.066414
1779184116.126,/node/memory_percent,50.066387
1779184116.413,/node/memory_percent,50.066315
1779184116.565,/node/memory_percent,50.066265
1779184116.629,/node/memory_percent,50.066250
1779184116.913,/node/memory_percent,50.059799
1779184117.066,/node/memory_percent,50.066128
1779184117.126,/node/memory_percent,50.066116
1779184117.415,/node/memory_percent,50.066029
1779184117.569,/node/memory_percent,50.066376
1779184117.630,/node/memory_percent,50.066349
1779184117.915,/node/memory_percent,50.066265
1779184118.064,/node/memory_percent,50.066227
1779184118.130,/node/memory_percent,50.066200
1779184118.416,/node/memory_percent,50.066128
1779184118.565,/node/memory_percent,50.066101
1779184118.628,/node/memory_percent,50.066101
1779184118.917,/node/memory_percent,50.066101
1779184119.066,/node/memory_percent,50.066101
1779184119.129,/node/memory_percent,50.066101
1779184119.415,/node/memory_percent,50.066101
1779184119.568,/node/memory_percent,50.066101
1779184119.629,/node/memory_percent,50.066101
1779184119.917,/node/memory_percent,50.068615
1779184120.066,/node/memory_percent,50.068577
1779184120.130,/node/memory_percent,50.062187
1779184120.416,/node/memory_percent,50.068825
1779184120.564,/node/memory_percent,50.068787
1779184120.628,/node/memory_percent,50.068764
1779184120.911,/node/memory_percent,50.063019
1779184121.067,/node/memory_percent,50.069733
1779184121.127,/node/memory_percent,50.069721
1779184121.415,/node/memory_percent,50.072765
1779184121.564,/node/memory_percent,50.073425
1779184121.627,/node/memory_percent,50.073414
1779184121.914,/node/memory_percent,50.077633
1779184122.064,/node/memory_percent,50.077595
1779184122.128,/node/memory_percent,50.077583
1779184122.415,/node/memory_percent,50.089973
1779184122.566,/node/memory_percent,50.089836
1779184122.630,/node/memory_percent,50.089771
1779184122.914,/node/memory_percent,50.089710
1779184123.066,/node/memory_percent,50.089710
1779184123.128,/node/memory_percent,50.089710
1779184123.415,/node/memory_percent,50.119480
1779184123.564,/node/memory_percent,50.109421
1779184123.633,/node/memory_percent,50.109421
1779184123.917,/node/memory_percent,50.109814
1779184124.065,/node/memory_percent,50.109814
1779184124.136,/node/memory_percent,50.109814
1779184124.417,/node/memory_percent,50.109814
1779184124.568,/node/memory_percent,50.109814
1779184124.630,/node/memory_percent,50.109814
1779184124.917,/node/memory_percent,50.109814
1779184125.067,/node/memory_percent,50.109814
1779184125.129,/node/memory_percent,50.109814
1779184125.416,/node/memory_percent,50.109814
1779184125.566,/node/memory_percent,50.109814
1779184125.629,/node/memory_percent,50.109814
1779184125.917,/node/memory_percent,50.106152
1779184126.064,/node/memory_percent,50.105705
1779184126.130,/node/memory_percent,50.102489
1779184126.415,/node/memory_percent,50.102489
1779184126.564,/node/memory_percent,50.102489
1779184126.627,/node/memory_percent,50.102489
1779184126.912,/node/memory_percent,50.102489
1779184127.066,/node/memory_percent,50.102489
1779184127.132,/node/memory_percent,50.102489
1779184127.417,/node/memory_percent,50.115196
1779184127.564,/node/memory_percent,50.115196
1779184127.629,/node/memory_percent,50.115196
1779184127.914,/node/memory_percent,50.115196
1779184128.067,/node/memory_percent,50.115196
1779184128.128,/node/memory_percent,50.115196
1779184128.418,/node/memory_percent,50.115582
1779184128.564,/node/memory_percent,50.115582
1779184128.630,/node/memory_percent,50.115582
1779184128.917,/node/memory_percent,50.105881
1779184129.064,/node/memory_percent,50.105881
1779184129.128,/node/memory_percent,50.105881
1779184129.413,/node/memory_percent,50.105881
1779184129.564,/node/memory_percent,50.104050
1779184129.628,/node/memory_percent,50.090763
1779184129.915,/node/memory_percent,50.097054
1779184130.064,/node/memory_percent,50.097015
1779184130.128,/node/memory_percent,50.096989
1779184130.414,/node/memory_percent,50.096916
1779184130.564,/node/memory_percent,50.096867
1779184130.628,/node/memory_percent,50.096851
1779184130.914,/node/memory_percent,50.096767
1779184131.066,/node/memory_percent,50.096729
1779184131.129,/node/memory_percent,50.090340
1779184131.414,/node/memory_percent,50.094086
1779184131.566,/node/memory_percent,50.094051
1779184131.628,/node/memory_percent,50.094025
1779184131.914,/node/memory_percent,50.093975
1779184132.068,/node/memory_percent,50.093975
1779184132.128,/node/memory_percent,50.093975
1779184132.414,/node/memory_percent,50.093975
1779184132.566,/node/memory_percent,50.093975
1779184132.628,/node/memory_percent,50.093975
1779184132.914,/node/memory_percent,50.093975
1779184133.068,/node/memory_percent,50.093975
1779184133.128,/node/memory_percent,50.093975
1779184133.415,/node/memory_percent,50.087509
1779184133.566,/node/memory_percent,50.093838
1779184133.627,/node/memory_percent,50.093826
1779184133.916,/node/memory_percent,50.093750
1779184134.062,/node/memory_percent,50.093750
1779184134.130,/node/memory_percent,50.096901
1779184134.414,/node/memory_percent,50.093956
1779184134.564,/node/memory_percent,50.093956
1779184134.630,/node/memory_percent,50.093956
1779184134.914,/node/memory_percent,50.093956
1779184135.068,/node/memory_percent,50.093956
1779184135.129,/node/memory_percent,50.093956
1779184135.416,/node/memory_percent,50.093956
1779184135.566,/node/memory_percent,50.093956
1779184135.632,/node/memory_percent,50.093956
1779184135.915,/node/memory_percent,50.093956
1779184136.067,/node/memory_percent,50.093956
1779184136.131,/node/memory_percent,50.093956
1779184136.416,/node/memory_percent,50.093956
1779184136.568,/node/memory_percent,50.094341
1779184136.630,/node/memory_percent,50.094341
1779184136.914,/node/memory_percent,50.094341
1779184137.062,/node/memory_percent,50.094341
1779184137.130,/node/memory_percent,50.094341
1779184137.417,/node/memory_percent,50.099613
1779184137.566,/node/memory_percent,50.097805
1779184137.631,/node/memory_percent,50.104156
1779184137.914,/node/memory_percent,50.104084
1779184138.068,/node/memory_percent,50.104034
1779184138.130,/node/memory_percent,50.104019
1779184138.414,/node/memory_percent,50.101147
1779184138.569,/node/memory_percent,50.097923
1779184138.630,/node/memory_percent,50.097923
1779184138.918,/node/memory_percent,50.097923
1779184139.065,/node/memory_percent,50.097923
1779184139.130,/node/memory_percent,50.097923
1779184139.417,/node/memory_percent,50.097923
1779184139.564,/node/memory_percent,50.098312
1779184139.629,/node/memory_percent,50.098312
1779184139.916,/node/memory_percent,50.098312
1779184140.066,/node/memory_percent,50.098312
1779184140.128,/node/memory_percent,50.098312
1779184140.417,/node/memory_percent,50.098312
1779184140.569,/node/memory_percent,50.098312
1779184140.630,/node/memory_percent,50.103050
1779184140.917,/node/memory_percent,50.103355
1779184141.068,/node/memory_percent,50.103306
1779184141.129,/node/memory_percent,50.103294
1779184141.417,/node/memory_percent,50.103218
1779184141.566,/node/memory_percent,50.103195
1779184141.629,/node/memory_percent,50.103195
1779184141.915,/node/memory_percent,50.103580
1779184142.067,/node/memory_percent,50.104355
1779184142.128,/node/memory_percent,50.104355
1779184142.418,/node/memory_percent,50.104332
1779184142.564,/node/memory_percent,50.104679
1779184142.630,/node/memory_percent,50.104679
1779184142.919,/node/memory_percent,50.104679
1779184143.069,/node/memory_percent,50.104679
1779184143.131,/node/memory_percent,50.104553
1779184143.414,/node/memory_percent,50.115589
1779184143.564,/node/memory_percent,50.115868
1779184143.630,/node/memory_percent,50.115868
1779184143.914,/node/memory_percent,50.104168
1779184144.065,/node/memory_percent,50.104168
1779184144.131,/node/memory_percent,50.104168
1779184144.416,/node/memory_percent,50.104168
1779184144.566,/node/memory_percent,50.104168
1779184144.628,/node/memory_percent,50.100658
1779184144.914,/node/memory_percent,50.100658
1779184145.067,/node/memory_percent,50.100658
1779184145.130,/node/memory_percent,50.100658
1779184145.415,/node/memory_percent,50.100658
1779184145.566,/node/memory_percent,50.100658
1779184145.632,/node/memory_percent,50.100658
1779184145.917,/node/memory_percent,50.096066
1779184146.067,/node/memory_percent,50.096027
1779184146.128,/node/memory_percent,50.096001
1779184146.414,/node/memory_percent,50.095928
1779184146.564,/node/memory_percent,50.095890
1779184146.632,/node/memory_percent,50.095863
1779184146.914,/node/memory_percent,50.095791
1779184147.064,/node/memory_percent,50.095741
1779184147.128,/node/memory_percent,50.095730
1779184147.418,/node/memory_percent,50.095654
1779184147.566,/node/memory_percent,50.095604
1779184147.630,/node/memory_percent,50.095592
1779184147.915,/node/memory_percent,50.089561
1779184148.066,/node/memory_percent,50.095890
1779184148.130,/node/memory_percent,50.095879
1779184148.416,/node/memory_percent,50.096169
1779184148.567,/node/memory_percent,50.096130
1779184148.628,/node/memory_percent,50.089741
1779184148.916,/node/memory_percent,50.096031
1779184149.066,/node/memory_percent,50.095997
1779184149.132,/node/memory_percent,50.095970
1779184149.415,/node/memory_percent,50.095898
1779184149.564,/node/memory_percent,50.095844
1779184149.631,/node/memory_percent,50.095833
1779184149.917,/node/memory_percent,50.089382
1779184150.068,/node/memory_percent,50.095711
1779184150.130,/node/memory_percent,50.095695
1779184150.416,/node/memory_percent,50.095612
1779184150.566,/node/memory_percent,50.095959
1779184150.629,/node/memory_percent,50.089569
1779184150.914,/node/memory_percent,50.095860
1779184151.064,/node/memory_percent,50.095821
1779184151.130,/node/memory_percent,50.095795
1779184151.414,/node/memory_percent,50.095722
1779184151.568,/node/memory_percent,50.089691
1779184151.630,/node/memory_percent,50.096046
1779184151.918,/node/memory_percent,50.095970
1779184152.067,/node/memory_percent,50.095921
1779184152.130,/node/memory_percent,50.095909
1779184152.416,/node/memory_percent,50.095821
1779184152.566,/node/memory_percent,50.095783
1779184152.631,/node/memory_percent,50.095760
1779184152.916,/node/memory_percent,50.095684
1779184153.066,/node/memory_percent,50.095634
1779184153.130,/node/memory_percent,50.095623
1779184153.414,/node/memory_percent,50.095535
1779184153.567,/node/memory_percent,50.095497
1779184153.633,/node/memory_percent,50.095486
1779184153.914,/node/memory_percent,50.095398
1779184154.068,/node/memory_percent,50.095360
1779184154.129,/node/memory_percent,50.095337
1779184154.415,/node/memory_percent,50.095261
1779184154.567,/node/memory_percent,50.095211
1779184154.631,/node/memory_percent,50.095200
1779184154.914,/node/memory_percent,50.095112
1779184155.068,/node/memory_percent,50.095074
1779184155.130,/node/memory_percent,50.095051
1779184155.414,/node/memory_percent,50.094990
1779184155.566,/node/memory_percent,50.094990
1779184155.630,/node/memory_percent,50.094990
1779184155.914,/node/memory_percent,50.091774
1779184156.066,/node/memory_percent,50.091774
1779184156.131,/node/memory_percent,50.091774
1779184156.414,/node/memory_percent,50.091774
1779184156.565,/node/memory_percent,50.092110
1779184156.629,/node/memory_percent,50.092110
1779184156.914,/node/memory_percent,50.092110
1779184157.066,/node/memory_percent,50.092503
1779184157.133,/node/memory_percent,50.092503
1779184157.415,/node/memory_percent,50.092503
1779184157.567,/node/memory_percent,50.092503
1779184157.631,/node/memory_percent,50.092503
1779184157.917,/node/memory_percent,50.092503
1779184158.066,/node/memory_percent,50.101280
1779184158.129,/node/memory_percent,50.101280
1779184158.414,/node/memory_percent,50.101265
1779184158.566,/node/memory_percent,50.101646
1779184158.630,/node/memory_percent,50.102421
1779184158.918,/node/memory_percent,50.102421
1779184159.066,/node/memory_percent,50.102421
1779184159.128,/node/memory_percent,50.102421
1779184159.412,/node/memory_percent,50.102421
1779184159.568,/node/memory_percent,50.102814
1779184159.630,/node/memory_percent,50.102814
1779184159.916,/node/memory_percent,50.102814
1779184160.068,/node/memory_percent,50.102814
1779184160.130,/node/memory_percent,50.102814
1779184160.416,/node/memory_percent,50.102814
1779184160.566,/node/memory_percent,50.102814
1779184160.629,/node/memory_percent,50.102814
1779184160.920,/node/memory_percent,50.103207
1779184161.067,/node/memory_percent,50.103207
1779184161.130,/node/memory_percent,50.103207
1779184161.414,/node/memory_percent,50.106686
1779184161.566,/node/memory_percent,50.106686
1779184161.632,/node/memory_percent,50.106686
1779184161.914,/node/memory_percent,50.106686
1779184162.068,/node/memory_percent,50.106686
1779184162.132,/node/memory_percent,50.107079
1779184162.414,/node/memory_percent,50.107079
1779184162.569,/node/memory_percent,50.107067
1779184162.631,/node/memory_percent,50.107067
1779184162.919,/node/memory_percent,50.107067
1779184163.069,/node/memory_percent,50.107067
1779184163.130,/node/memory_percent,50.107067
1779184163.416,/node/memory_percent,50.128395
1779184163.568,/node/memory_percent,50.128799
1779184163.629,/node/memory_percent,50.128799
1779184163.914,/node/memory_percent,50.128799
1779184164.064,/node/memory_percent,50.128799
1779184164.131,/node/memory_percent,50.128799
1779184164.412,/node/memory_percent,50.129185
1779184164.566,/node/memory_percent,50.129185
1779184164.631,/node/memory_percent,50.129185
1779184164.916,/node/memory_percent,50.129185
1779184165.067,/node/memory_percent,50.129185
1779184165.131,/node/memory_percent,50.129185
1779184165.416,/node/memory_percent,50.129185
1779184165.566,/node/memory_percent,50.129185
1779184165.628,/node/memory_percent,50.129185
1779184165.916,/node/memory_percent,50.129185
1779184166.066,/node/memory_percent,50.124794
1779184166.129,/node/memory_percent,50.124794
1779184166.414,/node/memory_percent,50.124794
1779184166.566,/node/memory_percent,50.124794
1779184166.629,/node/memory_percent,50.124794
1779184166.915,/node/memory_percent,50.124794
1779184167.070,/node/memory_percent,50.124794
1779184167.133,/node/memory_percent,50.124794
1779184167.416,/node/memory_percent,50.124794
1779184167.568,/node/memory_percent,50.124786
1779184167.629,/node/memory_percent,50.124786
1779184167.916,/node/memory_percent,50.124786
1779184168.070,/node/memory_percent,50.124786
1779184168.129,/node/memory_percent,50.124786
1779184168.416,/node/memory_percent,50.122761
1779184168.566,/node/memory_percent,50.122738
1779184168.629,/node/memory_percent,50.122738
1779184168.916,/node/memory_percent,50.105450
1779184169.066,/node/memory_percent,50.105450
1779184169.130,/node/memory_percent,50.105450
1779184169.418,/node/memory_percent,50.105450
1779184169.567,/node/memory_percent,50.105843
1779184169.629,/node/memory_percent,50.105843
1779184169.914,/node/memory_percent,50.105843
1779184170.065,/node/memory_percent,50.100422
1779184170.129,/node/memory_percent,50.100410
1779184170.416,/node/memory_percent,50.100323
1779184170.567,/node/memory_percent,50.100285
1779184170.630,/node/memory_percent,50.093895
1779184170.916,/node/memory_percent,50.100185
1779184171.067,/node/memory_percent,50.100147
1779184171.129,/node/memory_percent,50.096958
1779184171.417,/node/memory_percent,50.097710
1779184171.569,/node/memory_percent,50.098064
1779184171.629,/node/memory_percent,50.098064
1779184171.914,/node/memory_percent,50.098064
1779184172.065,/node/memory_percent,50.094604
1779184172.129,/node/memory_percent,50.094604
1779184172.416,/node/memory_percent,50.094952
1779184172.568,/node/memory_percent,50.094952
1779184172.629,/node/memory_percent,50.094952
1779184172.920,/node/memory_percent,50.094952
1779184173.065,/node/memory_percent,50.094952
1779184173.129,/node/memory_percent,50.094952
1779184173.414,/node/memory_percent,50.094952
1779184173.567,/node/memory_percent,50.095337
1779184173.629,/node/memory_percent,50.095337
1779184173.917,/node/memory_percent,50.095337
1779184174.070,/node/memory_percent,50.095337
1779184174.129,/node/memory_percent,50.095337
1779184174.415,/node/memory_percent,50.095722
1779184174.570,/node/memory_percent,50.095722
1779184174.629,/node/memory_percent,50.095722
1779184174.916,/node/memory_percent,50.096462
1779184175.068,/node/memory_percent,50.096817
1779184175.129,/node/memory_percent,50.096790
1779184175.414,/node/memory_percent,50.096718
1779184175.569,/node/memory_percent,50.097458
1779184175.629,/node/memory_percent,50.097458
1779184175.915,/node/memory_percent,50.097458
1779184176.067,/node/memory_percent,50.097458
1779184176.126,/node/memory_percent,50.097458
1779184176.415,/node/memory_percent,50.097458
1779184176.566,/node/memory_percent,50.097847
1779184176.631,/node/memory_percent,50.097847
1779184176.915,/node/memory_percent,50.097847
1779184177.065,/node/memory_percent,50.097847
1779184177.127,/node/memory_percent,50.097847
1779184177.417,/node/memory_percent,50.097847
1779184177.565,/node/memory_percent,50.097847
1779184177.629,/node/memory_percent,50.097847
1779184177.916,/node/memory_percent,50.097847
1779184178.069,/node/memory_percent,50.097847
1779184178.129,/node/memory_percent,50.097847
1779184178.416,/node/memory_percent,50.097847
1779184178.565,/node/memory_percent,50.105560
1779184178.631,/node/memory_percent,50.105560
1779184178.916,/node/memory_percent,50.105953
1779184179.065,/node/memory_percent,50.105953
1779184179.129,/node/memory_percent,50.105953
1779184179.416,/node/memory_percent,50.105953
1779184179.565,/node/memory_percent,50.105942
1779184179.629,/node/memory_percent,50.105942
1779184179.918,/node/memory_percent,50.105942
1779184180.070,/node/memory_percent,50.105942
1779184180.132,/node/memory_percent,50.105942
1779184180.417,/node/memory_percent,50.106289
1779184180.568,/node/memory_percent,50.106289
1779184180.632,/node/memory_percent,50.106289
1779184180.917,/node/memory_percent,50.113735
1779184181.065,/node/memory_percent,50.100353
1779184181.128,/node/memory_percent,50.100739
1779184181.416,/node/memory_percent,50.093540
1779184181.565,/node/memory_percent,50.095661
1779184181.631,/node/memory_percent,50.089867
1779184181.918,/node/memory_percent,50.095860
1779184182.068,/node/memory_percent,50.095684
1779184182.130,/node/memory_percent,50.095661
1779184182.415,/node/memory_percent,50.092506
1779184182.568,/node/memory_percent,50.093838
1779184182.629,/node/memory_percent,50.093826
1779184182.916,/node/memory_percent,50.087372
1779184183.065,/node/memory_percent,50.093700
1779184183.129,/node/memory_percent,50.093689
1779184183.417,/node/memory_percent,50.098694
1779184183.567,/node/memory_percent,50.099033
1779184183.628,/node/memory_percent,50.099033
1779184183.922,/node/memory_percent,50.099033
1779184184.070,/node/memory_percent,50.099033
1779184184.130,/node/memory_percent,50.099033
1779184184.416,/node/memory_percent,50.099033
1779184184.568,/node/memory_percent,50.099033
1779184184.628,/node/memory_percent,50.090439
1779184184.914,/node/memory_percent,50.084377
1779184185.065,/node/memory_percent,50.090706
1779184185.128,/node/memory_percent,50.090694
1779184185.418,/node/memory_percent,50.090607
1779184185.569,/node/memory_percent,50.090580
1779184185.631,/node/memory_percent,50.087391
1779184185.916,/node/memory_percent,50.087391
1779184186.067,/node/memory_percent,50.087391
1779184186.129,/node/memory_percent,50.087391
1779184186.417,/node/memory_percent,50.087391
1779184186.567,/node/memory_percent,50.087742
1779184186.629,/node/memory_percent,50.087742
1779184186.915,/node/memory_percent,50.088127
1779184187.070,/node/memory_percent,50.088127
1779184187.131,/node/memory_percent,50.088127
1779184187.418,/node/memory_percent,50.088127
1779184187.569,/node/memory_percent,50.088127
1779184187.629,/node/memory_percent,50.088127
1779184187.918,/node/memory_percent,50.088127
1779184188.068,/node/memory_percent,50.088127
1779184188.129,/node/memory_percent,50.088127
1779184188.418,/node/memory_percent,50.088512
1779184188.567,/node/memory_percent,50.088486
1779184188.630,/node/memory_percent,50.088486
1779184188.919,/node/memory_percent,50.091148
1779184009.065,/node/io_read_mbs,0.000000
1779184009.128,/node/io_read_mbs,0.000000
1779184009.417,/node/io_read_mbs,0.000000
1779184009.565,/node/io_read_mbs,0.000000
1779184009.628,/node/io_read_mbs,0.000000
1779184009.915,/node/io_read_mbs,0.000000
1779184010.065,/node/io_read_mbs,0.000000
1779184010.129,/node/io_read_mbs,0.000000
1779184010.420,/node/io_read_mbs,0.000000
1779184010.567,/node/io_read_mbs,0.000000
1779184010.628,/node/io_read_mbs,0.000000
1779184010.918,/node/io_read_mbs,0.000000
1779184011.065,/node/io_read_mbs,0.000000
1779184011.131,/node/io_read_mbs,0.000000
1779184011.418,/node/io_read_mbs,0.000000
1779184011.566,/node/io_read_mbs,0.000000
1779184011.629,/node/io_read_mbs,0.000000
1779184011.916,/node/io_read_mbs,0.000000
1779184012.066,/node/io_read_mbs,0.000000
1779184012.129,/node/io_read_mbs,0.000000
1779184012.415,/node/io_read_mbs,0.000000
1779184012.567,/node/io_read_mbs,0.000000
1779184012.629,/node/io_read_mbs,0.000000
1779184012.916,/node/io_read_mbs,0.000000
1779184013.068,/node/io_read_mbs,0.000000
1779184013.128,/node/io_read_mbs,0.000000
1779184013.418,/node/io_read_mbs,0.000000
1779184013.566,/node/io_read_mbs,0.000000
1779184013.629,/node/io_read_mbs,0.000000
1779184013.915,/node/io_read_mbs,0.000000
1779184014.067,/node/io_read_mbs,0.000000
1779184014.128,/node/io_read_mbs,0.000000
1779184014.417,/node/io_read_mbs,0.000000
1779184014.569,/node/io_read_mbs,0.000000
1779184014.629,/node/io_read_mbs,0.000000
1779184014.917,/node/io_read_mbs,0.000000
1779184015.067,/node/io_read_mbs,0.000000
1779184015.129,/node/io_read_mbs,0.000000
1779184015.417,/node/io_read_mbs,0.000000
1779184015.566,/node/io_read_mbs,0.000000
1779184015.629,/node/io_read_mbs,0.000000
1779184015.915,/node/io_read_mbs,0.000000
1779184016.065,/node/io_read_mbs,0.000000
1779184016.129,/node/io_read_mbs,0.000000
1779184016.415,/node/io_read_mbs,0.000000
1779184016.568,/node/io_read_mbs,0.000000
1779184016.629,/node/io_read_mbs,0.000000
1779184016.914,/node/io_read_mbs,0.000000
1779184017.067,/node/io_read_mbs,0.000000
1779184017.132,/node/io_read_mbs,0.000000
1779184017.416,/node/io_read_mbs,0.000000
1779184017.565,/node/io_read_mbs,0.000000
1779184017.630,/node/io_read_mbs,0.000000
1779184017.916,/node/io_read_mbs,0.000000
1779184018.068,/node/io_read_mbs,0.000000
1779184018.129,/node/io_read_mbs,0.000000
1779184018.417,/node/io_read_mbs,0.000000
1779184018.569,/node/io_read_mbs,0.000000
1779184018.627,/node/io_read_mbs,0.000000
1779184018.915,/node/io_read_mbs,0.000000
1779184019.066,/node/io_read_mbs,0.000000
1779184019.127,/node/io_read_mbs,0.000000
1779184019.416,/node/io_read_mbs,0.000000
1779184019.566,/node/io_read_mbs,0.000000
1779184019.629,/node/io_read_mbs,0.000000
1779184019.917,/node/io_read_mbs,0.000000
1779184020.067,/node/io_read_mbs,0.000000
1779184020.129,/node/io_read_mbs,0.000000
1779184020.418,/node/io_read_mbs,0.000000
1779184020.565,/node/io_read_mbs,0.000000
1779184020.629,/node/io_read_mbs,0.000000
1779184020.915,/node/io_read_mbs,0.000000
1779184021.066,/node/io_read_mbs,0.000000
1779184021.131,/node/io_read_mbs,0.000000
1779184021.415,/node/io_read_mbs,0.000000
1779184021.567,/node/io_read_mbs,0.000000
1779184021.629,/node/io_read_mbs,0.000000
1779184021.914,/node/io_read_mbs,0.000000
1779184022.072,/node/io_read_mbs,0.000000
1779184022.129,/node/io_read_mbs,0.000000
1779184022.415,/node/io_read_mbs,0.000000
1779184022.566,/node/io_read_mbs,0.000000
1779184022.628,/node/io_read_mbs,0.000000
1779184022.918,/node/io_read_mbs,0.000000
1779184023.067,/node/io_read_mbs,0.000000
1779184023.132,/node/io_read_mbs,0.000000
1779184023.415,/node/io_read_mbs,0.000000
1779184023.570,/node/io_read_mbs,0.000000
1779184023.628,/node/io_read_mbs,0.000000
1779184023.915,/node/io_read_mbs,0.000000
1779184024.065,/node/io_read_mbs,0.000000
1779184024.128,/node/io_read_mbs,0.000000
1779184024.413,/node/io_read_mbs,0.000000
1779184024.569,/node/io_read_mbs,0.000000
1779184024.629,/node/io_read_mbs,0.000000
1779184024.915,/node/io_read_mbs,0.000000
1779184025.066,/node/io_read_mbs,0.000000
1779184025.128,/node/io_read_mbs,0.000000
1779184025.415,/node/io_read_mbs,0.000000
1779184025.565,/node/io_read_mbs,0.000000
1779184025.628,/node/io_read_mbs,0.000000
1779184025.918,/node/io_read_mbs,0.000000
1779184026.069,/node/io_read_mbs,0.000000
1779184026.128,/node/io_read_mbs,0.000000
1779184026.416,/node/io_read_mbs,0.000000
1779184026.565,/node/io_read_mbs,0.000000
1779184026.629,/node/io_read_mbs,0.000000
1779184026.914,/node/io_read_mbs,0.000000
1779184027.066,/node/io_read_mbs,0.000000
1779184027.129,/node/io_read_mbs,0.000000
1779184027.416,/node/io_read_mbs,0.000000
1779184027.569,/node/io_read_mbs,0.000000
1779184027.631,/node/io_read_mbs,0.000000
1779184027.915,/node/io_read_mbs,0.000000
1779184028.067,/node/io_read_mbs,0.000000
1779184028.128,/node/io_read_mbs,0.000000
1779184028.415,/node/io_read_mbs,0.000000
1779184028.566,/node/io_read_mbs,0.000000
1779184028.628,/node/io_read_mbs,0.000000
1779184028.917,/node/io_read_mbs,0.000000
1779184029.067,/node/io_read_mbs,0.000000
1779184029.125,/node/io_read_mbs,0.000000
1779184029.416,/node/io_read_mbs,0.000000
1779184029.568,/node/io_read_mbs,0.000000
1779184029.632,/node/io_read_mbs,0.000000
1779184029.915,/node/io_read_mbs,0.000000
1779184030.066,/node/io_read_mbs,0.000000
1779184030.129,/node/io_read_mbs,0.000000
1779184030.415,/node/io_read_mbs,0.000000
1779184030.567,/node/io_read_mbs,0.000000
1779184030.631,/node/io_read_mbs,0.000000
1779184030.915,/node/io_read_mbs,0.000000
1779184031.067,/node/io_read_mbs,0.000000
1779184031.128,/node/io_read_mbs,0.000000
1779184031.416,/node/io_read_mbs,0.000000
1779184031.567,/node/io_read_mbs,0.000000
1779184031.630,/node/io_read_mbs,0.000000
1779184031.915,/node/io_read_mbs,0.000000
1779184032.068,/node/io_read_mbs,0.000000
1779184032.128,/node/io_read_mbs,0.000000
1779184032.417,/node/io_read_mbs,0.000000
1779184032.565,/node/io_read_mbs,0.000000
1779184032.628,/node/io_read_mbs,0.000000
1779184032.915,/node/io_read_mbs,0.000000
1779184033.065,/node/io_read_mbs,0.000000
1779184033.129,/node/io_read_mbs,0.000000
1779184033.417,/node/io_read_mbs,0.000000
1779184033.567,/node/io_read_mbs,0.000000
1779184033.629,/node/io_read_mbs,0.000000
1779184033.918,/node/io_read_mbs,0.000000
1779184034.066,/node/io_read_mbs,0.000000
1779184034.129,/node/io_read_mbs,0.000000
1779184034.415,/node/io_read_mbs,0.000000
1779184034.567,/node/io_read_mbs,0.000000
1779184034.629,/node/io_read_mbs,0.000000
1779184034.916,/node/io_read_mbs,0.000000
1779184035.068,/node/io_read_mbs,0.000000
1779184035.129,/node/io_read_mbs,0.000000
1779184035.415,/node/io_read_mbs,0.000000
1779184035.566,/node/io_read_mbs,0.000000
1779184035.629,/node/io_read_mbs,0.000000
1779184035.915,/node/io_read_mbs,0.000000
1779184036.070,/node/io_read_mbs,0.000000
1779184036.129,/node/io_read_mbs,0.000000
1779184036.415,/node/io_read_mbs,0.000000
1779184036.567,/node/io_read_mbs,0.000000
1779184036.629,/node/io_read_mbs,0.000000
1779184036.914,/node/io_read_mbs,0.000000
1779184037.066,/node/io_read_mbs,0.000000
1779184037.129,/node/io_read_mbs,0.000000
1779184037.416,/node/io_read_mbs,0.000000
1779184037.568,/node/io_read_mbs,0.000000
1779184037.629,/node/io_read_mbs,0.000000
1779184037.916,/node/io_read_mbs,0.000000
1779184038.067,/node/io_read_mbs,0.000000
1779184038.130,/node/io_read_mbs,0.000000
1779184038.418,/node/io_read_mbs,0.000000
1779184038.567,/node/io_read_mbs,0.000000
1779184038.626,/node/io_read_mbs,0.000000
1779184038.916,/node/io_read_mbs,0.000000
1779184039.066,/node/io_read_mbs,0.000000
1779184039.129,/node/io_read_mbs,0.000000
1779184039.415,/node/io_read_mbs,0.000000
1779184039.565,/node/io_read_mbs,0.000000
1779184039.628,/node/io_read_mbs,0.000000
1779184039.916,/node/io_read_mbs,0.000000
1779184040.065,/node/io_read_mbs,0.000000
1779184040.129,/node/io_read_mbs,0.000000
1779184040.416,/node/io_read_mbs,0.000000
1779184040.565,/node/io_read_mbs,0.000000
1779184040.628,/node/io_read_mbs,0.000000
1779184040.915,/node/io_read_mbs,0.000000
1779184041.065,/node/io_read_mbs,0.000000
1779184041.129,/node/io_read_mbs,0.000000
1779184041.415,/node/io_read_mbs,0.000000
1779184041.565,/node/io_read_mbs,0.000000
1779184041.627,/node/io_read_mbs,0.000000
1779184041.915,/node/io_read_mbs,0.000000
1779184042.065,/node/io_read_mbs,0.000000
1779184042.128,/node/io_read_mbs,0.000000
1779184042.415,/node/io_read_mbs,0.000000
1779184042.566,/node/io_read_mbs,0.000000
1779184042.629,/node/io_read_mbs,0.000000
1779184042.915,/node/io_read_mbs,0.000000
1779184043.065,/node/io_read_mbs,0.000000
1779184043.129,/node/io_read_mbs,0.000000
1779184043.415,/node/io_read_mbs,0.000000
1779184043.567,/node/io_read_mbs,0.000000
1779184043.628,/node/io_read_mbs,0.000000
1779184043.915,/node/io_read_mbs,0.000000
1779184044.063,/node/io_read_mbs,0.000000
1779184044.129,/node/io_read_mbs,0.000000
1779184044.416,/node/io_read_mbs,0.000000
1779184044.566,/node/io_read_mbs,0.000000
1779184044.628,/node/io_read_mbs,0.000000
1779184044.917,/node/io_read_mbs,0.000000
1779184045.065,/node/io_read_mbs,0.000000
1779184045.129,/node/io_read_mbs,0.000000
1779184045.418,/node/io_read_mbs,0.000000
1779184045.568,/node/io_read_mbs,0.000000
1779184045.629,/node/io_read_mbs,0.000000
1779184045.918,/node/io_read_mbs,0.000000
1779184046.065,/node/io_read_mbs,0.000000
1779184046.129,/node/io_read_mbs,0.000000
1779184046.416,/node/io_read_mbs,0.000000
1779184046.567,/node/io_read_mbs,0.000000
1779184046.629,/node/io_read_mbs,0.000000
1779184046.912,/node/io_read_mbs,0.000000
1779184047.067,/node/io_read_mbs,0.000000
1779184047.129,/node/io_read_mbs,0.000000
1779184047.416,/node/io_read_mbs,0.000000
1779184047.566,/node/io_read_mbs,0.000000
1779184047.629,/node/io_read_mbs,0.000000
1779184047.915,/node/io_read_mbs,0.000000
1779184048.067,/node/io_read_mbs,0.000000
1779184048.129,/node/io_read_mbs,0.000000
1779184048.417,/node/io_read_mbs,0.000000
1779184048.567,/node/io_read_mbs,0.000000
1779184048.629,/node/io_read_mbs,0.000000
1779184048.914,/node/io_read_mbs,0.000000
1779184049.067,/node/io_read_mbs,0.000000
1779184049.128,/node/io_read_mbs,0.000000
1779184049.415,/node/io_read_mbs,0.000000
1779184049.569,/node/io_read_mbs,0.000000
1779184049.631,/node/io_read_mbs,0.000000
1779184049.917,/node/io_read_mbs,0.000000
1779184050.067,/node/io_read_mbs,0.000000
1779184050.130,/node/io_read_mbs,0.000000
1779184050.415,/node/io_read_mbs,0.000000
1779184050.567,/node/io_read_mbs,0.000000
1779184050.629,/node/io_read_mbs,0.000000
1779184050.915,/node/io_read_mbs,0.000000
1779184051.067,/node/io_read_mbs,0.000000
1779184051.128,/node/io_read_mbs,0.000000
1779184051.417,/node/io_read_mbs,0.000000
1779184051.567,/node/io_read_mbs,0.000000
1779184051.630,/node/io_read_mbs,0.000000
1779184051.914,/node/io_read_mbs,0.000000
1779184052.066,/node/io_read_mbs,0.000000
1779184052.129,/node/io_read_mbs,0.000000
1779184052.417,/node/io_read_mbs,0.000000
1779184052.567,/node/io_read_mbs,0.000000
1779184052.629,/node/io_read_mbs,0.000000
1779184052.915,/node/io_read_mbs,0.000000
1779184053.070,/node/io_read_mbs,0.000000
1779184053.129,/node/io_read_mbs,0.000000
1779184053.415,/node/io_read_mbs,0.000000
1779184053.566,/node/io_read_mbs,0.000000
1779184053.629,/node/io_read_mbs,0.000000
1779184053.915,/node/io_read_mbs,0.000000
1779184054.067,/node/io_read_mbs,0.000000
1779184054.129,/node/io_read_mbs,0.000000
1779184054.418,/node/io_read_mbs,0.000000
1779184054.567,/node/io_read_mbs,0.000000
1779184054.628,/node/io_read_mbs,0.000000
1779184054.917,/node/io_read_mbs,0.000000
1779184055.066,/node/io_read_mbs,0.000000
1779184055.128,/node/io_read_mbs,0.000000
1779184055.415,/node/io_read_mbs,0.000000
1779184055.569,/node/io_read_mbs,0.000000
1779184055.628,/node/io_read_mbs,0.000000
1779184055.917,/node/io_read_mbs,0.000000
1779184056.067,/node/io_read_mbs,0.000000
1779184056.125,/node/io_read_mbs,0.000000
1779184056.416,/node/io_read_mbs,0.000000
1779184056.567,/node/io_read_mbs,0.000000
1779184056.629,/node/io_read_mbs,0.000000
1779184056.914,/node/io_read_mbs,0.000000
1779184057.067,/node/io_read_mbs,0.000000
1779184057.129,/node/io_read_mbs,0.000000
1779184057.417,/node/io_read_mbs,0.000000
1779184057.570,/node/io_read_mbs,0.000000
1779184057.627,/node/io_read_mbs,0.000000
1779184057.915,/node/io_read_mbs,0.000000
1779184058.067,/node/io_read_mbs,0.000000
1779184058.128,/node/io_read_mbs,0.000000
1779184058.417,/node/io_read_mbs,0.000000
1779184058.566,/node/io_read_mbs,0.000000
1779184058.628,/node/io_read_mbs,0.000000
1779184058.919,/node/io_read_mbs,0.000000
1779184059.068,/node/io_read_mbs,0.000000
1779184059.128,/node/io_read_mbs,0.000000
1779184059.414,/node/io_read_mbs,0.000000
1779184059.566,/node/io_read_mbs,0.000000
1779184059.631,/node/io_read_mbs,0.000000
1779184059.916,/node/io_read_mbs,0.000000
1779184060.069,/node/io_read_mbs,0.000000
1779184060.128,/node/io_read_mbs,0.000000
1779184060.417,/node/io_read_mbs,0.000000
1779184060.566,/node/io_read_mbs,0.000000
1779184060.630,/node/io_read_mbs,0.000000
1779184060.913,/node/io_read_mbs,0.000000
1779184061.065,/node/io_read_mbs,0.000000
1779184061.129,/node/io_read_mbs,0.000000
1779184061.417,/node/io_read_mbs,0.000000
1779184061.567,/node/io_read_mbs,0.000000
1779184061.628,/node/io_read_mbs,0.000000
1779184061.917,/node/io_read_mbs,0.000000
1779184062.066,/node/io_read_mbs,0.000000
1779184062.128,/node/io_read_mbs,0.000000
1779184062.419,/node/io_read_mbs,0.000000
1779184062.568,/node/io_read_mbs,0.000000
1779184062.628,/node/io_read_mbs,0.000000
1779184062.917,/node/io_read_mbs,0.000000
1779184063.067,/node/io_read_mbs,0.000000
1779184063.128,/node/io_read_mbs,0.000000
1779184063.417,/node/io_read_mbs,0.000000
1779184063.567,/node/io_read_mbs,0.000000
1779184063.629,/node/io_read_mbs,0.000000
1779184063.916,/node/io_read_mbs,0.000000
1779184064.067,/node/io_read_mbs,0.000000
1779184064.128,/node/io_read_mbs,0.000000
1779184064.414,/node/io_read_mbs,0.000000
1779184064.566,/node/io_read_mbs,0.000000
1779184064.631,/node/io_read_mbs,0.000000
1779184064.915,/node/io_read_mbs,0.000000
1779184065.067,/node/io_read_mbs,0.000000
1779184065.128,/node/io_read_mbs,0.000000
1779184065.417,/node/io_read_mbs,0.000000
1779184065.567,/node/io_read_mbs,0.000000
1779184065.628,/node/io_read_mbs,0.000000
1779184065.917,/node/io_read_mbs,0.000000
1779184066.069,/node/io_read_mbs,0.000000
1779184066.128,/node/io_read_mbs,0.000000
1779184066.417,/node/io_read_mbs,0.000000
1779184066.566,/node/io_read_mbs,0.000000
1779184066.628,/node/io_read_mbs,0.000000
1779184066.914,/node/io_read_mbs,0.000000
1779184067.066,/node/io_read_mbs,0.000000
1779184067.129,/node/io_read_mbs,0.000000
1779184067.415,/node/io_read_mbs,0.000000
1779184067.566,/node/io_read_mbs,0.000000
1779184067.628,/node/io_read_mbs,0.000000
1779184067.916,/node/io_read_mbs,0.000000
1779184068.069,/node/io_read_mbs,0.000000
1779184068.128,/node/io_read_mbs,0.000000
1779184068.417,/node/io_read_mbs,0.000000
1779184068.566,/node/io_read_mbs,0.000000
1779184068.631,/node/io_read_mbs,0.000000
1779184068.919,/node/io_read_mbs,0.000000
1779184069.069,/node/io_read_mbs,0.000000
1779184069.131,/node/io_read_mbs,0.000000
1779184069.415,/node/io_read_mbs,0.000000
1779184069.566,/node/io_read_mbs,0.000000
1779184069.629,/node/io_read_mbs,0.000000
1779184069.917,/node/io_read_mbs,0.000000
1779184070.066,/node/io_read_mbs,0.000000
1779184070.130,/node/io_read_mbs,0.000000
1779184070.415,/node/io_read_mbs,0.000000
1779184070.566,/node/io_read_mbs,0.000000
1779184070.629,/node/io_read_mbs,0.000000
1779184070.917,/node/io_read_mbs,0.000000
1779184071.066,/node/io_read_mbs,0.000000
1779184071.130,/node/io_read_mbs,0.000000
1779184071.418,/node/io_read_mbs,0.000000
1779184071.565,/node/io_read_mbs,0.000000
1779184071.631,/node/io_read_mbs,0.000000
1779184071.916,/node/io_read_mbs,0.000000
1779184072.067,/node/io_read_mbs,0.000000
1779184072.130,/node/io_read_mbs,0.000000
1779184072.417,/node/io_read_mbs,0.000000
1779184072.566,/node/io_read_mbs,0.000000
1779184072.628,/node/io_read_mbs,0.000000
1779184072.916,/node/io_read_mbs,0.000000
1779184073.069,/node/io_read_mbs,0.000000
1779184073.130,/node/io_read_mbs,0.000000
1779184073.416,/node/io_read_mbs,0.000000
1779184073.566,/node/io_read_mbs,0.000000
1779184073.630,/node/io_read_mbs,0.000000
1779184073.921,/node/io_read_mbs,0.000000
1779184074.066,/node/io_read_mbs,0.000000
1779184074.131,/node/io_read_mbs,0.000000
1779184074.419,/node/io_read_mbs,0.000000
1779184074.568,/node/io_read_mbs,0.000000
1779184074.628,/node/io_read_mbs,0.000000
1779184074.918,/node/io_read_mbs,0.000000
1779184075.066,/node/io_read_mbs,0.000000
1779184075.128,/node/io_read_mbs,0.000000
1779184075.417,/node/io_read_mbs,0.000000
1779184075.567,/node/io_read_mbs,0.000000
1779184075.628,/node/io_read_mbs,0.000000
1779184075.917,/node/io_read_mbs,0.000000
1779184076.067,/node/io_read_mbs,0.000000
1779184076.128,/node/io_read_mbs,0.000000
1779184076.416,/node/io_read_mbs,0.000000
1779184076.566,/node/io_read_mbs,0.000000
1779184076.629,/node/io_read_mbs,0.000000
1779184076.913,/node/io_read_mbs,0.000000
1779184077.067,/node/io_read_mbs,0.000000
1779184077.130,/node/io_read_mbs,0.000000
1779184077.417,/node/io_read_mbs,0.000000
1779184077.568,/node/io_read_mbs,0.000000
1779184077.630,/node/io_read_mbs,0.000000
1779184077.916,/node/io_read_mbs,0.000000
1779184078.068,/node/io_read_mbs,0.000000
1779184078.130,/node/io_read_mbs,0.000000
1779184078.422,/node/io_read_mbs,0.000000
1779184078.567,/node/io_read_mbs,0.000000
1779184078.631,/node/io_read_mbs,0.000000
1779184078.919,/node/io_read_mbs,0.000000
1779184079.066,/node/io_read_mbs,0.000000
1779184079.131,/node/io_read_mbs,0.000000
1779184079.417,/node/io_read_mbs,0.000000
1779184079.566,/node/io_read_mbs,0.000000
1779184079.630,/node/io_read_mbs,0.000000
1779184079.916,/node/io_read_mbs,0.000000
1779184080.066,/node/io_read_mbs,0.000000
1779184080.130,/node/io_read_mbs,0.000000
1779184080.417,/node/io_read_mbs,0.000000
1779184080.567,/node/io_read_mbs,0.000000
1779184080.632,/node/io_read_mbs,0.000000
1779184080.916,/node/io_read_mbs,0.000000
1779184081.067,/node/io_read_mbs,0.000000
1779184081.130,/node/io_read_mbs,0.000000
1779184081.417,/node/io_read_mbs,0.000000
1779184081.568,/node/io_read_mbs,0.000000
1779184081.628,/node/io_read_mbs,0.000000
1779184081.915,/node/io_read_mbs,0.000000
1779184082.068,/node/io_read_mbs,0.000000
1779184082.130,/node/io_read_mbs,0.000000
1779184082.417,/node/io_read_mbs,0.000000
1779184082.568,/node/io_read_mbs,0.000000
1779184082.630,/node/io_read_mbs,0.000000
1779184082.917,/node/io_read_mbs,0.000000
1779184083.066,/node/io_read_mbs,0.000000
1779184083.128,/node/io_read_mbs,0.000000
1779184083.417,/node/io_read_mbs,0.000000
1779184083.569,/node/io_read_mbs,0.000000
1779184083.630,/node/io_read_mbs,0.000000
1779184083.916,/node/io_read_mbs,0.000000
1779184084.065,/node/io_read_mbs,0.000000
1779184084.131,/node/io_read_mbs,0.000000
1779184084.415,/node/io_read_mbs,0.000000
1779184084.566,/node/io_read_mbs,0.000000
1779184084.629,/node/io_read_mbs,0.000000
1779184084.916,/node/io_read_mbs,0.000000
1779184085.066,/node/io_read_mbs,0.000000
1779184085.128,/node/io_read_mbs,0.000000
1779184085.416,/node/io_read_mbs,0.000000
1779184085.566,/node/io_read_mbs,0.000000
1779184085.630,/node/io_read_mbs,0.000000
1779184085.917,/node/io_read_mbs,0.000000
1779184086.069,/node/io_read_mbs,0.000000
1779184086.130,/node/io_read_mbs,0.000000
1779184086.416,/node/io_read_mbs,0.000000
1779184086.566,/node/io_read_mbs,0.000000
1779184086.628,/node/io_read_mbs,0.000000
1779184086.913,/node/io_read_mbs,0.000000
1779184087.066,/node/io_read_mbs,0.000000
1779184087.133,/node/io_read_mbs,0.000000
1779184087.418,/node/io_read_mbs,0.000000
1779184087.569,/node/io_read_mbs,0.000000
1779184087.631,/node/io_read_mbs,0.000000
1779184087.917,/node/io_read_mbs,0.000000
1779184088.066,/node/io_read_mbs,0.000000
1779184088.130,/node/io_read_mbs,0.000000
1779184088.418,/node/io_read_mbs,0.000000
1779184088.567,/node/io_read_mbs,0.000000
1779184088.629,/node/io_read_mbs,0.000000
1779184088.917,/node/io_read_mbs,0.000000
1779184089.066,/node/io_read_mbs,0.000000
1779184089.130,/node/io_read_mbs,0.000000
1779184089.421,/node/io_read_mbs,0.000000
1779184089.566,/node/io_read_mbs,0.000000
1779184089.630,/node/io_read_mbs,0.000000
1779184089.916,/node/io_read_mbs,0.000000
1779184090.066,/node/io_read_mbs,0.000000
1779184090.128,/node/io_read_mbs,0.000000
1779184090.417,/node/io_read_mbs,0.000000
1779184090.569,/node/io_read_mbs,0.000000
1779184090.630,/node/io_read_mbs,0.000000
1779184090.916,/node/io_read_mbs,0.000000
1779184091.068,/node/io_read_mbs,0.000000
1779184091.131,/node/io_read_mbs,0.000000
1779184091.416,/node/io_read_mbs,0.000000
1779184091.568,/node/io_read_mbs,0.000000
1779184091.630,/node/io_read_mbs,0.000000
1779184091.917,/node/io_read_mbs,0.000000
1779184092.071,/node/io_read_mbs,0.000000
1779184092.132,/node/io_read_mbs,0.000000
1779184092.416,/node/io_read_mbs,0.000000
1779184092.568,/node/io_read_mbs,0.000000
1779184092.630,/node/io_read_mbs,0.000000
1779184092.916,/node/io_read_mbs,0.000000
1779184093.066,/node/io_read_mbs,0.000000
1779184093.128,/node/io_read_mbs,0.000000
1779184093.420,/node/io_read_mbs,0.000000
1779184093.568,/node/io_read_mbs,0.000000
1779184093.631,/node/io_read_mbs,0.000000
1779184093.915,/node/io_read_mbs,0.000000
1779184094.068,/node/io_read_mbs,0.000000
1779184094.129,/node/io_read_mbs,0.000000
1779184094.416,/node/io_read_mbs,0.000000
1779184094.568,/node/io_read_mbs,0.000000
1779184094.630,/node/io_read_mbs,0.000000
1779184094.916,/node/io_read_mbs,0.000000
1779184095.067,/node/io_read_mbs,0.000000
1779184095.129,/node/io_read_mbs,0.000000
1779184095.416,/node/io_read_mbs,0.000000
1779184095.568,/node/io_read_mbs,0.000000
1779184095.630,/node/io_read_mbs,0.000000
1779184095.920,/node/io_read_mbs,0.000000
1779184096.068,/node/io_read_mbs,0.000000
1779184096.129,/node/io_read_mbs,0.000000
1779184096.418,/node/io_read_mbs,0.000000
1779184096.568,/node/io_read_mbs,0.000000
1779184096.633,/node/io_read_mbs,0.000000
1779184096.914,/node/io_read_mbs,0.000000
1779184097.068,/node/io_read_mbs,0.000000
1779184097.131,/node/io_read_mbs,0.000000
1779184097.416,/node/io_read_mbs,0.000000
1779184097.569,/node/io_read_mbs,0.000000
1779184097.629,/node/io_read_mbs,0.000000
1779184097.916,/node/io_read_mbs,0.000000
1779184098.068,/node/io_read_mbs,0.000000
1779184098.134,/node/io_read_mbs,0.000000
1779184098.416,/node/io_read_mbs,0.000000
1779184098.567,/node/io_read_mbs,0.000000
1779184098.631,/node/io_read_mbs,0.000000
1779184098.918,/node/io_read_mbs,0.000000
1779184099.068,/node/io_read_mbs,0.000000
1779184099.131,/node/io_read_mbs,0.000000
1779184099.415,/node/io_read_mbs,0.000000
1779184099.567,/node/io_read_mbs,0.000000
1779184099.629,/node/io_read_mbs,0.000000
1779184099.916,/node/io_read_mbs,0.000000
1779184100.068,/node/io_read_mbs,0.000000
1779184100.129,/node/io_read_mbs,0.000000
1779184100.418,/node/io_read_mbs,0.000000
1779184100.568,/node/io_read_mbs,0.000000
1779184100.630,/node/io_read_mbs,0.000000
1779184100.919,/node/io_read_mbs,0.000000
1779184101.069,/node/io_read_mbs,0.000000
1779184101.129,/node/io_read_mbs,0.000000
1779184101.420,/node/io_read_mbs,0.000000
1779184101.568,/node/io_read_mbs,0.000000
1779184101.632,/node/io_read_mbs,0.000000
1779184101.918,/node/io_read_mbs,0.000000
1779184102.070,/node/io_read_mbs,0.000000
1779184102.133,/node/io_read_mbs,0.000000
1779184102.417,/node/io_read_mbs,0.000000
1779184102.567,/node/io_read_mbs,0.000000
1779184102.632,/node/io_read_mbs,0.000000
1779184102.917,/node/io_read_mbs,0.000000
1779184103.068,/node/io_read_mbs,0.000000
1779184103.132,/node/io_read_mbs,0.000000
1779184103.418,/node/io_read_mbs,0.000000
1779184103.569,/node/io_read_mbs,0.000000
1779184103.630,/node/io_read_mbs,0.000000
1779184103.918,/node/io_read_mbs,0.000000
1779184104.067,/node/io_read_mbs,0.000000
1779184104.130,/node/io_read_mbs,0.000000
1779184104.419,/node/io_read_mbs,0.000000
1779184104.568,/node/io_read_mbs,0.000000
1779184104.630,/node/io_read_mbs,0.000000
1779184104.918,/node/io_read_mbs,0.000000
1779184105.070,/node/io_read_mbs,0.000000
1779184105.131,/node/io_read_mbs,0.000000
1779184105.420,/node/io_read_mbs,0.000000
1779184105.567,/node/io_read_mbs,0.000000
1779184105.632,/node/io_read_mbs,0.000000
1779184105.924,/node/io_read_mbs,0.000000
1779184106.066,/node/io_read_mbs,0.000000
1779184106.132,/node/io_read_mbs,0.000000
1779184106.417,/node/io_read_mbs,0.000000
1779184106.569,/node/io_read_mbs,0.000000
1779184106.631,/node/io_read_mbs,0.000000
1779184106.915,/node/io_read_mbs,0.000000
1779184107.069,/node/io_read_mbs,0.000000
1779184107.130,/node/io_read_mbs,0.000000
1779184107.416,/node/io_read_mbs,0.000000
1779184107.568,/node/io_read_mbs,0.000000
1779184107.630,/node/io_read_mbs,0.000000
1779184107.913,/node/io_read_mbs,0.000000
1779184108.067,/node/io_read_mbs,0.000000
1779184108.131,/node/io_read_mbs,0.000000
1779184108.417,/node/io_read_mbs,0.000000
1779184108.568,/node/io_read_mbs,0.000000
1779184108.629,/node/io_read_mbs,0.000000
1779184108.916,/node/io_read_mbs,0.000000
1779184109.070,/node/io_read_mbs,0.000000
1779184109.129,/node/io_read_mbs,0.000000
1779184109.419,/node/io_read_mbs,0.000000
1779184109.568,/node/io_read_mbs,0.000000
1779184109.629,/node/io_read_mbs,0.000000
1779184109.918,/node/io_read_mbs,0.000000
1779184110.068,/node/io_read_mbs,0.000000
1779184110.131,/node/io_read_mbs,0.000000
1779184110.418,/node/io_read_mbs,0.000000
1779184110.567,/node/io_read_mbs,0.000000
1779184110.629,/node/io_read_mbs,0.000000
1779184110.918,/node/io_read_mbs,0.000000
1779184111.068,/node/io_read_mbs,0.000000
1779184111.131,/node/io_read_mbs,0.000000
1779184111.417,/node/io_read_mbs,0.000000
1779184111.568,/node/io_read_mbs,0.000000
1779184111.630,/node/io_read_mbs,0.000000
1779184111.915,/node/io_read_mbs,0.000000
1779184112.068,/node/io_read_mbs,0.000000
1779184112.129,/node/io_read_mbs,0.000000
1779184112.418,/node/io_read_mbs,0.000000
1779184112.570,/node/io_read_mbs,0.000000
1779184112.629,/node/io_read_mbs,0.000000
1779184112.918,/node/io_read_mbs,0.000000
1779184113.067,/node/io_read_mbs,0.000000
1779184113.129,/node/io_read_mbs,0.000000
1779184113.418,/node/io_read_mbs,0.000000
1779184113.568,/node/io_read_mbs,0.000000
1779184113.628,/node/io_read_mbs,0.000000
1779184113.916,/node/io_read_mbs,0.000000
1779184114.065,/node/io_read_mbs,0.000000
1779184114.130,/node/io_read_mbs,0.000000
1779184114.418,/node/io_read_mbs,0.000000
1779184114.568,/node/io_read_mbs,0.000000
1779184114.631,/node/io_read_mbs,0.000000
1779184114.918,/node/io_read_mbs,0.000000
1779184115.069,/node/io_read_mbs,0.000000
1779184115.129,/node/io_read_mbs,0.000000
1779184115.416,/node/io_read_mbs,0.000000
1779184115.570,/node/io_read_mbs,0.000000
1779184115.633,/node/io_read_mbs,0.000000
1779184115.919,/node/io_read_mbs,0.000000
1779184116.066,/node/io_read_mbs,0.000000
1779184116.128,/node/io_read_mbs,0.000000
1779184116.416,/node/io_read_mbs,0.000000
1779184116.566,/node/io_read_mbs,0.000000
1779184116.629,/node/io_read_mbs,0.000000
1779184116.916,/node/io_read_mbs,0.000000
1779184117.067,/node/io_read_mbs,0.000000
1779184117.129,/node/io_read_mbs,0.000000
1779184117.416,/node/io_read_mbs,0.000000
1779184117.570,/node/io_read_mbs,0.000000
1779184117.630,/node/io_read_mbs,0.000000
1779184117.918,/node/io_read_mbs,0.000000
1779184118.067,/node/io_read_mbs,0.000000
1779184118.132,/node/io_read_mbs,0.000000
1779184118.416,/node/io_read_mbs,0.000000
1779184118.566,/node/io_read_mbs,0.000000
1779184118.629,/node/io_read_mbs,0.000000
1779184118.918,/node/io_read_mbs,0.000000
1779184119.067,/node/io_read_mbs,0.000000
1779184119.131,/node/io_read_mbs,0.000000
1779184119.418,/node/io_read_mbs,0.000000
1779184119.569,/node/io_read_mbs,0.000000
1779184119.631,/node/io_read_mbs,0.000000
1779184119.918,/node/io_read_mbs,0.000000
1779184120.067,/node/io_read_mbs,0.000000
1779184120.131,/node/io_read_mbs,0.000000
1779184120.417,/node/io_read_mbs,0.000000
1779184120.567,/node/io_read_mbs,0.000000
1779184120.629,/node/io_read_mbs,0.000000
1779184120.914,/node/io_read_mbs,0.000000
1779184121.068,/node/io_read_mbs,0.000000
1779184121.131,/node/io_read_mbs,0.000000
1779184121.418,/node/io_read_mbs,0.000000
1779184121.567,/node/io_read_mbs,0.000000
1779184121.631,/node/io_read_mbs,0.000000
1779184121.917,/node/io_read_mbs,0.000000
1779184122.067,/node/io_read_mbs,0.000000
1779184122.129,/node/io_read_mbs,0.000000
1779184122.417,/node/io_read_mbs,0.000000
1779184122.567,/node/io_read_mbs,0.000000
1779184122.631,/node/io_read_mbs,0.000000
1779184122.917,/node/io_read_mbs,0.000000
1779184123.067,/node/io_read_mbs,0.000000
1779184123.130,/node/io_read_mbs,0.000000
1779184123.416,/node/io_read_mbs,0.000000
1779184123.567,/node/io_read_mbs,0.000000
1779184123.634,/node/io_read_mbs,0.000000
1779184123.918,/node/io_read_mbs,0.000000
1779184124.065,/node/io_read_mbs,0.000000
1779184124.136,/node/io_read_mbs,0.000000
1779184124.418,/node/io_read_mbs,0.000000
1779184124.569,/node/io_read_mbs,0.000000
1779184124.632,/node/io_read_mbs,0.000000
1779184124.918,/node/io_read_mbs,0.000000
1779184125.068,/node/io_read_mbs,0.000000
1779184125.129,/node/io_read_mbs,0.000000
1779184125.417,/node/io_read_mbs,0.000000
1779184125.567,/node/io_read_mbs,0.000000
1779184125.629,/node/io_read_mbs,0.000000
1779184125.922,/node/io_read_mbs,0.000000
1779184126.067,/node/io_read_mbs,0.000000
1779184126.132,/node/io_read_mbs,0.000000
1779184126.416,/node/io_read_mbs,0.000000
1779184126.567,/node/io_read_mbs,0.000000
1779184126.630,/node/io_read_mbs,0.000000
1779184126.914,/node/io_read_mbs,0.000000
1779184127.067,/node/io_read_mbs,0.000000
1779184127.133,/node/io_read_mbs,0.000000
1779184127.418,/node/io_read_mbs,0.000000
1779184127.567,/node/io_read_mbs,0.000000
1779184127.630,/node/io_read_mbs,0.000000
1779184127.917,/node/io_read_mbs,0.000000
1779184128.068,/node/io_read_mbs,0.000000
1779184128.133,/node/io_read_mbs,0.000000
1779184128.419,/node/io_read_mbs,0.000000
1779184128.567,/node/io_read_mbs,0.000000
1779184128.631,/node/io_read_mbs,0.000000
1779184128.918,/node/io_read_mbs,0.000000
1779184129.068,/node/io_read_mbs,0.000000
1779184129.129,/node/io_read_mbs,0.000000
1779184129.415,/node/io_read_mbs,0.000000
1779184129.567,/node/io_read_mbs,0.000000
1779184129.630,/node/io_read_mbs,0.000000
1779184129.918,/node/io_read_mbs,0.000000
1779184130.069,/node/io_read_mbs,0.000000
1779184130.129,/node/io_read_mbs,0.000000
1779184130.419,/node/io_read_mbs,0.000000
1779184130.569,/node/io_read_mbs,0.000000
1779184130.630,/node/io_read_mbs,0.000000
1779184130.916,/node/io_read_mbs,0.000000
1779184131.067,/node/io_read_mbs,0.000000
1779184131.130,/node/io_read_mbs,0.000000
1779184131.417,/node/io_read_mbs,0.000000
1779184131.567,/node/io_read_mbs,0.000000
1779184131.633,/node/io_read_mbs,0.000000
1779184131.917,/node/io_read_mbs,0.000000
1779184132.069,/node/io_read_mbs,0.000000
1779184132.129,/node/io_read_mbs,0.000000
1779184132.417,/node/io_read_mbs,0.000000
1779184132.567,/node/io_read_mbs,0.000000
1779184132.629,/node/io_read_mbs,0.000000
1779184132.917,/node/io_read_mbs,0.000000
1779184133.069,/node/io_read_mbs,0.000000
1779184133.131,/node/io_read_mbs,0.000000
1779184133.416,/node/io_read_mbs,0.000000
1779184133.568,/node/io_read_mbs,0.000000
1779184133.630,/node/io_read_mbs,0.000000
1779184133.917,/node/io_read_mbs,0.000000
1779184134.064,/node/io_read_mbs,0.000000
1779184134.131,/node/io_read_mbs,0.000000
1779184134.417,/node/io_read_mbs,0.000000
1779184134.569,/node/io_read_mbs,0.000000
1779184134.631,/node/io_read_mbs,0.000000
1779184134.917,/node/io_read_mbs,0.000000
1779184135.069,/node/io_read_mbs,0.000000
1779184135.130,/node/io_read_mbs,0.000000
1779184135.417,/node/io_read_mbs,0.000000
1779184135.567,/node/io_read_mbs,0.000000
1779184135.634,/node/io_read_mbs,0.000000
1779184135.917,/node/io_read_mbs,0.000000
1779184136.068,/node/io_read_mbs,0.000000
1779184136.133,/node/io_read_mbs,0.000000
1779184136.418,/node/io_read_mbs,0.000000
1779184136.569,/node/io_read_mbs,0.000000
1779184136.631,/node/io_read_mbs,0.000000
1779184136.915,/node/io_read_mbs,0.000000
1779184137.066,/node/io_read_mbs,0.000000
1779184137.131,/node/io_read_mbs,0.000000
1779184137.418,/node/io_read_mbs,0.000000
1779184137.569,/node/io_read_mbs,0.000000
1779184137.631,/node/io_read_mbs,0.000000
1779184137.917,/node/io_read_mbs,0.000000
1779184138.069,/node/io_read_mbs,0.000000
1779184138.131,/node/io_read_mbs,0.000000
1779184138.424,/node/io_read_mbs,0.000000
1779184138.571,/node/io_read_mbs,0.000000
1779184138.631,/node/io_read_mbs,0.000000
1779184138.919,/node/io_read_mbs,0.000000
1779184139.068,/node/io_read_mbs,0.000000
1779184139.131,/node/io_read_mbs,0.000000
1779184139.418,/node/io_read_mbs,0.000000
1779184139.567,/node/io_read_mbs,0.000000
1779184139.629,/node/io_read_mbs,0.000000
1779184139.916,/node/io_read_mbs,0.000000
1779184140.067,/node/io_read_mbs,0.000000
1779184140.129,/node/io_read_mbs,0.000000
1779184140.418,/node/io_read_mbs,0.000000
1779184140.569,/node/io_read_mbs,0.000000
1779184140.631,/node/io_read_mbs,0.000000
1779184140.918,/node/io_read_mbs,0.000000
1779184141.070,/node/io_read_mbs,0.000000
1779184141.131,/node/io_read_mbs,0.000000
1779184141.418,/node/io_read_mbs,0.000000
1779184141.571,/node/io_read_mbs,0.000000
1779184141.630,/node/io_read_mbs,0.000000
1779184141.915,/node/io_read_mbs,0.000000
1779184142.068,/node/io_read_mbs,0.000000
1779184142.129,/node/io_read_mbs,0.000000
1779184142.418,/node/io_read_mbs,0.000000
1779184142.567,/node/io_read_mbs,0.000000
1779184142.632,/node/io_read_mbs,0.000000
1779184142.920,/node/io_read_mbs,0.000000
1779184143.070,/node/io_read_mbs,0.000000
1779184143.132,/node/io_read_mbs,0.000000
1779184143.417,/node/io_read_mbs,0.000000
1779184143.569,/node/io_read_mbs,0.000000
1779184143.632,/node/io_read_mbs,0.000000
1779184143.917,/node/io_read_mbs,0.000000
1779184144.066,/node/io_read_mbs,0.000000
1779184144.132,/node/io_read_mbs,0.000000
1779184144.417,/node/io_read_mbs,0.000000
1779184144.567,/node/io_read_mbs,0.000000
1779184144.630,/node/io_read_mbs,0.000000
1779184144.917,/node/io_read_mbs,0.000000
1779184145.068,/node/io_read_mbs,0.000000
1779184145.131,/node/io_read_mbs,0.000000
1779184145.416,/node/io_read_mbs,0.000000
1779184145.567,/node/io_read_mbs,0.000000
1779184145.633,/node/io_read_mbs,0.000000
1779184145.918,/node/io_read_mbs,0.000000
1779184146.068,/node/io_read_mbs,0.000000
1779184146.130,/node/io_read_mbs,0.000000
1779184146.417,/node/io_read_mbs,0.000000
1779184146.570,/node/io_read_mbs,0.000000
1779184146.633,/node/io_read_mbs,0.000000
1779184146.914,/node/io_read_mbs,0.000000
1779184147.069,/node/io_read_mbs,0.000000
1779184147.131,/node/io_read_mbs,0.000000
1779184147.419,/node/io_read_mbs,0.000000
1779184147.569,/node/io_read_mbs,0.000000
1779184147.631,/node/io_read_mbs,0.000000
1779184147.916,/node/io_read_mbs,0.000000
1779184148.067,/node/io_read_mbs,0.000000
1779184148.131,/node/io_read_mbs,0.000000
1779184148.417,/node/io_read_mbs,0.000000
1779184148.567,/node/io_read_mbs,0.000000
1779184148.632,/node/io_read_mbs,0.000000
1779184148.917,/node/io_read_mbs,0.000000
1779184149.069,/node/io_read_mbs,0.000000
1779184149.132,/node/io_read_mbs,0.000000
1779184149.420,/node/io_read_mbs,0.000000
1779184149.567,/node/io_read_mbs,0.000000
1779184149.633,/node/io_read_mbs,0.000000
1779184149.917,/node/io_read_mbs,0.000000
1779184150.069,/node/io_read_mbs,0.000000
1779184150.131,/node/io_read_mbs,0.000000
1779184150.417,/node/io_read_mbs,0.000000
1779184150.566,/node/io_read_mbs,0.000000
1779184150.630,/node/io_read_mbs,0.000000
1779184150.917,/node/io_read_mbs,0.000000
1779184151.067,/node/io_read_mbs,0.000000
1779184151.131,/node/io_read_mbs,0.000000
1779184151.417,/node/io_read_mbs,0.000000
1779184151.571,/node/io_read_mbs,0.000000
1779184151.631,/node/io_read_mbs,0.000000
1779184151.919,/node/io_read_mbs,0.000000
1779184152.067,/node/io_read_mbs,0.000000
1779184152.131,/node/io_read_mbs,0.000000
1779184152.417,/node/io_read_mbs,0.000000
1779184152.567,/node/io_read_mbs,0.000000
1779184152.631,/node/io_read_mbs,0.000000
1779184152.918,/node/io_read_mbs,0.000000
1779184153.069,/node/io_read_mbs,0.000000
1779184153.131,/node/io_read_mbs,0.000000
1779184153.417,/node/io_read_mbs,0.000000
1779184153.568,/node/io_read_mbs,0.000000
1779184153.634,/node/io_read_mbs,0.000000
1779184153.916,/node/io_read_mbs,0.000000
1779184154.071,/node/io_read_mbs,0.000000
1779184154.129,/node/io_read_mbs,0.000000
1779184154.419,/node/io_read_mbs,0.000000
1779184154.567,/node/io_read_mbs,0.000000
1779184154.631,/node/io_read_mbs,0.000000
1779184154.917,/node/io_read_mbs,0.000000
1779184155.069,/node/io_read_mbs,0.000000
1779184155.131,/node/io_read_mbs,0.000000
1779184155.417,/node/io_read_mbs,0.000000
1779184155.569,/node/io_read_mbs,0.000000
1779184155.631,/node/io_read_mbs,0.000000
1779184155.917,/node/io_read_mbs,0.000000
1779184156.067,/node/io_read_mbs,0.000000
1779184156.132,/node/io_read_mbs,0.000000
1779184156.417,/node/io_read_mbs,0.000000
1779184156.569,/node/io_read_mbs,0.000000
1779184156.631,/node/io_read_mbs,0.000000
1779184156.915,/node/io_read_mbs,0.000000
1779184157.069,/node/io_read_mbs,0.000000
1779184157.134,/node/io_read_mbs,0.000000
1779184157.418,/node/io_read_mbs,0.000000
1779184157.569,/node/io_read_mbs,0.000000
1779184157.631,/node/io_read_mbs,0.000000
1779184157.919,/node/io_read_mbs,0.000000
1779184158.069,/node/io_read_mbs,0.000000
1779184158.130,/node/io_read_mbs,0.000000
1779184158.417,/node/io_read_mbs,0.000000
1779184158.567,/node/io_read_mbs,0.000000
1779184158.631,/node/io_read_mbs,0.000000
1779184158.922,/node/io_read_mbs,0.000000
1779184159.069,/node/io_read_mbs,0.000000
1779184159.131,/node/io_read_mbs,0.000000
1779184159.416,/node/io_read_mbs,0.000000
1779184159.569,/node/io_read_mbs,0.000000
1779184159.631,/node/io_read_mbs,0.000000
1779184159.918,/node/io_read_mbs,0.000000
1779184160.069,/node/io_read_mbs,0.000000
1779184160.131,/node/io_read_mbs,0.000000
1779184160.417,/node/io_read_mbs,0.000000
1779184160.567,/node/io_read_mbs,0.000000
1779184160.630,/node/io_read_mbs,0.000000
1779184160.921,/node/io_read_mbs,0.000000
1779184161.068,/node/io_read_mbs,0.000000
1779184161.131,/node/io_read_mbs,0.000000
1779184161.417,/node/io_read_mbs,0.000000
1779184161.569,/node/io_read_mbs,0.000000
1779184161.633,/node/io_read_mbs,0.000000
1779184161.917,/node/io_read_mbs,0.000000
1779184162.069,/node/io_read_mbs,0.000000
1779184162.133,/node/io_read_mbs,0.000000
1779184162.417,/node/io_read_mbs,0.000000
1779184162.569,/node/io_read_mbs,0.000000
1779184162.634,/node/io_read_mbs,0.000000
1779184162.920,/node/io_read_mbs,0.000000
1779184163.074,/node/io_read_mbs,0.000000
1779184163.131,/node/io_read_mbs,0.000000
1779184163.418,/node/io_read_mbs,0.000000
1779184163.569,/node/io_read_mbs,0.000000
1779184163.630,/node/io_read_mbs,0.000000
1779184163.919,/node/io_read_mbs,0.000000
1779184164.066,/node/io_read_mbs,0.000000
1779184164.133,/node/io_read_mbs,0.000000
1779184164.416,/node/io_read_mbs,0.000000
1779184164.569,/node/io_read_mbs,0.000000
1779184164.633,/node/io_read_mbs,0.000000
1779184164.918,/node/io_read_mbs,0.000000
1779184165.068,/node/io_read_mbs,0.000000
1779184165.132,/node/io_read_mbs,0.000000
1779184165.417,/node/io_read_mbs,0.000000
1779184165.571,/node/io_read_mbs,0.000000
1779184165.631,/node/io_read_mbs,0.000000
1779184165.917,/node/io_read_mbs,0.000000
1779184166.069,/node/io_read_mbs,0.000000
1779184166.130,/node/io_read_mbs,0.000000
1779184166.419,/node/io_read_mbs,0.000000
1779184166.571,/node/io_read_mbs,0.000000
1779184166.632,/node/io_read_mbs,0.000000
1779184166.916,/node/io_read_mbs,0.000000
1779184167.071,/node/io_read_mbs,0.000000
1779184167.133,/node/io_read_mbs,0.000000
1779184167.417,/node/io_read_mbs,0.000000
1779184167.569,/node/io_read_mbs,0.000000
1779184167.632,/node/io_read_mbs,0.000000
1779184167.918,/node/io_read_mbs,0.000000
1779184168.071,/node/io_read_mbs,0.000000
1779184168.130,/node/io_read_mbs,0.000000
1779184168.418,/node/io_read_mbs,0.000000
1779184168.567,/node/io_read_mbs,0.000000
1779184168.630,/node/io_read_mbs,0.000000
1779184168.917,/node/io_read_mbs,0.000000
1779184169.071,/node/io_read_mbs,0.000000
1779184169.132,/node/io_read_mbs,0.000000
1779184169.420,/node/io_read_mbs,0.000000
1779184169.569,/node/io_read_mbs,0.000000
1779184169.631,/node/io_read_mbs,0.000000
1779184169.917,/node/io_read_mbs,0.000000
1779184170.068,/node/io_read_mbs,0.000000
1779184170.130,/node/io_read_mbs,0.000000
1779184170.418,/node/io_read_mbs,0.000000
1779184170.569,/node/io_read_mbs,0.000000
1779184170.631,/node/io_read_mbs,0.000000
1779184170.917,/node/io_read_mbs,0.000000
1779184171.070,/node/io_read_mbs,0.000000
1779184171.130,/node/io_read_mbs,0.000000
1779184171.418,/node/io_read_mbs,0.000000
1779184171.569,/node/io_read_mbs,0.000000
1779184171.630,/node/io_read_mbs,0.000000
1779184171.917,/node/io_read_mbs,0.000000
1779184172.068,/node/io_read_mbs,0.000000
1779184172.130,/node/io_read_mbs,0.000000
1779184172.419,/node/io_read_mbs,0.000000
1779184172.569,/node/io_read_mbs,0.000000
1779184172.630,/node/io_read_mbs,0.000000
1779184172.922,/node/io_read_mbs,0.000000
1779184173.068,/node/io_read_mbs,0.000000
1779184173.130,/node/io_read_mbs,0.000000
1779184173.417,/node/io_read_mbs,0.000000
1779184173.569,/node/io_read_mbs,0.000000
1779184173.630,/node/io_read_mbs,0.000000
1779184173.918,/node/io_read_mbs,0.000000
1779184174.071,/node/io_read_mbs,0.000000
1779184174.130,/node/io_read_mbs,0.000000
1779184174.416,/node/io_read_mbs,0.000000
1779184174.571,/node/io_read_mbs,0.000000
1779184174.630,/node/io_read_mbs,0.000000
1779184174.919,/node/io_read_mbs,0.000000
1779184175.069,/node/io_read_mbs,0.000000
1779184175.130,/node/io_read_mbs,0.000000
1779184175.419,/node/io_read_mbs,0.000000
1779184175.570,/node/io_read_mbs,0.000000
1779184175.631,/node/io_read_mbs,0.000000
1779184175.918,/node/io_read_mbs,0.000000
1779184176.068,/node/io_read_mbs,0.000000
1779184176.128,/node/io_read_mbs,0.000000
1779184176.417,/node/io_read_mbs,0.000000
1779184176.568,/node/io_read_mbs,0.000000
1779184176.632,/node/io_read_mbs,0.000000
1779184176.916,/node/io_read_mbs,0.000000
1779184177.068,/node/io_read_mbs,0.000000
1779184177.130,/node/io_read_mbs,0.000000
1779184177.418,/node/io_read_mbs,0.000000
1779184177.568,/node/io_read_mbs,0.000000
1779184177.632,/node/io_read_mbs,0.000000
1779184177.917,/node/io_read_mbs,0.000000
1779184178.070,/node/io_read_mbs,0.000000
1779184178.130,/node/io_read_mbs,0.000000
1779184178.417,/node/io_read_mbs,0.000000
1779184178.568,/node/io_read_mbs,0.000000
1779184178.633,/node/io_read_mbs,0.000000
1779184178.919,/node/io_read_mbs,0.000000
1779184179.068,/node/io_read_mbs,0.000000
1779184179.130,/node/io_read_mbs,0.000000
1779184179.418,/node/io_read_mbs,0.000000
1779184179.568,/node/io_read_mbs,0.000000
1779184179.631,/node/io_read_mbs,0.000000
1779184179.918,/node/io_read_mbs,0.000000
1779184180.070,/node/io_read_mbs,0.000000
1779184180.134,/node/io_read_mbs,0.000000
1779184180.418,/node/io_read_mbs,0.000000
1779184180.568,/node/io_read_mbs,0.000000
1779184180.633,/node/io_read_mbs,0.000000
1779184180.919,/node/io_read_mbs,0.000000
1779184181.067,/node/io_read_mbs,0.000000
1779184181.129,/node/io_read_mbs,0.000000
1779184181.421,/node/io_read_mbs,0.000000
1779184181.568,/node/io_read_mbs,0.000000
1779184181.632,/node/io_read_mbs,0.000000
1779184181.919,/node/io_read_mbs,0.000000
1779184182.069,/node/io_read_mbs,0.000000
1779184182.130,/node/io_read_mbs,0.000000
1779184182.417,/node/io_read_mbs,0.000000
1779184182.569,/node/io_read_mbs,0.000000
1779184182.630,/node/io_read_mbs,0.000000
1779184182.917,/node/io_read_mbs,0.000000
1779184183.068,/node/io_read_mbs,0.000000
1779184183.130,/node/io_read_mbs,0.000000
1779184183.421,/node/io_read_mbs,0.000000
1779184183.568,/node/io_read_mbs,0.000000
1779184183.631,/node/io_read_mbs,0.000000
1779184183.922,/node/io_read_mbs,0.000000
1779184184.071,/node/io_read_mbs,0.000000
1779184184.131,/node/io_read_mbs,0.000000
1779184184.417,/node/io_read_mbs,0.000000
1779184184.571,/node/io_read_mbs,0.000000
1779184184.631,/node/io_read_mbs,0.000000
1779184184.917,/node/io_read_mbs,0.000000
1779184185.068,/node/io_read_mbs,0.000000
1779184185.131,/node/io_read_mbs,0.000000
1779184185.419,/node/io_read_mbs,0.000000
1779184185.570,/node/io_read_mbs,0.000000
1779184185.632,/node/io_read_mbs,0.000000
1779184185.920,/node/io_read_mbs,0.000000
1779184186.068,/node/io_read_mbs,0.000000
1779184186.131,/node/io_read_mbs,0.000000
1779184186.418,/node/io_read_mbs,0.000000
1779184186.568,/node/io_read_mbs,0.000000
1779184186.630,/node/io_read_mbs,0.000000
1779184186.917,/node/io_read_mbs,0.000000
1779184187.070,/node/io_read_mbs,0.000000
1779184187.133,/node/io_read_mbs,0.000000
1779184187.419,/node/io_read_mbs,0.000000
1779184187.571,/node/io_read_mbs,0.000000
1779184187.630,/node/io_read_mbs,0.000000
1779184187.920,/node/io_read_mbs,0.000000
1779184188.068,/node/io_read_mbs,0.000000
1779184188.130,/node/io_read_mbs,0.000000
1779184188.419,/node/io_read_mbs,0.000000
1779184188.568,/node/io_read_mbs,0.000000
1779184188.631,/node/io_read_mbs,0.000000
1779184188.919,/node/io_read_mbs,0.000000
1779184009.066,/node/io_write_mbs,0.000000
1779184009.130,/node/io_write_mbs,0.000000
1779184009.418,/node/io_write_mbs,0.000000
1779184009.566,/node/io_write_mbs,0.000000
1779184009.629,/node/io_write_mbs,0.000000
1779184009.916,/node/io_write_mbs,0.000000
1779184010.066,/node/io_write_mbs,0.000000
1779184010.132,/node/io_write_mbs,0.000000
1779184010.420,/node/io_write_mbs,0.000000
1779184010.568,/node/io_write_mbs,0.000000
1779184010.629,/node/io_write_mbs,0.000000
1779184010.919,/node/io_write_mbs,0.000000
1779184011.066,/node/io_write_mbs,0.000000
1779184011.132,/node/io_write_mbs,0.000000
1779184011.419,/node/io_write_mbs,0.000000
1779184011.567,/node/io_write_mbs,0.000000
1779184011.630,/node/io_write_mbs,0.000000
1779184011.917,/node/io_write_mbs,0.000000
1779184012.068,/node/io_write_mbs,0.000000
1779184012.130,/node/io_write_mbs,0.125187
1779184012.416,/node/io_write_mbs,0.124813
1779184012.568,/node/io_write_mbs,0.124975
1779184012.630,/node/io_write_mbs,0.000000
1779184012.917,/node/io_write_mbs,0.000000
1779184013.069,/node/io_write_mbs,0.000000
1779184013.129,/node/io_write_mbs,0.000000
1779184013.419,/node/io_write_mbs,0.000000
1779184013.567,/node/io_write_mbs,0.000000
1779184013.630,/node/io_write_mbs,0.000000
1779184013.916,/node/io_write_mbs,0.000000
1779184014.079,/node/io_write_mbs,0.000000
1779184014.129,/node/io_write_mbs,0.000000
1779184014.419,/node/io_write_mbs,0.000000
1779184014.570,/node/io_write_mbs,0.000000
1779184014.630,/node/io_write_mbs,0.000000
1779184014.918,/node/io_write_mbs,0.000000
1779184015.068,/node/io_write_mbs,0.000000
1779184015.132,/node/io_write_mbs,0.000000
1779184015.418,/node/io_write_mbs,0.000000
1779184015.569,/node/io_write_mbs,0.000000
1779184015.630,/node/io_write_mbs,0.000000
1779184015.916,/node/io_write_mbs,0.000000
1779184016.065,/node/io_write_mbs,0.000000
1779184016.130,/node/io_write_mbs,0.000000
1779184016.417,/node/io_write_mbs,0.000000
1779184016.569,/node/io_write_mbs,0.000000
1779184016.630,/node/io_write_mbs,0.000000
1779184016.915,/node/io_write_mbs,0.000000
1779184017.068,/node/io_write_mbs,0.000000
1779184017.133,/node/io_write_mbs,0.000000
1779184017.417,/node/io_write_mbs,0.000000
1779184017.566,/node/io_write_mbs,0.000000
1779184017.630,/node/io_write_mbs,0.000000
1779184017.917,/node/io_write_mbs,0.000000
1779184018.069,/node/io_write_mbs,0.000000
1779184018.130,/node/io_write_mbs,0.000000
1779184018.418,/node/io_write_mbs,0.000000
1779184018.570,/node/io_write_mbs,0.000000
1779184018.628,/node/io_write_mbs,0.000000
1779184018.916,/node/io_write_mbs,0.000000
1779184019.069,/node/io_write_mbs,0.000000
1779184019.129,/node/io_write_mbs,0.000000
1779184019.417,/node/io_write_mbs,0.000000
1779184019.567,/node/io_write_mbs,0.000000
1779184019.630,/node/io_write_mbs,0.000000
1779184019.918,/node/io_write_mbs,0.000000
1779184020.068,/node/io_write_mbs,0.000000
1779184020.130,/node/io_write_mbs,0.000000
1779184020.430,/node/io_write_mbs,0.000000
1779184020.566,/node/io_write_mbs,0.000000
1779184020.630,/node/io_write_mbs,0.000000
1779184020.916,/node/io_write_mbs,0.000000
1779184021.067,/node/io_write_mbs,0.000000
1779184021.132,/node/io_write_mbs,0.000000
1779184021.416,/node/io_write_mbs,0.000000
1779184021.568,/node/io_write_mbs,0.000000
1779184021.630,/node/io_write_mbs,0.000000
1779184021.915,/node/io_write_mbs,0.000000
1779184022.073,/node/io_write_mbs,0.000000
1779184022.130,/node/io_write_mbs,0.046866
1779184022.417,/node/io_write_mbs,0.046935
1779184022.567,/node/io_write_mbs,0.046885
1779184022.629,/node/io_write_mbs,0.000000
1779184022.919,/node/io_write_mbs,0.000000
1779184023.068,/node/io_write_mbs,0.000000
1779184023.133,/node/io_write_mbs,0.000000
1779184023.416,/node/io_write_mbs,0.000000
1779184023.571,/node/io_write_mbs,0.000000
1779184023.629,/node/io_write_mbs,0.000000
1779184023.916,/node/io_write_mbs,0.000000
1779184024.067,/node/io_write_mbs,0.000000
1779184024.129,/node/io_write_mbs,0.000000
1779184024.414,/node/io_write_mbs,0.000000
1779184024.570,/node/io_write_mbs,0.000000
1779184024.630,/node/io_write_mbs,0.000000
1779184024.916,/node/io_write_mbs,0.000000
1779184025.067,/node/io_write_mbs,0.000000
1779184025.129,/node/io_write_mbs,0.000000
1779184025.415,/node/io_write_mbs,0.000000
1779184025.566,/node/io_write_mbs,0.000000
1779184025.629,/node/io_write_mbs,0.000000
1779184025.919,/node/io_write_mbs,0.000000
1779184026.072,/node/io_write_mbs,0.000000
1779184026.128,/node/io_write_mbs,0.000000
1779184026.417,/node/io_write_mbs,0.000000
1779184026.566,/node/io_write_mbs,0.000000
1779184026.630,/node/io_write_mbs,0.000000
1779184026.916,/node/io_write_mbs,0.000000
1779184027.067,/node/io_write_mbs,0.000000
1779184027.130,/node/io_write_mbs,0.062356
1779184027.417,/node/io_write_mbs,0.062468
1779184027.570,/node/io_write_mbs,0.062504
1779184027.632,/node/io_write_mbs,0.000000
1779184027.916,/node/io_write_mbs,0.015626
1779184028.068,/node/io_write_mbs,0.015628
1779184028.129,/node/io_write_mbs,0.015618
1779184028.416,/node/io_write_mbs,0.031255
1779184028.567,/node/io_write_mbs,0.031244
1779184028.629,/node/io_write_mbs,0.031264
1779184028.918,/node/io_write_mbs,0.000000
1779184029.068,/node/io_write_mbs,0.000000
1779184029.127,/node/io_write_mbs,0.000000
1779184029.417,/node/io_write_mbs,0.000000
1779184029.569,/node/io_write_mbs,0.000000
1779184029.632,/node/io_write_mbs,0.000000
1779184029.916,/node/io_write_mbs,0.000000
1779184030.067,/node/io_write_mbs,0.000000
1779184030.129,/node/io_write_mbs,0.000000
1779184030.417,/node/io_write_mbs,0.000000
1779184030.567,/node/io_write_mbs,0.000000
1779184030.632,/node/io_write_mbs,0.000000
1779184030.916,/node/io_write_mbs,0.000000
1779184031.068,/node/io_write_mbs,0.000000
1779184031.129,/node/io_write_mbs,0.000000
1779184031.416,/node/io_write_mbs,0.000000
1779184031.568,/node/io_write_mbs,0.000000
1779184031.631,/node/io_write_mbs,0.000000
1779184031.916,/node/io_write_mbs,0.000000
1779184032.069,/node/io_write_mbs,0.000000
1779184032.129,/node/io_write_mbs,0.046874
1779184032.418,/node/io_write_mbs,0.046841
1779184032.566,/node/io_write_mbs,0.046888
1779184032.629,/node/io_write_mbs,0.000000
1779184032.916,/node/io_write_mbs,0.000000
1779184033.066,/node/io_write_mbs,0.000000
1779184033.130,/node/io_write_mbs,0.000000
1779184033.418,/node/io_write_mbs,0.000000
1779184033.568,/node/io_write_mbs,0.000000
1779184033.630,/node/io_write_mbs,0.000000
1779184033.919,/node/io_write_mbs,0.000000
1779184034.067,/node/io_write_mbs,0.000000
1779184034.130,/node/io_write_mbs,0.000000
1779184034.416,/node/io_write_mbs,0.000000
1779184034.568,/node/io_write_mbs,0.000000
1779184034.630,/node/io_write_mbs,0.000000
1779184034.917,/node/io_write_mbs,0.000000
1779184035.068,/node/io_write_mbs,0.000000
1779184035.130,/node/io_write_mbs,0.000000
1779184035.416,/node/io_write_mbs,0.000000
1779184035.567,/node/io_write_mbs,0.000000
1779184035.630,/node/io_write_mbs,0.000000
1779184035.916,/node/io_write_mbs,0.000000
1779184036.071,/node/io_write_mbs,0.000000
1779184036.130,/node/io_write_mbs,0.000000
1779184036.416,/node/io_write_mbs,0.000000
1779184036.568,/node/io_write_mbs,0.000000
1779184036.630,/node/io_write_mbs,0.000000
1779184036.914,/node/io_write_mbs,0.000000
1779184037.067,/node/io_write_mbs,0.000000
1779184037.130,/node/io_write_mbs,0.046731
1779184037.417,/node/io_write_mbs,0.046800
1779184037.569,/node/io_write_mbs,0.046976
1779184037.630,/node/io_write_mbs,0.000000
1779184037.917,/node/io_write_mbs,0.000000
1779184038.068,/node/io_write_mbs,0.000000
1779184038.131,/node/io_write_mbs,0.000000
1779184038.419,/node/io_write_mbs,0.000000
1779184038.570,/node/io_write_mbs,0.000000
1779184038.628,/node/io_write_mbs,0.000000
1779184038.917,/node/io_write_mbs,0.000000
1779184039.067,/node/io_write_mbs,0.000000
1779184039.130,/node/io_write_mbs,0.000000
1779184039.416,/node/io_write_mbs,0.000000
1779184039.566,/node/io_write_mbs,0.000000
1779184039.629,/node/io_write_mbs,0.000000
1779184039.917,/node/io_write_mbs,0.000000
1779184040.066,/node/io_write_mbs,0.000000
1779184040.130,/node/io_write_mbs,0.000000
1779184040.417,/node/io_write_mbs,0.000000
1779184040.566,/node/io_write_mbs,0.000000
1779184040.629,/node/io_write_mbs,0.000000
1779184040.916,/node/io_write_mbs,0.000000
1779184041.066,/node/io_write_mbs,0.000000
1779184041.130,/node/io_write_mbs,0.000000
1779184041.416,/node/io_write_mbs,0.000000
1779184041.566,/node/io_write_mbs,0.000000
1779184041.628,/node/io_write_mbs,0.000000
1779184041.916,/node/io_write_mbs,0.000000
1779184042.066,/node/io_write_mbs,0.000000
1779184042.129,/node/io_write_mbs,0.046765
1779184042.416,/node/io_write_mbs,0.046893
1779184042.567,/node/io_write_mbs,0.046879
1779184042.630,/node/io_write_mbs,0.000000
1779184042.916,/node/io_write_mbs,0.000000
1779184043.066,/node/io_write_mbs,0.000000
1779184043.130,/node/io_write_mbs,0.000000
1779184043.416,/node/io_write_mbs,0.000000
1779184043.568,/node/io_write_mbs,0.000000
1779184043.629,/node/io_write_mbs,0.000000
1779184043.916,/node/io_write_mbs,0.000000
1779184044.064,/node/io_write_mbs,0.000000
1779184044.130,/node/io_write_mbs,0.000000
1779184044.417,/node/io_write_mbs,0.000000
1779184044.566,/node/io_write_mbs,0.000000
1779184044.629,/node/io_write_mbs,0.000000
1779184044.930,/node/io_write_mbs,0.000000
1779184045.066,/node/io_write_mbs,0.000000
1779184045.130,/node/io_write_mbs,0.000000
1779184045.419,/node/io_write_mbs,0.000000
1779184045.569,/node/io_write_mbs,0.000000
1779184045.630,/node/io_write_mbs,0.000000
1779184045.919,/node/io_write_mbs,0.000000
1779184046.066,/node/io_write_mbs,0.000000
1779184046.130,/node/io_write_mbs,0.000000
1779184046.417,/node/io_write_mbs,0.000000
1779184046.568,/node/io_write_mbs,0.000000
1779184046.630,/node/io_write_mbs,0.000000
1779184046.914,/node/io_write_mbs,0.000000
1779184047.068,/node/io_write_mbs,0.000000
1779184047.130,/node/io_write_mbs,0.062510
1779184047.417,/node/io_write_mbs,0.062494
1779184047.567,/node/io_write_mbs,0.062541
1779184047.630,/node/io_write_mbs,0.000000
1779184047.916,/node/io_write_mbs,0.000000
1779184048.068,/node/io_write_mbs,0.000000
1779184048.130,/node/io_write_mbs,0.000000
1779184048.418,/node/io_write_mbs,0.000000
1779184048.568,/node/io_write_mbs,0.046802
1779184048.630,/node/io_write_mbs,0.046874
1779184048.914,/node/io_write_mbs,0.046955
1779184049.068,/node/io_write_mbs,0.000000
1779184049.129,/node/io_write_mbs,0.000000
1779184049.416,/node/io_write_mbs,0.000000
1779184049.570,/node/io_write_mbs,0.000000
1779184049.632,/node/io_write_mbs,0.000000
1779184049.918,/node/io_write_mbs,0.000000
1779184050.068,/node/io_write_mbs,0.000000
1779184050.131,/node/io_write_mbs,0.000000
1779184050.416,/node/io_write_mbs,0.000000
1779184050.568,/node/io_write_mbs,0.000000
1779184050.630,/node/io_write_mbs,0.000000
1779184050.916,/node/io_write_mbs,0.000000
1779184051.068,/node/io_write_mbs,0.000000
1779184051.128,/node/io_write_mbs,0.000000
1779184051.418,/node/io_write_mbs,0.000000
1779184051.568,/node/io_write_mbs,0.000000
1779184051.631,/node/io_write_mbs,0.000000
1779184051.914,/node/io_write_mbs,0.000000
1779184052.067,/node/io_write_mbs,0.000000
1779184052.130,/node/io_write_mbs,0.000000
1779184052.418,/node/io_write_mbs,0.000000
1779184052.568,/node/io_write_mbs,0.000000
1779184052.630,/node/io_write_mbs,0.000000
1779184052.916,/node/io_write_mbs,0.000000
1779184053.071,/node/io_write_mbs,0.000000
1779184053.130,/node/io_write_mbs,0.000000
1779184053.416,/node/io_write_mbs,0.000000
1779184053.567,/node/io_write_mbs,0.000000
1779184053.630,/node/io_write_mbs,0.000000
1779184053.916,/node/io_write_mbs,0.000000
1779184054.068,/node/io_write_mbs,0.000000
1779184054.130,/node/io_write_mbs,0.000000
1779184054.419,/node/io_write_mbs,0.000000
1779184054.568,/node/io_write_mbs,0.000000
1779184054.629,/node/io_write_mbs,0.000000
1779184054.918,/node/io_write_mbs,0.000000
1779184055.067,/node/io_write_mbs,0.000000
1779184055.129,/node/io_write_mbs,0.000000
1779184055.416,/node/io_write_mbs,0.000000
1779184055.571,/node/io_write_mbs,0.000000
1779184055.629,/node/io_write_mbs,0.000000
1779184055.919,/node/io_write_mbs,0.000000
1779184056.068,/node/io_write_mbs,0.000000
1779184056.127,/node/io_write_mbs,0.000000
1779184056.416,/node/io_write_mbs,0.000000
1779184056.568,/node/io_write_mbs,0.000000
1779184056.629,/node/io_write_mbs,0.000000
1779184056.915,/node/io_write_mbs,0.000000
1779184057.068,/node/io_write_mbs,0.000000
1779184057.130,/node/io_write_mbs,0.046855
1779184057.418,/node/io_write_mbs,0.046939
1779184057.570,/node/io_write_mbs,0.046884
1779184057.628,/node/io_write_mbs,0.000000
1779184057.916,/node/io_write_mbs,0.000000
1779184058.068,/node/io_write_mbs,0.000000
1779184058.129,/node/io_write_mbs,0.000000
1779184058.418,/node/io_write_mbs,0.000000
1779184058.567,/node/io_write_mbs,0.000000
1779184058.629,/node/io_write_mbs,0.000000
1779184058.920,/node/io_write_mbs,0.000000
1779184059.068,/node/io_write_mbs,0.000000
1779184059.129,/node/io_write_mbs,0.000000
1779184059.415,/node/io_write_mbs,0.000000
1779184059.567,/node/io_write_mbs,0.000000
1779184059.632,/node/io_write_mbs,0.000000
1779184059.916,/node/io_write_mbs,0.000000
1779184060.070,/node/io_write_mbs,0.000000
1779184060.129,/node/io_write_mbs,0.000000
1779184060.418,/node/io_write_mbs,0.000000
1779184060.567,/node/io_write_mbs,0.000000
1779184060.631,/node/io_write_mbs,0.000000
1779184060.914,/node/io_write_mbs,0.000000
1779184061.067,/node/io_write_mbs,0.000000
1779184061.130,/node/io_write_mbs,0.000000
1779184061.418,/node/io_write_mbs,0.000000
1779184061.568,/node/io_write_mbs,0.000000
1779184061.629,/node/io_write_mbs,0.000000
1779184061.918,/node/io_write_mbs,0.000000
1779184062.067,/node/io_write_mbs,0.000000
1779184062.129,/node/io_write_mbs,0.046952
1779184062.420,/node/io_write_mbs,0.046909
1779184062.569,/node/io_write_mbs,0.046874
1779184062.629,/node/io_write_mbs,0.000000
1779184062.918,/node/io_write_mbs,0.015627
1779184063.068,/node/io_write_mbs,0.015628
1779184063.129,/node/io_write_mbs,0.015642
1779184063.418,/node/io_write_mbs,0.000000
1779184063.568,/node/io_write_mbs,0.000000
1779184063.630,/node/io_write_mbs,0.000000
1779184063.917,/node/io_write_mbs,0.000000
1779184064.068,/node/io_write_mbs,0.000000
1779184064.129,/node/io_write_mbs,0.000000
1779184064.414,/node/io_write_mbs,0.000000
1779184064.567,/node/io_write_mbs,0.000000
1779184064.633,/node/io_write_mbs,0.000000
1779184064.918,/node/io_write_mbs,0.000000
1779184065.068,/node/io_write_mbs,0.000000
1779184065.129,/node/io_write_mbs,0.000000
1779184065.418,/node/io_write_mbs,0.000000
1779184065.568,/node/io_write_mbs,0.000000
1779184065.629,/node/io_write_mbs,0.000000
1779184065.918,/node/io_write_mbs,0.000000
1779184066.070,/node/io_write_mbs,0.000000
1779184066.129,/node/io_write_mbs,0.000000
1779184066.418,/node/io_write_mbs,0.000000
1779184066.567,/node/io_write_mbs,0.000000
1779184066.630,/node/io_write_mbs,0.000000
1779184066.915,/node/io_write_mbs,0.000000
1779184067.067,/node/io_write_mbs,0.000000
1779184067.130,/node/io_write_mbs,0.062540
1779184067.416,/node/io_write_mbs,0.062501
1779184067.567,/node/io_write_mbs,0.062537
1779184067.629,/node/io_write_mbs,0.000000
1779184067.917,/node/io_write_mbs,0.000000
1779184068.069,/node/io_write_mbs,0.000000
1779184068.129,/node/io_write_mbs,0.000000
1779184068.418,/node/io_write_mbs,0.031231
1779184068.567,/node/io_write_mbs,0.031249
1779184068.632,/node/io_write_mbs,0.031249
1779184068.920,/node/io_write_mbs,0.000000
1779184069.069,/node/io_write_mbs,0.000000
1779184069.132,/node/io_write_mbs,0.000000
1779184069.416,/node/io_write_mbs,0.000000
1779184069.567,/node/io_write_mbs,0.000000
1779184069.630,/node/io_write_mbs,0.000000
1779184069.918,/node/io_write_mbs,0.000000
1779184070.068,/node/io_write_mbs,0.000000
1779184070.131,/node/io_write_mbs,0.000000
1779184070.416,/node/io_write_mbs,0.000000
1779184070.567,/node/io_write_mbs,0.000000
1779184070.630,/node/io_write_mbs,0.000000
1779184070.918,/node/io_write_mbs,0.000000
1779184071.067,/node/io_write_mbs,0.000000
1779184071.131,/node/io_write_mbs,0.000000
1779184071.419,/node/io_write_mbs,0.000000
1779184071.566,/node/io_write_mbs,0.000000
1779184071.632,/node/io_write_mbs,0.000000
1779184071.917,/node/io_write_mbs,0.000000
1779184072.068,/node/io_write_mbs,0.000000
1779184072.131,/node/io_write_mbs,0.046970
1779184072.418,/node/io_write_mbs,0.046733
1779184072.567,/node/io_write_mbs,0.046898
1779184072.629,/node/io_write_mbs,0.000000
1779184072.917,/node/io_write_mbs,0.000000
1779184073.070,/node/io_write_mbs,0.000000
1779184073.131,/node/io_write_mbs,0.000000
1779184073.417,/node/io_write_mbs,0.000000
1779184073.567,/node/io_write_mbs,0.000000
1779184073.631,/node/io_write_mbs,0.000000
1779184073.922,/node/io_write_mbs,0.000000
1779184074.066,/node/io_write_mbs,0.000000
1779184074.132,/node/io_write_mbs,0.000000
1779184074.420,/node/io_write_mbs,0.000000
1779184074.569,/node/io_write_mbs,0.000000
1779184074.629,/node/io_write_mbs,0.000000
1779184074.919,/node/io_write_mbs,0.000000
1779184075.067,/node/io_write_mbs,0.000000
1779184075.129,/node/io_write_mbs,0.000000
1779184075.418,/node/io_write_mbs,0.000000
1779184075.567,/node/io_write_mbs,0.000000
1779184075.629,/node/io_write_mbs,0.000000
1779184075.918,/node/io_write_mbs,0.000000
1779184076.068,/node/io_write_mbs,0.000000
1779184076.130,/node/io_write_mbs,0.000000
1779184076.418,/node/io_write_mbs,0.000000
1779184076.567,/node/io_write_mbs,0.000000
1779184076.632,/node/io_write_mbs,0.000000
1779184076.914,/node/io_write_mbs,0.000000
1779184077.068,/node/io_write_mbs,0.000000
1779184077.132,/node/io_write_mbs,0.000000
1779184077.418,/node/io_write_mbs,0.000000
1779184077.569,/node/io_write_mbs,0.000000
1779184077.630,/node/io_write_mbs,0.000000
1779184077.917,/node/io_write_mbs,0.000000
1779184078.069,/node/io_write_mbs,0.000000
1779184078.130,/node/io_write_mbs,0.000000
1779184078.423,/node/io_write_mbs,0.000000
1779184078.568,/node/io_write_mbs,0.000000
1779184078.632,/node/io_write_mbs,0.000000
1779184078.919,/node/io_write_mbs,0.000000
1779184079.067,/node/io_write_mbs,0.000000
1779184079.132,/node/io_write_mbs,0.000000
1779184079.418,/node/io_write_mbs,0.000000
1779184079.567,/node/io_write_mbs,0.000000
1779184079.631,/node/io_write_mbs,0.000000
1779184079.917,/node/io_write_mbs,0.000000
1779184080.067,/node/io_write_mbs,0.000000
1779184080.131,/node/io_write_mbs,0.000000
1779184080.419,/node/io_write_mbs,0.000000
1779184080.568,/node/io_write_mbs,0.000000
1779184080.633,/node/io_write_mbs,0.000000
1779184080.917,/node/io_write_mbs,0.000000
1779184081.068,/node/io_write_mbs,0.000000
1779184081.131,/node/io_write_mbs,0.000000
1779184081.418,/node/io_write_mbs,0.000000
1779184081.569,/node/io_write_mbs,0.000000
1779184081.629,/node/io_write_mbs,0.000000
1779184081.915,/node/io_write_mbs,0.000000
1779184082.068,/node/io_write_mbs,0.000000
1779184082.131,/node/io_write_mbs,0.046905
1779184082.418,/node/io_write_mbs,0.046939
1779184082.569,/node/io_write_mbs,0.046878
1779184082.631,/node/io_write_mbs,0.000000
1779184082.918,/node/io_write_mbs,0.000000
1779184083.067,/node/io_write_mbs,0.000000
1779184083.129,/node/io_write_mbs,0.000000
1779184083.418,/node/io_write_mbs,0.000000
1779184083.569,/node/io_write_mbs,0.000000
1779184083.632,/node/io_write_mbs,0.000000
1779184083.917,/node/io_write_mbs,0.000000
1779184084.067,/node/io_write_mbs,0.000000
1779184084.132,/node/io_write_mbs,0.000000
1779184084.416,/node/io_write_mbs,0.000000
1779184084.567,/node/io_write_mbs,0.000000
1779184084.630,/node/io_write_mbs,0.000000
1779184084.916,/node/io_write_mbs,0.000000
1779184085.067,/node/io_write_mbs,0.000000
1779184085.141,/node/io_write_mbs,0.000000
1779184085.417,/node/io_write_mbs,0.000000
1779184085.567,/node/io_write_mbs,0.000000
1779184085.631,/node/io_write_mbs,0.000000
1779184085.918,/node/io_write_mbs,0.000000
1779184086.070,/node/io_write_mbs,0.000000
1779184086.131,/node/io_write_mbs,0.000000
1779184086.417,/node/io_write_mbs,0.000000
1779184086.567,/node/io_write_mbs,0.000000
1779184086.629,/node/io_write_mbs,0.000000
1779184086.914,/node/io_write_mbs,0.000000
1779184087.067,/node/io_write_mbs,0.000000
1779184087.134,/node/io_write_mbs,0.000000
1779184087.419,/node/io_write_mbs,0.000000
1779184087.570,/node/io_write_mbs,0.000000
1779184087.632,/node/io_write_mbs,0.000000
1779184087.918,/node/io_write_mbs,0.000000
1779184088.067,/node/io_write_mbs,0.000000
1779184088.131,/node/io_write_mbs,0.000000
1779184088.419,/node/io_write_mbs,0.000000
1779184088.568,/node/io_write_mbs,0.000000
1779184088.630,/node/io_write_mbs,0.000000
1779184088.918,/node/io_write_mbs,0.062609
1779184089.069,/node/io_write_mbs,0.062406
1779184089.132,/node/io_write_mbs,0.062496
1779184089.422,/node/io_write_mbs,0.000000
1779184089.567,/node/io_write_mbs,0.000000
1779184089.631,/node/io_write_mbs,0.000000
1779184089.917,/node/io_write_mbs,0.000000
1779184090.067,/node/io_write_mbs,0.000000
1779184090.129,/node/io_write_mbs,0.000000
1779184090.418,/node/io_write_mbs,0.000000
1779184090.571,/node/io_write_mbs,0.000000
1779184090.631,/node/io_write_mbs,0.000000
1779184090.917,/node/io_write_mbs,0.000000
1779184091.069,/node/io_write_mbs,0.000000
1779184091.132,/node/io_write_mbs,0.000000
1779184091.417,/node/io_write_mbs,0.000000
1779184091.569,/node/io_write_mbs,0.000000
1779184091.631,/node/io_write_mbs,0.000000
1779184091.918,/node/io_write_mbs,0.000000
1779184092.072,/node/io_write_mbs,0.000000
1779184092.133,/node/io_write_mbs,0.000000
1779184092.417,/node/io_write_mbs,0.000000
1779184092.569,/node/io_write_mbs,0.000000
1779184092.631,/node/io_write_mbs,0.000000
1779184092.917,/node/io_write_mbs,0.000000
1779184093.067,/node/io_write_mbs,0.000000
1779184093.129,/node/io_write_mbs,0.000000
1779184093.421,/node/io_write_mbs,0.000000
1779184093.569,/node/io_write_mbs,0.000000
1779184093.632,/node/io_write_mbs,0.000000
1779184093.916,/node/io_write_mbs,0.000000
1779184094.069,/node/io_write_mbs,0.000000
1779184094.130,/node/io_write_mbs,0.000000
1779184094.417,/node/io_write_mbs,0.000000
1779184094.569,/node/io_write_mbs,0.000000
1779184094.631,/node/io_write_mbs,0.000000
1779184094.929,/node/io_write_mbs,0.000000
1779184095.067,/node/io_write_mbs,0.000000
1779184095.132,/node/io_write_mbs,0.000000
1779184095.417,/node/io_write_mbs,0.000000
1779184095.576,/node/io_write_mbs,0.000000
1779184095.632,/node/io_write_mbs,0.000000
1779184095.921,/node/io_write_mbs,0.000000
1779184096.069,/node/io_write_mbs,0.000000
1779184096.130,/node/io_write_mbs,0.000000
1779184096.421,/node/io_write_mbs,0.000000
1779184096.581,/node/io_write_mbs,0.000000
1779184096.635,/node/io_write_mbs,0.000000
1779184096.915,/node/io_write_mbs,0.000000
1779184097.077,/node/io_write_mbs,0.000000
1779184097.132,/node/io_write_mbs,0.046736
1779184097.417,/node/io_write_mbs,0.046865
1779184097.570,/node/io_write_mbs,0.046768
1779184097.630,/node/io_write_mbs,0.000000
1779184097.929,/node/io_write_mbs,0.015625
1779184098.069,/node/io_write_mbs,0.015659
1779184098.134,/node/io_write_mbs,0.015591
1779184098.417,/node/io_write_mbs,0.000000
1779184098.568,/node/io_write_mbs,0.000000
1779184098.632,/node/io_write_mbs,0.000000
1779184098.919,/node/io_write_mbs,0.000000
1779184099.069,/node/io_write_mbs,0.000000
1779184099.132,/node/io_write_mbs,0.000000
1779184099.416,/node/io_write_mbs,0.000000
1779184099.567,/node/io_write_mbs,0.000000
1779184099.630,/node/io_write_mbs,0.000000
1779184099.917,/node/io_write_mbs,0.000000
1779184100.069,/node/io_write_mbs,0.000000
1779184100.130,/node/io_write_mbs,0.000000
1779184100.423,/node/io_write_mbs,0.000000
1779184100.570,/node/io_write_mbs,0.000000
1779184100.630,/node/io_write_mbs,0.000000
1779184100.922,/node/io_write_mbs,0.000000
1779184101.069,/node/io_write_mbs,0.000000
1779184101.131,/node/io_write_mbs,0.000000
1779184101.420,/node/io_write_mbs,0.000000
1779184101.569,/node/io_write_mbs,0.000000
1779184101.635,/node/io_write_mbs,0.000000
1779184101.919,/node/io_write_mbs,0.000000
1779184102.071,/node/io_write_mbs,0.000000
1779184102.134,/node/io_write_mbs,0.046940
1779184102.418,/node/io_write_mbs,0.046868
1779184102.567,/node/io_write_mbs,0.046880
1779184102.633,/node/io_write_mbs,0.000000
1779184102.919,/node/io_write_mbs,0.015624
1779184103.071,/node/io_write_mbs,0.015633
1779184103.133,/node/io_write_mbs,0.015655
1779184103.419,/node/io_write_mbs,0.000000
1779184103.570,/node/io_write_mbs,0.000000
1779184103.630,/node/io_write_mbs,0.000000
1779184103.919,/node/io_write_mbs,0.000000
1779184104.068,/node/io_write_mbs,0.000000
1779184104.130,/node/io_write_mbs,0.000000
1779184104.419,/node/io_write_mbs,0.000000
1779184104.569,/node/io_write_mbs,0.000000
1779184104.631,/node/io_write_mbs,0.000000
1779184104.919,/node/io_write_mbs,0.000000
1779184105.071,/node/io_write_mbs,0.000000
1779184105.132,/node/io_write_mbs,0.000000
1779184105.420,/node/io_write_mbs,0.000000
1779184105.568,/node/io_write_mbs,0.000000
1779184105.633,/node/io_write_mbs,0.000000
1779184105.924,/node/io_write_mbs,0.000000
1779184106.067,/node/io_write_mbs,0.000000
1779184106.133,/node/io_write_mbs,0.000000
1779184106.418,/node/io_write_mbs,0.000000
1779184106.569,/node/io_write_mbs,0.000000
1779184106.632,/node/io_write_mbs,0.000000
1779184106.915,/node/io_write_mbs,0.000000
1779184107.069,/node/io_write_mbs,0.000000
1779184107.131,/node/io_write_mbs,0.062505
1779184107.417,/node/io_write_mbs,0.062590
1779184107.569,/node/io_write_mbs,0.062502
1779184107.631,/node/io_write_mbs,0.000000
1779184107.915,/node/io_write_mbs,0.000000
1779184108.068,/node/io_write_mbs,0.000000
1779184108.131,/node/io_write_mbs,0.000000
1779184108.417,/node/io_write_mbs,0.000000
1779184108.573,/node/io_write_mbs,0.000000
1779184108.630,/node/io_write_mbs,0.000000
1779184108.917,/node/io_write_mbs,0.000000
1779184109.071,/node/io_write_mbs,0.000000
1779184109.130,/node/io_write_mbs,0.000000
1779184109.421,/node/io_write_mbs,0.000000
1779184109.569,/node/io_write_mbs,0.000000
1779184109.630,/node/io_write_mbs,0.000000
1779184109.920,/node/io_write_mbs,0.000000
1779184110.069,/node/io_write_mbs,0.000000
1779184110.132,/node/io_write_mbs,0.000000
1779184110.419,/node/io_write_mbs,0.000000
1779184110.568,/node/io_write_mbs,0.000000
1779184110.630,/node/io_write_mbs,0.000000
1779184110.919,/node/io_write_mbs,0.000000
1779184111.069,/node/io_write_mbs,0.000000
1779184111.132,/node/io_write_mbs,0.000000
1779184111.418,/node/io_write_mbs,0.000000
1779184111.569,/node/io_write_mbs,0.000000
1779184111.631,/node/io_write_mbs,0.000000
1779184111.916,/node/io_write_mbs,0.000000
1779184112.069,/node/io_write_mbs,0.000000
1779184112.130,/node/io_write_mbs,0.046876
1779184112.419,/node/io_write_mbs,0.046815
1779184112.571,/node/io_write_mbs,0.046880
1779184112.630,/node/io_write_mbs,0.000000
1779184112.919,/node/io_write_mbs,0.000000
1779184113.068,/node/io_write_mbs,0.000000
1779184113.130,/node/io_write_mbs,0.000000
1779184113.420,/node/io_write_mbs,0.000000
1779184113.568,/node/io_write_mbs,0.000000
1779184113.629,/node/io_write_mbs,0.000000
1779184113.917,/node/io_write_mbs,0.000000
1779184114.067,/node/io_write_mbs,0.000000
1779184114.131,/node/io_write_mbs,0.000000
1779184114.419,/node/io_write_mbs,0.000000
1779184114.569,/node/io_write_mbs,0.000000
1779184114.632,/node/io_write_mbs,0.000000
1779184114.919,/node/io_write_mbs,0.000000
1779184115.070,/node/io_write_mbs,0.000000
1779184115.131,/node/io_write_mbs,0.000000
1779184115.417,/node/io_write_mbs,0.000000
1779184115.571,/node/io_write_mbs,0.000000
1779184115.634,/node/io_write_mbs,0.000000
1779184115.920,/node/io_write_mbs,0.000000
1779184116.067,/node/io_write_mbs,0.000000
1779184116.128,/node/io_write_mbs,0.000000
1779184116.417,/node/io_write_mbs,0.000000
1779184116.567,/node/io_write_mbs,0.000000
1779184116.630,/node/io_write_mbs,0.000000
1779184116.917,/node/io_write_mbs,0.000000
1779184117.068,/node/io_write_mbs,0.000000
1779184117.130,/node/io_write_mbs,0.046898
1779184117.417,/node/io_write_mbs,0.046896
1779184117.571,/node/io_write_mbs,0.046952
1779184117.632,/node/io_write_mbs,0.000000
1779184117.919,/node/io_write_mbs,0.000000
1779184118.068,/node/io_write_mbs,0.000000
1779184118.133,/node/io_write_mbs,0.031228
1779184118.417,/node/io_write_mbs,0.031249
1779184118.567,/node/io_write_mbs,0.031246
1779184118.630,/node/io_write_mbs,0.000000
1779184118.919,/node/io_write_mbs,0.000000
1779184119.068,/node/io_write_mbs,0.000000
1779184119.132,/node/io_write_mbs,0.000000
1779184119.419,/node/io_write_mbs,0.000000
1779184119.570,/node/io_write_mbs,0.000000
1779184119.632,/node/io_write_mbs,0.000000
1779184119.919,/node/io_write_mbs,0.000000
1779184120.068,/node/io_write_mbs,0.000000
1779184120.133,/node/io_write_mbs,0.000000
1779184120.418,/node/io_write_mbs,0.000000
1779184120.568,/node/io_write_mbs,0.000000
1779184120.631,/node/io_write_mbs,0.000000
1779184120.916,/node/io_write_mbs,0.000000
1779184121.069,/node/io_write_mbs,0.000000
1779184121.132,/node/io_write_mbs,0.000000
1779184121.419,/node/io_write_mbs,0.000000
1779184121.568,/node/io_write_mbs,0.000000
1779184121.631,/node/io_write_mbs,0.000000
1779184121.918,/node/io_write_mbs,0.000000
1779184122.068,/node/io_write_mbs,0.000000
1779184122.130,/node/io_write_mbs,0.109623
1779184122.418,/node/io_write_mbs,0.109193
1779184122.568,/node/io_write_mbs,0.109146
1779184122.632,/node/io_write_mbs,0.000000
1779184122.918,/node/io_write_mbs,0.000000
1779184123.068,/node/io_write_mbs,0.000000
1779184123.131,/node/io_write_mbs,0.000000
1779184123.417,/node/io_write_mbs,0.000000
1779184123.568,/node/io_write_mbs,0.000000
1779184123.635,/node/io_write_mbs,0.000000
1779184123.919,/node/io_write_mbs,0.000000
1779184124.067,/node/io_write_mbs,0.000000
1779184124.137,/node/io_write_mbs,0.000000
1779184124.419,/node/io_write_mbs,0.000000
1779184124.570,/node/io_write_mbs,0.000000
1779184124.633,/node/io_write_mbs,0.000000
1779184124.919,/node/io_write_mbs,0.000000
1779184125.068,/node/io_write_mbs,0.000000
1779184125.141,/node/io_write_mbs,0.000000
1779184125.418,/node/io_write_mbs,0.000000
1779184125.568,/node/io_write_mbs,0.000000
1779184125.630,/node/io_write_mbs,0.000000
1779184125.923,/node/io_write_mbs,0.000000
1779184126.068,/node/io_write_mbs,0.000000
1779184126.133,/node/io_write_mbs,0.000000
1779184126.417,/node/io_write_mbs,0.000000
1779184126.568,/node/io_write_mbs,0.000000
1779184126.631,/node/io_write_mbs,0.000000
1779184126.915,/node/io_write_mbs,0.000000
1779184127.068,/node/io_write_mbs,0.000000
1779184127.134,/node/io_write_mbs,0.062557
1779184127.419,/node/io_write_mbs,0.062561
1779184127.568,/node/io_write_mbs,0.062492
1779184127.631,/node/io_write_mbs,0.000000
1779184127.918,/node/io_write_mbs,0.000000
1779184128.069,/node/io_write_mbs,0.000000
1779184128.135,/node/io_write_mbs,0.000000
1779184128.420,/node/io_write_mbs,0.000000
1779184128.568,/node/io_write_mbs,0.000000
1779184128.633,/node/io_write_mbs,0.000000
1779184128.919,/node/io_write_mbs,0.000000
1779184129.068,/node/io_write_mbs,0.000000
1779184129.130,/node/io_write_mbs,0.000000
1779184129.415,/node/io_write_mbs,0.000000
1779184129.568,/node/io_write_mbs,0.000000
1779184129.631,/node/io_write_mbs,0.000000
1779184129.919,/node/io_write_mbs,0.000000
1779184130.070,/node/io_write_mbs,0.000000
1779184130.130,/node/io_write_mbs,0.000000
1779184130.420,/node/io_write_mbs,0.000000
1779184130.570,/node/io_write_mbs,0.000000
1779184130.630,/node/io_write_mbs,0.000000
1779184130.916,/node/io_write_mbs,0.000000
1779184131.068,/node/io_write_mbs,0.000000
1779184131.131,/node/io_write_mbs,0.000000
1779184131.418,/node/io_write_mbs,0.000000
1779184131.568,/node/io_write_mbs,0.000000
1779184131.634,/node/io_write_mbs,0.000000
1779184131.918,/node/io_write_mbs,0.000000
1779184132.070,/node/io_write_mbs,0.000000
1779184132.130,/node/io_write_mbs,0.046880
1779184132.418,/node/io_write_mbs,0.046886
1779184132.568,/node/io_write_mbs,0.046935
1779184132.630,/node/io_write_mbs,0.000000
1779184132.918,/node/io_write_mbs,0.000000
1779184133.070,/node/io_write_mbs,0.031210
1779184133.133,/node/io_write_mbs,0.031263
1779184133.418,/node/io_write_mbs,0.031232
1779184133.568,/node/io_write_mbs,0.000000
1779184133.631,/node/io_write_mbs,0.000000
1779184133.918,/node/io_write_mbs,0.000000
1779184134.066,/node/io_write_mbs,0.000000
1779184134.132,/node/io_write_mbs,0.000000
1779184134.418,/node/io_write_mbs,0.000000
1779184134.570,/node/io_write_mbs,0.000000
1779184134.632,/node/io_write_mbs,0.000000
1779184134.918,/node/io_write_mbs,0.000000
1779184135.070,/node/io_write_mbs,0.000000
1779184135.130,/node/io_write_mbs,0.000000
1779184135.418,/node/io_write_mbs,0.000000
1779184135.568,/node/io_write_mbs,0.000000
1779184135.635,/node/io_write_mbs,0.000000
1779184135.918,/node/io_write_mbs,0.000000
1779184136.069,/node/io_write_mbs,0.000000
1779184136.134,/node/io_write_mbs,0.000000
1779184136.419,/node/io_write_mbs,0.000000
1779184136.570,/node/io_write_mbs,0.000000
1779184136.632,/node/io_write_mbs,0.000000
1779184136.917,/node/io_write_mbs,0.000000
1779184137.066,/node/io_write_mbs,0.000000
1779184137.133,/node/io_write_mbs,0.093750
1779184137.419,/node/io_write_mbs,0.093775
1779184137.569,/node/io_write_mbs,0.093524
1779184137.632,/node/io_write_mbs,0.000000
1779184137.918,/node/io_write_mbs,0.000000
1779184138.070,/node/io_write_mbs,0.000000
1779184138.132,/node/io_write_mbs,0.000000
1779184138.426,/node/io_write_mbs,0.000000
1779184138.578,/node/io_write_mbs,0.109132
1779184138.632,/node/io_write_mbs,0.109585
1779184138.920,/node/io_write_mbs,0.109335
1779184139.069,/node/io_write_mbs,0.000000
1779184139.132,/node/io_write_mbs,0.000000
1779184139.419,/node/io_write_mbs,0.000000
1779184139.567,/node/io_write_mbs,0.000000
1779184139.630,/node/io_write_mbs,0.000000
1779184139.917,/node/io_write_mbs,0.000000
1779184140.068,/node/io_write_mbs,0.000000
1779184140.130,/node/io_write_mbs,0.000000
1779184140.419,/node/io_write_mbs,0.000000
1779184140.570,/node/io_write_mbs,0.000000
1779184140.632,/node/io_write_mbs,0.000000
1779184140.919,/node/io_write_mbs,0.000000
1779184141.070,/node/io_write_mbs,0.000000
1779184141.132,/node/io_write_mbs,0.000000
1779184141.419,/node/io_write_mbs,0.000000
1779184141.572,/node/io_write_mbs,0.000000
1779184141.631,/node/io_write_mbs,0.000000
1779184141.917,/node/io_write_mbs,0.000000
1779184142.069,/node/io_write_mbs,0.000000
1779184142.130,/node/io_write_mbs,0.046977
1779184142.419,/node/io_write_mbs,0.046882
1779184142.568,/node/io_write_mbs,0.046958
1779184142.632,/node/io_write_mbs,0.000000
1779184142.921,/node/io_write_mbs,0.000000
1779184143.071,/node/io_write_mbs,0.000000
1779184143.133,/node/io_write_mbs,0.000000
1779184143.418,/node/io_write_mbs,0.000000
1779184143.570,/node/io_write_mbs,0.000000
1779184143.633,/node/io_write_mbs,0.000000
1779184143.918,/node/io_write_mbs,0.000000
1779184144.068,/node/io_write_mbs,0.000000
1779184144.134,/node/io_write_mbs,0.000000
1779184144.418,/node/io_write_mbs,0.000000
1779184144.568,/node/io_write_mbs,0.000000
1779184144.631,/node/io_write_mbs,0.000000
1779184144.918,/node/io_write_mbs,0.000000
1779184145.069,/node/io_write_mbs,0.000000
1779184145.132,/node/io_write_mbs,0.000000
1779184145.417,/node/io_write_mbs,0.000000
1779184145.568,/node/io_write_mbs,0.000000
1779184145.634,/node/io_write_mbs,0.000000
1779184145.919,/node/io_write_mbs,0.000000
1779184146.069,/node/io_write_mbs,0.000000
1779184146.142,/node/io_write_mbs,0.000000
1779184146.418,/node/io_write_mbs,0.000000
1779184146.570,/node/io_write_mbs,0.000000
1779184146.634,/node/io_write_mbs,0.000000
1779184146.916,/node/io_write_mbs,0.000000
1779184147.070,/node/io_write_mbs,0.000000
1779184147.132,/node/io_write_mbs,0.062373
1779184147.420,/node/io_write_mbs,0.062442
1779184147.570,/node/io_write_mbs,0.062427
1779184147.632,/node/io_write_mbs,0.000000
1779184147.917,/node/io_write_mbs,0.000000
1779184148.068,/node/io_write_mbs,0.000000
1779184148.132,/node/io_write_mbs,0.000000
1779184148.418,/node/io_write_mbs,0.000000
1779184148.568,/node/io_write_mbs,0.000000
1779184148.633,/node/io_write_mbs,0.000000
1779184148.918,/node/io_write_mbs,0.000000
1779184149.070,/node/io_write_mbs,0.000000
1779184149.133,/node/io_write_mbs,0.000000
1779184149.421,/node/io_write_mbs,0.000000
1779184149.568,/node/io_write_mbs,0.000000
1779184149.634,/node/io_write_mbs,0.000000
1779184149.918,/node/io_write_mbs,0.000000
1779184150.070,/node/io_write_mbs,0.000000
1779184150.132,/node/io_write_mbs,0.000000
1779184150.418,/node/io_write_mbs,0.000000
1779184150.568,/node/io_write_mbs,0.000000
1779184150.631,/node/io_write_mbs,0.000000
1779184150.918,/node/io_write_mbs,0.000000
1779184151.068,/node/io_write_mbs,0.000000
1779184151.132,/node/io_write_mbs,0.000000
1779184151.418,/node/io_write_mbs,0.000000
1779184151.571,/node/io_write_mbs,0.000000
1779184151.632,/node/io_write_mbs,0.000000
1779184151.920,/node/io_write_mbs,0.000000
1779184152.068,/node/io_write_mbs,0.000000
1779184152.132,/node/io_write_mbs,0.046903
1779184152.418,/node/io_write_mbs,0.046865
1779184152.568,/node/io_write_mbs,0.046950
1779184152.632,/node/io_write_mbs,0.000000
1779184152.919,/node/io_write_mbs,0.000000
1779184153.070,/node/io_write_mbs,0.000000
1779184153.132,/node/io_write_mbs,0.000000
1779184153.418,/node/io_write_mbs,0.000000
1779184153.569,/node/io_write_mbs,0.000000
1779184153.635,/node/io_write_mbs,0.000000
1779184153.918,/node/io_write_mbs,0.015626
1779184154.072,/node/io_write_mbs,0.015625
1779184154.130,/node/io_write_mbs,0.015624
1779184154.419,/node/io_write_mbs,0.000000
1779184154.568,/node/io_write_mbs,0.000000
1779184154.632,/node/io_write_mbs,0.000000
1779184154.918,/node/io_write_mbs,0.000000
1779184155.070,/node/io_write_mbs,0.000000
1779184155.132,/node/io_write_mbs,0.000000
1779184155.418,/node/io_write_mbs,0.000000
1779184155.570,/node/io_write_mbs,0.000000
1779184155.632,/node/io_write_mbs,0.000000
1779184155.918,/node/io_write_mbs,0.000000
1779184156.068,/node/io_write_mbs,0.000000
1779184156.133,/node/io_write_mbs,0.000000
1779184156.418,/node/io_write_mbs,0.000000
1779184156.570,/node/io_write_mbs,0.000000
1779184156.632,/node/io_write_mbs,0.000000
1779184156.917,/node/io_write_mbs,0.000000
1779184157.070,/node/io_write_mbs,0.000000
1779184157.135,/node/io_write_mbs,0.046826
1779184157.419,/node/io_write_mbs,0.046747
1779184157.570,/node/io_write_mbs,0.046919
1779184157.632,/node/io_write_mbs,0.000000
1779184157.922,/node/io_write_mbs,0.000000
1779184158.070,/node/io_write_mbs,0.000000
1779184158.132,/node/io_write_mbs,0.000000
1779184158.418,/node/io_write_mbs,0.000000
1779184158.568,/node/io_write_mbs,0.000000
1779184158.632,/node/io_write_mbs,0.000000
1779184158.923,/node/io_write_mbs,0.000000
1779184159.070,/node/io_write_mbs,0.000000
1779184159.132,/node/io_write_mbs,0.000000
1779184159.417,/node/io_write_mbs,0.000000
1779184159.570,/node/io_write_mbs,0.000000
1779184159.632,/node/io_write_mbs,0.000000
1779184159.919,/node/io_write_mbs,0.000000
1779184160.070,/node/io_write_mbs,0.000000
1779184160.132,/node/io_write_mbs,0.000000
1779184160.418,/node/io_write_mbs,0.000000
1779184160.568,/node/io_write_mbs,0.000000
1779184160.631,/node/io_write_mbs,0.000000
1779184160.922,/node/io_write_mbs,0.000000
1779184161.069,/node/io_write_mbs,0.000000
1779184161.132,/node/io_write_mbs,0.000000
1779184161.418,/node/io_write_mbs,0.000000
1779184161.570,/node/io_write_mbs,0.000000
1779184161.634,/node/io_write_mbs,0.000000
1779184161.918,/node/io_write_mbs,0.000000
1779184162.070,/node/io_write_mbs,0.000000
1779184162.134,/node/io_write_mbs,0.046872
1779184162.418,/node/io_write_mbs,0.046882
1779184162.570,/node/io_write_mbs,0.046918
1779184162.635,/node/io_write_mbs,0.000000
1779184162.921,/node/io_write_mbs,0.000000
1779184163.074,/node/io_write_mbs,0.000000
1779184163.132,/node/io_write_mbs,0.000000
1779184163.419,/node/io_write_mbs,0.000000
1779184163.570,/node/io_write_mbs,0.000000
1779184163.631,/node/io_write_mbs,0.000000
1779184163.920,/node/io_write_mbs,0.000000
1779184164.067,/node/io_write_mbs,0.000000
1779184164.134,/node/io_write_mbs,0.000000
1779184164.417,/node/io_write_mbs,0.000000
1779184164.570,/node/io_write_mbs,0.000000
1779184164.634,/node/io_write_mbs,0.000000
1779184164.919,/node/io_write_mbs,0.000000
1779184165.069,/node/io_write_mbs,0.000000
1779184165.132,/node/io_write_mbs,0.000000
1779184165.418,/node/io_write_mbs,0.000000
1779184165.572,/node/io_write_mbs,0.000000
1779184165.632,/node/io_write_mbs,0.000000
1779184165.918,/node/io_write_mbs,0.000000
1779184166.070,/node/io_write_mbs,0.000000
1779184166.131,/node/io_write_mbs,0.000000
1779184166.420,/node/io_write_mbs,0.000000
1779184166.572,/node/io_write_mbs,0.000000
1779184166.632,/node/io_write_mbs,0.000000
1779184166.916,/node/io_write_mbs,0.000000
1779184167.072,/node/io_write_mbs,0.000000
1779184167.134,/node/io_write_mbs,0.062718
1779184167.418,/node/io_write_mbs,0.062495
1779184167.571,/node/io_write_mbs,0.062637
1779184167.632,/node/io_write_mbs,0.000000
1779184167.919,/node/io_write_mbs,0.015630
1779184168.072,/node/io_write_mbs,0.015625
1779184168.131,/node/io_write_mbs,0.015654
1779184168.419,/node/io_write_mbs,0.000000
1779184168.568,/node/io_write_mbs,0.000000
1779184168.631,/node/io_write_mbs,0.000000
1779184168.918,/node/io_write_mbs,0.000000
1779184169.072,/node/io_write_mbs,0.000000
1779184169.133,/node/io_write_mbs,0.000000
1779184169.421,/node/io_write_mbs,0.000000
1779184169.570,/node/io_write_mbs,0.000000
1779184169.632,/node/io_write_mbs,0.000000
1779184169.918,/node/io_write_mbs,0.000000
1779184170.069,/node/io_write_mbs,0.000000
1779184170.131,/node/io_write_mbs,0.000000
1779184170.419,/node/io_write_mbs,0.000000
1779184170.570,/node/io_write_mbs,0.000000
1779184170.632,/node/io_write_mbs,0.000000
1779184170.918,/node/io_write_mbs,0.000000
1779184171.071,/node/io_write_mbs,0.000000
1779184171.131,/node/io_write_mbs,0.000000
1779184171.419,/node/io_write_mbs,0.000000
1779184171.570,/node/io_write_mbs,0.000000
1779184171.631,/node/io_write_mbs,0.000000
1779184171.919,/node/io_write_mbs,0.000000
1779184172.069,/node/io_write_mbs,0.000000
1779184172.133,/node/io_write_mbs,0.046809
1779184172.420,/node/io_write_mbs,0.046900
1779184172.570,/node/io_write_mbs,0.046873
1779184172.631,/node/io_write_mbs,0.000000
1779184172.924,/node/io_write_mbs,0.000000
1779184173.069,/node/io_write_mbs,0.000000
1779184173.131,/node/io_write_mbs,0.000000
1779184173.418,/node/io_write_mbs,0.000000
1779184173.570,/node/io_write_mbs,0.000000
1779184173.631,/node/io_write_mbs,0.000000
1779184173.919,/node/io_write_mbs,0.000000
1779184174.072,/node/io_write_mbs,0.000000
1779184174.131,/node/io_write_mbs,0.000000
1779184174.416,/node/io_write_mbs,0.000000
1779184174.572,/node/io_write_mbs,0.000000
1779184174.631,/node/io_write_mbs,0.000000
1779184174.920,/node/io_write_mbs,0.000000
1779184175.070,/node/io_write_mbs,0.000000
1779184175.131,/node/io_write_mbs,0.000000
1779184175.420,/node/io_write_mbs,0.000000
1779184175.571,/node/io_write_mbs,0.000000
1779184175.632,/node/io_write_mbs,0.000000
1779184175.919,/node/io_write_mbs,0.000000
1779184176.069,/node/io_write_mbs,0.000000
1779184176.129,/node/io_write_mbs,0.000000
1779184176.419,/node/io_write_mbs,0.000000
1779184176.569,/node/io_write_mbs,0.000000
1779184176.633,/node/io_write_mbs,0.000000
1779184176.916,/node/io_write_mbs,0.000000
1779184177.069,/node/io_write_mbs,0.000000
1779184177.131,/node/io_write_mbs,0.047002
1779184177.419,/node/io_write_mbs,0.046771
1779184177.569,/node/io_write_mbs,0.046878
1779184177.634,/node/io_write_mbs,0.000000
1779184177.918,/node/io_write_mbs,0.000000
1779184178.071,/node/io_write_mbs,0.000000
1779184178.131,/node/io_write_mbs,0.000000
1779184178.418,/node/io_write_mbs,0.000000
1779184178.569,/node/io_write_mbs,0.000000
1779184178.634,/node/io_write_mbs,0.000000
1779184178.920,/node/io_write_mbs,0.000000
1779184179.069,/node/io_write_mbs,0.000000
1779184179.131,/node/io_write_mbs,0.000000
1779184179.419,/node/io_write_mbs,0.000000
1779184179.569,/node/io_write_mbs,0.015631
1779184179.631,/node/io_write_mbs,0.015612
1779184179.919,/node/io_write_mbs,0.015627
1779184180.071,/node/io_write_mbs,0.000000
1779184180.135,/node/io_write_mbs,0.000000
1779184180.418,/node/io_write_mbs,0.000000
1779184180.569,/node/io_write_mbs,0.000000
1779184180.634,/node/io_write_mbs,0.000000
1779184180.920,/node/io_write_mbs,0.000000
1779184181.068,/node/io_write_mbs,0.000000
1779184181.129,/node/io_write_mbs,0.000000
1779184181.423,/node/io_write_mbs,0.000000
1779184181.569,/node/io_write_mbs,0.000000
1779184181.633,/node/io_write_mbs,0.000000
1779184181.920,/node/io_write_mbs,0.000000
1779184182.070,/node/io_write_mbs,0.000000
1779184182.131,/node/io_write_mbs,0.046932
1779184182.418,/node/io_write_mbs,0.046896
1779184182.570,/node/io_write_mbs,0.046846
1779184182.631,/node/io_write_mbs,0.000000
1779184182.918,/node/io_write_mbs,0.000000
1779184183.069,/node/io_write_mbs,0.000000
1779184183.131,/node/io_write_mbs,0.000000
1779184183.422,/node/io_write_mbs,0.000000
1779184183.569,/node/io_write_mbs,0.000000
1779184183.632,/node/io_write_mbs,0.000000
1779184183.923,/node/io_write_mbs,0.000000
1779184184.072,/node/io_write_mbs,0.000000
1779184184.132,/node/io_write_mbs,0.000000
1779184184.418,/node/io_write_mbs,0.000000
1779184184.572,/node/io_write_mbs,0.000000
1779184184.632,/node/io_write_mbs,0.000000
1779184184.918,/node/io_write_mbs,0.000000
1779184185.069,/node/io_write_mbs,0.000000
1779184185.132,/node/io_write_mbs,0.000000
1779184185.420,/node/io_write_mbs,0.000000
1779184185.570,/node/io_write_mbs,0.000000
1779184185.633,/node/io_write_mbs,0.000000
1779184185.920,/node/io_write_mbs,0.000000
1779184186.069,/node/io_write_mbs,0.000000
1779184186.131,/node/io_write_mbs,0.000000
1779184186.419,/node/io_write_mbs,0.000000
1779184186.569,/node/io_write_mbs,0.000000
1779184186.631,/node/io_write_mbs,0.000000
1779184186.918,/node/io_write_mbs,0.000000
1779184187.072,/node/io_write_mbs,0.000000
1779184187.135,/node/io_write_mbs,0.062589
1779184187.420,/node/io_write_mbs,0.062542
1779184187.573,/node/io_write_mbs,0.062516
1779184187.631,/node/io_write_mbs,0.000000
1779184187.920,/node/io_write_mbs,0.000000
1779184188.069,/node/io_write_mbs,0.000000
1779184188.131,/node/io_write_mbs,0.000000
1779184188.420,/node/io_write_mbs,0.000000
1779184188.569,/node/io_write_mbs,0.000000
1779184188.631,/node/io_write_mbs,0.000000
1779184188.920,/node/io_write_mbs,0.000000
