recv_unix,inference_ms
1774004997.6457262,4429.67333984375
1774004998.504504,845.8488159179688
1774005000.5201616,1487.0570068359375
1774005001.8565347,1313.5020751953125
1774005003.4939735,1534.788818359375
