{
  "elapsed_s": 20.02426815032959,
  "latency": {
    "samples": 5,
    "avg_ms": 2807.296533203125,
    "p50_ms": 3019.26416015625,
    "p95_ms": 4243.5515625,
    "jitter_p95_p50_ms": 1224.2874023437498,
    "first_sample_unix": 1774004997.6443639,
    "last_sample_unix": 1774005003.4924405
  },
  "inference": {
    "samples": 5,
    "avg_ms": 1922.1740112304688,
    "p50_ms": 1487.0570068359375,
    "p95_ms": 3850.6964355468745,
    "jitter_p95_p50_ms": 2363.639428710937,
    "first_sample_unix": 1774004997.6457262,
    "last_sample_unix": 1774005003.4939735
  },
  "effective_fps": 0.24969701576422917
}