{
  "elapsed_s": 25.025938749313354,
  "latency": {
    "samples": 29,
    "avg_ms": 2908.3613891601562,
    "p50_ms": 1642.7008056640625,
    "p95_ms": 9944.7701171875,
    "jitter_p95_p50_ms": 8302.069311523437,
    "first_sample_unix": 1773996837.4185464,
    "last_sample_unix": 1773996860.7475762
  },
  "inference": {
    "samples": 29,
    "avg_ms": 2214.020025845232,
    "p50_ms": 1283.8331298828125,
    "p95_ms": 4582.11767578125,
    "jitter_p95_p50_ms": 3298.2845458984375,
    "first_sample_unix": 1773996837.438123,
    "last_sample_unix": 1773996860.7491903
  },
  "effective_fps": 1.158797689489098
}